yyyymm,AM,AbnormalAccruals,Accruals,AnalystRevision,AnnouncementReturn,AssetGrowth,BM,BMdec,BPEBM,Beta,BetaLiquidityPS,BetaTailRisk,BidAskSpread,BookLeverage,CBOperProf,CF,Cash,CashProd,ChAssetTurnover,ChEQ,ChInv,ChInvIA,ChNNCOA,ChNWC,ChTax,CompEquIss,CompositeDebtIssuance,CoskewACX,DelCOA,DelCOL,DelEqu,DelFINL,DelLTI,DelNetFin,DolVol,EBM,EP,EarnSupBig,EarningsStreak,EarningsSurprise,EntMult,EquityDuration,ExclExp,FEPS,ForecastDispersion,GP,Herf,HerfBE,IdioVol3F,IdioVolAHT,Illiquidity,IndMom,IndRetBig,IntMom,IntanBM,IntanCFP,IntanEP,IntanSP,InvGrowth,InvestPPEInv,Investment,LRreversal,Leverage,MaxRet,MeanRankRevGrowth,Mom12m,Mom12mOffSeason,Mom6m,MomOffSeason,MomOffSeason06YrPlus,MomSeason,MomSeason06YrPlus,MomSeason11YrPlus,MomSeasonShort,NOA,NetDebtFinance,NetDebtPrice,NetEquityFinance,NetPayoutYield,OPLeverage,PctAcc,PctTotAcc,Price,PriceDelayRsq,RD,RDS,REV6,RealizedVol,ResidualMomentum,ReturnSkew,ReturnSkew3F,RevenueSurprise,RoE,STreversal,ShareIss1Y,ShareIss5Y,Size,Tax,TotalAccruals,TrendFactor,VolSD,XFIN,betaVIX,cfp,dNoa,grcapx,grcapx3y,hire,roaq,std_turn,zerotrade12M,zerotrade1M,zerotrade6M
200001,0.0,0.006649888368270614,0.003346879056975509,0.0007828128074025036,0.008955401996600332,0.0058560780659443696,0.0015301840417552633,0.0,0.0015205109134858155,0.008889893651677602,0.0010284983998214983,0.0011431480763202018,0.009398624933020048,0.014956257797506523,0.0,0.011667172904266516,0.012500387644178358,0.0,0.0034910678262081666,0.004030929190615045,0.0009569345739939516,0.002340738939546483,0.0031699322907287747,0.0,0.0016993589118637156,0.0,0.0,0.0,0.006061596198606245,0.002675171675896932,0.0,0.0,0.002347128304394155,0.0018383228272620693,0.007608263035443501,7.351071980563856e-05,0.006510254735812934,0.0,0.0,0.0,0.0014921050488911358,0.0,0.0,0.013117208900943375,0.0,0.009842764534105751,0.0030478341096541748,0.0,0.02621991371689198,0.008581475590057876,0.0009193397510711534,0.0011491194043839064,0.017941611143582614,0.0,0.0020516815117404188,0.0,0.007425140278553161,0.0,0.0,0.0051062387402960666,0.01029097397833987,0.0007407472795954972,0.017103069918133592,0.0,0.002388881649184386,0.006664647921065743,0.030374660561009716,0.015262300780907333,0.0,0.00874934871012885,0.01868895869871495,0.014273041933596672,0.0013502020151760392,0.009643861255292284,0.010128100963260377,0.003186897132993793,0.0,0.0,9.328749751202824e-05,0.0,9.662099923068721e-05,0.004716904867293701,0.0,0.0014377319075474023,0.008279709612114775,0.0,0.007216271011910455,0.0,0.007107504674887977,0.0035739563101307237,0.008125008282246264,0.004420360907483645,0.005273132242713703,0.003296324988134152,0.005412552252673365,0.002925705371198022,0.020350936082639638,0.0,0.000845914519357274,0.017201972547522912,0.0040602629575755625,0.0,0.017307726553974553,0.0020567984193294556,0.0,0.0,0.00039005540259468057,0.009426646761466043,0.0024532885127658325,0.0,0.0,0.027810625448750306,0.03723798080278164
200002,0.0,0.005323784899786477,0.001276528895626051,0.00017377942730407945,0.009051234960954136,0.006445173827745367,0.0010811451741877854,0.0,0.0027269529398761066,0.008283840338361676,0.0007817940137551091,0.003636457426181822,0.001694686905799894,0.014815846596418264,0.0001727177296420147,0.010266039771812351,0.013137562803460363,0.0,0.003818143746899226,0.005322196937136469,0.001381446771558896,0.0014483664478159748,0.0017074830256585925,0.0,0.0004191069317347316,0.0,0.0,0.00013742702352074224,0.003781898962545827,0.0031445479903400462,0.0,0.0,0.0015431420364295388,0.0008634304764740075,0.006820135189530231,0.001106203992697568,0.006151062555232217,0.0,0.0,0.001099962053472903,0.0017671926579383233,0.0,0.0,0.01309011669130551,0.001038549508203035,0.009895604762606914,0.003474032419781023,0.0,0.02728783916190803,0.006461130638534608,0.0,0.00237502087420578,0.017516663154304495,0.0,0.0013257369242876357,0.0,0.006755822990692751,0.0,0.0,0.00264906465744358,0.010519430334117362,0.003288149460629163,0.015423407524750035,0.0,0.0012920919047464858,0.0056233179841488744,0.02710041075735592,0.01690511243173668,0.0011280823975254534,0.007411317500150795,0.018621042749686255,0.01541436567744738,0.0006860342204486917,0.008117104703299653,0.008860925998896934,0.0031987929878259692,0.0,0.0,0.0,0.00020449386225414787,0.0,0.004382918605973519,0.0,0.0011183299565311622,0.0060174597021348634,8.218403856970594e-05,0.005998611411407542,0.0,0.0031974480611113095,0.002554395634292963,0.007465886014579273,0.0034285487842916607,0.004423893762126716,0.0016469395486947973,0.0055557501971682305,0.0035662448776576042,0.016040190141937305,0.0,0.0023500810977742604,0.018977438112036154,0.004992645261677306,0.0,0.017295651383752438,0.004567281903450033,0.0,0.0007751384246145798,0.0006452800816018386,0.008295424858185728,0.0017517802798895426,0.0,0.0,0.029360786062009092,0.03743699741473082
200003,0.0,0.005357084319680577,0.0021245019265533844,0.0,0.010172993169219184,0.005765466843964249,0.0016792515002758757,0.0,0.001682640472650713,0.009556429638005936,0.0005695802384539486,0.0036175155078295657,0.006992555359640811,0.017720621707021485,0.00042980413753533,0.011501860560258148,0.013039798457923324,0.0,0.004301976350846127,0.0042260928109169255,0.0010522793299867197,0.0018499433121092204,0.0045202069415033515,0.0031621282011198844,0.000477567734779551,0.0,0.0,0.0,0.002168139338938301,0.005805642813023645,0.0,0.0,0.001745172260384198,0.0038571378310191576,0.005448388437232117,0.0,0.005148128065526141,0.0,0.0,0.0006213179947110213,0.004336592849509065,0.0,0.0003024544822492254,0.014275210853626676,0.0,0.008780036378776545,0.0021586374588865066,0.0,0.040513973942070326,0.00312270854940484,0.004148954201063458,0.001497250404626098,0.01672922222051575,0.004019515469716152,0.003918278542159245,0.0,0.008586909564797462,0.0,0.0,0.002399641045937253,0.009318857171826112,0.0034543393181309928,0.020151843059347863,0.0,0.0018785213607329437,3.754461796465737e-05,0.029235383935556285,0.013485939448155246,0.0,0.007872729952113978,0.019204173404946883,0.015408602377437243,0.0009301878527753662,0.008020476155305427,0.009372962448089167,0.005967928483001373,0.0,0.0,8.687171732191457e-05,0.0,0.0,0.006366367355821235,0.0007749172105321612,0.0004080942769666618,0.0074915294832230426,0.0,0.005776757858736883,0.009403162077985345,0.002522477630720566,0.0,0.005881262208293182,0.0035246802550745167,0.004228719067000148,0.001393891989302668,0.005120700674502815,0.003715956008353989,0.02067667715683418,0.0021981608287748207,0.0006944106963692762,0.018860418611652833,0.009336232649638124,0.0,0.01842547093951184,0.0035613491126945335,0.0,0.000628620253894615,0.00030132592607055273,0.006333305037851753,0.001073629944103613,0.0,0.0,0.0369948692347976,0.04918523696610252
200004,0.0,0.005109537826551579,0.00018605960741773403,0.0,0.00970155453861455,0.005590778699767275,0.0018365199534798318,0.0,0.0012048654428965535,0.009844059215140548,0.0011653754704805549,0.0025732250474326925,0.009794766772794752,0.018299031494321726,0.0005508517382171207,0.009461412328972749,0.012595750604001385,0.0,0.003682656891685561,0.004415471833925281,0.0012490712463503967,0.001955236670328114,0.0042935086380898125,0.002267434275384326,4.0812127181224877e-05,0.0,0.0,0.0005571166162615826,0.0008032774394421513,0.005989506569278544,0.0,0.0,0.001821860696584483,0.002925421394017918,0.0,0.0,0.006135401172857914,0.0,0.0,0.0006350970556396903,0.006410343314868465,0.0,0.0005900734505775734,0.015882452472971622,0.0,0.007452512577790076,0.0011990986218509386,0.0,0.03990293376708252,0.0,0.003083151170686749,0.001901135325883955,0.017324894108544528,0.003901492327501066,0.0026486179754122503,0.0,0.008629471350043707,0.0,0.0,0.002587965873324383,0.01105252444183149,0.001062176278651283,0.019499812301431392,0.0,0.000914598093718399,0.0,0.02772785791797407,0.012796820725209875,0.0,0.006914368813314202,0.0178310209477314,0.016174113401328398,0.0,0.008525135004428893,0.009915287509399932,0.006416790589793885,0.0,0.0,1.2581944493967313e-05,0.0,0.0,0.005683849854372745,0.004190078278986019,0.0013783726076561508,0.006865578050538281,0.0,0.005258963909122436,0.0097956894647395,0.002506196816806391,0.0,0.006283540120059665,0.0035411958732131698,0.003936002458245176,0.0022783656362449496,0.005385428129231791,0.0039028631562129704,0.021835985135605963,0.0013272428920543813,0.002596909719017012,0.02026530714480282,0.010872041095430779,0.0006295629702531173,0.017656637963124694,0.004090031208472476,0.0,0.0012395060230148737,0.001359766394749546,0.00728483928013088,0.00020255080236755745,0.0,0.0,0.035499246307706296,0.04894970852800079
200005,0.0,0.005162505759920083,0.00025799923082611405,0.0,0.011198359776093838,0.006075727048608507,0.0025615756877156552,0.0,0.001209051713799958,0.010274173147051792,0.0015503802726332839,0.0037088647355490514,0.004667806013078054,0.012471154350805242,0.0,0.008112867267450894,0.01289830304411914,0.0,0.004145844867972983,0.006035340290397337,0.0020446389453818207,0.0008040334032144427,0.002871232548769669,3.437436384314043e-05,0.0,0.0,1.2343641410112236e-06,0.00022322073192941036,0.002978716171464895,0.004320821359488476,0.0,0.0,0.0012804298425929364,0.0016484721891757495,0.0,5.655516543645702e-06,0.006804626921400037,0.0,0.0,0.0010134742525578857,0.0026005947746018283,0.0,0.0005260435121642099,0.011754410969402792,0.0,0.008219350376669887,0.002306489590206881,0.0,0.032630122954474886,0.0,0.007977117794565688,0.00241051094579804,0.01733976834570212,0.0020036582647869994,0.0022186707076231223,0.0,0.007074594629415647,0.0,0.0,0.0028173022132475345,0.010773312578955764,0.0010039751176067016,0.013050784827294538,0.0,0.0004206815045542429,0.0,0.027797725741311303,0.01591721391306803,0.00229626813964256,0.006853340854155086,0.018562595386712965,0.014708443575305966,0.0,0.009865109232222564,0.008520455115656776,0.005205303766521699,0.0,0.0,0.0,0.0003054307065070168,0.0,0.0040175331828704456,0.0,0.0008305137877177385,0.004211534583908283,0.0,0.005427417320258864,0.0,0.0017618010292011306,0.0007998227056870354,0.0053846336844103546,0.0032420838551940226,0.002041830991333507,0.0015482898403355522,0.005109856136807246,0.004390569992506429,0.01108083227419772,0.0,0.003459019319810015,0.02060131015523042,0.008612133425611474,0.0,0.01623313483333461,0.003706081683539111,0.0,0.0016245225106806056,0.0017589004167943335,0.008577072498450149,0.0005228155207425371,0.0,0.0,0.03650598813438515,0.0514544730154527
200006,0.0,0.004806578870347962,0.0004886143826185659,0.0,0.011038383446683328,0.006561590461658855,0.0021401327617197826,0.0,0.0010553385867662628,0.01125728043477558,0.002626948191216418,0.0030455644108587266,0.00901430580252098,0.01201128047628584,0.0,0.006959009140685986,0.013131807043650438,0.0,0.004250700186112437,0.006570470193542296,0.001262895669205664,0.0009612450501888178,0.001640844542459965,0.0,0.0007616323120018582,0.0,0.00014358485972727468,0.0006781484567795564,0.002107301253083146,0.004319390972763845,0.0,0.0,0.0010843467492569047,0.0005425031017016646,0.0,0.0,0.0062015157450942,0.0,0.0,0.0008407205482343701,0.002790052747065456,0.0,0.0,0.011956511312971943,0.0,0.008848479958084441,0.0030323016904635755,0.0,0.03396341845039881,0.0,0.009555730903115515,0.002532064797241278,0.01713760631939963,0.002016554684911338,0.0016418112803436022,0.0,0.007715853051558169,0.0,0.0,0.003385659518671028,0.011912092299967975,0.0003295288956771118,0.012185902146363262,0.0,0.0005156165282759576,0.0,0.029550468721026787,0.014536768064391564,0.0016481441856739366,0.006787836895316473,0.018333020034621898,0.01357415977034814,0.0,0.011215047156867686,0.007990490062771508,0.004898564683125733,0.0,0.0,0.0,0.00048766050513670466,0.0,0.0034404933904512514,0.0,0.0005809894667172254,0.0038970679805471133,0.0,0.005364705763748435,0.0,0.003220670096382073,0.001081185397572894,0.005202218852246608,0.0023606580713751335,0.0021250846459820168,0.0009707917425054097,0.005680291052664821,0.0044665611694129645,0.012899787030264858,0.0,0.004507508418534179,0.018544925175872463,0.009102554205580794,0.00027984626763146955,0.015618495561481587,0.004420352903325631,0.0,0.00022989536188069626,0.0030404893570490804,0.009177422129751587,0.0,0.0,0.0,0.03726729281553209,0.05208013474598033
200007,0.0,0.004530419786618777,0.0,0.00028248420862936997,0.010843952612902092,0.00793596623086323,0.0004375726866865037,0.0,0.001603914133785133,0.011763799693698557,0.002144858237438959,0.0033691756868341697,0.0047635547245387985,0.010398766358946852,0.0,0.005286016171601949,0.012668072072586993,0.0,0.005120211357003349,0.008378893055906689,0.002779101673462289,0.0,0.0005668325537921935,0.0,0.0010330493157609034,0.0,0.0,0.0006643897609821276,0.0025368655961013203,0.004075439830261544,0.0,0.0,0.0006222873191793717,0.0,0.0,0.00030340759987969334,0.005847707651968194,0.0,0.0,0.0015508908132804203,0.0010959027329414434,0.0,0.0,0.009912345126163057,0.0,0.008896405427459923,0.003618116275597209,0.0,0.032976355185783075,0.0,0.012630287114228532,0.0033859056788571006,0.017265504034740524,0.0003814686381580498,0.000786203185856717,0.0023635403776144422,0.006431095688894582,0.000798032727748638,0.0,0.0019723207062926212,0.011523881295077887,0.0,0.010283818173043737,0.0,0.0010686732079904962,0.0,0.02813918343488978,0.014783667424973179,0.0035779161776811324,0.007179610763327192,0.01748759739092558,0.013021567599580022,0.00011998979403981039,0.010954423247266731,0.00788179474688844,0.004801540097655234,0.0,0.00012003156267966679,0.0,0.0017949885514041372,0.0,0.005116686021062316,0.0,0.00040086545538286307,0.0018321010347137799,0.0,0.004760560436997296,0.0,0.003748614811420657,0.0007604748869904089,0.005048431251187484,0.0023779130999801406,5.347752596573107e-07,0.0013477418312557912,0.005238047367741376,0.00502867829219391,0.004901147869372014,0.0,0.007065479998038612,0.020983897737452684,0.009110595894533396,0.0009703260191948477,0.013902861403617002,0.0029925329124033204,0.0,0.0008532253402410573,0.0032616001672298436,0.010253259164948677,0.0,0.0,0.0007243762921135343,0.03579696416261849,0.05178721276901045
200008,0.0,0.00467707543551249,0.0004480574877428457,0.00024278024236789106,0.010472772750428655,0.009218101555140489,0.0003886560517135616,0.0,0.0020218427434302235,0.011715189883581535,0.002147779159041543,0.0023946704433975216,0.0055532646803655005,0.01086679931359882,0.0,0.0044827596939032936,0.013730034160804651,0.0,0.004487864703213993,0.00777272392736814,0.002113432237082896,0.0,0.0009874133871300625,0.0,0.001838271244830012,0.0,0.00017800934494213678,0.0006378422213531118,0.0026065645462960145,0.0043220242158541556,0.0,0.0,0.000845701221815007,0.0003617887001410626,0.0,0.00023735586909241654,0.005396977287075906,0.0,0.0,0.0010559441144462685,0.00029855742191299686,0.0,2.636309875067108e-05,0.009970883744965391,0.0005739262044897216,0.009206183933994165,0.004003359831991638,0.0,0.03418760906816059,0.0,0.009440247146707534,0.002457277414186869,0.017796139476299492,0.0,0.00019777336950034654,0.005937768557511045,0.00590615794853673,0.0026509838965642525,0.0,0.002078566623801531,0.011769614971113023,0.0,0.010183987303777724,0.0,0.0012511041317635118,0.0,0.029379387486619703,0.015572389842593385,0.0031099653111808043,0.007486215780821484,0.01766590306009966,0.013066366612276909,0.0005973120789377643,0.011975528968216135,0.007385653686431795,0.006269568135929162,0.0,0.0,0.0,0.0015512816805089888,0.0,0.005672017401547253,0.0,2.3812850801203698e-05,0.0023347237500993007,0.00019505207808037366,0.0037793682592525625,0.0,0.004351807942822125,0.00045787831205625496,0.004998514393839466,0.0024590022984649173,0.0017211524674967853,0.0018216914916345357,0.005437446806100418,0.004867797247256802,0.007862365586928627,0.0,0.008493757048054535,0.020513295556043285,0.009604058934620434,0.0018986440869856037,0.01360960104759973,0.002447561425084856,0.0,0.0006454367119106259,0.002253073189550607,0.009975311907163003,0.0,0.0,0.004369861206675016,0.03478568579453639,0.05245437767737732
200009,0.0,0.004052953996937307,0.0007847932309841934,0.00015638135391329597,0.009860301425003389,0.008594971312445203,0.001187022677284952,0.0,0.0018184195221656414,0.012306084197966752,0.0020448961015264422,0.0024587543269330965,0.005101619821614064,0.011007602266688605,0.0,0.005707464692743341,0.013643256033473359,0.0,0.0042144890800034,0.007396783154506511,0.0013913459269127573,0.000564073003942757,0.002303954765817167,0.0,0.0020422620846095086,0.0,0.0,0.0,0.002480353322070527,0.005021502986464764,0.0,0.0,0.001233644879044109,0.0016241246524708645,0.0,0.0,0.0062889920086254625,0.0,0.0,0.0009182141781083106,0.0016206501615354857,0.0,0.0,0.01085310707610663,0.00042059286162830317,0.009669825408582116,0.004310516826371399,0.0,0.03452918728678158,0.0,0.00998896556277369,0.002662850842057209,0.018033685044821408,0.0,0.0,0.005117815449196231,0.006495936214227022,0.002369484371487831,0.0,0.002342362745825069,0.012392392031571832,0.0,0.011352379268496866,0.0,0.0008955293384255792,0.0,0.03165339001691772,0.01725516614026909,0.003578626202063366,0.007027806662956662,0.01797307670899659,0.013284676480526553,0.0,0.012392531383543104,0.006824912070821701,0.00618279859658606,0.0,0.0,0.0,0.0014794526981967593,0.00042568204271634536,0.005930642890905197,0.0,0.0,0.0027225525725770913,0.0005493971280841032,0.004315860721120217,0.0,0.004233640507321427,0.0,0.005789879669799217,0.002810333576223082,0.0026909571906145752,0.002009804813432737,0.005889978852571341,0.004560629105395927,0.0087909112156121,0.0,0.007331216398384566,0.020542654881883525,0.010007533053150221,0.0007316739275292089,0.013519877154349165,0.0029288512085054253,0.0,0.000833354928949759,0.002279114522974347,0.009893790226135062,5.1745858853663176e-05,0.0,0.0022329855392025045,0.03414859978687577,0.04921257965916118
200010,0.0,0.0028400809717106343,0.0009610809747761025,0.0005698652178294884,0.009673876648237408,0.008841839989632746,0.0018687703801166513,0.0,0.0011334834627343307,0.011284038898277657,0.002313793205283414,0.0035284873941670925,0.00851348151142289,0.011395127299465265,0.0,0.007842946479609137,0.01439545656808051,0.0,0.005370588654127833,0.008406199834554592,0.002422411994934216,0.0005993348765754767,0.002234712535582172,0.0,0.000779954823007598,0.0,0.0002748392738998838,0.0010703464483151168,0.002846459841173015,0.004216206291634943,0.0,0.0,0.001854990703817443,0.001440346908747545,0.0,0.0,0.008080575238344443,0.0,0.0,0.0017361866669022461,0.001155536026992941,0.0,0.0,0.011879267293542706,8.65670669648255e-05,0.009115701817143964,0.003586427126753644,0.0,0.0339665021972275,0.0,0.005491177514911067,0.00282438339248909,0.018789414624877748,0.0,0.0014259384012717967,0.0,0.007954571476436648,0.0010965768372096655,0.0,0.0014525439707947158,0.011907671584040408,0.0,0.010727474447904709,0.0,0.0009633717745058839,0.0,0.033419838705457484,0.018980337234497973,0.002170385718589897,0.007194777327147782,0.01915051251325683,0.014135661459202196,0.001015624110403377,0.013718930632757385,0.006603569348617474,0.005659374555766671,0.0,0.0,0.0,0.0010077123727053495,0.0016298588525231212,0.004031549932438482,0.00032944279174546394,0.0,0.0024987821698363604,0.00025782267582378517,0.004801151687825833,0.0,0.0027504346710112235,4.0846697765506705e-05,0.005175341236741551,0.0029546062796223503,0.0005734938645366057,0.0023168401735551786,0.004002793756965179,0.00360770115406326,0.014868478989766044,0.0,0.004442874452363103,0.021220136179521475,0.010343535804018625,0.0008316739859995936,0.013126685287553857,0.0034531693921725708,0.0,0.0,0.0033650171533876633,0.008925903943358243,0.0,0.0,0.004871667201264086,0.037862748171491725,0.05266063642730864
200011,0.0,0.0023204487998455935,0.001745709280629236,0.000262562313197006,0.009944470764593934,0.009248419474197496,0.0021765161999510174,0.0,0.0012519940508929977,0.012138091133084875,0.00243351198695455,0.0014278587432768044,0.015326090335712528,0.012830068163447016,0.0,0.008021268987329822,0.014655282631446217,0.0,0.005859103826507509,0.009079499449852408,0.0019455420825924565,0.0012335679384016607,0.003081748898059303,0.0,0.0006470217774364715,0.0,9.136497571123944e-05,0.0014405745045914108,0.003506005391175434,0.00424576376833709,0.0,0.0,0.0024443248693530465,0.0011564538314204655,0.0,0.0,0.009239119148289388,0.0,0.0007666440760643767,0.0014902951233208952,0.0013170811690537767,0.0,0.0,0.013100014844335338,0.0002847976457353268,0.009266397417693787,0.0037372219350274623,0.0,0.03235271712385703,0.0,0.0012240323959428951,0.0007898754416770451,0.021536505894978224,0.0,0.0028474433525073266,0.0,0.009045727189226322,0.002047026759088565,0.0,0.0019494576860291028,0.012888079165864156,0.0,0.012278025053761292,0.0018370944016383244,0.0007586487264404586,0.0,0.03578651406300528,0.02153233781429448,0.0017923520947832382,0.008360361473243219,0.019585693963182813,0.014426032382573246,0.0011806341628805938,0.014636504129761273,0.005532487365784227,0.004798240085379132,0.0,0.0,0.0,0.0014928949310251322,0.0018512716453279608,0.002825679454096378,0.005761876706610801,0.0,0.003156084051676016,0.0001124971292310807,0.005269481393734604,0.0,0.0023326213953766667,0.0,0.005365096868145952,0.003564762575360747,0.0005803391700323859,0.002575560264537209,0.0036623463030973865,0.0036281384472422558,0.02124327837906934,0.0,0.0033393698650830287,0.019630785037797017,0.011587761368926598,0.0008506640668811587,0.012042210301219573,0.003387868482178948,0.0,0.0,0.00329974765802472,0.008655204810214947,0.0013747955478951406,0.0,0.0076389032748042165,0.03959751239004457,0.055194999182090476
200012,0.0,0.0,0.0032521717859015234,0.00019467517042868937,0.011362669344686596,0.009556774260795453,0.0012390762269332365,0.0006759552949952959,0.0007977176643963668,0.01633649063433363,0.003921274596860039,0.0018612976662167491,0.024800804706951236,0.013211775424509237,0.0018702858865128405,0.01010338766999025,0.017349946799085456,0.0,0.005715439714471882,0.007375197076716141,0.0005850719611645132,0.0031200712757486447,0.0033770263584795516,0.00010952106800673312,0.00015673921521631483,0.00046514488085413645,0.0,0.003568898777107309,0.0027530643649024255,0.005969380063930665,0.007358324446780295,0.0011172673883796413,0.00402819389299923,0.0,0.0011652833573686206,0.0,0.007483374209211042,0.0,0.005866377865667168,0.0,0.0006940050192481358,0.0,0.0,0.013543887576620393,0.0,0.008003043906000568,0.004548617842987103,0.0,0.027542168917347242,0.0012293845773715803,0.0,0.0,0.024719675179150007,0.0018617625903110783,0.004425778166892157,0.0,0.010943429803089415,0.0016683742228980189,0.0,0.003996022904813049,0.01811251198844418,0.001565554513989545,0.013518733811974873,0.006726134922939573,0.0020320240975207297,0.0,0.03452516544264064,0.0185938298104404,0.0,0.01059552903440912,0.01717261746941673,0.013286048219016454,0.004117800996396608,0.015604864793611194,0.003844152361400408,0.004377983595018147,0.0,0.0,0.0,0.0011781341017783708,0.0,0.0006221869546639862,0.013648373411830514,0.0,0.006035282049897484,0.0005697169388089233,0.007370901873114598,0.0,0.0024158364124482403,0.0,0.006356210930759402,0.005700617180135477,0.0016561442767733642,0.00655943139325326,0.003574779928203348,0.004149339327081065,0.029734554533567093,0.0006673803580576813,0.004822058488934349,0.023913516255719792,0.014535225224087742,0.0013981653015264354,0.013160682670875614,0.005512413483852535,0.002199714423490678,0.0,0.005149180514213333,0.00790390345748899,0.004470962821144712,0.0,0.006513118890169108,0.03964704178074634,0.05538202062529981
200101,0.0,0.0,0.0,0.0,0.0,0.0,0.0,0.0,0.0,0.0,0.0,0.0,0.0,0.0,0.0,0.0,0.0,0.0,0.0,0.0,0.0,0.0,0.0,0.0,0.0,0.0,0.0,0.0,0.0,0.0,0.0,0.0,0.0,0.0,0.0,0.0,0.0,0.0,0.0,0.0,0.0,0.0,0.0,0.0,0.0,0.0,0.0,0.0,0.0,0.0,0.0,0.0,0.0,0.0,0.0,0.0,0.0,0.0,0.0,0.0,0.0,0.0,0.0,0.0,0.0,0.0,0.0,0.0,0.0,0.0,0.0,0.0,0.0,0.0,0.0,0.0,0.0,0.0,0.0,0.0,0.0,0.0,0.0,0.0,0.0,0.0,0.0,0.0,0.0,0.0,0.0,0.0,0.0,0.0,0.0,0.0,0.0,0.0,0.0,0.0,0.0,0.0,0.0,0.0,0.0,0.0,0.0,0.0,0.0,0.0,0.0,0.0,0.0
200102,0.0,0.0,0.0,0.0,0.0,0.0,0.0,0.0,0.0,0.0,0.0,0.0,0.0,0.0,0.0,0.0,0.0,0.0,0.0,0.0,0.0,0.0,0.0,0.0,0.0,0.0,0.0,0.0,0.0,0.0,0.0,0.0,0.0,0.0,0.0,0.0,0.0,0.0,0.0,0.0,0.0,0.0,0.0,0.0,0.0,0.0,0.0,0.0,0.0,0.0,0.0,0.0,0.0,0.0,0.0,0.0,0.0,0.0,0.0,0.0,0.0,0.0,0.0,0.0,0.0,0.0,0.0,0.0,0.0,0.0,0.0,0.0,0.0,0.0,0.0,0.0,0.0,0.0,0.0,0.0,0.0,0.0,0.0,0.0,0.0,0.0,0.0,0.0,0.0,0.0,0.0,0.0,0.0,0.0,0.0,0.0,0.0,0.0,0.0,0.0,0.0,0.0,0.0,0.0,0.0,0.0,0.0,0.0,0.0,0.0,0.0,0.0,0.0
200103,0.0,0.0,0.0,0.0,0.0,0.0,0.0,0.0,0.0,0.0,0.0,0.0,0.0,0.0,0.0,0.0,0.0,0.0,0.0,0.0,0.0,0.0,0.0,0.0,0.0,0.0,0.0,0.0,0.0,0.0,0.0,0.0,0.0,0.0,0.0,0.0,0.0,0.0,0.0,0.0,0.0,0.0,0.0,0.0,0.0,0.0,0.0,0.0,0.0,0.0,0.0,0.0,0.0,0.0,0.0,0.0,0.0,0.0,0.0,0.0,0.0,0.0,0.0,0.0,0.0,0.0,0.0,0.0,0.0,0.0,0.0,0.0,0.0,0.0,0.0,0.0,0.0,0.0,0.0,0.0,0.0,0.0,0.0,0.0,0.0,0.0,0.0,0.0,0.0,0.0,0.0,0.0,0.0,0.0,0.0,0.0,0.0,0.0,0.0,0.0,0.0,0.0,0.0,0.0,0.0,0.0,0.0,0.0,0.0,0.0,0.0,0.0,0.0
200104,0.0,0.0,0.0,0.0,0.0,0.0,0.0,0.0,0.0,0.0,0.0,0.0,0.0,0.0,0.0,0.0,0.0,0.0,0.0,0.0,0.0,0.0,0.0,0.0,0.0,0.0,0.0,0.0,0.0,0.0,0.0,0.0,0.0,0.0,0.0,0.0,0.0,0.0,0.0,0.0,0.0,0.0,0.0,0.0,0.0,0.0,0.0,0.0,0.0,0.0,0.0,0.0,0.0,0.0,0.0,0.0,0.0,0.0,0.0,0.0,0.0,0.0,0.0,0.0,0.0,0.0,0.0,0.0,0.0,0.0,0.0,0.0,0.0,0.0,0.0,0.0,0.0,0.0,0.0,0.0,0.0,0.0,0.0,0.0,0.0,0.0,0.0,0.0,0.0,0.0,0.0,0.0,0.0,0.0,0.0,0.0,0.0,0.0,0.0,0.0,0.0,0.0,0.0,0.0,0.0,0.0,0.0,0.0,0.0,0.0,0.0,0.0,0.0
200105,0.0,0.0,0.0,0.0,0.0,0.0,0.0,0.0,0.0,0.0,0.0,0.0,0.0,0.0,0.0,0.0,0.0,0.0,0.0,0.0,0.0,0.0,0.0,0.0,0.0,0.0,0.0,0.0,0.0,0.0,0.0,0.0,0.0,0.0,0.0,0.0,0.0,0.0,0.0,0.0,0.0,0.0,0.0,0.0,0.0,0.0,0.0,0.0,0.0,0.0,0.0,0.0,0.0,0.0,0.0,0.0,0.0,0.0,0.0,0.0,0.0,0.0,0.0,0.0,0.0,0.0,0.0,0.0,0.0,0.0,0.0,0.0,0.0,0.0,0.0,0.0,0.0,0.0,0.0,0.0,0.0,0.0,0.0,0.0,0.0,0.0,0.0,0.0,0.0,0.0,0.0,0.0,0.0,0.0,0.0,0.0,0.0,0.0,0.0,0.0,0.0,0.0,0.0,0.0,0.0,0.0,0.0,0.0,0.0,0.0,0.0,0.0,0.0
200106,0.0,0.0,0.0,0.0,0.0,0.0,0.0,0.0,0.0,0.0,0.0,0.0,0.0,0.0,0.0,0.0,0.0,0.0,0.0,0.0,0.0,0.0,0.0,0.0,0.0,0.0,0.0,0.0,0.0,0.0,0.0,0.0,0.0,0.0,0.0,0.0,0.0,0.0,0.0,0.0,0.0,0.0,0.0,0.0,0.0,0.0,0.0,0.0,0.0,0.0,0.0,0.0,0.0,0.0,0.0,0.0,0.0,0.0,0.0,0.0,0.0,0.0,0.0,0.0,0.0,0.0,0.0,0.0,0.0,0.0,0.0,0.0,0.0,0.0,0.0,0.0,0.0,0.0,0.0,0.0,0.0,0.0,0.0,0.0,0.0,0.0,0.0,0.0,0.0,0.0,0.0,0.0,0.0,0.0,0.0,0.0,0.0,0.0,0.0,0.0,0.0,0.0,0.0,0.0,0.0,0.0,0.0,0.0,0.0,0.0,0.0,0.0,0.0
200107,0.0,0.0,0.0,0.0,0.0,0.0,0.0,0.0,0.0,0.0,0.0,0.0,0.0,0.0,0.0,0.0,0.0,0.0,0.0,0.0,0.0,0.0,0.0,0.0,0.0,0.0,0.0,0.0,0.0,0.0,0.0,0.0,0.0,0.0,0.0,0.0,0.0,0.0,0.0,0.0,0.0,0.0,0.0,0.0,0.0,0.0,0.0,0.0,0.0,0.0,0.0,0.0,0.0,0.0,0.0,0.0,0.0,0.0,0.0,0.0,0.0,0.0,0.0,0.0,0.0,0.0,0.0,0.0,0.0,0.0,0.0,0.0,0.0,0.0,0.0,0.0,0.0,0.0,0.0,0.0,0.0,0.0,0.0,0.0,0.0,0.0,0.0,0.0,0.0,0.0,0.0,0.0,0.0,0.0,0.0,0.0,0.0,0.0,0.0,0.0,0.0,0.0,0.0,0.0,0.0,0.0,0.0,0.0,0.0,0.0,0.0,0.0,0.0
200108,0.0,0.0,0.0,0.0,0.0,0.0,0.0,0.0,0.0,0.0,0.0,0.0,0.0,0.0,0.0,0.0,0.0,0.0,0.0,0.0,0.0,0.0,0.0,0.0,0.0,0.0,0.0,0.0,0.0,0.0,0.0,0.0,0.0,0.0,0.0,0.0,0.0,0.0,0.0,0.0,0.0,0.0,0.0,0.0,0.0,0.0,0.0,0.0,0.0,0.0,0.0,0.0,0.0,0.0,0.0,0.0,0.0,0.0,0.0,0.0,0.0,0.0,0.0,0.0,0.0,0.0,0.0,0.0,0.0,0.0,0.0,0.0,0.0,0.0,0.0,0.0,0.0,0.0,0.0,0.0,0.0,0.0,0.0,0.0,0.0,0.0,0.0,0.0,0.0,0.0,0.0,0.0,0.0,0.0,0.0,0.0,0.0,0.0,0.0,0.0,0.0,0.0,0.0,0.0,0.0,0.0,0.0,0.0,0.0,0.0,0.0,0.0,0.0
200109,0.0,0.0,0.0,0.0,0.0,0.0,0.0,0.0,0.0,0.0,0.0,0.0,0.0,0.0,0.0,0.0,0.0,0.0,0.0,0.0,0.0,0.0,0.0,0.0,0.0,0.0,0.0,0.0,0.0,0.0,0.0,0.0,0.0,0.0,0.0,0.0,0.0,0.0,0.0,0.0,0.0,0.0,0.0,0.0,0.0,0.0,0.0,0.0,0.0,0.0,0.0,0.0,0.0,0.0,0.0,0.0,0.0,0.0,0.0,0.0,0.0,0.0,0.0,0.0,0.0,0.0,0.0,0.0,0.0,0.0,0.0,0.0,0.0,0.0,0.0,0.0,0.0,0.0,0.0,0.0,0.0,0.0,0.0,0.0,0.0,0.0,0.0,0.0,0.0,0.0,0.0,0.0,0.0,0.0,0.0,0.0,0.0,0.0,0.0,0.0,0.0,0.0,0.0,0.0,0.0,0.0,0.0,0.0,0.0,0.0,0.0,0.0,0.0
200110,0.0,0.0,0.0,0.0,0.0,0.0,0.0,0.0,0.0,0.0,0.0,0.0,0.0,0.0,0.0,0.0,0.0,0.0,0.0,0.0,0.0,0.0,0.0,0.0,0.0,0.0,0.0,0.0,0.0,0.0,0.0,0.0,0.0,0.0,0.0,0.0,0.0,0.0,0.0,0.0,0.0,0.0,0.0,0.0,0.0,0.0,0.0,0.0,0.0,0.0,0.0,0.0,0.0,0.0,0.0,0.0,0.0,0.0,0.0,0.0,0.0,0.0,0.0,0.0,0.0,0.0,0.0,0.0,0.0,0.0,0.0,0.0,0.0,0.0,0.0,0.0,0.0,0.0,0.0,0.0,0.0,0.0,0.0,0.0,0.0,0.0,0.0,0.0,0.0,0.0,0.0,0.0,0.0,0.0,0.0,0.0,0.0,0.0,0.0,0.0,0.0,0.0,0.0,0.0,0.0,0.0,0.0,0.0,0.0,0.0,0.0,0.0,0.0
200111,0.0,0.0,0.0,0.0,0.0,0.0,0.0,0.0,0.0,0.0,0.0,0.0,0.0,0.0,0.0,0.0,0.0,0.0,0.0,0.0,0.0,0.0,0.0,0.0,0.0,0.0,0.0,0.0,0.0,0.0,0.0,0.0,0.0,0.0,0.0,0.0,0.0,0.0,0.0,0.0,0.0,0.0,0.0,0.0,0.0,0.0,0.0,0.0,0.0,0.0,0.0,0.0,0.0,0.0,0.0,0.0,0.0,0.0,0.0,0.0,0.0,0.0,0.0,0.0,0.0,0.0,0.0,0.0,0.0,0.0,0.0,0.0,0.0,0.0,0.0,0.0,0.0,0.0,0.0,0.0,0.0,0.0,0.0,0.0,0.0,0.0,0.0,0.0,0.0,0.0,0.0,0.0,0.0,0.0,0.0,0.0,0.0,0.0,0.0,0.0,0.0,0.0,0.0,0.0,0.0,0.0,0.0,0.0,0.0,0.0,0.0,0.0,0.0
200112,0.0,0.0,0.0,0.0,0.0,0.0,0.0,0.0,0.0,0.0,0.0,0.0,0.0,0.0,0.0,0.0,0.0,0.0,0.0,0.0,0.0,0.0,0.0,0.0,0.0,0.0,0.0,0.0,0.0,0.0,0.0,0.0,0.0,0.0,0.0,0.0,0.0,0.0,0.0,0.0,0.0,0.0,0.0,0.0,0.0,0.0,0.0,0.0,0.0,0.0,0.0,0.0,0.0,0.0,0.0,0.0,0.0,0.0,0.0,0.0,0.0,0.0,0.0,0.0,0.0,0.0,0.0,0.0,0.0,0.0,0.0,0.0,0.0,0.0,0.0,0.0,0.0,0.0,0.0,0.0,0.0,0.0,0.0,0.0,0.0,0.0,0.0,0.0,0.0,0.0,0.0,0.0,0.0,0.0,0.0,0.0,0.0,0.0,0.0,0.0,0.0,0.0,0.0,0.0,0.0,0.0,0.0,0.0,0.0,0.0,0.0,0.0,0.0
200201,0.0,0.0012427073911739903,0.0,0.0,0.00995134609122677,0.01663870646333021,0.0005278579664586525,0.0004523955719805757,0.0018698376075857457,0.0058143048608348845,0.005417885129979252,0.012202688976027713,0.0,0.019951307058484077,0.002987617316562278,0.007473979914533995,0.01586740648442527,0.0,0.002121968435677431,0.010697525924561803,0.0016305042161687319,0.0024756734189481525,0.0034382260176395703,0.0,0.0010067306378325949,0.0038739209119739485,0.0,0.0028916866597942775,0.005450757788519068,0.002099336747537921,0.00034717305799055983,0.0,0.0016070543653748414,0.003927220064093413,0.01148452649670419,0.0,0.0045435788804427295,0.0,0.0,0.003310975947293347,0.0,0.002024904465836687,0.00021255037070574428,0.0033242032438481678,0.004085222227952704,0.009168151446232597,0.001136714852092486,0.00582300332164828,0.03318714647221512,0.0005723794664152134,0.0,0.011774410260148057,0.032464699747007865,0.0019708127582358805,0.010343016845055565,0.0,0.0,0.005022886063580831,0.0,0.0,0.012276211523070986,0.0007463354770327845,0.011506517436804824,0.008937070243245323,0.004196093400985244,0.0,0.029665428756349803,0.009968282991898827,0.004771618029812806,0.00027875688909594326,0.00894198755351648,0.011827296232267913,0.0017409497801299477,0.016969412522146704,0.004192997128516207,0.002421396371561999,0.0,0.0014104777011616787,0.0018419407219614175,0.0007133706810393461,0.0018284175317285073,0.0037614789578830276,0.00781353481196767,0.0005705277372027651,0.0,0.0,0.003664191409374008,0.005163508073652035,0.00289045842146542,0.0,0.009352886533811177,0.0014309733307226837,9.954271811761025e-05,0.0019251088915496982,0.003757769897211897,0.0029634222241745195,0.0,0.0005629804716926995,0.006241070244227581,0.01683968251277029,0.0,0.0030003624852741667,0.026639672289741106,0.017992788454781226,0.00032979971522034717,0.00010229241957856599,0.005724796673473549,0.010934467477747945,0.0022718099314505314,4.6318658129788235e-05,0.005436865685884224,0.042094774360948176,0.04559755988977992
200202,0.0,0.0012200435703680803,0.0,0.0,0.01033432149104065,0.01806432921286413,0.0,0.0016563941160879674,0.002241208995741581,0.0017043156144136446,0.005919071447280712,0.014765375241926441,0.009629331864552575,0.019612488654864507,0.0034375146177722696,0.009825423912197297,0.015279399802577733,0.0,0.0019669513710619396,0.012823830340799069,0.0042457993839176795,0.0017713124464808733,0.0007655519040208877,0.0,0.0032115311845795063,0.00671120376135275,0.00021350869644224993,0.012153976721496566,0.003936308256923485,0.0029839515563471687,0.0,0.0,0.0011838258108742268,0.0062386735712504846,0.013233732486452108,0.0,0.0027031255515077746,0.0,0.0,0.001754741754086981,0.0,0.0016875129083316275,0.0,0.001532288672064143,0.006159433569157417,0.009644214913665534,0.0,0.007367721872476465,0.011283687648114616,0.0,0.0,0.020299453713688808,0.030297868057724216,0.003262335638199774,0.011081759572364422,0.0,0.0,0.005081346854897146,0.0,0.0030126678128655094,0.013141613887007908,0.0,0.007902153739938945,0.029789291695943024,0.005087221126370772,0.006600270215781927,0.03628990979355305,0.00851641888251293,0.005790187214808464,0.0005367313136383121,0.01285594203759346,0.012101018597577609,0.002772369895708934,0.012732446695277741,0.006217262632305701,0.004010954751346133,0.0,0.0010816324372147404,0.0,0.003556476835225107,0.004536034137116344,0.006771018879015476,0.016078846502903078,0.00438031036611635,0.0011769260852579437,0.0,0.0,0.0,0.009429906070410934,0.0,0.01441499713624695,0.0022612410270127074,0.00058287167428953,0.005879379716979901,0.004533231971009282,0.002671214464538677,0.0,0.0,0.010101863604558971,0.01220214099958947,0.0,0.005918623996716896,0.027339715728280835,0.02104806399801224,0.0034861759982847563,0.0002669414440104855,0.006499297602161336,0.011182760809582427,0.004148224753473692,0.0,0.009543220713908092,0.043229476970720424,0.0525028890820222
200203,0.0032711886658461802,0.0011804471593812268,0.0,0.0,0.009429761392420077,0.01851883693027397,0.0,0.002579973900735429,0.0,0.0,0.0068954060677831625,0.01577248107397413,0.016734977520405266,0.019496904454690676,0.003772277833803292,0.012605857095691985,0.014759426862996448,0.001431052259196376,0.0027243796849179516,0.01394776734218706,0.0054418264987591645,0.0013334178734645621,8.854949070467395e-05,0.001613577056925895,0.0037494844516897706,0.009414121394715124,0.0007675084861979825,0.016726414491035,0.0038769786451378213,0.002608955104702415,0.0,0.0,0.001092548533252568,0.0064569502027430935,0.016334120773451477,0.0028969044688888215,0.0,0.0,0.0,0.0015409178687942435,0.001718960125512864,0.0034786953458604258,0.0,0.0020570701960225648,0.008158590572978729,0.010089434185121938,0.0,0.007213147144057435,0.013467624866572298,0.0,0.0,0.02411395989230855,0.030601244192343533,1.8273416804874034e-07,0.01279828931833845,0.0,0.0,0.006248968956912916,0.0011585977248022546,0.005518168646471485,0.012754576985311203,0.0,0.005011148990146163,0.027726962571195925,0.0054889075165096765,0.019135191975519057,0.03440735391330704,0.006591446083208396,0.0041149626210468665,0.001056796035452392,0.013185942183427356,0.013203567407348292,0.003552055533442437,0.014065654245916395,0.007414621967536503,0.004341690338457976,0.0,0.0006759340875817988,0.0,0.004826176887592792,0.008829078263424158,0.008706549889547695,0.020154789997450857,0.006134773693472317,0.004847871723254165,0.0,0.0,0.0,0.01341333721317766,0.0,0.013273498405412587,0.002256059273249999,0.0009862048144137535,0.010905080130131285,0.004778984087399249,0.0019214515082849404,0.0,0.0,0.011759787796343877,0.007684699408556917,0.0,0.007218936793333972,0.028105492871731166,0.024707428287939003,0.005833931496756184,0.0013632152861933007,0.005214914181876168,0.010458685962027682,0.004363359123381681,0.0,0.010055498155676192,0.041131274465398895,0.051887837949905605
200204,0.003306147160887356,0.0023883728635146176,0.0,0.0007016539929097328,0.011674663021024273,0.017466598831845908,0.0,0.0,0.0030516243068279417,0.004247807033287575,0.005477580715874517,0.01482404463492704,0.0013538131912202733,0.01986905145273462,0.0030440722650680943,0.010012192208972375,0.01590257657358456,0.0,0.0022553169739730596,0.011500120047402942,0.004291795104305962,0.0016740693213003798,0.0010274148288035585,0.0,0.0033880303649002556,0.008875934678121639,0.0,0.010635960964192899,0.003759282274722553,0.0041937303800181755,0.0020797536260414593,0.0,0.001057228175871193,0.004170962879855384,0.012627800683722167,0.0,0.0011977486989672094,0.0,0.0,0.0010485405150382234,0.0,0.0025999212778206344,0.0,0.0,0.00856911490015763,0.009107735408904217,0.0,0.006856872038587256,0.01622639898430518,0.0051682899862320235,0.0,0.02032444071477914,0.030365053819770737,0.003563664917322137,0.010877924104066142,0.0,0.0,0.009009678923674592,0.0009244687799972124,0.0014999141735194687,0.012706964579030767,0.0,0.006739021344741003,0.02478662741359184,0.0031643840633245007,0.005482463613961364,0.032305680429308155,0.008475160522062555,0.006332862171839562,0.0003373013008808855,0.012548256719088527,0.012541061387487232,0.005150181719415021,0.011706802360620399,0.005282825715880091,0.005171587944012319,0.0,0.0,0.0,0.0032494623132295016,0.00583321743107829,0.006704918858734792,0.015253328758476405,0.004403788259118953,0.0010543393368290484,0.0,0.0,0.0,0.0066305381878273,0.00017752808508306444,0.013024869438097757,0.0017330325170305475,0.0010913749278810125,0.005837261978300252,0.004933704436185196,0.0023156501960634253,0.0,0.0,0.00886924273263884,0.008042715924829937,0.0,0.0071887300532088895,0.02315064793893021,0.023373514324940017,0.004362148486607613,0.0010010558902621084,0.005722588001673208,0.01149908413260296,0.00546614486906965,0.0,0.01009950232683958,0.044726019526434874,0.05164401167601231
200205,0.004793879251221197,0.002151029176533526,0.0,0.0003589503272090977,0.010782549913770433,0.016830734875057717,0.0,0.0004029315017244179,0.0030876899396087465,0.0028780259639566708,0.005048919467800082,0.01475180434482646,0.0030864887771370622,0.019530693016686113,0.003125785509416425,0.010732255300808043,0.01643612517937164,0.0,0.001987492906878544,0.010971309386000579,0.00452055347148831,0.001763853436928132,0.0018913589723714374,0.0,0.0033883437446694566,0.008170199717541696,0.0002700152698287675,0.01147310810186432,0.0038721390103058097,0.0042864316516865566,0.003248919862597922,0.0,0.0015886699230356167,0.003518545798551241,0.012770998243755795,0.0,0.0009139410311173382,0.0,0.0,0.0006359424803211466,0.0,0.002970079764171091,0.0,0.0,0.008004628011733057,0.009285604433014745,0.0,0.007520386374259648,0.015165085882677535,0.0031986855282596064,0.0,0.020670951040738513,0.031109649547206505,0.002461301217053244,0.011248745243596337,0.0,0.0,0.008518763944507984,0.0014718628041922917,0.0015517303884297871,0.012777025535732326,0.0,0.004713974798157394,0.02611856041848383,0.003930085914195908,0.007083042564943125,0.03311228636807003,0.009565895399369672,0.006062303894749488,0.0002834737136314001,0.012590717778842053,0.012352685033710314,0.0052326711424808305,0.01163790027404114,0.003937539096885668,0.0060519487522757275,0.0,0.0,0.0,0.00377265402072455,0.00637244706367568,0.0069816555954169655,0.015611792408653043,0.004140594734432285,0.0015587274522055824,0.0,0.0,0.0,0.006663980473099596,0.00016694342269020612,0.013160069219479043,0.0016733162964869988,0.0010382967694906413,0.005500323200881153,0.004772418010643948,0.003004528750807481,0.0,0.0,0.00908505757454633,0.00842570834830878,0.0,0.008226196502674227,0.022894746088425833,0.023444249699610446,0.003507526015040079,0.0,0.006216160313193046,0.01153552729241979,0.004347028597737549,0.0,0.009678162087469166,0.045941962776872826,0.053815769451399514
200206,0.006282942638603789,0.0020416005893607227,0.0,0.0008112471185033939,0.011010169740610191,0.01568813574801326,0.0,0.0,0.003352504203673048,0.00348418659286815,0.004110041102196867,0.01619827366954734,0.00466063340088256,0.019263242809034083,0.004090125252392951,0.012056287293976155,0.01702510989567744,0.0,0.0013287155583027622,0.010837804236072541,0.004883003087475229,0.0019550128745231903,0.002291251137720402,0.0,0.0035122554484023905,0.008574452237446052,0.0,0.009706394701864646,0.004370662284334426,0.004447317916142432,0.004149232680846566,0.0,0.0017916899885981735,0.0033569903511552913,0.016388485306630975,0.0,0.0,0.0,0.0,0.0007025470726824993,0.0,0.002773842771465038,0.0,0.00043986667157455396,0.007969455147890785,0.009224504821689926,0.0,0.007483511691717862,0.013165157905345564,0.005988265023657474,0.0,0.02030011481895823,0.03110174960739955,0.001152768701657079,0.010511464156315166,0.0,0.0,0.008814317707292492,0.0018513363734037444,0.0010204530451162533,0.013497517352048629,0.0,0.0033652385706890286,0.027018045402587586,0.0032222388038248987,0.007374951046655507,0.034926538554275764,0.009576143604924214,0.005711620041602134,0.0,0.01184763939618937,0.01261864785230634,0.005041791683782988,0.012351870563689108,0.0039732864631352735,0.00515751736112835,0.0,0.0,0.0,0.0035527687407590487,0.007913865450039387,0.006934013742325179,0.01667414314371043,0.002484132171223936,0.0012743023026679356,0.0,0.0,0.0,0.006571448972940353,0.0,0.012782145904801624,0.0020262223693045685,0.0012010704892309264,0.006707926323129131,0.004433010434288166,0.0020778271198338806,0.0,0.0,0.008739869641144846,0.008519722796758875,0.0,0.00765103532576055,0.022524031743793044,0.024327523724767604,0.0031084768457167494,0.0008296574340972819,0.006117041014929811,0.011367222143618872,0.0037106438889672796,0.0,0.010569781406034942,0.04522622568425665,0.051209742658078504
200207,0.006969462021882595,0.0013312632135299622,0.0,0.0011831987421107692,0.010064858266141041,0.014661907728307867,0.0,0.0,0.0032267181829463767,0.0019249722168132425,0.005052689285478172,0.016703153696105047,0.007742414835621988,0.018899620413046197,0.004572435001751514,0.01168695811322174,0.016204767762612607,6.398177005518335e-05,0.0008342482978988742,0.012635842295003587,0.004627602822193281,0.0013304667655140835,0.0020964122683714012,0.0,0.004028230822970879,0.008809782711092983,0.00042998449309469047,0.012233629930135383,0.003444504180285516,0.003968849472569755,0.0029240161542754706,0.0,0.0013679058026818763,0.002890532000529231,0.01591739572038455,0.0,0.0,0.0,0.0,0.0010930464327809184,0.0003160440186734097,0.002757655315630595,0.0,0.0005292727867292089,0.00875003064305445,0.00909730845296304,0.0,0.008143098614156453,0.012771148384716364,0.00481904966834135,0.0,0.019648714472829832,0.03150452426023394,0.0007729417249726797,0.010975653238503308,0.0,0.0,0.008683539731970422,0.001326714893018411,0.0024131697940480423,0.013655327460220454,0.0,0.0019458110473946867,0.025829297967011645,0.003950999380286361,0.010446248125157875,0.03374425796387651,0.007624334840578306,0.005687923771859057,0.00042619131378111646,0.012093458880801218,0.013595968417013207,0.005351383070124121,0.013046919099116533,0.004741730926191223,0.005012330811854324,0.0,0.0,0.0,0.005273703381333095,0.007484479513555421,0.006329446620877668,0.01773059853878751,0.002010665858034914,0.0032020794840838156,0.00028882457324405674,0.0,0.0,0.007763096142098183,0.0,0.012253667814394778,0.0023788907575096408,0.0016330671417327867,0.0076001443927204496,0.004210804107840162,0.0016412135509708634,0.0,0.0,0.009133419215335592,0.008608223287207771,0.0,0.00778061815717412,0.023170167896110004,0.023331557003477676,0.0035033655403907947,0.0005031468185655985,0.005678801925403585,0.010669233367322816,0.0035620567461397685,0.0,0.008845195127035669,0.04428041128928265,0.051943230856450036
200208,0.008099768212750498,0.0004923651139817423,0.0,0.0014881428336422425,0.010301227374723497,0.013631149104727078,0.0,0.0,0.0030431023074827803,0.0005349813331483221,0.0063273793280278715,0.01760245020109537,0.010521429670336984,0.01876449175872475,0.005005453090140074,0.01169032147932827,0.01595400311118138,0.0006937967882888118,0.000614217858076392,0.015085220362823313,0.004415736197747986,0.0006729389009578748,0.0017542724320125972,0.0003235257953451311,0.0033812346202099965,0.009676930364283295,0.0007959265811811759,0.015175833329940096,0.002825268276961943,0.0030668390235899724,0.0008479396078305936,0.0,0.0009220437078416828,0.0023392776033829246,0.01738134262695658,0.0,0.0,0.0,0.0,0.0009701290474927372,0.0024264127080188746,0.0024504974240692366,0.0,0.0007143699403016885,0.009182643740579805,0.008331969712762318,0.0,0.007940059864966544,0.01196126943179427,0.00425283942024774,0.0,0.020517392572875794,0.031980130698809804,0.002717133475282131,0.01145626845254751,0.0,0.0,0.008554824962571778,0.0010973987611000678,0.003590297364586091,0.013797335595515754,0.0,0.0011637292274553116,0.028000986246528324,0.0038451354014431127,0.012038512164252209,0.03399790075710592,0.005496568930924496,0.005337416883260114,0.0015926964302505498,0.012503863807217422,0.012918924698650807,0.005391681276879688,0.011594630144954968,0.005014625490274644,0.0050775746506930555,0.0,0.0,0.0,0.006244595535492412,0.0074029264684812605,0.006064453669295968,0.01839861920907057,0.002019922693319402,0.0053793137097824005,0.0007250989536466294,0.0,0.0,0.008771030502244643,0.0,0.013232122358484935,0.003953754711201285,0.0014294460879971426,0.008501609735889634,0.004422806094661394,0.000957151672821124,0.0,0.0,0.009911666313067124,0.008443153974168095,0.0,0.007493542084559087,0.02225282121716666,0.020902976818096778,0.0033309489049756598,0.0012929942691180165,0.005070049173202348,0.009910158432874837,0.0038473157020649748,0.0,0.007992209483573084,0.04420887418559453,0.05314292375902186
200209,0.0029989968015368277,0.00033007345352833496,0.0,0.0025374603893213777,0.011228173211028638,0.013731871239029192,0.001150180721311957,0.0,0.001191887896328354,0.0,0.00603986850906408,0.01812973015746663,0.015003649334755597,0.01814380500310083,0.004546919642420148,0.010691690855946314,0.015184340409765358,0.0009498983184581123,0.0005665468066674696,0.016999172235836833,0.0048717459529411585,0.0,0.0008189320535531648,0.0012298490532762396,0.002047371964672437,0.009975159270927177,0.0003009866581936683,0.01913760318384647,0.0013438401391617863,0.003374402779397188,0.0,0.0,0.000487378019431706,0.001815270709103211,0.017403256455828315,0.0007343055061265004,0.00033600849565747795,0.0,0.0005155024189877929,0.0010991303209751577,0.0042719933000729595,0.0025862861157872064,0.00017362790841202934,0.0002958956910543612,0.008946054907719601,0.008502887533745737,0.0,0.008334015508295304,0.005038393817295817,0.008156457218745687,0.0010706056444930547,0.02129671467182285,0.03192530765154127,0.00039353711652689735,0.011508176525378128,0.0,0.0024690029743441384,0.008449109924778972,0.0016663777484211958,0.0051193438532679695,0.013830299133441864,0.0,0.005374306388907236,0.031213000456160215,0.0055433050914950625,0.018191718545532753,0.03737894266867445,0.008968993587706786,0.0033052056485198852,0.0009685776397195473,0.011845814372703517,0.013355759226726242,0.006159374108098456,0.012853548015511711,0.0068630096686770154,0.004717062595028279,0.0003143422848846693,0.0008344288545880083,0.0,0.007339301916437565,0.006172082091169169,0.006137922246243331,0.018730315644585473,0.0021093827319391013,0.007995355481962348,0.0011880861584281197,0.0,0.0,0.010054433617559472,0.0,0.01392495432257222,0.005502698706286553,0.0009687756967507981,0.011581970191500677,0.004647622877094402,0.0,0.0,0.0,0.011199733509223389,0.006131569344407514,0.0,0.006128335218772162,0.023382543278793157,0.01663400956714139,0.004986244462893431,0.0010929102806563442,0.005426326550155712,0.008890584380852249,0.005374373387385969,0.0,0.008036733931956516,0.04249865417555376,0.054625230562088116
200210,0.0,0.00042726631578412713,0.0,0.002988432362503465,0.010437874615717917,0.013217789520964961,0.00015330453987183988,0.0,0.002307713200151668,0.002679200987050685,0.005949144671958172,0.017417276844247875,0.009365234637389296,0.018738034034499456,0.005638609046408164,0.009326040458742007,0.016664151447522032,0.0,0.0007786815537325531,0.015300483954247282,0.004317157171630418,0.0007082596224072668,0.0026116578747046927,0.0,0.00406457444081652,0.01113258578064512,0.0009640529494087961,0.015826195463745335,0.003661472568738135,0.0034712982854523036,0.00041902020065431254,0.0,0.0007799755769970975,0.0017393280597398344,0.012963881311265583,0.0,0.0,0.0,0.0,0.0015077627283119307,0.003227905909106718,0.0019046073767785474,0.00028766112820021643,0.0,0.009079789121714641,0.008299739690678874,0.0,0.00844571589938476,0.009048668426633008,0.005686944062696739,0.0,0.020082070790985194,0.030263717996917232,0.0,0.011024000696697449,0.0,0.0,0.008468049133711885,0.0012526721324587192,0.0029732366943059528,0.013501134116060406,0.0,0.007967809855571552,0.032437271337438234,0.0042635060075915795,0.015276756581959783,0.033823347807217324,0.005304254667158442,0.0025829966061281266,0.002122232910863441,0.012756238955484773,0.014887194619638852,0.00625353143539035,0.012491979940039153,0.004210424155344562,0.005465456997081124,0.0,0.0001242679382791771,0.0,0.006914494375764985,0.007179747120319603,0.005659172646732212,0.023215885424083416,0.0005759273060402741,0.006888517606188717,0.0008774000235068528,0.0,0.0,0.009125746991378447,0.0,0.015260945466934765,0.0034789766223181067,0.001155742153366293,0.008998137785340901,0.004439162770784057,0.0,0.0,0.00016892427608868082,0.008741672134241454,0.00811113263329079,0.0,0.007288574409890611,0.02198226039107,0.021455121403144515,0.002058371602071313,0.001107336016174749,0.005094767567177332,0.009610809022746277,0.0039886397553971385,0.0,0.007766331657672541,0.04253249645160859,0.053602824528848465
200211,0.0,0.0012611025727902374,0.0,0.0037119363175022024,0.009346619152405993,0.013609853491375458,0.0,0.0,0.0035075470829989395,0.005165898690761594,0.005803941706359468,0.01826566417840093,0.008180376085223838,0.01896184652120246,0.005740423361249484,0.01012191116160784,0.017745212550250952,0.0,1.0339707621362856e-05,0.01343886482120317,0.003679137896820742,0.0011030577360606531,0.004150742877630733,0.0,0.006233579087746778,0.012220863464431806,0.001594136162419237,0.010630891441486693,0.004590629936618526,0.004112752202707549,0.0013978254107223694,0.0,0.0009559386444498559,0.0009056316165143563,0.009014467413249258,0.0,0.0,0.0,0.0,0.0019238563670725627,0.0020797746123578575,0.002134455128098899,0.0,0.0,0.0082927846343976,0.009187991055833258,0.0005243544851062068,0.008053013331439395,0.008631883623791359,0.0072422388908116656,0.0004602209643212211,0.0188830901320888,0.031001640026867568,0.002573587074912247,0.009466970267955866,0.0,0.0,0.010024308502982419,0.0015571060576797262,0.0012019089539913458,0.013340827530228689,0.0,0.009197519243197191,0.032554382377831356,0.0028590423500473323,0.02025148580435449,0.028577075930463106,0.007536887459615902,0.0017343844014222163,0.0020960506989230222,0.014187755292117533,0.01539687153058545,0.006837039070502077,0.010219102426707443,0.002584112771772966,0.006495593683217489,0.0,0.0,0.0,0.00493747712232669,0.0073818719493890066,0.0057048825923491355,0.025930701232643048,0.0,0.004481888005374821,0.0003538722818685897,0.0,0.0,0.008212153168992917,0.0,0.01375222884580392,0.002048830149935338,0.00037010407510341546,0.012822223292056947,0.004632686490123598,0.0,0.0,0.0008872198679526317,0.007282980891279726,0.01027968872971935,0.0,0.007732365356212863,0.019535788953706983,0.02372423446849229,0.0009477174694130612,0.0007987247941450706,0.00591587264710112,0.010146852424958075,0.00208271754485423,0.0,0.008719767625950038,0.046863567615191164,0.05493725275215362
200212,0.0,0.0019141347771151095,0.0,0.0034874659618687486,0.00931803397388284,0.013765486779778253,0.0,0.0,0.0027553968977219795,0.0035578640321674293,0.006338825103988707,0.01673625667995747,0.007134445486917709,0.0185778007851937,0.005521077006175659,0.010433294396297381,0.01766683515474915,0.0,0.0011143498796262735,0.012843107676217907,0.004007901523348486,0.000794611578060655,0.004811690591870533,0.0,0.005174441802348536,0.010882318969597595,0.002293157927964783,0.01207950689221841,0.006651547683445211,0.003968870886667189,0.002410418427038787,0.0,0.0008373223092600625,0.0008765462914311894,0.006166743472692114,0.0,0.0,0.0,0.0,0.0020428031359111466,0.0012397178643964119,0.002196357782901635,0.0,0.0,0.008735080855117571,0.008946089173065315,0.002693876818176365,0.005509891068098625,0.007436618109334611,0.0010481408518976394,0.0,0.01788927253564487,0.028360587657200044,0.003966239156979939,0.009898072747859627,0.0,0.0,0.010039972980981922,0.0022924550661757256,0.0006606469326965194,0.013910233973303956,0.0,0.0060399536842566815,0.03464240865373229,0.004520803295551171,0.021236032141010105,0.028427863312402716,0.008482171666083817,0.002927262879455631,0.0024562984267150014,0.01363321777480392,0.015500496131969813,0.006443149450352678,0.00995752351534881,0.002283725555993361,0.005979321893322191,0.0,0.0,0.0,0.0052903506015271945,0.005709980451437892,0.005969113157447704,0.02690190539346589,0.0,0.004538820468745343,0.0005321620270827852,0.0,0.0,0.008664874979171996,0.0010792498891388294,0.01252737083716807,0.0017669554177030652,0.0012434643698039092,0.013848591723700052,0.0038518937234215864,0.0,0.0,0.0004103605269734041,0.006855786394691902,0.009972671251126797,0.0,0.008610828498879149,0.01868293974296012,0.02367423423116202,0.0008080657947320848,0.0020296393932303083,0.005056689693461049,0.01065049142824973,0.0031177135896028225,0.0,0.008248661649167299,0.046759990933095054,0.056292297456395794
200301,0.0,0.00227443705071753,0.0,0.0036773505865699226,0.009159380816546929,0.014468502191046327,0.0,0.0,0.002648810856574527,0.0026216146080219323,0.006986243506721372,0.017079134511655828,0.007984219005290559,0.017508681045718302,0.0058199800142224555,0.010287158532438083,0.017701832049726526,0.0,0.0011029278855294372,0.011078474952614657,0.0041630744848537935,0.0015943272108113451,0.004280156229136275,0.0,0.005117386002758601,0.010976540100110491,0.0030566344186004823,0.01212894458961931,0.006344930850570741,0.0038515610360467644,0.004362273201205771,0.0,0.0001442731933407641,0.0,0.006073309086542325,0.0,0.00030368268379772927,0.0,0.0,0.0017131146356861612,0.0008846383353480003,0.002267449915158557,0.0,0.0,0.008718583726931238,0.009736094628986313,0.00224821490418951,0.005588956773614166,0.008083851956083193,0.001619076472728741,0.0,0.01850680809387519,0.027089802243283362,0.005148911217415583,0.009914094461903902,0.0,0.0,0.010236023433933547,0.0007497924904262826,0.0006664069746092169,0.013703998271400102,0.0,0.005931273768760606,0.03388587414656024,0.004012841059775204,0.018714791865609443,0.03169307907927819,0.00897674156364404,0.0024343437800943106,0.002975353807219845,0.013142953115527064,0.015757959200085422,0.006861525155072479,0.010817021335589155,0.003068305187081405,0.0061135984474385875,0.0,0.0,0.0,0.0055374883359197505,0.004957450119213,0.006569850368994967,0.026402793774359074,0.0,0.004201843166378039,0.0009274695881134103,0.0,0.0,0.007507897875648861,0.0018128250538689604,0.012037343455786845,0.002129577275146784,0.0014075265345336425,0.014166236526542583,0.004826685925170006,8.43331254466319e-05,0.0,0.0005853487081475643,0.007138904354806806,0.009974023337939605,0.0,0.008424280057831105,0.01822836838067947,0.023508108439879948,0.0028546531557898883,0.0019626890799756777,0.004282574959645711,0.010437943769263262,0.002977026392854329,0.0,0.008685437013308008,0.04642620193570472,0.056322087731044836
200302,0.0,0.0012367108020422128,0.0,0.004663508863331038,0.00970062658399649,0.01382779343350968,0.0,0.0,0.002509802590346266,0.00031867102428785837,0.007542660145347872,0.017575213359936483,0.009790063038387564,0.017086419916425052,0.0052571062346254815,0.009985660759942252,0.015980879451310267,0.0,0.0018440084441353863,0.010767985503938099,0.005211725120239988,0.0015100426525913972,0.0031508342179727413,0.0,0.0036148733355921667,0.010042465377978513,0.002301516966680985,0.013927341589669679,0.005507128527122262,0.003556625157440728,0.004955358528056905,0.0,0.0,0.0,0.009226383063529214,0.0,1.4616995165778653e-05,0.0,0.0,0.001446392534985583,0.002950815091022917,0.002604450026856286,0.0,0.0,0.008623502130364828,0.009309828956041932,0.00045194578237263113,0.0074500410701337835,0.008368576461071664,0.0,0.0,0.019870080265064944,0.027649539720225897,0.005644779037827905,0.009886229884309415,0.0,0.0,0.009399482444079534,0.0008867929958337015,0.0013544244667269287,0.01336426506423351,0.0,0.0072164172095828686,0.03363512208552471,0.003900423595580394,0.027269577636822546,0.024611662339072,0.009603277646190112,0.0032231864799225954,0.0017839589268152352,0.0126718661350469,0.015286947059915445,0.007062475262391243,0.01195414828869614,0.004142262943582558,0.005702016530986016,0.0,0.0,0.00010320766724176653,0.005965988436442327,0.0051379481216999355,0.006598649918768156,0.02402359356698469,0.0004028638271610338,0.0050975285717643724,0.0012879908879299493,1.3959708888073943e-06,0.0,0.007350066566436772,0.002697273039988694,0.011369128001386605,0.0031818852329712844,0.0018749642063479698,0.01390348010190171,0.005342492829065214,0.0007072799495904264,0.0,0.00033288413777257013,0.008242274111672469,0.009300271810052226,0.0,0.007289212682981737,0.019848355309941182,0.02152248357977806,0.004267258725127799,0.00018631286536058072,0.0044399989010080725,0.010157398229671821,0.004071423962045118,0.0,0.007249428914133263,0.047630642730235026,0.05629971494839871
200303,0.0,0.001153550038315292,0.0,0.0038030585105898124,0.009477389837047127,0.013946758819604702,0.0,0.0,0.003012600744331519,0.00024851119859541163,0.007244720958323031,0.01782356620702645,0.00796022810183699,0.017525764152255863,0.0057596911481009325,0.012195646639845908,0.016377919444051082,0.0,0.0015856730992937016,0.00939904672577593,0.004471707974353624,0.0025024835998963286,0.0024878335845043235,0.0,0.005346574757787017,0.011750039164497085,0.002702553088011918,0.01289304342389527,0.00536155042404273,0.004337775676160302,0.005865767686173867,0.0,0.0,0.00043972758194016424,0.008785391144688083,0.0,0.0004506692652517881,0.0,0.0,0.0010270294704083725,0.00164006829646664,0.003310370302645344,0.0,0.0,0.008827018731652439,0.008962120524220619,0.0,0.008005274739706568,0.009483867419997153,0.00200510840017426,0.0,0.020492094542879046,0.02658259709777689,0.007852341377637,0.008604019130352207,0.0,0.0,0.010025214624258552,0.0015333378580485815,0.0011063668228382636,0.013562505159818031,0.00033386323211274363,0.007990258238344334,0.031853137508101016,0.0031821379439276026,0.02532781593886195,0.02802808425151352,0.010192115767013121,0.002491754918178916,0.0027593170913286654,0.013016490437383087,0.015064598659223704,0.006638267698106001,0.012256993250358046,0.004185619659121632,0.0060380426982389376,0.0,0.0,0.0,0.00518624429957756,0.005990324314849792,0.006709136441794123,0.026123043797954333,0.0010220000426525858,0.004400729895530626,0.0008303326302054453,0.0,0.0,0.008215862126025134,0.0022505181590232537,0.01136808230913795,0.0030186864513572008,0.0012153792984264812,0.012261630876236777,0.005687881925778797,0.0012934267086150363,0.0,0.0006184697376830486,0.008277301094862998,0.009893131669788165,0.0,0.00792949092527224,0.018712790743636402,0.02266558878092866,0.0042184448423234775,0.0004994569108734811,0.004756089149003897,0.010188995140196286,0.0032922596471089923,0.0,0.008902303610858923,0.048812583386747,0.05608594455127494
200304,0.0,0.0,0.0,0.00360637350656175,0.010001184142869239,0.013572468501080789,0.0,0.0,0.0028049084836923592,0.0,0.0073138844362243055,0.01807438328268094,0.011901944718251952,0.01724045009133096,0.005319888908820991,0.010490364552632064,0.016054599242751093,0.0,0.0012270176975869964,0.010419138096682308,0.004348578066986224,0.0031091853184263413,0.002028680536423484,0.00019418929331889317,0.004023212880291849,0.012752312406853669,0.0023565229946948345,0.014467181233798984,0.00469880430043439,0.004356419222575588,0.005247721896011717,0.0,0.0,0.0,0.012812428393910287,0.0,0.0008308990708739536,0.0,0.0,0.0010597953095936973,0.0030079115440897566,0.001738080223374198,0.0,0.0,0.008859334521367303,0.00938177895891622,0.0,0.007654846928770684,0.006573733153568602,0.0,0.0,0.020603104448279792,0.02444955781162305,0.006090195626319619,0.007334542673531028,0.0,0.0,0.009223433618163345,0.001469505842515915,0.001554969431702836,0.014159969916888282,0.0025781891651945553,0.007475635541530895,0.03531826746890309,0.0038031025182536835,0.02439374987083334,0.030455883636288983,0.011475779109578995,0.002820503484221592,0.0023144994933267087,0.013855225505674768,0.015091896652174334,0.0062205329081650735,0.009928935584809662,0.004577808543203992,0.005749736722865181,0.0,0.0,0.0,0.006187331686891009,0.005595538241138991,0.006625173214108327,0.023953132826555035,0.0006726786450399332,0.0052498304038431295,0.0009073879115202531,0.0003618408512344788,0.0,0.006608730167273692,0.002356943291678483,0.01263507101624447,0.0034542468453126105,0.0016035114337381727,0.011454840661514558,0.005127238971178633,0.00028870401424450974,0.0020565628785648225,0.0005751144487070272,0.008508363708697774,0.009625185432572717,0.0,0.0075192112526648825,0.01894060404734166,0.02078972440186271,0.005554320060535479,0.0,0.004116634616192745,0.009525933896699545,0.003469365187895364,0.0,0.008146351983322394,0.048658449802686445,0.05598472043561506
200305,0.0,0.0,0.0,0.003800466134910828,0.009651295573157404,0.01258225269760837,0.0,0.0,0.0029961813529244953,0.0,0.007816747447840397,0.018439946485251664,0.012559511640745345,0.017403042668826522,0.005045701220693737,0.011225818888671402,0.015589409551056185,0.0,0.0010685616094539257,0.009871258661921518,0.004198333018643539,0.002973708401557755,0.002204716509894058,0.0,0.003736991620174184,0.013133443947877278,0.0024345476988642365,0.014160170369229775,0.0037565693802621572,0.004816216465297933,0.006494572444914608,0.0,0.0,6.505098573184522e-05,0.012175709042306675,0.0,0.0008431761553026534,0.0,0.0,0.001316243539419408,0.0030797602947075916,0.0013501939560264331,0.0,0.0,0.008704373537725515,0.009563211351704938,0.0,0.007498296457098198,0.006175471073341537,0.0,0.0,0.021133662002679347,0.023867655863647842,0.005223624236648979,0.008311140366551565,0.0,0.0,0.009687079599425859,0.0015374941935341697,0.0011531885924902,0.014182576699803039,0.0031004657514779464,0.008336435011599658,0.03560632429896233,0.0042045862239746485,0.02563547333824361,0.028675918155784134,0.011359743998376729,0.003200575875785891,0.002075045500940771,0.013993885689370813,0.014572033187577698,0.006009801184438245,0.010001654957146389,0.004213735892708416,0.005559829771668628,0.0,0.0,0.0,0.006496086014420014,0.004843004161262019,0.007225507569571471,0.022533600688103773,0.0008283374769089761,0.005907460757463855,0.0007474067098314339,0.0,0.0,0.006411426968797676,0.0018761263209995586,0.01287977847111152,0.00330056534033111,0.0018194359940439894,0.01244243715703432,0.004847134675654486,0.0,0.0035250347972254773,0.00029571044822249734,0.009194065823440506,0.010389354462922796,0.0,0.007633583321420835,0.018828417826083504,0.01971400685971995,0.005547301678318704,0.0,0.00389063297705002,0.009341182957498782,0.003963322020217993,0.0,0.007044926649217089,0.04827352693866909,0.05592970494411662
200306,0.0,0.0,0.0,0.0040275817640602,0.008990138651773453,0.012520121337525234,0.0,0.0,0.0024254885879975326,0.0,0.007307070242999364,0.019165988257778405,0.015639285602308466,0.016054668242108678,0.004053756731259066,0.010084700228653447,0.01537359575787117,0.0,0.0018028966555121858,0.010003785480930973,0.004361452742200577,0.002642226943182252,0.0021297673113145395,0.0,0.002919983093744632,0.01235577028560084,0.001175294080229186,0.014723568509708124,0.00314975837290867,0.005593741173811145,0.006971110914957904,0.0,0.0,0.0,0.012796234764197308,0.0,1.4181756262284394e-06,0.0,0.0,0.0013132892185269784,0.004476612149990487,0.0011674644050168003,0.0,0.0,0.008631910702689654,0.010309094402954187,0.0,0.007731800509109652,0.00028098277587493525,0.0,0.0,0.021290297150560022,0.023604939784579625,0.0016205213785637415,0.00858309447010768,0.0,0.0,0.009757439295122673,0.0021793588267011383,0.001423608692150032,0.015050516308374885,0.004707496708251555,0.008738685749824395,0.04210749357718804,0.004038628282688351,0.02333647424605329,0.028504705769483885,0.008611139906610549,0.004343550521003065,0.0013184370058892322,0.013072692172931773,0.014510473793286748,0.006849485639976277,0.008979050473601228,0.005443983879228581,0.005086388952475306,0.0,0.0,0.0,0.006922032858351213,0.00411752695152367,0.00709499802622166,0.020148896042202314,0.0,0.006648846230316527,0.0012063453444391304,0.00025359594532045355,0.0,0.0056672060883265,0.0017953954515852375,0.01397854743924584,0.003598556360354568,0.0021442897055113834,0.0138761587510845,0.004546811145959402,0.0,0.007874189664790199,0.0007027812103870647,0.009486147336092056,0.009633422350771345,0.0,0.007445670416259823,0.01956493422799587,0.018223479647169406,0.007229036326592276,0.0,0.003997434501556812,0.00891557927631615,0.0033871365033257567,0.0,0.00716753237345037,0.0483205007089263,0.056938837388996216
200307,0.0,0.0,0.0,0.004827987902961364,0.008855677396908502,0.013573590709538303,0.0,0.0,0.0016813025741177837,0.0009465306481741298,0.007130223246939074,0.018792122321497375,0.017277625204021714,0.014896501285609168,0.005137450201225529,0.00682436772957706,0.015283271402008877,0.0,0.0017501740824687998,0.008029727227944502,0.004679470755037332,0.0020831919770805322,0.0013816316469708512,0.0,0.0025144471904686686,0.009920660117267194,0.0007817355786947434,0.015236017223696512,0.0032713656241076627,0.005931545591085175,0.009092210873626895,0.0,0.0,0.0,0.012564637690288424,0.0,0.0,0.0,0.0,0.00158454505925365,0.004927675088817787,0.0010102669243213709,0.0,0.0,0.009155629843235797,0.009996640608101313,0.0,0.007625920595940102,0.0,0.0,0.0,0.021413358371144726,0.02288833764907467,0.00047622200059668616,0.007841056037795273,0.0,0.002613208340130029,0.010130610135821115,0.0021466001825871084,0.0009549198811144578,0.015212315133113757,0.004749651661096148,0.00805332846906763,0.04099815005070386,0.003981112096370258,0.020575351820785386,0.03007486570895511,0.0073562921645717325,0.004577651440224985,0.0013595000273201594,0.012994096198488183,0.014447158850735354,0.006996916484855346,0.008715172290312954,0.006343508667774768,0.004830299219882537,0.0,0.0,0.0,0.006526090690804478,0.004505016802921744,0.008095238092591009,0.0184179030039539,0.0,0.007509391801623674,0.0011816221349728044,0.0,0.0,0.0056935001974785055,0.0011896369666824595,0.014279632972154076,0.003115975391385357,0.0019608883059834834,0.014290295693700616,0.004563040401260948,0.0,0.009410682468317414,0.0006615202218492372,0.010210254251757188,0.00971379352255976,0.0,0.007367085861955546,0.019481220230353483,0.01909849499880943,0.009161572811162817,0.0,0.003341487027806816,0.00933780762032896,0.0028950289031574434,0.0,0.0061609244373814435,0.04612806636522543,0.055696894663741774
200308,0.0,0.0,0.0,0.004621764310337151,0.00877813488260938,0.013310521755599892,0.0,0.0,0.002166821759880632,0.000519047799746873,0.00612541372873099,0.01842380996833159,0.018106810678189415,0.01491414050881034,0.005007207733965421,0.006605178257913289,0.015137339127736493,0.0,0.0018285139100165592,0.009214832487021249,0.0031801534254915216,0.002264545382492913,0.0012935744986139154,0.0,0.001960760096918507,0.011052987325522096,0.00023370990319534577,0.014512856816733003,0.0033979726944803773,0.006141952367745019,0.00804257058655663,0.0,0.0,0.0,0.011243830873089495,0.0,0.0,0.0,0.0,0.001245751217529808,0.004888168857681046,0.0016346480786783928,0.00020267649702445336,0.0,0.009422511837750594,0.010004397412363428,0.0,0.007809064086717219,0.0,0.0,0.0,0.021418046267622053,0.023084798675642174,0.0,0.00894843268289334,0.0,0.0016634165253999725,0.01045527932846286,0.0036364228560125263,0.0006923904420797064,0.014915673247146315,0.004574384234978419,0.0064176619174132,0.04049743288621818,0.004382936319639016,0.022071679520723513,0.028177787395478285,0.0068826033194003735,0.004624941650962458,0.0007721904448966567,0.012525287148826376,0.014799395778611876,0.006831922334406742,0.008261373990765047,0.006637527685937499,0.004594368306317509,0.0,0.0,0.0,0.006080353351502604,0.004928425555868986,0.00815024234669864,0.019363312278390946,0.0,0.007470165220584297,0.0008367004433471963,0.0,0.0,0.005859012670406556,0.0008527360947869761,0.014033228952273054,0.0033866279897750307,0.0022108385160006174,0.014276999594192312,0.004093293781577632,0.0,0.008692645954769918,0.00020345618106959516,0.010671041435316497,0.009578439750013672,0.0,0.007286221260134613,0.019853391912398075,0.01950691555857748,0.009116973692626358,0.0,0.003657885674861243,0.009289156582415192,0.003118628210944151,0.0,0.006757453447798887,0.048261997940198406,0.057680873763167294
200309,0.0,0.0,0.0,0.005106435195282204,0.00800389302181548,0.013525428396878179,0.0,0.0,0.0010926291770417406,0.0007093566790988586,0.006227171179207206,0.018676708399479717,0.02230828170550288,0.013703190667127057,0.004785146188376604,0.0036187866745217394,0.014996775781644581,0.0,0.002238497612357089,0.008077891743617187,0.00417130769471857,0.0016574502071397667,0.0013414977602608123,0.0,0.0017853736670568007,0.007539501502172354,0.0,0.017574792399706777,0.004637318121647349,0.006227384084082684,0.009283377166978237,0.0,0.0,0.0,0.011834235886326283,0.0,0.0,0.0,0.0,0.001543004921891605,0.005446815422033282,0.001278556670260457,0.0,0.0,0.00983356036985464,0.01044503924175041,0.0,0.007616039026129443,0.0,0.0018881310498057725,0.0,0.02158336713239647,0.02296207760681131,0.0,0.00892396644083119,0.0,0.005006505102428332,0.011826892244625105,0.0027862003041109287,0.001025474436569505,0.015361950323635238,0.0056256733343768815,0.0066322151393215555,0.038692551081274125,0.004374565262001075,0.022156181374214372,0.02725892708404035,0.006209255763083004,0.005285800518786187,0.000565459993864922,0.012912849040982404,0.014230417944530666,0.007569268865824936,0.009068310637444154,0.0062321742315620855,0.004970321046904279,2.0616319822077605e-05,0.0,0.0,0.005843842403870663,0.005690557592863284,0.008494280007635692,0.015511174054504594,0.0,0.008793555430093435,0.0009168407567860125,0.0,0.000316295417987793,0.005097401540846832,0.00042136429780074194,0.013986903079979714,0.003337868264969327,0.001957608525858792,0.013856891537443065,0.0025700636876001574,0.0,0.013538386008526289,0.0,0.010796727634858746,0.009421813680225313,0.0,0.008050658057530335,0.019429432704211158,0.021216440242063383,0.008173393384924652,0.0,0.0032367454537489174,0.009629707687665849,0.001825577724307442,0.0,0.006132092726313494,0.04300860847916944,0.054676341761118304
200310,0.0,0.00019174379650733383,0.0,0.005843280322249202,0.008830524517829596,0.013665605561697684,0.0,0.0,0.0016430164538426212,0.0020585305832453394,0.006806174659662514,0.017569757282353365,0.01999192830001694,0.013553035710522661,0.005228485722462745,0.005469241964140709,0.015641358866069287,0.0,0.0015339825241667783,0.006254093432424402,0.0027942653765974466,0.0024477719370171996,0.0006566983690616491,0.0,0.0011325446959179002,0.010468980251979324,2.0894629663944784e-05,0.014206887107422279,0.003658176330443272,0.005762164881069212,0.010659880757900662,0.0,0.0,0.0,0.010194239784952265,0.0,0.0,0.0,0.0,0.0009031854211637553,0.005498648729155334,0.0010560536792491434,0.00026542596986718446,0.0,0.009472274838945772,0.010003459034245144,0.0,0.007594325899379135,0.0,0.0,0.0,0.021463811489027214,0.022935182628673133,0.0003362592496253801,0.007591604678154283,0.0,0.0012560951372288878,0.009036129588146391,0.0039763876869385525,0.0005351727595262363,0.01417976507005398,0.0015067088224068475,0.008004366680994341,0.0393542194858673,0.005062632508794782,0.024496612608783684,0.02480222045154962,0.005360241641871623,0.004203048680241947,0.00034125256493531566,0.014847670480368745,0.015263314404482402,0.0074671079356687115,0.009915274186955524,0.007045076744426468,0.00612093655291568,0.0004050163589414607,0.0,0.0,0.004740949120241206,0.004561400882979524,0.008552782047134718,0.020039985592563543,0.0,0.006912252693498275,0.0010161777920753422,0.0,0.00013615047657266176,0.007562559198806801,0.0011298338233561977,0.013569300007093775,0.003588255199634992,0.0017380105298083477,0.012322836184804422,0.004538793192877767,0.0,0.008365666326078736,0.00010871858633514238,0.011013118498916456,0.009714376446208869,0.0,0.009438294464878177,0.020664975303346884,0.01928077806265154,0.008712514713799035,0.0,0.003998113394075982,0.008817523357151464,0.001742972598951087,0.0,0.006923746953576321,0.046139958642184294,0.056935450347143646
200311,0.0,0.0008401990279464117,0.0,0.0061644546976512594,0.009052970415202009,0.014245701957318191,0.0,0.0,0.0018182041256803556,0.0023624938203300238,0.007238779666990186,0.017475745477025358,0.015489888003505953,0.013155138867012554,0.00506916464937141,0.007808609583600518,0.01630756100009349,0.0,0.0010550846917921893,0.005009382195364274,0.0023773479477098543,0.002741984238523695,0.0010997790432928035,0.0,0.0008553429420503924,0.012807853863064244,0.0014108411429785367,0.011378087175448668,0.0027078545415378926,0.005765450528738533,0.011924481569218605,0.0,0.0,0.0,0.007177482753010505,0.0,0.0,0.0,0.0,0.0004875764043122318,0.004489705318396471,0.001764765511500652,0.0008671998869226693,0.00033214681349048967,0.00900000041306287,0.010232376092138284,0.0,0.007585073727051273,0.0,0.0,0.0,0.021328020926354482,0.022705680599638064,0.0,0.007568513464601627,0.0,0.0,0.009078755412606986,0.00395272681161464,0.00046046419110947037,0.01382629347418503,0.0,0.007455762777625717,0.0394244736354377,0.0049055234027142215,0.023090798190768272,0.02327871020983768,0.0038688059180336273,0.002856966444352336,0.001045174444537319,0.01462568085575371,0.015993908219999763,0.007728691033391015,0.01278426276221998,0.006635101309972652,0.007144904812912536,0.0005312905070688351,0.0,0.0,0.0041517478670850495,0.0031724933221250464,0.009205461810402596,0.024662343905938803,0.0,0.006916980887990832,0.0008205039958682841,0.0,0.0,0.008462675085204239,0.00028462816747121223,0.013266419248763638,0.0034213477077250087,0.0013765796543933639,0.014900117294111873,0.00657952733083349,0.0,0.0028664431209718005,6.24613445426982e-05,0.011447095497797785,0.009776337260251488,0.0,0.009562912039943614,0.019758821946917148,0.018805186736282505,0.00801543460932534,0.0,0.004709409970156631,0.008616711464081064,0.002315734442309659,0.0,0.007666251197227001,0.048031490268744946,0.05852625586770537
200312,0.0,0.00042469286619719373,0.0,0.006634628550930936,0.009063253263430306,0.013646196168341687,0.0,0.0,0.0012709386126264384,0.0009448957790177698,0.007406807856072918,0.016743576235694814,0.01718742310644278,0.01337958273791373,0.005164567371297385,0.006865629404418612,0.016093206259116845,0.0,0.0015251263786930033,0.005786387164010877,0.003216597565891491,0.0020448465754331047,0.0012306808287396228,0.0,0.0014361957502897168,0.01069094020164433,0.0004802914800471134,0.013728051336791329,0.003562254153283737,0.005862407805733715,0.011702846177850161,0.0,0.0,0.0,0.007287801306651953,0.0,0.0,0.0,0.0,0.0008184874478817613,0.004631492257694335,0.0013083696732662717,0.0003323706912466534,0.0006461347672097658,0.008898912324443233,0.010671233972426888,0.0,0.007503150247430339,0.0,0.0,0.0,0.021831783954145294,0.022746867493730522,0.0,0.008206558288723097,0.0,0.001001531193125205,0.00851310917250893,0.003415393416284475,0.00023016635910911003,0.014342112859931165,0.0009877816506794308,0.007642753525787089,0.038388563828193764,0.005055666335941116,0.02291899363455615,0.024866298698179523,0.005713907188688896,0.0036907592588176314,0.00011462959086345913,0.013650525186970987,0.017219275231154622,0.006494915564910118,0.013373586525016771,0.006392191026090678,0.006417834548361206,0.0002614051784057021,0.0,0.0,0.00425928033676998,0.003975109582567223,0.009574723510703567,0.021963902381369235,0.0,0.007187466260708007,0.0009109361833193024,0.0,0.0,0.007723193110869961,0.0016601387136880642,0.012476094450381378,0.0035057727995798397,0.0015341404696848165,0.012827968024133739,0.005397536787340186,0.0,0.005912753559833172,0.0,0.011638426034838665,0.009816232058477852,0.0,0.009232859576283598,0.01891781717086792,0.019976439912936808,0.008406660421389833,0.0,0.004552841728463613,0.009300953488385373,0.0020116523904351027,0.0,0.007743516639321056,0.04742854824579587,0.05949857883375642
200401,0.0,0.0,0.0,0.0,0.0,0.0,0.0,0.0,0.0,0.0,0.0,0.0,0.0,0.0,0.0,0.0,0.0,0.0,0.0,0.0,0.0,0.0,0.0,0.0,0.0,0.0,0.0,0.0,0.0,0.0,0.0,0.0,0.0,0.0,0.0,0.0,0.0,0.0,0.0,0.0,0.0,0.0,0.0,0.0,0.0,0.0,0.0,0.0,0.0,0.0,0.0,0.0,0.0,0.0,0.0,0.0,0.0,0.0,0.0,0.0,0.0,0.0,0.0,0.0,0.0,0.0,0.0,0.0,0.0,0.0,0.0,0.0,0.0,0.0,0.0,0.0,0.0,0.0,0.0,0.0,0.0,0.0,0.0,0.0,0.0,0.0,0.0,0.0,0.0,0.0,0.0,0.0,0.0,0.0,0.0,0.0,0.0,0.0,0.0,0.0,0.0,0.0,0.0,0.0,0.0,0.0,0.0,0.0,0.0,0.0,0.0,0.0,0.0
200402,0.0,0.0,0.0,0.0,0.0,0.0,0.0,0.0,0.0,0.0,0.0,0.0,0.0,0.0,0.0,0.0,0.0,0.0,0.0,0.0,0.0,0.0,0.0,0.0,0.0,0.0,0.0,0.0,0.0,0.0,0.0,0.0,0.0,0.0,0.0,0.0,0.0,0.0,0.0,0.0,0.0,0.0,0.0,0.0,0.0,0.0,0.0,0.0,0.0,0.0,0.0,0.0,0.0,0.0,0.0,0.0,0.0,0.0,0.0,0.0,0.0,0.0,0.0,0.0,0.0,0.0,0.0,0.0,0.0,0.0,0.0,0.0,0.0,0.0,0.0,0.0,0.0,0.0,0.0,0.0,0.0,0.0,0.0,0.0,0.0,0.0,0.0,0.0,0.0,0.0,0.0,0.0,0.0,0.0,0.0,0.0,0.0,0.0,0.0,0.0,0.0,0.0,0.0,0.0,0.0,0.0,0.0,0.0,0.0,0.0,0.0,0.0,0.0
200403,0.0,0.0,0.0,0.0,0.0,0.0,0.0,0.0,0.0,0.0,0.0,0.0,0.0,0.0,0.0,0.0,0.0,0.0,0.0,0.0,0.0,0.0,0.0,0.0,0.0,0.0,0.0,0.0,0.0,0.0,0.0,0.0,0.0,0.0,0.0,0.0,0.0,0.0,0.0,0.0,0.0,0.0,0.0,0.0,0.0,0.0,0.0,0.0,0.0,0.0,0.0,0.0,0.0,0.0,0.0,0.0,0.0,0.0,0.0,0.0,0.0,0.0,0.0,0.0,0.0,0.0,0.0,0.0,0.0,0.0,0.0,0.0,0.0,0.0,0.0,0.0,0.0,0.0,0.0,0.0,0.0,0.0,0.0,0.0,0.0,0.0,0.0,0.0,0.0,0.0,0.0,0.0,0.0,0.0,0.0,0.0,0.0,0.0,0.0,0.0,0.0,0.0,0.0,0.0,0.0,0.0,0.0,0.0,0.0,0.0,0.0,0.0,0.0
200404,0.0,0.0,0.0,0.0,0.0,0.0,0.0,0.0,0.0,0.0,0.0,0.0,0.0,0.0,0.0,0.0,0.0,0.0,0.0,0.0,0.0,0.0,0.0,0.0,0.0,0.0,0.0,0.0,0.0,0.0,0.0,0.0,0.0,0.0,0.0,0.0,0.0,0.0,0.0,0.0,0.0,0.0,0.0,0.0,0.0,0.0,0.0,0.0,0.0,0.0,0.0,0.0,0.0,0.0,0.0,0.0,0.0,0.0,0.0,0.0,0.0,0.0,0.0,0.0,0.0,0.0,0.0,0.0,0.0,0.0,0.0,0.0,0.0,0.0,0.0,0.0,0.0,0.0,0.0,0.0,0.0,0.0,0.0,0.0,0.0,0.0,0.0,0.0,0.0,0.0,0.0,0.0,0.0,0.0,0.0,0.0,0.0,0.0,0.0,0.0,0.0,0.0,0.0,0.0,0.0,0.0,0.0,0.0,0.0,0.0,0.0,0.0,0.0
200405,0.0,0.0,0.0,0.0,0.0,0.0,0.0,0.0,0.0,0.0,0.0,0.0,0.0,0.0,0.0,0.0,0.0,0.0,0.0,0.0,0.0,0.0,0.0,0.0,0.0,0.0,0.0,0.0,0.0,0.0,0.0,0.0,0.0,0.0,0.0,0.0,0.0,0.0,0.0,0.0,0.0,0.0,0.0,0.0,0.0,0.0,0.0,0.0,0.0,0.0,0.0,0.0,0.0,0.0,0.0,0.0,0.0,0.0,0.0,0.0,0.0,0.0,0.0,0.0,0.0,0.0,0.0,0.0,0.0,0.0,0.0,0.0,0.0,0.0,0.0,0.0,0.0,0.0,0.0,0.0,0.0,0.0,0.0,0.0,0.0,0.0,0.0,0.0,0.0,0.0,0.0,0.0,0.0,0.0,0.0,0.0,0.0,0.0,0.0,0.0,0.0,0.0,0.0,0.0,0.0,0.0,0.0,0.0,0.0,0.0,0.0,0.0,0.0
200406,0.0,0.0,0.0,0.0,0.0,0.0,0.0,0.0,0.0,0.0,0.0,0.0,0.0,0.0,0.0,0.0,0.0,0.0,0.0,0.0,0.0,0.0,0.0,0.0,0.0,0.0,0.0,0.0,0.0,0.0,0.0,0.0,0.0,0.0,0.0,0.0,0.0,0.0,0.0,0.0,0.0,0.0,0.0,0.0,0.0,0.0,0.0,0.0,0.0,0.0,0.0,0.0,0.0,0.0,0.0,0.0,0.0,0.0,0.0,0.0,0.0,0.0,0.0,0.0,0.0,0.0,0.0,0.0,0.0,0.0,0.0,0.0,0.0,0.0,0.0,0.0,0.0,0.0,0.0,0.0,0.0,0.0,0.0,0.0,0.0,0.0,0.0,0.0,0.0,0.0,0.0,0.0,0.0,0.0,0.0,0.0,0.0,0.0,0.0,0.0,0.0,0.0,0.0,0.0,0.0,0.0,0.0,0.0,0.0,0.0,0.0,0.0,0.0
200407,0.0,0.0,0.0,0.0,0.0,0.0,0.0,0.0,0.0,0.0,0.0,0.0,0.0,0.0,0.0,0.0,0.0,0.0,0.0,0.0,0.0,0.0,0.0,0.0,0.0,0.0,0.0,0.0,0.0,0.0,0.0,0.0,0.0,0.0,0.0,0.0,0.0,0.0,0.0,0.0,0.0,0.0,0.0,0.0,0.0,0.0,0.0,0.0,0.0,0.0,0.0,0.0,0.0,0.0,0.0,0.0,0.0,0.0,0.0,0.0,0.0,0.0,0.0,0.0,0.0,0.0,0.0,0.0,0.0,0.0,0.0,0.0,0.0,0.0,0.0,0.0,0.0,0.0,0.0,0.0,0.0,0.0,0.0,0.0,0.0,0.0,0.0,0.0,0.0,0.0,0.0,0.0,0.0,0.0,0.0,0.0,0.0,0.0,0.0,0.0,0.0,0.0,0.0,0.0,0.0,0.0,0.0,0.0,0.0,0.0,0.0,0.0,0.0
200408,0.0,0.0,0.0,0.0,0.0,0.0,0.0,0.0,0.0,0.0,0.0,0.0,0.0,0.0,0.0,0.0,0.0,0.0,0.0,0.0,0.0,0.0,0.0,0.0,0.0,0.0,0.0,0.0,0.0,0.0,0.0,0.0,0.0,0.0,0.0,0.0,0.0,0.0,0.0,0.0,0.0,0.0,0.0,0.0,0.0,0.0,0.0,0.0,0.0,0.0,0.0,0.0,0.0,0.0,0.0,0.0,0.0,0.0,0.0,0.0,0.0,0.0,0.0,0.0,0.0,0.0,0.0,0.0,0.0,0.0,0.0,0.0,0.0,0.0,0.0,0.0,0.0,0.0,0.0,0.0,0.0,0.0,0.0,0.0,0.0,0.0,0.0,0.0,0.0,0.0,0.0,0.0,0.0,0.0,0.0,0.0,0.0,0.0,0.0,0.0,0.0,0.0,0.0,0.0,0.0,0.0,0.0,0.0,0.0,0.0,0.0,0.0,0.0
200409,0.0,0.0,0.0,0.0,0.0,0.0,0.0,0.0,0.0,0.0,0.0,0.0,0.0,0.0,0.0,0.0,0.0,0.0,0.0,0.0,0.0,0.0,0.0,0.0,0.0,0.0,0.0,0.0,0.0,0.0,0.0,0.0,0.0,0.0,0.0,0.0,0.0,0.0,0.0,0.0,0.0,0.0,0.0,0.0,0.0,0.0,0.0,0.0,0.0,0.0,0.0,0.0,0.0,0.0,0.0,0.0,0.0,0.0,0.0,0.0,0.0,0.0,0.0,0.0,0.0,0.0,0.0,0.0,0.0,0.0,0.0,0.0,0.0,0.0,0.0,0.0,0.0,0.0,0.0,0.0,0.0,0.0,0.0,0.0,0.0,0.0,0.0,0.0,0.0,0.0,0.0,0.0,0.0,0.0,0.0,0.0,0.0,0.0,0.0,0.0,0.0,0.0,0.0,0.0,0.0,0.0,0.0,0.0,0.0,0.0,0.0,0.0,0.0
200410,0.0,0.0,0.0,0.0,0.0,0.0,0.0,0.0,0.0,0.0,0.0,0.0,0.0,0.0,0.0,0.0,0.0,0.0,0.0,0.0,0.0,0.0,0.0,0.0,0.0,0.0,0.0,0.0,0.0,0.0,0.0,0.0,0.0,0.0,0.0,0.0,0.0,0.0,0.0,0.0,0.0,0.0,0.0,0.0,0.0,0.0,0.0,0.0,0.0,0.0,0.0,0.0,0.0,0.0,0.0,0.0,0.0,0.0,0.0,0.0,0.0,0.0,0.0,0.0,0.0,0.0,0.0,0.0,0.0,0.0,0.0,0.0,0.0,0.0,0.0,0.0,0.0,0.0,0.0,0.0,0.0,0.0,0.0,0.0,0.0,0.0,0.0,0.0,0.0,0.0,0.0,0.0,0.0,0.0,0.0,0.0,0.0,0.0,0.0,0.0,0.0,0.0,0.0,0.0,0.0,0.0,0.0,0.0,0.0,0.0,0.0,0.0,0.0
200411,0.0,0.0,0.0,0.0,0.0,0.0,0.0,0.0,0.0,0.0,0.0,0.0,0.0,0.0,0.0,0.0,0.0,0.0,0.0,0.0,0.0,0.0,0.0,0.0,0.0,0.0,0.0,0.0,0.0,0.0,0.0,0.0,0.0,0.0,0.0,0.0,0.0,0.0,0.0,0.0,0.0,0.0,0.0,0.0,0.0,0.0,0.0,0.0,0.0,0.0,0.0,0.0,0.0,0.0,0.0,0.0,0.0,0.0,0.0,0.0,0.0,0.0,0.0,0.0,0.0,0.0,0.0,0.0,0.0,0.0,0.0,0.0,0.0,0.0,0.0,0.0,0.0,0.0,0.0,0.0,0.0,0.0,0.0,0.0,0.0,0.0,0.0,0.0,0.0,0.0,0.0,0.0,0.0,0.0,0.0,0.0,0.0,0.0,0.0,0.0,0.0,0.0,0.0,0.0,0.0,0.0,0.0,0.0,0.0,0.0,0.0,0.0,0.0
200412,0.0,0.0,0.0,0.0,0.0,0.0,0.0,0.0,0.0,0.0,0.0,0.0,0.0,0.0,0.0,0.0,0.0,0.0,0.0,0.0,0.0,0.0,0.0,0.0,0.0,0.0,0.0,0.0,0.0,0.0,0.0,0.0,0.0,0.0,0.0,0.0,0.0,0.0,0.0,0.0,0.0,0.0,0.0,0.0,0.0,0.0,0.0,0.0,0.0,0.0,0.0,0.0,0.0,0.0,0.0,0.0,0.0,0.0,0.0,0.0,0.0,0.0,0.0,0.0,0.0,0.0,0.0,0.0,0.0,0.0,0.0,0.0,0.0,0.0,0.0,0.0,0.0,0.0,0.0,0.0,0.0,0.0,0.0,0.0,0.0,0.0,0.0,0.0,0.0,0.0,0.0,0.0,0.0,0.0,0.0,0.0,0.0,0.0,0.0,0.0,0.0,0.0,0.0,0.0,0.0,0.0,0.0,0.0,0.0,0.0,0.0,0.0,0.0
200501,0.0,0.0,0.0,0.0,0.0,0.0,0.0,0.0,0.0,0.0,0.0,0.0,0.0,0.0,0.0,0.0,0.0,0.0,0.0,0.0,0.0,0.0,0.0,0.0,0.0,0.0,0.0,0.0,0.0,0.0,0.0,0.0,0.0,0.0,0.0,0.0,0.0,0.0,0.0,0.0,0.0,0.0,0.0,0.0,0.0,0.0,0.0,0.0,0.0,0.0,0.0,0.0,0.0,0.0,0.0,0.0,0.0,0.0,0.0,0.0,0.0,0.0,0.0,0.0,0.0,0.0,0.0,0.0,0.0,0.0,0.0,0.0,0.0,0.0,0.0,0.0,0.0,0.0,0.0,0.0,0.0,0.0,0.0,0.0,0.0,0.0,0.0,0.0,0.0,0.0,0.0,0.0,0.0,0.0,0.0,0.0,0.0,0.0,0.0,0.0,0.0,0.0,0.0,0.0,0.0,0.0,0.0,0.0,0.0,0.0,0.0,0.0,0.0
200502,0.0,0.0,0.0,0.0,0.0,0.0,0.0,0.0,0.0,0.0,0.0,0.0,0.0,0.0,0.0,0.0,0.0,0.0,0.0,0.0,0.0,0.0,0.0,0.0,0.0,0.0,0.0,0.0,0.0,0.0,0.0,0.0,0.0,0.0,0.0,0.0,0.0,0.0,0.0,0.0,0.0,0.0,0.0,0.0,0.0,0.0,0.0,0.0,0.0,0.0,0.0,0.0,0.0,0.0,0.0,0.0,0.0,0.0,0.0,0.0,0.0,0.0,0.0,0.0,0.0,0.0,0.0,0.0,0.0,0.0,0.0,0.0,0.0,0.0,0.0,0.0,0.0,0.0,0.0,0.0,0.0,0.0,0.0,0.0,0.0,0.0,0.0,0.0,0.0,0.0,0.0,0.0,0.0,0.0,0.0,0.0,0.0,0.0,0.0,0.0,0.0,0.0,0.0,0.0,0.0,0.0,0.0,0.0,0.0,0.0,0.0,0.0,0.0
200503,0.0,0.0,0.0,0.0,0.0,0.0,0.0,0.0,0.0,0.0,0.0,0.0,0.0,0.0,0.0,0.0,0.0,0.0,0.0,0.0,0.0,0.0,0.0,0.0,0.0,0.0,0.0,0.0,0.0,0.0,0.0,0.0,0.0,0.0,0.0,0.0,0.0,0.0,0.0,0.0,0.0,0.0,0.0,0.0,0.0,0.0,0.0,0.0,0.0,0.0,0.0,0.0,0.0,0.0,0.0,0.0,0.0,0.0,0.0,0.0,0.0,0.0,0.0,0.0,0.0,0.0,0.0,0.0,0.0,0.0,0.0,0.0,0.0,0.0,0.0,0.0,0.0,0.0,0.0,0.0,0.0,0.0,0.0,0.0,0.0,0.0,0.0,0.0,0.0,0.0,0.0,0.0,0.0,0.0,0.0,0.0,0.0,0.0,0.0,0.0,0.0,0.0,0.0,0.0,0.0,0.0,0.0,0.0,0.0,0.0,0.0,0.0,0.0
200504,0.0,0.0,0.0,0.0,0.0,0.0,0.0,0.0,0.0,0.0,0.0,0.0,0.0,0.0,0.0,0.0,0.0,0.0,0.0,0.0,0.0,0.0,0.0,0.0,0.0,0.0,0.0,0.0,0.0,0.0,0.0,0.0,0.0,0.0,0.0,0.0,0.0,0.0,0.0,0.0,0.0,0.0,0.0,0.0,0.0,0.0,0.0,0.0,0.0,0.0,0.0,0.0,0.0,0.0,0.0,0.0,0.0,0.0,0.0,0.0,0.0,0.0,0.0,0.0,0.0,0.0,0.0,0.0,0.0,0.0,0.0,0.0,0.0,0.0,0.0,0.0,0.0,0.0,0.0,0.0,0.0,0.0,0.0,0.0,0.0,0.0,0.0,0.0,0.0,0.0,0.0,0.0,0.0,0.0,0.0,0.0,0.0,0.0,0.0,0.0,0.0,0.0,0.0,0.0,0.0,0.0,0.0,0.0,0.0,0.0,0.0,0.0,0.0
200505,0.0,0.0,0.0,0.0,0.0,0.0,0.0,0.0,0.0,0.0,0.0,0.0,0.0,0.0,0.0,0.0,0.0,0.0,0.0,0.0,0.0,0.0,0.0,0.0,0.0,0.0,0.0,0.0,0.0,0.0,0.0,0.0,0.0,0.0,0.0,0.0,0.0,0.0,0.0,0.0,0.0,0.0,0.0,0.0,0.0,0.0,0.0,0.0,0.0,0.0,0.0,0.0,0.0,0.0,0.0,0.0,0.0,0.0,0.0,0.0,0.0,0.0,0.0,0.0,0.0,0.0,0.0,0.0,0.0,0.0,0.0,0.0,0.0,0.0,0.0,0.0,0.0,0.0,0.0,0.0,0.0,0.0,0.0,0.0,0.0,0.0,0.0,0.0,0.0,0.0,0.0,0.0,0.0,0.0,0.0,0.0,0.0,0.0,0.0,0.0,0.0,0.0,0.0,0.0,0.0,0.0,0.0,0.0,0.0,0.0,0.0,0.0,0.0
200506,0.0,0.0,0.0,0.0,0.0,0.0,0.0,0.0,0.0,0.0,0.0,0.0,0.0,0.0,0.0,0.0,0.0,0.0,0.0,0.0,0.0,0.0,0.0,0.0,0.0,0.0,0.0,0.0,0.0,0.0,0.0,0.0,0.0,0.0,0.0,0.0,0.0,0.0,0.0,0.0,0.0,0.0,0.0,0.0,0.0,0.0,0.0,0.0,0.0,0.0,0.0,0.0,0.0,0.0,0.0,0.0,0.0,0.0,0.0,0.0,0.0,0.0,0.0,0.0,0.0,0.0,0.0,0.0,0.0,0.0,0.0,0.0,0.0,0.0,0.0,0.0,0.0,0.0,0.0,0.0,0.0,0.0,0.0,0.0,0.0,0.0,0.0,0.0,0.0,0.0,0.0,0.0,0.0,0.0,0.0,0.0,0.0,0.0,0.0,0.0,0.0,0.0,0.0,0.0,0.0,0.0,0.0,0.0,0.0,0.0,0.0,0.0,0.0
200507,0.0,0.0,0.0,0.0,0.0,0.0,0.0,0.0,0.0,0.0,0.0,0.0,0.0,0.0,0.0,0.0,0.0,0.0,0.0,0.0,0.0,0.0,0.0,0.0,0.0,0.0,0.0,0.0,0.0,0.0,0.0,0.0,0.0,0.0,0.0,0.0,0.0,0.0,0.0,0.0,0.0,0.0,0.0,0.0,0.0,0.0,0.0,0.0,0.0,0.0,0.0,0.0,0.0,0.0,0.0,0.0,0.0,0.0,0.0,0.0,0.0,0.0,0.0,0.0,0.0,0.0,0.0,0.0,0.0,0.0,0.0,0.0,0.0,0.0,0.0,0.0,0.0,0.0,0.0,0.0,0.0,0.0,0.0,0.0,0.0,0.0,0.0,0.0,0.0,0.0,0.0,0.0,0.0,0.0,0.0,0.0,0.0,0.0,0.0,0.0,0.0,0.0,0.0,0.0,0.0,0.0,0.0,0.0,0.0,0.0,0.0,0.0,0.0
200508,0.0,0.0,0.0,0.0,0.0,0.0,0.0,0.0,0.0,0.0,0.0,0.0,0.0,0.0,0.0,0.0,0.0,0.0,0.0,0.0,0.0,0.0,0.0,0.0,0.0,0.0,0.0,0.0,0.0,0.0,0.0,0.0,0.0,0.0,0.0,0.0,0.0,0.0,0.0,0.0,0.0,0.0,0.0,0.0,0.0,0.0,0.0,0.0,0.0,0.0,0.0,0.0,0.0,0.0,0.0,0.0,0.0,0.0,0.0,0.0,0.0,0.0,0.0,0.0,0.0,0.0,0.0,0.0,0.0,0.0,0.0,0.0,0.0,0.0,0.0,0.0,0.0,0.0,0.0,0.0,0.0,0.0,0.0,0.0,0.0,0.0,0.0,0.0,0.0,0.0,0.0,0.0,0.0,0.0,0.0,0.0,0.0,0.0,0.0,0.0,0.0,0.0,0.0,0.0,0.0,0.0,0.0,0.0,0.0,0.0,0.0,0.0,0.0
200509,0.0,0.0,0.0,0.0,0.0,0.0,0.0,0.0,0.0,0.0,0.0,0.0,0.0,0.0,0.0,0.0,0.0,0.0,0.0,0.0,0.0,0.0,0.0,0.0,0.0,0.0,0.0,0.0,0.0,0.0,0.0,0.0,0.0,0.0,0.0,0.0,0.0,0.0,0.0,0.0,0.0,0.0,0.0,0.0,0.0,0.0,0.0,0.0,0.0,0.0,0.0,0.0,0.0,0.0,0.0,0.0,0.0,0.0,0.0,0.0,0.0,0.0,0.0,0.0,0.0,0.0,0.0,0.0,0.0,0.0,0.0,0.0,0.0,0.0,0.0,0.0,0.0,0.0,0.0,0.0,0.0,0.0,0.0,0.0,0.0,0.0,0.0,0.0,0.0,0.0,0.0,0.0,0.0,0.0,0.0,0.0,0.0,0.0,0.0,0.0,0.0,0.0,0.0,0.0,0.0,0.0,0.0,0.0,0.0,0.0,0.0,0.0,0.0
200510,0.0,0.0,0.0,0.0,0.0,0.0,0.0,0.0,0.0,0.0,0.0,0.0,0.0,0.0,0.0,0.0,0.0,0.0,0.0,0.0,0.0,0.0,0.0,0.0,0.0,0.0,0.0,0.0,0.0,0.0,0.0,0.0,0.0,0.0,0.0,0.0,0.0,0.0,0.0,0.0,0.0,0.0,0.0,0.0,0.0,0.0,0.0,0.0,0.0,0.0,0.0,0.0,0.0,0.0,0.0,0.0,0.0,0.0,0.0,0.0,0.0,0.0,0.0,0.0,0.0,0.0,0.0,0.0,0.0,0.0,0.0,0.0,0.0,0.0,0.0,0.0,0.0,0.0,0.0,0.0,0.0,0.0,0.0,0.0,0.0,0.0,0.0,0.0,0.0,0.0,0.0,0.0,0.0,0.0,0.0,0.0,0.0,0.0,0.0,0.0,0.0,0.0,0.0,0.0,0.0,0.0,0.0,0.0,0.0,0.0,0.0,0.0,0.0
200511,0.0,0.0,0.0,0.0,0.0,0.0,0.0,0.0,0.0,0.0,0.0,0.0,0.0,0.0,0.0,0.0,0.0,0.0,0.0,0.0,0.0,0.0,0.0,0.0,0.0,0.0,0.0,0.0,0.0,0.0,0.0,0.0,0.0,0.0,0.0,0.0,0.0,0.0,0.0,0.0,0.0,0.0,0.0,0.0,0.0,0.0,0.0,0.0,0.0,0.0,0.0,0.0,0.0,0.0,0.0,0.0,0.0,0.0,0.0,0.0,0.0,0.0,0.0,0.0,0.0,0.0,0.0,0.0,0.0,0.0,0.0,0.0,0.0,0.0,0.0,0.0,0.0,0.0,0.0,0.0,0.0,0.0,0.0,0.0,0.0,0.0,0.0,0.0,0.0,0.0,0.0,0.0,0.0,0.0,0.0,0.0,0.0,0.0,0.0,0.0,0.0,0.0,0.0,0.0,0.0,0.0,0.0,0.0,0.0,0.0,0.0,0.0,0.0
200512,0.0,0.0,0.0,0.0,0.0,0.0,0.0,0.0,0.0,0.0,0.0,0.0,0.0,0.0,0.0,0.0,0.0,0.0,0.0,0.0,0.0,0.0,0.0,0.0,0.0,0.0,0.0,0.0,0.0,0.0,0.0,0.0,0.0,0.0,0.0,0.0,0.0,0.0,0.0,0.0,0.0,0.0,0.0,0.0,0.0,0.0,0.0,0.0,0.0,0.0,0.0,0.0,0.0,0.0,0.0,0.0,0.0,0.0,0.0,0.0,0.0,0.0,0.0,0.0,0.0,0.0,0.0,0.0,0.0,0.0,0.0,0.0,0.0,0.0,0.0,0.0,0.0,0.0,0.0,0.0,0.0,0.0,0.0,0.0,0.0,0.0,0.0,0.0,0.0,0.0,0.0,0.0,0.0,0.0,0.0,0.0,0.0,0.0,0.0,0.0,0.0,0.0,0.0,0.0,0.0,0.0,0.0,0.0,0.0,0.0,0.0,0.0,0.0
200601,0.0,0.0,0.0,0.0,0.0,0.0,0.0,0.0,0.0,0.0,0.0,0.0,0.0,0.0,0.0,0.0,0.0,0.0,0.0,0.0,0.0,0.0,0.0,0.0,0.0,0.0,0.0,0.0,0.0,0.0,0.0,0.0,0.0,0.0,0.0,0.0,0.0,0.0,0.0,0.0,0.0,0.0,0.0,0.0,0.0,0.0,0.0,0.0,0.0,0.0,0.0,0.0,0.0,0.0,0.0,0.0,0.0,0.0,0.0,0.0,0.0,0.0,0.0,0.0,0.0,0.0,0.0,0.0,0.0,0.0,0.0,0.0,0.0,0.0,0.0,0.0,0.0,0.0,0.0,0.0,0.0,0.0,0.0,0.0,0.0,0.0,0.0,0.0,0.0,0.0,0.0,0.0,0.0,0.0,0.0,0.0,0.0,0.0,0.0,0.0,0.0,0.0,0.0,0.0,0.0,0.0,0.0,0.0,0.0,0.0,0.0,0.0,0.0
200602,0.0,0.0,0.0,0.0,0.0,0.0,0.0,0.0,0.0,0.0,0.0,0.0,0.0,0.0,0.0,0.0,0.0,0.0,0.0,0.0,0.0,0.0,0.0,0.0,0.0,0.0,0.0,0.0,0.0,0.0,0.0,0.0,0.0,0.0,0.0,0.0,0.0,0.0,0.0,0.0,0.0,0.0,0.0,0.0,0.0,0.0,0.0,0.0,0.0,0.0,0.0,0.0,0.0,0.0,0.0,0.0,0.0,0.0,0.0,0.0,0.0,0.0,0.0,0.0,0.0,0.0,0.0,0.0,0.0,0.0,0.0,0.0,0.0,0.0,0.0,0.0,0.0,0.0,0.0,0.0,0.0,0.0,0.0,0.0,0.0,0.0,0.0,0.0,0.0,0.0,0.0,0.0,0.0,0.0,0.0,0.0,0.0,0.0,0.0,0.0,0.0,0.0,0.0,0.0,0.0,0.0,0.0,0.0,0.0,0.0,0.0,0.0,0.0
200603,0.0,0.0,0.0,0.0,0.0,0.0,0.0,0.0,0.0,0.0,0.0,0.0,0.0,0.0,0.0,0.0,0.0,0.0,0.0,0.0,0.0,0.0,0.0,0.0,0.0,0.0,0.0,0.0,0.0,0.0,0.0,0.0,0.0,0.0,0.0,0.0,0.0,0.0,0.0,0.0,0.0,0.0,0.0,0.0,0.0,0.0,0.0,0.0,0.0,0.0,0.0,0.0,0.0,0.0,0.0,0.0,0.0,0.0,0.0,0.0,0.0,0.0,0.0,0.0,0.0,0.0,0.0,0.0,0.0,0.0,0.0,0.0,0.0,0.0,0.0,0.0,0.0,0.0,0.0,0.0,0.0,0.0,0.0,0.0,0.0,0.0,0.0,0.0,0.0,0.0,0.0,0.0,0.0,0.0,0.0,0.0,0.0,0.0,0.0,0.0,0.0,0.0,0.0,0.0,0.0,0.0,0.0,0.0,0.0,0.0,0.0,0.0,0.0
200604,0.0,0.0,0.0,0.0,0.0,0.0,0.0,0.0,0.0,0.0,0.0,0.0,0.0,0.0,0.0,0.0,0.0,0.0,0.0,0.0,0.0,0.0,0.0,0.0,0.0,0.0,0.0,0.0,0.0,0.0,0.0,0.0,0.0,0.0,0.0,0.0,0.0,0.0,0.0,0.0,0.0,0.0,0.0,0.0,0.0,0.0,0.0,0.0,0.0,0.0,0.0,0.0,0.0,0.0,0.0,0.0,0.0,0.0,0.0,0.0,0.0,0.0,0.0,0.0,0.0,0.0,0.0,0.0,0.0,0.0,0.0,0.0,0.0,0.0,0.0,0.0,0.0,0.0,0.0,0.0,0.0,0.0,0.0,0.0,0.0,0.0,0.0,0.0,0.0,0.0,0.0,0.0,0.0,0.0,0.0,0.0,0.0,0.0,0.0,0.0,0.0,0.0,0.0,0.0,0.0,0.0,0.0,0.0,0.0,0.0,0.0,0.0,0.0
200605,0.0,0.0,0.0,0.0,0.0,0.0,0.0,0.0,0.0,0.0,0.0,0.0,0.0,0.0,0.0,0.0,0.0,0.0,0.0,0.0,0.0,0.0,0.0,0.0,0.0,0.0,0.0,0.0,0.0,0.0,0.0,0.0,0.0,0.0,0.0,0.0,0.0,0.0,0.0,0.0,0.0,0.0,0.0,0.0,0.0,0.0,0.0,0.0,0.0,0.0,0.0,0.0,0.0,0.0,0.0,0.0,0.0,0.0,0.0,0.0,0.0,0.0,0.0,0.0,0.0,0.0,0.0,0.0,0.0,0.0,0.0,0.0,0.0,0.0,0.0,0.0,0.0,0.0,0.0,0.0,0.0,0.0,0.0,0.0,0.0,0.0,0.0,0.0,0.0,0.0,0.0,0.0,0.0,0.0,0.0,0.0,0.0,0.0,0.0,0.0,0.0,0.0,0.0,0.0,0.0,0.0,0.0,0.0,0.0,0.0,0.0,0.0,0.0
200606,0.0,0.0,0.0,0.0,0.0,0.0,0.0,0.0,0.0,0.0,0.0,0.0,0.0,0.0,0.0,0.0,0.0,0.0,0.0,0.0,0.0,0.0,0.0,0.0,0.0,0.0,0.0,0.0,0.0,0.0,0.0,0.0,0.0,0.0,0.0,0.0,0.0,0.0,0.0,0.0,0.0,0.0,0.0,0.0,0.0,0.0,0.0,0.0,0.0,0.0,0.0,0.0,0.0,0.0,0.0,0.0,0.0,0.0,0.0,0.0,0.0,0.0,0.0,0.0,0.0,0.0,0.0,0.0,0.0,0.0,0.0,0.0,0.0,0.0,0.0,0.0,0.0,0.0,0.0,0.0,0.0,0.0,0.0,0.0,0.0,0.0,0.0,0.0,0.0,0.0,0.0,0.0,0.0,0.0,0.0,0.0,0.0,0.0,0.0,0.0,0.0,0.0,0.0,0.0,0.0,0.0,0.0,0.0,0.0,0.0,0.0,0.0,0.0
200607,0.0,0.0,0.0,0.0,0.0,0.0,0.0,0.0,0.0,0.0,0.0,0.0,0.0,0.0,0.0,0.0,0.0,0.0,0.0,0.0,0.0,0.0,0.0,0.0,0.0,0.0,0.0,0.0,0.0,0.0,0.0,0.0,0.0,0.0,0.0,0.0,0.0,0.0,0.0,0.0,0.0,0.0,0.0,0.0,0.0,0.0,0.0,0.0,0.0,0.0,0.0,0.0,0.0,0.0,0.0,0.0,0.0,0.0,0.0,0.0,0.0,0.0,0.0,0.0,0.0,0.0,0.0,0.0,0.0,0.0,0.0,0.0,0.0,0.0,0.0,0.0,0.0,0.0,0.0,0.0,0.0,0.0,0.0,0.0,0.0,0.0,0.0,0.0,0.0,0.0,0.0,0.0,0.0,0.0,0.0,0.0,0.0,0.0,0.0,0.0,0.0,0.0,0.0,0.0,0.0,0.0,0.0,0.0,0.0,0.0,0.0,0.0,0.0
200608,0.0,0.0,0.0,0.0,0.0,0.0,0.0,0.0,0.0,0.0,0.0,0.0,0.0,0.0,0.0,0.0,0.0,0.0,0.0,0.0,0.0,0.0,0.0,0.0,0.0,0.0,0.0,0.0,0.0,0.0,0.0,0.0,0.0,0.0,0.0,0.0,0.0,0.0,0.0,0.0,0.0,0.0,0.0,0.0,0.0,0.0,0.0,0.0,0.0,0.0,0.0,0.0,0.0,0.0,0.0,0.0,0.0,0.0,0.0,0.0,0.0,0.0,0.0,0.0,0.0,0.0,0.0,0.0,0.0,0.0,0.0,0.0,0.0,0.0,0.0,0.0,0.0,0.0,0.0,0.0,0.0,0.0,0.0,0.0,0.0,0.0,0.0,0.0,0.0,0.0,0.0,0.0,0.0,0.0,0.0,0.0,0.0,0.0,0.0,0.0,0.0,0.0,0.0,0.0,0.0,0.0,0.0,0.0,0.0,0.0,0.0,0.0,0.0
200609,0.0,0.0,0.0,0.0,0.0,0.0,0.0,0.0,0.0,0.0,0.0,0.0,0.0,0.0,0.0,0.0,0.0,0.0,0.0,0.0,0.0,0.0,0.0,0.0,0.0,0.0,0.0,0.0,0.0,0.0,0.0,0.0,0.0,0.0,0.0,0.0,0.0,0.0,0.0,0.0,0.0,0.0,0.0,0.0,0.0,0.0,0.0,0.0,0.0,0.0,0.0,0.0,0.0,0.0,0.0,0.0,0.0,0.0,0.0,0.0,0.0,0.0,0.0,0.0,0.0,0.0,0.0,0.0,0.0,0.0,0.0,0.0,0.0,0.0,0.0,0.0,0.0,0.0,0.0,0.0,0.0,0.0,0.0,0.0,0.0,0.0,0.0,0.0,0.0,0.0,0.0,0.0,0.0,0.0,0.0,0.0,0.0,0.0,0.0,0.0,0.0,0.0,0.0,0.0,0.0,0.0,0.0,0.0,0.0,0.0,0.0,0.0,0.0
200610,0.0,0.0,0.0,0.0,0.0,0.0,0.0,0.0,0.0,0.0,0.0,0.0,0.0,0.0,0.0,0.0,0.0,0.0,0.0,0.0,0.0,0.0,0.0,0.0,0.0,0.0,0.0,0.0,0.0,0.0,0.0,0.0,0.0,0.0,0.0,0.0,0.0,0.0,0.0,0.0,0.0,0.0,0.0,0.0,0.0,0.0,0.0,0.0,0.0,0.0,0.0,0.0,0.0,0.0,0.0,0.0,0.0,0.0,0.0,0.0,0.0,0.0,0.0,0.0,0.0,0.0,0.0,0.0,0.0,0.0,0.0,0.0,0.0,0.0,0.0,0.0,0.0,0.0,0.0,0.0,0.0,0.0,0.0,0.0,0.0,0.0,0.0,0.0,0.0,0.0,0.0,0.0,0.0,0.0,0.0,0.0,0.0,0.0,0.0,0.0,0.0,0.0,0.0,0.0,0.0,0.0,0.0,0.0,0.0,0.0,0.0,0.0,0.0
200611,0.0,0.0,0.0,0.0,0.0,0.0,0.0,0.0,0.0,0.0,0.0,0.0,0.0,0.0,0.0,0.0,0.0,0.0,0.0,0.0,0.0,0.0,0.0,0.0,0.0,0.0,0.0,0.0,0.0,0.0,0.0,0.0,0.0,0.0,0.0,0.0,0.0,0.0,0.0,0.0,0.0,0.0,0.0,0.0,0.0,0.0,0.0,0.0,0.0,0.0,0.0,0.0,0.0,0.0,0.0,0.0,0.0,0.0,0.0,0.0,0.0,0.0,0.0,0.0,0.0,0.0,0.0,0.0,0.0,0.0,0.0,0.0,0.0,0.0,0.0,0.0,0.0,0.0,0.0,0.0,0.0,0.0,0.0,0.0,0.0,0.0,0.0,0.0,0.0,0.0,0.0,0.0,0.0,0.0,0.0,0.0,0.0,0.0,0.0,0.0,0.0,0.0,0.0,0.0,0.0,0.0,0.0,0.0,0.0,0.0,0.0,0.0,0.0
200612,0.0,0.0,0.0,0.0,0.0,0.0,0.0,0.0,0.0,0.0,0.0,0.0,0.0,0.0,0.0,0.0,0.0,0.0,0.0,0.0,0.0,0.0,0.0,0.0,0.0,0.0,0.0,0.0,0.0,0.0,0.0,0.0,0.0,0.0,0.0,0.0,0.0,0.0,0.0,0.0,0.0,0.0,0.0,0.0,0.0,0.0,0.0,0.0,0.0,0.0,0.0,0.0,0.0,0.0,0.0,0.0,0.0,0.0,0.0,0.0,0.0,0.0,0.0,0.0,0.0,0.0,0.0,0.0,0.0,0.0,0.0,0.0,0.0,0.0,0.0,0.0,0.0,0.0,0.0,0.0,0.0,0.0,0.0,0.0,0.0,0.0,0.0,0.0,0.0,0.0,0.0,0.0,0.0,0.0,0.0,0.0,0.0,0.0,0.0,0.0,0.0,0.0,0.0,0.0,0.0,0.0,0.0,0.0,0.0,0.0,0.0,0.0,0.0
200701,0.0,0.0,0.0,0.0,0.0,0.0,0.0,0.0,0.0,0.0,0.0,0.0,0.0,0.0,0.0,0.0,0.0,0.0,0.0,0.0,0.0,0.0,0.0,0.0,0.0,0.0,0.0,0.0,0.0,0.0,0.0,0.0,0.0,0.0,0.0,0.0,0.0,0.0,0.0,0.0,0.0,0.0,0.0,0.0,0.0,0.0,0.0,0.0,0.0,0.0,0.0,0.0,0.0,0.0,0.0,0.0,0.0,0.0,0.0,0.0,0.0,0.0,0.0,0.0,0.0,0.0,0.0,0.0,0.0,0.0,0.0,0.0,0.0,0.0,0.0,0.0,0.0,0.0,0.0,0.0,0.0,0.0,0.0,0.0,0.0,0.0,0.0,0.0,0.0,0.0,0.0,0.0,0.0,0.0,0.0,0.0,0.0,0.0,0.0,0.0,0.0,0.0,0.0,0.0,0.0,0.0,0.0,0.0,0.0,0.0,0.0,0.0,0.0
200702,0.0,0.0,0.0,0.0,0.0,0.0,0.0,0.0,0.0,0.0,0.0,0.0,0.0,0.0,0.0,0.0,0.0,0.0,0.0,0.0,0.0,0.0,0.0,0.0,0.0,0.0,0.0,0.0,0.0,0.0,0.0,0.0,0.0,0.0,0.0,0.0,0.0,0.0,0.0,0.0,0.0,0.0,0.0,0.0,0.0,0.0,0.0,0.0,0.0,0.0,0.0,0.0,0.0,0.0,0.0,0.0,0.0,0.0,0.0,0.0,0.0,0.0,0.0,0.0,0.0,0.0,0.0,0.0,0.0,0.0,0.0,0.0,0.0,0.0,0.0,0.0,0.0,0.0,0.0,0.0,0.0,0.0,0.0,0.0,0.0,0.0,0.0,0.0,0.0,0.0,0.0,0.0,0.0,0.0,0.0,0.0,0.0,0.0,0.0,0.0,0.0,0.0,0.0,0.0,0.0,0.0,0.0,0.0,0.0,0.0,0.0,0.0,0.0
200703,0.0,0.0,0.0,0.0,0.0,0.0,0.0,0.0,0.0,0.0,0.0,0.0,0.0,0.0,0.0,0.0,0.0,0.0,0.0,0.0,0.0,0.0,0.0,0.0,0.0,0.0,0.0,0.0,0.0,0.0,0.0,0.0,0.0,0.0,0.0,0.0,0.0,0.0,0.0,0.0,0.0,0.0,0.0,0.0,0.0,0.0,0.0,0.0,0.0,0.0,0.0,0.0,0.0,0.0,0.0,0.0,0.0,0.0,0.0,0.0,0.0,0.0,0.0,0.0,0.0,0.0,0.0,0.0,0.0,0.0,0.0,0.0,0.0,0.0,0.0,0.0,0.0,0.0,0.0,0.0,0.0,0.0,0.0,0.0,0.0,0.0,0.0,0.0,0.0,0.0,0.0,0.0,0.0,0.0,0.0,0.0,0.0,0.0,0.0,0.0,0.0,0.0,0.0,0.0,0.0,0.0,0.0,0.0,0.0,0.0,0.0,0.0,0.0
200704,0.0,0.0,0.0,0.0,0.0,0.0,0.0,0.0,0.0,0.0,0.0,0.0,0.0,0.0,0.0,0.0,0.0,0.0,0.0,0.0,0.0,0.0,0.0,0.0,0.0,0.0,0.0,0.0,0.0,0.0,0.0,0.0,0.0,0.0,0.0,0.0,0.0,0.0,0.0,0.0,0.0,0.0,0.0,0.0,0.0,0.0,0.0,0.0,0.0,0.0,0.0,0.0,0.0,0.0,0.0,0.0,0.0,0.0,0.0,0.0,0.0,0.0,0.0,0.0,0.0,0.0,0.0,0.0,0.0,0.0,0.0,0.0,0.0,0.0,0.0,0.0,0.0,0.0,0.0,0.0,0.0,0.0,0.0,0.0,0.0,0.0,0.0,0.0,0.0,0.0,0.0,0.0,0.0,0.0,0.0,0.0,0.0,0.0,0.0,0.0,0.0,0.0,0.0,0.0,0.0,0.0,0.0,0.0,0.0,0.0,0.0,0.0,0.0
200705,0.0,0.0,0.0,0.0,0.0,0.0,0.0,0.0,0.0,0.0,0.0,0.0,0.0,0.0,0.0,0.0,0.0,0.0,0.0,0.0,0.0,0.0,0.0,0.0,0.0,0.0,0.0,0.0,0.0,0.0,0.0,0.0,0.0,0.0,0.0,0.0,0.0,0.0,0.0,0.0,0.0,0.0,0.0,0.0,0.0,0.0,0.0,0.0,0.0,0.0,0.0,0.0,0.0,0.0,0.0,0.0,0.0,0.0,0.0,0.0,0.0,0.0,0.0,0.0,0.0,0.0,0.0,0.0,0.0,0.0,0.0,0.0,0.0,0.0,0.0,0.0,0.0,0.0,0.0,0.0,0.0,0.0,0.0,0.0,0.0,0.0,0.0,0.0,0.0,0.0,0.0,0.0,0.0,0.0,0.0,0.0,0.0,0.0,0.0,0.0,0.0,0.0,0.0,0.0,0.0,0.0,0.0,0.0,0.0,0.0,0.0,0.0,0.0
200706,0.0,0.0,0.0,0.0,0.0,0.0,0.0,0.0,0.0,0.0,0.0,0.0,0.0,0.0,0.0,0.0,0.0,0.0,0.0,0.0,0.0,0.0,0.0,0.0,0.0,0.0,0.0,0.0,0.0,0.0,0.0,0.0,0.0,0.0,0.0,0.0,0.0,0.0,0.0,0.0,0.0,0.0,0.0,0.0,0.0,0.0,0.0,0.0,0.0,0.0,0.0,0.0,0.0,0.0,0.0,0.0,0.0,0.0,0.0,0.0,0.0,0.0,0.0,0.0,0.0,0.0,0.0,0.0,0.0,0.0,0.0,0.0,0.0,0.0,0.0,0.0,0.0,0.0,0.0,0.0,0.0,0.0,0.0,0.0,0.0,0.0,0.0,0.0,0.0,0.0,0.0,0.0,0.0,0.0,0.0,0.0,0.0,0.0,0.0,0.0,0.0,0.0,0.0,0.0,0.0,0.0,0.0,0.0,0.0,0.0,0.0,0.0,0.0
200707,0.0,0.0,0.0,0.0,0.0,0.0,0.0,0.0,0.0,0.0,0.0,0.0,0.0,0.0,0.0,0.0,0.0,0.0,0.0,0.0,0.0,0.0,0.0,0.0,0.0,0.0,0.0,0.0,0.0,0.0,0.0,0.0,0.0,0.0,0.0,0.0,0.0,0.0,0.0,0.0,0.0,0.0,0.0,0.0,0.0,0.0,0.0,0.0,0.0,0.0,0.0,0.0,0.0,0.0,0.0,0.0,0.0,0.0,0.0,0.0,0.0,0.0,0.0,0.0,0.0,0.0,0.0,0.0,0.0,0.0,0.0,0.0,0.0,0.0,0.0,0.0,0.0,0.0,0.0,0.0,0.0,0.0,0.0,0.0,0.0,0.0,0.0,0.0,0.0,0.0,0.0,0.0,0.0,0.0,0.0,0.0,0.0,0.0,0.0,0.0,0.0,0.0,0.0,0.0,0.0,0.0,0.0,0.0,0.0,0.0,0.0,0.0,0.0
200708,0.0,0.0,0.0,0.0,0.0,0.0,0.0,0.0,0.0,0.0,0.0,0.0,0.0,0.0,0.0,0.0,0.0,0.0,0.0,0.0,0.0,0.0,0.0,0.0,0.0,0.0,0.0,0.0,0.0,0.0,0.0,0.0,0.0,0.0,0.0,0.0,0.0,0.0,0.0,0.0,0.0,0.0,0.0,0.0,0.0,0.0,0.0,0.0,0.0,0.0,0.0,0.0,0.0,0.0,0.0,0.0,0.0,0.0,0.0,0.0,0.0,0.0,0.0,0.0,0.0,0.0,0.0,0.0,0.0,0.0,0.0,0.0,0.0,0.0,0.0,0.0,0.0,0.0,0.0,0.0,0.0,0.0,0.0,0.0,0.0,0.0,0.0,0.0,0.0,0.0,0.0,0.0,0.0,0.0,0.0,0.0,0.0,0.0,0.0,0.0,0.0,0.0,0.0,0.0,0.0,0.0,0.0,0.0,0.0,0.0,0.0,0.0,0.0
200709,0.0,0.0,0.0,0.0,0.0,0.0,0.0,0.0,0.0,0.0,0.0,0.0,0.0,0.0,0.0,0.0,0.0,0.0,0.0,0.0,0.0,0.0,0.0,0.0,0.0,0.0,0.0,0.0,0.0,0.0,0.0,0.0,0.0,0.0,0.0,0.0,0.0,0.0,0.0,0.0,0.0,0.0,0.0,0.0,0.0,0.0,0.0,0.0,0.0,0.0,0.0,0.0,0.0,0.0,0.0,0.0,0.0,0.0,0.0,0.0,0.0,0.0,0.0,0.0,0.0,0.0,0.0,0.0,0.0,0.0,0.0,0.0,0.0,0.0,0.0,0.0,0.0,0.0,0.0,0.0,0.0,0.0,0.0,0.0,0.0,0.0,0.0,0.0,0.0,0.0,0.0,0.0,0.0,0.0,0.0,0.0,0.0,0.0,0.0,0.0,0.0,0.0,0.0,0.0,0.0,0.0,0.0,0.0,0.0,0.0,0.0,0.0,0.0
200710,0.0,0.0,0.0,0.0,0.0,0.0,0.0,0.0,0.0,0.0,0.0,0.0,0.0,0.0,0.0,0.0,0.0,0.0,0.0,0.0,0.0,0.0,0.0,0.0,0.0,0.0,0.0,0.0,0.0,0.0,0.0,0.0,0.0,0.0,0.0,0.0,0.0,0.0,0.0,0.0,0.0,0.0,0.0,0.0,0.0,0.0,0.0,0.0,0.0,0.0,0.0,0.0,0.0,0.0,0.0,0.0,0.0,0.0,0.0,0.0,0.0,0.0,0.0,0.0,0.0,0.0,0.0,0.0,0.0,0.0,0.0,0.0,0.0,0.0,0.0,0.0,0.0,0.0,0.0,0.0,0.0,0.0,0.0,0.0,0.0,0.0,0.0,0.0,0.0,0.0,0.0,0.0,0.0,0.0,0.0,0.0,0.0,0.0,0.0,0.0,0.0,0.0,0.0,0.0,0.0,0.0,0.0,0.0,0.0,0.0,0.0,0.0,0.0
200711,0.0,0.0,0.0,0.0,0.0,0.0,0.0,0.0,0.0,0.0,0.0,0.0,0.0,0.0,0.0,0.0,0.0,0.0,0.0,0.0,0.0,0.0,0.0,0.0,0.0,0.0,0.0,0.0,0.0,0.0,0.0,0.0,0.0,0.0,0.0,0.0,0.0,0.0,0.0,0.0,0.0,0.0,0.0,0.0,0.0,0.0,0.0,0.0,0.0,0.0,0.0,0.0,0.0,0.0,0.0,0.0,0.0,0.0,0.0,0.0,0.0,0.0,0.0,0.0,0.0,0.0,0.0,0.0,0.0,0.0,0.0,0.0,0.0,0.0,0.0,0.0,0.0,0.0,0.0,0.0,0.0,0.0,0.0,0.0,0.0,0.0,0.0,0.0,0.0,0.0,0.0,0.0,0.0,0.0,0.0,0.0,0.0,0.0,0.0,0.0,0.0,0.0,0.0,0.0,0.0,0.0,0.0,0.0,0.0,0.0,0.0,0.0,0.0
200712,0.0,0.0,0.0,0.0,0.0,0.0,0.0,0.0,0.0,0.0,0.0,0.0,0.0,0.0,0.0,0.0,0.0,0.0,0.0,0.0,0.0,0.0,0.0,0.0,0.0,0.0,0.0,0.0,0.0,0.0,0.0,0.0,0.0,0.0,0.0,0.0,0.0,0.0,0.0,0.0,0.0,0.0,0.0,0.0,0.0,0.0,0.0,0.0,0.0,0.0,0.0,0.0,0.0,0.0,0.0,0.0,0.0,0.0,0.0,0.0,0.0,0.0,0.0,0.0,0.0,0.0,0.0,0.0,0.0,0.0,0.0,0.0,0.0,0.0,0.0,0.0,0.0,0.0,0.0,0.0,0.0,0.0,0.0,0.0,0.0,0.0,0.0,0.0,0.0,0.0,0.0,0.0,0.0,0.0,0.0,0.0,0.0,0.0,0.0,0.0,0.0,0.0,0.0,0.0,0.0,0.0,0.0,0.0,0.0,0.0,0.0,0.0,0.0
200801,0.0,0.0,0.0,0.0,0.0,0.0,0.0,0.0,0.0,0.0,0.0,0.0,0.0,0.0,0.0,0.0,0.0,0.0,0.0,0.0,0.0,0.0,0.0,0.0,0.0,0.0,0.0,0.0,0.0,0.0,0.0,0.0,0.0,0.0,0.0,0.0,0.0,0.0,0.0,0.0,0.0,0.0,0.0,0.0,0.0,0.0,0.0,0.0,0.0,0.0,0.0,0.0,0.0,0.0,0.0,0.0,0.0,0.0,0.0,0.0,0.0,0.0,0.0,0.0,0.0,0.0,0.0,0.0,0.0,0.0,0.0,0.0,0.0,0.0,0.0,0.0,0.0,0.0,0.0,0.0,0.0,0.0,0.0,0.0,0.0,0.0,0.0,0.0,0.0,0.0,0.0,0.0,0.0,0.0,0.0,0.0,0.0,0.0,0.0,0.0,0.0,0.0,0.0,0.0,0.0,0.0,0.0,0.0,0.0,0.0,0.0,0.0,0.0
200802,0.0,0.0,0.0,0.0,0.0,0.0,0.0,0.0,0.0,0.0,0.0,0.0,0.0,0.0,0.0,0.0,0.0,0.0,0.0,0.0,0.0,0.0,0.0,0.0,0.0,0.0,0.0,0.0,0.0,0.0,0.0,0.0,0.0,0.0,0.0,0.0,0.0,0.0,0.0,0.0,0.0,0.0,0.0,0.0,0.0,0.0,0.0,0.0,0.0,0.0,0.0,0.0,0.0,0.0,0.0,0.0,0.0,0.0,0.0,0.0,0.0,0.0,0.0,0.0,0.0,0.0,0.0,0.0,0.0,0.0,0.0,0.0,0.0,0.0,0.0,0.0,0.0,0.0,0.0,0.0,0.0,0.0,0.0,0.0,0.0,0.0,0.0,0.0,0.0,0.0,0.0,0.0,0.0,0.0,0.0,0.0,0.0,0.0,0.0,0.0,0.0,0.0,0.0,0.0,0.0,0.0,0.0,0.0,0.0,0.0,0.0,0.0,0.0
200803,0.0,0.0,0.0,0.0,0.0,0.0,0.0,0.0,0.0,0.0,0.0,0.0,0.0,0.0,0.0,0.0,0.0,0.0,0.0,0.0,0.0,0.0,0.0,0.0,0.0,0.0,0.0,0.0,0.0,0.0,0.0,0.0,0.0,0.0,0.0,0.0,0.0,0.0,0.0,0.0,0.0,0.0,0.0,0.0,0.0,0.0,0.0,0.0,0.0,0.0,0.0,0.0,0.0,0.0,0.0,0.0,0.0,0.0,0.0,0.0,0.0,0.0,0.0,0.0,0.0,0.0,0.0,0.0,0.0,0.0,0.0,0.0,0.0,0.0,0.0,0.0,0.0,0.0,0.0,0.0,0.0,0.0,0.0,0.0,0.0,0.0,0.0,0.0,0.0,0.0,0.0,0.0,0.0,0.0,0.0,0.0,0.0,0.0,0.0,0.0,0.0,0.0,0.0,0.0,0.0,0.0,0.0,0.0,0.0,0.0,0.0,0.0,0.0
200804,0.0,0.0,0.0,0.0,0.0,0.0,0.0,0.0,0.0,0.0,0.0,0.0,0.0,0.0,0.0,0.0,0.0,0.0,0.0,0.0,0.0,0.0,0.0,0.0,0.0,0.0,0.0,0.0,0.0,0.0,0.0,0.0,0.0,0.0,0.0,0.0,0.0,0.0,0.0,0.0,0.0,0.0,0.0,0.0,0.0,0.0,0.0,0.0,0.0,0.0,0.0,0.0,0.0,0.0,0.0,0.0,0.0,0.0,0.0,0.0,0.0,0.0,0.0,0.0,0.0,0.0,0.0,0.0,0.0,0.0,0.0,0.0,0.0,0.0,0.0,0.0,0.0,0.0,0.0,0.0,0.0,0.0,0.0,0.0,0.0,0.0,0.0,0.0,0.0,0.0,0.0,0.0,0.0,0.0,0.0,0.0,0.0,0.0,0.0,0.0,0.0,0.0,0.0,0.0,0.0,0.0,0.0,0.0,0.0,0.0,0.0,0.0,0.0
200805,0.0,0.0,0.0,0.0,0.0,0.0,0.0,0.0,0.0,0.0,0.0,0.0,0.0,0.0,0.0,0.0,0.0,0.0,0.0,0.0,0.0,0.0,0.0,0.0,0.0,0.0,0.0,0.0,0.0,0.0,0.0,0.0,0.0,0.0,0.0,0.0,0.0,0.0,0.0,0.0,0.0,0.0,0.0,0.0,0.0,0.0,0.0,0.0,0.0,0.0,0.0,0.0,0.0,0.0,0.0,0.0,0.0,0.0,0.0,0.0,0.0,0.0,0.0,0.0,0.0,0.0,0.0,0.0,0.0,0.0,0.0,0.0,0.0,0.0,0.0,0.0,0.0,0.0,0.0,0.0,0.0,0.0,0.0,0.0,0.0,0.0,0.0,0.0,0.0,0.0,0.0,0.0,0.0,0.0,0.0,0.0,0.0,0.0,0.0,0.0,0.0,0.0,0.0,0.0,0.0,0.0,0.0,0.0,0.0,0.0,0.0,0.0,0.0
200806,0.0,0.0,0.0,0.0,0.0,0.0,0.0,0.0,0.0,0.0,0.0,0.0,0.0,0.0,0.0,0.0,0.0,0.0,0.0,0.0,0.0,0.0,0.0,0.0,0.0,0.0,0.0,0.0,0.0,0.0,0.0,0.0,0.0,0.0,0.0,0.0,0.0,0.0,0.0,0.0,0.0,0.0,0.0,0.0,0.0,0.0,0.0,0.0,0.0,0.0,0.0,0.0,0.0,0.0,0.0,0.0,0.0,0.0,0.0,0.0,0.0,0.0,0.0,0.0,0.0,0.0,0.0,0.0,0.0,0.0,0.0,0.0,0.0,0.0,0.0,0.0,0.0,0.0,0.0,0.0,0.0,0.0,0.0,0.0,0.0,0.0,0.0,0.0,0.0,0.0,0.0,0.0,0.0,0.0,0.0,0.0,0.0,0.0,0.0,0.0,0.0,0.0,0.0,0.0,0.0,0.0,0.0,0.0,0.0,0.0,0.0,0.0,0.0
200807,0.0,0.0,0.0,0.0,0.0,0.0,0.0,0.0,0.0,0.0,0.0,0.0,0.0,0.0,0.0,0.0,0.0,0.0,0.0,0.0,0.0,0.0,0.0,0.0,0.0,0.0,0.0,0.0,0.0,0.0,0.0,0.0,0.0,0.0,0.0,0.0,0.0,0.0,0.0,0.0,0.0,0.0,0.0,0.0,0.0,0.0,0.0,0.0,0.0,0.0,0.0,0.0,0.0,0.0,0.0,0.0,0.0,0.0,0.0,0.0,0.0,0.0,0.0,0.0,0.0,0.0,0.0,0.0,0.0,0.0,0.0,0.0,0.0,0.0,0.0,0.0,0.0,0.0,0.0,0.0,0.0,0.0,0.0,0.0,0.0,0.0,0.0,0.0,0.0,0.0,0.0,0.0,0.0,0.0,0.0,0.0,0.0,0.0,0.0,0.0,0.0,0.0,0.0,0.0,0.0,0.0,0.0,0.0,0.0,0.0,0.0,0.0,0.0
200808,0.0,0.0,0.0,0.0,0.0,0.0,0.0,0.0,0.0,0.0,0.0,0.0,0.0,0.0,0.0,0.0,0.0,0.0,0.0,0.0,0.0,0.0,0.0,0.0,0.0,0.0,0.0,0.0,0.0,0.0,0.0,0.0,0.0,0.0,0.0,0.0,0.0,0.0,0.0,0.0,0.0,0.0,0.0,0.0,0.0,0.0,0.0,0.0,0.0,0.0,0.0,0.0,0.0,0.0,0.0,0.0,0.0,0.0,0.0,0.0,0.0,0.0,0.0,0.0,0.0,0.0,0.0,0.0,0.0,0.0,0.0,0.0,0.0,0.0,0.0,0.0,0.0,0.0,0.0,0.0,0.0,0.0,0.0,0.0,0.0,0.0,0.0,0.0,0.0,0.0,0.0,0.0,0.0,0.0,0.0,0.0,0.0,0.0,0.0,0.0,0.0,0.0,0.0,0.0,0.0,0.0,0.0,0.0,0.0,0.0,0.0,0.0,0.0
200809,0.0,0.0,0.0,0.0,0.0,0.0,0.0,0.0,0.0,0.0,0.0,0.0,0.0,0.0,0.0,0.0,0.0,0.0,0.0,0.0,0.0,0.0,0.0,0.0,0.0,0.0,0.0,0.0,0.0,0.0,0.0,0.0,0.0,0.0,0.0,0.0,0.0,0.0,0.0,0.0,0.0,0.0,0.0,0.0,0.0,0.0,0.0,0.0,0.0,0.0,0.0,0.0,0.0,0.0,0.0,0.0,0.0,0.0,0.0,0.0,0.0,0.0,0.0,0.0,0.0,0.0,0.0,0.0,0.0,0.0,0.0,0.0,0.0,0.0,0.0,0.0,0.0,0.0,0.0,0.0,0.0,0.0,0.0,0.0,0.0,0.0,0.0,0.0,0.0,0.0,0.0,0.0,0.0,0.0,0.0,0.0,0.0,0.0,0.0,0.0,0.0,0.0,0.0,0.0,0.0,0.0,0.0,0.0,0.0,0.0,0.0,0.0,0.0
200810,0.0,0.0,0.0,0.0,0.0,0.0,0.0,0.0,0.0,0.0,0.0,0.0,0.0,0.0,0.0,0.0,0.0,0.0,0.0,0.0,0.0,0.0,0.0,0.0,0.0,0.0,0.0,0.0,0.0,0.0,0.0,0.0,0.0,0.0,0.0,0.0,0.0,0.0,0.0,0.0,0.0,0.0,0.0,0.0,0.0,0.0,0.0,0.0,0.0,0.0,0.0,0.0,0.0,0.0,0.0,0.0,0.0,0.0,0.0,0.0,0.0,0.0,0.0,0.0,0.0,0.0,0.0,0.0,0.0,0.0,0.0,0.0,0.0,0.0,0.0,0.0,0.0,0.0,0.0,0.0,0.0,0.0,0.0,0.0,0.0,0.0,0.0,0.0,0.0,0.0,0.0,0.0,0.0,0.0,0.0,0.0,0.0,0.0,0.0,0.0,0.0,0.0,0.0,0.0,0.0,0.0,0.0,0.0,0.0,0.0,0.0,0.0,0.0
200811,0.0,0.0,0.0,0.0,0.0,0.0,0.0,0.0,0.0,0.0,0.0,0.0,0.0,0.0,0.0,0.0,0.0,0.0,0.0,0.0,0.0,0.0,0.0,0.0,0.0,0.0,0.0,0.0,0.0,0.0,0.0,0.0,0.0,0.0,0.0,0.0,0.0,0.0,0.0,0.0,0.0,0.0,0.0,0.0,0.0,0.0,0.0,0.0,0.0,0.0,0.0,0.0,0.0,0.0,0.0,0.0,0.0,0.0,0.0,0.0,0.0,0.0,0.0,0.0,0.0,0.0,0.0,0.0,0.0,0.0,0.0,0.0,0.0,0.0,0.0,0.0,0.0,0.0,0.0,0.0,0.0,0.0,0.0,0.0,0.0,0.0,0.0,0.0,0.0,0.0,0.0,0.0,0.0,0.0,0.0,0.0,0.0,0.0,0.0,0.0,0.0,0.0,0.0,0.0,0.0,0.0,0.0,0.0,0.0,0.0,0.0,0.0,0.0
200812,0.0,0.0,0.0,0.0,0.0,0.0,0.0,0.0,0.0,0.0,0.0,0.0,0.0,0.0,0.0,0.0,0.0,0.0,0.0,0.0,0.0,0.0,0.0,0.0,0.0,0.0,0.0,0.0,0.0,0.0,0.0,0.0,0.0,0.0,0.0,0.0,0.0,0.0,0.0,0.0,0.0,0.0,0.0,0.0,0.0,0.0,0.0,0.0,0.0,0.0,0.0,0.0,0.0,0.0,0.0,0.0,0.0,0.0,0.0,0.0,0.0,0.0,0.0,0.0,0.0,0.0,0.0,0.0,0.0,0.0,0.0,0.0,0.0,0.0,0.0,0.0,0.0,0.0,0.0,0.0,0.0,0.0,0.0,0.0,0.0,0.0,0.0,0.0,0.0,0.0,0.0,0.0,0.0,0.0,0.0,0.0,0.0,0.0,0.0,0.0,0.0,0.0,0.0,0.0,0.0,0.0,0.0,0.0,0.0,0.0,0.0,0.0,0.0
200901,0.0,0.0,0.0,0.0,0.0,0.0,0.0,0.0,0.0,0.0,0.0,0.0,0.0,0.0,0.0,0.0,0.0,0.0,0.0,0.0,0.0,0.0,0.0,0.0,0.0,0.0,0.0,0.0,0.0,0.0,0.0,0.0,0.0,0.0,0.0,0.0,0.0,0.0,0.0,0.0,0.0,0.0,0.0,0.0,0.0,0.0,0.0,0.0,0.0,0.0,0.0,0.0,0.0,0.0,0.0,0.0,0.0,0.0,0.0,0.0,0.0,0.0,0.0,0.0,0.0,0.0,0.0,0.0,0.0,0.0,0.0,0.0,0.0,0.0,0.0,0.0,0.0,0.0,0.0,0.0,0.0,0.0,0.0,0.0,0.0,0.0,0.0,0.0,0.0,0.0,0.0,0.0,0.0,0.0,0.0,0.0,0.0,0.0,0.0,0.0,0.0,0.0,0.0,0.0,0.0,0.0,0.0,0.0,0.0,0.0,0.0,0.0,0.0
200902,0.0,0.0,0.0,0.0,0.0,0.0,0.0,0.0,0.0,0.0,0.0,0.0,0.0,0.0,0.0,0.0,0.0,0.0,0.0,0.0,0.0,0.0,0.0,0.0,0.0,0.0,0.0,0.0,0.0,0.0,0.0,0.0,0.0,0.0,0.0,0.0,0.0,0.0,0.0,0.0,0.0,0.0,0.0,0.0,0.0,0.0,0.0,0.0,0.0,0.0,0.0,0.0,0.0,0.0,0.0,0.0,0.0,0.0,0.0,0.0,0.0,0.0,0.0,0.0,0.0,0.0,0.0,0.0,0.0,0.0,0.0,0.0,0.0,0.0,0.0,0.0,0.0,0.0,0.0,0.0,0.0,0.0,0.0,0.0,0.0,0.0,0.0,0.0,0.0,0.0,0.0,0.0,0.0,0.0,0.0,0.0,0.0,0.0,0.0,0.0,0.0,0.0,0.0,0.0,0.0,0.0,0.0,0.0,0.0,0.0,0.0,0.0,0.0
200903,0.0,0.0,0.0,0.0,0.0,0.0,0.0,0.0,0.0,0.0,0.0,0.0,0.0,0.0,0.0,0.0,0.0,0.0,0.0,0.0,0.0,0.0,0.0,0.0,0.0,0.0,0.0,0.0,0.0,0.0,0.0,0.0,0.0,0.0,0.0,0.0,0.0,0.0,0.0,0.0,0.0,0.0,0.0,0.0,0.0,0.0,0.0,0.0,0.0,0.0,0.0,0.0,0.0,0.0,0.0,0.0,0.0,0.0,0.0,0.0,0.0,0.0,0.0,0.0,0.0,0.0,0.0,0.0,0.0,0.0,0.0,0.0,0.0,0.0,0.0,0.0,0.0,0.0,0.0,0.0,0.0,0.0,0.0,0.0,0.0,0.0,0.0,0.0,0.0,0.0,0.0,0.0,0.0,0.0,0.0,0.0,0.0,0.0,0.0,0.0,0.0,0.0,0.0,0.0,0.0,0.0,0.0,0.0,0.0,0.0,0.0,0.0,0.0
200904,0.0,0.0,0.0,0.0,0.0,0.0,0.0,0.0,0.0,0.0,0.0,0.0,0.0,0.0,0.0,0.0,0.0,0.0,0.0,0.0,0.0,0.0,0.0,0.0,0.0,0.0,0.0,0.0,0.0,0.0,0.0,0.0,0.0,0.0,0.0,0.0,0.0,0.0,0.0,0.0,0.0,0.0,0.0,0.0,0.0,0.0,0.0,0.0,0.0,0.0,0.0,0.0,0.0,0.0,0.0,0.0,0.0,0.0,0.0,0.0,0.0,0.0,0.0,0.0,0.0,0.0,0.0,0.0,0.0,0.0,0.0,0.0,0.0,0.0,0.0,0.0,0.0,0.0,0.0,0.0,0.0,0.0,0.0,0.0,0.0,0.0,0.0,0.0,0.0,0.0,0.0,0.0,0.0,0.0,0.0,0.0,0.0,0.0,0.0,0.0,0.0,0.0,0.0,0.0,0.0,0.0,0.0,0.0,0.0,0.0,0.0,0.0,0.0
200905,0.0,0.0,0.0,0.0,0.0,0.0,0.0,0.0,0.0,0.0,0.0,0.0,0.0,0.0,0.0,0.0,0.0,0.0,0.0,0.0,0.0,0.0,0.0,0.0,0.0,0.0,0.0,0.0,0.0,0.0,0.0,0.0,0.0,0.0,0.0,0.0,0.0,0.0,0.0,0.0,0.0,0.0,0.0,0.0,0.0,0.0,0.0,0.0,0.0,0.0,0.0,0.0,0.0,0.0,0.0,0.0,0.0,0.0,0.0,0.0,0.0,0.0,0.0,0.0,0.0,0.0,0.0,0.0,0.0,0.0,0.0,0.0,0.0,0.0,0.0,0.0,0.0,0.0,0.0,0.0,0.0,0.0,0.0,0.0,0.0,0.0,0.0,0.0,0.0,0.0,0.0,0.0,0.0,0.0,0.0,0.0,0.0,0.0,0.0,0.0,0.0,0.0,0.0,0.0,0.0,0.0,0.0,0.0,0.0,0.0,0.0,0.0,0.0
200906,0.0,0.0,0.0,0.0,0.0,0.0,0.0,0.0,0.0,0.0,0.0,0.0,0.0,0.0,0.0,0.0,0.0,0.0,0.0,0.0,0.0,0.0,0.0,0.0,0.0,0.0,0.0,0.0,0.0,0.0,0.0,0.0,0.0,0.0,0.0,0.0,0.0,0.0,0.0,0.0,0.0,0.0,0.0,0.0,0.0,0.0,0.0,0.0,0.0,0.0,0.0,0.0,0.0,0.0,0.0,0.0,0.0,0.0,0.0,0.0,0.0,0.0,0.0,0.0,0.0,0.0,0.0,0.0,0.0,0.0,0.0,0.0,0.0,0.0,0.0,0.0,0.0,0.0,0.0,0.0,0.0,0.0,0.0,0.0,0.0,0.0,0.0,0.0,0.0,0.0,0.0,0.0,0.0,0.0,0.0,0.0,0.0,0.0,0.0,0.0,0.0,0.0,0.0,0.0,0.0,0.0,0.0,0.0,0.0,0.0,0.0,0.0,0.0
200907,0.0,0.0,0.0,0.0,0.0,0.0,0.0,0.0,0.0,0.0,0.0,0.0,0.0,0.0,0.0,0.0,0.0,0.0,0.0,0.0,0.0,0.0,0.0,0.0,0.0,0.0,0.0,0.0,0.0,0.0,0.0,0.0,0.0,0.0,0.0,0.0,0.0,0.0,0.0,0.0,0.0,0.0,0.0,0.0,0.0,0.0,0.0,0.0,0.0,0.0,0.0,0.0,0.0,0.0,0.0,0.0,0.0,0.0,0.0,0.0,0.0,0.0,0.0,0.0,0.0,0.0,0.0,0.0,0.0,0.0,0.0,0.0,0.0,0.0,0.0,0.0,0.0,0.0,0.0,0.0,0.0,0.0,0.0,0.0,0.0,0.0,0.0,0.0,0.0,0.0,0.0,0.0,0.0,0.0,0.0,0.0,0.0,0.0,0.0,0.0,0.0,0.0,0.0,0.0,0.0,0.0,0.0,0.0,0.0,0.0,0.0,0.0,0.0
200908,0.0,0.0,0.0,0.0,0.0,0.0,0.0,0.0,0.0,0.0,0.0,0.0,0.0,0.0,0.0,0.0,0.0,0.0,0.0,0.0,0.0,0.0,0.0,0.0,0.0,0.0,0.0,0.0,0.0,0.0,0.0,0.0,0.0,0.0,0.0,0.0,0.0,0.0,0.0,0.0,0.0,0.0,0.0,0.0,0.0,0.0,0.0,0.0,0.0,0.0,0.0,0.0,0.0,0.0,0.0,0.0,0.0,0.0,0.0,0.0,0.0,0.0,0.0,0.0,0.0,0.0,0.0,0.0,0.0,0.0,0.0,0.0,0.0,0.0,0.0,0.0,0.0,0.0,0.0,0.0,0.0,0.0,0.0,0.0,0.0,0.0,0.0,0.0,0.0,0.0,0.0,0.0,0.0,0.0,0.0,0.0,0.0,0.0,0.0,0.0,0.0,0.0,0.0,0.0,0.0,0.0,0.0,0.0,0.0,0.0,0.0,0.0,0.0
200909,0.0,0.0,0.0,0.0,0.0,0.0,0.0,0.0,0.0,0.0,0.0,0.0,0.0,0.0,0.0,0.0,0.0,0.0,0.0,0.0,0.0,0.0,0.0,0.0,0.0,0.0,0.0,0.0,0.0,0.0,0.0,0.0,0.0,0.0,0.0,0.0,0.0,0.0,0.0,0.0,0.0,0.0,0.0,0.0,0.0,0.0,0.0,0.0,0.0,0.0,0.0,0.0,0.0,0.0,0.0,0.0,0.0,0.0,0.0,0.0,0.0,0.0,0.0,0.0,0.0,0.0,0.0,0.0,0.0,0.0,0.0,0.0,0.0,0.0,0.0,0.0,0.0,0.0,0.0,0.0,0.0,0.0,0.0,0.0,0.0,0.0,0.0,0.0,0.0,0.0,0.0,0.0,0.0,0.0,0.0,0.0,0.0,0.0,0.0,0.0,0.0,0.0,0.0,0.0,0.0,0.0,0.0,0.0,0.0,0.0,0.0,0.0,0.0
200910,0.0,0.0,0.0,0.0,0.0,0.0,0.0,0.0,0.0,0.0,0.0,0.0,0.0,0.0,0.0,0.0,0.0,0.0,0.0,0.0,0.0,0.0,0.0,0.0,0.0,0.0,0.0,0.0,0.0,0.0,0.0,0.0,0.0,0.0,0.0,0.0,0.0,0.0,0.0,0.0,0.0,0.0,0.0,0.0,0.0,0.0,0.0,0.0,0.0,0.0,0.0,0.0,0.0,0.0,0.0,0.0,0.0,0.0,0.0,0.0,0.0,0.0,0.0,0.0,0.0,0.0,0.0,0.0,0.0,0.0,0.0,0.0,0.0,0.0,0.0,0.0,0.0,0.0,0.0,0.0,0.0,0.0,0.0,0.0,0.0,0.0,0.0,0.0,0.0,0.0,0.0,0.0,0.0,0.0,0.0,0.0,0.0,0.0,0.0,0.0,0.0,0.0,0.0,0.0,0.0,0.0,0.0,0.0,0.0,0.0,0.0,0.0,0.0
200911,0.0,0.0,0.0,0.0,0.0,0.0,0.0,0.0,0.0,0.0,0.0,0.0,0.0,0.0,0.0,0.0,0.0,0.0,0.0,0.0,0.0,0.0,0.0,0.0,0.0,0.0,0.0,0.0,0.0,0.0,0.0,0.0,0.0,0.0,0.0,0.0,0.0,0.0,0.0,0.0,0.0,0.0,0.0,0.0,0.0,0.0,0.0,0.0,0.0,0.0,0.0,0.0,0.0,0.0,0.0,0.0,0.0,0.0,0.0,0.0,0.0,0.0,0.0,0.0,0.0,0.0,0.0,0.0,0.0,0.0,0.0,0.0,0.0,0.0,0.0,0.0,0.0,0.0,0.0,0.0,0.0,0.0,0.0,0.0,0.0,0.0,0.0,0.0,0.0,0.0,0.0,0.0,0.0,0.0,0.0,0.0,0.0,0.0,0.0,0.0,0.0,0.0,0.0,0.0,0.0,0.0,0.0,0.0,0.0,0.0,0.0,0.0,0.0
200912,0.0,0.0,0.0,0.0,0.0,0.0,0.0,0.0,0.0,0.0,0.0,0.0,0.0,0.0,0.0,0.0,0.0,0.0,0.0,0.0,0.0,0.0,0.0,0.0,0.0,0.0,0.0,0.0,0.0,0.0,0.0,0.0,0.0,0.0,0.0,0.0,0.0,0.0,0.0,0.0,0.0,0.0,0.0,0.0,0.0,0.0,0.0,0.0,0.0,0.0,0.0,0.0,0.0,0.0,0.0,0.0,0.0,0.0,0.0,0.0,0.0,0.0,0.0,0.0,0.0,0.0,0.0,0.0,0.0,0.0,0.0,0.0,0.0,0.0,0.0,0.0,0.0,0.0,0.0,0.0,0.0,0.0,0.0,0.0,0.0,0.0,0.0,0.0,0.0,0.0,0.0,0.0,0.0,0.0,0.0,0.0,0.0,0.0,0.0,0.0,0.0,0.0,0.0,0.0,0.0,0.0,0.0,0.0,0.0,0.0,0.0,0.0,0.0
201001,0.0,0.0,0.0,0.0,0.0,0.0,0.0,0.0,0.0,0.0,0.0,0.0,0.0,0.0,0.0,0.0,0.0,0.0,0.0,0.0,0.0,0.0,0.0,0.0,0.0,0.0,0.0,0.0,0.0,0.0,0.0,0.0,0.0,0.0,0.0,0.0,0.0,0.0,0.0,0.0,0.0,0.0,0.0,0.0,0.0,0.0,0.0,0.0,0.0,0.0,0.0,0.0,0.0,0.0,0.0,0.0,0.0,0.0,0.0,0.0,0.0,0.0,0.0,0.0,0.0,0.0,0.0,0.0,0.0,0.0,0.0,0.0,0.0,0.0,0.0,0.0,0.0,0.0,0.0,0.0,0.0,0.0,0.0,0.0,0.0,0.0,0.0,0.0,0.0,0.0,0.0,0.0,0.0,0.0,0.0,0.0,0.0,0.0,0.0,0.0,0.0,0.0,0.0,0.0,0.0,0.0,0.0,0.0,0.0,0.0,0.0,0.0,0.0
201002,0.0,0.0,0.0,0.0,0.0,0.0,0.0,0.0,0.0,0.0,0.0,0.0,0.0,0.0,0.0,0.0,0.0,0.0,0.0,0.0,0.0,0.0,0.0,0.0,0.0,0.0,0.0,0.0,0.0,0.0,0.0,0.0,0.0,0.0,0.0,0.0,0.0,0.0,0.0,0.0,0.0,0.0,0.0,0.0,0.0,0.0,0.0,0.0,0.0,0.0,0.0,0.0,0.0,0.0,0.0,0.0,0.0,0.0,0.0,0.0,0.0,0.0,0.0,0.0,0.0,0.0,0.0,0.0,0.0,0.0,0.0,0.0,0.0,0.0,0.0,0.0,0.0,0.0,0.0,0.0,0.0,0.0,0.0,0.0,0.0,0.0,0.0,0.0,0.0,0.0,0.0,0.0,0.0,0.0,0.0,0.0,0.0,0.0,0.0,0.0,0.0,0.0,0.0,0.0,0.0,0.0,0.0,0.0,0.0,0.0,0.0,0.0,0.0
201003,0.0,0.0,0.0,0.0,0.0,0.0,0.0,0.0,0.0,0.0,0.0,0.0,0.0,0.0,0.0,0.0,0.0,0.0,0.0,0.0,0.0,0.0,0.0,0.0,0.0,0.0,0.0,0.0,0.0,0.0,0.0,0.0,0.0,0.0,0.0,0.0,0.0,0.0,0.0,0.0,0.0,0.0,0.0,0.0,0.0,0.0,0.0,0.0,0.0,0.0,0.0,0.0,0.0,0.0,0.0,0.0,0.0,0.0,0.0,0.0,0.0,0.0,0.0,0.0,0.0,0.0,0.0,0.0,0.0,0.0,0.0,0.0,0.0,0.0,0.0,0.0,0.0,0.0,0.0,0.0,0.0,0.0,0.0,0.0,0.0,0.0,0.0,0.0,0.0,0.0,0.0,0.0,0.0,0.0,0.0,0.0,0.0,0.0,0.0,0.0,0.0,0.0,0.0,0.0,0.0,0.0,0.0,0.0,0.0,0.0,0.0,0.0,0.0
201004,0.0,0.0,0.0,0.0,0.0,0.0,0.0,0.0,0.0,0.0,0.0,0.0,0.0,0.0,0.0,0.0,0.0,0.0,0.0,0.0,0.0,0.0,0.0,0.0,0.0,0.0,0.0,0.0,0.0,0.0,0.0,0.0,0.0,0.0,0.0,0.0,0.0,0.0,0.0,0.0,0.0,0.0,0.0,0.0,0.0,0.0,0.0,0.0,0.0,0.0,0.0,0.0,0.0,0.0,0.0,0.0,0.0,0.0,0.0,0.0,0.0,0.0,0.0,0.0,0.0,0.0,0.0,0.0,0.0,0.0,0.0,0.0,0.0,0.0,0.0,0.0,0.0,0.0,0.0,0.0,0.0,0.0,0.0,0.0,0.0,0.0,0.0,0.0,0.0,0.0,0.0,0.0,0.0,0.0,0.0,0.0,0.0,0.0,0.0,0.0,0.0,0.0,0.0,0.0,0.0,0.0,0.0,0.0,0.0,0.0,0.0,0.0,0.0
201005,0.0,0.0,0.0,0.0,0.0,0.0,0.0,0.0,0.0,0.0,0.0,0.0,0.0,0.0,0.0,0.0,0.0,0.0,0.0,0.0,0.0,0.0,0.0,0.0,0.0,0.0,0.0,0.0,0.0,0.0,0.0,0.0,0.0,0.0,0.0,0.0,0.0,0.0,0.0,0.0,0.0,0.0,0.0,0.0,0.0,0.0,0.0,0.0,0.0,0.0,0.0,0.0,0.0,0.0,0.0,0.0,0.0,0.0,0.0,0.0,0.0,0.0,0.0,0.0,0.0,0.0,0.0,0.0,0.0,0.0,0.0,0.0,0.0,0.0,0.0,0.0,0.0,0.0,0.0,0.0,0.0,0.0,0.0,0.0,0.0,0.0,0.0,0.0,0.0,0.0,0.0,0.0,0.0,0.0,0.0,0.0,0.0,0.0,0.0,0.0,0.0,0.0,0.0,0.0,0.0,0.0,0.0,0.0,0.0,0.0,0.0,0.0,0.0
201006,0.0,0.0,0.0,0.0,0.0,0.0,0.0,0.0,0.0,0.0,0.0,0.0,0.0,0.0,0.0,0.0,0.0,0.0,0.0,0.0,0.0,0.0,0.0,0.0,0.0,0.0,0.0,0.0,0.0,0.0,0.0,0.0,0.0,0.0,0.0,0.0,0.0,0.0,0.0,0.0,0.0,0.0,0.0,0.0,0.0,0.0,0.0,0.0,0.0,0.0,0.0,0.0,0.0,0.0,0.0,0.0,0.0,0.0,0.0,0.0,0.0,0.0,0.0,0.0,0.0,0.0,0.0,0.0,0.0,0.0,0.0,0.0,0.0,0.0,0.0,0.0,0.0,0.0,0.0,0.0,0.0,0.0,0.0,0.0,0.0,0.0,0.0,0.0,0.0,0.0,0.0,0.0,0.0,0.0,0.0,0.0,0.0,0.0,0.0,0.0,0.0,0.0,0.0,0.0,0.0,0.0,0.0,0.0,0.0,0.0,0.0,0.0,0.0
201007,0.0,0.0,0.0,0.0,0.0,0.0,0.0,0.0,0.0,0.0,0.0,0.0,0.0,0.0,0.0,0.0,0.0,0.0,0.0,0.0,0.0,0.0,0.0,0.0,0.0,0.0,0.0,0.0,0.0,0.0,0.0,0.0,0.0,0.0,0.0,0.0,0.0,0.0,0.0,0.0,0.0,0.0,0.0,0.0,0.0,0.0,0.0,0.0,0.0,0.0,0.0,0.0,0.0,0.0,0.0,0.0,0.0,0.0,0.0,0.0,0.0,0.0,0.0,0.0,0.0,0.0,0.0,0.0,0.0,0.0,0.0,0.0,0.0,0.0,0.0,0.0,0.0,0.0,0.0,0.0,0.0,0.0,0.0,0.0,0.0,0.0,0.0,0.0,0.0,0.0,0.0,0.0,0.0,0.0,0.0,0.0,0.0,0.0,0.0,0.0,0.0,0.0,0.0,0.0,0.0,0.0,0.0,0.0,0.0,0.0,0.0,0.0,0.0
201008,0.0,0.0,0.0,0.0,0.0,0.0,0.0,0.0,0.0,0.0,0.0,0.0,0.0,0.0,0.0,0.0,0.0,0.0,0.0,0.0,0.0,0.0,0.0,0.0,0.0,0.0,0.0,0.0,0.0,0.0,0.0,0.0,0.0,0.0,0.0,0.0,0.0,0.0,0.0,0.0,0.0,0.0,0.0,0.0,0.0,0.0,0.0,0.0,0.0,0.0,0.0,0.0,0.0,0.0,0.0,0.0,0.0,0.0,0.0,0.0,0.0,0.0,0.0,0.0,0.0,0.0,0.0,0.0,0.0,0.0,0.0,0.0,0.0,0.0,0.0,0.0,0.0,0.0,0.0,0.0,0.0,0.0,0.0,0.0,0.0,0.0,0.0,0.0,0.0,0.0,0.0,0.0,0.0,0.0,0.0,0.0,0.0,0.0,0.0,0.0,0.0,0.0,0.0,0.0,0.0,0.0,0.0,0.0,0.0,0.0,0.0,0.0,0.0
201009,0.0,0.0,0.0,0.0,0.0,0.0,0.0,0.0,0.0,0.0,0.0,0.0,0.0,0.0,0.0,0.0,0.0,0.0,0.0,0.0,0.0,0.0,0.0,0.0,0.0,0.0,0.0,0.0,0.0,0.0,0.0,0.0,0.0,0.0,0.0,0.0,0.0,0.0,0.0,0.0,0.0,0.0,0.0,0.0,0.0,0.0,0.0,0.0,0.0,0.0,0.0,0.0,0.0,0.0,0.0,0.0,0.0,0.0,0.0,0.0,0.0,0.0,0.0,0.0,0.0,0.0,0.0,0.0,0.0,0.0,0.0,0.0,0.0,0.0,0.0,0.0,0.0,0.0,0.0,0.0,0.0,0.0,0.0,0.0,0.0,0.0,0.0,0.0,0.0,0.0,0.0,0.0,0.0,0.0,0.0,0.0,0.0,0.0,0.0,0.0,0.0,0.0,0.0,0.0,0.0,0.0,0.0,0.0,0.0,0.0,0.0,0.0,0.0
201010,0.0,0.0,0.0,0.0,0.0,0.0,0.0,0.0,0.0,0.0,0.0,0.0,0.0,0.0,0.0,0.0,0.0,0.0,0.0,0.0,0.0,0.0,0.0,0.0,0.0,0.0,0.0,0.0,0.0,0.0,0.0,0.0,0.0,0.0,0.0,0.0,0.0,0.0,0.0,0.0,0.0,0.0,0.0,0.0,0.0,0.0,0.0,0.0,0.0,0.0,0.0,0.0,0.0,0.0,0.0,0.0,0.0,0.0,0.0,0.0,0.0,0.0,0.0,0.0,0.0,0.0,0.0,0.0,0.0,0.0,0.0,0.0,0.0,0.0,0.0,0.0,0.0,0.0,0.0,0.0,0.0,0.0,0.0,0.0,0.0,0.0,0.0,0.0,0.0,0.0,0.0,0.0,0.0,0.0,0.0,0.0,0.0,0.0,0.0,0.0,0.0,0.0,0.0,0.0,0.0,0.0,0.0,0.0,0.0,0.0,0.0,0.0,0.0
201011,0.0,0.0,0.0,0.0,0.0,0.0,0.0,0.0,0.0,0.0,0.0,0.0,0.0,0.0,0.0,0.0,0.0,0.0,0.0,0.0,0.0,0.0,0.0,0.0,0.0,0.0,0.0,0.0,0.0,0.0,0.0,0.0,0.0,0.0,0.0,0.0,0.0,0.0,0.0,0.0,0.0,0.0,0.0,0.0,0.0,0.0,0.0,0.0,0.0,0.0,0.0,0.0,0.0,0.0,0.0,0.0,0.0,0.0,0.0,0.0,0.0,0.0,0.0,0.0,0.0,0.0,0.0,0.0,0.0,0.0,0.0,0.0,0.0,0.0,0.0,0.0,0.0,0.0,0.0,0.0,0.0,0.0,0.0,0.0,0.0,0.0,0.0,0.0,0.0,0.0,0.0,0.0,0.0,0.0,0.0,0.0,0.0,0.0,0.0,0.0,0.0,0.0,0.0,0.0,0.0,0.0,0.0,0.0,0.0,0.0,0.0,0.0,0.0
201012,0.0,0.0,0.0,0.0,0.0,0.0,0.0,0.0,0.0,0.0,0.0,0.0,0.0,0.0,0.0,0.0,0.0,0.0,0.0,0.0,0.0,0.0,0.0,0.0,0.0,0.0,0.0,0.0,0.0,0.0,0.0,0.0,0.0,0.0,0.0,0.0,0.0,0.0,0.0,0.0,0.0,0.0,0.0,0.0,0.0,0.0,0.0,0.0,0.0,0.0,0.0,0.0,0.0,0.0,0.0,0.0,0.0,0.0,0.0,0.0,0.0,0.0,0.0,0.0,0.0,0.0,0.0,0.0,0.0,0.0,0.0,0.0,0.0,0.0,0.0,0.0,0.0,0.0,0.0,0.0,0.0,0.0,0.0,0.0,0.0,0.0,0.0,0.0,0.0,0.0,0.0,0.0,0.0,0.0,0.0,0.0,0.0,0.0,0.0,0.0,0.0,0.0,0.0,0.0,0.0,0.0,0.0,0.0,0.0,0.0,0.0,0.0,0.0
201101,0.012248360217434136,0.0014267505279614132,0.004428889610796443,0.0034087959302284273,0.004327140570613674,0.0018943685761952306,0.009881108111482838,0.0033569603305534565,0.010735855278488826,0.003462385308124803,0.004211157389466517,0.01078095257518438,0.023121321395034252,0.00025717068607051554,0.009507305444579442,0.005274963011691204,0.015235427650052003,0.004272098229144236,0.005618792334084094,0.0032630546032180996,0.005915913610175004,0.0053601170883089315,0.0006736790217970781,0.003114442577400054,0.001947275263381571,0.015269501477354902,0.008926950713807516,0.0049652544053312405,0.0037513283676436776,0.0017677415639641713,0.00474744251406962,0.0025034737999066335,4.463806385967587e-05,0.0018897378088599296,0.0018361231354220762,0.010216450912466774,0.01308896663029021,0.016833624430409515,0.0005179539145731345,0.0015064660429097243,0.0010617383694449631,0.006805018849380073,0.004031720110568712,0.03302546171704959,0.013567476245411684,0.0034853466751360532,0.014114912744517363,0.015554150254863676,0.028482762412091234,0.007130879312428147,0.006589010345110293,0.015903414090272947,0.007938410609911531,0.010906407052334973,0.0003622950019656456,0.0,0.007672249710464208,0.021587230322119823,0.0009074436089175092,0.006657708343840829,0.0038809753942594715,0.010062526752639476,0.015073133528245642,0.03182776232717865,0.008206318666011387,0.03773764459402456,0.020054329112912675,0.0019391588493220498,0.016191109341383007,0.008274881049050902,0.014820084980781297,0.005152116936043948,0.004268442428566192,0.0041719139007366495,0.0004589429273749415,0.0018780261337204617,0.0029981829542260058,0.00818087906279738,0.006912571541953947,0.004115957790336103,0.002621579517345257,0.00640215329257179,0.041707544187634726,0.002390694692631842,0.005624881791596538,0.00254060983294841,0.011387729596393116,0.021540808995660403,0.003961134642419115,0.006252366100090747,0.007938915712098057,0.003049352440529211,0.009537397474007829,0.011705111040642322,0.0018783647996889112,0.0016696119018607776,0.04607694788620239,0.0005831459803727732,0.009584698508422114,0.0009386359663245612,0.007131856417091752,0.005165056326074728,0.005746378685161661,0.0012383973647052892,0.006831522822062383,0.001273521805679831,0.006338716954293982,0.0012573254045800744,0.02089284521739214,0.014032328934039445,0.02945892208071836,0.015882596794197,0.02224794207988431
201102,0.010053330492806892,0.0012253734689187847,0.0034123752970150532,0.000547767247493971,0.002523134946177299,0.0,0.010329543665335417,0.0042624893229335405,0.01177909850410429,0.0015872491978327669,0.00383793538889302,0.016803547894405572,0.028852692363567595,0.0013423272991826165,0.005540324931399482,0.00312272702285161,0.015367723411559689,0.006085325686959823,0.005080823885949646,0.005389440127998585,0.005502860288796415,0.005024931976158476,2.674504284636448e-05,0.004505051061996289,0.0009668034825426056,0.018254407658545854,0.00990174214801097,0.007262734156928649,0.003337115379819716,0.001165847194444057,0.0009502744679269729,0.0030351067951580944,0.0010001930421163726,0.0015347640223813375,0.013057797452265403,0.01226049061875252,0.011822541813330222,0.020343835739665285,0.0003137528376472215,0.0014620686399058828,0.000652171300273669,0.005119691647672184,0.004316168389826628,0.04309041396721975,0.014640389001437215,0.0038544768715044527,0.015287716539430478,0.01505407138630314,0.030655873422972234,0.007887793809684589,0.03737976779939892,0.010661512740333489,0.0,0.016887709310598086,0.0025988003886371065,0.0,0.0039019928688376715,0.025480334276898515,0.0,0.00624650531272822,0.0019053843193125566,0.009876251341193331,0.023190313642098736,0.024173998162290475,0.008516736587328664,0.0305642324068144,0.011976693320143351,0.006115699484265811,0.02111898726010771,0.009991391008387201,0.01506844119089062,0.004913089537061488,0.003092289270922458,0.002310612851041504,0.002745641840179148,0.003290661496411964,0.0,0.0074560690559237865,0.004998641376755558,0.003473447563035729,0.0006269151013399257,0.005970014297064992,0.05708473143344276,0.004056172451759474,0.004700849439441874,0.002555950460136932,0.012247150178280366,0.035404655450826605,0.0004529861297224178,0.0024188374901579594,0.009494334714542758,0.0025708170113030396,0.010406393295613365,0.008149695187076048,0.002199957284442545,0.00035281576136314145,0.059785783808954274,0.0007172661510817807,0.011509336659964639,0.0059727331665140266,0.005686710285670017,0.005535649894242572,0.004393091377191854,0.0010159845371743386,0.009805308370816113,0.0011207876086963612,0.006329374066458185,0.00032606961384123014,0.02364181383008839,0.01995557864882381,0.04155271640224536,0.03169600551221209,0.046312208658347224
201103,0.012212862386354209,0.002160089136035943,0.006022948885675618,0.00034307941870340066,0.0014601558482253295,0.0,0.009978655865088733,0.004386574654814056,0.00941106234984701,0.006345505186121939,0.0038486090950586686,0.012474818545696306,0.02815307611889021,0.002159550829960118,0.008631486340564227,0.008149720223180466,0.014653530763020813,0.00563500876423309,0.005804974180853954,0.005507052414887283,0.0060979256195187,0.005935291266574561,0.0008180957662383418,0.0027165534650674295,0.00015961504717998292,0.019424581665715215,0.009166613438428457,0.009690704047747058,0.0035361124725244073,0.0016089453201383987,0.0016663017973322471,0.004404677368336238,0.001092665077272115,0.002117611856293372,0.01788689046189882,0.010350604045669022,0.011288717197100374,0.019221263845117964,0.0011250317386285792,0.0015705448562370681,0.00259355805747552,0.006320150755569459,0.002816198375473178,0.037768372119569224,0.012297343604675819,0.005251702358785353,0.016152097526151325,0.01634596706938912,0.03303549289988271,0.010749736186137159,0.01896743248470622,0.011069493783833727,0.002847108139910575,0.01501840255963959,0.0025477262276117282,0.0031857032474521966,0.006977451525258969,0.02980350301381746,3.6179033123108674e-05,0.005822060180744796,0.0018686633495477193,0.012282694800841308,0.021217076743831338,0.02519478147284869,0.008041596604955,0.03205958818784327,0.014459477985629859,0.004019429528221861,0.02594017152478672,0.012618853836369006,0.013962479994625774,0.005293996073725459,0.004529674177917133,0.0,0.0015728587588872676,0.0015740869640059165,0.0001509004394563384,0.008513206058416394,0.006458886100358219,0.004778703381457198,0.002131281209177682,0.0066842142126624865,0.04701390792199864,0.006934560633463159,0.004065074877570588,0.001909698249124949,0.011510828192401465,0.034688993469168095,0.0025689821649900243,0.0016181018054428535,0.009197135030145895,0.0021942137011807315,0.008311839460447484,0.011394682934316351,0.0017486023383272626,0.0007153248035144508,0.04384123156429742,0.001288623868890047,0.011886155304660518,0.0027716696305588096,0.008718895967843263,0.004709343717932186,0.0030915650740739107,0.00121438586060009,0.011016379547543222,0.0007901894523168888,0.007223462554196863,0.001304972086194479,0.02247672369870706,0.018323731492371282,0.05041795000854152,0.04087959995527181,0.06094197934481193
201104,0.013725209676255843,0.0026291853144226156,0.003587547776600274,0.0005754044730327936,0.0009477493438801981,9.316622710851062e-05,0.009021854601427974,0.0033312280733897256,0.008220937314914927,0.0059680408230429,0.0043520870582036955,0.011068944818215366,0.026676376584026343,0.0017214948589394754,0.008607210829679468,0.007910564990422865,0.013970025149287614,0.004750290013497171,0.006544396824237807,0.004800038007687686,0.00584581387611141,0.0039906865694262095,0.0,0.004075721612657889,1.7948456232098438e-05,0.018832810148503073,0.008594279436022931,0.007751465708511565,0.0016759952471989649,0.0026994764829124714,0.002804177806572404,0.004249191902269538,0.001233698544197689,0.0018926587366992068,0.00943242381308778,0.008829135316711789,0.012576331729446865,0.013833947605921526,0.00100823498230308,0.0018160382358079804,0.0043843357680846485,0.006172225042109268,0.0034824489632424563,0.02944517277744455,0.011516829255302877,0.004911778370109813,0.014998979523716618,0.015970151626840064,0.035759631938492485,0.014613797836209091,0.0038305772066572325,0.014251871374256283,0.004080451946072437,0.012985260774934237,0.0018516857413794399,0.003472995089361571,0.006524101144511786,0.02826579588832093,9.17751913395945e-05,0.003272722191368261,0.004056129894931864,0.012181576075613891,0.01884484790827878,0.024103815164456237,0.008584323137058357,0.02862624037719619,0.012559437385708373,0.0013202641012095226,0.02601289468352721,0.012243950837464804,0.014258540128119652,0.003738289261853699,0.006099581657940409,0.0002751295613697425,0.00043894369177350644,0.0013497833287027757,0.0,0.007707912847878036,0.006149543334622922,0.004474802458581727,0.0035479607244844552,0.0071645067309921906,0.037100244456659444,0.005835934492937917,0.0026080832442833993,0.0014480159252022705,0.012894596491491028,0.03841080286545492,0.004916095931131717,0.0007175389902870447,0.009850967525763197,0.0033571402119206353,0.009736451503582657,0.010875586521695927,0.0020930258654861117,0.00036294397188239846,0.03378415835428959,0.001413418765821091,0.011741799516225669,0.0011677201558411357,0.009174553389212347,0.0041790551955145526,0.0008292931745964586,0.000455794600003631,0.007412705884169292,0.0010645709720823278,0.006378796697098206,0.0005677401596362976,0.022925869790082785,0.013422288066913665,0.04539640385604986,0.03157232315875664,0.049757470768184764
201105,0.013354399566284038,0.0029662414603307714,0.002390504695511891,0.0012144319693121386,4.886894256783646e-05,0.0,0.00871282716618872,0.0004229915636626604,0.009324183900320297,0.005901989064964354,0.005252950396807034,0.007968182487918437,0.02230265211803668,0.000796402615780595,0.010577421872212956,0.008299152486375545,0.013636878637173404,0.0034488619629829075,0.006880605065921465,0.0015465510469757342,0.005227889246729679,0.0019346937963961453,0.00038521064169661027,0.0037743515902007186,0.00028457813361940277,0.017040419095311087,0.007950713355528383,0.00661826520850973,0.0024845557689895338,0.002814953283440091,0.006550220544716106,0.0034991375541659603,0.001810400576746118,0.0010137698199281012,0.0,0.009642073210771943,0.012684048488904864,0.011971642706318541,0.0019468938433394097,0.0037157231368888884,0.003187747842091472,0.007702263717198398,0.0027470061776151025,0.02236464377866325,0.01059444536267657,0.004969429263748842,0.01374457463411576,0.01451082388991722,0.03404329126253083,0.015205798632684907,0.012688499621436856,0.017659633872515124,0.006573265846067786,0.012372489160396146,0.0013802188901962896,0.001253080484232705,0.0061302048396838765,0.02632641910303163,0.0013696562674154098,0.0016384883329891825,0.005367815428240649,0.011163437207178472,0.0167660249916029,0.023717136974461015,0.008281433213611257,0.031705695821373156,0.015129556965051834,0.0007276419046596914,0.023255452084220158,0.009247552919058672,0.014425848204100152,0.005095348039707607,0.008443720561230274,0.003233087394553176,0.0021744303642851045,0.002212659434766531,0.0,0.007009672715763054,0.006641505780670258,0.005383357305331025,0.0031266669827200544,0.006826280927993081,0.028154363002363795,0.004687102525994012,0.002684739484850813,0.0014089370156087047,0.014840488223691353,0.03559546663467924,0.004502627065751588,0.002957664966452431,0.008980122270569007,0.003537879776730618,0.008716063008606674,0.009129145192199505,0.001194103309300404,0.0013462571822112058,0.030205875378337962,0.000799042122106302,0.010441414349755752,0.004381030714002563,0.006244030270282167,0.0039022816969187155,0.0017924268869529438,0.0009330687271430063,0.004271575128499154,0.0008775369840769359,0.003978099669307805,0.0005061855989113277,0.025446175084425652,0.010945292982187532,0.04205280215660217,0.02355565664057026,0.042494667352468055
201106,0.00695741337337891,0.0030119542145558465,0.002678916699297892,0.003077219972275889,0.0033983897945476663,0.004515334393584807,0.010424151891219422,0.0046334724608831715,0.010686481628813556,0.004628371177151918,0.005299934139550582,0.00934922323730324,0.023658231710981793,0.003492807161252876,0.007091000394483367,0.008647366153248227,0.012840013387837749,0.0036933632753048816,0.006481067206448768,0.00421252564037153,0.004601273851570165,0.0036961188783013223,0.0005060807525603944,0.004027943132347787,0.0005056432695585915,0.017633767827249826,0.007667399548523222,0.011495192528463934,0.004203268234737867,0.000780112079862295,0.0050974345482900285,0.003173342417668471,0.00013161315605371185,0.0012715339626822523,0.0017684811443190826,0.011633862627474198,0.013042364437360133,0.013753139630970255,0.0035291673890096267,0.0034756339249091303,0.002330495037552464,0.004709524139311745,0.002366856964119736,0.03366905262518923,0.012913139341026409,0.005013440945416731,0.02094088303853379,0.019521468582563123,0.057205140311701375,0.00686637071862654,0.011944699471309207,0.01150048703599631,0.002182641930904454,0.012972981430947921,0.004995182158877005,0.0018244235424719063,0.006204802050487551,0.02789328069134271,0.0012202086457609145,0.003026814029202742,0.0028364407886927187,0.012956249742545405,0.023880339150621863,0.030390093968945566,0.008224583236232198,0.02569836208394155,0.01670655229276555,0.0003536453513666947,0.02349299484353598,0.009864081658386308,0.011345937517578038,0.008370632736263425,0.009747582476896974,0.005476182483948169,4.209707847546335e-05,0.0022491487317168155,0.0017196446084217268,0.00795617635059998,0.008699623267820927,0.004470471655563119,0.002478552568869486,0.007939876006976904,0.0392496743359078,0.003089920610845,0.004858597388968347,0.0016295285834216288,0.009463069550119633,0.052367832389011854,0.0014118737536703996,0.00042492818891327915,0.008308167047236048,0.0028822410238726185,0.00871499404846362,0.01646420208683794,0.0011889689451599784,0.0024927435545193228,0.038830697002139036,0.0005482243769215092,0.011059686921754398,0.0020298611144373663,0.009781220950636087,0.004734369872234463,0.003539979767354556,0.0015897167481585051,0.00874573062547001,0.0006837149424215658,0.0033467942944984956,0.0004460324293565764,0.021518172303053685,0.0159576227313115,0.051489938552240364,0.014694043691028669,0.03513296993456572
201107,0.008332458796375487,0.0015313378981450247,0.0011561826635992103,0.0036949584654563297,0.002814612029435469,0.0025125860395214697,0.00943980703609863,0.00440881355191353,0.011004012220287506,0.005451726241565878,0.004377705466212457,0.009206122676729598,0.023401021815301244,0.003143389229524644,0.007377388675622352,0.009356797128558695,0.013299995497075664,0.003918479669432507,0.007412390798048127,0.0024535944103676664,0.004779471347492685,0.0032510537345018286,0.0009856351787978768,0.006120397680898957,0.001384426002799631,0.019171503224411513,0.006831168354911577,0.009669418153404984,0.0037832697403959756,0.002195824513792375,0.004349468468935094,0.003837286644852802,0.0006787153017346428,0.002110949912334021,0.0,0.012033887324468227,0.013078233514268515,0.011942550025124047,0.0038342628316469134,0.0036712636465578356,0.0027344371872773817,0.005285349208163953,0.0028781529222208055,0.03461911410504187,0.012685908953414838,0.005334694694279257,0.021101671533069716,0.019255498165676944,0.05548579390455753,0.007127259121345982,0.01802522831581191,0.010992045748227864,0.00031654136176898124,0.013646885728113168,0.00392287999944985,0.002414757549780044,0.0053648349247120385,0.030985217605897928,0.0016923459730689725,0.004137937688467486,0.002032856723907401,0.013636335462803259,0.02094770015188607,0.028711249611604258,0.008242595847674367,0.025843506554466062,0.014845610700683142,0.002518044828991591,0.02485045000831669,0.010785015393499266,0.01146601227459507,0.008105199069138818,0.009385184835800366,0.004953882610396526,0.0013309721335277038,0.0032444242403641254,0.0,0.00937107407845329,0.010107745651630962,0.0051983655333342135,0.0024233847321004053,0.008794001734144831,0.037168370543279095,0.002691998278681025,0.005428215957851597,0.001286945086749266,0.009599004178414453,0.04972648891144952,0.0028469501935616272,0.0,0.008746651951380868,0.0019763678909228157,0.007789932853363534,0.015952840905787215,0.00025699392749223434,0.00045070614874349586,0.03708922888516323,0.0013823145481812603,0.012940901970607651,0.002505484378543127,0.0115070203969907,0.005526294542248122,0.0023344378579077283,0.0008693501996132173,0.009581506834213115,8.81797677619548e-05,0.0016691977948747713,0.00140019652670428,0.019895503174895954,0.01814068540495028,0.05130314240479571,0.017972545751959532,0.03840813805677337
201108,0.000977010147054023,0.0015029161991466618,0.0002901656656549599,0.005054575996510845,0.0035880408153899012,0.003501040512820878,0.01132022084235647,0.00014398373804335083,0.010168951122999589,0.002775010248806527,0.00535443527267638,0.013644353254129375,0.023063093207216244,0.004343834845731835,0.009629710146491693,0.006265837525252257,0.01243937740297213,0.001978597169322736,0.00804570501129832,0.007077297163828909,0.005107084877037826,0.0038345879691857707,0.0007568420471895351,0.007519827317381796,7.60883432016727e-05,0.019099296883723874,0.006058291966239168,0.013019749117057437,0.003889534987999338,0.0014119559082936353,0.0014295828035848321,0.0020599125944517414,0.001071836128391761,0.0048627245877119925,0.0,0.012077698959554378,0.01480149588338764,0.014737255068722914,0.004013380951480963,0.0046457954980602505,0.002163673204520545,0.003282440017013651,0.0010722063222724633,0.04171592189458596,0.012572213833594395,0.006482367076360312,0.0255257139835854,0.021648824273832367,0.05369015855077848,0.004321407950259091,0.014239680473231663,0.005214436262952886,0.0,0.0182897249467268,0.007252450300758752,0.004438475056050995,0.008965105102405859,0.03328448817057241,0.0009943451996869063,0.004815479324732509,0.004050200485684224,0.01631303815298693,0.030470735749805238,0.028408643284651897,0.008932765725515587,0.022222659183733083,0.01746764649557751,0.003258634871997442,0.024644910367281277,0.011024352469166167,0.013797390436445048,0.0068215942957625675,0.009020582383766504,0.009224481065123134,0.0,0.003424233526881574,0.0012902447638266192,0.008746766019887293,0.010070604413432722,0.007131508516270882,0.0024172189491301014,0.010862979304715217,0.04453349495036388,0.009554978848314934,0.007982780928042391,0.0009851853279771033,0.004197146966279582,0.053135774521933535,0.00011093595781102606,0.0017198723754278692,0.00659858723772128,5.323547466169011e-05,0.01106645430926161,0.015915245861349923,0.0008858473211517554,0.0015282743746348915,0.04754322852347489,0.0014328986895012301,0.015592544900260902,0.0006159804059548253,0.016422483833421604,0.006843450826664886,0.003096570255957809,0.0037468174461956234,0.011532671507545828,0.002647996132118429,0.002118958940920062,0.001655892269507157,0.01957797492268492,0.023405091704868715,0.0482009177390643,0.01306049369054191,0.027601308617162743
201109,0.0051771065980325826,0.0013246878013736874,0.001990892748834932,0.004867484755074561,0.002469683859854795,0.004957320108052302,0.012472005384652703,0.0014204908492880233,0.010745935281000627,0.006128810945688719,0.005987457622812187,0.012647820459536607,0.022459470634264483,0.0040715157264333175,0.008558257108843304,0.007685530930078643,0.012681161223478956,0.002161121351250936,0.007473227446745055,0.007577865457659263,0.007396710090346692,0.002796176576972421,6.79305365972284e-05,0.006979592834041079,0.00022532009436453,0.01854759411203281,0.005072432873509235,0.009915909606283088,0.003055025738428729,0.0011959687006154668,0.0,0.0017598191746934406,0.0014835950238287917,0.003204287179778029,0.0,0.012338847687876697,0.015074154512164418,0.013007873526912997,0.004875570038944154,0.0035258984449579637,0.0009170299806657416,0.004892741613077498,0.0016249845614517968,0.043775987360608656,0.012249811072832305,0.005361215788632813,0.02636394122243769,0.020965059482952273,0.05677158262840768,0.003904042519474196,0.018817653488459263,0.00446453292181871,0.0,0.017644795296267713,0.005423051337397266,0.0035999333992518937,0.005556682057833781,0.03341283328253619,8.905340217688365e-05,0.007173101353617139,0.003530322790562918,0.015839005178277975,0.027089234126462768,0.02585185138071893,0.00899668695320872,0.025535416472397942,0.01680305710764889,0.004729126273262587,0.02481790910638182,0.008755260138272755,0.013965796503622414,0.004894537855717545,0.009878142904362437,0.010578713613780228,0.0007893235714710703,0.004045434682056435,0.0,0.010008291449148722,0.012128370163879425,0.00793914596420759,0.0020053913499858663,0.010044833381300649,0.04572452065467849,0.007404711826524528,0.010388175793322237,0.0005479995000184375,0.007727640007719018,0.06032264895089972,0.0024680563001764663,0.0010058681287743248,0.006818573625818879,0.00041631981607240584,0.010474149620948234,0.0161416239549341,0.00018234740236406735,0.0003687538779355711,0.04530960652968375,0.0012666222616654567,0.014608382612589671,0.0002545521684847002,0.017185350786353644,0.008041581787006863,0.001301624114605539,0.005345302937864323,0.009418321677074565,0.00016453151721970764,0.0018418725025720571,0.002719668190347365,0.02114869322159836,0.02407821711530752,0.0469649893447439,0.021871655587170944,0.03481356841369862
201110,0.008122571957487319,0.0008730396503503329,0.0018483238659506222,0.005105722146178296,0.003025316379136611,0.005500537264713396,0.011589741719666155,0.00394801046676165,0.010869962882311046,0.008307805562134512,0.005580266898575442,0.010658307153919841,0.02226713426066599,0.0035793245954340285,0.006915374605134201,0.008819248594621168,0.012493959805320655,0.0028962053928903424,0.0062451675032422285,0.006653024824589094,0.008091957321150275,0.0017327443493184989,0.0,0.007003383884109061,0.0005723047223110011,0.019424300179791215,0.004704359514267677,0.008167457644155059,0.0032655895071053245,0.00045780972021969047,0.00025873891979802876,0.0006774837958332022,0.0013095785497354807,0.0037752377932774453,0.001682295833240102,0.012519632349098168,0.013786640651967556,0.011882557672638386,0.004610045192839474,0.0031587156307943147,0.0015691807542895276,0.004015296317031095,0.002316326301525487,0.04136000209606885,0.011030759035321684,0.004632145043157558,0.024713165914106716,0.019363497578903967,0.058274288765700816,0.007863165114780121,0.01639355266919992,0.004934716430165452,0.0012711775348716974,0.01751014350340598,0.004490813803558441,0.0036974244731921625,0.003976687514609361,0.030919799794807832,0.00017577562259768557,0.008320189587258634,0.0034230069562468557,0.016078749255458956,0.02261990609091967,0.027212332824870605,0.00861905016371937,0.028527154100937396,0.015438032773789636,0.006967553658794642,0.023339759412259943,0.00948995197645274,0.01440612896081793,0.005595354612968966,0.009687655033644672,0.009683988073571098,0.0018251726720582928,0.004828827147693464,0.0,0.01077718195550419,0.01134007684937639,0.007523677142241792,0.00037147346816890516,0.008669776592190892,0.042628943056775434,0.004890159812362675,0.009701092607738786,0.00034307119064342316,0.008290234759878976,0.06176067380305917,0.0032461628576411386,0.002842097641858768,0.006350410117292043,0.0008373530988126686,0.00891526939423095,0.015806522541239064,0.0004050885753651373,0.0,0.04100111763304573,0.002063449103319118,0.01564137548224113,0.0014382587870043365,0.013291707566808765,0.007429807882133284,0.0015178337037957616,0.0065573972582706865,0.010402108640189959,7.752233326122895e-05,0.001089563901600706,0.002992198732519449,0.01968432225306513,0.022135003575384476,0.039936442544326406,0.02361553059192985,0.03097524816439953
201111,0.015780392206560797,0.0019195681109489783,0.000823487724536138,0.004301931178628983,0.0021890628245921297,0.006040923604958741,0.008771619675543208,0.007126516740177657,0.012488105988916904,0.01005795906893503,0.0051037957908529035,0.0057400940631527975,0.015927457563324865,0.004043632636969321,0.0041114368410162545,0.01158481354613511,0.00995461540091138,0.006876309065807953,0.0046374102119462,0.006450839333001575,0.008549863734658027,0.001797078117766593,0.001264435975666424,0.00441614581774791,0.0026350640235795935,0.019050611192480846,0.005230788390642081,0.005197765090003754,0.0034300527971772637,0.0,0.0013094103448578064,0.0007745454154200441,0.0002461581247873353,0.002192983580802867,0.0038565981992964606,0.013187650545866021,0.01275002427878179,0.01119960986926608,0.002194723344369749,0.001083094473360834,0.003518835873438981,0.004261105490880161,0.002983298438718293,0.029887522709996,0.008053318200624347,0.003908478616125167,0.017577561404570608,0.014379152765470934,0.057808731967518345,0.007033627331551293,0.007386810352902629,0.0008927670511485476,0.0019706470121408828,0.011789950832165002,0.0020004187678025107,0.002108145620168898,0.002619862259639576,0.02123776192813181,0.0007721345484526706,0.008249167140393632,0.0015264090101975438,0.014597930391111628,0.01225056873308728,0.01784443598012505,0.007117964772218256,0.033046283182482775,0.013236268089413326,0.0011432423724540301,0.013769637715590387,0.0068900461927756925,0.019061259965917864,0.00815920940132066,0.008916005131557074,0.0076564980008583935,0.005924685508426784,0.0034785401240184375,0.0029735578559625625,0.012091296715679607,0.009848928166180845,0.006205734732214992,0.00033670600305459394,0.005047463291583362,0.033032377382892844,0.000633046025542119,0.006351536848980571,0.0008124125637300462,0.007223828760969208,0.0630967807823843,0.0038386989761451124,0.0013909718880078922,0.00511108185039374,0.004114449517359159,0.006980867916430616,0.01285607501047988,0.0013020523444544985,0.0011974899091511805,0.028552408626907853,0.0020013139788641284,0.012751082711560752,0.00036943779667901125,0.001976617330003777,0.004207069273603773,0.004646228703114782,0.004574544609309203,0.008387791072399758,0.0035023397644135122,0.002445828155133002,0.0028239388971616304,0.014698562250512836,0.012314812457261824,0.0271994835722555,0.024235081474459293,0.02482182547759457
201112,0.013514517413554007,0.002147240664588191,0.00334544879878252,0.0032181473070289177,0.0030938976370668454,0.004253402098097381,0.008917141174516105,0.00614633054589624,0.013334168469118985,0.00996177702674285,0.0055241451894454075,0.00723275856588449,0.015068536178021138,0.0037588181417118095,0.0038495017301580286,0.009379521321065478,0.008634021885136232,0.006739659217511194,0.00438274460912409,0.005679267577009538,0.009317160686994893,0.002697454945055445,0.001579323979998145,0.0068479567145161525,0.002351889466449728,0.017984930721539224,0.005706694853419787,0.005363399898882649,0.002547887483385501,0.002164303426932014,0.0011473246484887897,0.0020636971815520297,0.0008991286169763,0.0007886523974252324,0.003924959931564355,0.0136725614752274,0.011638250228463334,0.010461523728904349,0.002740190827361775,0.00036656335394968313,0.003077299836853203,0.00318589107737784,0.002751413521538732,0.03324631799390789,0.008313510995597923,0.0020298758666616296,0.016478024495746896,0.013132001211641499,0.05195064761870923,0.003293780673739228,0.0078473313728251,0.001692959973365109,0.001860078105182277,0.010791472707397302,0.0012602277098880403,0.001016844970221853,0.0014653383845895174,0.021576015122309337,0.0007550835797721209,0.009277580985540795,0.0018994804147224693,0.014704531012986664,0.01240929752333537,0.01837873095708356,0.008077614943273359,0.028992638302215913,0.013830347386124554,0.002094583028371463,0.013855042249397265,0.0075774944041299055,0.018035160488329868,0.00938396394614486,0.009491059273782023,0.007783449839895316,0.006251831423239375,0.003236367160551763,0.0042837433881485155,0.008704280331605642,0.00630792503022477,0.006115413296463624,0.0,0.005791512984391548,0.0378896374359377,0.0,0.007679571058224833,0.0007937270450405625,0.006656124916008247,0.057132229254924796,0.004432910799176227,0.0014679123316561416,0.0059814393290949525,0.0033478705070936945,0.008467747503411853,0.012050194862244866,0.002345566944573001,0.0013773916421115167,0.02787056233994487,0.0015540718427379137,0.012752234849784933,0.0012870029294808733,0.0012419947093390887,0.004928409575664589,0.0034569664257249467,0.006488231111658357,0.006701712373400831,0.004875232351913027,0.004624744428017016,0.0028371832879415405,0.012937032023353815,0.010977818919616711,0.02656197146585002,0.026133206016647988,0.02549631695347458
201201,0.0,0.0,0.0,0.0,0.0,0.0,0.0,0.0,0.0,0.0,0.0,0.0,0.0,0.0,0.0,0.0,0.0,0.0,0.0,0.0,0.0,0.0,0.0,0.0,0.0,0.0,0.0,0.0,0.0,0.0,0.0,0.0,0.0,0.0,0.0,0.0,0.0,0.0,0.0,0.0,0.0,0.0,0.0,0.0,0.0,0.0,0.0,0.0,0.0,0.0,0.0,0.0,0.0,0.0,0.0,0.0,0.0,0.0,0.0,0.0,0.0,0.0,0.0,0.0,0.0,0.0,0.0,0.0,0.0,0.0,0.0,0.0,0.0,0.0,0.0,0.0,0.0,0.0,0.0,0.0,0.0,0.0,0.0,0.0,0.0,0.0,0.0,0.0,0.0,0.0,0.0,0.0,0.0,0.0,0.0,0.0,0.0,0.0,0.0,0.0,0.0,0.0,0.0,0.0,0.0,0.0,0.0,0.0,0.0,0.0,0.0,0.0,0.0
201202,0.0,0.0,0.0,0.0,0.0,0.0,0.0,0.0,0.0,0.0,0.0,0.0,0.0,0.0,0.0,0.0,0.0,0.0,0.0,0.0,0.0,0.0,0.0,0.0,0.0,0.0,0.0,0.0,0.0,0.0,0.0,0.0,0.0,0.0,0.0,0.0,0.0,0.0,0.0,0.0,0.0,0.0,0.0,0.0,0.0,0.0,0.0,0.0,0.0,0.0,0.0,0.0,0.0,0.0,0.0,0.0,0.0,0.0,0.0,0.0,0.0,0.0,0.0,0.0,0.0,0.0,0.0,0.0,0.0,0.0,0.0,0.0,0.0,0.0,0.0,0.0,0.0,0.0,0.0,0.0,0.0,0.0,0.0,0.0,0.0,0.0,0.0,0.0,0.0,0.0,0.0,0.0,0.0,0.0,0.0,0.0,0.0,0.0,0.0,0.0,0.0,0.0,0.0,0.0,0.0,0.0,0.0,0.0,0.0,0.0,0.0,0.0,0.0
201203,0.0,0.0,0.0,0.0,0.0,0.0,0.0,0.0,0.0,0.0,0.0,0.0,0.0,0.0,0.0,0.0,0.0,0.0,0.0,0.0,0.0,0.0,0.0,0.0,0.0,0.0,0.0,0.0,0.0,0.0,0.0,0.0,0.0,0.0,0.0,0.0,0.0,0.0,0.0,0.0,0.0,0.0,0.0,0.0,0.0,0.0,0.0,0.0,0.0,0.0,0.0,0.0,0.0,0.0,0.0,0.0,0.0,0.0,0.0,0.0,0.0,0.0,0.0,0.0,0.0,0.0,0.0,0.0,0.0,0.0,0.0,0.0,0.0,0.0,0.0,0.0,0.0,0.0,0.0,0.0,0.0,0.0,0.0,0.0,0.0,0.0,0.0,0.0,0.0,0.0,0.0,0.0,0.0,0.0,0.0,0.0,0.0,0.0,0.0,0.0,0.0,0.0,0.0,0.0,0.0,0.0,0.0,0.0,0.0,0.0,0.0,0.0,0.0
201204,0.0,0.0,0.0,0.0,0.0,0.0,0.0,0.0,0.0,0.0,0.0,0.0,0.0,0.0,0.0,0.0,0.0,0.0,0.0,0.0,0.0,0.0,0.0,0.0,0.0,0.0,0.0,0.0,0.0,0.0,0.0,0.0,0.0,0.0,0.0,0.0,0.0,0.0,0.0,0.0,0.0,0.0,0.0,0.0,0.0,0.0,0.0,0.0,0.0,0.0,0.0,0.0,0.0,0.0,0.0,0.0,0.0,0.0,0.0,0.0,0.0,0.0,0.0,0.0,0.0,0.0,0.0,0.0,0.0,0.0,0.0,0.0,0.0,0.0,0.0,0.0,0.0,0.0,0.0,0.0,0.0,0.0,0.0,0.0,0.0,0.0,0.0,0.0,0.0,0.0,0.0,0.0,0.0,0.0,0.0,0.0,0.0,0.0,0.0,0.0,0.0,0.0,0.0,0.0,0.0,0.0,0.0,0.0,0.0,0.0,0.0,0.0,0.0
201205,0.0,0.0,0.0,0.0,0.0,0.0,0.0,0.0,0.0,0.0,0.0,0.0,0.0,0.0,0.0,0.0,0.0,0.0,0.0,0.0,0.0,0.0,0.0,0.0,0.0,0.0,0.0,0.0,0.0,0.0,0.0,0.0,0.0,0.0,0.0,0.0,0.0,0.0,0.0,0.0,0.0,0.0,0.0,0.0,0.0,0.0,0.0,0.0,0.0,0.0,0.0,0.0,0.0,0.0,0.0,0.0,0.0,0.0,0.0,0.0,0.0,0.0,0.0,0.0,0.0,0.0,0.0,0.0,0.0,0.0,0.0,0.0,0.0,0.0,0.0,0.0,0.0,0.0,0.0,0.0,0.0,0.0,0.0,0.0,0.0,0.0,0.0,0.0,0.0,0.0,0.0,0.0,0.0,0.0,0.0,0.0,0.0,0.0,0.0,0.0,0.0,0.0,0.0,0.0,0.0,0.0,0.0,0.0,0.0,0.0,0.0,0.0,0.0
201206,0.0,0.0,0.0,0.0,0.0,0.0,0.0,0.0,0.0,0.0,0.0,0.0,0.0,0.0,0.0,0.0,0.0,0.0,0.0,0.0,0.0,0.0,0.0,0.0,0.0,0.0,0.0,0.0,0.0,0.0,0.0,0.0,0.0,0.0,0.0,0.0,0.0,0.0,0.0,0.0,0.0,0.0,0.0,0.0,0.0,0.0,0.0,0.0,0.0,0.0,0.0,0.0,0.0,0.0,0.0,0.0,0.0,0.0,0.0,0.0,0.0,0.0,0.0,0.0,0.0,0.0,0.0,0.0,0.0,0.0,0.0,0.0,0.0,0.0,0.0,0.0,0.0,0.0,0.0,0.0,0.0,0.0,0.0,0.0,0.0,0.0,0.0,0.0,0.0,0.0,0.0,0.0,0.0,0.0,0.0,0.0,0.0,0.0,0.0,0.0,0.0,0.0,0.0,0.0,0.0,0.0,0.0,0.0,0.0,0.0,0.0,0.0,0.0
201207,0.0,0.0,0.0,0.0,0.0,0.0,0.0,0.0,0.0,0.0,0.0,0.0,0.0,0.0,0.0,0.0,0.0,0.0,0.0,0.0,0.0,0.0,0.0,0.0,0.0,0.0,0.0,0.0,0.0,0.0,0.0,0.0,0.0,0.0,0.0,0.0,0.0,0.0,0.0,0.0,0.0,0.0,0.0,0.0,0.0,0.0,0.0,0.0,0.0,0.0,0.0,0.0,0.0,0.0,0.0,0.0,0.0,0.0,0.0,0.0,0.0,0.0,0.0,0.0,0.0,0.0,0.0,0.0,0.0,0.0,0.0,0.0,0.0,0.0,0.0,0.0,0.0,0.0,0.0,0.0,0.0,0.0,0.0,0.0,0.0,0.0,0.0,0.0,0.0,0.0,0.0,0.0,0.0,0.0,0.0,0.0,0.0,0.0,0.0,0.0,0.0,0.0,0.0,0.0,0.0,0.0,0.0,0.0,0.0,0.0,0.0,0.0,0.0
201208,0.0,0.0,0.0,0.0,0.0,0.0,0.0,0.0,0.0,0.0,0.0,0.0,0.0,0.0,0.0,0.0,0.0,0.0,0.0,0.0,0.0,0.0,0.0,0.0,0.0,0.0,0.0,0.0,0.0,0.0,0.0,0.0,0.0,0.0,0.0,0.0,0.0,0.0,0.0,0.0,0.0,0.0,0.0,0.0,0.0,0.0,0.0,0.0,0.0,0.0,0.0,0.0,0.0,0.0,0.0,0.0,0.0,0.0,0.0,0.0,0.0,0.0,0.0,0.0,0.0,0.0,0.0,0.0,0.0,0.0,0.0,0.0,0.0,0.0,0.0,0.0,0.0,0.0,0.0,0.0,0.0,0.0,0.0,0.0,0.0,0.0,0.0,0.0,0.0,0.0,0.0,0.0,0.0,0.0,0.0,0.0,0.0,0.0,0.0,0.0,0.0,0.0,0.0,0.0,0.0,0.0,0.0,0.0,0.0,0.0,0.0,0.0,0.0
201209,0.0,0.0,0.0,0.0,0.0,0.0,0.0,0.0,0.0,0.0,0.0,0.0,0.0,0.0,0.0,0.0,0.0,0.0,0.0,0.0,0.0,0.0,0.0,0.0,0.0,0.0,0.0,0.0,0.0,0.0,0.0,0.0,0.0,0.0,0.0,0.0,0.0,0.0,0.0,0.0,0.0,0.0,0.0,0.0,0.0,0.0,0.0,0.0,0.0,0.0,0.0,0.0,0.0,0.0,0.0,0.0,0.0,0.0,0.0,0.0,0.0,0.0,0.0,0.0,0.0,0.0,0.0,0.0,0.0,0.0,0.0,0.0,0.0,0.0,0.0,0.0,0.0,0.0,0.0,0.0,0.0,0.0,0.0,0.0,0.0,0.0,0.0,0.0,0.0,0.0,0.0,0.0,0.0,0.0,0.0,0.0,0.0,0.0,0.0,0.0,0.0,0.0,0.0,0.0,0.0,0.0,0.0,0.0,0.0,0.0,0.0,0.0,0.0
201210,0.0,0.0,0.0,0.0,0.0,0.0,0.0,0.0,0.0,0.0,0.0,0.0,0.0,0.0,0.0,0.0,0.0,0.0,0.0,0.0,0.0,0.0,0.0,0.0,0.0,0.0,0.0,0.0,0.0,0.0,0.0,0.0,0.0,0.0,0.0,0.0,0.0,0.0,0.0,0.0,0.0,0.0,0.0,0.0,0.0,0.0,0.0,0.0,0.0,0.0,0.0,0.0,0.0,0.0,0.0,0.0,0.0,0.0,0.0,0.0,0.0,0.0,0.0,0.0,0.0,0.0,0.0,0.0,0.0,0.0,0.0,0.0,0.0,0.0,0.0,0.0,0.0,0.0,0.0,0.0,0.0,0.0,0.0,0.0,0.0,0.0,0.0,0.0,0.0,0.0,0.0,0.0,0.0,0.0,0.0,0.0,0.0,0.0,0.0,0.0,0.0,0.0,0.0,0.0,0.0,0.0,0.0,0.0,0.0,0.0,0.0,0.0,0.0
201211,0.0,0.0,0.0,0.0,0.0,0.0,0.0,0.0,0.0,0.0,0.0,0.0,0.0,0.0,0.0,0.0,0.0,0.0,0.0,0.0,0.0,0.0,0.0,0.0,0.0,0.0,0.0,0.0,0.0,0.0,0.0,0.0,0.0,0.0,0.0,0.0,0.0,0.0,0.0,0.0,0.0,0.0,0.0,0.0,0.0,0.0,0.0,0.0,0.0,0.0,0.0,0.0,0.0,0.0,0.0,0.0,0.0,0.0,0.0,0.0,0.0,0.0,0.0,0.0,0.0,0.0,0.0,0.0,0.0,0.0,0.0,0.0,0.0,0.0,0.0,0.0,0.0,0.0,0.0,0.0,0.0,0.0,0.0,0.0,0.0,0.0,0.0,0.0,0.0,0.0,0.0,0.0,0.0,0.0,0.0,0.0,0.0,0.0,0.0,0.0,0.0,0.0,0.0,0.0,0.0,0.0,0.0,0.0,0.0,0.0,0.0,0.0,0.0
201212,0.0,0.0,0.0,0.0,0.0,0.0,0.0,0.0,0.0,0.0,0.0,0.0,0.0,0.0,0.0,0.0,0.0,0.0,0.0,0.0,0.0,0.0,0.0,0.0,0.0,0.0,0.0,0.0,0.0,0.0,0.0,0.0,0.0,0.0,0.0,0.0,0.0,0.0,0.0,0.0,0.0,0.0,0.0,0.0,0.0,0.0,0.0,0.0,0.0,0.0,0.0,0.0,0.0,0.0,0.0,0.0,0.0,0.0,0.0,0.0,0.0,0.0,0.0,0.0,0.0,0.0,0.0,0.0,0.0,0.0,0.0,0.0,0.0,0.0,0.0,0.0,0.0,0.0,0.0,0.0,0.0,0.0,0.0,0.0,0.0,0.0,0.0,0.0,0.0,0.0,0.0,0.0,0.0,0.0,0.0,0.0,0.0,0.0,0.0,0.0,0.0,0.0,0.0,0.0,0.0,0.0,0.0,0.0,0.0,0.0,0.0,0.0,0.0
201301,0.0,0.0,0.0,0.0,0.0,0.0,0.0,0.0,0.0,0.0,0.0,0.0,0.0,0.0,0.0,0.0,0.0,0.0,0.0,0.0,0.0,0.0,0.0,0.0,0.0,0.0,0.0,0.0,0.0,0.0,0.0,0.0,0.0,0.0,0.0,0.0,0.0,0.0,0.0,0.0,0.0,0.0,0.0,0.0,0.0,0.0,0.0,0.0,0.0,0.0,0.0,0.0,0.0,0.0,0.0,0.0,0.0,0.0,0.0,0.0,0.0,0.0,0.0,0.0,0.0,0.0,0.0,0.0,0.0,0.0,0.0,0.0,0.0,0.0,0.0,0.0,0.0,0.0,0.0,0.0,0.0,0.0,0.0,0.0,0.0,0.0,0.0,0.0,0.0,0.0,0.0,0.0,0.0,0.0,0.0,0.0,0.0,0.0,0.0,0.0,0.0,0.0,0.0,0.0,0.0,0.0,0.0,0.0,0.0,0.0,0.0,0.0,0.0
201302,0.0,0.0,0.0,0.0,0.0,0.0,0.0,0.0,0.0,0.0,0.0,0.0,0.0,0.0,0.0,0.0,0.0,0.0,0.0,0.0,0.0,0.0,0.0,0.0,0.0,0.0,0.0,0.0,0.0,0.0,0.0,0.0,0.0,0.0,0.0,0.0,0.0,0.0,0.0,0.0,0.0,0.0,0.0,0.0,0.0,0.0,0.0,0.0,0.0,0.0,0.0,0.0,0.0,0.0,0.0,0.0,0.0,0.0,0.0,0.0,0.0,0.0,0.0,0.0,0.0,0.0,0.0,0.0,0.0,0.0,0.0,0.0,0.0,0.0,0.0,0.0,0.0,0.0,0.0,0.0,0.0,0.0,0.0,0.0,0.0,0.0,0.0,0.0,0.0,0.0,0.0,0.0,0.0,0.0,0.0,0.0,0.0,0.0,0.0,0.0,0.0,0.0,0.0,0.0,0.0,0.0,0.0,0.0,0.0,0.0,0.0,0.0,0.0
201303,0.0,0.0,0.0,0.0,0.0,0.0,0.0,0.0,0.0,0.0,0.0,0.0,0.0,0.0,0.0,0.0,0.0,0.0,0.0,0.0,0.0,0.0,0.0,0.0,0.0,0.0,0.0,0.0,0.0,0.0,0.0,0.0,0.0,0.0,0.0,0.0,0.0,0.0,0.0,0.0,0.0,0.0,0.0,0.0,0.0,0.0,0.0,0.0,0.0,0.0,0.0,0.0,0.0,0.0,0.0,0.0,0.0,0.0,0.0,0.0,0.0,0.0,0.0,0.0,0.0,0.0,0.0,0.0,0.0,0.0,0.0,0.0,0.0,0.0,0.0,0.0,0.0,0.0,0.0,0.0,0.0,0.0,0.0,0.0,0.0,0.0,0.0,0.0,0.0,0.0,0.0,0.0,0.0,0.0,0.0,0.0,0.0,0.0,0.0,0.0,0.0,0.0,0.0,0.0,0.0,0.0,0.0,0.0,0.0,0.0,0.0,0.0,0.0
201304,0.0,0.0,0.0,0.0,0.0,0.0,0.0,0.0,0.0,0.0,0.0,0.0,0.0,0.0,0.0,0.0,0.0,0.0,0.0,0.0,0.0,0.0,0.0,0.0,0.0,0.0,0.0,0.0,0.0,0.0,0.0,0.0,0.0,0.0,0.0,0.0,0.0,0.0,0.0,0.0,0.0,0.0,0.0,0.0,0.0,0.0,0.0,0.0,0.0,0.0,0.0,0.0,0.0,0.0,0.0,0.0,0.0,0.0,0.0,0.0,0.0,0.0,0.0,0.0,0.0,0.0,0.0,0.0,0.0,0.0,0.0,0.0,0.0,0.0,0.0,0.0,0.0,0.0,0.0,0.0,0.0,0.0,0.0,0.0,0.0,0.0,0.0,0.0,0.0,0.0,0.0,0.0,0.0,0.0,0.0,0.0,0.0,0.0,0.0,0.0,0.0,0.0,0.0,0.0,0.0,0.0,0.0,0.0,0.0,0.0,0.0,0.0,0.0
201305,0.0,0.0,0.0,0.0,0.0,0.0,0.0,0.0,0.0,0.0,0.0,0.0,0.0,0.0,0.0,0.0,0.0,0.0,0.0,0.0,0.0,0.0,0.0,0.0,0.0,0.0,0.0,0.0,0.0,0.0,0.0,0.0,0.0,0.0,0.0,0.0,0.0,0.0,0.0,0.0,0.0,0.0,0.0,0.0,0.0,0.0,0.0,0.0,0.0,0.0,0.0,0.0,0.0,0.0,0.0,0.0,0.0,0.0,0.0,0.0,0.0,0.0,0.0,0.0,0.0,0.0,0.0,0.0,0.0,0.0,0.0,0.0,0.0,0.0,0.0,0.0,0.0,0.0,0.0,0.0,0.0,0.0,0.0,0.0,0.0,0.0,0.0,0.0,0.0,0.0,0.0,0.0,0.0,0.0,0.0,0.0,0.0,0.0,0.0,0.0,0.0,0.0,0.0,0.0,0.0,0.0,0.0,0.0,0.0,0.0,0.0,0.0,0.0
201306,0.0,0.0,0.0,0.0,0.0,0.0,0.0,0.0,0.0,0.0,0.0,0.0,0.0,0.0,0.0,0.0,0.0,0.0,0.0,0.0,0.0,0.0,0.0,0.0,0.0,0.0,0.0,0.0,0.0,0.0,0.0,0.0,0.0,0.0,0.0,0.0,0.0,0.0,0.0,0.0,0.0,0.0,0.0,0.0,0.0,0.0,0.0,0.0,0.0,0.0,0.0,0.0,0.0,0.0,0.0,0.0,0.0,0.0,0.0,0.0,0.0,0.0,0.0,0.0,0.0,0.0,0.0,0.0,0.0,0.0,0.0,0.0,0.0,0.0,0.0,0.0,0.0,0.0,0.0,0.0,0.0,0.0,0.0,0.0,0.0,0.0,0.0,0.0,0.0,0.0,0.0,0.0,0.0,0.0,0.0,0.0,0.0,0.0,0.0,0.0,0.0,0.0,0.0,0.0,0.0,0.0,0.0,0.0,0.0,0.0,0.0,0.0,0.0
201307,0.0,0.0,0.0,0.0,0.0,0.0,0.0,0.0,0.0,0.0,0.0,0.0,0.0,0.0,0.0,0.0,0.0,0.0,0.0,0.0,0.0,0.0,0.0,0.0,0.0,0.0,0.0,0.0,0.0,0.0,0.0,0.0,0.0,0.0,0.0,0.0,0.0,0.0,0.0,0.0,0.0,0.0,0.0,0.0,0.0,0.0,0.0,0.0,0.0,0.0,0.0,0.0,0.0,0.0,0.0,0.0,0.0,0.0,0.0,0.0,0.0,0.0,0.0,0.0,0.0,0.0,0.0,0.0,0.0,0.0,0.0,0.0,0.0,0.0,0.0,0.0,0.0,0.0,0.0,0.0,0.0,0.0,0.0,0.0,0.0,0.0,0.0,0.0,0.0,0.0,0.0,0.0,0.0,0.0,0.0,0.0,0.0,0.0,0.0,0.0,0.0,0.0,0.0,0.0,0.0,0.0,0.0,0.0,0.0,0.0,0.0,0.0,0.0
201308,0.0,0.0,0.0,0.0,0.0,0.0,0.0,0.0,0.0,0.0,0.0,0.0,0.0,0.0,0.0,0.0,0.0,0.0,0.0,0.0,0.0,0.0,0.0,0.0,0.0,0.0,0.0,0.0,0.0,0.0,0.0,0.0,0.0,0.0,0.0,0.0,0.0,0.0,0.0,0.0,0.0,0.0,0.0,0.0,0.0,0.0,0.0,0.0,0.0,0.0,0.0,0.0,0.0,0.0,0.0,0.0,0.0,0.0,0.0,0.0,0.0,0.0,0.0,0.0,0.0,0.0,0.0,0.0,0.0,0.0,0.0,0.0,0.0,0.0,0.0,0.0,0.0,0.0,0.0,0.0,0.0,0.0,0.0,0.0,0.0,0.0,0.0,0.0,0.0,0.0,0.0,0.0,0.0,0.0,0.0,0.0,0.0,0.0,0.0,0.0,0.0,0.0,0.0,0.0,0.0,0.0,0.0,0.0,0.0,0.0,0.0,0.0,0.0
201309,0.0,0.0,0.0,0.0,0.0,0.0,0.0,0.0,0.0,0.0,0.0,0.0,0.0,0.0,0.0,0.0,0.0,0.0,0.0,0.0,0.0,0.0,0.0,0.0,0.0,0.0,0.0,0.0,0.0,0.0,0.0,0.0,0.0,0.0,0.0,0.0,0.0,0.0,0.0,0.0,0.0,0.0,0.0,0.0,0.0,0.0,0.0,0.0,0.0,0.0,0.0,0.0,0.0,0.0,0.0,0.0,0.0,0.0,0.0,0.0,0.0,0.0,0.0,0.0,0.0,0.0,0.0,0.0,0.0,0.0,0.0,0.0,0.0,0.0,0.0,0.0,0.0,0.0,0.0,0.0,0.0,0.0,0.0,0.0,0.0,0.0,0.0,0.0,0.0,0.0,0.0,0.0,0.0,0.0,0.0,0.0,0.0,0.0,0.0,0.0,0.0,0.0,0.0,0.0,0.0,0.0,0.0,0.0,0.0,0.0,0.0,0.0,0.0
201310,0.0,0.0,0.0,0.0,0.0,0.0,0.0,0.0,0.0,0.0,0.0,0.0,0.0,0.0,0.0,0.0,0.0,0.0,0.0,0.0,0.0,0.0,0.0,0.0,0.0,0.0,0.0,0.0,0.0,0.0,0.0,0.0,0.0,0.0,0.0,0.0,0.0,0.0,0.0,0.0,0.0,0.0,0.0,0.0,0.0,0.0,0.0,0.0,0.0,0.0,0.0,0.0,0.0,0.0,0.0,0.0,0.0,0.0,0.0,0.0,0.0,0.0,0.0,0.0,0.0,0.0,0.0,0.0,0.0,0.0,0.0,0.0,0.0,0.0,0.0,0.0,0.0,0.0,0.0,0.0,0.0,0.0,0.0,0.0,0.0,0.0,0.0,0.0,0.0,0.0,0.0,0.0,0.0,0.0,0.0,0.0,0.0,0.0,0.0,0.0,0.0,0.0,0.0,0.0,0.0,0.0,0.0,0.0,0.0,0.0,0.0,0.0,0.0
201311,0.0,0.0,0.0,0.0,0.0,0.0,0.0,0.0,0.0,0.0,0.0,0.0,0.0,0.0,0.0,0.0,0.0,0.0,0.0,0.0,0.0,0.0,0.0,0.0,0.0,0.0,0.0,0.0,0.0,0.0,0.0,0.0,0.0,0.0,0.0,0.0,0.0,0.0,0.0,0.0,0.0,0.0,0.0,0.0,0.0,0.0,0.0,0.0,0.0,0.0,0.0,0.0,0.0,0.0,0.0,0.0,0.0,0.0,0.0,0.0,0.0,0.0,0.0,0.0,0.0,0.0,0.0,0.0,0.0,0.0,0.0,0.0,0.0,0.0,0.0,0.0,0.0,0.0,0.0,0.0,0.0,0.0,0.0,0.0,0.0,0.0,0.0,0.0,0.0,0.0,0.0,0.0,0.0,0.0,0.0,0.0,0.0,0.0,0.0,0.0,0.0,0.0,0.0,0.0,0.0,0.0,0.0,0.0,0.0,0.0,0.0,0.0,0.0
201312,0.0,0.0,0.0,0.0,0.0,0.0,0.0,0.0,0.0,0.0,0.0,0.0,0.0,0.0,0.0,0.0,0.0,0.0,0.0,0.0,0.0,0.0,0.0,0.0,0.0,0.0,0.0,0.0,0.0,0.0,0.0,0.0,0.0,0.0,0.0,0.0,0.0,0.0,0.0,0.0,0.0,0.0,0.0,0.0,0.0,0.0,0.0,0.0,0.0,0.0,0.0,0.0,0.0,0.0,0.0,0.0,0.0,0.0,0.0,0.0,0.0,0.0,0.0,0.0,0.0,0.0,0.0,0.0,0.0,0.0,0.0,0.0,0.0,0.0,0.0,0.0,0.0,0.0,0.0,0.0,0.0,0.0,0.0,0.0,0.0,0.0,0.0,0.0,0.0,0.0,0.0,0.0,0.0,0.0,0.0,0.0,0.0,0.0,0.0,0.0,0.0,0.0,0.0,0.0,0.0,0.0,0.0,0.0,0.0,0.0,0.0,0.0,0.0
201401,0.0,0.0,0.0,0.0,0.0,0.0,0.0,0.0,0.0,0.0,0.0,0.0,0.0,0.0,0.0,0.0,0.0,0.0,0.0,0.0,0.0,0.0,0.0,0.0,0.0,0.0,0.0,0.0,0.0,0.0,0.0,0.0,0.0,0.0,0.0,0.0,0.0,0.0,0.0,0.0,0.0,0.0,0.0,0.0,0.0,0.0,0.0,0.0,0.0,0.0,0.0,0.0,0.0,0.0,0.0,0.0,0.0,0.0,0.0,0.0,0.0,0.0,0.0,0.0,0.0,0.0,0.0,0.0,0.0,0.0,0.0,0.0,0.0,0.0,0.0,0.0,0.0,0.0,0.0,0.0,0.0,0.0,0.0,0.0,0.0,0.0,0.0,0.0,0.0,0.0,0.0,0.0,0.0,0.0,0.0,0.0,0.0,0.0,0.0,0.0,0.0,0.0,0.0,0.0,0.0,0.0,0.0,0.0,0.0,0.0,0.0,0.0,0.0
201402,0.0,0.0,0.0,0.0,0.0,0.0,0.0,0.0,0.0,0.0,0.0,0.0,0.0,0.0,0.0,0.0,0.0,0.0,0.0,0.0,0.0,0.0,0.0,0.0,0.0,0.0,0.0,0.0,0.0,0.0,0.0,0.0,0.0,0.0,0.0,0.0,0.0,0.0,0.0,0.0,0.0,0.0,0.0,0.0,0.0,0.0,0.0,0.0,0.0,0.0,0.0,0.0,0.0,0.0,0.0,0.0,0.0,0.0,0.0,0.0,0.0,0.0,0.0,0.0,0.0,0.0,0.0,0.0,0.0,0.0,0.0,0.0,0.0,0.0,0.0,0.0,0.0,0.0,0.0,0.0,0.0,0.0,0.0,0.0,0.0,0.0,0.0,0.0,0.0,0.0,0.0,0.0,0.0,0.0,0.0,0.0,0.0,0.0,0.0,0.0,0.0,0.0,0.0,0.0,0.0,0.0,0.0,0.0,0.0,0.0,0.0,0.0,0.0
201403,0.0,0.0,0.0,0.0,0.0,0.0,0.0,0.0,0.0,0.0,0.0,0.0,0.0,0.0,0.0,0.0,0.0,0.0,0.0,0.0,0.0,0.0,0.0,0.0,0.0,0.0,0.0,0.0,0.0,0.0,0.0,0.0,0.0,0.0,0.0,0.0,0.0,0.0,0.0,0.0,0.0,0.0,0.0,0.0,0.0,0.0,0.0,0.0,0.0,0.0,0.0,0.0,0.0,0.0,0.0,0.0,0.0,0.0,0.0,0.0,0.0,0.0,0.0,0.0,0.0,0.0,0.0,0.0,0.0,0.0,0.0,0.0,0.0,0.0,0.0,0.0,0.0,0.0,0.0,0.0,0.0,0.0,0.0,0.0,0.0,0.0,0.0,0.0,0.0,0.0,0.0,0.0,0.0,0.0,0.0,0.0,0.0,0.0,0.0,0.0,0.0,0.0,0.0,0.0,0.0,0.0,0.0,0.0,0.0,0.0,0.0,0.0,0.0
201404,0.0,0.0,0.0,0.0,0.0,0.0,0.0,0.0,0.0,0.0,0.0,0.0,0.0,0.0,0.0,0.0,0.0,0.0,0.0,0.0,0.0,0.0,0.0,0.0,0.0,0.0,0.0,0.0,0.0,0.0,0.0,0.0,0.0,0.0,0.0,0.0,0.0,0.0,0.0,0.0,0.0,0.0,0.0,0.0,0.0,0.0,0.0,0.0,0.0,0.0,0.0,0.0,0.0,0.0,0.0,0.0,0.0,0.0,0.0,0.0,0.0,0.0,0.0,0.0,0.0,0.0,0.0,0.0,0.0,0.0,0.0,0.0,0.0,0.0,0.0,0.0,0.0,0.0,0.0,0.0,0.0,0.0,0.0,0.0,0.0,0.0,0.0,0.0,0.0,0.0,0.0,0.0,0.0,0.0,0.0,0.0,0.0,0.0,0.0,0.0,0.0,0.0,0.0,0.0,0.0,0.0,0.0,0.0,0.0,0.0,0.0,0.0,0.0
201405,0.0,0.0,0.0,0.0,0.0,0.0,0.0,0.0,0.0,0.0,0.0,0.0,0.0,0.0,0.0,0.0,0.0,0.0,0.0,0.0,0.0,0.0,0.0,0.0,0.0,0.0,0.0,0.0,0.0,0.0,0.0,0.0,0.0,0.0,0.0,0.0,0.0,0.0,0.0,0.0,0.0,0.0,0.0,0.0,0.0,0.0,0.0,0.0,0.0,0.0,0.0,0.0,0.0,0.0,0.0,0.0,0.0,0.0,0.0,0.0,0.0,0.0,0.0,0.0,0.0,0.0,0.0,0.0,0.0,0.0,0.0,0.0,0.0,0.0,0.0,0.0,0.0,0.0,0.0,0.0,0.0,0.0,0.0,0.0,0.0,0.0,0.0,0.0,0.0,0.0,0.0,0.0,0.0,0.0,0.0,0.0,0.0,0.0,0.0,0.0,0.0,0.0,0.0,0.0,0.0,0.0,0.0,0.0,0.0,0.0,0.0,0.0,0.0
201406,0.0,0.0,0.0,0.0,0.0,0.0,0.0,0.0,0.0,0.0,0.0,0.0,0.0,0.0,0.0,0.0,0.0,0.0,0.0,0.0,0.0,0.0,0.0,0.0,0.0,0.0,0.0,0.0,0.0,0.0,0.0,0.0,0.0,0.0,0.0,0.0,0.0,0.0,0.0,0.0,0.0,0.0,0.0,0.0,0.0,0.0,0.0,0.0,0.0,0.0,0.0,0.0,0.0,0.0,0.0,0.0,0.0,0.0,0.0,0.0,0.0,0.0,0.0,0.0,0.0,0.0,0.0,0.0,0.0,0.0,0.0,0.0,0.0,0.0,0.0,0.0,0.0,0.0,0.0,0.0,0.0,0.0,0.0,0.0,0.0,0.0,0.0,0.0,0.0,0.0,0.0,0.0,0.0,0.0,0.0,0.0,0.0,0.0,0.0,0.0,0.0,0.0,0.0,0.0,0.0,0.0,0.0,0.0,0.0,0.0,0.0,0.0,0.0
201407,0.0,0.0,0.0,0.0,0.0,0.0,0.0,0.0,0.0,0.0,0.0,0.0,0.0,0.0,0.0,0.0,0.0,0.0,0.0,0.0,0.0,0.0,0.0,0.0,0.0,0.0,0.0,0.0,0.0,0.0,0.0,0.0,0.0,0.0,0.0,0.0,0.0,0.0,0.0,0.0,0.0,0.0,0.0,0.0,0.0,0.0,0.0,0.0,0.0,0.0,0.0,0.0,0.0,0.0,0.0,0.0,0.0,0.0,0.0,0.0,0.0,0.0,0.0,0.0,0.0,0.0,0.0,0.0,0.0,0.0,0.0,0.0,0.0,0.0,0.0,0.0,0.0,0.0,0.0,0.0,0.0,0.0,0.0,0.0,0.0,0.0,0.0,0.0,0.0,0.0,0.0,0.0,0.0,0.0,0.0,0.0,0.0,0.0,0.0,0.0,0.0,0.0,0.0,0.0,0.0,0.0,0.0,0.0,0.0,0.0,0.0,0.0,0.0
201408,0.0,0.0,0.0,0.0,0.0,0.0,0.0,0.0,0.0,0.0,0.0,0.0,0.0,0.0,0.0,0.0,0.0,0.0,0.0,0.0,0.0,0.0,0.0,0.0,0.0,0.0,0.0,0.0,0.0,0.0,0.0,0.0,0.0,0.0,0.0,0.0,0.0,0.0,0.0,0.0,0.0,0.0,0.0,0.0,0.0,0.0,0.0,0.0,0.0,0.0,0.0,0.0,0.0,0.0,0.0,0.0,0.0,0.0,0.0,0.0,0.0,0.0,0.0,0.0,0.0,0.0,0.0,0.0,0.0,0.0,0.0,0.0,0.0,0.0,0.0,0.0,0.0,0.0,0.0,0.0,0.0,0.0,0.0,0.0,0.0,0.0,0.0,0.0,0.0,0.0,0.0,0.0,0.0,0.0,0.0,0.0,0.0,0.0,0.0,0.0,0.0,0.0,0.0,0.0,0.0,0.0,0.0,0.0,0.0,0.0,0.0,0.0,0.0
201409,0.0,0.0,0.0,0.0,0.0,0.0,0.0,0.0,0.0,0.0,0.0,0.0,0.0,0.0,0.0,0.0,0.0,0.0,0.0,0.0,0.0,0.0,0.0,0.0,0.0,0.0,0.0,0.0,0.0,0.0,0.0,0.0,0.0,0.0,0.0,0.0,0.0,0.0,0.0,0.0,0.0,0.0,0.0,0.0,0.0,0.0,0.0,0.0,0.0,0.0,0.0,0.0,0.0,0.0,0.0,0.0,0.0,0.0,0.0,0.0,0.0,0.0,0.0,0.0,0.0,0.0,0.0,0.0,0.0,0.0,0.0,0.0,0.0,0.0,0.0,0.0,0.0,0.0,0.0,0.0,0.0,0.0,0.0,0.0,0.0,0.0,0.0,0.0,0.0,0.0,0.0,0.0,0.0,0.0,0.0,0.0,0.0,0.0,0.0,0.0,0.0,0.0,0.0,0.0,0.0,0.0,0.0,0.0,0.0,0.0,0.0,0.0,0.0
201410,0.0,0.0,0.0,0.0,0.0,0.0,0.0,0.0,0.0,0.0,0.0,0.0,0.0,0.0,0.0,0.0,0.0,0.0,0.0,0.0,0.0,0.0,0.0,0.0,0.0,0.0,0.0,0.0,0.0,0.0,0.0,0.0,0.0,0.0,0.0,0.0,0.0,0.0,0.0,0.0,0.0,0.0,0.0,0.0,0.0,0.0,0.0,0.0,0.0,0.0,0.0,0.0,0.0,0.0,0.0,0.0,0.0,0.0,0.0,0.0,0.0,0.0,0.0,0.0,0.0,0.0,0.0,0.0,0.0,0.0,0.0,0.0,0.0,0.0,0.0,0.0,0.0,0.0,0.0,0.0,0.0,0.0,0.0,0.0,0.0,0.0,0.0,0.0,0.0,0.0,0.0,0.0,0.0,0.0,0.0,0.0,0.0,0.0,0.0,0.0,0.0,0.0,0.0,0.0,0.0,0.0,0.0,0.0,0.0,0.0,0.0,0.0,0.0
201411,0.0,0.0,0.0,0.0,0.0,0.0,0.0,0.0,0.0,0.0,0.0,0.0,0.0,0.0,0.0,0.0,0.0,0.0,0.0,0.0,0.0,0.0,0.0,0.0,0.0,0.0,0.0,0.0,0.0,0.0,0.0,0.0,0.0,0.0,0.0,0.0,0.0,0.0,0.0,0.0,0.0,0.0,0.0,0.0,0.0,0.0,0.0,0.0,0.0,0.0,0.0,0.0,0.0,0.0,0.0,0.0,0.0,0.0,0.0,0.0,0.0,0.0,0.0,0.0,0.0,0.0,0.0,0.0,0.0,0.0,0.0,0.0,0.0,0.0,0.0,0.0,0.0,0.0,0.0,0.0,0.0,0.0,0.0,0.0,0.0,0.0,0.0,0.0,0.0,0.0,0.0,0.0,0.0,0.0,0.0,0.0,0.0,0.0,0.0,0.0,0.0,0.0,0.0,0.0,0.0,0.0,0.0,0.0,0.0,0.0,0.0,0.0,0.0
201412,0.0,0.0,0.0,0.0,0.0,0.0,0.0,0.0,0.0,0.0,0.0,0.0,0.0,0.0,0.0,0.0,0.0,0.0,0.0,0.0,0.0,0.0,0.0,0.0,0.0,0.0,0.0,0.0,0.0,0.0,0.0,0.0,0.0,0.0,0.0,0.0,0.0,0.0,0.0,0.0,0.0,0.0,0.0,0.0,0.0,0.0,0.0,0.0,0.0,0.0,0.0,0.0,0.0,0.0,0.0,0.0,0.0,0.0,0.0,0.0,0.0,0.0,0.0,0.0,0.0,0.0,0.0,0.0,0.0,0.0,0.0,0.0,0.0,0.0,0.0,0.0,0.0,0.0,0.0,0.0,0.0,0.0,0.0,0.0,0.0,0.0,0.0,0.0,0.0,0.0,0.0,0.0,0.0,0.0,0.0,0.0,0.0,0.0,0.0,0.0,0.0,0.0,0.0,0.0,0.0,0.0,0.0,0.0,0.0,0.0,0.0,0.0,0.0
201501,0.0,0.0,0.0,0.0,0.0,0.0,0.0,0.0,0.0,0.0,0.0,0.0,0.0005530701077524951,0.0,0.0,0.0,0.0,0.0,0.0,0.0,0.0,0.0,0.0,0.0,0.0,0.0,0.0,0.0,0.0,0.0,0.0,0.0,0.0,0.0,0.0,0.0,0.0,0.0,0.0,0.0,0.0,0.0,0.0,0.0,0.0,0.0,0.0,0.0,0.0,0.0,0.0,0.0,0.0,0.0,0.0,0.0,0.0,0.0,0.0,0.0,0.0,0.0,0.0,0.0,0.0,0.0,0.0,0.0,0.0,0.0,0.0,0.0,0.0,0.0,0.0,0.0,0.0,0.0,0.0,0.0,0.0,0.0,0.0,0.0,0.0,0.0,0.0,0.0,0.0,0.0,0.0,0.0,0.0,0.0012406240036832259,0.0,0.0,0.0,0.0,0.0,0.0,0.0,0.0,0.0,0.0,0.0,0.0,0.0,0.0,0.0,0.0,0.0,0.0,0.0
201502,0.0,0.0,0.0,0.0,0.0,0.0,0.0,0.0,0.0,0.0,0.0,0.0,0.0,0.0,0.0,0.0,0.0,0.0,0.0,0.0,0.0,0.0,0.0,0.0,0.0,0.0,0.0,0.0,0.0,0.0,0.0,0.0,0.0,0.0,0.0,0.0,0.0,0.0,0.0,0.0,0.0,0.0,0.0,0.0,0.0,0.0,0.0,0.0,0.0,0.0,0.0,0.0,0.0,0.0,0.0,0.0,0.0,0.0,0.0,0.0,0.0,0.0,0.0,0.0,0.0,0.0,0.0,0.0,0.0,0.0,0.0,0.0,0.0,0.0,0.0,0.0,0.0,0.0,0.0,0.0,0.0,0.0,0.0,0.0,0.0,0.0,0.0,0.0,0.0,0.0,0.0,0.0,0.0,0.0013456692678697544,0.0,0.0,0.0,0.0,0.0,0.0,0.0,0.0,0.0,0.0,0.0,0.0,0.0,0.0,0.0,0.0,0.0,0.0,0.0
201503,0.0,0.0,0.0,0.0,0.0,0.0,0.0,0.0,0.0,0.0,0.0,0.0,0.0001571985143662537,0.0,0.0,0.0,0.0,0.0,0.0,0.0,0.0,0.0,0.0,0.0,0.0,0.0,0.0,0.0,0.0,0.0,0.0,0.0,0.0,0.0,0.0,0.0,0.0,0.0,0.0,0.0,0.0,0.0,0.0,0.0,0.0,0.0,0.0,0.0,0.0,0.0,0.0,0.0,0.0,0.0,0.0,0.0,0.0,0.0,0.0,0.0,0.0,0.0,0.0,0.0,0.0,0.0,0.0,0.0,0.0,0.0,0.0,0.0,0.0,0.0,0.0,0.0,0.0,0.0,0.0,0.0,0.0,0.0,0.0,0.0,0.0,0.0,0.0,0.0,0.0,0.0,0.0,0.0,0.0,0.00040505702957162326,0.0,0.0,0.0,0.0,0.0,0.0,0.0,0.0,0.0,0.0,0.0,0.0,0.0,0.0,0.0,0.0,0.0,0.0,0.0
201504,0.0,0.0,0.0,0.0,0.0,0.0,0.0,0.0,0.0,0.0,0.0,0.0,0.0002548394217839594,0.0,0.0,0.0,0.0,0.0,0.0,0.0,0.0,0.0,0.0,0.0,0.0,0.0,0.0,0.0,0.0,0.0,0.0,0.0,0.0,0.0,0.0,0.0,0.0,0.0,0.0,0.0,0.0,0.0,0.0,0.0,0.0,0.0,0.0,0.0,0.0,0.0,0.0,0.0,0.0,0.0,0.0,0.0,0.0,0.0,0.0,0.0,0.0,0.0,0.0,0.0,0.0,0.0,0.0,0.0,0.0,0.0,0.0,0.0,0.0,0.0,0.0,0.0,0.0,0.0,0.0,0.0,0.0,0.0,0.0,0.0,0.0,0.0,0.0,0.0,0.0,0.0,0.0,0.0,0.0,0.000441727409091867,0.0,0.0,0.0,0.0,0.0,0.0,0.0,0.0,0.0,0.0,0.0,0.0,0.0,0.0,0.0,0.0,0.0,0.0,0.0
201505,0.0,0.0,0.0,0.0,0.0,0.0,0.0,0.0,0.0,0.0,0.0,0.0,0.0008889059819598027,0.0,0.0,0.0,0.0,0.0,0.0,0.0,0.0,0.0,0.0,0.0,0.0,0.0,0.0,0.0,0.0,0.0,0.0,0.0,0.0,0.0,0.0,0.0,0.0,0.0,0.0,0.0,0.0,0.0,0.0,0.0,0.0,0.0,0.0,0.0,0.0,0.0,0.0,0.0,0.0,0.0,0.0,0.0,0.0,0.0,0.0,0.0,0.0,0.0,0.0,0.0,0.0,0.0,0.0,0.0,0.0,0.0,0.0,0.0,0.0,0.0,0.0,0.0,0.0,0.0,0.0,0.0,0.0,0.0,0.0,0.0,0.0,0.0,0.0,0.0,0.0,0.0,0.0,0.0,0.0,0.0008733516095216805,0.0,0.0,0.0,0.0,0.0,0.0,0.0,0.0,0.0,0.0,0.0,0.0,0.0,0.0,0.0,0.0,0.0,0.0,0.0
201506,0.0,0.0,0.0,0.0,0.0,0.0,0.0,0.0,0.0,0.0,0.0,0.0,0.00014163609109911482,0.0,0.0,0.0,0.0,0.0,0.0,0.0,0.0,0.0,0.0,0.0,0.0,0.0,0.0,0.0,0.0,0.0,0.0,0.0,0.0,0.0,0.0,0.0,0.0,0.0,0.0,0.0,0.0,0.0,0.0,0.0,0.0,0.0,0.0,0.0,0.0,0.0,0.0,0.0,0.0,0.0,0.0,0.0,0.0,0.0,0.0,0.0,0.0,0.0,0.0,0.0,0.0,0.0,0.0,0.0,0.0,0.0,0.0,0.0,0.0,0.0,0.0,0.0,0.0,0.0,0.0,0.0,0.0,0.0,0.0,0.0,0.0,0.0,0.0,0.0,0.0,0.0,0.0,0.0,0.0,0.0009755571989744131,0.0,0.0,0.0,0.0,0.0,0.0,0.0,0.0,0.0,0.0,0.0,0.0,0.0,0.0,0.0,0.0,0.0,0.0,0.0
201507,0.0,0.0,0.0,0.0,0.0,0.0,0.0,0.0,0.0,0.0,0.0,0.0,0.0,0.0,0.0,0.0,0.0,0.0,0.0,0.0,0.0,0.0,0.0,0.0,0.0,0.0,0.0,0.0,0.0,0.0,0.0,0.0,0.0,0.0,0.0,0.0,0.0,0.0,0.0,0.0,0.0,0.0,0.0,0.0,0.0,0.0,0.0,0.0,0.0,0.0,0.0,0.0,0.0,0.0,0.0,0.0,0.0,0.0,0.0,0.0,0.0,0.0,0.0,0.0,0.0,0.0,0.0,0.0,0.0,0.0,0.0,0.0,0.0,0.0,0.0,0.0,0.0,0.0,0.0,0.0,0.0,0.0,0.0,0.0,0.0,0.0,0.0,0.0,0.0,0.0,0.0,0.0,0.0,0.00063409822166558,0.0,0.0,0.0,0.0,0.0,0.0,0.0,0.0,0.0,0.0,0.0,0.0,0.0,0.0,0.0,0.0,0.0,0.0,0.0
201508,0.0,0.0,0.0,0.0,0.0,0.0,0.0,0.0,0.0,0.0,0.0,0.0,0.0,0.0,0.0,0.0,0.0,0.0,0.0,0.0,0.0,0.0,0.0,0.0,0.0,0.0,0.0,0.0,0.0,0.0,0.0,0.0,0.0,0.0,0.0,0.0,0.0,0.0,0.0,0.0,0.0,0.0,0.0,0.0,0.0,0.0,0.0,0.0,0.0,0.0,0.0,0.0,0.0,0.0,0.0,0.0,0.0,0.0,0.0,0.0,0.0,0.0,0.0,0.0,0.0,0.0,0.0,0.0,0.0,0.0,0.0,0.0,0.0,0.0,0.0,0.0,0.0,0.0,0.0,0.0,0.0,0.0,0.0,0.0,0.0,0.0,0.0,0.0,0.0,0.0,0.0,0.0,0.0,0.0,0.0,0.0,0.0,0.0,0.0,0.0,0.0,0.0,0.0,0.0,0.0,0.0,0.0,0.0,0.0,0.0,0.0,0.0,0.0
201509,0.0,0.0,0.0,0.0,0.0,0.0,0.0,0.0,0.0,0.0,0.0,0.0,0.0,0.0,0.0,0.0,0.0,0.0,0.0,0.0,0.0,0.0,0.0,0.0,0.0,0.0,0.0,0.0,0.0,0.0,0.0,0.0,0.0,0.0,0.0,0.0,0.0,0.0,0.0,0.0,0.0,0.0,0.0,0.0,0.0,0.0,0.0,0.0,0.0,0.0,0.0,0.0,0.0,0.0,0.0,0.0,0.0,0.0,0.0,0.0,0.0,0.0,0.0,0.0,0.0,0.0,0.0,0.0,0.0,0.0,0.0,0.0,0.0,0.0,0.0,0.0,0.0,0.0,0.0,0.0,0.0,0.0,0.0,0.0,0.0,0.0,0.0,0.0,0.0,0.0,0.0,0.0,0.0,0.00020861703031553307,0.0,0.0,0.0,0.0,0.0,0.0,0.0,0.0,0.0,0.0,0.0,0.0,0.0,0.0,0.0,0.0,0.0,0.0,0.0
201510,0.0,0.0,0.0,0.0,0.0,0.0,0.0,0.0,0.0,0.0,0.0,0.0,0.0,0.0,0.0,0.0,0.0,0.0,0.0,0.0,0.0,0.0,0.0,0.0,0.0,0.0,0.0,0.0,0.0,0.0,0.0,0.0,0.0,0.0,0.0,0.0,0.0,0.0,0.0,0.0,0.0,0.0,0.0,0.0,0.0,0.0,0.0,0.0,0.0,0.0,0.0,0.0,0.0,0.0,0.0,0.0,0.0,0.0,0.0,0.0,0.0,0.0,0.0,0.0,0.0,0.0,0.0,0.0,0.0,0.0,0.0,0.0,0.0,0.0,0.0,0.0,0.0,0.0,0.0,0.0,0.0,0.0,0.0,0.0,0.0,0.0,0.0,0.0,0.0,0.0,0.0,0.0,0.0,0.00040902409992497917,0.0,0.0,0.0,0.0,0.0,0.0,0.0,0.0,0.0,0.0,0.0,0.0,0.0,0.0,0.0,0.0,0.0,0.0,0.0
201511,0.0,0.0,0.0,0.0,0.0,0.0,0.0,0.0,0.0,0.0,0.0,0.0,0.0011423576297801708,0.0,0.0,0.0,0.0,0.0,0.0,0.0,0.0,0.0,0.0,0.0,0.0,0.0,0.0,0.0,0.0,0.0,0.0,0.0,0.0,0.0,0.0,0.0,0.0,0.0,0.0,0.0,0.0,0.0,0.0,0.0,0.0,0.0,0.0,0.0,0.0,0.0,0.0,0.0,0.0,0.0,0.0,0.0,0.0,0.0,0.0,0.0,0.0,0.0,0.0,0.0,0.0,0.0,0.0,0.0,0.0,0.0,0.0,0.0,0.0,0.0,0.0,0.0,0.0,0.0,0.0,0.0,0.0,0.0,0.0,0.0,0.0,0.0,0.0,0.0,0.0,0.0,0.0,0.0,0.0,0.0014929125832788236,0.0,0.0,0.0,0.0,0.0,0.0,0.0,0.0,0.0,0.0,0.0,0.0,0.0,0.0,0.0,0.0,0.0,0.0,0.0
201512,0.0,0.0,0.0,0.0,0.0,0.0,0.0,0.0,0.0,0.0,0.0,0.0,0.0019334319071885148,0.0,0.0,0.0,0.0,0.0,0.0,0.0,0.0,0.0,0.0,0.0,0.0,0.0,0.0,0.0,0.0,0.0,0.0,0.0,0.0,0.0,0.0,0.0,0.0,0.0,0.0,0.0,0.0,0.0,0.0,0.0,0.0,0.0,0.0,0.0,0.0,0.0,0.0,0.0,0.0,0.0,0.0,0.0,0.0,0.0,0.0,0.0,0.0,0.0,0.0,0.0,0.0,0.0,0.0,0.0,0.0,0.0,0.0,0.0,0.0,0.0,0.0,0.0,0.0,0.0,0.0,0.0,0.0,0.0,0.0,0.0,0.0,0.0,0.0,0.0,0.0,0.0,0.0,0.0,0.0,0.0019090121648270278,0.0,0.0,0.0,0.0,0.0,0.0,0.0,0.0,0.0,0.0,0.0,0.0,0.0,0.0,0.0,0.0,0.0,0.0,0.0
201601,0.0,0.0,0.0,0.0,0.0,0.0,0.0,0.0,0.0,0.0,0.0,0.0,0.0,0.0,0.0,0.0,0.0,0.0,0.0,0.0,0.0,0.0,0.0,0.0,0.0,0.0,0.0,0.0,0.0,0.0,0.0,0.0,0.0,0.0,0.0,0.0,0.0,0.0,0.0,0.0,0.0,0.0,0.0,0.0,0.0,0.0,0.0,0.0,0.0,0.0,0.0,0.0,0.0,0.0,0.0,0.0,0.0,0.0,0.0,0.0,0.0,0.0,0.0,0.0,0.0,0.0,0.0,0.0,0.0,0.0,0.0,0.0,0.0,0.0,0.0,0.0,0.0,0.0,0.0,0.0,0.0,0.0,0.0,0.0,0.0,0.0,0.0,0.0,0.0,0.0,0.0,0.0,0.0,0.0,0.0,0.0,0.0,0.0,0.0,0.0,0.0,0.0,0.0,0.0,0.0,0.0,0.0,0.0,0.0,0.0,0.0,0.0,0.0
201602,0.0,0.0,0.0,0.0,0.0,0.0,0.0,0.0,0.0,0.0,0.0,0.0,0.0,0.0,0.0,0.0,0.0,0.0,0.0,0.0,0.0,0.0,0.0,0.0,0.0,0.0,0.0,0.0,0.0,0.0,0.0,0.0,0.0,0.0,0.0,0.0,0.0,0.0,0.0,0.0,0.0,0.0,0.0,0.0,0.0,0.0,0.0,0.0,0.0,0.0,0.0,0.0,0.0,0.0,0.0,0.0,0.0,0.0,0.0,0.0,0.0,0.0,0.0,0.0,0.0,0.0,0.0,0.0,0.0,0.0,0.0,0.0,0.0,0.0,0.0,0.0,0.0,0.0,0.0,0.0,0.0,0.0,0.0,0.0,0.0,0.0,0.0,0.0,0.0,0.0,0.0,0.0,0.0,0.0,0.0,0.0,0.0,0.0,0.0,0.0,0.0,0.0,0.0,0.0,0.0,0.0,0.0,0.0,0.0,0.0,0.0,0.0,0.0
201603,0.0,0.0,0.0,0.0,0.0,0.0,0.0,0.0,0.0,0.0,0.0,0.0,0.0,0.0,0.0,0.0,0.0,0.0,0.0,0.0,0.0,0.0,0.0,0.0,0.0,0.0,0.0,0.0,0.0,0.0,0.0,0.0,0.0,0.0,0.0,0.0,0.0,0.0,0.0,0.0,0.0,0.0,0.0,0.0,0.0,0.0,0.0,0.0,0.0,0.0,0.0,0.0,0.0,0.0,0.0,0.0,0.0,0.0,0.0,0.0,0.0,0.0,0.0,0.0,0.0,0.0,0.0,0.0,0.0,0.0,0.0,0.0,0.0,0.0,0.0,0.0,0.0,0.0,0.0,0.0,0.0,0.0,0.0,0.0,0.0,0.0,0.0,0.0,0.0,0.0,0.0,0.0,0.0,0.0,0.0,0.0,0.0,0.0,0.0,0.0,0.0,0.0,0.0,0.0,0.0,0.0,0.0,0.0,0.0,0.0,0.0,0.0,0.0
201604,0.0,0.0,0.0,0.0,0.0,0.0,0.0,0.0,0.0,0.0,0.0,0.0,0.0,0.0,0.0,0.0,0.0,0.0,0.0,0.0,0.0,0.0,0.0,0.0,0.0,0.0,0.0,0.0,0.0,0.0,0.0,0.0,0.0,0.0,0.0,0.0,0.0,0.0,0.0,0.0,0.0,0.0,0.0,0.0,0.0,0.0,0.0,0.0,0.0,0.0,0.0,0.0,0.0,0.0,0.0,0.0,0.0,0.0,0.0,0.0,0.0,0.0,0.0,0.0,0.0,0.0,0.0,0.0,0.0,0.0,0.0,0.0,0.0,0.0,0.0,0.0,0.0,0.0,0.0,0.0,0.0,0.0,0.0,0.0,0.0,0.0,0.0,0.0,0.0,0.0,0.0,0.0,0.0,0.0,0.0,0.0,0.0,0.0,0.0,0.0,0.0,0.0,0.0,0.0,0.0,0.0,0.0,0.0,0.0,0.0,0.0,0.0,0.0
201605,0.0,0.0,0.0,0.0,0.0,0.0,0.0,0.0,0.0,0.0,0.0,0.0,0.0,0.0,0.0,0.0,0.0,0.0,0.0,0.0,0.0,0.0,0.0,0.0,0.0,0.0,0.0,0.0,0.0,0.0,0.0,0.0,0.0,0.0,0.0,0.0,0.0,0.0,0.0,0.0,0.0,0.0,0.0,0.0,0.0,0.0,0.0,0.0,0.0,0.0,0.0,0.0,0.0,0.0,0.0,0.0,0.0,0.0,0.0,0.0,0.0,0.0,0.0,0.0,0.0,0.0,0.0,0.0,0.0,0.0,0.0,0.0,0.0,0.0,0.0,0.0,0.0,0.0,0.0,0.0,0.0,0.0,0.0,0.0,0.0,0.0,0.0,0.0,0.0,0.0,0.0,0.0,0.0,0.0,0.0,0.0,0.0,0.0,0.0,0.0,0.0,0.0,0.0,0.0,0.0,0.0,0.0,0.0,0.0,0.0,0.0,0.0,0.0
201606,0.0,0.0,0.0,0.0,0.0,0.0,0.0,0.0,0.0,0.0,0.0,0.0,0.0,0.0,0.0,0.0,0.0,0.0,0.0,0.0,0.0,0.0,0.0,0.0,0.0,0.0,0.0,0.0,0.0,0.0,0.0,0.0,0.0,0.0,0.0,0.0,0.0,0.0,0.0,0.0,0.0,0.0,0.0,0.0,0.0,0.0,0.0,0.0,0.0,0.0,0.0,0.0,0.0,0.0,0.0,0.0,0.0,0.0,0.0,0.0,0.0,0.0,0.0,0.0,0.0,0.0,0.0,0.0,0.0,0.0,0.0,0.0,0.0,0.0,0.0,0.0,0.0,0.0,0.0,0.0,0.0,0.0,0.0,0.0,0.0,0.0,0.0,0.0,0.0,0.0,0.0,0.0,0.0,0.0,0.0,0.0,0.0,0.0,0.0,0.0,0.0,0.0,0.0,0.0,0.0,0.0,0.0,0.0,0.0,0.0,0.0,0.0,0.0
201607,0.0,0.0,0.0,0.0,0.0,0.0,0.0,0.0,0.0,0.0,0.0,0.0,0.0,0.0,0.0,0.0,0.0,0.0,0.0,0.0,0.0,0.0,0.0,0.0,0.0,0.0,0.0,0.0,0.0,0.0,0.0,0.0,0.0,0.0,0.0,0.0,0.0,0.0,0.0,0.0,0.0,0.0,0.0,0.0,0.0,0.0,0.0,0.0,0.0,0.0,0.0,0.0,0.0,0.0,0.0,0.0,0.0,0.0,0.0,0.0,0.0,0.0,0.0,0.0,0.0,0.0,0.0,0.0,0.0,0.0,0.0,0.0,0.0,0.0,0.0,0.0,0.0,0.0,0.0,0.0,0.0,0.0,0.0,0.0,0.0,0.0,0.0,0.0,0.0,0.0,0.0,0.0,0.0,0.0,0.0,0.0,0.0,0.0,0.0,0.0,0.0,0.0,0.0,0.0,0.0,0.0,0.0,0.0,0.0,0.0,0.0,0.0,0.0
201608,0.0,0.0,0.0,0.0,0.0,0.0,0.0,0.0,0.0,0.0,0.0,0.0,0.0,0.0,0.0,0.0,0.0,0.0,0.0,0.0,0.0,0.0,0.0,0.0,0.0,0.0,0.0,0.0,0.0,0.0,0.0,0.0,0.0,0.0,0.0,0.0,0.0,0.0,0.0,0.0,0.0,0.0,0.0,0.0,0.0,0.0,0.0,0.0,0.0,0.0,0.0,0.0,0.0,0.0,0.0,0.0,0.0,0.0,0.0,0.0,0.0,0.0,0.0,0.0,0.0,0.0,0.0,0.0,0.0,0.0,0.0,0.0,0.0,0.0,0.0,0.0,0.0,0.0,0.0,0.0,0.0,0.0,0.0,0.0,0.0,0.0,0.0,0.0,0.0,0.0,0.0,0.0,0.0,0.0,0.0,0.0,0.0,0.0,0.0,0.0,0.0,0.0,0.0,0.0,0.0,0.0,0.0,0.0,0.0,0.0,0.0,0.0,0.0
201609,0.0,0.0,0.0,0.0,0.0,0.0,0.0,0.0,0.0,0.0,0.0,0.0,0.0,0.0,0.0,0.0,0.0,0.0,0.0,0.0,0.0,0.0,0.0,0.0,0.0,0.0,0.0,0.0,0.0,0.0,0.0,0.0,0.0,0.0,0.0,0.0,0.0,0.0,0.0,0.0,0.0,0.0,0.0,0.0,0.0,0.0,0.0,0.0,0.0,0.0,0.0,0.0,0.0,0.0,0.0,0.0,0.0,0.0,0.0,0.0,0.0,0.0,0.0,0.0,0.0,0.0,0.0,0.0,0.0,0.0,0.0,0.0,0.0,0.0,0.0,0.0,0.0,0.0,0.0,0.0,0.0,0.0,0.0,0.0,0.0,0.0,0.0,0.0,0.0,0.0,0.0,0.0,0.0,0.0,0.0,0.0,0.0,0.0,0.0,0.0,0.0,0.0,0.0,0.0,0.0,0.0,0.0,0.0,0.0,0.0,0.0,0.0,0.0
201610,0.0,0.0,0.0,0.0,0.0,0.0,0.0,0.0,0.0,0.0,0.0,0.0,0.0,0.0,0.0,0.0,0.0,0.0,0.0,0.0,0.0,0.0,0.0,0.0,0.0,0.0,0.0,0.0,0.0,0.0,0.0,0.0,0.0,0.0,0.0,0.0,0.0,0.0,0.0,0.0,0.0,0.0,0.0,0.0,0.0,0.0,0.0,0.0,0.0,0.0,0.0,0.0,0.0,0.0,0.0,0.0,0.0,0.0,0.0,0.0,0.0,0.0,0.0,0.0,0.0,0.0,0.0,0.0,0.0,0.0,0.0,0.0,0.0,0.0,0.0,0.0,0.0,0.0,0.0,0.0,0.0,0.0,0.0,0.0,0.0,0.0,0.0,0.0,0.0,0.0,0.0,0.0,0.0,0.0,0.0,0.0,0.0,0.0,0.0,0.0,0.0,0.0,0.0,0.0,0.0,0.0,0.0,0.0,0.0,0.0,0.0,0.0,0.0
201611,0.0,0.0,0.0,0.0,0.0,0.0,0.0,0.0,0.0,0.0,0.0,0.0,0.0,0.0,0.0,0.0,0.0,0.0,0.0,0.0,0.0,0.0,0.0,0.0,0.0,0.0,0.0,0.0,0.0,0.0,0.0,0.0,0.0,0.0,0.0,0.0,0.0,0.0,0.0,0.0,0.0,0.0,0.0,0.0,0.0,0.0,0.0,0.0,0.0,0.0,0.0,0.0,0.0,0.0,0.0,0.0,0.0,0.0,0.0,0.0,0.0,0.0,0.0,0.0,0.0,0.0,0.0,0.0,0.0,0.0,0.0,0.0,0.0,0.0,0.0,0.0,0.0,0.0,0.0,0.0,0.0,0.0,0.0,0.0,0.0,0.0,0.0,0.0,0.0,0.0,0.0,0.0,0.0,0.0,0.0,0.0,0.0,0.0,0.0,0.0,0.0,0.0,0.0,0.0,0.0,0.0,0.0,0.0,0.0,0.0,0.0,0.0,0.0
201612,0.0,0.0,0.0,0.0,0.0,0.0,0.0,0.0,0.0,0.0,0.0,0.0,0.0,0.0,0.0,0.0,0.0,0.0,0.0,0.0,0.0,0.0,0.0,0.0,0.0,0.0,0.0,0.0,0.0,0.0,0.0,0.0,0.0,0.0,0.0,0.0,0.0,0.0,0.0,0.0,0.0,0.0,0.0,0.0,0.0,0.0,0.0,0.0,0.0,0.0,0.0,0.0,0.0,0.0,0.0,0.0,0.0,0.0,0.0,0.0,0.0,0.0,0.0,0.0,0.0,0.0,0.0,0.0,0.0,0.0,0.0,0.0,0.0,0.0,0.0,0.0,0.0,0.0,0.0,0.0,0.0,0.0,0.0,0.0,0.0,0.0,0.0,0.0,0.0,0.0,0.0,0.0,0.0,0.0,0.0,0.0,0.0,0.0,0.0,0.0,0.0,0.0,0.0,0.0,0.0,0.0,0.0,0.0,0.0,0.0,0.0,0.0,0.0
201701,0.0,0.0,0.0,0.0,0.0,0.0,0.0,0.0,0.0,0.0,0.0,0.0,0.0,0.0,0.0,0.0,0.0,0.0,0.0,0.0,0.0,0.0,0.0,0.0,0.0,0.0,0.0,0.0,0.0,0.0,0.0,0.0,0.0,0.0,0.0,0.0,0.0,0.0,0.0,0.0,0.0,0.0,0.0,0.0,0.0,0.0,0.0,0.0,0.0,0.0,0.0,0.0,0.0,0.0,0.0,0.0,0.0,0.0,0.0,0.0,0.0,0.0,0.0,0.0,0.0,0.0,0.0,0.0,0.0,0.0,0.0,0.0,0.0,0.0,0.0,0.0,0.0,0.0,0.0,0.0,0.0,0.0,0.0,0.0,0.0,0.0,0.0,0.0,0.0,0.0,0.0,0.0,0.0,0.0,0.0,0.0,0.0,0.0,0.0,0.0,0.0,0.0,0.0,0.0,0.0,0.0,0.0,0.0,0.0,0.0,0.0,0.0,0.0
201702,0.0,0.0,0.0,0.0,0.0,0.0,0.0,0.0,0.0,0.0,0.0,0.0,0.0,0.0,0.0,0.0,0.0,0.0,0.0,0.0,0.0,0.0,0.0,0.0,0.0,0.0,0.0,0.0,0.0,0.0,0.0,0.0,0.0,0.0,0.0,0.0,0.0,0.0,0.0,0.0,0.0,0.0,0.0,0.0,0.0,0.0,0.0,0.0,0.0,0.0,0.0,0.0,0.0,0.0,0.0,0.0,0.0,0.0,0.0,0.0,0.0,0.0,0.0,0.0,0.0,0.0,0.0,0.0,0.0,0.0,0.0,0.0,0.0,0.0,0.0,0.0,0.0,0.0,0.0,0.0,0.0,0.0,0.0,0.0,0.0,0.0,0.0,0.0,0.0,0.0,0.0,0.0,0.0,0.0,0.0,0.0,0.0,0.0,0.0,0.0,0.0,0.0,0.0,0.0,0.0,0.0,0.0,0.0,0.0,0.0,0.0,0.0,0.0
201703,0.0,0.0,0.0,0.0,0.0,0.0,0.0,0.0,0.0,0.0,0.0,0.0,0.0,0.0,0.0,0.0,0.0,0.0,0.0,0.0,0.0,0.0,0.0,0.0,0.0,0.0,0.0,0.0,0.0,0.0,0.0,0.0,0.0,0.0,0.0,0.0,0.0,0.0,0.0,0.0,0.0,0.0,0.0,0.0,0.0,0.0,0.0,0.0,0.0,0.0,0.0,0.0,0.0,0.0,0.0,0.0,0.0,0.0,0.0,0.0,0.0,0.0,0.0,0.0,0.0,0.0,0.0,0.0,0.0,0.0,0.0,0.0,0.0,0.0,0.0,0.0,0.0,0.0,0.0,0.0,0.0,0.0,0.0,0.0,0.0,0.0,0.0,0.0,0.0,0.0,0.0,0.0,0.0,0.0,0.0,0.0,0.0,0.0,0.0,0.0,0.0,0.0,0.0,0.0,0.0,0.0,0.0,0.0,0.0,0.0,0.0,0.0,0.0
201704,0.0,0.0,0.0,0.0,0.0,0.0,0.0,0.0,0.0,0.0,0.0,0.0,0.0,0.0,0.0,0.0,0.0,0.0,0.0,0.0,0.0,0.0,0.0,0.0,0.0,0.0,0.0,0.0,0.0,0.0,0.0,0.0,0.0,0.0,0.0,0.0,0.0,0.0,0.0,0.0,0.0,0.0,0.0,0.0,0.0,0.0,0.0,0.0,0.0,0.0,0.0,0.0,0.0,0.0,0.0,0.0,0.0,0.0,0.0,0.0,0.0,0.0,0.0,0.0,0.0,0.0,0.0,0.0,0.0,0.0,0.0,0.0,0.0,0.0,0.0,0.0,0.0,0.0,0.0,0.0,0.0,0.0,0.0,0.0,0.0,0.0,0.0,0.0,0.0,0.0,0.0,0.0,0.0,0.0,0.0,0.0,0.0,0.0,0.0,0.0,0.0,0.0,0.0,0.0,0.0,0.0,0.0,0.0,0.0,0.0,0.0,0.0,0.0
201705,0.0,0.0,0.0,0.0,0.0,0.0,0.0,0.0,0.0,0.0,0.0,0.0,0.0,0.0,0.0,0.0,0.0,0.0,0.0,0.0,0.0,0.0,0.0,0.0,0.0,0.0,0.0,0.0,0.0,0.0,0.0,0.0,0.0,0.0,0.0,0.0,0.0,0.0,0.0,0.0,0.0,0.0,0.0,0.0,0.0,0.0,0.0,0.0,0.0,0.0,0.0,0.0,0.0,0.0,0.0,0.0,0.0,0.0,0.0,0.0,0.0,0.0,0.0,0.0,0.0,0.0,0.0,0.0,0.0,0.0,0.0,0.0,0.0,0.0,0.0,0.0,0.0,0.0,0.0,0.0,0.0,0.0,0.0,0.0,0.0,0.0,0.0,0.0,0.0,0.0,0.0,0.0,0.0,0.0,0.0,0.0,0.0,0.0,0.0,0.0,0.0,0.0,0.0,0.0,0.0,0.0,0.0,0.0,0.0,0.0,0.0,0.0,0.0
201706,0.0,0.0,0.0,0.0,0.0,0.0,0.0,0.0,0.0,0.0,0.0,0.0,0.0,0.0,0.0,0.0,0.0,0.0,0.0,0.0,0.0,0.0,0.0,0.0,0.0,0.0,0.0,0.0,0.0,0.0,0.0,0.0,0.0,0.0,0.0,0.0,0.0,0.0,0.0,0.0,0.0,0.0,0.0,0.0,0.0,0.0,0.0,0.0,0.0,0.0,0.0,0.0,0.0,0.0,0.0,0.0,0.0,0.0,0.0,0.0,0.0,0.0,0.0,0.0,0.0,0.0,0.0,0.0,0.0,0.0,0.0,0.0,0.0,0.0,0.0,0.0,0.0,0.0,0.0,0.0,0.0,0.0,0.0,0.0,0.0,0.0,0.0,0.0,0.0,0.0,0.0,0.0,0.0,0.0,0.0,0.0,0.0,0.0,0.0,0.0,0.0,0.0,0.0,0.0,0.0,0.0,0.0,0.0,0.0,0.0,0.0,0.0,0.0
201707,0.0,0.0,0.0,0.0,0.0,0.0,0.0,0.0,0.0,0.0,0.0,0.0,0.0,0.0,0.0,0.0,0.0,0.0,0.0,0.0,0.0,0.0,0.0,0.0,0.0,0.0,0.0,0.0,0.0,0.0,0.0,0.0,0.0,0.0,0.0,0.0,0.0,0.0,0.0,0.0,0.0,0.0,0.0,0.0,0.0,0.0,0.0,0.0,0.0,0.0,0.0,0.0,0.0,0.0,0.0,0.0,0.0,0.0,0.0,0.0,0.0,0.0,0.0,0.0,0.0,0.0,0.0,0.0,0.0,0.0,0.0,0.0,0.0,0.0,0.0,0.0,0.0,0.0,0.0,0.0,0.0,0.0,0.0,0.0,0.0,0.0,0.0,0.0,0.0,0.0,0.0,0.0,0.0,0.0,0.0,0.0,0.0,0.0,0.0,0.0,0.0,0.0,0.0,0.0,0.0,0.0,0.0,0.0,0.0,0.0,0.0,0.0,0.0
201708,0.0,0.0,0.0,0.0,0.0,0.0,0.0,0.0,0.0,0.0,0.0,0.0,0.0,0.0,0.0,0.0,0.0,0.0,0.0,0.0,0.0,0.0,0.0,0.0,0.0,0.0,0.0,0.0,0.0,0.0,0.0,0.0,0.0,0.0,0.0,0.0,0.0,0.0,0.0,0.0,0.0,0.0,0.0,0.0,0.0,0.0,0.0,0.0,0.0,0.0,0.0,0.0,0.0,0.0,0.0,0.0,0.0,0.0,0.0,0.0,0.0,0.0,0.0,0.0,0.0,0.0,0.0,0.0,0.0,0.0,0.0,0.0,0.0,0.0,0.0,0.0,0.0,0.0,0.0,0.0,0.0,0.0,0.0,0.0,0.0,0.0,0.0,0.0,0.0,0.0,0.0,0.0,0.0,0.0,0.0,0.0,0.0,0.0,0.0,0.0,0.0,0.0,0.0,0.0,0.0,0.0,0.0,0.0,0.0,0.0,0.0,0.0,0.0
201709,0.0,0.0,0.0,0.0,0.0,0.0,0.0,0.0,0.0,0.0,0.0,0.0,0.0,0.0,0.0,0.0,0.0,0.0,0.0,0.0,0.0,0.0,0.0,0.0,0.0,0.0,0.0,0.0,0.0,0.0,0.0,0.0,0.0,0.0,0.0,0.0,0.0,0.0,0.0,0.0,0.0,0.0,0.0,0.0,0.0,0.0,0.0,0.0,0.0,0.0,0.0,0.0,0.0,0.0,0.0,0.0,0.0,0.0,0.0,0.0,0.0,0.0,0.0,0.0,0.0,0.0,0.0,0.0,0.0,0.0,0.0,0.0,0.0,0.0,0.0,0.0,0.0,0.0,0.0,0.0,0.0,0.0,0.0,0.0,0.0,0.0,0.0,0.0,0.0,0.0,0.0,0.0,0.0,0.0,0.0,0.0,0.0,0.0,0.0,0.0,0.0,0.0,0.0,0.0,0.0,0.0,0.0,0.0,0.0,0.0,0.0,0.0,0.0
201710,0.0,0.0,0.0,0.0,0.0,0.0,0.0,0.0,0.0,0.0,0.0,0.0,0.0,0.0,0.0,0.0,0.0,0.0,0.0,0.0,0.0,0.0,0.0,0.0,0.0,0.0,0.0,0.0,0.0,0.0,0.0,0.0,0.0,0.0,0.0,0.0,0.0,0.0,0.0,0.0,0.0,0.0,0.0,0.0,0.0,0.0,0.0,0.0,0.0,0.0,0.0,0.0,0.0,0.0,0.0,0.0,0.0,0.0,0.0,0.0,0.0,0.0,0.0,0.0,0.0,0.0,0.0,0.0,0.0,0.0,0.0,0.0,0.0,0.0,0.0,0.0,0.0,0.0,0.0,0.0,0.0,0.0,0.0,0.0,0.0,0.0,0.0,0.0,0.0,0.0,0.0,0.0,0.0,0.0,0.0,0.0,0.0,0.0,0.0,0.0,0.0,0.0,0.0,0.0,0.0,0.0,0.0,0.0,0.0,0.0,0.0,0.0,0.0
201711,0.0,0.0,0.0,0.0,0.0,0.0,0.0,0.0,0.0,0.0,0.0,0.0,0.0,0.0,0.0,0.0,0.0,0.0,0.0,0.0,0.0,0.0,0.0,0.0,0.0,0.0,0.0,0.0,0.0,0.0,0.0,0.0,0.0,0.0,0.0,0.0,0.0,0.0,0.0,0.0,0.0,0.0,0.0,0.0,0.0,0.0,0.0,0.0,0.0,0.0,0.0,0.0,0.0,0.0,0.0,0.0,0.0,0.0,0.0,0.0,0.0,0.0,0.0,0.0,0.0,0.0,0.0,0.0,0.0,0.0,0.0,0.0,0.0,0.0,0.0,0.0,0.0,0.0,0.0,0.0,0.0,0.0,0.0,0.0,0.0,0.0,0.0,0.0,0.0,0.0,0.0,0.0,0.0,0.0,0.0,0.0,0.0,0.0,0.0,0.0,0.0,0.0,0.0,0.0,0.0,0.0,0.0,0.0,0.0,0.0,0.0,0.0,0.0
201712,0.0,0.0,0.0,0.0,0.0,0.0,0.0,0.0,0.0,0.0,0.0,0.0,0.0,0.0,0.0,0.0,0.0,0.0,0.0,0.0,0.0,0.0,0.0,0.0,0.0,0.0,0.0,0.0,0.0,0.0,0.0,0.0,0.0,0.0,0.0,0.0,0.0,0.0,0.0,0.0,0.0,0.0,0.0,0.0,0.0,0.0,0.0,0.0,0.0,0.0,0.0,0.0,0.0,0.0,0.0,0.0,0.0,0.0,0.0,0.0,0.0,0.0,0.0,0.0,0.0,0.0,0.0,0.0,0.0,0.0,0.0,0.0,0.0,0.0,0.0,0.0,0.0,0.0,0.0,0.0,0.0,0.0,0.0,0.0,0.0,0.0,0.0,0.0,0.0,0.0,0.0,0.0,0.0,0.0,0.0,0.0,0.0,0.0,0.0,0.0,0.0,0.0,0.0,0.0,0.0,0.0,0.0,0.0,0.0,0.0,0.0,0.0,0.0
201801,0.0,0.0,0.0,0.0,0.0,0.0,0.0,0.0,0.0,0.0,0.0,0.0,0.0,0.0,0.0,0.0,0.0,0.0,0.0,0.0,0.0,0.0,0.0,0.0,0.0,0.0,0.0,0.0,0.0,0.0,0.0,0.0,0.0,0.0,0.0,0.0,0.0,0.0,0.0,0.0,0.0,0.0,0.0,0.0,0.0,0.0,0.0,0.0,0.0,0.0,0.0,0.0,0.0,0.0,0.0,0.0,0.0,0.0,0.0,0.0,0.0,0.0,0.0,0.0,0.0,0.0,0.0,0.0,0.0,0.0,0.0,0.0,0.0,0.0,0.0,0.0,0.0,0.0,0.0,0.0,0.0,0.0,0.0,0.0,0.0,0.0,0.0,0.0,0.0,0.0,0.0,0.0,0.0,0.0,0.0,0.0,0.0,0.0,0.0,0.0,0.0,0.0,0.0,0.0,0.0,0.0,0.0,0.0,0.0,0.0,0.0,0.0,0.0
201802,0.0,0.0,0.0,0.0,0.0,0.0,0.0,0.0,0.0,0.0,0.0,0.0,0.0,0.0,0.0,0.0,0.0,0.0,0.0,0.0,0.0,0.0,0.0,0.0,0.0,0.0,0.0,0.0,0.0,0.0,0.0,0.0,0.0,0.0,0.0,0.0,0.0,0.0,0.0,0.0,0.0,0.0,0.0,0.0,0.0,0.0,0.0,0.0,0.0,0.0,0.0,0.0,0.0,0.0,0.0,0.0,0.0,0.0,0.0,0.0,0.0,0.0,0.0,0.0,0.0,0.0,0.0,0.0,0.0,0.0,0.0,0.0,0.0,0.0,0.0,0.0,0.0,0.0,0.0,0.0,0.0,0.0,0.0,0.0,0.0,0.0,0.0,0.0,0.0,0.0,0.0,0.0,0.0,0.0,0.0,0.0,0.0,0.0,0.0,0.0,0.0,0.0,0.0,0.0,0.0,0.0,0.0,0.0,0.0,0.0,0.0,0.0,0.0
201803,0.0,0.0,0.0,0.0,0.0,0.0,0.0,0.0,0.0,0.0,0.0,0.0,0.0,0.0,0.0,0.0,0.0,0.0,0.0,0.0,0.0,0.0,0.0,0.0,0.0,0.0,0.0,0.0,0.0,0.0,0.0,0.0,0.0,0.0,0.0,0.0,0.0,0.0,0.0,0.0,0.0,0.0,0.0,0.0,0.0,0.0,0.0,0.0,0.0,0.0,0.0,0.0,0.0,0.0,0.0,0.0,0.0,0.0,0.0,0.0,0.0,0.0,0.0,0.0,0.0,0.0,0.0,0.0,0.0,0.0,0.0,0.0,0.0,0.0,0.0,0.0,0.0,0.0,0.0,0.0,0.0,0.0,0.0,0.0,0.0,0.0,0.0,0.0,0.0,0.0,0.0,0.0,0.0,0.0,0.0,0.0,0.0,0.0,0.0,0.0,0.0,0.0,0.0,0.0,0.0,0.0,0.0,0.0,0.0,0.0,0.0,0.0,0.0
201804,0.0,0.0,0.0,0.0,0.0,0.0,0.0,0.0,0.0,0.0,0.0,0.0,0.0,0.0,0.0,0.0,0.0,0.0,0.0,0.0,0.0,0.0,0.0,0.0,0.0,0.0,0.0,0.0,0.0,0.0,0.0,0.0,0.0,0.0,0.0,0.0,0.0,0.0,0.0,0.0,0.0,0.0,0.0,0.0,0.0,0.0,0.0,0.0,0.0,0.0,0.0,0.0,0.0,0.0,0.0,0.0,0.0,0.0,0.0,0.0,0.0,0.0,0.0,0.0,0.0,0.0,0.0,0.0,0.0,0.0,0.0,0.0,0.0,0.0,0.0,0.0,0.0,0.0,0.0,0.0,0.0,0.0,0.0,0.0,0.0,0.0,0.0,0.0,0.0,0.0,0.0,0.0,0.0,0.0,0.0,0.0,0.0,0.0,0.0,0.0,0.0,0.0,0.0,0.0,0.0,0.0,0.0,0.0,0.0,0.0,0.0,0.0,0.0
201805,0.0,0.0,0.0,0.0,0.0,0.0,0.0,0.0,0.0,0.0,0.0,0.0,0.0,0.0,0.0,0.0,0.0,0.0,0.0,0.0,0.0,0.0,0.0,0.0,0.0,0.0,0.0,0.0,0.0,0.0,0.0,0.0,0.0,0.0,0.0,0.0,0.0,0.0,0.0,0.0,0.0,0.0,0.0,0.0,0.0,0.0,0.0,0.0,0.0,0.0,0.0,0.0,0.0,0.0,0.0,0.0,0.0,0.0,0.0,0.0,0.0,0.0,0.0,0.0,0.0,0.0,0.0,0.0,0.0,0.0,0.0,0.0,0.0,0.0,0.0,0.0,0.0,0.0,0.0,0.0,0.0,0.0,0.0,0.0,0.0,0.0,0.0,0.0,0.0,0.0,0.0,0.0,0.0,0.0,0.0,0.0,0.0,0.0,0.0,0.0,0.0,0.0,0.0,0.0,0.0,0.0,0.0,0.0,0.0,0.0,0.0,0.0,0.0
201806,0.0,0.0,0.0,0.0,0.0,0.0,0.0,0.0,0.0,0.0,0.0,0.0,0.0,0.0,0.0,0.0,0.0,0.0,0.0,0.0,0.0,0.0,0.0,0.0,0.0,0.0,0.0,0.0,0.0,0.0,0.0,0.0,0.0,0.0,0.0,0.0,0.0,0.0,0.0,0.0,0.0,0.0,0.0,0.0,0.0,0.0,0.0,0.0,0.0,0.0,0.0,0.0,0.0,0.0,0.0,0.0,0.0,0.0,0.0,0.0,0.0,0.0,0.0,0.0,0.0,0.0,0.0,0.0,0.0,0.0,0.0,0.0,0.0,0.0,0.0,0.0,0.0,0.0,0.0,0.0,0.0,0.0,0.0,0.0,0.0,0.0,0.0,0.0,0.0,0.0,0.0,0.0,0.0,0.0,0.0,0.0,0.0,0.0,0.0,0.0,0.0,0.0,0.0,0.0,0.0,0.0,0.0,0.0,0.0,0.0,0.0,0.0,0.0
201807,0.0,0.0,0.0,0.0,0.0,0.0,0.0,0.0,0.0,0.0,0.0,0.0,0.0,0.0,0.0,0.0,0.0,0.0,0.0,0.0,0.0,0.0,0.0,0.0,0.0,0.0,0.0,0.0,0.0,0.0,0.0,0.0,0.0,0.0,0.0,0.0,0.0,0.0,0.0,0.0,0.0,0.0,0.0,0.0,0.0,0.0,0.0,0.0,0.0,0.0,0.0,0.0,0.0,0.0,0.0,0.0,0.0,0.0,0.0,0.0,0.0,0.0,0.0,0.0,0.0,0.0,0.0,0.0,0.0,0.0,0.0,0.0,0.0,0.0,0.0,0.0,0.0,0.0,0.0,0.0,0.0,0.0,0.0,0.0,0.0,0.0,0.0,0.0,0.0,0.0,0.0,0.0,0.0,0.0,0.0,0.0,0.0,0.0,0.0,0.0,0.0,0.0,0.0,0.0,0.0,0.0,0.0,0.0,0.0,0.0,0.0,0.0,0.0
201808,0.0,0.0,0.0,0.0,0.0,0.0,0.0,0.0,0.0,0.0,0.0,0.0,0.0,0.0,0.0,0.0,0.0,0.0,0.0,0.0,0.0,0.0,0.0,0.0,0.0,0.0,0.0,0.0,0.0,0.0,0.0,0.0,0.0,0.0,0.0,0.0,0.0,0.0,0.0,0.0,0.0,0.0,0.0,0.0,0.0,0.0,0.0,0.0,0.0,0.0,0.0,0.0,0.0,0.0,0.0,0.0,0.0,0.0,0.0,0.0,0.0,0.0,0.0,0.0,0.0,0.0,0.0,0.0,0.0,0.0,0.0,0.0,0.0,0.0,0.0,0.0,0.0,0.0,0.0,0.0,0.0,0.0,0.0,0.0,0.0,0.0,0.0,0.0,0.0,0.0,0.0,0.0,0.0,0.0,0.0,0.0,0.0,0.0,0.0,0.0,0.0,0.0,0.0,0.0,0.0,0.0,0.0,0.0,0.0,0.0,0.0,0.0,0.0
201809,0.0,0.0,0.0,0.0,0.0,0.0,0.0,0.0,0.0,0.0,0.0,0.0,0.0,0.0,0.0,0.0,0.0,0.0,0.0,0.0,0.0,0.0,0.0,0.0,0.0,0.0,0.0,0.0,0.0,0.0,0.0,0.0,0.0,0.0,0.0,0.0,0.0,0.0,0.0,0.0,0.0,0.0,0.0,0.0,0.0,0.0,0.0,0.0,0.0,0.0,0.0,0.0,0.0,0.0,0.0,0.0,0.0,0.0,0.0,0.0,0.0,0.0,0.0,0.0,0.0,0.0,0.0,0.0,0.0,0.0,0.0,0.0,0.0,0.0,0.0,0.0,0.0,0.0,0.0,0.0,0.0,0.0,0.0,0.0,0.0,0.0,0.0,0.0,0.0,0.0,0.0,0.0,0.0,0.0,0.0,0.0,0.0,0.0,0.0,0.0,0.0,0.0,0.0,0.0,0.0,0.0,0.0,0.0,0.0,0.0,0.0,0.0,0.0
201810,0.0,0.0,0.0,0.0,0.0,0.0,0.0,0.0,0.0,0.0,0.0,0.0,0.0,0.0,0.0,0.0,0.0,0.0,0.0,0.0,0.0,0.0,0.0,0.0,0.0,0.0,0.0,0.0,0.0,0.0,0.0,0.0,0.0,0.0,0.0,0.0,0.0,0.0,0.0,0.0,0.0,0.0,0.0,0.0,0.0,0.0,0.0,0.0,0.0,0.0,0.0,0.0,0.0,0.0,0.0,0.0,0.0,0.0,0.0,0.0,0.0,0.0,0.0,0.0,0.0,0.0,0.0,0.0,0.0,0.0,0.0,0.0,0.0,0.0,0.0,0.0,0.0,0.0,0.0,0.0,0.0,0.0,0.0,0.0,0.0,0.0,0.0,0.0,0.0,0.0,0.0,0.0,0.0,0.0,0.0,0.0,0.0,0.0,0.0,0.0,0.0,0.0,0.0,0.0,0.0,0.0,0.0,0.0,0.0,0.0,0.0,0.0,0.0
201811,0.0,0.0,0.0,0.0,0.0,0.0,0.0,0.0,0.0,0.0,0.0,0.0,0.0,0.0,0.0,0.0,0.0,0.0,0.0,0.0,0.0,0.0,0.0,0.0,0.0,0.0,0.0,0.0,0.0,0.0,0.0,0.0,0.0,0.0,0.0,0.0,0.0,0.0,0.0,0.0,0.0,0.0,0.0,0.0,0.0,0.0,0.0,0.0,0.0,0.0,0.0,0.0,0.0,0.0,0.0,0.0,0.0,0.0,0.0,0.0,0.0,0.0,0.0,0.0,0.0,0.0,0.0,0.0,0.0,0.0,0.0,0.0,0.0,0.0,0.0,0.0,0.0,0.0,0.0,0.0,0.0,0.0,0.0,0.0,0.0,0.0,0.0,0.0,0.0,0.0,0.0,0.0,0.0,0.0,0.0,0.0,0.0,0.0,0.0,0.0,0.0,0.0,0.0,0.0,0.0,0.0,0.0,0.0,0.0,0.0,0.0,0.0,0.0
201812,0.0,0.0,0.0,0.0,0.0,0.0,0.0,0.0,0.0,0.0,0.0,0.0,0.0,0.0,0.0,0.0,0.0,0.0,0.0,0.0,0.0,0.0,0.0,0.0,0.0,0.0,0.0,0.0,0.0,0.0,0.0,0.0,0.0,0.0,0.0,0.0,0.0,0.0,0.0,0.0,0.0,0.0,0.0,0.0,0.0,0.0,0.0,0.0,0.0,0.0,0.0,0.0,0.0,0.0,0.0,0.0,0.0,0.0,0.0,0.0,0.0,0.0,0.0,0.0,0.0,0.0,0.0,0.0,0.0,0.0,0.0,0.0,0.0,0.0,0.0,0.0,0.0,0.0,0.0,0.0,0.0,0.0,0.0,0.0,0.0,0.0,0.0,0.0,0.0,0.0,0.0,0.0,0.0,0.0,0.0,0.0,0.0,0.0,0.0,0.0,0.0,0.0,0.0,0.0,0.0,0.0,0.0,0.0,0.0,0.0,0.0,0.0,0.0
201901,0.0,0.0,0.0,0.0,0.0,0.0,0.0,0.0,0.0,0.0,0.0,0.0,0.0026004959518966643,0.0,0.0,0.0,0.001496965708265321,0.0,0.0,0.0,0.0,0.0,0.0,0.0,0.0,0.0,0.0,0.0,0.0,0.0,0.0,0.0,0.0,0.0,0.0,0.0,0.0,0.0,0.0,0.0,0.0,0.0,0.0,0.0,0.0,0.0,0.0,0.0,0.0,0.0,0.0,0.0,0.0,0.0,0.0,0.0,0.0,0.0,0.0,0.0,0.0,0.0,0.0,0.0,0.0,0.0,0.0,0.0,0.0,0.0,0.0,0.0002269534494558176,0.00028769777303642074,0.0,0.0,0.0,0.0,0.0,0.0,0.0,0.0,0.0,0.0,0.0,0.0,0.0,0.0,0.0,0.0,0.0,0.0,0.0,0.0,0.0,0.0,0.0,0.0,0.0,0.0,0.0,0.0,0.0,0.0,0.0,0.0,0.0,0.0,0.0,0.0,0.0,0.0,0.0,0.0
201902,0.0,0.0,0.0,0.0,0.0,0.0,0.0,0.0,0.0,0.0,0.0,0.0,0.002186558705393901,0.0,0.0,0.0,0.0020317091433376343,0.0,0.0,0.0,0.0,0.0,0.0,0.0,0.0,0.0,0.0,0.0,0.0,0.0,0.0,0.0,0.0,0.0,0.0,0.0,0.0,0.0,0.0,0.0,0.0,0.0,0.0,0.0,0.0,0.0,0.0,0.0,0.0,0.0,0.0,0.0,0.0,0.0,0.0,0.0,0.0,0.0,0.0,0.0,0.0,0.0,0.0,0.0,0.0,0.0,0.0,0.0,0.0,0.0,0.0,0.0,0.00032051940554695047,0.0,0.0009539378994136215,0.0,0.0,0.0,0.0,0.0,0.0,0.0,0.0,0.0,0.0,0.0,0.0,0.0,0.00019247130852471301,0.0,0.0,0.0,0.0,0.0,0.0,0.0,0.0,0.0,0.0,0.0,0.0,0.0,0.0,0.0,0.0,0.0,0.0,0.0,0.0,0.0,0.0,0.0,0.0
201903,0.0,0.0,0.0,0.0,0.0,0.0,0.0,0.0,0.0,0.0,0.0,0.0,0.0014187339454604616,0.0,0.0,0.0,0.0013477325435000771,0.0,0.0,0.0,0.0,0.0,0.0,0.0,0.0,0.0,0.0,0.0,0.0,0.0,0.0,0.0,0.0,0.0,0.0,0.0,0.0,0.0,0.0,0.0,0.0,0.0,0.0,0.0,0.0,0.0,0.0,0.0,0.0,0.0,0.0,0.0,0.0,0.0,0.0,0.0,0.0,0.0,0.0,0.0,0.0,0.0,0.0,0.0,0.0,0.0,0.0,0.0,0.0,0.0,0.0,0.0,0.0006593601933440893,0.0,0.0010922872433734541,0.0,0.0,0.0,0.0,0.0,0.0,0.0,0.0,0.0,0.0,0.0,0.0,0.0,0.00041890632486163095,0.0,0.0,0.0,0.0,0.0,0.0,0.0,0.0,0.0,0.0,0.0,0.0,0.0,0.0,0.0,0.0,0.0,0.0,0.0,0.0,0.0,0.0,0.0,0.0
201904,0.0,0.0,0.0,0.0,0.0,0.0,0.0,0.0,0.0,0.0,0.0,0.0,0.0019978254320345856,0.0,0.0,0.0,0.0009882744335498147,0.0,0.0,0.0,0.0,0.0,0.0,0.0,0.0,0.0,0.0,0.0,0.0,0.0,0.0,0.0,0.0,0.0,0.0,0.0,0.0,0.0,0.0,0.0,0.0,0.0,0.0,0.0,0.0,0.0,0.0,0.0,0.0,0.0,0.0,0.0,0.0,0.0,0.0,0.0,0.0,0.0,0.0,0.0,0.0,0.0,0.0,0.0,0.0,0.0,0.0,0.0,0.0,0.0,0.0,0.0,0.0006280594576496796,0.0,0.0005771209712027033,0.0,0.0,0.0,0.0,0.0,0.0,0.0,0.0,0.0,0.0,0.0,0.0,0.0001922671113109391,0.0009755285579033585,0.0,0.0,0.0,0.0,0.0,0.0,0.0,0.0,0.0,0.0,0.0,0.0,0.0,0.0,0.0,0.0,0.0,0.0,0.0,0.0,0.0,0.0,0.0,0.0
201905,0.0,0.0,0.0,0.0,0.0,0.0,0.0,0.0,0.0,0.0,0.0,0.0,0.0009636715391332617,0.0,0.0,0.0,0.001309459904308266,0.0,0.0,0.0,0.0,0.0,0.0,0.0,0.0,0.0,0.0,0.0,0.0,0.0,0.0,0.0,0.0,0.0,0.0,0.0,0.0,0.0,0.0,0.0,0.0,0.0,0.0,0.0,0.0,0.0,0.0,0.0,0.0,0.0,0.0,0.0,0.0,0.0,0.0,0.0,0.0,0.0,0.0,0.0,0.0,0.0,0.0,0.0,0.0,0.0,0.0,0.0,0.0,0.0,0.0,0.0001883647736659502,0.0013299196470931292,0.0,0.0014493116686778663,0.0,0.0,0.0,0.0,0.0,0.0,0.0,0.0,0.0,0.0,0.0,0.0,0.0,0.0016409297216240443,0.0,0.0,0.0,0.0,0.0,0.0,0.0,0.0,0.0,0.0,0.0,0.0,0.0,0.0,0.0,0.0,0.0,0.0,0.0,0.0,0.0,0.0,0.0,0.0
201906,0.0,0.0,0.0,0.0,0.0,0.0,0.0,0.0,0.0,0.0,0.0,0.0,0.0007366185856283992,0.0,0.0,0.0,0.0013893807961746249,0.0,0.0,0.0,0.0,0.0,0.0,0.0,0.0,0.0,0.0,0.0,0.0,0.0,0.0,0.0,0.0,0.0,0.0,0.0,0.0,0.0,0.0,0.0,0.0,0.0,0.0,0.0,0.0,0.0,0.0,0.0,0.0,0.0,0.0,0.0,0.0,0.0,0.0,0.0,0.0,0.0,0.0,0.0,0.0,0.0,0.0,0.0,0.0,0.0,0.0,0.0,0.0,0.0,0.0,0.0012254617621251418,0.0009765600203537535,0.0,0.002564804581357136,0.0,0.0,0.0,0.0,0.0,0.0,0.0,0.0,0.0,0.0,0.0,0.0,0.0,0.0028353695336897017,0.0,0.0,0.0,0.0,0.0,0.0,0.0,0.0,0.0,0.0,0.0,0.0,0.0,0.0,0.0,0.0,0.0,0.0,0.0,0.0,0.0,0.0,0.0,0.0
201907,0.0,0.0,0.0,0.0,0.0,0.0,0.0,0.0,0.0,0.0,0.0,0.0,0.0003165623485933147,0.0,0.0,0.0,0.0009079492412543423,0.0,0.0,0.0,0.0,0.0,0.0,0.0,0.0,0.0,0.0,0.0,0.0,0.0,0.0,0.0,0.0,0.0,0.0,0.0,0.0,0.0,0.0,0.0,0.0,0.0,0.0,0.0,0.0,0.0,0.0,0.0,0.0,0.0,0.0,0.0,0.0,0.0,0.0,0.0,0.0,0.0,0.0,0.0,0.0,0.0,0.0,0.0,0.0,0.0,0.0,0.0,0.0,0.0,0.0,0.00023365258380378287,0.0010442394736501564,0.0,0.0015982745305717493,0.0,0.0,0.0,0.0,0.0,0.0,0.0,0.0,0.0,0.0,0.0,0.0,0.00012167305510515942,0.0015703697400281436,0.0,0.0,0.0,0.0,0.0,0.0,0.0,0.0,0.0,0.0,0.0,0.0,0.0,0.0,0.0,0.0,0.0,0.0,0.0,0.0,0.0,0.0,0.0,0.0
201908,0.0,0.0,0.0,0.0,0.0,0.0,0.0,0.0,0.0,0.0,0.0,0.0,0.0,0.0,0.0,0.0,0.0014849118435089424,0.0,0.0,0.0,0.0,0.0,0.0,0.0,0.0,0.0,0.0,0.0,0.0,0.0,0.0,0.0,0.0,0.0,0.0,0.0,0.0,0.0,0.0,0.0,0.0,0.0,0.0,0.0,0.0,0.0,0.0,0.0,0.0,0.0,0.0,0.0,0.0,0.0,0.0,0.0,0.0,0.0,0.0,0.0,0.0,0.0,0.0,0.0,0.0,0.0,0.0,0.0,0.0,0.0,0.0,0.0009260237413587889,0.0012950473547526933,0.0,0.0015361791063224495,0.0,0.0,0.0,0.0,0.0,0.0,0.0,0.0,0.0,0.0,0.0,0.0,0.0,0.000647552938418155,0.0,0.0,0.0,0.0,0.0,0.0,0.0,0.0,0.0,0.0,0.0,0.0,0.0,0.0,0.0,0.0,0.0,0.0,0.0,0.0,0.0,0.0,0.0,0.0
201909,0.0,0.0,0.0,0.0,0.0,0.0,0.0,0.0,0.0,0.0,0.0,0.0,0.0,0.0,0.0,0.0,0.0017847413671753327,0.0,0.0,0.0,0.0,0.0,0.0,0.0,0.0,0.0,0.0,0.0,0.0,0.0,0.0,0.0,0.0,0.0,0.0,0.0,0.0,0.0,0.0,0.0,0.0,0.0,0.0,0.0,0.0,0.0,0.0,0.0,0.0,0.0,0.0,0.0,0.0,0.0,0.0,0.0,0.0,0.0,0.0,0.0,0.0,0.0,0.0,0.0,0.0,0.0,0.0,0.0,0.0,0.0,0.0,0.00030631346543244823,7.460080293816398e-05,0.0,0.0010120476344580166,0.0,0.0,0.0,0.0,0.0,0.0,0.0,0.0,0.0,0.0,0.0,0.0,0.0,0.0,0.0,0.0,0.0,0.0,0.0,0.0,0.0,0.0,0.0,0.0,0.0,0.0,0.0,0.0,0.0,0.0,0.0,0.0,0.0,0.0,0.0,0.0,0.0,0.0
201910,0.0,0.0,0.0,0.0,0.0,0.0,0.0,0.0,0.0,0.0,0.0,0.0,0.0,0.0,0.0,0.0,0.0,0.0,0.0,0.0,0.0,0.0,0.0,0.0,0.0,0.0,0.0,0.0,0.0,0.0,0.0,0.0,0.0,0.0,0.0,0.0,0.0,0.0,0.0,0.0,0.0,0.0,0.0,0.0,0.0,0.0,0.0,0.0,0.0,0.0,0.0,0.0,0.0,0.0,0.0,0.0,0.0,0.0,0.0,0.0,0.0,0.0,0.0,0.0,0.0,0.0,0.0,0.0,0.0,0.0,0.0,0.0030436454167867854,0.0,0.0,0.0009676852314210993,0.0,0.0,0.0,0.0,0.0,0.0,0.0,0.0,0.0,0.0,0.0,0.0,0.0,0.0,0.0,0.0,0.0,0.0,0.0,0.0,0.0,0.0,0.0,0.0,0.0,0.0,0.0,0.0,0.0,0.0,0.0,0.0,0.0,0.0,0.0,0.0,0.0,0.0
201911,0.0,0.0,0.0,0.0,0.0,0.0,0.0,0.0,0.0,0.0,0.0,0.0,0.0,0.0,0.0,0.0,0.0,0.0,0.0,0.0,0.0,0.0,0.0,0.0,0.0,0.0,0.0,0.0,0.0,0.0,0.0,0.0,0.0,0.0,0.0,0.0,0.0,0.0,0.0,0.0,0.0,0.0,0.0,0.0,0.0,0.0,0.0,0.0,0.0,0.0,0.0,0.0,0.0,0.0,0.0,0.0,0.0,0.0,0.0,0.0,0.0,0.0,0.0,0.0,0.0,0.0,0.0,0.0,0.0,0.0,0.0,0.002953329056163601,0.0010815362508034764,0.0,0.0014288890829551371,0.0,0.0,0.0,0.0,0.0,0.0,0.0,0.0,0.0,0.0,0.0,0.0,0.0,0.0,0.0,0.0,0.0,0.0,0.0,0.0,0.0,0.0,0.0,0.0,0.0,0.0,0.0,0.0,0.0,0.0,0.0,0.0,0.0,0.0,0.0,0.0,0.0,0.0
201912,0.0,0.0,0.0,0.0,0.0,0.0,0.0,0.0,0.0,0.0,0.0,0.0,0.0,0.0,0.0,0.0,0.0,0.0,0.0,0.0,0.0,0.0,0.0,0.0,0.0,0.0,0.0,0.0,0.0,0.0,0.0,0.0,0.0,0.0,0.0,0.0,0.0,0.0,0.0,0.0,0.0,0.0,0.0,0.0,0.0,0.0,0.0,0.0,0.0,0.0,0.0,0.0,0.0,0.0,0.0,0.0,0.0,0.0,0.0,0.0,0.0,0.0,0.0,0.0,0.0,0.0,0.0,0.0,0.0,0.0,0.0,0.0036483382760723773,0.0007309969999274912,0.0,0.001678337035614792,0.0,0.0,0.0,0.0,0.0,0.0,0.0,0.0,0.0,0.0,0.0,0.0,0.0,0.0,0.0,0.0,0.0,0.0,0.0,0.0,0.0,0.0,0.0,0.0,0.0,0.0,0.0,0.0,0.0,0.0,0.0,0.0,0.0,0.0,0.0,0.0,0.0,0.0
202001,0.0,0.0,0.0,0.0,0.0,0.0,0.0,0.0,0.0,0.0,0.0,0.0,0.0,0.0,0.0,0.0,0.0,0.0,0.0,0.0,0.0,0.0,0.0,0.0,0.0,0.0,0.0,0.0,0.0,0.0,0.0,0.0,0.0,0.0,0.0,0.0,0.0,0.0,0.0,0.0,0.0,0.0,0.0,0.0,0.0,0.0,0.0,0.0,0.0,0.0,0.0,0.0,0.0,0.0,0.0,0.0,0.0,0.0,0.0,0.0,0.0,0.0,0.0,0.0,0.0,0.0,0.0,0.0,0.0,0.0005971270671403097,0.0,0.0026766581333788624,0.0004300985605508848,0.0,0.0030018469349164583,0.0,0.0,0.0,0.0,0.0,0.0,0.0,0.0,0.0,0.0,0.0,0.0,0.0,0.0,0.0,0.0,0.0,0.0,0.0,0.0,0.0,0.0,0.0,0.0,0.0,0.0,0.0,0.0006177728209192589,0.0,0.0,0.0,0.0,0.0,0.0,0.0,0.0,0.0,0.0021567823254148707
202002,0.0,0.0,0.0,0.0,0.0,0.0,0.0,0.0,0.0,0.0,0.0,0.0,0.0,0.0,0.0,0.0,0.0,0.0,0.0,0.0,0.0,0.0,0.0,0.0,0.0,0.0,0.0,0.0,0.0,0.0,0.0,0.0,0.0,0.0,0.0,0.0,0.0,0.0,0.0,0.0,0.0,0.0,0.0,0.0,0.0,0.0,0.0,0.0,0.0,0.0,0.0,0.0,0.0,0.0,0.0,0.0,0.0,0.0,0.0,0.0,0.0,0.0,0.0,0.0,0.0,0.0,0.0,0.0,0.0,0.0029293220485847255,0.0,0.0028888133130734015,0.00037268887577873055,0.0,0.0032789492061888795,0.0,0.0,0.0,0.0,0.0,0.0,0.0,0.0,9.934025054896582e-05,0.0,0.0,0.0,0.0,0.0,0.0,0.0,0.0,0.0,0.0,0.0,0.0,0.0,0.0,0.0,0.0,0.0,0.0,0.0,0.0,0.0,0.0,0.0,0.0,0.0,0.0,0.0,0.0,0.004288357897302507
202003,0.0,0.0,0.0,0.0,0.0,0.0,0.0,0.0,0.0,0.0,0.0,0.0,0.0,0.0,0.0,0.0,0.0,0.0,0.0,0.0,0.0,0.0,0.0,0.0,0.0,0.0,0.0,0.0,0.0,0.0,0.0,0.0,0.0,0.0,0.0,0.0,0.0,0.0,0.0,0.0,0.0,0.0,0.0,0.0,0.0,0.0,0.0,0.0,0.0,0.0,0.0,0.0,0.0,0.0,0.0,0.0,0.0,0.0,0.0,0.0,0.0,0.0,0.0,0.0,0.0,0.0,0.0,0.0,0.0,0.0006113660972678419,0.0,0.0003177198341053682,0.0010252065750446658,0.0,0.0018608820539202152,0.0,0.0,0.0,0.0,0.0,0.0,0.0,0.0,0.0,0.0,0.0,0.0,0.0,0.0,0.0,0.0,0.0,0.0,0.0,0.0,0.0,0.0,0.0,0.0,0.0,0.0,0.0,0.0,0.0,0.0,0.0,0.0,0.0,0.0,0.0,0.0,0.0,0.001137894663281432
202004,0.0,0.0,0.0,0.0,0.0,0.0,0.0,0.0,0.0,0.0,0.0,0.0,0.0,0.0,0.0,0.0,0.0,0.0,0.0,0.0,0.0,0.0,0.0,0.0,0.0,0.0,0.0,0.0,0.0,0.0,0.0,0.0,0.0,0.0,0.0,0.0,0.0,0.0,0.0,0.0,0.0,0.0,0.0,0.0,0.0,0.0,0.0,0.0,0.0,0.0,0.0,0.0,0.0,0.0,0.0,0.0,0.0,0.0,0.0,0.0,0.0,0.0,0.0,0.0,0.0,0.0,0.0,0.0,0.0,0.0,0.0,0.0,0.00042019226922447204,0.0,0.0015099158020364246,0.0,0.0,0.0,0.0,0.0,0.0,0.0,0.0,0.0,0.0,0.0,0.0,0.0,0.0,0.0,0.0,0.0,0.0,0.0,0.0,0.0,0.0,0.0,0.0,0.0,0.0,0.0,0.0,0.0,0.0,0.0,0.0,0.0,0.0,0.0,0.0,0.0,0.0
202005,0.0,0.0,0.0,0.0,0.0,0.0,0.0,0.0,0.0,0.0,0.0,0.0,0.0,0.0,0.0,0.0,0.0003515533577483045,0.0,0.0,0.0,0.0,0.0,0.0,0.0,0.0,0.0,0.0,0.0,0.0,0.0,0.0,0.0,0.0,0.0,0.0,0.0,0.0,0.0,0.0,0.0,0.0,0.0,0.0,0.0,0.0,0.0,0.0,0.0,0.0023787495938786896,0.0,0.0,0.0,0.0,0.0,0.0,0.0,0.0,0.0,0.0,0.0,0.0,0.0,0.0,0.0,0.0,0.0,0.0,0.0,0.0,0.0,0.0,0.0005772787314306943,0.0,0.0,0.00013567818572899802,0.0,0.0,0.0,0.0,0.0,0.0,0.0,0.0,0.0,0.0,0.0,0.0,0.0,0.0,0.0,0.0,0.0,0.0,0.0,0.0,0.0,0.0,0.0,0.0,0.0,0.0,0.0,7.437799292228193e-05,0.0,0.0,0.0,0.0,0.0,0.0,0.0,0.0,0.0,0.0
202006,0.0,0.0,0.0,0.0,0.0,0.0,0.0,0.0,0.0,0.0,0.0,0.0,0.0,0.0,0.0,0.0,0.0,0.0,0.0,0.0,0.0,0.0,0.0,0.0,0.0,0.0,0.0,0.0,0.0,0.0,0.0,0.0,0.0,0.0,0.0,0.0,0.0,0.0,0.0,0.0,0.0,0.0,0.0,0.0,0.0,0.0,0.0,0.0,0.0016356541414787973,0.0,0.0,0.0,0.0,0.0,0.0,0.0,0.0,0.0,0.0,0.0,0.0,0.0,0.0,0.0,0.0,0.0,0.0,0.0,0.0,0.0,0.0,0.0,0.0,0.0,0.0,0.0,0.0,0.0,0.0,0.0,0.0,0.0,0.0,0.0,0.0,0.0,0.0,0.0,0.0,0.0,0.0,0.0,0.0,0.0,0.0,0.0,0.0,0.0,0.0,0.0,0.0,0.0,0.0005751515307589868,0.0,0.0,0.0,0.0,0.0,0.0,0.0,0.0,0.0,0.0
202007,0.0,0.0,0.0,0.0,0.0,0.0,0.0,0.0,0.0,0.0,0.0,0.0,0.0,0.0,0.0,0.0,2.5020721482033115e-06,0.0,0.0,0.0,0.0,0.0,0.0,0.0,0.0,0.0,0.0,0.0,0.0,0.0,0.0,0.0,0.0,0.0,0.0,0.0,0.0,0.0,0.0,0.0,0.0,0.0,0.0,0.0,0.0,0.0,0.0,0.0,0.00113677987080558,0.0,0.0,0.0,0.0,0.0,0.0,0.0,0.0,0.0,0.0,0.0,0.0,0.0,0.0,0.0,0.0,0.0,0.0,0.0,0.0,0.0,0.0,2.5052925911339614e-05,0.0,0.0,0.0,0.0,0.0,0.0,0.0,0.0,0.0,0.0,0.0,0.0,0.0,0.0,0.0,0.0,0.0,0.0,0.0,0.0,0.0,0.0,0.0,0.0,0.0,0.0,0.0,0.0,0.0,0.0,0.0004961896962223498,0.0,0.0,0.0,0.0,0.0,0.0,0.0,0.0,0.0,0.0
202008,0.0,0.0,0.0,0.0,0.0,0.0,0.0,0.0005845998964045199,0.0,0.0,0.0,0.0,0.0,0.0,0.0,0.0,0.0,0.0,0.0,0.0,0.0,0.0,0.0,0.0,0.0,0.0,0.0,0.0,0.0,0.0,0.0,0.0,0.0,0.0,0.0,0.0,0.0,0.0,0.0,0.0,0.0,0.0,0.0,0.0,0.0,0.0,0.0,0.0,0.0030631130777633536,0.0,0.0,0.0,0.0,0.0,0.0,0.0,0.0,0.0,0.0,0.0,0.0,0.0,0.0,0.0,0.0,0.0,0.0,0.0,0.0,0.0,0.0,0.0005603665976225885,0.0,0.0,0.0,0.0,0.0,0.0,0.0,0.0,0.0,0.0,0.0,0.0,0.0,0.0,0.0,0.0,0.0,0.0,0.0,0.0,0.0,0.0,0.0,0.0,0.0,0.0,0.0,0.0,0.0,0.0,0.00029779153501869015,0.0,0.0,0.0,0.0,0.0,0.0,0.0,0.0,0.0,0.0
202009,0.0,0.0,0.0,0.0,0.0,0.0,0.0,5.55830885831976e-05,0.0,0.0,0.0,0.0,0.0,0.0,0.0,0.0,0.0,0.0,0.0,0.0,0.0,0.0,0.0,0.0,0.0,0.0,0.0,0.0,0.0,0.0,0.0,0.0,0.0,0.0,0.0,0.0,0.0,0.0,0.0,0.0,0.0,0.0,0.0,0.0,0.0,0.0,0.0,0.0,0.003349333144818508,0.0,0.0,0.0,0.0,0.0,0.0,0.0,0.0,0.0,0.0,0.0,0.0,0.0,0.0,0.0,0.0,0.0,0.0,0.0,0.0,0.0,0.0,0.001122834124060192,0.0,0.0,0.0,0.0,0.0,0.0,0.0,0.0,0.0,0.0,0.0,0.0,0.0,0.0,0.0,0.0,0.0,0.0,0.0,0.0,0.0,0.0,0.0,0.0,0.0,0.0,0.0,0.0,0.0,0.0,0.0003627481426605203,0.0,0.0,0.0,0.0,0.0,0.0,0.0,0.0,0.0,0.0
202010,0.0,0.0,0.0,0.0,0.0,0.0,0.0,0.0,0.0,0.0,0.0,0.0,0.0,0.0,0.0,0.0,0.00031687079128169275,0.0,0.0,0.0,0.0,0.0,0.0,0.0,0.0,0.0,0.0,0.0,0.0,0.0,0.0,0.0,0.0,0.0,0.0,0.0,0.0,0.0,0.0,0.0,0.0,0.0,0.0,0.0,0.0,0.0,0.0,0.0,0.00171674591215526,0.0,0.0,0.0,0.0,0.0,0.0,0.0,0.0,0.0,0.0,0.0,0.0,0.0,0.0,0.0,0.0,0.0,0.0,0.0,0.0,0.0,0.0,0.0016576233055561986,0.0,0.0,0.0,0.0,0.0,0.0,0.0,0.0,0.0,0.0,0.0,0.0,0.0,0.0,0.0,0.0,0.0,0.0,0.0,0.0,0.0,0.0,0.0,0.0,0.0,0.0,0.0,0.0,0.0,0.0,0.0,0.0,0.0,0.0,0.0,0.0,0.0,0.0,0.0,0.0,0.0
202011,0.0,0.0,0.0,0.0,0.0,0.0,0.0,0.0,0.0,0.0,0.0,0.0,0.0,0.0,0.0,0.0,0.0007669080041786847,0.0,0.0,0.0,0.0,0.0,0.0,0.0,0.0,0.0,0.0,0.0,0.0,0.0,0.0,0.0,0.0,0.0,0.0,0.0,0.0,0.0,0.0,0.0,0.0,0.0,0.0,0.0,0.0,0.0,0.0,0.0,0.0010671483309874787,0.0,0.0,0.0,0.0,0.0,0.0,0.0,0.0,0.0,0.0,0.0,0.0,0.0,0.0,0.0,0.0,0.0,0.0,0.0,0.0,0.0,0.0,0.001808844405343762,0.0,0.0,0.0,0.0,0.0,0.0,0.0,0.0,0.0,0.0,0.0,0.0,0.0,0.0,0.0,0.0,0.0,0.0,0.0,0.0,0.0,0.0,0.0,0.0,0.0,0.0,0.0,0.0,0.0,0.0,0.0,0.0,0.0,0.0,0.0,0.0,0.0,0.0,0.0,0.0,0.0
202012,0.0,0.0,0.0,0.0,0.0,0.0,0.0,0.0,0.0,0.0,0.0,0.0,0.0,0.0,0.0,0.0,0.0004261801745428786,0.0,0.0,0.0,0.0,0.0,0.0,0.0,0.0,0.0,0.0,0.0,0.0,0.0,0.0,0.0,0.0,0.0,0.0,0.0,0.0,0.0,0.0,0.0,0.0,0.0,0.0,0.0,0.0,0.0,0.0,0.0,0.0008382048709000558,0.0,0.0,0.0,0.0,0.0,0.0,0.0,0.0,0.0,0.0,0.0,0.0,0.0,0.0,0.0,0.0,0.0,0.0,0.0,0.0,0.0,0.0,0.0013531490919959463,0.0,0.0,0.0002907772670749068,0.0,0.0,0.0,0.0,0.0,0.0,0.0,0.0,0.0,0.0,0.0,0.0,0.0,0.0,0.0,0.0,0.0,0.0,0.0,0.0,0.0,0.0,0.0,0.0,0.0,0.0,0.0,0.0,0.0,0.0,0.0,0.0,0.0,0.0,0.0,0.0,0.0,0.0
202101,0.0,0.0,0.0,0.0,0.0,0.0,0.0,0.0,0.0,0.0,0.0,0.0,0.0,0.0,0.0,0.0,0.0016765711240369708,0.0,0.0,0.0,0.0,0.0,0.0,0.0,0.0,0.0,0.0,0.0,0.0,0.0,0.0,0.0,0.0,0.0,0.0,0.0,0.0,0.0,0.0,0.0,0.0,0.0,0.0,0.0,0.0,0.0,0.0,0.0,0.001009367294895286,0.0,0.0,0.0,0.0,0.0,0.0,0.0,0.0,0.0,0.0,0.0,0.0,0.0,0.0,0.0,0.0,0.0,0.0,0.0,0.0,0.0,0.0,0.0008118098495358855,0.0,0.0,0.0,0.0,0.0,0.0,0.0,0.0,0.0,0.0,0.0,0.0,0.0,0.0,0.0,0.0,0.0,0.0,0.0,0.0,0.0,0.0,0.0,0.0,0.0,0.0,0.0,0.0,0.0,0.0,0.0,0.0,0.0,0.0,0.0,0.0,0.0,0.0,0.0,0.0,0.0
202102,0.0,0.0,0.0,0.0,0.0,0.0,0.0,0.0,0.0,0.0,0.0,0.0,0.0,0.0,0.0,0.0,0.002080302503709958,0.0,0.0,0.0,0.0,0.0,0.0,0.0,0.0,0.0,0.0,0.0,0.0,0.0,0.0,0.0,0.0,0.0,0.0,0.0,0.0,0.0,0.0,0.0,0.0,0.0,0.0,0.0,0.0,0.0,0.0,0.0,0.0012661972295932669,0.0,0.0,0.0,0.0,0.0,0.0,0.0,0.0,0.0,0.0,0.0,0.0,0.0,0.0,0.0,0.0,0.0,0.0,0.0,0.0,0.0,0.0,0.000950073993561541,0.0,0.0,0.0,0.0,0.0,0.0,0.0,0.0,0.0,0.0,0.0,0.0,0.0,0.0,0.0,0.0,0.0,0.0,0.0,0.0,0.0,0.0,0.0,0.0,0.0,0.0,0.0,0.0,0.0,0.0,0.0,0.0,0.0,0.0,0.0,0.0,0.0,0.0,0.0,0.0,0.0
202103,0.0004108658024530432,0.0,0.0,0.0,0.0,0.0,0.0,0.0004214988349581177,0.0,0.0,0.0,0.0,0.0,0.0,0.0,0.0,0.0016922445115665216,0.0,0.0,0.0,0.0,0.0,0.0,0.0,0.0,0.0,0.0,0.0,0.0,0.0,0.0,0.0,0.0,0.0,0.0,0.0,0.0,0.0,0.0,0.0,0.0,0.0,0.0,0.0,0.0,0.0,0.0,0.0,0.0,0.0,0.0,0.0,0.0,0.0,0.0,0.0,0.0,0.0,0.0,0.0,0.0,0.0,0.0,0.0,0.0,0.0,0.0,0.0,0.0,0.0,0.0,0.0,0.0,0.0,0.0,0.0,0.0,0.0,0.0,0.0,0.0,0.0,0.0,0.0,0.0,0.0,0.0,0.0037740397676105826,0.0,0.0,0.0,0.0,0.0,0.0,0.0,0.0,0.0,0.0,0.0,0.0,0.0,0.0,0.0,0.0,0.0,0.0,0.0,0.0,0.0,0.0,0.0,0.0,0.0
202104,0.0019461021094504486,0.0,0.0,0.0,0.0,0.0,0.0,0.0006478032134381017,0.0,0.0,0.0,0.0,0.0,0.0,0.0,0.0,0.0015228318203304111,0.0,0.0,0.0,0.0,0.0,0.0,0.0,0.0,0.0,0.0,0.0,0.0,0.0,0.0,0.0,0.0,0.0,0.0,0.0,0.0,0.0,0.0,0.0,0.0,0.0,0.0,0.0,0.0,0.0,0.0,0.0,0.003630087648014909,0.0,0.0,0.0,0.0,0.0,0.0,0.0,0.0,0.0,0.0,0.0,0.0,0.0,0.0,0.0,0.0,0.0,0.0,0.0,0.0,0.0,0.0,0.001611784949316464,0.0,0.0,0.0,0.0,0.0,0.0,0.0,0.0,0.0,0.0,0.0,0.0,0.0,0.0,0.0,0.0,0.0,0.0,0.0,0.0,0.0,0.0,0.0,0.0,0.0,0.0,0.0,0.0,0.0,0.0,0.0,0.0,0.0,0.0,0.0,0.0,0.0,0.0,0.0,0.0,0.0
202105,0.0020708745783555786,0.0,0.0,0.0,0.0,0.0,0.0,0.0005220005193812422,0.0,0.0,0.0,0.0,0.0,0.0,0.0,0.0,0.0020837488476747696,0.0,0.0,0.0,0.0,0.0,0.0,0.0,0.0,0.0,0.0,0.0,0.0,0.0,0.0,0.0,0.0,0.0,0.0,0.0,0.0,0.0,0.0,0.0,0.0,0.0,0.0,0.0,0.0,0.0,0.0,0.0,0.0034400189966395395,0.0,0.0,0.0,0.0,0.0,0.0,0.0,0.0,0.0,0.0,0.0,0.0,0.0,0.0,0.0,0.0,0.0,0.0,0.0,0.0,0.0,0.0,0.001955367575683458,0.0,0.0,0.0,0.0,0.0,0.0,0.0,0.0,0.0,0.0,0.0,0.0,0.0,0.0,0.0,0.0,0.0,0.0,0.0,0.0,0.0,0.0,0.0,0.0,0.0,0.0,0.0,0.0,0.0,0.0,0.0,0.0,0.0,0.0,0.0,0.0,0.0,0.0,0.0,0.0,0.0
202106,0.0013676999818187767,0.0,0.0,0.0,0.0,0.0,0.0007352895755806925,0.0007451635600884173,0.0,0.0,0.0,0.0,0.0,0.0,0.0,0.0,0.0032868327802640256,0.0,0.0,0.0,0.0,0.0,0.0,0.0,0.0,0.0,0.0,0.0,0.0,0.0,0.0,0.0,0.0,0.0,0.0,0.0,0.0,0.0,0.0,0.0,0.0,0.0,0.0,0.0,0.0,0.0,0.0,0.0,0.0029518101849716205,0.0,0.0,0.0,0.0,0.0,0.0,0.0,0.0,0.0,0.0,0.0,0.0,0.0,0.0,0.0,0.0,0.0,0.0,0.0,0.0,0.0,0.0,0.0008121463315971566,0.0,0.0,0.0,0.0,0.0,0.0,0.0,0.0,0.0,0.0,0.0,0.0,0.0,0.0,0.0,0.0,0.0,0.0,0.0,0.0,0.0,0.0,0.0,0.0,0.0,0.0,0.0,0.0,0.0,0.0,0.0,0.0,0.0,0.0,0.0,0.0,0.0,0.0,0.0,0.0,0.0
202107,0.0033350896157807843,0.0,0.0,0.0,0.0,0.0,0.0003016308832072274,0.0009507484521351534,0.0,0.0,0.0,0.0,0.0,0.0,0.0,0.0,0.0037945820515644583,0.0,0.0,0.0,0.0,0.0,0.0,0.0,0.0,0.0,0.0,0.0,0.0,0.0,0.0,0.0,0.0,0.0,0.0,0.0,0.0,0.0,0.0,0.0,0.0,0.0,0.0,0.0,0.0,0.0,0.0,0.0,0.0027867581674630615,0.0,0.0,0.0,0.0,0.0,0.0,0.0,0.0,0.0,0.0,0.0,0.0,0.0,0.0,0.0,0.0,0.0,0.0,0.001044491932219726,0.0,0.0,0.0,0.0006567345672037402,0.0,0.0,0.0,0.0,0.0,0.0,0.0,0.0,0.0,0.0,0.0,0.0,0.0,0.0,0.0,0.0015855517708532325,0.0,0.0,0.0,0.0,0.0,0.0,0.0,0.0,0.0,0.0,0.0,0.0,0.0,0.0,0.0,0.0,0.0,0.0,0.0,0.0,0.0,0.0,0.0,0.0,0.0
202108,0.000844571391455375,0.0,0.0,0.0,0.0,0.0,0.002845798979682393,0.003088501562352983,0.0,0.0,0.0,0.0,0.0,0.0,0.0,0.0,0.0047263627234750165,0.0,0.0,0.0,0.0,0.0,0.0,0.0,0.0,0.0,0.0,0.0,0.0,0.0,0.0,0.0,0.0,0.0,0.0,0.0,0.0,0.0,0.0,0.0008886765086131098,0.0,0.0,0.0,0.0,0.0,0.0,0.0,0.0,0.0007736247944059536,0.0,0.0,0.0,0.0,0.0,0.0,0.0,0.0,0.0,0.0,0.0,0.0,0.0,0.0,0.0,0.0002662828441485312,0.0,0.0,0.00422222625348915,0.0,0.0,0.0,0.004657455755089149,0.0,0.0,0.0,0.0,0.0,0.0,0.0,0.0,0.0,0.0,0.0,0.0,0.0,0.0,0.0,0.0,0.0,0.0,0.0,0.0,0.0,0.0,0.0,0.0,0.0,0.0,0.0,0.0,0.0,0.0,0.0,0.0,0.0,0.0,0.0,0.0,0.0,0.0,0.0,0.0,0.0
202109,0.001242835103451562,0.0,0.0,0.0,0.0,0.0,0.001618759573379123,0.002609116038689438,0.0,0.0,0.0,0.0,0.0,0.0,0.0,0.0,0.0038641747215738434,0.0,0.0,0.0,0.0,0.0,0.0,0.0,0.0,0.0,0.0,0.0,0.0,0.0,0.0,0.0,0.0,0.0,0.0,0.0,0.0,0.0,0.0,0.0,0.0,0.0,0.0,0.0,0.0,0.0,0.0,0.0,0.0009867678400956926,0.0,0.0,0.0,0.0,0.0,0.0,0.0,0.0,0.0,0.0,0.0,0.0,0.0,0.0,0.0,0.0,0.0,0.0,0.004278008410627624,0.0,0.0,0.0,0.005458148810741809,0.0,0.0,0.0,0.0,0.0,0.0,0.0,0.0,0.0,0.0,0.0,0.0,0.0,0.0,0.0,0.0,0.0,0.0,0.0,0.0,0.0,0.0,0.0,0.0,0.0,0.0,0.0,0.0009311535258319223,0.0,0.0,0.0,0.0,0.0,0.0,0.0,0.0,0.0,0.0,0.0,0.0,0.0
202110,0.0,0.0,0.0,0.0,0.0,0.0,0.001953330845088719,0.002271134312393525,0.0,0.0,0.0,0.0,0.0,0.0,0.0,0.0,0.003624119685508624,0.0,0.0,0.0,0.0,0.0,0.0,0.0,0.0,0.0,0.0,0.0,0.0,0.0,0.0,0.0,0.0,0.0,0.0,0.0,0.0,0.0,0.0,0.0,0.0,0.0,0.0,0.0,0.0,0.0,0.0,0.0,0.0017932653179155245,0.0,0.0,0.0,0.0,0.0,0.0,0.0,0.0,0.0,0.0,0.0,0.0,0.0,0.0,0.0,0.0,0.0,0.0,0.003490832709210004,0.0,0.0,0.0,0.005564231138255263,0.0,0.0,0.0,0.0,0.0,0.0,0.0,0.0,0.0,0.0,0.0,0.0,0.0,0.0,0.0,0.0,0.0,0.0,0.0,0.0,0.0,0.0,0.0,0.0,0.0,0.0,0.0,0.002014213496407322,0.0,0.0,0.0,0.0,0.0,0.0,0.0,0.0,0.0,0.0,0.0,0.0,0.0
202111,0.0,0.0,0.0,0.0,0.0,0.0,0.0008481757776284932,0.0027811571806656368,0.0,0.0,0.0,0.0,0.0,0.0,0.0,0.0,0.004845780898549121,0.0,0.0,0.0,0.0,0.0,0.0,0.0,0.0,0.0,0.0,0.0,0.0,0.0,0.0,0.0,0.0,0.0,0.0,0.0,0.0,0.0,0.0,0.0,0.0,0.0,0.0,0.0,0.0,0.0,0.0,0.0,0.0,0.0,0.0,0.0,0.0,0.0,0.0,0.0,0.0,0.0,0.0,0.0,0.0,0.0,0.0,0.0,0.0,0.0,0.0,0.005347116175289698,0.0,0.0,0.0,0.006592098519926822,0.0,0.0,0.0,0.0,0.0,0.0,0.0,0.0,0.0,0.0,0.0,0.0,0.0,0.0,0.0,0.0,0.0,0.0,0.0,0.0,0.0,0.0,0.0,0.0,0.0,0.0,0.0,0.0025789282665245705,0.0,0.0,0.0,0.0,0.0,0.0,0.0,0.0,0.0,0.0,0.0,0.0,0.0
202112,0.0,0.0,0.0,0.0,0.0,0.0,0.0008366509503984538,0.003971412353728824,0.0,0.0,0.0,0.0,0.0,0.0,0.0,0.0,0.00506132865327523,0.0,0.0,0.0,0.0,0.0,0.0,0.0,0.0,0.0,0.0,0.0,0.0,0.0,0.0,0.0,0.0,0.0,0.0,0.0,0.0,0.0,0.0,0.0,0.0,0.0,0.0,0.0,0.0,0.0,0.0,0.0,0.0,0.0,0.0,0.0,0.0,0.0,0.0,0.0,0.0,0.0,0.0,0.0,0.0,0.0,0.0,0.0,0.0,0.0,0.0,0.00645219115280522,0.0,0.0,0.0,0.005381632759483231,0.0,0.0,0.0,0.0,0.0,0.0,0.0,0.0,0.0,0.0,0.0,0.0,0.0,0.0,0.0,0.0,0.0,0.0,0.0,0.0,0.0,0.0,0.0,0.0,0.0,0.0,7.145584335321972e-05,0.004011622562654316,0.0,0.0,0.0,0.0,0.0,0.0,0.0,0.0,0.0,0.0,0.0,0.0,0.0
202201,0.0,0.0,0.0,0.0,0.0,0.0,0.0,0.0,0.0,0.0,0.0,0.0,0.0,0.0,0.0,0.0,0.0,0.0,0.0,0.0,0.0,0.0,0.0,0.0,0.0,0.0,0.0,0.0,0.0,0.0,0.0,0.0,0.0,0.0,0.0,0.0,0.0,0.0,0.0,0.0,0.0,0.0,0.0,0.0,0.0,0.0,0.0,0.0,0.0,0.0,0.0,0.0,0.0,0.0,0.0,0.0,0.0,0.0,0.0,0.0,0.0,0.0,0.0,0.0,0.0,0.0,0.0,0.0,0.0,0.0,0.0,0.0,0.0,0.0,0.0,0.0,0.0,0.0,0.0,0.0,0.0,0.0,0.0,0.0,0.0,0.0,0.0,0.0,0.0,0.0,0.0,0.0,0.0,0.0,0.0,0.0,0.0,0.0,0.0,0.0,0.0,0.0,0.0,0.0,0.0,0.0,0.0,0.0,0.0,0.0,0.0,0.0,0.0
202202,0.0,0.0,0.0,0.0,0.0,0.0,0.0,0.0,0.0,0.0,0.0,0.0,0.0,0.0,0.0,0.0,0.0,0.0,0.0,0.0,0.0,0.0,0.0,0.0,0.0,0.0,0.0,0.0,0.0,0.0,0.0,0.0,0.0,0.0,0.0,0.0,0.0,0.0,0.0,0.0,0.0,0.0,0.0,0.0,0.0,0.0,0.0,0.0,0.0,0.0,0.0,0.0,0.0,0.0,0.0,0.0,0.0,0.0,0.0,0.0,0.0,0.0,0.0,0.0,0.0,0.0,0.0,0.0,0.0,0.0,0.0,0.0,0.0,0.0,0.0,0.0,0.0,0.0,0.0,0.0,0.0,0.0,0.0,0.0,0.0,0.0,0.0,0.0,0.0,0.0,0.0,0.0,0.0,0.0,0.0,0.0,0.0,0.0,0.0,0.0,0.0,0.0,0.0,0.0,0.0,0.0,0.0,0.0,0.0,0.0,0.0,0.0,0.0
202203,0.0,0.0,0.0,0.0,0.0,0.0,0.0,0.0,0.0,0.0,0.0,0.0,0.0,0.0,0.0,0.0,0.0,0.0,0.0,0.0,0.0,0.0,0.0,0.0,0.0,0.0,0.0,0.0,0.0,0.0,0.0,0.0,0.0,0.0,0.0,0.0,0.0,0.0,0.0,0.0,0.0,0.0,0.0,0.0,0.0,0.0,0.0,0.0,0.0,0.0,0.0,0.0,0.0,0.0,0.0,0.0,0.0,0.0,0.0,0.0,0.0,0.0,0.0,0.0,0.0,0.0,0.0,0.0,0.0,0.0,0.0,0.0,0.0,0.0,0.0,0.0,0.0,0.0,0.0,0.0,0.0,0.0,0.0,0.0,0.0,0.0,0.0,0.0,0.0,0.0,0.0,0.0,0.0,0.0,0.0,0.0,0.0,0.0,0.0,0.0,0.0,0.0,0.0,0.0,0.0,0.0,0.0,0.0,0.0,0.0,0.0,0.0,0.0
202204,0.0,0.0,0.0,0.0,0.0,0.0,0.0,0.0,0.0,0.0,0.0,0.0,0.0,0.0,0.0,0.0,0.0,0.0,0.0,0.0,0.0,0.0,0.0,0.0,0.0,0.0,0.0,0.0,0.0,0.0,0.0,0.0,0.0,0.0,0.0,0.0,0.0,0.0,0.0,0.0,0.0,0.0,0.0,0.0,0.0,0.0,0.0,0.0,0.0,0.0,0.0,0.0,0.0,0.0,0.0,0.0,0.0,0.0,0.0,0.0,0.0,0.0,0.0,0.0,0.0,0.0,0.0,0.0,0.0,0.0,0.0,0.0,0.0,0.0,0.0,0.0,0.0,0.0,0.0,0.0,0.0,0.0,0.0,0.0,0.0,0.0,0.0,0.0,0.0,0.0,0.0,0.0,0.0,0.0,0.0,0.0,0.0,0.0,0.0,0.0,0.0,0.0,0.0,0.0,0.0,0.0,0.0,0.0,0.0,0.0,0.0,0.0,0.0
202205,0.0,0.0,0.0,0.0,0.0,0.0,0.0,0.0,0.0,0.0,0.0,0.0,0.0,0.0,0.0,0.0,0.0,0.0,0.0,0.0,0.0,0.0,0.0,0.0,0.0,0.0,0.0,0.0,0.0,0.0,0.0,0.0,0.0,0.0,0.0,0.0,0.0,0.0,0.0,0.0,0.0,0.0,0.0,0.0,0.0,0.0,0.0,0.0,0.0,0.0,0.0,0.0,0.0,0.0,0.0,0.0,0.0,0.0,0.0,0.0,0.0,0.0,0.0,0.0,0.0,0.0,0.0,0.0,0.0,0.0,0.0,0.0,0.0,0.0,0.0,0.0,0.0,0.0,0.0,0.0,0.0,0.0,0.0,0.0,0.0,0.0,0.0,0.0,0.0,0.0,0.0,0.0,0.0,0.0,0.0,0.0,0.0,0.0,0.0,0.0,0.0,0.0,0.0,0.0,0.0,0.0,0.0,0.0,0.0,0.0,0.0,0.0,0.0
202206,0.0,0.0,0.0,0.0,0.0,0.0,0.0,0.0,0.0,0.0,0.0,0.0,0.0,0.0,0.0,0.0,0.0,0.0,0.0,0.0,0.0,0.0,0.0,0.0,0.0,0.0,0.0,0.0,0.0,0.0,0.0,0.0,0.0,0.0,0.0,0.0,0.0,0.0,0.0,0.0,0.0,0.0,0.0,0.0,0.0,0.0,0.0,0.0,0.0,0.0,0.0,0.0,0.0,0.0,0.0,0.0,0.0,0.0,0.0,0.0,0.0,0.0,0.0,0.0,0.0,0.0,0.0,0.0,0.0,0.0,0.0,0.0,0.0,0.0,0.0,0.0,0.0,0.0,0.0,0.0,0.0,0.0,0.0,0.0,0.0,0.0,0.0,0.0,0.0,0.0,0.0,0.0,0.0,0.0,0.0,0.0,0.0,0.0,0.0,0.0,0.0,0.0,0.0,0.0,0.0,0.0,0.0,0.0,0.0,0.0,0.0,0.0,0.0
202207,0.0,0.0,0.0,0.0,0.0,0.0,0.0,0.0,0.0,0.0,0.0,0.0,0.0,0.0,0.0,0.0,0.0,0.0,0.0,0.0,0.0,0.0,0.0,0.0,0.0,0.0,0.0,0.0,0.0,0.0,0.0,0.0,0.0,0.0,0.0,0.0,0.0,0.0,0.0,0.0,0.0,0.0,0.0,0.0,0.0,0.0,0.0,0.0,0.0,0.0,0.0,0.0,0.0,0.0,0.0,0.0,0.0,0.0,0.0,0.0,0.0,0.0,0.0,0.0,0.0,0.0,0.0,0.0,0.0,0.0,0.0,0.0,0.0,0.0,0.0,0.0,0.0,0.0,0.0,0.0,0.0,0.0,0.0,0.0,0.0,0.0,0.0,0.0,0.0,0.0,0.0,0.0,0.0,0.0,0.0,0.0,0.0,0.0,0.0,0.0,0.0,0.0,0.0,0.0,0.0,0.0,0.0,0.0,0.0,0.0,0.0,0.0,0.0
202208,0.0,0.0,0.0,0.0,0.0,0.0,0.0,0.0,0.0,0.0,0.0,0.0,0.0,0.0,0.0,0.0,0.0,0.0,0.0,0.0,0.0,0.0,0.0,0.0,0.0,0.0,0.0,0.0,0.0,0.0,0.0,0.0,0.0,0.0,0.0,0.0,0.0,0.0,0.0,0.0,0.0,0.0,0.0,0.0,0.0,0.0,0.0,0.0,0.0,0.0,0.0,0.0,0.0,0.0,0.0,0.0,0.0,0.0,0.0,0.0,0.0,0.0,0.0,0.0,0.0,0.0,0.0,0.0,0.0,0.0,0.0,0.0,0.0,0.0,0.0,0.0,0.0,0.0,0.0,0.0,0.0,0.0,0.0,0.0,0.0,0.0,0.0,0.0,0.0,0.0,0.0,0.0,0.0,0.0,0.0,0.0,0.0,0.0,0.0,0.0,0.0,0.0,0.0,0.0,0.0,0.0,0.0,0.0,0.0,0.0,0.0,0.0,0.0
202209,0.0,0.0,0.0,0.0,0.0,0.0,0.0,0.0,0.0,0.0,0.0,0.0,0.0,0.0,0.0,0.0,0.0,0.0,0.0,0.0,0.0,0.0,0.0,0.0,0.0,0.0,0.0,0.0,0.0,0.0,0.0,0.0,0.0,0.0,0.0,0.0,0.0,0.0,0.0,0.0,0.0,0.0,0.0,0.0,0.0,0.0,0.0,0.0,0.0,0.0,0.0,0.0,0.0,0.0,0.0,0.0,0.0,0.0,0.0,0.0,0.0,0.0,0.0,0.0,0.0,0.0,0.0,0.0,0.0,0.0,0.0,0.0,0.0,0.0,0.0,0.0,0.0,0.0,0.0,0.0,0.0,0.0,0.0,0.0,0.0,0.0,0.0,0.0,0.0,0.0,0.0,0.0,0.0,0.0,0.0,0.0,0.0,0.0,0.0,0.0,0.0,0.0,0.0,0.0,0.0,0.0,0.0,0.0,0.0,0.0,0.0,0.0,0.0
202210,0.0,0.0,0.0,0.0,0.0,0.0,0.0,0.0,0.0,0.0,0.0,0.0,0.0,0.0,0.0,0.0,0.0,0.0,0.0,0.0,0.0,0.0,0.0,0.0,0.0,0.0,0.0,0.0,0.0,0.0,0.0,0.0,0.0,0.0,0.0,0.0,0.0,0.0,0.0,0.0,0.0,0.0,0.0,0.0,0.0,0.0,0.0,0.0,0.0,0.0,0.0,0.0,0.0,0.0,0.0,0.0,0.0,0.0,0.0,0.0,0.0,0.0,0.0,0.0,0.0,0.0,0.0,0.0,0.0,0.0,0.0,0.0,0.0,0.0,0.0,0.0,0.0,0.0,0.0,0.0,0.0,0.0,0.0,0.0,0.0,0.0,0.0,0.0,0.0,0.0,0.0,0.0,0.0,0.0,0.0,0.0,0.0,0.0,0.0,0.0,0.0,0.0,0.0,0.0,0.0,0.0,0.0,0.0,0.0,0.0,0.0,0.0,0.0
202211,0.0,0.0,0.0,0.0,0.0,0.0,0.0,0.0,0.0,0.0,0.0,0.0,0.0,0.0,0.0,0.0,0.0,0.0,0.0,0.0,0.0,0.0,0.0,0.0,0.0,0.0,0.0,0.0,0.0,0.0,0.0,0.0,0.0,0.0,0.0,0.0,0.0,0.0,0.0,0.0,0.0,0.0,0.0,0.0,0.0,0.0,0.0,0.0,0.0,0.0,0.0,0.0,0.0,0.0,0.0,0.0,0.0,0.0,0.0,0.0,0.0,0.0,0.0,0.0,0.0,0.0,0.0,0.0,0.0,0.0,0.0,0.0,0.0,0.0,0.0,0.0,0.0,0.0,0.0,0.0,0.0,0.0,0.0,0.0,0.0,0.0,0.0,0.0,0.0,0.0,0.0,0.0,0.0,0.0,0.0,0.0,0.0,0.0,0.0,0.0,0.0,0.0,0.0,0.0,0.0,0.0,0.0,0.0,0.0,0.0,0.0,0.0,0.0
202212,0.0,0.0,0.0,0.0,0.0,0.0,0.0,0.0,0.0,0.0,0.0,0.0,0.0,0.0,0.0,0.0,0.0,0.0,0.0,0.0,0.0,0.0,0.0,0.0,0.0,0.0,0.0,0.0,0.0,0.0,0.0,0.0,0.0,0.0,0.0,0.0,0.0,0.0,0.0,0.0,0.0,0.0,0.0,0.0,0.0,0.0,0.0,0.0,0.0,0.0,0.0,0.0,0.0,0.0,0.0,0.0,0.0,0.0,0.0,0.0,0.0,0.0,0.0,0.0,0.0,0.0,0.0,0.0,0.0,0.0,0.0,0.0,0.0,0.0,0.0,0.0,0.0,0.0,0.0,0.0,0.0,0.0,0.0,0.0,0.0,0.0,0.0,0.0,0.0,0.0,0.0,0.0,0.0,0.0,0.0,0.0,0.0,0.0,0.0,0.0,0.0,0.0,0.0,0.0,0.0,0.0,0.0,0.0,0.0,0.0,0.0,0.0,0.0
202301,0.0013594070717986519,0.0026513234718059902,0.003319964755910218,0.0012299049330527902,0.0009458099998274709,0.009091718708246979,0.003615431515988286,0.0026739706907688266,0.002839537188744318,0.005861212992875324,0.005029752889131712,0.009215519399391772,0.005209077161641194,0.006230821704888187,0.0050079545132624545,0.008392484065482724,0.013523097032225298,0.0036611752624365014,0.0005330873506331875,0.014541355714396399,0.0016183300465246124,0.0027224333092910496,0.00479090612967914,0.004603270959979577,0.0005215653034095301,0.005457873647625553,0.0028604096165554317,0.0028975857244837875,0.009460772069645837,0.00738712035104104,0.01418037184905365,0.003792953900831685,0.005950787645123102,0.0005341451773904866,0.009428917287011583,0.0,0.003128943072371833,0.011046249806904449,0.0037081741912382074,0.004031036246111753,0.013433515139486395,0.0007808001309487192,0.0008668793861339117,0.004302747429585813,0.0026206581865924347,0.002580039174533136,0.007899986593589698,0.0032815132221056757,0.017948171997481208,0.0024586169801177516,0.014023543197073005,0.003195361014679448,0.002697028789256704,0.00010257501008155226,0.006597979917093071,0.005322396031460477,0.0010221368491050385,0.005269575101112738,0.0054789564815620135,0.004399969815123415,0.009980765775888557,0.01037893890864585,0.00041378830140090326,0.020866827455183687,0.011593860750717439,0.0028639543321799135,0.0055166380759659,0.015115343109070044,0.0071966475616559115,0.00021559419089879357,0.0001935542397721799,0.013771380620980917,0.009856899945945668,0.000741541718323038,0.0071512885857531105,0.0038581860770398823,0.0,0.003976833191080349,0.0019916884105354413,0.0053602051744325325,0.0011924000172863335,0.0017900222653227256,0.008815402110771916,0.0,0.000671933724995455,0.00015815265611743355,0.0025528116501860928,0.017029910304347095,0.003891230477598717,0.012022580176307664,0.002878605200274039,0.003259460015167708,0.00923827482921612,0.0105703740776394,0.0016412222600553279,0.0020768439125506675,0.01320175876853666,0.005864050744717203,0.0,0.02010635794174636,0.008063991109487578,0.0002820770623133078,0.0030198603235589354,0.0038565847106081857,0.017097280461163787,0.002893608875545435,0.004860302299403097,0.0073989352122770646,0.004974809515547538,0.010878106814337672,0.03448666703325694,0.008655430531669063,0.011889169547564048
202302,0.003018435784512844,0.0029262981029127286,0.0038776861355776745,0.0017503352726076392,0.0017218242055196556,0.008123479922414283,0.003790624028393891,0.0027721900599151257,0.0020218606260255395,0.005416949305951674,0.0054242776390473766,0.008222465137816971,0.0066707341071606165,0.006151354044987631,0.005240907665924184,0.0071813810115161246,0.014983225144816429,0.0037242131088040613,0.001244076319602122,0.015361305484590472,0.000917232863949932,0.0032836677747347426,0.003479218119388172,0.004380632540852669,0.0009506233980570337,0.004030642203640513,0.004119480282293011,0.003502763474240096,0.008528737178934822,0.007600915064786411,0.014776724821753216,0.003059967445801335,0.0062941841274282645,0.0,0.0034135799740499084,0.0,0.004604285359504262,0.01092417568033185,0.0035818686239140678,0.003915916544578595,0.012991192766676901,0.0019339194060257,0.0010940182353468258,0.003919378960627935,0.0028101162129860404,0.003175667614014315,0.007522460481970332,0.003166274571434724,0.01590654994291324,0.00019356082718038995,0.009697617356411753,0.0028248421582728928,0.0024251054703988534,0.0022863911852524918,0.00583473260211066,0.006475263676820073,0.002846208822325005,0.004322617470995297,0.004357585087298055,0.004669315548329806,0.00979305603663067,0.010780379425856721,0.00030228448649200195,0.01974005579236785,0.011908980174045122,0.005262719814802981,0.009515528278451315,0.015889722913562627,0.008027219617577507,5.191612648604645e-05,5.0004253843429164e-05,0.013590234440759548,0.010184070411909286,0.0006703267634035934,0.005705059310685702,0.0029270936758074243,8.527318613379477e-05,0.003966344488937595,0.0017166271784217239,0.005578346955620341,0.002256779201658791,0.0022243192925867567,0.00921681158846247,8.815753715867776e-05,0.0017792294840800673,0.0002772607243328431,0.0017851778673180542,0.020002263965867476,0.003743925751177061,0.012879289095702134,0.0025283278521977077,0.002987603780743844,0.00863407020506331,0.008890707484512265,0.0017177593177416836,0.002401571256088787,0.010340993375127915,0.006054382324381301,0.00017195485460893658,0.019142867259751475,0.00841414358079887,0.0013999758285757945,0.0026972352546828175,0.003037178169406403,0.015389101061810915,0.0033150103300525462,0.00582070904063245,0.008493916737536964,0.005131849332275604,0.012138135796018591,0.04238292821313858,0.008956230029545395,0.020446310965320902
202303,0.0014865905075872547,0.0033958695709607016,0.004331143191224359,0.0012646191838477277,0.0007993203039688265,0.009694898598557359,0.004020549608251083,0.0021104064781791165,0.0028922359305641513,0.005857017900534931,0.0057113678156790176,0.009834781366606428,0.005852889728971337,0.0066224542135939965,0.004782500524680798,0.008985369941502532,0.014404169762050934,0.0038707618960994276,0.0011454527880482579,0.015894003977709476,0.00043289434998035906,0.0024461579463929393,0.004127592737048071,0.0039175433570637404,0.0007175852964165326,0.00399732285245447,0.003317929091720862,0.0032107512409926546,0.008611802521137036,0.007832481542902106,0.014756120567917018,0.0030946076438364526,0.006108013545822236,0.00041709673067442753,0.008545498154339505,0.0,0.0033424588890833937,0.012156739797849555,0.00271982175302158,0.003489994250903357,0.01145762430639115,0.0027368541580842522,0.0014985001262961492,0.0022300034059772956,0.0015408745090295063,0.004330751141613742,0.006613965937761579,0.0020938040875188055,0.016199110352332804,8.277606442726407e-05,0.013636856373164478,0.0034464412206192873,0.0015320006365667634,0.00026744721266004824,0.006502738652505054,0.006370737675543128,0.003922964746043447,0.006699492418559399,0.003368714296655071,0.005563422334306002,0.008159827220534667,0.010717920311019296,0.00040935590596061856,0.021040754201523675,0.011823142443524993,0.004956594434190965,0.006606169326686111,0.015841427897497918,0.009272598279286358,0.00013352322726901237,0.0,0.013107504515517347,0.010046666044399757,0.000521074386477475,0.00523496683665465,0.0039416197671682885,0.00017988118777439958,0.005884258285302426,0.0028416799255380257,0.005262039985272494,0.003128837168910782,0.0014650696205115072,0.009178592451729398,2.1320754834024146e-05,0.002027369295213601,0.00033442021692673145,0.0005405810714957668,0.020357097340521938,0.0028646558374470243,0.01259671848406416,0.003022027330335682,0.0034343036325049404,0.008793483083562774,0.01008665186494982,0.00181503176646939,0.0022781120079580918,0.010709437616592899,0.005988234137910921,0.00011224196507053785,0.0187242900878431,0.007343665346567198,0.0,0.003554164711812559,0.0024452773162668396,0.015745220461323057,0.002757034710932925,0.006022931774656364,0.008277080007363092,0.0045169314641817955,0.011503545456551731,0.03894459407580651,0.007932700593292432,0.018844661663525653
202304,0.0077010381477823206,0.0027377216665986125,0.004854176976059072,0.0010563943128664524,0.0013635557021568546,0.008812007335484758,0.0033642905540518563,0.002992708126906563,0.0018592108741667022,0.006441464135241226,0.005452089217542758,0.009453300191138853,0.011452758229802858,0.005858589300711036,0.006607455704432476,0.004995068252597464,0.01505504669955898,0.002717028151959493,0.0013836612721186423,0.01554198573500731,0.0002242221279211773,0.002533293569259393,0.004181022351378517,0.004751347546129967,0.0015030863007580834,0.0028147223507915867,0.0019636984233730856,0.003969316030715522,0.010138629943508838,0.00920541710076846,0.013074757384992348,0.0012913602737973885,0.006127008503235399,0.0029616292794918853,0.0,0.000407616625761041,0.006319646020863711,0.011215760192985457,0.003382775369768642,0.003952142624944495,0.012518701799869037,0.0027952829918629026,0.0013325848605191613,0.0019203815140097962,0.0018949543757837105,0.00599812491847458,0.009604411085266086,0.005158443599745096,0.009412103980942539,0.00024657383849086223,0.001013265710961835,0.0033575458860379604,0.0014447735909939613,7.250696479080448e-05,0.00821079584062278,0.010189678682807369,0.005362106085310904,0.005033883664926491,0.0019758564290914145,0.0052532595990211995,0.009714524946944927,0.011502116379401309,0.002428755872498786,0.025656516103555228,0.012869661522001323,0.009523637023078626,0.010796076348880176,0.01783665618833275,0.007641566593972464,0.0007402576746501621,0.0005023943279823894,0.011586575805743246,0.010352843360069369,0.0021504742410833303,0.006183636228063295,0.0032263866477731254,0.0,0.006970449648245391,0.004257515981912247,0.0052476872973072535,0.0033476794701249044,0.0007557448248084124,0.009431891303172565,0.0004201176273424463,0.002560717015803589,0.0006203108137971803,0.0,0.03140161529696417,0.005938391534895509,0.014980520066977825,0.0037587572424323873,0.004675619285573027,0.008555051043040865,0.012140035714637306,0.0020187283197508304,0.003109651484439098,0.008596510126745251,0.007315112234613871,9.843912253079735e-05,0.020540977656586617,0.005148696867456985,0.0013892578869779963,0.0037664848249639284,0.0033652505779660034,0.015279530701519722,0.0025910003367152637,0.005576637551680194,0.00842156308542998,0.004699892394088358,0.015024799981829847,0.05499940713723816,0.01701314515165532,0.024759800528149783
202305,0.010683458857567359,0.0034503900815519373,0.0040005657675191205,0.0002022860085391904,0.00107749497566595,0.008019857461196152,0.003584068128406137,0.0011667171030668895,0.0015505071637053074,0.006899791560206714,0.005428698473407818,0.007374723482020401,0.01034893440634463,0.0056258592034663215,0.007454827213204412,0.003755353651741544,0.014475285830277086,0.0010936490941060473,0.0014963148934541825,0.01722294282077191,0.0001661010920543662,0.0031953830695459376,0.002541852367439773,0.004928343263125931,0.001366062309504157,0.0008121641195948941,0.0022122033878027346,0.0036712658107265423,0.009265774125353751,0.008108875900649293,0.014158721392194751,0.0031141451632180554,0.006784144121570809,0.0012662077118912093,0.0010418784872591536,0.00022573848832240772,0.005472858368080819,0.010871374600300932,0.0031839637714809782,0.0025024980443459567,0.012860872293610265,0.004440532274916195,0.0013108933868416976,0.0,0.0020855122088335055,0.006583902317975669,0.008783992367772353,0.0036999298953624927,0.00711851800347472,0.0011805069706154814,0.0,0.002415473613561573,0.0009526668148103114,0.001466170032350328,0.007164363918620928,0.012089864861075853,0.005728865240236807,0.0005192490882164814,0.0021742192592907744,0.0056474315537699635,0.011105110157641358,0.01276974575884052,0.002149058575459697,0.02581686123417326,0.012867893578759103,0.00876142036674754,0.009013116431954734,0.018239031446006186,0.006032606107037942,0.0009436028856584219,0.0007438376156675183,0.01179040139776372,0.009010768784715975,0.00020031722831577908,0.0062619922987604,0.003096313960761393,0.0,0.008150891537396687,0.004670558565743679,0.0056208743057931014,0.0022816812631028917,0.0013682526923868951,0.010721113003344732,0.0013572502297384507,0.004264167274148411,0.0004540655395483737,0.00032279137359131,0.03515473055772566,0.008065697140386885,0.014127083849631171,0.0031190928223346665,0.00551385881996415,0.008187466960912632,0.01210072589216568,0.0022702713300515854,0.003557466385881842,0.010612988213878348,0.00732694614978433,0.00010416005944315144,0.019111269293327172,0.004484192244063758,0.0026097451299445288,0.003524141991171297,0.0033395665626886587,0.013263898291552046,0.002636565206058628,0.005365553754624112,0.008426703626046052,0.0038831437680086184,0.016173147739537673,0.056166702029276656,0.01781544720080184,0.022434359676597657
202306,0.017545938870655104,0.0032012171119725963,0.0036818883767842834,0.00035432032663345686,0.00014510961644550647,0.008004733127731088,0.0037147645423761706,0.004248396733336491,0.001350016982977692,0.006557973078780814,0.0046059500715161135,0.007120657413148078,0.014079381400400581,0.004218965074414858,0.008042159095655785,0.001958779127839705,0.01620988688553735,0.0003327210250697193,0.0013264438781773293,0.015315226874438157,0.0005154334075815746,0.002834665334157592,0.0025387634803129312,0.0051200917823849106,0.002082794493914099,0.002269617215931865,0.0005109189797586254,0.006053310098367736,0.00955746383043659,0.00924559969072617,0.010767326175365818,0.0020217626653693532,0.006810882739315079,0.002878758865620582,0.001072646305249956,0.0021998714068962952,0.007102635060093277,0.009724892023184965,0.0024318304398798377,0.003295743859747869,0.012640513475399164,0.004703530708743953,0.0011850787055354857,0.0001881568581135262,0.0033377856851649376,0.008144405518989572,0.011461238536094747,0.006566231964651776,0.0014253267304107013,0.001972311442848917,0.001430744994959286,0.003393188785786319,0.00044407712338080495,0.0011524312316631051,0.007428429249583745,0.01668448207238049,0.008536086049051659,0.001917117737839736,0.0014648349813633202,0.005328350288789818,0.012364296734238502,0.012366470534859906,0.005658043151410454,0.02537710879168896,0.01283218072827811,0.009657461259442697,0.011614863332880029,0.02310567997790262,0.006200284434397294,0.0020207496325725218,0.0013159022427505298,0.012671744681886482,0.010103782332309649,0.0012723358844722098,0.008405748511479244,0.002367194111968498,0.0011258988541725304,0.009271692110944236,0.00632146425228996,0.005472173323002016,0.00304879646892273,6.0098246340744406e-05,0.010411953551309314,0.000892442600307091,0.0042784811889246535,0.0008530478183731088,0.00011211045503408792,0.039987616294583514,0.008203933663355216,0.013566724187068484,0.004939387162979046,0.005322082358062334,0.006654155543861116,0.012760238602765142,0.003350111428929994,0.0033638479944061057,0.004403139858943164,0.007874471865448368,0.0004574126193704243,0.02014251206809008,0.003472685326124438,0.003856764697954529,0.003208376315487833,0.002672327170879375,0.013021200168411653,0.0025259742385734577,0.003979488173123116,0.007984978741809614,0.005902605115778429,0.019429666772545852,0.06254604283554663,0.019203384585459397,0.02768810456457203
202307,0.011655382084890779,0.0014135073389338153,0.003246104361127188,0.0025566381989677164,0.001394934245567478,0.0069941602723715725,0.004602380788127479,0.004240573796783381,0.0002184018929226721,0.008984978068360804,0.006063811292967252,0.008074036506394731,0.01230551133411466,0.00543949453447027,0.009012018282250428,0.0026112157690281017,0.014136045729765059,0.0007674884032257453,4.964869588847e-05,0.015470180961588528,0.0009515449729125215,0.0,0.001353278981571244,0.0031941490726460635,0.0020452836429464757,0.001121388026499006,0.0032032632359895933,0.003618939860384968,0.008798810042278813,0.008201586898984037,0.012734684603305289,0.000776122838034319,0.0059710188037386805,0.0030463142365565778,0.0014777718175224186,0.0009288951878176994,0.00420778352923998,0.011162444796895982,0.003389562873209962,0.004248083214499963,0.01442329361377048,0.0013892559248270117,0.002556326707626675,0.0022231503869189367,0.001418208896532681,0.007826624644349139,0.009056563701240292,0.0038136297913676656,0.010095650605350425,0.0,0.0,0.0021969457651300405,0.0,0.001375153555355762,0.00762456277864444,0.010097248077513723,0.004146053362771742,0.00022888824698339533,0.0035536889226275427,0.004172960591297946,0.011541269023174962,0.010822762197432698,0.002506935603733511,0.02983181665875231,0.01343333370344694,0.0015440024931409311,0.006278781245871708,0.017968148156951688,0.005694035410325374,0.001184744431177923,0.0010017900084211622,0.013530824399336632,0.007374116284414116,0.00022059076019331094,0.00886614547470986,0.0006491908592375648,0.0008038103505316189,0.007567604149319,0.005060749656458896,0.0060793895528004184,0.0008456777495755349,0.0,0.011583467721033709,0.0017197907771749458,0.00018480013283732734,0.0006404480595556302,0.0007583135724693861,0.037038990579752386,0.0046805657037304865,0.012969179246943787,0.004065190788737352,0.004865844090881732,0.007553495080965301,0.017118328452834494,0.00417097417625667,0.002774938414689657,0.01159905759751473,0.005831822663259553,0.0005493873765641021,0.019110481620644774,0.005999007077936834,0.00827514754049788,0.003611538737470821,0.008408168978420892,0.01497702773088748,0.004762738988783438,0.004559495712236756,0.008662264752518535,0.006620192274869364,0.015111275425451669,0.05366419613400794,0.013704702680679642,0.024041330198011253
202308,0.012221282966792313,0.002710096028438868,0.0035730611619318757,0.0009470515250657263,0.0011210906137096887,0.0064543236117482194,0.004647575645542097,0.004268928341370017,0.00033580131859659105,0.008527104937631542,0.00617825691935646,0.008697346448381766,0.012057191437515755,0.005818251118718997,0.008375793246410045,0.003530766768221506,0.014960061505001501,0.00023497714206964672,0.0,0.015300345950130113,0.0004375555278381471,0.001610402477120404,0.0014875251639227276,0.0033559223018323264,0.0026124858097861005,0.0014557157687163336,0.0018661809796505274,0.00421306167462955,0.00942635849460698,0.008698765252362212,0.011878975311153025,0.00024259478750926258,0.006070834276063773,0.0037950901085352026,0.0,0.0013642539385146269,0.0051762230810830125,0.010831729277889833,0.0033749332101227205,0.0038412621532456304,0.01340036884132289,0.0028728154142846495,0.0019918574648917723,0.001876911804045806,0.0010919417057702707,0.008190931886155384,0.010519780597799372,0.005422789403916151,0.010743409213314776,0.000740606310629523,0.0,0.0024395299506826808,0.0,0.00011054363390045067,0.007215325436556384,0.011976196931794563,0.006245676306809643,0.0,0.003968607064336201,0.004403861985416024,0.01099261312233434,0.011616535281142048,0.0026457840945155603,0.02648517982521248,0.013152771625591851,0.005761524542147544,0.00900177550442982,0.018892546326492336,0.0057504410667979546,0.0023122705161613437,0.0003255726822661052,0.012857165568955888,0.006347296022620566,0.00032779216130056593,0.008557773921183908,0.0012885424403772344,0.00021875193312420867,0.007737590184908358,0.0052902547531361544,0.0058656554686288345,0.002393698833703034,0.00037084169332058726,0.011201105497209483,0.0021603371402541763,0.0020688516975506614,0.0007848299990611732,0.0,0.03462908480985769,0.0053185815530186285,0.01233773890687161,0.0054846808906584684,0.004999346386214916,0.0072407852215557135,0.01837914044887372,0.0037619052380584448,0.0028450617286227505,0.009844865210749336,0.006450520496605003,0.0004433079371943682,0.018773140545916518,0.006323790055433478,0.007835763518681274,0.0037414103643706436,0.0058461352103347086,0.014513063353484684,0.0021713912529788366,0.004318767445202664,0.008195117226328867,0.0069076767020366595,0.016637777637569538,0.057345411985634066,0.011447653324558993,0.0305459533165642
202309,0.020181200554125988,0.004538179939214324,0.004430674265981957,0.00026074795484871835,0.00013353387345772566,0.005283173608717474,0.0039291298677068725,0.005694463076103978,0.004332014890781819,0.006941690955333708,0.005842779583224403,0.008924565580958777,0.01405025339192128,0.0058192458827710835,0.008287617700119756,0.0037327849767055626,0.017438935391810646,0.0,0.00029607530871970765,0.015963895290537912,0.000570950351363691,0.002346710040656186,0.0008511213799808689,0.004311159394422437,0.003091264968149446,0.00213088663478537,0.000372946939078853,0.005144757626771637,0.010272219384129007,0.009874138143669916,0.01189298263112544,0.0005486567725411713,0.006191357087783512,0.004095215801885206,0.0,0.003876407813779421,0.006331207495248382,0.009645262749300896,0.004099401487965972,0.0037682846176184896,0.011237565242716992,0.005359722078510732,0.0014145162599076312,0.0,0.0011977424738463824,0.009777188109473183,0.013447852802778206,0.007483242310193946,0.008916206910383811,0.001756956443362615,0.0032544240261608895,0.0024793139336100243,0.0,0.001196072696769987,0.006996953730624526,0.014887663794455526,0.0076883697808097975,0.0005199134797526988,0.0026294339651704007,0.005248500120811033,0.00919426327864438,0.011976624676914042,0.011118713961550728,0.024058213593021627,0.013039481379343914,0.011030108038335446,0.012957737110360011,0.02116754523883789,0.005042565201496169,0.0029584995879812703,0.0008849825208898006,0.012683842239023593,0.0050994538992792,0.0006874202540718073,0.00831184996004519,0.0021060710484096076,0.0,0.007895948678284184,0.006594102646892887,0.0065195911687480025,0.004487938324728117,0.000876552775145756,0.011563064843701494,0.002655342120026922,0.0035163638940432606,0.0008094754991452841,1.878549249194262e-05,0.03251448694563617,0.0062944999644208716,0.012168045771028743,0.005200207050060941,0.004864158398125903,0.006479190718973137,0.01571365643625366,0.00226543400180321,0.0031796921232308145,0.009215060994435486,0.0073553174824104945,0.0015444597484433693,0.01881890567331041,0.004599115627017635,0.005626189075552166,0.0047942679997795435,0.0018326503415804036,0.012684724921379665,0.0,0.0035551278509042003,0.00816066052574134,0.006692850728392654,0.018785613055254936,0.06464503298392997,0.015064550167370907,0.03441936405457612
202310,0.010761209389468484,0.004189874517900445,0.00375236118345946,0.00014771573229002103,0.0,0.005398497624642902,0.0033289383004266137,0.006377323843425998,0.0004484351320194148,0.007644057750975568,0.005756995051330392,0.0072180387776092396,0.01390619928806516,0.006035732426184393,0.009827464773192648,0.0043824833269970696,0.015969286917946433,0.0020085502179472015,0.0005890968506132607,0.0162725463063665,0.001574158836208547,0.004317949895386507,0.0008754195697055222,0.005584198983016552,0.0021512026987107586,0.00037884638206725274,0.0010654138405249954,0.004150315179652001,0.010012239942306801,0.010181021367122362,0.012787838266346777,0.00016719349449682418,0.006155452973508383,0.0030972704666537335,0.0,0.0014862924546829262,0.0050342369080089155,0.010108105211774332,0.004807146472514424,0.0038180592919834825,0.011092618043542878,0.0032803781561246076,0.002046545382932758,0.00024012730704065942,0.0017813817547051765,0.00999765700662682,0.011485214632871962,0.006078681842579647,0.007403898338378361,0.002009947137427693,0.001041174974431792,0.0,0.00048547025442672,0.0003272632435310285,0.007092586393465167,0.012049700773301955,0.006433873455722572,0.0026972098400769363,0.00018649733613556409,0.0037974403671358708,0.01120941991074911,0.01381531588076508,0.004463314060132232,0.02447618213933426,0.01193248330019995,0.007199342101906853,0.009067435214987504,0.0199041723076206,0.004459564856610427,0.003462132308144985,0.0006116547848319377,0.015533628261606633,0.004667343537687005,0.0017096955442352177,0.006792039290981033,0.0020122468418083367,0.0,0.007767019205107527,0.007857445183255925,0.005369511154316443,0.0031423788793202203,0.0001376858323303181,0.012936192836751133,0.0037226680182645914,0.0019147255572610751,0.0011607545795106775,0.0,0.03435110075480544,0.00650707436162778,0.012293815915735062,0.0053391172454282125,0.004468921198516111,0.0071753904598796684,0.016492523274475947,0.0014802184779552227,0.004044145271394382,0.011640964913186393,0.007239005296884616,0.0007943510649425978,0.01889317583126941,0.006970055743219682,0.0050952854023595265,0.004330297092676803,0.005127754272741719,0.01342685650485288,0.0,0.0037869790475254933,0.008096470945784476,0.006207032073616572,0.014871158140109883,0.061594125112189015,0.017122835011884233,0.029793606672865878
202311,0.005673033360244904,0.00305141071363355,0.003440617715449955,0.0005172890736834939,2.3388970617798232e-05,0.007441513528747734,0.003138800656815911,0.004553963083530881,0.00045726623737907425,0.0069910915188003625,0.005788208748357245,0.00468878702569485,0.01270640327294382,0.005732025136067939,0.0080312162085971,0.0055670773063010515,0.01439926637465911,0.002848072394641329,0.0013653699096505452,0.01711050470145473,0.0020349144386114498,0.00436770894484011,0.001398990481788218,0.005689667971837141,0.003091898764430122,0.0,0.0017059439706057855,0.003973441510808388,0.009832417760333239,0.010466752401386576,0.012965605820604844,0.001714102556218509,0.006348934500154962,0.0021898871612457786,0.0,0.0006087807790247781,0.004902833714850267,0.01044508216984901,0.004059044497459818,0.003838971835560333,0.012057221533050647,0.003952682104802334,0.002510413889568819,1.602671777438063e-05,0.0016120003827951041,0.007473979978813583,0.009267773350402235,0.004901177435559625,0.007636734648113016,0.0018937748613998453,0.0005570346251211132,0.0016703207728534706,0.000210712035271043,0.00038825588846421057,0.006823336298356999,0.009488272684937184,0.004861986242385603,0.0011097047642832855,0.0003452236471407411,0.0042005709835830265,0.01246964225172209,0.01442328832732363,0.0022180459477110647,0.019679313901365354,0.012028358111793125,0.00746997034810418,0.008380192568263667,0.02008694834499525,0.004233416478141175,0.00279025695280525,0.00044024959327017694,0.016084846179429214,0.0037929774009839907,0.003019526922570349,0.007304724343646714,0.002318261949929144,0.0,0.009858634440948403,0.008323336190188834,0.003303182755938584,0.002044202641421357,1.1748938771756703e-05,0.012457355080654252,0.003174048161183261,0.002946949129912322,0.0013922953994457954,8.485203129609528e-05,0.02915763151404342,0.008504741742586494,0.012483016859307267,0.005380153670773208,0.0035913090661851537,0.006661449725032712,0.014964896935011577,0.001860036396453547,0.0036719770561795236,0.011554100176254469,0.007486646578420061,0.0008062016268229011,0.01878674137938836,0.007297374513834258,0.004521799689172087,0.00333451290532487,0.007857989268855633,0.013784363653897718,0.00013170772308541303,0.004229263460830067,0.008032215006794902,0.006488565313512118,0.01584960100472296,0.059021527673873586,0.016656518349848062,0.027934631200623575
202312,0.009738192852605253,0.004179036070699271,0.0034604558670600152,0.0006433481168675807,7.059383707567698e-05,0.008326087743712116,0.0028873642782974926,0.006274792491452462,0.002005808417845412,0.0031391961934409056,0.004629341331222607,0.003595854670350666,0.01107371124580761,0.0046758865114086634,0.007438002860951193,0.0022239658009231274,0.014831480032880881,0.003164420787700234,0.002457557912978653,0.01668203279435232,0.0021177248060857148,0.005976011162115157,0.0012208199534097422,0.007609440087788457,0.0030087413316444178,0.0007488073596671282,0.0002832502780670949,0.0024207751587437387,0.010192352045783313,0.011621337586438584,0.010900727657836277,0.0031598371522955073,0.007001843729623138,0.001569610096731369,0.0,0.00250476444503811,0.0077090007305450755,0.010192133733041082,0.003487514277797572,0.0031321275066774302,0.010061685176063434,0.005673235894140283,0.00274473353698672,0.001045669425114855,0.0016015862417606643,0.007051216051806252,0.010732400346056582,0.006907920653886515,0.0013382994426924956,0.003726690966820999,0.0,0.0025507084226249178,0.00037039925079561126,0.0006447140256341223,0.006232125059881481,0.013377216645031473,0.005033189951038758,0.0018457506992309845,0.0027157369789802682,0.004479807065348235,0.013349114644376442,0.013600316164823175,0.005352292410071826,0.02101702712258371,0.01181664685685486,0.0069801307789849444,0.0028845592564235743,0.018302157160556855,0.00403015433486551,0.004244257099160467,0.0008068881695593352,0.014827515933080952,0.00564634151531281,0.005657955896253424,0.006467995182160164,0.0038802102987992395,0.0004677476877358208,0.011018890039435158,0.008569881586681235,0.002843067782227598,0.0030457018202710217,0.0003425696373907165,0.011318081553356863,0.0032575539821153056,0.005204282009932159,0.0011955334228714175,0.002365019773966915,0.036583860027037715,0.008471082091637838,0.014918462031356737,0.006698362098036639,0.0027794045827432712,0.005856113471628559,0.014503789831397544,0.00025087107541566585,0.0033236627510270615,0.006353715483258346,0.009101125626498854,0.001404465074193222,0.0175489304597418,0.00508801103886006,0.0009162489919166036,0.003338546193061378,0.005014345503090971,0.012171652212844115,0.0012002309312775248,0.0032690784659982395,0.007725774732690347,0.005503197426384529,0.01721434167807923,0.061454661207632856,0.01965368572799868,0.027934326803787823
202401,0.0,0.0,0.0,0.000289727955819234,0.0,0.0034530243287161718,0.001752838797613769,0.004937164803930749,0.0,0.005913648826122282,0.005318737035299041,0.0005540178120232115,0.015164294598495952,0.004864203920868931,0.0013764557731281066,0.0,0.01168451910197095,0.004970448187703902,0.00024161400357611078,0.005278868109974881,0.0,0.0011814037190793283,0.000348370090918125,0.001141294322852253,0.002036772349389866,0.0,0.000415521187359577,0.004713949552514681,0.0015473976831406658,0.0023152517851873604,0.002387836350094088,0.0,0.00540407906941822,0.001798237783078903,0.0,0.0,0.0037558701843406436,0.004012934453617053,0.0012686082579973135,0.0,0.006988348617411686,0.0,0.0019480577536934436,0.0,0.00014125291471847416,0.00138261033924287,0.0043071178204922185,0.0,0.0,0.0,0.00038851584129516594,0.00079713554407473,0.0,0.0,0.004467344168945309,0.0,0.0,0.0,0.0,0.00123797049251567,0.009884075099326445,0.010350097598111141,0.0,0.009515874919410791,0.009613632304555864,0.0,0.001424727177743425,0.01690559112440937,0.0008324253533962575,0.00037128552152649387,0.0,0.01586249227670339,0.004399268596204653,0.0035083746388113652,0.006525705032527689,0.00030362636682399906,0.0,0.001236602538988979,0.0,0.00043436614044750166,0.0024999528065868405,0.00042024174928189767,0.0042430921282402955,0.0001248804851127109,0.0,0.001135466274789274,0.000159612736379846,0.025790184246507798,0.007032688572404441,0.009507273577542712,0.004325329967253866,0.0016846458163597051,0.0046575406799119375,0.016386364241360613,0.0,0.0017800473825137994,0.0017694166448072922,0.006439796028047514,0.0,0.014467721967735275,0.0,0.004898614475747412,0.0,0.004476094311682709,0.011212259348475606,0.0,0.0020143359978385916,0.00717407147000725,0.0002962196362337194,0.0,0.0347121081210414,0.015633060653509803,0.006504049322840903
202402,0.00022873258893753136,0.0,0.0,0.0006330992731185992,0.00014730670857146825,0.0031467191090180395,0.0018699382440682771,0.004404130384270001,0.0,0.007541747859351003,0.005837740253675003,0.0010884903769082495,0.014857583339778843,0.00425801602518671,0.002175080588521381,0.0,0.011902002591454837,0.004997541876740252,0.0,0.004717302285207214,0.0,0.0,0.0006340254005316086,0.0,0.0020992664399653175,0.00041482360408500384,0.0008002089876449551,0.004473913560994927,0.001076862287150839,0.002066290274893138,0.0030264786184047154,0.0,0.004959165658861337,0.0009250593405078243,0.0,0.0,0.0036374798055136496,0.004318000876351914,0.0008616630584762726,0.0,0.0074300641142084145,0.0,0.002093207079326692,0.0,0.0,0.0023922209882767504,0.005704100832390869,0.0,0.0,0.001445451328049913,0.0,0.0013491684753231116,0.0,0.00037898576736090277,0.00632811294557487,0.0,0.0,0.0,0.0,0.0019134996888683809,0.008920900204501371,0.009941098616590373,0.0,0.009899632836872674,0.009822118969486144,0.0,0.0028051345399913875,0.016481243693543056,0.0,0.0,0.0,0.0166956578750916,0.0052679403378896525,0.0029382485360332686,0.006926493778523636,0.00012889976933495314,0.0,0.0,0.0,0.0009449059777587926,0.0021848319803363177,0.0007952427502915465,0.00439740391539806,0.00046645300435592515,0.0,0.0008873841206539867,0.0,0.024942707905986128,0.007181379948771131,0.01061319475891293,0.00325056162647352,0.00209335892864897,0.0043129962907926525,0.015005972933153125,6.45292826767096e-05,0.001175290161711295,0.003560396961256446,0.006092898744585648,0.0,0.014959389927842192,0.0,0.005967545397871103,3.1957075276184834e-05,0.004487793840345467,0.011863627793253574,0.0,0.001753080996995482,0.007019353947839106,0.0,0.0,0.03443375712737497,0.013760731497044723,0.00703481901493804
202403,0.0,0.0,0.0,0.0009305314567060029,0.0009380209056313524,0.0050208170731199375,0.00221261902391944,0.0035385394428504406,0.0,0.007998037715721811,0.005381078207753129,8.621345494805653e-06,0.015181489409242134,0.0033903742871328585,0.002639554692034901,0.0,0.012353358250971886,0.003888887838818586,3.829337441194896e-05,0.003895230314593584,0.0,0.0,0.0006576560714260547,0.0,0.0024524099353365513,1.3945470269726192e-05,0.0012837258573020886,0.005338191722100449,0.0008470458399896583,0.0021782037912321723,0.001944801392432744,0.0,0.004721645617649453,0.0010310189462523103,0.0,0.0,0.0034611407047165734,0.00480140424099382,0.0002580993535942328,0.0,0.009014082275715892,0.0,0.0024352135116255257,0.0,0.0,0.001581466423529271,0.005246454653628213,0.0,4.542501144089124e-05,0.003421505602512772,0.0,0.0011315463679181397,0.0,0.001567491585888725,0.006456048697271455,0.0,0.0,0.0,0.0,0.00259814488078616,0.009892036964896864,0.010776700042980952,0.0,0.007965386257789114,0.010395056047181606,0.0,0.0029760749436437443,0.01654769539221123,0.0,0.0,0.0,0.01607623132150013,0.004855177180825983,0.004125123037429774,0.007667520620215154,0.0,0.0,0.0008676062878723742,0.0,0.000878676631461397,0.0019122258478968558,0.0012872585184784662,0.0036748722676304903,0.0,0.0,0.00068746719142774,0.0,0.021045951593653158,0.008407352879550677,0.009505944992959842,0.0038897031363365657,0.0012976532293099419,0.004423278674844332,0.01509038561744937,0.00039361792585626077,0.0011686566763562923,0.005331561739229132,0.005787571986294875,0.0,0.01487859756251934,0.0,0.005208959881961616,0.00048218747016787254,0.0061195760528148955,0.013362370073921553,0.0,0.0015858801916005048,0.007072719032596769,0.0,0.0004106824581393309,0.03427406191157188,0.014208861991166477,0.006815044868700238
202404,0.0,0.0,0.0,0.0004700251394417724,0.0,0.006759276861256637,0.0015016290645140033,0.00407193299667988,0.00016737301685684547,0.007307003980210171,0.004794137289563671,0.0,0.01555496432976134,0.002521802199871277,0.0022568829489555318,0.0,0.01325431404493188,0.0047049574805837335,0.0006658190144879314,0.003177642324136859,0.0,0.0,0.0005092615216836606,0.0008441889995595152,0.001795788152199158,0.0,0.00014162839029601708,0.005372492440549495,0.00035729708229946294,0.002078722549023155,0.0,0.0,0.0047736638656787215,0.0017156306895548675,0.0,0.0,0.005007620979487388,0.00500752437336404,0.0,0.0006652336188725506,0.00880431891607346,0.0,0.002576097985023439,0.0,0.0,0.001427266103129779,0.005098168602144517,0.0,0.001072527503488447,0.004402849407328725,0.0,0.0019934963304405,0.0,0.0022094389864912647,0.007380001808835306,0.0,0.0,0.0015125922744435123,0.0,0.0024509080326369026,0.011349248607283334,0.012205150541762202,0.0,0.006843922354862077,0.009237025914489327,0.0,0.002538273992975229,0.017287886933155795,0.0,0.0,0.0,0.014859112728215523,0.007096378305586625,0.005918771650876782,0.006622069032707053,0.0,0.00012242880091718178,0.002576192793103769,0.0005332691574893363,0.0010936495994215308,0.0022921884473249355,0.0005086559052228096,0.0038168307810693145,0.0,0.0,0.0006678162617173663,8.608249283784227e-05,0.01896611888512133,0.008460141944760463,0.010600728956716966,0.005694939098981943,0.0009313748661711045,0.004700089828826353,0.015304234767257925,0.0,0.0013488675367524267,0.004696098318217883,0.006280400526753733,0.0,0.015068813605858874,0.0,0.0029368143053743892,0.0006131692844341086,0.005562118739989778,0.012615986464040467,0.0,0.000653659414131328,0.00704664959494073,0.0001680135371214956,0.0001255675489326125,0.03481380227235028,0.014613567834367834,0.007915809628436183
202405,0.0,0.0,0.0,0.0005878178717479811,0.00023128752560207507,0.0071875215804430214,0.002554693481281116,0.0038793817018582194,0.0005087886393753561,0.009324410882672725,0.0038924985364441364,0.0,0.012235245795678097,0.0014037575322807415,0.0027626926980250407,0.0,0.013115660837495007,0.005158352848540403,0.0006606472216578029,0.002221810568955419,0.0,0.0004632154653437504,9.445046399352576e-05,0.0,0.0026865298742119086,0.0,0.0015522156492571296,0.005803108747234035,0.0006014660827238446,0.001673649763083362,0.0,0.0,0.004384891576683515,0.001029609009437581,0.0,0.0,0.003961813421226407,0.006226804780383364,0.0,0.0,0.009703112899699913,0.0,0.0021972575976831397,0.0002939703128435552,0.0,0.001487723671809293,0.0058444621036335175,0.0,0.0,0.007044956374890496,0.0,0.0,0.0,0.0059960628599593085,0.00930556092159575,0.0,0.0,0.002561064719340824,0.0,0.00346734538438662,0.011974581317752551,0.01246490800189174,0.0,0.005862412673192181,0.009905605134570379,0.0,0.0,0.015489569849081189,0.0,0.00042818930281225676,0.0009486349357623442,0.01773447040106062,0.007055264047923102,0.006656316079793721,0.007389601947137424,0.0,0.0,0.002222500896731215,0.0,0.001305352114962797,0.002373464035472806,0.001115262292148194,0.004117791317620843,0.0,0.0,6.773433522548183e-05,0.0007352717738662681,0.02053863540271734,0.00934362794308367,0.010599373845002726,0.0059252944991166805,0.0007160808772133924,0.004751335923382471,0.01709407967353262,0.0001880781450132448,0.001558810414018597,0.007442917329840301,0.005281484836648948,0.0,0.015679916382505522,0.0,0.0031559060513765167,0.0,0.005627401509370566,0.01476396040451843,0.0,0.0,0.007041474958714576,0.0005433667042140341,0.00033354213590683476,0.034342550084712,0.014726871411110856,0.005838137908708599
202406,0.0,0.0,0.0,0.0008007449788140571,0.0,0.006920209554872274,0.002531807435423757,0.003570688653391315,0.0014905060930309369,0.012048660858066997,0.0036216198664224073,0.0,0.01161296969197019,0.002223012331422761,0.003056603579040358,0.0,0.01315634000105703,0.005079930558605238,0.0,0.0029820295964874,0.00035607272940988425,0.00114460159149086,0.00047090343104260103,0.0,0.002942276112798354,0.0,0.002415503331738235,0.007835336428723716,0.000837004833211115,0.0021479397737199086,0.0015673677110134697,0.0,0.004398359221022784,0.0,0.0,0.0,0.002795552491047052,0.004667252075881589,0.0,0.0,0.010416817587479216,0.0,0.0015053513797440871,0.0,0.0,0.0017943591612032434,0.006013353902332025,0.0,0.0,0.006018783541417827,0.0,0.0,0.0,0.006729835768439373,0.010530559056830785,0.0,0.0,0.0030950220762653332,0.0,0.003313522313266311,0.0111868864613547,0.012758901598033175,0.0,0.003506394867485181,0.01023990259502731,0.0,0.0,0.014830347489546638,0.0,0.0014581788474722689,6.467736840805824e-05,0.0171826806941515,0.007471739854701786,0.004675600610194423,0.00636724304890674,0.0,0.0,0.0014085948267537733,0.0,0.0013568278543546076,0.0013283456870534466,0.0011418086315549225,0.004069552080369633,0.0,0.0006505602531544476,5.8047582146696044e-05,0.0007917851277743855,0.020947819086060134,0.009258529762477796,0.009034505982773994,0.005296347812857821,0.0004958763547725329,0.005081446368822772,0.016060806836373707,0.0007180263401124671,0.0016620734157874793,0.009098892454179027,0.004781480734726082,0.0,0.017050058823076142,0.0,0.004282055171923098,0.0,0.008114494039042845,0.015291878474796626,0.0,0.0,0.007046434625087756,0.0,0.0011328954304884917,0.035390552752648734,0.013784408990243007,0.00634415474846845
202407,0.0,0.0,0.0,0.000905026651327884,0.0,0.006971018149578157,0.0016480876440518168,0.002952617746299741,0.0022176086980342227,0.01310785282897502,0.004097295808428111,0.0,0.010496197690198264,0.0018181630835142225,0.0027075426917823006,0.0,0.01257524885453601,0.005721855252200287,0.0,0.0032712216320060004,8.015673525363842e-06,0.0015368850797332601,0.00032714860487966624,0.0,0.002528564797403477,0.0,0.0021081524608543346,0.008326410961759586,0.0013159966200321674,0.001956274032936093,0.001619595732073458,0.0,0.0046121025414337345,0.00025367897187990665,0.0,0.000481616507135135,0.0029006497498793708,0.004063610693851505,0.0,0.0,0.00985337598970729,0.0,0.0016406034378398482,0.0001486203193919558,0.0,0.00019975979011715745,0.005691735115677947,0.0,0.0,0.006395340139743095,0.0,0.0,0.0,0.00832211840127772,0.01158085360685259,0.0,0.0,0.0024184425113675215,0.0,0.0035947350391671708,0.011197974056963374,0.01241672894379938,0.0,0.0028216498421439803,0.010055402726088548,0.0,0.0,0.01498916871675491,0.0,0.0017722936815038396,0.0002303006850874001,0.017165662763465123,0.00693049756379483,0.005870029728141482,0.006190911342162555,0.0,0.0,0.0011832108920562133,0.0,0.000900871598995748,0.002029149400796756,0.0018704137575424418,0.0037014937744429903,0.00010839446866839495,0.001214359467803741,0.00042582277401067653,0.0012673116494658844,0.019623345143316123,0.009064653969636204,0.009355542041614488,0.005579854256372678,0.0003391969999053448,0.004346486893498192,0.014786494528793723,0.000668915576834753,0.0024000756754230692,0.009750187982612318,0.004550772064022418,0.0,0.016998776567677055,0.0,0.004328793206698557,0.0,0.0069989669544984,0.015762285710127073,0.0,0.0,0.006414984887236354,0.0,0.0033037125334745092,0.03455006242021716,0.012432172338911536,0.00728961711646282
202408,0.0,0.0,0.0,0.0010602160099471868,0.0,0.008240222291108058,0.001255186150771107,0.003994525697110888,0.0009905643185982157,0.012376774115502103,0.004643975540046467,0.0,0.010359363963921614,0.0010251936831061612,0.0034129412302811722,0.0,0.012877118934161989,0.007305604637342067,0.0,0.0032005010180942667,0.00037024730992739563,0.0014051155259478564,0.0003773760688130389,0.0,0.0022990888470443807,0.0,0.0004378011116767505,0.0065729575188408235,0.0015558288274436698,0.001873971000617161,0.0008280238130482147,0.0,0.004517533204258698,0.00011236877041770662,0.0,0.0,0.00410897018373109,0.0038301529852535054,0.0,0.0,0.009710893670405807,0.0,0.001732177500055554,0.0,0.0,0.0,0.006067486665700515,0.0,0.0,0.00699846762982721,0.0,0.0,0.0,0.006957943915364245,0.012095008164254255,0.0,0.0,0.001873189722754582,0.0,0.0030494289567426012,0.011177835562680755,0.010770906945271165,0.0,0.002125674581069246,0.009375611248530322,0.0,0.0,0.013990551944317064,0.0,0.0015260104672178223,0.0012869225717938983,0.016828332384578024,0.007069984533719817,0.005895068015873924,0.006427937705648424,0.0,1.8261040709992266e-05,0.0015510642161797802,0.0,0.0016347692855338879,0.0028840142502796844,0.0017225154463247553,0.004404742641829507,0.0,0.0005345520818102319,0.0,0.0011090876534183215,0.020219225177464908,0.007945574846708582,0.007968594005978876,0.0046485294693062226,0.0004718059727095759,0.0036536848792754423,0.015421215649831644,0.00010816300229312091,0.0016823295362388498,0.008607658274717881,0.004522067698561842,0.0,0.017797683845251464,0.0,0.0028650843785108637,0.0007486905971983093,0.0055153277637380975,0.015698652356587194,0.0,0.0,0.007048406499482841,0.0,0.003401687221729774,0.03368631338093926,0.012374208842433471,0.006642475849010858
202409,0.00034082857240390194,0.0,0.0,0.0012014259877025457,0.0,0.008047091655192393,0.0002836565281415691,0.003812664259521041,0.000559322833253709,0.011251625600169703,0.004679225942110712,0.0016359867431678249,0.00955197715922378,0.0007170258003334525,0.004049575629981137,0.0,0.012844656287808443,0.007411002726640982,0.0,0.003057775280889444,0.0,0.0008213514648013449,0.0004010874558588273,0.0,0.0017645157672224127,0.0,0.0,0.00353327990607152,0.0012568107859219572,0.0018803947439110418,0.0,0.0003191777695772878,0.004818906614892429,0.0,0.0,0.0,0.005956624141191491,0.004166625569060544,0.0,0.0,0.008677307632929105,0.0,0.0013070373929618064,0.0,0.0,0.00021036258551474966,0.006540243394694771,0.0,0.0,0.006141886304216649,0.0,0.0005900239434154306,0.0,0.0068983005332117365,0.011714149981746563,0.0,0.0,0.0015172497511456093,0.0,0.002223594370490394,0.011726651361504085,0.009358744618687373,0.0,0.0022263052301622196,0.008956499887057328,0.0,0.0,0.011857709143397363,0.0,0.0010506517313569326,0.0002995691006770408,0.0167993876256577,0.0071717505646682195,0.006591439516369981,0.006735505670691126,0.0,0.0,0.0012024305878327638,0.0,0.0028642936871704013,0.0044142425743656285,0.002133403483927809,0.004313845122573502,0.0,0.0,0.0,0.0004203730151498464,0.02102042321680681,0.00784309646345737,0.008251094031353034,0.004778706256203632,0.0005630534587621606,0.0027864308084570607,0.015708694941825613,9.628911419053611e-05,0.002047512994425399,0.008600782566814144,0.0036487682662948284,0.0007877571949669193,0.01702459336647665,0.000126865948071193,0.002283356109150997,0.0016638382265623593,0.002648694463418467,0.015129888986417147,5.605049962322507e-05,0.0,0.007402664207635425,5.1339987431288954e-05,0.005507149636075683,0.03143472489121065,0.014078679148886431,0.00369776240753302
202410,0.00019435898798057354,0.0,0.0,0.0005013303387300781,0.0004255734996948666,0.009372714308596618,0.0006080950999393256,0.004492391162286365,0.0,0.009368681486193057,0.005895446541231935,0.0016494622165002615,0.009296735194308983,0.0004530916883729381,0.003718554470698615,0.0,0.013110937844053882,0.007950956625619364,0.00015316648148260058,0.003613369317976852,0.0,9.968154816461848e-05,0.0007971543229961986,0.00043291668476508246,0.001749364898022643,3.9308797341707874e-05,0.0,0.0013724031942964855,0.0012999953588760643,0.0020310121061800157,0.0,0.0018820496103960534,0.005499832276717491,0.0,0.0,0.0,0.008021165568786974,0.004181903342463048,0.0,0.0,0.008351887902128222,0.0,0.000833169655536766,0.0,0.0,0.0,0.006005076571234273,0.0,0.0,0.005644035852435495,0.0,0.0004100074013213063,0.0,0.006283428910166431,0.011323810878563207,0.0,0.0,0.003226825814659728,0.0,0.0016641558415398119,0.011603715640613348,0.006969236438252835,0.0,0.003193607400370879,0.00843702707900066,0.0,0.0,0.010008361265775364,0.002230608953483632,0.0005359629170730309,0.002053173249818688,0.017832902876591766,0.0059886761444641855,0.007407555209125208,0.007057267675955728,0.0,0.00022167916905011537,0.0019753473248531775,0.0,0.002496842187796627,0.006458995954790448,0.0018197991699526834,0.004037760164811872,0.0,0.0,0.0,0.0004050331473590283,0.021062083694762243,0.007562954475842375,0.009801096401557036,0.005549722409765868,0.0010677673357000418,0.0023546466841081024,0.015366608917167512,0.0,0.0021815191215776527,0.006392711695406284,0.0037183768079485716,0.0013207312555880682,0.0169605195152778,0.001152428468400503,0.0012004621961324677,0.00228386854228263,0.0,0.01477003293424271,0.0004028304647926542,0.00100556111484458,0.007460259350825683,0.0014502958473346474,0.005932466465759493,0.02867849198619095,0.013785966312295088,0.0022027733072549076
202411,0.0,0.0,0.0,0.0012235354106524506,0.00014005561582043502,0.007256624526563887,0.0011983229746402705,0.004354660235595434,0.0009704241429554113,0.011297031702564849,0.005568845000491889,2.3007168261012506e-05,0.007504093731475231,0.0009794272547546225,0.0028252484061220746,0.0,0.01285811724212745,0.007667561727461867,0.00017062992441229378,0.0032432585093363506,0.0,0.0011612150487210194,0.0003674057083070191,0.0,0.0014968870636951769,0.00033110821650306395,0.00022114493580576878,0.006238109064390876,0.001598983447315965,0.0016486052654786053,0.0,0.00022960793020584665,0.005395135021335784,0.0,0.0,0.0,0.0058120621970571395,0.003843808257831565,0.0,0.0,0.008833986177916728,0.0,0.0004979890499390477,0.0,0.0,0.0,0.006324109774975623,0.0,0.0,0.00740695318769498,0.0003230762257739166,0.0008587201684890047,0.0,0.006203418959184507,0.012884072386070675,0.0,0.0,0.004536743857576823,0.0,0.0022656453425399198,0.011780599506255514,0.011295371154145709,0.0,0.006067735507738379,0.007894497803088488,0.0,0.0,0.012073747725637423,0.002263420215226404,0.0018217065281086512,0.00021515344299922505,0.016611469548779515,0.007233223036983592,0.007855802097716866,0.006108100953591379,0.0,6.045980304595734e-05,0.0011400511037481592,0.0,0.0016514389315604393,0.005418030051634014,0.0014737422164353906,0.003428583565577666,0.0,0.0,0.00021137741931015355,0.0006207178221567461,0.02398541808018012,0.00874555447396574,0.012661711422500112,0.006291025586695765,0.0008925889746895646,0.003213116921500634,0.016088998654809148,0.0,0.0026268069334164294,0.010155042862378989,0.003980871841733708,0.0,0.016890877316376673,0.0,0.0030197262291820352,0.0037467912201494457,0.0026867295236052786,0.0157628015149481,0.0,0.0,0.006453663807318132,0.0016209043783436676,0.006685108035087341,0.030953464533733686,0.012662479389560494,0.004525986882732759
