yyyymm,AM,AbnormalAccruals,Accruals,AnalystRevision,AnnouncementReturn,AssetGrowth,BM,BMdec,BPEBM,Beta,BetaLiquidityPS,BetaTailRisk,BidAskSpread,BookLeverage,CBOperProf,CF,Cash,CashProd,ChAssetTurnover,ChEQ,ChInv,ChInvIA,ChNNCOA,ChNWC,ChTax,CompEquIss,CompositeDebtIssuance,CoskewACX,DelCOA,DelCOL,DelEqu,DelFINL,DelLTI,DelNetFin,DolVol,EBM,EP,EarnSupBig,EarningsStreak,EarningsSurprise,EntMult,EquityDuration,ExclExp,FEPS,ForecastDispersion,GP,Herf,HerfBE,IdioVol3F,IdioVolAHT,Illiquidity,IndMom,IndRetBig,IntMom,IntanBM,IntanCFP,IntanEP,IntanSP,InvGrowth,InvestPPEInv,Investment,LRreversal,Leverage,MaxRet,MeanRankRevGrowth,Mom12m,Mom12mOffSeason,Mom6m,MomOffSeason,MomOffSeason06YrPlus,MomSeason,MomSeason06YrPlus,MomSeason11YrPlus,MomSeasonShort,NOA,NetDebtFinance,NetDebtPrice,NetEquityFinance,NetPayoutYield,OPLeverage,PctAcc,PctTotAcc,Price,PriceDelayRsq,RD,RDS,REV6,RealizedVol,ResidualMomentum,ReturnSkew,ReturnSkew3F,RevenueSurprise,RoE,STreversal,ShareIss1Y,ShareIss5Y,Size,Tax,TotalAccruals,TrendFactor,VolSD,XFIN,betaVIX,cfp,dNoa,grcapx,grcapx3y,hire,roaq,std_turn,zerotrade12M,zerotrade1M,zerotrade6M
200001,0.0,0.0010944472751134016,0.000627089752907846,8.776695118646408e-05,0.0019677109890731746,0.001135934025753924,0.0002523885684515639,0.0,0.0002766557962236508,0.0019519765760904982,0.00019520014612604762,0.00012268018266309487,0.002354030235428605,0.003013540853812718,0.0,0.0021677113691847658,0.0017724619787504571,0.0,0.0004825201865122214,0.000712324722391463,0.00018077347150644805,0.0004026088651328059,0.0005807293525027705,0.0,0.0002963340462157534,0.0,0.0,0.0,0.001162314513699033,0.000518684580020321,0.0,0.0,0.0003372272144956339,0.0003388827193633334,0.001890674601385942,1.3724143979338554e-05,0.000811583835171504,0.0,0.0,0.0,0.00021092969285955456,0.0,0.0,0.002033197502141121,0.0,0.001572994748856842,0.0005383602764173323,0.0,0.006554030141408053,0.002083288433974953,0.00021027376106753495,0.0002550889746662015,0.002709825767834867,0.0,0.0002098796372582182,0.0,0.000790643156733446,0.0,0.0,0.0008493080362944338,0.0013170504191520524,0.00012475452530197673,0.003132199140494248,0.0,0.00022268698444801046,0.0012936429121477484,0.006424210361665912,0.0031406031156831255,0.0,0.0011072153154142233,0.003391206356558965,0.001631900886045161,0.00010899002660536663,0.0019222088814826199,0.001908160267747163,0.0005181884320740911,0.0,0.0,1.1271442188248472e-05,0.0,1.7888215915377322e-05,0.0008457986461623472,0.0,0.0003288664466374765,0.0007595777729803363,0.0,0.0009407682169017936,0.0,0.0012167145450572533,0.0008973327347236169,0.002056413915197636,0.0006137519409414047,0.001066120740293784,0.0008252404479764842,0.0010346727199991924,0.00034670755781640534,0.005099129491168271,0.0,0.00013871540315054222,0.0021032791420735695,0.0008583872747712979,0.0,0.004316306880406199,0.00034568029519220804,0.0,0.0,5.17762930107896e-05,0.0018756044666473064,0.00045237958175196186,0.0,0.0,0.006944156963171524,0.008906317167335899
200002,0.0,0.0008624018026461798,0.0002408771478804151,2.7441524957956056e-05,0.001960909679997621,0.0011759131308064976,0.0001814393023504202,0.0,0.0004902616971991515,0.0018299336459036977,0.00015198539895493616,0.00040760751469844027,0.0004215291406773083,0.003076628789012922,2.4859659795320047e-05,0.0019183018283294023,0.002004248751780117,0.0,0.000574718109867929,0.0009435255764039855,0.00025063993435353837,0.00023262273828665342,0.0003241900586082682,0.0,7.253654722288216e-05,0.0,0.0,3.128711281061774e-05,0.0007110038228602614,0.0006125696707991158,0.0,0.0,0.0002198904099384163,0.00016039986218419037,0.0016833544561550738,0.00020257433169580064,0.0007799218930438523,0.0,0.0,0.0001627855097832656,0.0002501782801079884,0.0,0.0,0.001925756585258592,0.0001340641473783077,0.0016956631236763062,0.0006131101801785283,0.0,0.006799632820907173,0.0015628553616432665,0.0,0.0005079839189684705,0.0029229170553271917,0.0,0.0001327168782485843,0.0,0.0007052386833954744,0.0,0.0,0.000476478448900515,0.0014335448127740344,0.0005250345565019295,0.0028058580299976893,0.0,0.00013222948443467484,0.0011273218252114837,0.005783902069512454,0.003533948582202204,0.00022166893134428992,0.0009832836009316703,0.003407146277793855,0.0018056673002260618,5.324833719605715e-05,0.0016028944364749702,0.0017719861888612653,0.0005211914227381316,0.0,0.0,0.0,4.173347725033832e-05,0.0,0.0007854738140863929,0.0,0.0002541517357178181,0.0005641840509535261,1.5263635728168803e-05,0.0008289419460330074,0.0,0.0005604999496674405,0.0006350466890023308,0.0018657316729455298,0.0004714419275412191,0.0008811214973997317,0.00041877595518281547,0.001101042841225902,0.0004735910733254242,0.0040168007702925355,0.0,0.00038166334713140437,0.0023399665565344875,0.0010623213551415247,0.0,0.004301270354194802,0.0007359438881778244,0.0,0.00011387978497129117,8.390940597038151e-05,0.0016506394339458417,0.0003079612448214958,0.0,0.0,0.007272254862017199,0.008963326306099922
200003,0.0,0.0008781414127844544,0.000411454593800343,0.0,0.0022243224251466353,0.0010396003162135672,0.0002904149509080534,0.0,0.0003075072896453391,0.002083177797893625,0.00010935688914994775,0.0004001442288001774,0.0017442741477654217,0.003533273380923485,5.931647726526277e-05,0.0021326383430470336,0.0022019857800513907,0.0,0.0006118814378408474,0.0007471833941275611,0.00019147181571092635,0.000307377510582541,0.0008356004336575357,0.000585201973670105,8.266568930942384e-05,0.0,0.0,0.0,0.000404662058544668,0.0010468881969779014,0.0,0.0,0.0002965489747293097,0.0007179013635856322,0.0013557764773452013,0.0,0.00070701842555674,0.0,0.0,9.875914002241847e-05,0.000654015133928535,0.0,4.057024015538421e-05,0.0021410870853549647,0.0,0.0014697530541672873,0.00037692015220941677,0.0,0.010128630529010405,0.0007558200892164495,0.0009557563564910577,0.00033441261970673604,0.0026177336557732535,0.0007677532286325793,0.0004944371725048542,0.0,0.0010330512758807383,0.0,0.0,0.00037395038107971705,0.0012904119637675436,0.000610863868702676,0.003651677966683696,0.0,0.00019966059498830436,7.202952497110967e-06,0.006179827446013746,0.0027515871424418116,0.0,0.0010595556182722333,0.0035692155011952465,0.0019602066472358018,7.35224402421148e-05,0.001546182315163628,0.0017537039092970033,0.0009293122107690939,0.0,0.0,9.402667285021539e-06,0.0,0.0,0.0011369108665978931,0.0001945886635368569,9.273216235415648e-05,0.0007644734819749738,0.0,0.0008705501874128567,0.002345684783131821,0.0004641071777674014,0.0,0.0014642577137898535,0.00046570816708110325,0.0008382163234000822,0.0003538702673754405,0.0009590119545776605,0.0004921407551819511,0.005252153682094127,0.0003790368094965936,0.00011309427393485193,0.0023598330920532704,0.00205783612570575,0.0,0.0045849496021518645,0.0006087833254264559,0.0,9.938377388409296e-05,4.344080143972936e-05,0.00125247699495038,0.00018429315882812804,0.0,0.0,0.009223865895528996,0.011751470439318856
200004,0.0,0.0008627572549202117,3.534044760421597e-05,0.0,0.0021340519081072934,0.0010394138005660634,0.00030738579346509807,0.0,0.0002192347999369031,0.0021263140118858784,0.0002195488511503042,0.00030890692788816616,0.0024631463675798444,0.003598822446898812,7.507165239577418e-05,0.0016913350122304536,0.002407750758901117,0.0,0.0005049644385764169,0.0008372311642770083,0.00023627395183751902,0.00030776197735857936,0.0007874967596096741,0.00042943805240167244,7.459172718737088e-06,0.0,0.0,0.00012876826348504015,0.00015269202725821403,0.0010702030204002534,0.0,0.0,0.0002577391956514141,0.000529031070227018,0.0,0.0,0.0008622522211350637,0.0,0.0,0.00010641015929766458,0.001011036574127598,0.0,7.725874021069218e-05,0.0023785514092252396,0.0,0.0012162857438630947,0.0002124220465360933,0.0,0.01000076743105619,0.0,0.0007159707669233671,0.00040633557778621033,0.002562009033428485,0.0007480932996535134,0.0002867072665355915,0.0,0.0008994053268122932,0.0,0.0,0.00040039692626196526,0.0014110278298575933,0.00018306326345476567,0.0036066665037165296,0.0,9.087298742299635e-05,0.0,0.0059960146874239615,0.0026560125804419243,0.0,0.0009376970732271353,0.00320379372420138,0.0021275022547573904,0.0,0.0016722059322278836,0.0018164836726429212,0.0009769477033938312,0.0,0.0,1.5736941775138862e-06,0.0,0.0,0.0010320027908763908,0.001058930441516091,0.00031375915817453477,0.0006598961766540768,0.0,0.0007906863241227858,0.0024603886758487762,0.00042446669613065597,0.0,0.0015593750216797762,0.0004992467923164212,0.000774012424213883,0.0005711755755709351,0.0010717623349952975,0.0005218812109644206,0.005501182455263818,0.00023324490577560767,0.000438387599083381,0.00227471013366002,0.0022852349108580757,0.00010755494931763913,0.004404467210648174,0.0006902931587043936,0.0,0.00017970662805840462,0.0001736941929425277,0.001428262006481836,3.8008609555317e-05,0.0,0.0,0.008851479216547284,0.011800484048569081
200005,0.0,0.0008156238825106384,4.56532245136315e-05,0.0,0.002483872426454362,0.0011137941106619538,0.00042346699176030366,0.0,0.00021441305970440095,0.0022073722049079083,0.00029093048071047236,0.0004391202087293132,0.0011601488776720307,0.0024594222284213987,0.0,0.0014292140873900677,0.0021921619583057774,0.0,0.0005898223300237975,0.0010611660753887119,0.0003667175140625811,0.00012537373826127,0.0005207363912119279,6.28126522118843e-06,0.0,0.0,1.4517676301871807e-07,5.017440266691038e-05,0.0005460371335383187,0.0007808205621704183,0.0,0.0,0.0001794290715088098,0.0003039185036461868,0.0,1.012566234074403e-06,0.0008263308232124207,0.0,0.0,0.00015433842095329906,0.00035655160040120806,0.0,7.185305979828479e-05,0.0017713752262062381,0.0,0.0013567344546859825,0.00040510010521524703,0.0,0.00812292262204409,0.0,0.0018022463746345154,0.0005138541413155454,0.0026422203144562343,0.0003810739181129354,0.0002524836549630659,0.0,0.0007190512467589397,0.0,0.0,0.00044908435170145955,0.0016214535390342902,0.00016520606283690285,0.0023283084740407145,0.0,3.8242023992006675e-05,0.0,0.005870195606126421,0.0032258056342769456,0.00044550212411336327,0.0008523326751480368,0.0033634604650399046,0.0017756359498874855,0.0,0.0019093551907739936,0.0015430499360978142,0.0008665268146971048,0.0,0.0,0.0,6.153690421862244e-05,0.0,0.0007239944129512454,0.0,0.00019142259958180482,0.0003824871163901102,0.0,0.0007414297801537223,0.0,0.000304583823596116,0.00019889267318236794,0.0013370257388942116,0.00048687564556577765,0.00041623874815614065,0.0003880342494033666,0.0009744184632894181,0.0005416652170810828,0.0027695759406414448,0.0,0.0005554560512567208,0.002243077300338679,0.0018320837983142543,0.0,0.004044848785436456,0.0005969489190394889,0.0,0.00024815556443156086,0.00024276683450309973,0.0016624473469192902,9.474276852703228e-05,0.0,0.0,0.009146700016551572,0.012390533596637606
200006,0.0,0.0008689118163945354,9.352049585574485e-05,0.0,0.002406799500601593,0.001264237326647726,0.00037607936716814997,0.0,0.00020408143104682963,0.0024939850188420713,0.00050647002139686,0.0003613732080790572,0.002291625447218568,0.00254204624988658,0.0,0.0013374771298740756,0.0025361108903908564,0.0,0.000616773613654983,0.0011898455222635002,0.00024320608745752981,0.00015802442765132363,0.0003111780911177967,0.0,0.000136622153176961,0.0,1.6639131523934377e-05,0.00015600773129895954,0.00040331659390628,0.0008166508808396915,0.0,0.0,0.00016734435502397622,0.00010359200422350491,0.0,0.0,0.0007908208189972263,0.0,0.0,0.0001291239239677693,0.00041743397338815,0.0,0.0,0.0018651037493273871,0.0,0.0014930173940972623,0.0005350641170056114,0.0,0.008661406928113137,0.0,0.002194976280014816,0.0005515939760524385,0.0026451701584983204,0.0003908492122613846,0.00016917881216130376,0.0,0.0008262474481978661,0.0,0.0,0.0005876933608046015,0.0017509098722604949,5.269386138407969e-05,0.0023505514540198176,0.0,5.457801910298953e-05,0.0,0.006240808674830223,0.0030218189647619113,0.0003221114752012066,0.0009307437110001854,0.0032614508379269513,0.0016800648422871766,0.0,0.002149642351389776,0.0015429032883647646,0.0008028415185812312,0.0,0.0,0.0,0.00010384726107603489,0.0,0.000669396152531858,0.0,0.00013361735999028074,0.00041296143564374156,0.0,0.00073397812228995,0.0,0.0005411091448497538,0.00026903350703642685,0.0012944226335859248,0.00033864707901163466,0.0004536173044931268,0.0002436544619978764,0.001039915204762553,0.0006044538401457839,0.0032402797132968244,0.0,0.0007787607794488001,0.0020459390181791844,0.001937228470523564,4.8447186070360344e-05,0.003884743901570133,0.0007627462304859548,0.0,3.772873530324299e-05,0.00040980317841113166,0.0019225315528066495,0.0,0.0,0.0,0.00924174757549785,0.012375110134523847
200007,0.0,0.0007640578993488932,0.0,3.2629978245668073e-05,0.00237018292994318,0.0015622572084185902,7.438136817407455e-05,0.0,0.000306399884681611,0.0024927296182656626,0.0004147005225248598,0.00042717875214364463,0.0011818033849296714,0.0021995677103673564,0.0,0.0010583239042588977,0.0022684003827224933,0.0,0.0007584057899623704,0.0015502678957614534,0.0005301520279490767,0.0,0.00011167121368174178,0.0,0.00019270577860412762,0.0,0.0,0.00014948934009041535,0.00048030724614533385,0.0007706597958163436,0.0,0.0,8.884202700539964e-05,0.0,0.0,5.923771664811576e-05,0.000789067479520426,0.0,0.0,0.00023766716226231865,0.00017144438368188057,0.0,0.0,0.001505400566863508,0.0,0.0014833308432449573,0.0006310265859995261,0.0,0.008211502409813115,0.0,0.0028592317631072027,0.0007141972679954851,0.0028002630880329753,7.359921390078193e-05,8.3758767335071e-05,0.0002554410901433092,0.0007678838932788271,9.995698739498978e-05,0.0,0.0003383180239871644,0.0015535545932768675,0.0,0.0019486045045627356,0.0,0.00011228963686881687,0.0,0.006031739762826471,0.003106307778343974,0.0007059274066161656,0.0009966738595853957,0.003235062812461799,0.0015946161601319271,9.680726689675181e-06,0.0020881210583514652,0.0015969286277135587,0.0007703402176851155,0.0,1.9794373803690492e-05,0.0,0.0003755182526097665,0.0,0.0009743769945145616,0.0,9.795322434182969e-05,0.0001757037912599856,0.0,0.0006326981131633453,0.0,0.0006567581985301914,0.00018927983732628227,0.0012507833459081115,0.00034895419122970146,1.148332366490755e-07,0.00033693840427447425,0.0009518785447038389,0.0005895447960589986,0.001231239195975682,0.0,0.0011628018114016975,0.0024380492573090203,0.0019103306189678071,0.00016565118536324947,0.0034889812072894984,0.0005618144710246023,0.0,0.00013142898222533373,0.00044028261729170106,0.0021947363700997847,0.0,0.0,0.00016399027184362515,0.008871355845345456,0.012254318003569431
200008,0.0,0.0008164691214388902,8.471307265881625e-05,3.0953780208285016e-05,0.0023187708889293836,0.0018086945529119383,6.499652624104174e-05,0.0,0.00038581902267902763,0.00248985027546083,0.00040875502485525215,0.00026114371536447206,0.0013880474185219115,0.0022464328841335286,0.0,0.0008529435308618657,0.0025394351048488553,0.0,0.0006699598462946858,0.0014741106053072655,0.00038122045385052204,0.0,0.00018839985131322395,0.0,0.0003317406684940487,0.0,2.098411146787946e-05,0.00014282382166560444,0.0004933917966089811,0.0008056773230340584,0.0,0.0,0.00013746632202274486,6.805191826303832e-05,0.0,4.4318951016134744e-05,0.0007333669551173041,0.0,0.0,0.00016957543647652996,4.288560370323369e-05,0.0,3.922195969177212e-06,0.0014729445635251568,6.849859782811913e-05,0.0015904614850977509,0.0007123640989570786,0.0,0.008556893722645502,0.0,0.0021372632301525584,0.0005222737412160845,0.0028343578317170954,0.0,2.0712754394612603e-05,0.0006552910394706991,0.0006409073335951799,0.0002773426232785824,0.0,0.00033354656322761775,0.001595485800776214,0.0,0.0019166761176838431,0.0,0.0001384500873382151,0.0,0.006122468283008496,0.0032387916306073914,0.0005920917488458022,0.0009530509908903611,0.0031358146122774694,0.0015096364435411766,4.614397350413538e-05,0.002338948110553733,0.0014013255408570416,0.0009764614846785797,0.0,0.0,0.0,0.0003192254774040392,0.0,0.0010884099138785803,0.0,5.249414909454405e-06,0.000226146314896336,3.5492482661974677e-05,0.00048399757841507447,0.0,0.0007434788722132153,0.00011406105736619628,0.0012443624039638577,0.0003323446442303643,0.00035504630181084994,0.00045648062506004034,0.000977623972279555,0.0005685240594998838,0.0019744192149970573,0.0,0.0014239995371966116,0.0023823271405556336,0.001981008192231708,0.0003436115300757697,0.0034134822791349784,0.00043314937250753347,0.0,9.933336591599028e-05,0.0003004854188893145,0.0020841322144588602,0.0,0.0,0.0009806316774559386,0.008632392915697283,0.01239832616826938
200009,0.0,0.0006620431194147189,0.00014377118817088158,1.6034838560960212e-05,0.0021854018101243374,0.0015949882274478929,0.00020906338944424413,0.0,0.0003455266307760347,0.0026827841313177138,0.00038107176878798084,0.0002809786784386004,0.0012782178716955722,0.002289701508959595,0.0,0.0011207897118609875,0.00253843584923038,0.0,0.0005838709356137086,0.001342324991506405,0.00025258130373126604,0.00010196439116528766,0.0004339537542464581,0.0,0.0003708835220945439,0.0,0.0,0.0,0.00047900843422275677,0.0009612847519013587,0.0,0.0,0.00017602305868714673,0.00029949391699680354,0.0,0.0,0.0007895605841001195,0.0,0.0,0.00014584856146503608,0.00023285861887352162,0.0,0.0,0.0015713185788940522,5.184277998979239e-05,0.0017091491515709059,0.0007681802494969085,0.0,0.008581333501772924,0.0,0.0022512987327678847,0.0005773273296937569,0.002740643605888988,0.0,0.0,0.0006042383567313243,0.000765499982564564,0.00027567603835586697,0.0,0.00037724581229820034,0.0015985663584049024,0.0,0.002142270915548815,0.0,9.309411163547455e-05,0.0,0.006708560269505628,0.0035254076353728276,0.0007375196510934514,0.0008709506145351581,0.003254032823844569,0.0015589348012691234,0.0,0.002452629892423842,0.0012628580993238572,0.000989723179896498,0.0,0.0,0.0,0.00031211871210688454,8.074600982785712e-05,0.0010952048135428793,0.0,0.0,0.00024977699164625903,9.727688930451151e-05,0.0005542530840759949,0.0,0.0007186639468053636,0.0,0.0014399146648267538,0.0004038142275081014,0.000554498440628513,0.0005101977695707575,0.001061825425386912,0.0005971896459446575,0.002197715123230254,0.0,0.0011859839073059943,0.00232777267076982,0.0020834602409739254,0.00013155888496643552,0.0033634973633040314,0.0005269143242164392,0.0,0.00012946022214849504,0.00033387940908765755,0.0020667195142888783,9.457657168171793e-06,0.0,0.0005052781091636519,0.008486741126163174,0.01176088654931111
200010,0.0,0.00046872336554976314,0.00018533542896296957,6.813792662603486e-05,0.002130505177667872,0.001671674841314295,0.00033016031506798995,0.0,0.00021459123586798536,0.002370331667357444,0.00044639808851807094,0.0003994912824357653,0.0021248693709446736,0.00236354898461955,0.0,0.001576776000354771,0.0025381306930225686,0.0,0.0007566995469070871,0.0015755249958015242,0.0004464045758821628,9.545468758473875e-05,0.00042014270523394533,0.0,0.0001375636673012647,0.0,3.207352527255491e-05,0.00024069143304187844,0.0005338985998338772,0.0007904233952673679,0.0,0.0,0.00027192641560747804,0.00026242699924227113,0.0,0.0,0.0010231388379346499,0.0,0.0,0.0002733900756614477,0.00018102376318353803,0.0,0.0,0.001803206243878305,1.1117697379044681e-05,0.0015540394196288988,0.0006520696641018612,0.0,0.008454361336296635,0.0,0.0012504703782367456,0.0006112540208037142,0.0028151099705040093,0.0,0.00015358021612121733,0.0,0.0008758027423053191,0.00012398629578182173,0.0,0.00023226911511577223,0.0015403384332866791,0.0,0.0019801688112515052,0.0,0.00010537042347539626,0.0,0.007374277994078425,0.003933348082621119,0.00042423474863416064,0.000949149535623541,0.0034891921570955314,0.0019940625394092434,7.268954912306117e-05,0.002613901111127229,0.0012797273890710378,0.0008699746505809851,0.0,0.0,0.0,0.00021078187498222432,0.0003064361094767314,0.0008142723301290195,8.234753168622317e-05,0.0,0.0003076539821061305,4.515672508738119e-05,0.0006456994849085073,0.0,0.0005134321508123176,1.0343684583623624e-05,0.0013024979184263145,0.0004003127108577123,0.0001296167308845526,0.0005831177403282001,0.0007472220448738175,0.0004291662738912167,0.003727328360735782,0.0,0.0008198575237039466,0.0024118480770520634,0.00226266397434312,0.00014055862911516425,0.00328191947282466,0.0006047409737642598,0.0,0.0,0.00048418308517700353,0.0018037723037897836,0.0,0.0,0.0011188511250682293,0.009651163689776409,0.01262715410640685
200011,0.0,0.0003800695882956703,0.00032384597601680575,3.209896490527483e-05,0.0021984974906534872,0.0017006246351091824,0.0003628405247527883,0.0,0.00023932090453549442,0.002561466052935847,0.00046599116278699506,0.00015964601215212888,0.0038230323270415194,0.0026098874519937284,0.0,0.0015867951793680985,0.002694160992330981,0.0,0.0008560847612738951,0.0016486823908817732,0.00035536657703646524,0.0002043157667046112,0.000572723596141423,0.0,0.00011400909773793087,0.0,1.0964103734915606e-05,0.00032375090664249197,0.0006489893129221516,0.0007675102936650014,0.0,0.0,0.00034314465786038545,0.00020903056993186122,0.0,0.0,0.0011484735617181814,0.0,8.262205095130781e-05,0.00023006824143429434,0.00018528751488110316,0.0,0.0,0.002022166945671717,3.7847871813511986e-05,0.0015207695924478013,0.0006869175809837947,0.0,0.008059248093005239,0.0,0.0002778055738213507,0.00016622183266782237,0.003196869402614561,0.0,0.00029675919449643383,0.0,0.0009816141929557428,0.00023530842300897666,0.0,0.00030717201500404584,0.0016495623836932005,0.0,0.002272466094912924,0.00045931940382454436,8.550554626121175e-05,0.0,0.007488316522407194,0.004431271748570247,0.0003452060870065621,0.0012235566136582828,0.003526614161067796,0.0018430372301343329,9.404768773974345e-05,0.002912985718332798,0.001030263932156377,0.0007353065907690991,0.0,0.0,0.0,0.0003151314991463173,0.00033777262104878756,0.0005213954876323499,0.001442767854277765,0.0,0.0003119985152410952,1.9483999633728065e-05,0.0006837803221970764,0.0,0.0004034176464771141,0.0,0.0013390781339053758,0.000531982768830424,0.00012268803509603518,0.000644021507152079,0.0006669677985993329,0.00048173233180559045,0.005317082549535678,0.0,0.0005575912744864781,0.0020869047071101474,0.0023845454557705325,0.000139573933789345,0.003003200831368747,0.0005556133663011845,0.0,0.0,0.00044371624142122045,0.001741240701061454,0.00025343401943744463,0.0,0.0017284927265435247,0.009853022349872136,0.013123725239362269
200012,0.0,0.0,0.0006181203779963285,1.820250710731619e-05,0.002494353628539843,0.0017342001734724744,0.000230019781753055,0.00013138466760908579,0.0001520607772317194,0.003508400545511894,0.0007651044396306173,0.00020312591848346522,0.00619632005128142,0.0027189324475081723,0.0002552070004676248,0.0019554099979694367,0.0031234168841439884,0.0,0.0007844053915647027,0.0012912047439814264,0.0001060662132671992,0.0004871412119372708,0.000628057669014157,1.992849387221653e-05,2.706190792711168e-05,5.9772864881722605e-05,0.0,0.0008066236578953346,0.000499357018320433,0.0011203378978891887,0.0013312690919453033,0.00020089620497202524,0.0005604643646317154,0.0,0.0002897839924105892,0.0,0.0009488348768983398,0.0,0.000635647092302255,0.0,0.00010042104906230513,0.0,0.0,0.002028082807146987,0.0,0.0012884582382086,0.0008073515914137626,0.0,0.006874611818307133,0.0002992388745271094,0.0,0.0,0.003829505027048149,0.0003800124767997397,0.00046668732266112706,0.0,0.0011990588908860325,0.00018358358216082925,0.0,0.0006230727593449157,0.0025029841160951415,0.00025316713207842236,0.0025617654110872547,0.0016819338602369726,0.00022309582138705113,0.0,0.007424014850133693,0.003809865925348812,0.0,0.0014067476641043191,0.0030500608187327563,0.001579084861499493,0.00031470271381572504,0.003001714013290536,0.0007220096150781051,0.0006558479909376056,0.0,0.0,0.0,0.00025203564865393895,0.0,0.0001137649511537349,0.003417839359058568,0.0,0.0006335961007968208,9.869167300452052e-05,0.0009882463095828868,0.0,0.00043772435138156096,0.0,0.001591445810944409,0.0007794349311569542,0.0003368265042945613,0.0016438834866864236,0.0006550028249502512,0.0006299420767571694,0.007434512317454262,0.0001221353495794352,0.0007841308368847534,0.0025403677733848236,0.003092715061918229,0.0002375628227109099,0.0032865746922745563,0.0009093178011338511,0.00039903100225953896,0.0,0.0007801345285264227,0.0016032538014022733,0.0008281160440635065,0.0,0.0015102873029462956,0.009975343176058537,0.013464440171022513
200101,0.0,0.0,0.0,0.0,0.0,0.0,0.0,0.0,0.0,0.0,0.0,0.0,0.0,0.0,0.0,0.0,0.0,0.0,0.0,0.0,0.0,0.0,0.0,0.0,0.0,0.0,0.0,0.0,0.0,0.0,0.0,0.0,0.0,0.0,0.0,0.0,0.0,0.0,0.0,0.0,0.0,0.0,0.0,0.0,0.0,0.0,0.0,0.0,0.0,0.0,0.0,0.0,0.0,0.0,0.0,0.0,0.0,0.0,0.0,0.0,0.0,0.0,0.0,0.0,0.0,0.0,0.0,0.0,0.0,0.0,0.0,0.0,0.0,0.0,0.0,0.0,0.0,0.0,0.0,0.0,0.0,0.0,0.0,0.0,0.0,0.0,0.0,0.0,0.0,0.0,0.0,0.0,0.0,0.0,0.0,0.0,0.0,0.0,0.0,0.0,0.0,0.0,0.0,0.0,0.0,0.0,0.0,0.0,0.0,0.0,0.0,0.0,0.0
200102,0.0,0.0,0.0,0.0,0.0,0.0,0.0,0.0,0.0,0.0,0.0,0.0,0.0,0.0,0.0,0.0,0.0,0.0,0.0,0.0,0.0,0.0,0.0,0.0,0.0,0.0,0.0,0.0,0.0,0.0,0.0,0.0,0.0,0.0,0.0,0.0,0.0,0.0,0.0,0.0,0.0,0.0,0.0,0.0,0.0,0.0,0.0,0.0,0.0,0.0,0.0,0.0,0.0,0.0,0.0,0.0,0.0,0.0,0.0,0.0,0.0,0.0,0.0,0.0,0.0,0.0,0.0,0.0,0.0,0.0,0.0,0.0,0.0,0.0,0.0,0.0,0.0,0.0,0.0,0.0,0.0,0.0,0.0,0.0,0.0,0.0,0.0,0.0,0.0,0.0,0.0,0.0,0.0,0.0,0.0,0.0,0.0,0.0,0.0,0.0,0.0,0.0,0.0,0.0,0.0,0.0,0.0,0.0,0.0,0.0,0.0,0.0,0.0
200103,0.0,0.0,0.0,0.0,0.0,0.0,0.0,0.0,0.0,0.0,0.0,0.0,0.0,0.0,0.0,0.0,0.0,0.0,0.0,0.0,0.0,0.0,0.0,0.0,0.0,0.0,0.0,0.0,0.0,0.0,0.0,0.0,0.0,0.0,0.0,0.0,0.0,0.0,0.0,0.0,0.0,0.0,0.0,0.0,0.0,0.0,0.0,0.0,0.0,0.0,0.0,0.0,0.0,0.0,0.0,0.0,0.0,0.0,0.0,0.0,0.0,0.0,0.0,0.0,0.0,0.0,0.0,0.0,0.0,0.0,0.0,0.0,0.0,0.0,0.0,0.0,0.0,0.0,0.0,0.0,0.0,0.0,0.0,0.0,0.0,0.0,0.0,0.0,0.0,0.0,0.0,0.0,0.0,0.0,0.0,0.0,0.0,0.0,0.0,0.0,0.0,0.0,0.0,0.0,0.0,0.0,0.0,0.0,0.0,0.0,0.0,0.0,0.0
200104,0.0,0.0,0.0,0.0,0.0,0.0,0.0,0.0,0.0,0.0,0.0,0.0,0.0,0.0,0.0,0.0,0.0,0.0,0.0,0.0,0.0,0.0,0.0,0.0,0.0,0.0,0.0,0.0,0.0,0.0,0.0,0.0,0.0,0.0,0.0,0.0,0.0,0.0,0.0,0.0,0.0,0.0,0.0,0.0,0.0,0.0,0.0,0.0,0.0,0.0,0.0,0.0,0.0,0.0,0.0,0.0,0.0,0.0,0.0,0.0,0.0,0.0,0.0,0.0,0.0,0.0,0.0,0.0,0.0,0.0,0.0,0.0,0.0,0.0,0.0,0.0,0.0,0.0,0.0,0.0,0.0,0.0,0.0,0.0,0.0,0.0,0.0,0.0,0.0,0.0,0.0,0.0,0.0,0.0,0.0,0.0,0.0,0.0,0.0,0.0,0.0,0.0,0.0,0.0,0.0,0.0,0.0,0.0,0.0,0.0,0.0,0.0,0.0
200105,0.0,0.0,0.0,0.0,0.0,0.0,0.0,0.0,0.0,0.0,0.0,0.0,0.0,0.0,0.0,0.0,0.0,0.0,0.0,0.0,0.0,0.0,0.0,0.0,0.0,0.0,0.0,0.0,0.0,0.0,0.0,0.0,0.0,0.0,0.0,0.0,0.0,0.0,0.0,0.0,0.0,0.0,0.0,0.0,0.0,0.0,0.0,0.0,0.0,0.0,0.0,0.0,0.0,0.0,0.0,0.0,0.0,0.0,0.0,0.0,0.0,0.0,0.0,0.0,0.0,0.0,0.0,0.0,0.0,0.0,0.0,0.0,0.0,0.0,0.0,0.0,0.0,0.0,0.0,0.0,0.0,0.0,0.0,0.0,0.0,0.0,0.0,0.0,0.0,0.0,0.0,0.0,0.0,0.0,0.0,0.0,0.0,0.0,0.0,0.0,0.0,0.0,0.0,0.0,0.0,0.0,0.0,0.0,0.0,0.0,0.0,0.0,0.0
200106,0.0,0.0,0.0,0.0,0.0,0.0,0.0,0.0,0.0,0.0,0.0,0.0,0.0,0.0,0.0,0.0,0.0,0.0,0.0,0.0,0.0,0.0,0.0,0.0,0.0,0.0,0.0,0.0,0.0,0.0,0.0,0.0,0.0,0.0,0.0,0.0,0.0,0.0,0.0,0.0,0.0,0.0,0.0,0.0,0.0,0.0,0.0,0.0,0.0,0.0,0.0,0.0,0.0,0.0,0.0,0.0,0.0,0.0,0.0,0.0,0.0,0.0,0.0,0.0,0.0,0.0,0.0,0.0,0.0,0.0,0.0,0.0,0.0,0.0,0.0,0.0,0.0,0.0,0.0,0.0,0.0,0.0,0.0,0.0,0.0,0.0,0.0,0.0,0.0,0.0,0.0,0.0,0.0,0.0,0.0,0.0,0.0,0.0,0.0,0.0,0.0,0.0,0.0,0.0,0.0,0.0,0.0,0.0,0.0,0.0,0.0,0.0,0.0
200107,0.0,0.0,0.0,0.0,0.0,0.0,0.0,0.0,0.0,0.0,0.0,0.0,0.0,0.0,0.0,0.0,0.0,0.0,0.0,0.0,0.0,0.0,0.0,0.0,0.0,0.0,0.0,0.0,0.0,0.0,0.0,0.0,0.0,0.0,0.0,0.0,0.0,0.0,0.0,0.0,0.0,0.0,0.0,0.0,0.0,0.0,0.0,0.0,0.0,0.0,0.0,0.0,0.0,0.0,0.0,0.0,0.0,0.0,0.0,0.0,0.0,0.0,0.0,0.0,0.0,0.0,0.0,0.0,0.0,0.0,0.0,0.0,0.0,0.0,0.0,0.0,0.0,0.0,0.0,0.0,0.0,0.0,0.0,0.0,0.0,0.0,0.0,0.0,0.0,0.0,0.0,0.0,0.0,0.0,0.0,0.0,0.0,0.0,0.0,0.0,0.0,0.0,0.0,0.0,0.0,0.0,0.0,0.0,0.0,0.0,0.0,0.0,0.0
200108,0.0,0.0,0.0,0.0,0.0,0.0,0.0,0.0,0.0,0.0,0.0,0.0,0.0,0.0,0.0,0.0,0.0,0.0,0.0,0.0,0.0,0.0,0.0,0.0,0.0,0.0,0.0,0.0,0.0,0.0,0.0,0.0,0.0,0.0,0.0,0.0,0.0,0.0,0.0,0.0,0.0,0.0,0.0,0.0,0.0,0.0,0.0,0.0,0.0,0.0,0.0,0.0,0.0,0.0,0.0,0.0,0.0,0.0,0.0,0.0,0.0,0.0,0.0,0.0,0.0,0.0,0.0,0.0,0.0,0.0,0.0,0.0,0.0,0.0,0.0,0.0,0.0,0.0,0.0,0.0,0.0,0.0,0.0,0.0,0.0,0.0,0.0,0.0,0.0,0.0,0.0,0.0,0.0,0.0,0.0,0.0,0.0,0.0,0.0,0.0,0.0,0.0,0.0,0.0,0.0,0.0,0.0,0.0,0.0,0.0,0.0,0.0,0.0
200109,0.0,0.0,0.0,0.0,0.0,0.0,0.0,0.0,0.0,0.0,0.0,0.0,0.0,0.0,0.0,0.0,0.0,0.0,0.0,0.0,0.0,0.0,0.0,0.0,0.0,0.0,0.0,0.0,0.0,0.0,0.0,0.0,0.0,0.0,0.0,0.0,0.0,0.0,0.0,0.0,0.0,0.0,0.0,0.0,0.0,0.0,0.0,0.0,0.0,0.0,0.0,0.0,0.0,0.0,0.0,0.0,0.0,0.0,0.0,0.0,0.0,0.0,0.0,0.0,0.0,0.0,0.0,0.0,0.0,0.0,0.0,0.0,0.0,0.0,0.0,0.0,0.0,0.0,0.0,0.0,0.0,0.0,0.0,0.0,0.0,0.0,0.0,0.0,0.0,0.0,0.0,0.0,0.0,0.0,0.0,0.0,0.0,0.0,0.0,0.0,0.0,0.0,0.0,0.0,0.0,0.0,0.0,0.0,0.0,0.0,0.0,0.0,0.0
200110,0.0,0.0,0.0,0.0,0.0,0.0,0.0,0.0,0.0,0.0,0.0,0.0,0.0,0.0,0.0,0.0,0.0,0.0,0.0,0.0,0.0,0.0,0.0,0.0,0.0,0.0,0.0,0.0,0.0,0.0,0.0,0.0,0.0,0.0,0.0,0.0,0.0,0.0,0.0,0.0,0.0,0.0,0.0,0.0,0.0,0.0,0.0,0.0,0.0,0.0,0.0,0.0,0.0,0.0,0.0,0.0,0.0,0.0,0.0,0.0,0.0,0.0,0.0,0.0,0.0,0.0,0.0,0.0,0.0,0.0,0.0,0.0,0.0,0.0,0.0,0.0,0.0,0.0,0.0,0.0,0.0,0.0,0.0,0.0,0.0,0.0,0.0,0.0,0.0,0.0,0.0,0.0,0.0,0.0,0.0,0.0,0.0,0.0,0.0,0.0,0.0,0.0,0.0,0.0,0.0,0.0,0.0,0.0,0.0,0.0,0.0,0.0,0.0
200111,0.0,0.0,0.0,0.0,0.0,0.0,0.0,0.0,0.0,0.0,0.0,0.0,0.0,0.0,0.0,0.0,0.0,0.0,0.0,0.0,0.0,0.0,0.0,0.0,0.0,0.0,0.0,0.0,0.0,0.0,0.0,0.0,0.0,0.0,0.0,0.0,0.0,0.0,0.0,0.0,0.0,0.0,0.0,0.0,0.0,0.0,0.0,0.0,0.0,0.0,0.0,0.0,0.0,0.0,0.0,0.0,0.0,0.0,0.0,0.0,0.0,0.0,0.0,0.0,0.0,0.0,0.0,0.0,0.0,0.0,0.0,0.0,0.0,0.0,0.0,0.0,0.0,0.0,0.0,0.0,0.0,0.0,0.0,0.0,0.0,0.0,0.0,0.0,0.0,0.0,0.0,0.0,0.0,0.0,0.0,0.0,0.0,0.0,0.0,0.0,0.0,0.0,0.0,0.0,0.0,0.0,0.0,0.0,0.0,0.0,0.0,0.0,0.0
200112,0.0,0.0,0.0,0.0,0.0,0.0,0.0,0.0,0.0,0.0,0.0,0.0,0.0,0.0,0.0,0.0,0.0,0.0,0.0,0.0,0.0,0.0,0.0,0.0,0.0,0.0,0.0,0.0,0.0,0.0,0.0,0.0,0.0,0.0,0.0,0.0,0.0,0.0,0.0,0.0,0.0,0.0,0.0,0.0,0.0,0.0,0.0,0.0,0.0,0.0,0.0,0.0,0.0,0.0,0.0,0.0,0.0,0.0,0.0,0.0,0.0,0.0,0.0,0.0,0.0,0.0,0.0,0.0,0.0,0.0,0.0,0.0,0.0,0.0,0.0,0.0,0.0,0.0,0.0,0.0,0.0,0.0,0.0,0.0,0.0,0.0,0.0,0.0,0.0,0.0,0.0,0.0,0.0,0.0,0.0,0.0,0.0,0.0,0.0,0.0,0.0,0.0,0.0,0.0,0.0,0.0,0.0,0.0,0.0,0.0,0.0,0.0,0.0
200201,0.0,0.00021461088442272178,0.0,0.0,0.0021793198831142253,0.003287150988928026,9.701457058140011e-05,8.790460431888483e-05,0.00036477782675431875,0.0013163445374791462,0.001082667005051052,0.001530156778301918,0.0,0.004329150038011611,0.00042598736018486307,0.0014443690462666954,0.002529883469792135,0.0,0.00030193210901078356,0.002108463237845837,0.00033279942181790693,0.00041603615240378414,0.0006769883116611645,0.0,0.0001942655122977442,0.0005719457301583355,0.0,0.0006907675388407721,0.0010588261198352848,0.00041717427151480063,7.081832713165976e-05,0.0,0.00024814029683872064,0.0007821603062991449,0.0028532981553477167,0.0,0.000589200193702711,0.0,0.0,0.0005387799186676032,0.0,0.0003978172717216031,3.054217610795205e-05,0.0004565126944304696,0.0004918191234669362,0.0015681343287262562,0.0002049763135864942,0.0009573431361651387,0.008301163326744583,0.00014100083140347746,0.0,0.0024068447367096494,0.004728473179835718,0.0004008410632668039,0.0013092346631597242,0.0,0.0,0.0006775332356992713,0.0,0.0,0.0016278362781500474,0.0001291282826420995,0.0023385911837680504,0.002239785828039556,0.0004840660281827973,0.0,0.006125159380490936,0.002027393588453746,0.0009953403086664454,4.521015361552365e-05,0.0016564055157203652,0.0015196254106081433,0.0001603271813597235,0.0034107203156170376,0.0008138083595004152,0.0003882050021926892,0.0,0.0002355997133801967,0.00020386424506095346,0.00015384077748292483,0.0003705523100272015,0.0007292468528143088,0.0019528801827998505,0.00013517301473343733,0.0,0.0,0.00045121613723732616,0.0012915545155179418,0.0005384733091628011,0.0,0.0023419183800055883,0.0001977065372668433,2.179365034310135e-05,0.0004824640142593344,0.0007334801092573442,0.0004163165885501705,0.0,0.00010742341195579937,0.0011046564152476953,0.002054987726517175,0.0,0.0005147834022333109,0.006653692946074944,0.0032327216262610045,6.395502311636161e-05,1.5382658954588482e-05,0.0008095557483302139,0.0023568833922293564,0.00042865860684316383,6.286919922539129e-06,0.0013057144932739784,0.010528812692831912,0.011207442187858655
200202,0.0,0.00020606628353353923,0.0,0.0,0.0023141359170294074,0.003561784814050045,0.0,0.0003204854170398473,0.0004289863408974131,0.0003892947116952502,0.0012093039544296487,0.0018333327269615012,0.0024027324117418254,0.00421228551769505,0.00048530749435038895,0.001911538118666025,0.002406507018641036,0.0,0.0002818871813120074,0.002413715394279449,0.0008285916702625271,0.0002953334264040397,0.00015040323087340933,0.0,0.0005883034235522358,0.0009320415588114911,2.8673838212518375e-05,0.002918959801581936,0.0007749842757996082,0.0005816689614479717,0.0,0.0,0.00017375968629978016,0.001226331017913647,0.0032977192059298077,0.0,0.00034305162066850686,0.0,0.0,0.00026998565438554866,0.0,0.0003300675748612712,0.0,0.00020760616372740258,0.0007032422281152829,0.0016720450094974385,0.0,0.0012071895679911593,0.002814694780842305,0.0,0.0,0.004239898494622741,0.004529503905399703,0.000647901338871492,0.0013542792023576392,0.0,0.0,0.0006191987477551599,0.0,0.0005085551168959445,0.0018200337473607874,0.0,0.0015320060695295688,0.007446416172212023,0.0005653916823788208,0.0013028165804021908,0.007506885207458662,0.0017145775296866237,0.0011645376822031954,7.820930853604517e-05,0.002574572221468314,0.0015137853611558061,0.0002769543711382134,0.002540200649701359,0.0012148166606692093,0.0006380504723161961,0.0,0.0001835471545279628,0.0,0.0007972005205057931,0.0008690306350266974,0.001346599423096323,0.004029034559664886,0.001053975370984778,0.00012217566068765045,0.0,0.0,0.0,0.0017590414316417924,0.0,0.0036247629012834707,0.0003157958268322407,0.00012412604653919005,0.001470108064305424,0.000885536267457859,0.0003677082259614139,0.0,0.0,0.0017021263215396452,0.001337073696672154,0.0,0.0010553319038652297,0.006841024840135812,0.0036891351104564635,0.0006750671983667368,4.271432467116796e-05,0.0009011277503653673,0.0023851829238580907,0.0007779513699330723,0.0,0.002296630886683487,0.010784607041800781,0.012883095183890912
200203,0.000653092586123969,0.00020752529713774872,0.0,0.0,0.002041851954978626,0.0036665880939689382,0.0,0.0005169262305697515,0.0,0.0,0.0013900865544398142,0.001992111113344258,0.004205109320169356,0.004192094114564484,0.0005514097881276799,0.0024174546277368953,0.0025808258682359923,0.00027810924062343336,0.0004070482207322981,0.002748559797837505,0.001046836290276539,0.00024350209382964394,1.7472522930624334e-05,0.0003153442926112735,0.0006708016130673649,0.0014654377764659417,9.827978209437708e-05,0.004007911573982273,0.0007571382999591421,0.0005137437317141011,0.0,0.0,0.00016023712898511342,0.0012594903387976827,0.00410132162177274,0.0005979888150578844,0.0,0.0,0.0,0.000263474349656936,0.0002453579582306679,0.000678591143557068,0.0,0.0002986212921232832,0.0008214292268309496,0.0017725413887135612,0.0,0.0012394927154198536,0.003357294430240052,0.0,0.0,0.005040595592994274,0.0046974502142739,3.589768222052258e-08,0.0014250558628435335,0.0,0.0,0.0007871561115829654,0.00012668681994417605,0.0009077957220510111,0.0016796372707039572,0.0,0.0009930244449865584,0.006931773476933585,0.0006621470689581904,0.0037979643326809366,0.0070088200779113465,0.0013451652682526186,0.0008198602631883367,0.0001601112996972637,0.0025450128571346407,0.0016879339457062865,0.00029738073993205945,0.00285474341385132,0.0014474148357839656,0.0006765703379347461,0.0,0.00011943449654562715,0.0,0.0010405432263278877,0.001788431012582812,0.001702426975992338,0.005078519166703949,0.0014694066608595914,0.0005146140673615894,0.0,0.0,0.0,0.002578500802984109,0.0,0.0033170396207943174,0.00031888085555061463,0.0002159028033997072,0.0027558166891881596,0.0009517674615406064,0.0002612508906971394,0.0,0.0,0.002130421721480252,0.0008417158878978842,0.0,0.001238846773098147,0.007026633870602522,0.004164190619076338,0.0011669019873563017,0.00022143094084024138,0.0007318155849449634,0.002236950148218522,0.0008527258681416854,0.0,0.002422367798403779,0.010355411514831594,0.012796607523417904
200204,0.0006404038278624999,0.00040595070884684047,0.0,7.001342071639776e-05,0.0025638097038256425,0.0034727747419053137,0.0,0.0,0.0006434681058201035,0.0009854828679526173,0.0011268694752714378,0.002043227448445744,0.00033833476617907665,0.004375986168303994,0.00044780909796687097,0.0018999276183762918,0.0029153208825480345,0.0,0.0003304327197467843,0.002205956936625029,0.0008289213816514644,0.00029679679388651853,0.00020446088106032182,0.0,0.0006175458152343481,0.0013318526274216827,0.0,0.0025871362315380187,0.0007556846201512246,0.0008532958010052271,0.0004105574433995363,0.0,0.00017325937213769714,0.0008094762880450372,0.0031334250653430244,0.0,0.00015570235852929064,0.0,0.0,0.0001735059164525602,0.0,0.0005116747096004876,0.0,0.0,0.0008771757563051212,0.0015931706799175327,0.0,0.001121779047512646,0.0040443993858426735,0.0012744806984598856,0.0,0.004144229060301824,0.004891306806420747,0.0007244149294814836,0.001238183433583424,0.0,0.0,0.0010391439404085852,0.00010906210615237649,0.0002621986782334759,0.001994363756384349,0.0,0.001268994965543692,0.006196161816976665,0.00036593045448169326,0.0010794442678879535,0.006569842066873425,0.0017352612059824016,0.001264164354910351,4.93355294256277e-05,0.002347388723804717,0.0016136626820119572,0.0004669535292585482,0.0023140290698030787,0.001037216395255615,0.0008591777744183646,0.0,0.0,0.0,0.0006880055853005935,0.0011035182177893074,0.0012601566488648227,0.0038136248623672434,0.0010619964900461618,0.00011744345447607145,0.0,0.0,0.0,0.0013424325698202294,4.428056947552371e-05,0.003246442076218211,0.0002512066618018995,0.00023855328305198088,0.0014598992659422174,0.0009624965728590968,0.0003212372809077006,0.0,0.0,0.0015757255907308796,0.0007933814142283371,0.0,0.0012322848743294035,0.005809326344293665,0.003942696473359978,0.000876007076505153,0.00017159650574297798,0.0008885349589494534,0.00241059106202475,0.0010336984601451106,0.0,0.0024214133545027642,0.011152039077269674,0.012663122150932463
200205,0.0009058325605480739,0.00037195444104792065,0.0,4.508099504890226e-05,0.0023742809335023677,0.0033383384485124244,0.0,8.045248547132085e-05,0.0005967945871736432,0.0006787416336978652,0.0010454950084789257,0.0018706443924930924,0.0007709337015662798,0.004109612764782553,0.00046106098746512226,0.0021408879266951748,0.0030790338370555357,0.0,0.00028624895524585606,0.0021020055966281814,0.0008606103922360848,0.0003118100786346709,0.00036531578645559185,0.0,0.0006303763459749518,0.001157014865855894,3.473851142373358e-05,0.0027521751146471958,0.0007806504433998475,0.0008424435486216061,0.0006347192222175956,0.0,0.0002373110044057019,0.0006940048183529211,0.0031689083659516832,0.0,0.00011491295729574231,0.0,0.0,0.00010856687780947194,0.0,0.0005934940886287723,0.0,0.0,0.0008316703669082613,0.001634388095502191,0.0,0.0013069767856167197,0.003798812475695444,0.0008028425873091622,0.0,0.0042129565208909306,0.004601544524095268,0.0004908638165386288,0.001251941698768866,0.0,0.0,0.0010434072603292797,0.00016097973714962056,0.00027458366801358744,0.001908446489890417,0.0,0.0008908613488420975,0.006565180540659338,0.0004907591138966897,0.0013934706466741888,0.006814269768661514,0.0019316695326867192,0.0012948731473544034,4.531171930951327e-05,0.002492569002533779,0.0016497865989688332,0.00040158407474833764,0.0023049098929357357,0.0007611756034865323,0.0009888685608897023,0.0,0.0,0.0,0.0007928635644000753,0.0012140184421362442,0.0012978189798924739,0.0039459895702140275,0.0009996765878601884,0.00015736259055508026,0.0,0.0,0.0,0.001284601939899991,4.1649876804143756e-05,0.0032826059197359697,0.00024938954805621893,0.00023364710257327542,0.001375764670860537,0.0009350563964743122,0.0004081332964919447,0.0,0.0,0.0015271655512518073,0.0007948185427774699,0.0,0.0013929477876603617,0.0057386307659654905,0.003966313557434825,0.0006748673237630056,0.0,0.0009465288435777694,0.0024389535284740976,0.0008335441203756368,0.0,0.0023275202734713016,0.011465235590045201,0.013293117337350856
200206,0.0012117098335485482,0.00037262184766986557,0.0,6.778198247910719e-05,0.0023936503119162773,0.0032719981967330074,0.0,0.0,0.0006507613700660347,0.0008197166285769835,0.000844937415078273,0.002116622185602361,0.0011619943767994384,0.0041929317819887745,0.0005715402250918494,0.002333210918273591,0.003247670176317051,0.0,0.0002164716294689625,0.0022340391196306684,0.0009601605915141595,0.00035235840031332984,0.00047981795862473076,0.0,0.0006827714703173553,0.0012802755003503217,0.0,0.0023197027547508593,0.0009085474599834666,0.0009398017232103249,0.0008859462646270702,0.0,0.00029693238779752345,0.0006902019964793942,0.0040678245840734,0.0,0.0,0.0,0.0,0.000123659543299022,0.0,0.0005770939183303805,0.0,5.57954907835308e-05,0.0009052772770252723,0.0015977272332533276,0.0,0.001299865861911058,0.0032813231696922508,0.0014767446714138495,0.0,0.004151988867901899,0.0049182151985576504,0.00023787223162618858,0.0013500874719034569,0.0,0.0,0.0012570665281585972,0.00021659020856597762,0.00020042752718687473,0.0019505263229028977,0.0,0.0006563873985056969,0.006763454965563965,0.00039917711304564095,0.0014643796914533315,0.007292564656968536,0.001970342106920962,0.0011721301412884577,0.0,0.002303224993197544,0.001745965310143918,0.0003903991113557533,0.0024434828264001318,0.0008348503781995905,0.0009047159669713377,0.0,0.0,0.0,0.0007690588686424483,0.0015234290168499342,0.0013634818070346537,0.004169398930246007,0.000596188776046734,0.0001324050145972411,0.0,0.0,0.0,0.00127005328735302,0.0,0.003185715850192317,0.0002931925217321104,0.000263106669184713,0.0016775847201840396,0.0008668979021312373,0.00030228656025826244,0.0,0.0,0.0016783307328968556,0.0007818412442680932,0.0,0.0013272236426935073,0.005622394550233691,0.004201713135268927,0.0006602459212883174,0.00013535825117908656,0.0009308120735626906,0.0024912351277244335,0.0006695168907324577,0.0,0.002546078753326795,0.011266039712927925,0.012634723729585306
200207,0.0014000384629944396,0.00023807713165362515,0.0,0.00010962783575138968,0.0022091141887656276,0.0030634586121436906,0.0,0.0,0.0006453198850208945,0.000451003691373214,0.001050623132491703,0.002186611841272015,0.0019307848421448888,0.004113484622157978,0.000663643798686458,0.002296134650703974,0.0028878974002734922,1.288296149712887e-05,0.00012894704785537756,0.002603152558543935,0.000902575885884258,0.0002428738475504452,0.00044399029891944606,0.0,0.0007965781487511408,0.0012464186787326708,6.03397050467903e-05,0.002927799394026929,0.000718099979158465,0.0008299228950308709,0.0006189136758547329,0.0,0.0002213172710994253,0.0005964880480010999,0.003948293340380419,0.0,0.0,0.0,0.0,0.0001917154956983212,4.3824564500460264e-05,0.0006016041509986755,0.0,7.309065729253681e-05,0.0009526106760768383,0.0015471546432409605,0.0,0.0014086292915770043,0.003184156932529294,0.001193462537468111,0.0,0.004102270594250359,0.004529141373780614,0.00016845347916307255,0.001420460731444079,0.0,0.0,0.0011996548003709248,0.0001590120757897849,0.00042608368664766424,0.002037227444480201,0.0,0.00038869887267886964,0.006457702398008818,0.0005342906397401615,0.0021713842733087044,0.006939973012659713,0.0015235883715502606,0.0011570881533302204,6.620856768555144e-05,0.0023583341781368504,0.0019234803418330252,0.00044332387778480624,0.002729539344696551,0.0010051816221113808,0.0008638655274571642,0.0,0.0,0.0,0.0011428435240366632,0.0014324052906108714,0.001205618655423984,0.004437701557954321,0.0004983754681664351,0.0003217664225083934,5.8625547272318916e-05,0.0,0.0,0.00149262126180744,0.0,0.003059301315706559,0.0003841124242655572,0.00036175521435136436,0.0019002220560329647,0.0008148870026604849,0.00023369983623160897,0.0,0.0,0.0016447048323225974,0.000981889676013327,0.0,0.0013700357876188915,0.005775439458037634,0.004147576768465569,0.0007229530705829708,8.062249554182277e-05,0.0008882403447897216,0.0022693875987075916,0.0006554753013422946,0.0,0.0021332377889848987,0.011032758936874942,0.012725013425499431
200208,0.0015742218708478608,8.896620106216089e-05,0.0,0.0001742966304825374,0.002274492042269099,0.0028280627354634875,0.0,0.0,0.0006018318150059431,0.0001256619364306291,0.0013265312832182873,0.002210576268477754,0.002644050899684841,0.004079326076498769,0.0007326184404610565,0.002267317482694961,0.0030664205122636636,0.00013560081957081593,0.00010330200123157374,0.0029988190016211735,0.0008627604953691818,0.00012074220867232966,0.00036627429906529004,6.645192109597646e-05,0.0006691103975355279,0.0013785835824097583,0.00010686960218441253,0.0037110923287067073,0.0005883454333210612,0.0006458691364417663,0.00017528006295238152,0.0,0.00015376871742602973,0.000499755932964086,0.004350455059003309,0.0,0.0,0.0,0.0,0.00016863203319824954,0.00033399406592701596,0.0005076028904697376,0.0,0.00010374247678102011,0.000961925110536484,0.0014938456153934638,0.0,0.0014205020498440448,0.0030015030880413724,0.0010523691467180084,0.0,0.004202107451832338,0.005028109967992575,0.000543661958361092,0.0013784392843783357,0.0,0.0,0.0010605626564339035,0.00014211819606129358,0.0006655406895103915,0.0022428312898747226,0.0,0.0002224586604597024,0.007011727680216679,0.0005007745112839352,0.0023689047613739537,0.006930399916179573,0.0011103159771080116,0.0010869580939807378,0.00023813411963212594,0.0024027379542536573,0.0018208190057287885,0.0004476042791102184,0.002303358876745748,0.0010305736168678332,0.0009025318512764781,0.0,0.0,0.0,0.0013582762736905924,0.0014556225556349276,0.0011671306536904168,0.004658619484607701,0.00048105249513287604,0.0005510079813624509,0.00014718218390882937,0.0,0.0,0.0017420419206737394,0.0,0.0033057735691097443,0.0005778389098775531,0.0003163510576992312,0.002126393357590998,0.0008673471524087037,0.00013935398181743136,0.0,0.0,0.0018344174876338383,0.000855374542508152,0.0,0.0014139057538937677,0.00555470397212798,0.0038123174215784145,0.000696961860462001,0.00021810683067281802,0.0007930274104823488,0.002104117290052025,0.0007473337402115869,0.0,0.0019384620573626725,0.011033814735241124,0.013035595498939491
200209,0.0005847636673209468,5.8732522111955097e-05,0.0,0.00023191067774676514,0.002429866000962393,0.002839901369260382,0.0001950417370384844,0.0,0.00022694150362159902,0.0,0.001276082965200142,0.002268383909849032,0.0037467739524715384,0.003903000045324695,0.0006450134979287144,0.0020620825086978293,0.002968598897317146,0.0001902046848587828,9.05469068630226e-05,0.003399396710653778,0.0009352509695891807,0.0,0.0001696809093614722,0.000260293482582622,0.0004183188503177128,0.0015104753235487044,4.037690435838857e-05,0.004583520955762742,0.000277195637849882,0.0007259802638666926,0.0,0.0,7.899409649521963e-05,0.00038348681135741387,0.004329607973257141,0.00014249271394300395,3.797361512253551e-05,0.0,5.116792914032272e-05,0.00018896409502351511,0.0005869655303588085,0.0005368666085186291,2.5124424300246568e-05,3.767422745876408e-05,0.0010192779229975548,0.001486306913182726,0.0,0.0014785969415915061,0.0012567802785692062,0.0020100230748645318,0.00025650287336617856,0.0043612213219592815,0.004559884100082826,7.71836603266418e-05,0.0014885303853197488,0.0,0.0003375191804739266,0.0011950315973375675,0.00019602814208422638,0.0009158660368201884,0.0021140785956090392,0.0,0.0010409034210005338,0.00780005174436139,0.000693610367782385,0.003609735991314998,0.007728236208473384,0.0018341853460549567,0.0006675926672359677,0.00014183209513590612,0.0023385155764527855,0.001892063268169129,0.0005457213037921234,0.002677154070047196,0.0014586731001475786,0.0008265346826563581,3.04884546976059e-05,0.0001542061088148385,0.0,0.00159483062964482,0.0011952788894815335,0.0011934423721116463,0.004705221735180893,0.0004939762549149989,0.0008469389989187919,0.00024045078348201255,0.0,0.0,0.0020026745094778465,0.0,0.0034733500093200344,0.0008802040097149348,0.00020851358229015458,0.0028955494096894793,0.0009211951381108976,0.0,0.0,0.0,0.002048262752341087,0.0005509043566259593,0.0,0.0010877799804336777,0.005842691153737939,0.002869083438028746,0.0010508258965039646,0.00017576573595517195,0.0008206375167766975,0.0018862430311855781,0.001053100655357586,0.0,0.0019318696351281674,0.010600741349180315,0.013405013342018796
200210,0.0,7.614726102421147e-05,0.0,0.00032112140586651954,0.0022869392263152473,0.0027969849800723594,2.684734645643234e-05,0.0,0.00044160709794085736,0.000625070913702232,0.0012438580859959907,0.00232713803126348,0.0023360957434121086,0.004061405548485303,0.0008427458404989727,0.0018224596704018838,0.003121089681391067,0.0,0.00011925196390338723,0.0030675095800531357,0.0008878335014347267,0.00012969643628200783,0.0005522082960469288,0.0,0.0008336428656885831,0.0016106110934818875,0.00014039772338569548,0.0038442986038663266,0.0007775624216064446,0.0007452190720088316,8.632094672577547e-05,0.0,0.0001388243000150065,0.000368613472801142,0.003263017269797264,0.0,0.0,0.0,0.0,0.00026434271391660057,0.0004621703730243604,0.0003933048351689406,4.27840922764852e-05,0.0,0.0009437845112556279,0.0015262395818015514,0.0,0.001457795881441346,0.002255478516710245,0.0013991746856463721,0.0,0.00412731847194401,0.004392301396184481,0.0,0.0013570952498689354,0.0,0.0,0.0010649762169359024,0.00014744898605490136,0.0005499697967707614,0.0019461831613133388,0.0,0.0016166052169636158,0.008108473807309691,0.0005865362497013241,0.003014772713481421,0.0069128621463113524,0.0010556856852433423,0.0005136663732912483,0.000314664279735895,0.0024494626114589945,0.002157517062415191,0.0005613053214489328,0.0024545830898748387,0.0008726596666038911,0.0009122893965181137,0.0,2.2461138643880943e-05,0.0,0.001496805139294715,0.0013744845313451715,0.0010805952619421997,0.005803422990728181,0.00013478482161754311,0.0007087287490247585,0.00018128120835470864,0.0,0.0,0.0019470754059902227,0.0,0.003849422505900963,0.000520720280150977,0.00024812658621733584,0.0022552517099346642,0.0008883162563962113,0.0,0.0,3.0960102785578465e-05,0.00157478111833195,0.0007508249295339186,0.0,0.0012647351079984291,0.005488675373694437,0.0038150014036882032,0.00043494771353749155,0.0001782135082080675,0.0007543102759405499,0.0020705102283593594,0.0007782653211828359,0.0,0.0018783443313271115,0.010669131256946697,0.01319870662698874
200211,0.0,0.0002325604200253092,0.0,0.0004948607143440739,0.002028964018359546,0.0028557969191844155,0.0,0.0,0.0006797424676496566,0.001214017510884569,0.0012100180688356845,0.002549134923001865,0.0020339185206097762,0.004075803589613206,0.0008231277509217222,0.002020587106435737,0.003463684012884296,0.0,1.625354302226539e-06,0.002666883665568405,0.0007016303715495269,0.00020298811092566368,0.0008542600400993228,0.0,0.0012396429628882613,0.0018357723441775684,0.00021616460904118294,0.0025906894002535475,0.000936039543736798,0.0008482361758125446,0.00028850243679764536,0.0,0.00015259162192528166,0.00018409297846306652,0.0022450644700098385,0.0,0.0,0.0,0.0,0.0003266609261772506,0.00032085628905633546,0.0004410570683044055,0.0,0.0,0.0008430873731244339,0.0015622011327627266,9.389784265377328e-05,0.0014108372223943062,0.002147610962869777,0.0017788646879686489,0.00011157601157030209,0.0038335393107028553,0.004463730367438251,0.0005125646666709198,0.0011474882459163868,0.0,0.0,0.0013828874418183596,0.00018331320032553513,0.00021510752853787376,0.0018843936790552784,0.0,0.0017770259080626238,0.00814156490902935,0.00036068660525803817,0.0039689503511919555,0.0058420920196825465,0.001503931394923457,0.0003398231941436754,0.00030861544536367073,0.0027801280823090435,0.002223763229667857,0.0005531723084127623,0.0020529502646044967,0.000532803547736189,0.0010898502957673235,0.0,0.0,0.0,0.0010769307217843758,0.0014807877857680105,0.0011220386028330648,0.006512294453962191,0.0,0.0004596389556415144,7.0517838800947e-05,0.0,0.0,0.0015786677785190528,0.0,0.003421782986165415,0.0002994176803717495,7.958618337645163e-05,0.0032103908249855395,0.0008958275525270987,0.0,0.0,0.00016239346319157818,0.0013456082936242411,0.0010798774536206076,0.0,0.0013196463289474538,0.004875657907657091,0.0041035983701247164,0.00019806467827573283,0.00013179990817626202,0.0008908582583259405,0.0021539876070998504,0.0003935432969460847,0.0,0.0021008612556334006,0.011671064485995038,0.013525373104644895
200212,0.0,0.0003418073387431818,0.0,0.0003104983769398899,0.0020168372338090893,0.0028276891510979054,0.0,0.0,0.0005253491175412244,0.0008302779639996632,0.0013551664257711454,0.002126854969540248,0.0017858140832044496,0.0040313983805393624,0.0008200828597270104,0.002059772032547693,0.003294726801726776,0.0,0.0001822477572088644,0.002526069367853822,0.000767153078403792,0.00014881453321016226,0.0009731841432611837,0.0,0.0010268607812353215,0.001671262173081233,0.00030030429449140364,0.0028992741594269524,0.0013631096324771825,0.0008091206536552535,0.0004950488317091511,0.0,0.00013497610093785422,0.00017702441571241655,0.001527428478943115,0.0,0.0,0.0,0.0,0.0003625216949863322,0.00018855729293982187,0.000448346373243362,0.0,0.0,0.0009901694031161342,0.0015283209859515688,0.0005076929615753754,0.0009935671810379703,0.0018553259775645414,0.0002579664719932806,0.0,0.003633672356516913,0.0041836927672938866,0.0007889337030762599,0.0012906792065155502,0.0,0.0,0.0013046725836974252,0.0002624146112108039,0.00011634281002306927,0.0021362748787979156,0.0,0.0011877456989549083,0.008672530396044579,0.0005947691364542267,0.004183713085032696,0.005743540260397056,0.0017136486918298596,0.0005725668387963248,0.00036646651172400364,0.0027035927725229843,0.0021812127998790177,0.0005671312866956719,0.0019652341406139633,0.000471535797103575,0.0010270768061386023,0.0,0.0,0.0,0.0011225442681787531,0.0010798578276415122,0.0011534342955961125,0.006741202125783892,0.0,0.00044815996502532756,0.00010523257837050492,0.0,0.0,0.0017022190058867566,0.00026923261382378184,0.0031267243842144966,0.00026300732193607583,0.00026332767178360335,0.0034734226983559376,0.0007310252443895342,0.0,0.0,7.579123471105419e-05,0.0012133159547245604,0.001060124908107235,0.0,0.0014919435040408277,0.004658005210818545,0.004068850446464833,0.00016598201895469392,0.000333157810080404,0.0007801179671916631,0.0023239412690437334,0.0005880253348529929,0.0,0.001979889475707048,0.011664134795209112,0.01373407873870866
200301,0.0,0.0004001789409545835,0.0,0.00025778035763548057,0.0019861185675363003,0.0029767384951334195,0.0,0.0,0.0004963491898068899,0.0006133796165977797,0.001467963425728078,0.0021718429386516783,0.0019930139535153887,0.0037432582838393207,0.0009019520982500704,0.0019431049059418551,0.0027595469494502895,0.0,0.0001745205155052698,0.0021714105048188524,0.0007951954249736975,0.0002923649864959179,0.0008911323790355329,0.0,0.0010465242841529608,0.0017919216322734427,0.000411803451106441,0.0028957841889022864,0.0013260800489485753,0.0007922377853076249,0.0008882822524988684,0.0,2.282158016037672e-05,0.0,0.0015091564955481362,0.0,3.857037860991627e-05,0.0,0.0,0.0002906484690008072,0.00012287055094960475,0.00046523768597094863,0.0,0.0,0.0009315892835824351,0.001729787190310927,0.00042393471525175024,0.0009592231219608377,0.0020197081602635588,0.0003973750453015768,0.0,0.0037796081062605193,0.003924886302297288,0.001084996422511369,0.0012332372388904106,0.0,0.0,0.0013400680041815204,8.814720543745038e-05,0.0001162027724747151,0.0019393532812134052,0.0,0.0011615886117064512,0.008479623778774509,0.0004914464069574511,0.003728011162032313,0.006712162182575398,0.0017834893601790668,0.0005006228915421042,0.0004458333473174687,0.0025036841887776558,0.002280078675717358,0.0005946874472576568,0.0021890599737793568,0.0006318729297669064,0.0010369423024655464,0.0,0.0,0.0,0.0012076645341924522,0.0009372792231070666,0.0012326010889398872,0.0066114343678401934,0.0,0.00043525753608215646,0.0001890443277513692,0.0,0.0,0.0014497496942963964,0.00045344914755818185,0.0030190225720398748,0.0003270969315095186,0.00029639629290199973,0.003545001355116949,0.0009521189978658776,1.3070751069873768e-05,0.0,0.00010601343799192517,0.0013303514657854129,0.0009424187903122486,0.0,0.0014338481947607665,0.004554323064769899,0.004026639960267124,0.000593720536411718,0.00031180421077785334,0.0006183336888819796,0.0022599541113902063,0.0005886032497120625,0.0,0.00207965564311644,0.01164021248817446,0.013771201036967884
200302,0.0,0.00021796856406539937,0.0,0.0006388216268753676,0.0021148941225392843,0.0028009225203467687,0.0,0.0,0.0005056779605200785,7.768756654281981e-05,0.0015890792485575784,0.002683921556180082,0.002460148082346389,0.003777633869386364,0.0008068544001938209,0.001983414717471958,0.0026675481103888878,0.0,0.00029018637612468343,0.0021344462217610413,0.001104274209958264,0.0002658449238885174,0.0006483158689862434,0.0,0.0007316694532371283,0.0015451464314397091,0.0003132206925407885,0.0033595981646695203,0.0011108221345849502,0.0007300160524723371,0.0010196735502437384,0.0,0.0,0.0,0.0023001251859072996,0.0,1.8626779200032227e-06,0.0,0.0,0.0002598145612039398,0.00048441423893532976,0.0005474142469088196,0.0,0.0,0.0008906921241438304,0.001642811240960403,8.925210851428056e-05,0.0013815872691129733,0.0021100678060378074,0.0,0.0,0.00418519825149276,0.004124618683534689,0.0011062613692486016,0.0012909003102635173,0.0,0.0,0.0012353314217995227,0.00011405808545996503,0.00023280236097566123,0.0019439910961023053,0.0,0.001444307851914078,0.008447497019385054,0.0004695296609218265,0.0053261150048658,0.004915982882117651,0.0019168582924560893,0.0006520098616729188,0.00027150290087193176,0.0024231720412664155,0.0020950539205795,0.0006124325888705588,0.0024090858992686995,0.0008354009836489455,0.0009828898147370487,0.0,0.0,1.3030227533351266e-05,0.001266388274315172,0.000957875752729465,0.0012491011340755032,0.006011141508617388,9.598573266913422e-05,0.0005324112979685221,0.000254544424134149,1.8463490138852003e-07,0.0,0.001475877823619051,0.000673429016531786,0.002845639807727954,0.0004805227086561861,0.0003974488821388615,0.003477360728855678,0.0010656747362987023,0.0001061617990098252,0.0,6.074606272761125e-05,0.001490933478355971,0.001182460418631299,0.0,0.001293272004107245,0.004961711998167685,0.003623776805655431,0.0008593013594166977,3.0093466143323212e-05,0.0006614589066358971,0.002123706030335015,0.0007588263133448084,0.0,0.0017752462040890884,0.01199261066221404,0.013935792598476073
200303,0.0,0.00021869988706075782,0.0,0.00047021489415749956,0.0020487842173799705,0.0029093042824158526,0.0,0.0,0.0005928579826329088,5.861699724400147e-05,0.0015764754681388076,0.00270097844437218,0.0019880073285195587,0.003726900500998001,0.0007956667443654129,0.0023286125099512755,0.002999403538863594,0.0,0.00023861608489328804,0.001869127215797938,0.0008949780923543551,0.0004601736563742181,0.000519847242264981,0.0,0.0010377069462898692,0.0017924049726145731,0.00039884887441720866,0.0030795207472826013,0.0010813838056280465,0.0009357939535686596,0.0012002987535344645,0.0,0.0,9.277633347588346e-05,0.0021884898236256348,0.0,5.9256690563832934e-05,0.0,0.0,0.00017354328590075296,0.00023402801444330333,0.0007063264239637086,0.0,0.0,0.0010071833022556912,0.00148721944604535,0.0,0.0013643348635578975,0.002375068357139092,0.0004936163992085304,0.0,0.0041977204264707505,0.0036923690189839243,0.001579410618033761,0.0010345026093410337,0.0,0.0,0.0012756985499911772,0.00018010036411363815,0.00019222191970947426,0.0019154169309804378,5.822552329250708e-05,0.0015259159841438594,0.007966280895909235,0.00038406147664181173,0.005405112727556305,0.0060033004900977086,0.0021950715481221426,0.0004933507561355352,0.0004195220452910488,0.002446582934230754,0.002096896020468961,0.0005650157326983181,0.0023871677460854915,0.0008510382505310435,0.001031048286191015,0.0,0.0,0.0,0.001087527323769685,0.0011253565933204061,0.0012426705960599705,0.006567577240902753,0.0002459279093766599,0.0004675519949937301,0.00016216488018393563,0.0,0.0,0.0016898124041776193,0.0005622875050149128,0.002851616886664344,0.0004399700985629778,0.00026021501791686667,0.0030657697540523213,0.0010918446733982875,0.00019150861810629473,0.0,0.00011248343374511694,0.0014658716436857233,0.000939084925522382,0.0,0.0014139238880038667,0.0047595858633839435,0.003791467139866589,0.00086680054544483,8.090573279243337e-05,0.0007123515930019615,0.002140828413171273,0.0006357929937768633,0.0,0.0021492412668606847,0.012265053431846506,0.013725825076421994
200304,0.0,0.0,0.0,0.0003823189025117933,0.0021847261739370493,0.002772567003527202,0.0,0.0,0.0005216346168363335,0.0,0.0015728297954793818,0.0025738678323542243,0.00298194472294084,0.003601569839734479,0.0007675746105967197,0.0019799586560224607,0.0028571440609741153,0.0,0.00019134658856666503,0.0020432017615320385,0.0008775774463084069,0.00054959373545954,0.0004226646549461348,3.9404669281473806e-05,0.0008235112435941802,0.00196319441596895,0.00033185931907288313,0.0034741126905091704,0.0009565931880129979,0.0008764221381874703,0.0010589587349952927,0.0,0.0,0.0,0.0031938819470192403,0.0,9.416511349792615e-05,0.0,0.0,0.00019936650293290623,0.0004103539637603965,0.0003560444185088333,0.0,0.0,0.0009525190314160859,0.0016102022321481284,0.0,0.0012868139809637225,0.0016423907240897349,0.0,0.0,0.004129313552639177,0.0037977709552585986,0.001202335014284404,0.0009984171587407227,0.0,0.0,0.0012860932534306693,0.00018026696070063384,0.000279341133195463,0.0020808555275790923,0.00046428962339923333,0.0014229130947518722,0.008838575562239916,0.0004658449104257896,0.005003563070473893,0.006376611777566824,0.0023526280241799973,0.0005471311316175656,0.0003478454330787984,0.0026728413557432075,0.0021196488512306424,0.000540795211465387,0.0019578429243786418,0.0009391049794915676,0.0009495333539838152,0.0,0.0,0.0,0.0012984416659948797,0.0011023829474428148,0.0012292984079613062,0.0059884643777501755,0.00016300075918637734,0.0005045497076253425,0.0001792960574894153,4.800704517694847e-05,0.0,0.0013337649912501693,0.0005893489388343713,0.003154806057779815,0.0005553571496828977,0.00033542204503833844,0.0028671699333683008,0.0009966681805392134,4.400560298840514e-05,0.0005153548271152859,0.00010804961770504729,0.0014949421886214186,0.0008819305689096808,0.0,0.0013819267890615734,0.004739494756334469,0.0034057319386231913,0.001150844615260584,0.0,0.0006327840737525983,0.001953566776090613,0.0007090930059717176,0.0,0.0019938646680339785,0.012253679589488854,0.01389474145124177
200305,0.0,0.0,0.0,0.0004918213059210163,0.0020862806054730344,0.0025227937522735154,0.0,0.0,0.0005665211052321423,0.0,0.001723518113201378,0.002599747845119581,0.0031384233328538578,0.0036331375902495986,0.0006965797231906999,0.0021468325809485176,0.002790813168844783,0.0,0.00017332272443863956,0.0019412142733075792,0.0008616795554427483,0.0005295052574103856,0.00047188667321301157,0.0,0.0007248425984389934,0.0020634497016611807,0.00035117839811192467,0.003402802899398436,0.0007628920315499133,0.001049164059438518,0.0013205243934712345,0.0,0.0,1.3156572039745898e-05,0.0030320553189709483,0.0,0.00010397172488706266,0.0,0.0,0.00023890012865483817,0.00043760377448491327,0.0002723622597669398,0.0,0.0,0.0009300082369944327,0.0016216120149737392,0.0,0.001333718486009853,0.0015429898600571998,0.0,0.0,0.004373356878711335,0.0032856442957042474,0.0010116577950039461,0.0011483386786769838,0.0,0.0,0.001386785783611044,0.0001987307029851381,0.00020398228611759507,0.002164521012245995,0.0005584663891216508,0.0015519422555582215,0.008907318362474475,0.0005044312865441819,0.005032558876355071,0.005801713656619749,0.0022597847615397995,0.0006256762865619581,0.0003368990463997215,0.002782729259496423,0.0020233384836425058,0.0005303048972697106,0.001997119019071418,0.0008657156102105098,0.0009118971802717253,0.0,0.0,0.0,0.0013915280705993722,0.0009186860733023986,0.0013507518386959745,0.005656906482807636,0.00020016141022507285,0.0006223868279073599,0.00015634617902086397,0.0,0.0,0.0013064593309943123,0.00047348018799026753,0.0032336071442668423,0.0004995064728252917,0.00037998381006442154,0.00311612077549483,0.0009354964613679729,0.0,0.0008811536255019181,5.290583964784648e-05,0.0016644159489215408,0.0009871173166796714,0.0,0.0012713680042325903,0.004744467088669149,0.003252676819158578,0.0011124188556826313,0.0,0.000581391408506394,0.001932035468141448,0.0007968454987751205,0.0,0.0017111624215597682,0.01209527265334666,0.013840276360675753
200306,0.0,0.0,0.0,0.0003822189840214733,0.0019357607397965544,0.002580830394379382,0.0,0.0,0.0004636220119592233,0.0,0.0016037679582434634,0.0029104679708133953,0.003900669865019862,0.003517214851565148,0.0005842859831813349,0.001956611131780286,0.00291005714925604,0.0,0.00029261639503772014,0.0019831431405432135,0.0009079214254211674,0.00047421849925568735,0.000440121337082836,0.0,0.0006016724475903671,0.0018519685217027004,0.00018447549285648614,0.0035330646136933932,0.0006657463642549635,0.0011502980877480496,0.0014480531116810196,0.0,0.0,0.0,0.0032020617536251254,0.0,1.8594734419726616e-07,0.0,0.0,0.00023622934271368438,0.0006711685206488333,0.00024862998207380866,0.0,0.0,0.0009257506147125138,0.0017437835878730153,0.0,0.0013386647087678051,7.004741656257289e-05,0.0,0.0,0.004250890539254467,0.003299332339587494,0.0003262467161328588,0.001127479324034856,0.0,0.0,0.0013647144103526873,0.0002635552159227717,0.0002615657311611111,0.002344348519010176,0.0008364029008898942,0.0016758629190751246,0.010529362570905977,0.0005578946454608323,0.004598235225170347,0.005860973177485056,0.0017339773360345485,0.0008397873987241439,0.00020122962267349865,0.0025648711768546063,0.0022464461722286064,0.0006554454158354166,0.001734961155853648,0.0011390783798932021,0.0008634323132800497,0.0,0.0,0.0,0.0014937736934504582,0.0007792680532265392,0.0013662645605088664,0.0050553515333733095,0.0,0.0006541762476526667,0.0002425703446602737,3.1604191215253833e-05,0.0,0.0011471338692640289,0.00045043651992909616,0.0034886593604747276,0.0005455710674626739,0.0004599277752089387,0.003500047459799185,0.000888425256265411,0.0,0.0019855995013680176,0.0001322722732972935,0.0017777255656100453,0.001054682714804767,0.0,0.0013246525282463101,0.004900532262252995,0.0031831546913949757,0.001483719797922267,0.0,0.0006217864223808759,0.0019399906081573898,0.0005998923023709548,0.0,0.0017266974825918982,0.012044421358168451,0.014073280169696806
200307,0.0,0.0,0.0,0.0004434941510218849,0.001949468563145917,0.0028478550294240906,0.0,0.0,0.00033268902042042566,0.00022294171754784668,0.0015840799023796972,0.0025319087245308184,0.004344266073942587,0.0032275532220786044,0.0007295269681146004,0.0013149875704940117,0.0028580921650507136,0.0,0.00028555233752744025,0.001606061826830698,0.0009141910113783816,0.00037990876128711276,0.0002842955227598912,0.0,0.0005079012668334274,0.0015358876493371538,0.00011892350679120683,0.003670849851758722,0.0006847017766851867,0.0012324175678517367,0.0018668633557716414,0.0,0.0,0.0,0.0031171769097083956,0.0,0.0,0.0,0.0,0.0002893240949912213,0.0007382927664449025,0.00021244890021949257,0.0,0.0,0.0010119072891456272,0.001723076901044551,0.0,0.001336555269299988,0.0,0.0,0.0,0.004310027899387389,0.0032248279345493233,9.525791856891711e-05,0.0010726834575660973,0.0,0.00035262450355860774,0.0013963750617585712,0.0002462751415796616,0.00017123803294250234,0.002311651727312854,0.0009030415424086093,0.0015409342689371756,0.010245008218163116,0.0005688814835674281,0.003999411195926615,0.0060463153271586075,0.0014569367522330684,0.0009045410952094786,0.0002112611772736887,0.002536912429641024,0.002060910654511935,0.000612111257774599,0.0017099215552635733,0.0013045301186984568,0.000816631765263121,0.0,0.0,0.0,0.0013980192940582887,0.0008483077325787122,0.0015320609973914414,0.004618577668292556,0.0,0.0008296702692496757,0.0002389489071930373,0.0,0.0,0.0011464300643317907,0.00029684217296365356,0.0035672876974270178,0.0004922445929804658,0.00042091529087947524,0.003584116075204284,0.0009113849130451896,0.0,0.002353471811064011,0.00012152616474334135,0.001828300234718388,0.0009736055092317621,0.0,0.0012956020642834684,0.004870076585764669,0.0031945896458713376,0.0018940300363940409,0.0,0.0005216942648596813,0.001953756340478882,0.0005268523131155422,0.0,0.0014965332728312235,0.01149245030960867,0.01374385818096623
200308,0.0,0.0,0.0,0.0006032431026640974,0.0019138485504933387,0.0027379460572988595,0.0,0.0,0.0004099167116139598,0.00012194476163803585,0.0013507848940766303,0.002444355324590948,0.004531824689679301,0.0031899120931963313,0.0007104578989034499,0.0012426509102275265,0.0028370546211720672,0.0,0.0002881317456445132,0.001821463100425876,0.000623412120415728,0.0004437378088717023,0.00026659897246866153,0.0,0.00038759571809640034,0.0017381293049464825,3.408487459180591e-05,0.003482501311121719,0.0007226419825905333,0.0012987930267857502,0.0016585763958668317,0.0,0.0,0.0,0.002790036502860125,0.0,0.0,0.0,0.0,0.00021511533197414676,0.0007457800802376118,0.0003351354369090797,3.134283580572215e-05,0.0,0.001069763714013888,0.0016477832742480716,0.0,0.0013136136700017053,0.0,0.0,0.0,0.0042568939915164266,0.003763906118663944,0.0,0.001170323459684246,0.0,0.00022690279839218422,0.0013957020995746501,0.0004285661278510528,0.00012928127893997469,0.0023048318176808933,0.000851946589519377,0.00122454451255886,0.010128465936956977,0.0006024736171158458,0.0043073517350796725,0.005742156818662556,0.001373179047555922,0.0009607395831805886,0.00012410490221418885,0.002337127166047847,0.00208570159479936,0.0007180653566781985,0.0015987741653732466,0.0013609514865998106,0.0007744728831547455,0.0,0.0,0.0,0.0012973660789641938,0.0009279597341836423,0.00164101674815801,0.0048415356074907835,0.0,0.000807465614662381,0.00017138987613337373,0.0,0.0,0.0011733525601219572,0.00021522778711752984,0.0035459655761360715,0.0005080104408872189,0.00047285750342180834,0.003570227703977513,0.000795119551985488,0.0,0.0021731622924523117,3.799690613261886e-05,0.001983270183241537,0.0009312699746813078,0.0,0.0012781562000284503,0.0049527879605985705,0.0032834077239014777,0.0019077812537926786,0.0,0.0005767570141227723,0.002022916860647609,0.0005755456696913432,0.0,0.0016247899682478683,0.012074970449106763,0.014194212306098014
200309,0.0,0.0,0.0,0.0005092875544857894,0.0017561191106054781,0.002801176893402245,0.0,0.0,0.00020471839182389017,0.00016857787542576768,0.0014090411278527345,0.0025015547975861877,0.005561187054515238,0.002903336223335711,0.0006482573436530137,0.000693216181195339,0.0028034050324939816,0.0,0.0003692613341060396,0.0016028039655317143,0.0008507719148868899,0.0002994600190846215,0.00027466069606636235,0.0,0.00037024230225153756,0.001164638452937164,0.0,0.004248985662070649,0.0009698396699315125,0.0012993489440087241,0.0019261213759316628,0.0,0.0,0.0,0.0029337652274239088,0.0,0.0,0.0,0.0,0.00027074889349302747,0.0008013153310474015,0.00026214692043903694,0.0,0.0,0.0010849152123699884,0.00174247225267759,0.0,0.0012875064909638435,0.0,0.000469714461217064,0.0,0.004325429080385603,0.003243361917257178,0.0,0.0011340780841305475,0.0,0.0006723088097845611,0.0015654005295652796,0.00033391595170399177,0.0001809334251824131,0.0022924749206258543,0.0010202900749768534,0.0012591162000551613,0.009683953760940174,0.0005906192579880539,0.004262843691871693,0.005515740469322467,0.0012202910188358353,0.0010200430045955349,8.653815638633084e-05,0.0024128326278738794,0.0023372172666246845,0.0006584551516933074,0.0018036174589724987,0.0012773344322212015,0.0008402896707481339,1.8337201726196766e-06,0.0,0.0,0.0012472465113350696,0.0010903415031687062,0.0016229169166017256,0.0038874562166304498,0.0,0.001006040934110268,0.0001822999343215362,0.0,7.900087971303569e-05,0.001024218705155946,0.00010521242147922839,0.003492585122012068,0.0005353594338309504,0.0004152003448995162,0.00346422559064728,0.0004888372085573195,0.0,0.003385878103563868,0.0,0.001915775631109826,0.0010298670705464425,0.0,0.0013837909870442469,0.004866185974849785,0.0034702264340477724,0.0016705884763370288,0.0,0.0005248192533120803,0.0020456023990811376,0.000336009801490725,0.0,0.0014712601859931912,0.010726569278354962,0.01347741171244518
200310,0.0,3.497191744630057e-05,0.0,0.0005451989715709757,0.0018987572640392632,0.002837288714951529,0.0,0.0,0.0003104207514106754,0.0004904256816903299,0.001510553810993695,0.0024825909430846987,0.0049812843817893665,0.0028583659529641185,0.0007108969839542427,0.0010443744797216264,0.002817485819346957,0.0,0.00025235685974197897,0.001241007989769288,0.0005385684452457316,0.0004522767937729239,0.00013919793264444583,0.0,0.00023123660911578055,0.0017019967200428456,2.9805454992313536e-06,0.003397990102698811,0.0007500597794773234,0.0011794862186075528,0.002179393431643034,0.0,0.0,0.0,0.002531382878214409,0.0,0.0,0.0,0.0,0.0001608876708725726,0.0008158176087121813,0.0002160425887968581,4.0898060678884586e-05,0.0,0.0010273378670161814,0.0016749920208617357,0.0,0.001282473051757063,0.0,0.0,0.0,0.004512997702435699,0.003135628726757502,6.601744026380587e-05,0.0009971943753903977,0.0,0.0001692767642265569,0.0012184813842527117,0.0004909749653486757,9.603788911960795e-05,0.002133090876448415,0.0002929802513745169,0.0015063433899362023,0.00983966818123126,0.0007283716249685292,0.004772424813173318,0.005147621864420733,0.0011139081789686097,0.0008106192659789371,5.219244875243626e-05,0.0029264458430412746,0.002302222372734613,0.0006831026078881298,0.001901139706641408,0.0014287666173269087,0.0010316897502455659,3.661509674674926e-05,0.0,0.0,0.001005201321614395,0.0008819397488944505,0.0016059804642398554,0.00500937453405028,0.0,0.0007010371117233611,0.00020606293743718142,0.0,3.3918883118268214e-05,0.0015681049846669284,0.0002817960471168206,0.0033798868422140202,0.0005442551292352556,0.00036668642031840467,0.0031047390645211116,0.0008700267241027947,0.0,0.002091984589593068,1.9684041251829897e-05,0.0019560112812980076,0.0010123833417889176,0.0,0.0016054709389984798,0.005151475009866719,0.0031715262090237875,0.0017896132497510517,0.0,0.0006056275433897161,0.0018637280829133151,0.00032687489479602943,0.0,0.001687842131711812,0.011559249934583505,0.014107144540336645
200311,0.0,0.00014729439527694143,0.0,0.0008146465245946408,0.0019352273219281945,0.0029881912733955916,0.0,0.0,0.00035678653642648493,0.0005542919114399413,0.0015933074332942308,0.002390243684140448,0.0038812161853087924,0.0027982830210114334,0.0006817029979382424,0.0014802034120380916,0.003073715059665637,0.0,0.00017017075020501059,0.0009941284184228902,0.0004793385379690668,0.0005134065220552953,0.0002282293995260509,0.0,0.0001703905739347608,0.0019520647492554503,0.0002004476048285751,0.002734414705821951,0.0005699998225454492,0.0011878458281603856,0.0024521751555677163,0.0,0.0,0.0,0.0017776123806802439,0.0,0.0,0.0,0.0,8.649043993365618e-05,0.0006539707038311116,0.00035771555685540314,0.0001428129901308575,4.510643347985134e-05,0.0010423358479699203,0.0018446154610358085,0.0,0.001262670867717132,0.0,0.0,0.0,0.0043099947676283725,0.003364147513376181,0.0,0.0009489687237745735,0.0,0.0,0.0012687070891815421,0.00048271954409702926,7.99753013227524e-05,0.0021323613623520994,0.0,0.0014341357483309883,0.0098798007854769,0.0006635213117914681,0.004404034402164245,0.004598114193767474,0.0007595949384557322,0.0005570869053628058,0.000161976141420757,0.0027514272521271432,0.002320866670995529,0.0006714571539978171,0.0025121000744549797,0.001365279340543581,0.0013556708961951634,4.8323147932854244e-05,0.0,0.0,0.0009053328027697748,0.000591984136777453,0.0017136078886059209,0.006177081710147495,0.0,0.0006594914623938468,0.00016265593421919305,0.0,0.0,0.001719780596719019,7.093409827748687e-05,0.0033089669909056726,0.0005558235127667522,0.0002928491163007226,0.0037657483577667487,0.0012627556847932047,0.0,0.0007185652358848264,1.1363438200283703e-05,0.002028565911313408,0.0011896097636087874,0.0,0.0017224335563754513,0.004934715391596805,0.0030564608484749925,0.0016630240449826293,0.0,0.0007529380496998663,0.0018469931924718808,0.00042767886178899186,0.0,0.001847315341006618,0.011974709951676134,0.014294892595453156
200312,0.0,7.458234676656017e-05,0.0,0.0004887349713550598,0.0019333905221532782,0.002788067339685514,0.0,0.0,0.00023739969065007674,0.00021927096181111158,0.0016529313971292347,0.00226582572174304,0.00429757730292013,0.002891326082735736,0.0007103781064698871,0.001262420018237412,0.00301389095391148,0.0,0.00024282902384605413,0.0011312191415855048,0.0006485957473423946,0.000359522871244404,0.00025232087954037624,0.0,0.0002772367620267546,0.0017117595463361972,6.736182472940828e-05,0.00328801557927293,0.0007294825994662632,0.001222228940166355,0.0023527137281221123,0.0,0.0,0.0,0.001810159071247818,0.0,0.0,0.0,0.0,0.00014084904043033995,0.000690208182341709,0.00026601684018555676,4.9387476549628135e-05,9.323711638647143e-05,0.0009737184520849119,0.00181424801429215,0.0,0.00122692516646358,0.0,0.0,0.0,0.004344836707879024,0.003296570797242458,0.0,0.0011424494300549188,0.0,0.0001381199767152901,0.0011202866795563657,0.00041581602841456075,3.9838900035809947e-05,0.0021628907740763857,0.00018521067074897556,0.0014564464722367145,0.009680171136291268,0.0007126850805094869,0.004392263967167657,0.004929958309490837,0.0011374735318218914,0.0007114469205720939,1.8540081027056804e-05,0.0026225206970685454,0.0025862103589841152,0.0005755885378989856,0.0025692630443645346,0.001304225251043639,0.0010483528079128879,2.9273304503906752e-05,0.0,0.0,0.0009394150267977199,0.0007319031246101105,0.0019144891053529682,0.00550195323252729,0.0,0.0007201253323009368,0.00018499923646203394,0.0,0.0,0.0015980645502655952,0.0004230023126354343,0.003187870250026571,0.0005153246627006813,0.000321630245041838,0.003242267358239863,0.0010323560757229337,0.0,0.001480052936263162,0.0,0.0021552793293243577,0.0009858102206467038,0.0,0.0016053432597610425,0.004733388118197767,0.003197588703161496,0.0016883352323013294,0.0,0.000683546363827576,0.0019288270765882814,0.0003747022270440147,0.0,0.0018662574189108859,0.011791568606521412,0.0145139058195226
200401,0.0,0.0,0.0,0.0,0.0,0.0,0.0,0.0,0.0,0.0,0.0,0.0,0.0,0.0,0.0,0.0,0.0,0.0,0.0,0.0,0.0,0.0,0.0,0.0,0.0,0.0,0.0,0.0,0.0,0.0,0.0,0.0,0.0,0.0,0.0,0.0,0.0,0.0,0.0,0.0,0.0,0.0,0.0,0.0,0.0,0.0,0.0,0.0,0.0,0.0,0.0,0.0,0.0,0.0,0.0,0.0,0.0,0.0,0.0,0.0,0.0,0.0,0.0,0.0,0.0,0.0,0.0,0.0,0.0,0.0,0.0,0.0,0.0,0.0,0.0,0.0,0.0,0.0,0.0,0.0,0.0,0.0,0.0,0.0,0.0,0.0,0.0,0.0,0.0,0.0,0.0,0.0,0.0,0.0,0.0,0.0,0.0,0.0,0.0,0.0,0.0,0.0,0.0,0.0,0.0,0.0,0.0,0.0,0.0,0.0,0.0,0.0,0.0
200402,0.0,0.0,0.0,0.0,0.0,0.0,0.0,0.0,0.0,0.0,0.0,0.0,0.0,0.0,0.0,0.0,0.0,0.0,0.0,0.0,0.0,0.0,0.0,0.0,0.0,0.0,0.0,0.0,0.0,0.0,0.0,0.0,0.0,0.0,0.0,0.0,0.0,0.0,0.0,0.0,0.0,0.0,0.0,0.0,0.0,0.0,0.0,0.0,0.0,0.0,0.0,0.0,0.0,0.0,0.0,0.0,0.0,0.0,0.0,0.0,0.0,0.0,0.0,0.0,0.0,0.0,0.0,0.0,0.0,0.0,0.0,0.0,0.0,0.0,0.0,0.0,0.0,0.0,0.0,0.0,0.0,0.0,0.0,0.0,0.0,0.0,0.0,0.0,0.0,0.0,0.0,0.0,0.0,0.0,0.0,0.0,0.0,0.0,0.0,0.0,0.0,0.0,0.0,0.0,0.0,0.0,0.0,0.0,0.0,0.0,0.0,0.0,0.0
200403,0.0,0.0,0.0,0.0,0.0,0.0,0.0,0.0,0.0,0.0,0.0,0.0,0.0,0.0,0.0,0.0,0.0,0.0,0.0,0.0,0.0,0.0,0.0,0.0,0.0,0.0,0.0,0.0,0.0,0.0,0.0,0.0,0.0,0.0,0.0,0.0,0.0,0.0,0.0,0.0,0.0,0.0,0.0,0.0,0.0,0.0,0.0,0.0,0.0,0.0,0.0,0.0,0.0,0.0,0.0,0.0,0.0,0.0,0.0,0.0,0.0,0.0,0.0,0.0,0.0,0.0,0.0,0.0,0.0,0.0,0.0,0.0,0.0,0.0,0.0,0.0,0.0,0.0,0.0,0.0,0.0,0.0,0.0,0.0,0.0,0.0,0.0,0.0,0.0,0.0,0.0,0.0,0.0,0.0,0.0,0.0,0.0,0.0,0.0,0.0,0.0,0.0,0.0,0.0,0.0,0.0,0.0,0.0,0.0,0.0,0.0,0.0,0.0
200404,0.0,0.0,0.0,0.0,0.0,0.0,0.0,0.0,0.0,0.0,0.0,0.0,0.0,0.0,0.0,0.0,0.0,0.0,0.0,0.0,0.0,0.0,0.0,0.0,0.0,0.0,0.0,0.0,0.0,0.0,0.0,0.0,0.0,0.0,0.0,0.0,0.0,0.0,0.0,0.0,0.0,0.0,0.0,0.0,0.0,0.0,0.0,0.0,0.0,0.0,0.0,0.0,0.0,0.0,0.0,0.0,0.0,0.0,0.0,0.0,0.0,0.0,0.0,0.0,0.0,0.0,0.0,0.0,0.0,0.0,0.0,0.0,0.0,0.0,0.0,0.0,0.0,0.0,0.0,0.0,0.0,0.0,0.0,0.0,0.0,0.0,0.0,0.0,0.0,0.0,0.0,0.0,0.0,0.0,0.0,0.0,0.0,0.0,0.0,0.0,0.0,0.0,0.0,0.0,0.0,0.0,0.0,0.0,0.0,0.0,0.0,0.0,0.0
200405,0.0,0.0,0.0,0.0,0.0,0.0,0.0,0.0,0.0,0.0,0.0,0.0,0.0,0.0,0.0,0.0,0.0,0.0,0.0,0.0,0.0,0.0,0.0,0.0,0.0,0.0,0.0,0.0,0.0,0.0,0.0,0.0,0.0,0.0,0.0,0.0,0.0,0.0,0.0,0.0,0.0,0.0,0.0,0.0,0.0,0.0,0.0,0.0,0.0,0.0,0.0,0.0,0.0,0.0,0.0,0.0,0.0,0.0,0.0,0.0,0.0,0.0,0.0,0.0,0.0,0.0,0.0,0.0,0.0,0.0,0.0,0.0,0.0,0.0,0.0,0.0,0.0,0.0,0.0,0.0,0.0,0.0,0.0,0.0,0.0,0.0,0.0,0.0,0.0,0.0,0.0,0.0,0.0,0.0,0.0,0.0,0.0,0.0,0.0,0.0,0.0,0.0,0.0,0.0,0.0,0.0,0.0,0.0,0.0,0.0,0.0,0.0,0.0
200406,0.0,0.0,0.0,0.0,0.0,0.0,0.0,0.0,0.0,0.0,0.0,0.0,0.0,0.0,0.0,0.0,0.0,0.0,0.0,0.0,0.0,0.0,0.0,0.0,0.0,0.0,0.0,0.0,0.0,0.0,0.0,0.0,0.0,0.0,0.0,0.0,0.0,0.0,0.0,0.0,0.0,0.0,0.0,0.0,0.0,0.0,0.0,0.0,0.0,0.0,0.0,0.0,0.0,0.0,0.0,0.0,0.0,0.0,0.0,0.0,0.0,0.0,0.0,0.0,0.0,0.0,0.0,0.0,0.0,0.0,0.0,0.0,0.0,0.0,0.0,0.0,0.0,0.0,0.0,0.0,0.0,0.0,0.0,0.0,0.0,0.0,0.0,0.0,0.0,0.0,0.0,0.0,0.0,0.0,0.0,0.0,0.0,0.0,0.0,0.0,0.0,0.0,0.0,0.0,0.0,0.0,0.0,0.0,0.0,0.0,0.0,0.0,0.0
200407,0.0,0.0,0.0,0.0,0.0,0.0,0.0,0.0,0.0,0.0,0.0,0.0,0.0,0.0,0.0,0.0,0.0,0.0,0.0,0.0,0.0,0.0,0.0,0.0,0.0,0.0,0.0,0.0,0.0,0.0,0.0,0.0,0.0,0.0,0.0,0.0,0.0,0.0,0.0,0.0,0.0,0.0,0.0,0.0,0.0,0.0,0.0,0.0,0.0,0.0,0.0,0.0,0.0,0.0,0.0,0.0,0.0,0.0,0.0,0.0,0.0,0.0,0.0,0.0,0.0,0.0,0.0,0.0,0.0,0.0,0.0,0.0,0.0,0.0,0.0,0.0,0.0,0.0,0.0,0.0,0.0,0.0,0.0,0.0,0.0,0.0,0.0,0.0,0.0,0.0,0.0,0.0,0.0,0.0,0.0,0.0,0.0,0.0,0.0,0.0,0.0,0.0,0.0,0.0,0.0,0.0,0.0,0.0,0.0,0.0,0.0,0.0,0.0
200408,0.0,0.0,0.0,0.0,0.0,0.0,0.0,0.0,0.0,0.0,0.0,0.0,0.0,0.0,0.0,0.0,0.0,0.0,0.0,0.0,0.0,0.0,0.0,0.0,0.0,0.0,0.0,0.0,0.0,0.0,0.0,0.0,0.0,0.0,0.0,0.0,0.0,0.0,0.0,0.0,0.0,0.0,0.0,0.0,0.0,0.0,0.0,0.0,0.0,0.0,0.0,0.0,0.0,0.0,0.0,0.0,0.0,0.0,0.0,0.0,0.0,0.0,0.0,0.0,0.0,0.0,0.0,0.0,0.0,0.0,0.0,0.0,0.0,0.0,0.0,0.0,0.0,0.0,0.0,0.0,0.0,0.0,0.0,0.0,0.0,0.0,0.0,0.0,0.0,0.0,0.0,0.0,0.0,0.0,0.0,0.0,0.0,0.0,0.0,0.0,0.0,0.0,0.0,0.0,0.0,0.0,0.0,0.0,0.0,0.0,0.0,0.0,0.0
200409,0.0,0.0,0.0,0.0,0.0,0.0,0.0,0.0,0.0,0.0,0.0,0.0,0.0,0.0,0.0,0.0,0.0,0.0,0.0,0.0,0.0,0.0,0.0,0.0,0.0,0.0,0.0,0.0,0.0,0.0,0.0,0.0,0.0,0.0,0.0,0.0,0.0,0.0,0.0,0.0,0.0,0.0,0.0,0.0,0.0,0.0,0.0,0.0,0.0,0.0,0.0,0.0,0.0,0.0,0.0,0.0,0.0,0.0,0.0,0.0,0.0,0.0,0.0,0.0,0.0,0.0,0.0,0.0,0.0,0.0,0.0,0.0,0.0,0.0,0.0,0.0,0.0,0.0,0.0,0.0,0.0,0.0,0.0,0.0,0.0,0.0,0.0,0.0,0.0,0.0,0.0,0.0,0.0,0.0,0.0,0.0,0.0,0.0,0.0,0.0,0.0,0.0,0.0,0.0,0.0,0.0,0.0,0.0,0.0,0.0,0.0,0.0,0.0
200410,0.0,0.0,0.0,0.0,0.0,0.0,0.0,0.0,0.0,0.0,0.0,0.0,0.0,0.0,0.0,0.0,0.0,0.0,0.0,0.0,0.0,0.0,0.0,0.0,0.0,0.0,0.0,0.0,0.0,0.0,0.0,0.0,0.0,0.0,0.0,0.0,0.0,0.0,0.0,0.0,0.0,0.0,0.0,0.0,0.0,0.0,0.0,0.0,0.0,0.0,0.0,0.0,0.0,0.0,0.0,0.0,0.0,0.0,0.0,0.0,0.0,0.0,0.0,0.0,0.0,0.0,0.0,0.0,0.0,0.0,0.0,0.0,0.0,0.0,0.0,0.0,0.0,0.0,0.0,0.0,0.0,0.0,0.0,0.0,0.0,0.0,0.0,0.0,0.0,0.0,0.0,0.0,0.0,0.0,0.0,0.0,0.0,0.0,0.0,0.0,0.0,0.0,0.0,0.0,0.0,0.0,0.0,0.0,0.0,0.0,0.0,0.0,0.0
200411,0.0,0.0,0.0,0.0,0.0,0.0,0.0,0.0,0.0,0.0,0.0,0.0,0.0,0.0,0.0,0.0,0.0,0.0,0.0,0.0,0.0,0.0,0.0,0.0,0.0,0.0,0.0,0.0,0.0,0.0,0.0,0.0,0.0,0.0,0.0,0.0,0.0,0.0,0.0,0.0,0.0,0.0,0.0,0.0,0.0,0.0,0.0,0.0,0.0,0.0,0.0,0.0,0.0,0.0,0.0,0.0,0.0,0.0,0.0,0.0,0.0,0.0,0.0,0.0,0.0,0.0,0.0,0.0,0.0,0.0,0.0,0.0,0.0,0.0,0.0,0.0,0.0,0.0,0.0,0.0,0.0,0.0,0.0,0.0,0.0,0.0,0.0,0.0,0.0,0.0,0.0,0.0,0.0,0.0,0.0,0.0,0.0,0.0,0.0,0.0,0.0,0.0,0.0,0.0,0.0,0.0,0.0,0.0,0.0,0.0,0.0,0.0,0.0
200412,0.0,0.0,0.0,0.0,0.0,0.0,0.0,0.0,0.0,0.0,0.0,0.0,0.0,0.0,0.0,0.0,0.0,0.0,0.0,0.0,0.0,0.0,0.0,0.0,0.0,0.0,0.0,0.0,0.0,0.0,0.0,0.0,0.0,0.0,0.0,0.0,0.0,0.0,0.0,0.0,0.0,0.0,0.0,0.0,0.0,0.0,0.0,0.0,0.0,0.0,0.0,0.0,0.0,0.0,0.0,0.0,0.0,0.0,0.0,0.0,0.0,0.0,0.0,0.0,0.0,0.0,0.0,0.0,0.0,0.0,0.0,0.0,0.0,0.0,0.0,0.0,0.0,0.0,0.0,0.0,0.0,0.0,0.0,0.0,0.0,0.0,0.0,0.0,0.0,0.0,0.0,0.0,0.0,0.0,0.0,0.0,0.0,0.0,0.0,0.0,0.0,0.0,0.0,0.0,0.0,0.0,0.0,0.0,0.0,0.0,0.0,0.0,0.0
200501,0.0,0.0,0.0,0.0,0.0,0.0,0.0,0.0,0.0,0.0,0.0,0.0,0.0,0.0,0.0,0.0,0.0,0.0,0.0,0.0,0.0,0.0,0.0,0.0,0.0,0.0,0.0,0.0,0.0,0.0,0.0,0.0,0.0,0.0,0.0,0.0,0.0,0.0,0.0,0.0,0.0,0.0,0.0,0.0,0.0,0.0,0.0,0.0,0.0,0.0,0.0,0.0,0.0,0.0,0.0,0.0,0.0,0.0,0.0,0.0,0.0,0.0,0.0,0.0,0.0,0.0,0.0,0.0,0.0,0.0,0.0,0.0,0.0,0.0,0.0,0.0,0.0,0.0,0.0,0.0,0.0,0.0,0.0,0.0,0.0,0.0,0.0,0.0,0.0,0.0,0.0,0.0,0.0,0.0,0.0,0.0,0.0,0.0,0.0,0.0,0.0,0.0,0.0,0.0,0.0,0.0,0.0,0.0,0.0,0.0,0.0,0.0,0.0
200502,0.0,0.0,0.0,0.0,0.0,0.0,0.0,0.0,0.0,0.0,0.0,0.0,0.0,0.0,0.0,0.0,0.0,0.0,0.0,0.0,0.0,0.0,0.0,0.0,0.0,0.0,0.0,0.0,0.0,0.0,0.0,0.0,0.0,0.0,0.0,0.0,0.0,0.0,0.0,0.0,0.0,0.0,0.0,0.0,0.0,0.0,0.0,0.0,0.0,0.0,0.0,0.0,0.0,0.0,0.0,0.0,0.0,0.0,0.0,0.0,0.0,0.0,0.0,0.0,0.0,0.0,0.0,0.0,0.0,0.0,0.0,0.0,0.0,0.0,0.0,0.0,0.0,0.0,0.0,0.0,0.0,0.0,0.0,0.0,0.0,0.0,0.0,0.0,0.0,0.0,0.0,0.0,0.0,0.0,0.0,0.0,0.0,0.0,0.0,0.0,0.0,0.0,0.0,0.0,0.0,0.0,0.0,0.0,0.0,0.0,0.0,0.0,0.0
200503,0.0,0.0,0.0,0.0,0.0,0.0,0.0,0.0,0.0,0.0,0.0,0.0,0.0,0.0,0.0,0.0,0.0,0.0,0.0,0.0,0.0,0.0,0.0,0.0,0.0,0.0,0.0,0.0,0.0,0.0,0.0,0.0,0.0,0.0,0.0,0.0,0.0,0.0,0.0,0.0,0.0,0.0,0.0,0.0,0.0,0.0,0.0,0.0,0.0,0.0,0.0,0.0,0.0,0.0,0.0,0.0,0.0,0.0,0.0,0.0,0.0,0.0,0.0,0.0,0.0,0.0,0.0,0.0,0.0,0.0,0.0,0.0,0.0,0.0,0.0,0.0,0.0,0.0,0.0,0.0,0.0,0.0,0.0,0.0,0.0,0.0,0.0,0.0,0.0,0.0,0.0,0.0,0.0,0.0,0.0,0.0,0.0,0.0,0.0,0.0,0.0,0.0,0.0,0.0,0.0,0.0,0.0,0.0,0.0,0.0,0.0,0.0,0.0
200504,0.0,0.0,0.0,0.0,0.0,0.0,0.0,0.0,0.0,0.0,0.0,0.0,0.0,0.0,0.0,0.0,0.0,0.0,0.0,0.0,0.0,0.0,0.0,0.0,0.0,0.0,0.0,0.0,0.0,0.0,0.0,0.0,0.0,0.0,0.0,0.0,0.0,0.0,0.0,0.0,0.0,0.0,0.0,0.0,0.0,0.0,0.0,0.0,0.0,0.0,0.0,0.0,0.0,0.0,0.0,0.0,0.0,0.0,0.0,0.0,0.0,0.0,0.0,0.0,0.0,0.0,0.0,0.0,0.0,0.0,0.0,0.0,0.0,0.0,0.0,0.0,0.0,0.0,0.0,0.0,0.0,0.0,0.0,0.0,0.0,0.0,0.0,0.0,0.0,0.0,0.0,0.0,0.0,0.0,0.0,0.0,0.0,0.0,0.0,0.0,0.0,0.0,0.0,0.0,0.0,0.0,0.0,0.0,0.0,0.0,0.0,0.0,0.0
200505,0.0,0.0,0.0,0.0,0.0,0.0,0.0,0.0,0.0,0.0,0.0,0.0,0.0,0.0,0.0,0.0,0.0,0.0,0.0,0.0,0.0,0.0,0.0,0.0,0.0,0.0,0.0,0.0,0.0,0.0,0.0,0.0,0.0,0.0,0.0,0.0,0.0,0.0,0.0,0.0,0.0,0.0,0.0,0.0,0.0,0.0,0.0,0.0,0.0,0.0,0.0,0.0,0.0,0.0,0.0,0.0,0.0,0.0,0.0,0.0,0.0,0.0,0.0,0.0,0.0,0.0,0.0,0.0,0.0,0.0,0.0,0.0,0.0,0.0,0.0,0.0,0.0,0.0,0.0,0.0,0.0,0.0,0.0,0.0,0.0,0.0,0.0,0.0,0.0,0.0,0.0,0.0,0.0,0.0,0.0,0.0,0.0,0.0,0.0,0.0,0.0,0.0,0.0,0.0,0.0,0.0,0.0,0.0,0.0,0.0,0.0,0.0,0.0
200506,0.0,0.0,0.0,0.0,0.0,0.0,0.0,0.0,0.0,0.0,0.0,0.0,0.0,0.0,0.0,0.0,0.0,0.0,0.0,0.0,0.0,0.0,0.0,0.0,0.0,0.0,0.0,0.0,0.0,0.0,0.0,0.0,0.0,0.0,0.0,0.0,0.0,0.0,0.0,0.0,0.0,0.0,0.0,0.0,0.0,0.0,0.0,0.0,0.0,0.0,0.0,0.0,0.0,0.0,0.0,0.0,0.0,0.0,0.0,0.0,0.0,0.0,0.0,0.0,0.0,0.0,0.0,0.0,0.0,0.0,0.0,0.0,0.0,0.0,0.0,0.0,0.0,0.0,0.0,0.0,0.0,0.0,0.0,0.0,0.0,0.0,0.0,0.0,0.0,0.0,0.0,0.0,0.0,0.0,0.0,0.0,0.0,0.0,0.0,0.0,0.0,0.0,0.0,0.0,0.0,0.0,0.0,0.0,0.0,0.0,0.0,0.0,0.0
200507,0.0,0.0,0.0,0.0,0.0,0.0,0.0,0.0,0.0,0.0,0.0,0.0,0.0,0.0,0.0,0.0,0.0,0.0,0.0,0.0,0.0,0.0,0.0,0.0,0.0,0.0,0.0,0.0,0.0,0.0,0.0,0.0,0.0,0.0,0.0,0.0,0.0,0.0,0.0,0.0,0.0,0.0,0.0,0.0,0.0,0.0,0.0,0.0,0.0,0.0,0.0,0.0,0.0,0.0,0.0,0.0,0.0,0.0,0.0,0.0,0.0,0.0,0.0,0.0,0.0,0.0,0.0,0.0,0.0,0.0,0.0,0.0,0.0,0.0,0.0,0.0,0.0,0.0,0.0,0.0,0.0,0.0,0.0,0.0,0.0,0.0,0.0,0.0,0.0,0.0,0.0,0.0,0.0,0.0,0.0,0.0,0.0,0.0,0.0,0.0,0.0,0.0,0.0,0.0,0.0,0.0,0.0,0.0,0.0,0.0,0.0,0.0,0.0
200508,0.0,0.0,0.0,0.0,0.0,0.0,0.0,0.0,0.0,0.0,0.0,0.0,0.0,0.0,0.0,0.0,0.0,0.0,0.0,0.0,0.0,0.0,0.0,0.0,0.0,0.0,0.0,0.0,0.0,0.0,0.0,0.0,0.0,0.0,0.0,0.0,0.0,0.0,0.0,0.0,0.0,0.0,0.0,0.0,0.0,0.0,0.0,0.0,0.0,0.0,0.0,0.0,0.0,0.0,0.0,0.0,0.0,0.0,0.0,0.0,0.0,0.0,0.0,0.0,0.0,0.0,0.0,0.0,0.0,0.0,0.0,0.0,0.0,0.0,0.0,0.0,0.0,0.0,0.0,0.0,0.0,0.0,0.0,0.0,0.0,0.0,0.0,0.0,0.0,0.0,0.0,0.0,0.0,0.0,0.0,0.0,0.0,0.0,0.0,0.0,0.0,0.0,0.0,0.0,0.0,0.0,0.0,0.0,0.0,0.0,0.0,0.0,0.0
200509,0.0,0.0,0.0,0.0,0.0,0.0,0.0,0.0,0.0,0.0,0.0,0.0,0.0,0.0,0.0,0.0,0.0,0.0,0.0,0.0,0.0,0.0,0.0,0.0,0.0,0.0,0.0,0.0,0.0,0.0,0.0,0.0,0.0,0.0,0.0,0.0,0.0,0.0,0.0,0.0,0.0,0.0,0.0,0.0,0.0,0.0,0.0,0.0,0.0,0.0,0.0,0.0,0.0,0.0,0.0,0.0,0.0,0.0,0.0,0.0,0.0,0.0,0.0,0.0,0.0,0.0,0.0,0.0,0.0,0.0,0.0,0.0,0.0,0.0,0.0,0.0,0.0,0.0,0.0,0.0,0.0,0.0,0.0,0.0,0.0,0.0,0.0,0.0,0.0,0.0,0.0,0.0,0.0,0.0,0.0,0.0,0.0,0.0,0.0,0.0,0.0,0.0,0.0,0.0,0.0,0.0,0.0,0.0,0.0,0.0,0.0,0.0,0.0
200510,0.0,0.0,0.0,0.0,0.0,0.0,0.0,0.0,0.0,0.0,0.0,0.0,0.0,0.0,0.0,0.0,0.0,0.0,0.0,0.0,0.0,0.0,0.0,0.0,0.0,0.0,0.0,0.0,0.0,0.0,0.0,0.0,0.0,0.0,0.0,0.0,0.0,0.0,0.0,0.0,0.0,0.0,0.0,0.0,0.0,0.0,0.0,0.0,0.0,0.0,0.0,0.0,0.0,0.0,0.0,0.0,0.0,0.0,0.0,0.0,0.0,0.0,0.0,0.0,0.0,0.0,0.0,0.0,0.0,0.0,0.0,0.0,0.0,0.0,0.0,0.0,0.0,0.0,0.0,0.0,0.0,0.0,0.0,0.0,0.0,0.0,0.0,0.0,0.0,0.0,0.0,0.0,0.0,0.0,0.0,0.0,0.0,0.0,0.0,0.0,0.0,0.0,0.0,0.0,0.0,0.0,0.0,0.0,0.0,0.0,0.0,0.0,0.0
200511,0.0,0.0,0.0,0.0,0.0,0.0,0.0,0.0,0.0,0.0,0.0,0.0,0.0,0.0,0.0,0.0,0.0,0.0,0.0,0.0,0.0,0.0,0.0,0.0,0.0,0.0,0.0,0.0,0.0,0.0,0.0,0.0,0.0,0.0,0.0,0.0,0.0,0.0,0.0,0.0,0.0,0.0,0.0,0.0,0.0,0.0,0.0,0.0,0.0,0.0,0.0,0.0,0.0,0.0,0.0,0.0,0.0,0.0,0.0,0.0,0.0,0.0,0.0,0.0,0.0,0.0,0.0,0.0,0.0,0.0,0.0,0.0,0.0,0.0,0.0,0.0,0.0,0.0,0.0,0.0,0.0,0.0,0.0,0.0,0.0,0.0,0.0,0.0,0.0,0.0,0.0,0.0,0.0,0.0,0.0,0.0,0.0,0.0,0.0,0.0,0.0,0.0,0.0,0.0,0.0,0.0,0.0,0.0,0.0,0.0,0.0,0.0,0.0
200512,0.0,0.0,0.0,0.0,0.0,0.0,0.0,0.0,0.0,0.0,0.0,0.0,0.0,0.0,0.0,0.0,0.0,0.0,0.0,0.0,0.0,0.0,0.0,0.0,0.0,0.0,0.0,0.0,0.0,0.0,0.0,0.0,0.0,0.0,0.0,0.0,0.0,0.0,0.0,0.0,0.0,0.0,0.0,0.0,0.0,0.0,0.0,0.0,0.0,0.0,0.0,0.0,0.0,0.0,0.0,0.0,0.0,0.0,0.0,0.0,0.0,0.0,0.0,0.0,0.0,0.0,0.0,0.0,0.0,0.0,0.0,0.0,0.0,0.0,0.0,0.0,0.0,0.0,0.0,0.0,0.0,0.0,0.0,0.0,0.0,0.0,0.0,0.0,0.0,0.0,0.0,0.0,0.0,0.0,0.0,0.0,0.0,0.0,0.0,0.0,0.0,0.0,0.0,0.0,0.0,0.0,0.0,0.0,0.0,0.0,0.0,0.0,0.0
200601,0.0,0.0,0.0,0.0,0.0,0.0,0.0,0.0,0.0,0.0,0.0,0.0,0.0,0.0,0.0,0.0,0.0,0.0,0.0,0.0,0.0,0.0,0.0,0.0,0.0,0.0,0.0,0.0,0.0,0.0,0.0,0.0,0.0,0.0,0.0,0.0,0.0,0.0,0.0,0.0,0.0,0.0,0.0,0.0,0.0,0.0,0.0,0.0,0.0,0.0,0.0,0.0,0.0,0.0,0.0,0.0,0.0,0.0,0.0,0.0,0.0,0.0,0.0,0.0,0.0,0.0,0.0,0.0,0.0,0.0,0.0,0.0,0.0,0.0,0.0,0.0,0.0,0.0,0.0,0.0,0.0,0.0,0.0,0.0,0.0,0.0,0.0,0.0,0.0,0.0,0.0,0.0,0.0,0.0,0.0,0.0,0.0,0.0,0.0,0.0,0.0,0.0,0.0,0.0,0.0,0.0,0.0,0.0,0.0,0.0,0.0,0.0,0.0
200602,0.0,0.0,0.0,0.0,0.0,0.0,0.0,0.0,0.0,0.0,0.0,0.0,0.0,0.0,0.0,0.0,0.0,0.0,0.0,0.0,0.0,0.0,0.0,0.0,0.0,0.0,0.0,0.0,0.0,0.0,0.0,0.0,0.0,0.0,0.0,0.0,0.0,0.0,0.0,0.0,0.0,0.0,0.0,0.0,0.0,0.0,0.0,0.0,0.0,0.0,0.0,0.0,0.0,0.0,0.0,0.0,0.0,0.0,0.0,0.0,0.0,0.0,0.0,0.0,0.0,0.0,0.0,0.0,0.0,0.0,0.0,0.0,0.0,0.0,0.0,0.0,0.0,0.0,0.0,0.0,0.0,0.0,0.0,0.0,0.0,0.0,0.0,0.0,0.0,0.0,0.0,0.0,0.0,0.0,0.0,0.0,0.0,0.0,0.0,0.0,0.0,0.0,0.0,0.0,0.0,0.0,0.0,0.0,0.0,0.0,0.0,0.0,0.0
200603,0.0,0.0,0.0,0.0,0.0,0.0,0.0,0.0,0.0,0.0,0.0,0.0,0.0,0.0,0.0,0.0,0.0,0.0,0.0,0.0,0.0,0.0,0.0,0.0,0.0,0.0,0.0,0.0,0.0,0.0,0.0,0.0,0.0,0.0,0.0,0.0,0.0,0.0,0.0,0.0,0.0,0.0,0.0,0.0,0.0,0.0,0.0,0.0,0.0,0.0,0.0,0.0,0.0,0.0,0.0,0.0,0.0,0.0,0.0,0.0,0.0,0.0,0.0,0.0,0.0,0.0,0.0,0.0,0.0,0.0,0.0,0.0,0.0,0.0,0.0,0.0,0.0,0.0,0.0,0.0,0.0,0.0,0.0,0.0,0.0,0.0,0.0,0.0,0.0,0.0,0.0,0.0,0.0,0.0,0.0,0.0,0.0,0.0,0.0,0.0,0.0,0.0,0.0,0.0,0.0,0.0,0.0,0.0,0.0,0.0,0.0,0.0,0.0
200604,0.0,0.0,0.0,0.0,0.0,0.0,0.0,0.0,0.0,0.0,0.0,0.0,0.0,0.0,0.0,0.0,0.0,0.0,0.0,0.0,0.0,0.0,0.0,0.0,0.0,0.0,0.0,0.0,0.0,0.0,0.0,0.0,0.0,0.0,0.0,0.0,0.0,0.0,0.0,0.0,0.0,0.0,0.0,0.0,0.0,0.0,0.0,0.0,0.0,0.0,0.0,0.0,0.0,0.0,0.0,0.0,0.0,0.0,0.0,0.0,0.0,0.0,0.0,0.0,0.0,0.0,0.0,0.0,0.0,0.0,0.0,0.0,0.0,0.0,0.0,0.0,0.0,0.0,0.0,0.0,0.0,0.0,0.0,0.0,0.0,0.0,0.0,0.0,0.0,0.0,0.0,0.0,0.0,0.0,0.0,0.0,0.0,0.0,0.0,0.0,0.0,0.0,0.0,0.0,0.0,0.0,0.0,0.0,0.0,0.0,0.0,0.0,0.0
200605,0.0,0.0,0.0,0.0,0.0,0.0,0.0,0.0,0.0,0.0,0.0,0.0,0.0,0.0,0.0,0.0,0.0,0.0,0.0,0.0,0.0,0.0,0.0,0.0,0.0,0.0,0.0,0.0,0.0,0.0,0.0,0.0,0.0,0.0,0.0,0.0,0.0,0.0,0.0,0.0,0.0,0.0,0.0,0.0,0.0,0.0,0.0,0.0,0.0,0.0,0.0,0.0,0.0,0.0,0.0,0.0,0.0,0.0,0.0,0.0,0.0,0.0,0.0,0.0,0.0,0.0,0.0,0.0,0.0,0.0,0.0,0.0,0.0,0.0,0.0,0.0,0.0,0.0,0.0,0.0,0.0,0.0,0.0,0.0,0.0,0.0,0.0,0.0,0.0,0.0,0.0,0.0,0.0,0.0,0.0,0.0,0.0,0.0,0.0,0.0,0.0,0.0,0.0,0.0,0.0,0.0,0.0,0.0,0.0,0.0,0.0,0.0,0.0
200606,0.0,0.0,0.0,0.0,0.0,0.0,0.0,0.0,0.0,0.0,0.0,0.0,0.0,0.0,0.0,0.0,0.0,0.0,0.0,0.0,0.0,0.0,0.0,0.0,0.0,0.0,0.0,0.0,0.0,0.0,0.0,0.0,0.0,0.0,0.0,0.0,0.0,0.0,0.0,0.0,0.0,0.0,0.0,0.0,0.0,0.0,0.0,0.0,0.0,0.0,0.0,0.0,0.0,0.0,0.0,0.0,0.0,0.0,0.0,0.0,0.0,0.0,0.0,0.0,0.0,0.0,0.0,0.0,0.0,0.0,0.0,0.0,0.0,0.0,0.0,0.0,0.0,0.0,0.0,0.0,0.0,0.0,0.0,0.0,0.0,0.0,0.0,0.0,0.0,0.0,0.0,0.0,0.0,0.0,0.0,0.0,0.0,0.0,0.0,0.0,0.0,0.0,0.0,0.0,0.0,0.0,0.0,0.0,0.0,0.0,0.0,0.0,0.0
200607,0.0,0.0,0.0,0.0,0.0,0.0,0.0,0.0,0.0,0.0,0.0,0.0,0.0,0.0,0.0,0.0,0.0,0.0,0.0,0.0,0.0,0.0,0.0,0.0,0.0,0.0,0.0,0.0,0.0,0.0,0.0,0.0,0.0,0.0,0.0,0.0,0.0,0.0,0.0,0.0,0.0,0.0,0.0,0.0,0.0,0.0,0.0,0.0,0.0,0.0,0.0,0.0,0.0,0.0,0.0,0.0,0.0,0.0,0.0,0.0,0.0,0.0,0.0,0.0,0.0,0.0,0.0,0.0,0.0,0.0,0.0,0.0,0.0,0.0,0.0,0.0,0.0,0.0,0.0,0.0,0.0,0.0,0.0,0.0,0.0,0.0,0.0,0.0,0.0,0.0,0.0,0.0,0.0,0.0,0.0,0.0,0.0,0.0,0.0,0.0,0.0,0.0,0.0,0.0,0.0,0.0,0.0,0.0,0.0,0.0,0.0,0.0,0.0
200608,0.0,0.0,0.0,0.0,0.0,0.0,0.0,0.0,0.0,0.0,0.0,0.0,0.0,0.0,0.0,0.0,0.0,0.0,0.0,0.0,0.0,0.0,0.0,0.0,0.0,0.0,0.0,0.0,0.0,0.0,0.0,0.0,0.0,0.0,0.0,0.0,0.0,0.0,0.0,0.0,0.0,0.0,0.0,0.0,0.0,0.0,0.0,0.0,0.0,0.0,0.0,0.0,0.0,0.0,0.0,0.0,0.0,0.0,0.0,0.0,0.0,0.0,0.0,0.0,0.0,0.0,0.0,0.0,0.0,0.0,0.0,0.0,0.0,0.0,0.0,0.0,0.0,0.0,0.0,0.0,0.0,0.0,0.0,0.0,0.0,0.0,0.0,0.0,0.0,0.0,0.0,0.0,0.0,0.0,0.0,0.0,0.0,0.0,0.0,0.0,0.0,0.0,0.0,0.0,0.0,0.0,0.0,0.0,0.0,0.0,0.0,0.0,0.0
200609,0.0,0.0,0.0,0.0,0.0,0.0,0.0,0.0,0.0,0.0,0.0,0.0,0.0,0.0,0.0,0.0,0.0,0.0,0.0,0.0,0.0,0.0,0.0,0.0,0.0,0.0,0.0,0.0,0.0,0.0,0.0,0.0,0.0,0.0,0.0,0.0,0.0,0.0,0.0,0.0,0.0,0.0,0.0,0.0,0.0,0.0,0.0,0.0,0.0,0.0,0.0,0.0,0.0,0.0,0.0,0.0,0.0,0.0,0.0,0.0,0.0,0.0,0.0,0.0,0.0,0.0,0.0,0.0,0.0,0.0,0.0,0.0,0.0,0.0,0.0,0.0,0.0,0.0,0.0,0.0,0.0,0.0,0.0,0.0,0.0,0.0,0.0,0.0,0.0,0.0,0.0,0.0,0.0,0.0,0.0,0.0,0.0,0.0,0.0,0.0,0.0,0.0,0.0,0.0,0.0,0.0,0.0,0.0,0.0,0.0,0.0,0.0,0.0
200610,0.0,0.0,0.0,0.0,0.0,0.0,0.0,0.0,0.0,0.0,0.0,0.0,0.0,0.0,0.0,0.0,0.0,0.0,0.0,0.0,0.0,0.0,0.0,0.0,0.0,0.0,0.0,0.0,0.0,0.0,0.0,0.0,0.0,0.0,0.0,0.0,0.0,0.0,0.0,0.0,0.0,0.0,0.0,0.0,0.0,0.0,0.0,0.0,0.0,0.0,0.0,0.0,0.0,0.0,0.0,0.0,0.0,0.0,0.0,0.0,0.0,0.0,0.0,0.0,0.0,0.0,0.0,0.0,0.0,0.0,0.0,0.0,0.0,0.0,0.0,0.0,0.0,0.0,0.0,0.0,0.0,0.0,0.0,0.0,0.0,0.0,0.0,0.0,0.0,0.0,0.0,0.0,0.0,0.0,0.0,0.0,0.0,0.0,0.0,0.0,0.0,0.0,0.0,0.0,0.0,0.0,0.0,0.0,0.0,0.0,0.0,0.0,0.0
200611,0.0,0.0,0.0,0.0,0.0,0.0,0.0,0.0,0.0,0.0,0.0,0.0,0.0,0.0,0.0,0.0,0.0,0.0,0.0,0.0,0.0,0.0,0.0,0.0,0.0,0.0,0.0,0.0,0.0,0.0,0.0,0.0,0.0,0.0,0.0,0.0,0.0,0.0,0.0,0.0,0.0,0.0,0.0,0.0,0.0,0.0,0.0,0.0,0.0,0.0,0.0,0.0,0.0,0.0,0.0,0.0,0.0,0.0,0.0,0.0,0.0,0.0,0.0,0.0,0.0,0.0,0.0,0.0,0.0,0.0,0.0,0.0,0.0,0.0,0.0,0.0,0.0,0.0,0.0,0.0,0.0,0.0,0.0,0.0,0.0,0.0,0.0,0.0,0.0,0.0,0.0,0.0,0.0,0.0,0.0,0.0,0.0,0.0,0.0,0.0,0.0,0.0,0.0,0.0,0.0,0.0,0.0,0.0,0.0,0.0,0.0,0.0,0.0
200612,0.0,0.0,0.0,0.0,0.0,0.0,0.0,0.0,0.0,0.0,0.0,0.0,0.0,0.0,0.0,0.0,0.0,0.0,0.0,0.0,0.0,0.0,0.0,0.0,0.0,0.0,0.0,0.0,0.0,0.0,0.0,0.0,0.0,0.0,0.0,0.0,0.0,0.0,0.0,0.0,0.0,0.0,0.0,0.0,0.0,0.0,0.0,0.0,0.0,0.0,0.0,0.0,0.0,0.0,0.0,0.0,0.0,0.0,0.0,0.0,0.0,0.0,0.0,0.0,0.0,0.0,0.0,0.0,0.0,0.0,0.0,0.0,0.0,0.0,0.0,0.0,0.0,0.0,0.0,0.0,0.0,0.0,0.0,0.0,0.0,0.0,0.0,0.0,0.0,0.0,0.0,0.0,0.0,0.0,0.0,0.0,0.0,0.0,0.0,0.0,0.0,0.0,0.0,0.0,0.0,0.0,0.0,0.0,0.0,0.0,0.0,0.0,0.0
200701,0.0,0.0,0.0,0.0,0.0,0.0,0.0,0.0,0.0,0.0,0.0,0.0,0.0,0.0,0.0,0.0,0.0,0.0,0.0,0.0,0.0,0.0,0.0,0.0,0.0,0.0,0.0,0.0,0.0,0.0,0.0,0.0,0.0,0.0,0.0,0.0,0.0,0.0,0.0,0.0,0.0,0.0,0.0,0.0,0.0,0.0,0.0,0.0,0.0,0.0,0.0,0.0,0.0,0.0,0.0,0.0,0.0,0.0,0.0,0.0,0.0,0.0,0.0,0.0,0.0,0.0,0.0,0.0,0.0,0.0,0.0,0.0,0.0,0.0,0.0,0.0,0.0,0.0,0.0,0.0,0.0,0.0,0.0,0.0,0.0,0.0,0.0,0.0,0.0,0.0,0.0,0.0,0.0,0.0,0.0,0.0,0.0,0.0,0.0,0.0,0.0,0.0,0.0,0.0,0.0,0.0,0.0,0.0,0.0,0.0,0.0,0.0,0.0
200702,0.0,0.0,0.0,0.0,0.0,0.0,0.0,0.0,0.0,0.0,0.0,0.0,0.0,0.0,0.0,0.0,0.0,0.0,0.0,0.0,0.0,0.0,0.0,0.0,0.0,0.0,0.0,0.0,0.0,0.0,0.0,0.0,0.0,0.0,0.0,0.0,0.0,0.0,0.0,0.0,0.0,0.0,0.0,0.0,0.0,0.0,0.0,0.0,0.0,0.0,0.0,0.0,0.0,0.0,0.0,0.0,0.0,0.0,0.0,0.0,0.0,0.0,0.0,0.0,0.0,0.0,0.0,0.0,0.0,0.0,0.0,0.0,0.0,0.0,0.0,0.0,0.0,0.0,0.0,0.0,0.0,0.0,0.0,0.0,0.0,0.0,0.0,0.0,0.0,0.0,0.0,0.0,0.0,0.0,0.0,0.0,0.0,0.0,0.0,0.0,0.0,0.0,0.0,0.0,0.0,0.0,0.0,0.0,0.0,0.0,0.0,0.0,0.0
200703,0.0,0.0,0.0,0.0,0.0,0.0,0.0,0.0,0.0,0.0,0.0,0.0,0.0,0.0,0.0,0.0,0.0,0.0,0.0,0.0,0.0,0.0,0.0,0.0,0.0,0.0,0.0,0.0,0.0,0.0,0.0,0.0,0.0,0.0,0.0,0.0,0.0,0.0,0.0,0.0,0.0,0.0,0.0,0.0,0.0,0.0,0.0,0.0,0.0,0.0,0.0,0.0,0.0,0.0,0.0,0.0,0.0,0.0,0.0,0.0,0.0,0.0,0.0,0.0,0.0,0.0,0.0,0.0,0.0,0.0,0.0,0.0,0.0,0.0,0.0,0.0,0.0,0.0,0.0,0.0,0.0,0.0,0.0,0.0,0.0,0.0,0.0,0.0,0.0,0.0,0.0,0.0,0.0,0.0,0.0,0.0,0.0,0.0,0.0,0.0,0.0,0.0,0.0,0.0,0.0,0.0,0.0,0.0,0.0,0.0,0.0,0.0,0.0
200704,0.0,0.0,0.0,0.0,0.0,0.0,0.0,0.0,0.0,0.0,0.0,0.0,0.0,0.0,0.0,0.0,0.0,0.0,0.0,0.0,0.0,0.0,0.0,0.0,0.0,0.0,0.0,0.0,0.0,0.0,0.0,0.0,0.0,0.0,0.0,0.0,0.0,0.0,0.0,0.0,0.0,0.0,0.0,0.0,0.0,0.0,0.0,0.0,0.0,0.0,0.0,0.0,0.0,0.0,0.0,0.0,0.0,0.0,0.0,0.0,0.0,0.0,0.0,0.0,0.0,0.0,0.0,0.0,0.0,0.0,0.0,0.0,0.0,0.0,0.0,0.0,0.0,0.0,0.0,0.0,0.0,0.0,0.0,0.0,0.0,0.0,0.0,0.0,0.0,0.0,0.0,0.0,0.0,0.0,0.0,0.0,0.0,0.0,0.0,0.0,0.0,0.0,0.0,0.0,0.0,0.0,0.0,0.0,0.0,0.0,0.0,0.0,0.0
200705,0.0,0.0,0.0,0.0,0.0,0.0,0.0,0.0,0.0,0.0,0.0,0.0,0.0,0.0,0.0,0.0,0.0,0.0,0.0,0.0,0.0,0.0,0.0,0.0,0.0,0.0,0.0,0.0,0.0,0.0,0.0,0.0,0.0,0.0,0.0,0.0,0.0,0.0,0.0,0.0,0.0,0.0,0.0,0.0,0.0,0.0,0.0,0.0,0.0,0.0,0.0,0.0,0.0,0.0,0.0,0.0,0.0,0.0,0.0,0.0,0.0,0.0,0.0,0.0,0.0,0.0,0.0,0.0,0.0,0.0,0.0,0.0,0.0,0.0,0.0,0.0,0.0,0.0,0.0,0.0,0.0,0.0,0.0,0.0,0.0,0.0,0.0,0.0,0.0,0.0,0.0,0.0,0.0,0.0,0.0,0.0,0.0,0.0,0.0,0.0,0.0,0.0,0.0,0.0,0.0,0.0,0.0,0.0,0.0,0.0,0.0,0.0,0.0
200706,0.0,0.0,0.0,0.0,0.0,0.0,0.0,0.0,0.0,0.0,0.0,0.0,0.0,0.0,0.0,0.0,0.0,0.0,0.0,0.0,0.0,0.0,0.0,0.0,0.0,0.0,0.0,0.0,0.0,0.0,0.0,0.0,0.0,0.0,0.0,0.0,0.0,0.0,0.0,0.0,0.0,0.0,0.0,0.0,0.0,0.0,0.0,0.0,0.0,0.0,0.0,0.0,0.0,0.0,0.0,0.0,0.0,0.0,0.0,0.0,0.0,0.0,0.0,0.0,0.0,0.0,0.0,0.0,0.0,0.0,0.0,0.0,0.0,0.0,0.0,0.0,0.0,0.0,0.0,0.0,0.0,0.0,0.0,0.0,0.0,0.0,0.0,0.0,0.0,0.0,0.0,0.0,0.0,0.0,0.0,0.0,0.0,0.0,0.0,0.0,0.0,0.0,0.0,0.0,0.0,0.0,0.0,0.0,0.0,0.0,0.0,0.0,0.0
200707,0.0,0.0,0.0,0.0,0.0,0.0,0.0,0.0,0.0,0.0,0.0,0.0,0.0,0.0,0.0,0.0,0.0,0.0,0.0,0.0,0.0,0.0,0.0,0.0,0.0,0.0,0.0,0.0,0.0,0.0,0.0,0.0,0.0,0.0,0.0,0.0,0.0,0.0,0.0,0.0,0.0,0.0,0.0,0.0,0.0,0.0,0.0,0.0,0.0,0.0,0.0,0.0,0.0,0.0,0.0,0.0,0.0,0.0,0.0,0.0,0.0,0.0,0.0,0.0,0.0,0.0,0.0,0.0,0.0,0.0,0.0,0.0,0.0,0.0,0.0,0.0,0.0,0.0,0.0,0.0,0.0,0.0,0.0,0.0,0.0,0.0,0.0,0.0,0.0,0.0,0.0,0.0,0.0,0.0,0.0,0.0,0.0,0.0,0.0,0.0,0.0,0.0,0.0,0.0,0.0,0.0,0.0,0.0,0.0,0.0,0.0,0.0,0.0
200708,0.0,0.0,0.0,0.0,0.0,0.0,0.0,0.0,0.0,0.0,0.0,0.0,0.0,0.0,0.0,0.0,0.0,0.0,0.0,0.0,0.0,0.0,0.0,0.0,0.0,0.0,0.0,0.0,0.0,0.0,0.0,0.0,0.0,0.0,0.0,0.0,0.0,0.0,0.0,0.0,0.0,0.0,0.0,0.0,0.0,0.0,0.0,0.0,0.0,0.0,0.0,0.0,0.0,0.0,0.0,0.0,0.0,0.0,0.0,0.0,0.0,0.0,0.0,0.0,0.0,0.0,0.0,0.0,0.0,0.0,0.0,0.0,0.0,0.0,0.0,0.0,0.0,0.0,0.0,0.0,0.0,0.0,0.0,0.0,0.0,0.0,0.0,0.0,0.0,0.0,0.0,0.0,0.0,0.0,0.0,0.0,0.0,0.0,0.0,0.0,0.0,0.0,0.0,0.0,0.0,0.0,0.0,0.0,0.0,0.0,0.0,0.0,0.0
200709,0.0,0.0,0.0,0.0,0.0,0.0,0.0,0.0,0.0,0.0,0.0,0.0,0.0,0.0,0.0,0.0,0.0,0.0,0.0,0.0,0.0,0.0,0.0,0.0,0.0,0.0,0.0,0.0,0.0,0.0,0.0,0.0,0.0,0.0,0.0,0.0,0.0,0.0,0.0,0.0,0.0,0.0,0.0,0.0,0.0,0.0,0.0,0.0,0.0,0.0,0.0,0.0,0.0,0.0,0.0,0.0,0.0,0.0,0.0,0.0,0.0,0.0,0.0,0.0,0.0,0.0,0.0,0.0,0.0,0.0,0.0,0.0,0.0,0.0,0.0,0.0,0.0,0.0,0.0,0.0,0.0,0.0,0.0,0.0,0.0,0.0,0.0,0.0,0.0,0.0,0.0,0.0,0.0,0.0,0.0,0.0,0.0,0.0,0.0,0.0,0.0,0.0,0.0,0.0,0.0,0.0,0.0,0.0,0.0,0.0,0.0,0.0,0.0
200710,0.0,0.0,0.0,0.0,0.0,0.0,0.0,0.0,0.0,0.0,0.0,0.0,0.0,0.0,0.0,0.0,0.0,0.0,0.0,0.0,0.0,0.0,0.0,0.0,0.0,0.0,0.0,0.0,0.0,0.0,0.0,0.0,0.0,0.0,0.0,0.0,0.0,0.0,0.0,0.0,0.0,0.0,0.0,0.0,0.0,0.0,0.0,0.0,0.0,0.0,0.0,0.0,0.0,0.0,0.0,0.0,0.0,0.0,0.0,0.0,0.0,0.0,0.0,0.0,0.0,0.0,0.0,0.0,0.0,0.0,0.0,0.0,0.0,0.0,0.0,0.0,0.0,0.0,0.0,0.0,0.0,0.0,0.0,0.0,0.0,0.0,0.0,0.0,0.0,0.0,0.0,0.0,0.0,0.0,0.0,0.0,0.0,0.0,0.0,0.0,0.0,0.0,0.0,0.0,0.0,0.0,0.0,0.0,0.0,0.0,0.0,0.0,0.0
200711,0.0,0.0,0.0,0.0,0.0,0.0,0.0,0.0,0.0,0.0,0.0,0.0,0.0,0.0,0.0,0.0,0.0,0.0,0.0,0.0,0.0,0.0,0.0,0.0,0.0,0.0,0.0,0.0,0.0,0.0,0.0,0.0,0.0,0.0,0.0,0.0,0.0,0.0,0.0,0.0,0.0,0.0,0.0,0.0,0.0,0.0,0.0,0.0,0.0,0.0,0.0,0.0,0.0,0.0,0.0,0.0,0.0,0.0,0.0,0.0,0.0,0.0,0.0,0.0,0.0,0.0,0.0,0.0,0.0,0.0,0.0,0.0,0.0,0.0,0.0,0.0,0.0,0.0,0.0,0.0,0.0,0.0,0.0,0.0,0.0,0.0,0.0,0.0,0.0,0.0,0.0,0.0,0.0,0.0,0.0,0.0,0.0,0.0,0.0,0.0,0.0,0.0,0.0,0.0,0.0,0.0,0.0,0.0,0.0,0.0,0.0,0.0,0.0
200712,0.0,0.0,0.0,0.0,0.0,0.0,0.0,0.0,0.0,0.0,0.0,0.0,0.0,0.0,0.0,0.0,0.0,0.0,0.0,0.0,0.0,0.0,0.0,0.0,0.0,0.0,0.0,0.0,0.0,0.0,0.0,0.0,0.0,0.0,0.0,0.0,0.0,0.0,0.0,0.0,0.0,0.0,0.0,0.0,0.0,0.0,0.0,0.0,0.0,0.0,0.0,0.0,0.0,0.0,0.0,0.0,0.0,0.0,0.0,0.0,0.0,0.0,0.0,0.0,0.0,0.0,0.0,0.0,0.0,0.0,0.0,0.0,0.0,0.0,0.0,0.0,0.0,0.0,0.0,0.0,0.0,0.0,0.0,0.0,0.0,0.0,0.0,0.0,0.0,0.0,0.0,0.0,0.0,0.0,0.0,0.0,0.0,0.0,0.0,0.0,0.0,0.0,0.0,0.0,0.0,0.0,0.0,0.0,0.0,0.0,0.0,0.0,0.0
200801,0.0,0.0,0.0,0.0,0.0,0.0,0.0,0.0,0.0,0.0,0.0,0.0,0.0,0.0,0.0,0.0,0.0,0.0,0.0,0.0,0.0,0.0,0.0,0.0,0.0,0.0,0.0,0.0,0.0,0.0,0.0,0.0,0.0,0.0,0.0,0.0,0.0,0.0,0.0,0.0,0.0,0.0,0.0,0.0,0.0,0.0,0.0,0.0,0.0,0.0,0.0,0.0,0.0,0.0,0.0,0.0,0.0,0.0,0.0,0.0,0.0,0.0,0.0,0.0,0.0,0.0,0.0,0.0,0.0,0.0,0.0,0.0,0.0,0.0,0.0,0.0,0.0,0.0,0.0,0.0,0.0,0.0,0.0,0.0,0.0,0.0,0.0,0.0,0.0,0.0,0.0,0.0,0.0,0.0,0.0,0.0,0.0,0.0,0.0,0.0,0.0,0.0,0.0,0.0,0.0,0.0,0.0,0.0,0.0,0.0,0.0,0.0,0.0
200802,0.0,0.0,0.0,0.0,0.0,0.0,0.0,0.0,0.0,0.0,0.0,0.0,0.0,0.0,0.0,0.0,0.0,0.0,0.0,0.0,0.0,0.0,0.0,0.0,0.0,0.0,0.0,0.0,0.0,0.0,0.0,0.0,0.0,0.0,0.0,0.0,0.0,0.0,0.0,0.0,0.0,0.0,0.0,0.0,0.0,0.0,0.0,0.0,0.0,0.0,0.0,0.0,0.0,0.0,0.0,0.0,0.0,0.0,0.0,0.0,0.0,0.0,0.0,0.0,0.0,0.0,0.0,0.0,0.0,0.0,0.0,0.0,0.0,0.0,0.0,0.0,0.0,0.0,0.0,0.0,0.0,0.0,0.0,0.0,0.0,0.0,0.0,0.0,0.0,0.0,0.0,0.0,0.0,0.0,0.0,0.0,0.0,0.0,0.0,0.0,0.0,0.0,0.0,0.0,0.0,0.0,0.0,0.0,0.0,0.0,0.0,0.0,0.0
200803,0.0,0.0,0.0,0.0,0.0,0.0,0.0,0.0,0.0,0.0,0.0,0.0,0.0,0.0,0.0,0.0,0.0,0.0,0.0,0.0,0.0,0.0,0.0,0.0,0.0,0.0,0.0,0.0,0.0,0.0,0.0,0.0,0.0,0.0,0.0,0.0,0.0,0.0,0.0,0.0,0.0,0.0,0.0,0.0,0.0,0.0,0.0,0.0,0.0,0.0,0.0,0.0,0.0,0.0,0.0,0.0,0.0,0.0,0.0,0.0,0.0,0.0,0.0,0.0,0.0,0.0,0.0,0.0,0.0,0.0,0.0,0.0,0.0,0.0,0.0,0.0,0.0,0.0,0.0,0.0,0.0,0.0,0.0,0.0,0.0,0.0,0.0,0.0,0.0,0.0,0.0,0.0,0.0,0.0,0.0,0.0,0.0,0.0,0.0,0.0,0.0,0.0,0.0,0.0,0.0,0.0,0.0,0.0,0.0,0.0,0.0,0.0,0.0
200804,0.0,0.0,0.0,0.0,0.0,0.0,0.0,0.0,0.0,0.0,0.0,0.0,0.0,0.0,0.0,0.0,0.0,0.0,0.0,0.0,0.0,0.0,0.0,0.0,0.0,0.0,0.0,0.0,0.0,0.0,0.0,0.0,0.0,0.0,0.0,0.0,0.0,0.0,0.0,0.0,0.0,0.0,0.0,0.0,0.0,0.0,0.0,0.0,0.0,0.0,0.0,0.0,0.0,0.0,0.0,0.0,0.0,0.0,0.0,0.0,0.0,0.0,0.0,0.0,0.0,0.0,0.0,0.0,0.0,0.0,0.0,0.0,0.0,0.0,0.0,0.0,0.0,0.0,0.0,0.0,0.0,0.0,0.0,0.0,0.0,0.0,0.0,0.0,0.0,0.0,0.0,0.0,0.0,0.0,0.0,0.0,0.0,0.0,0.0,0.0,0.0,0.0,0.0,0.0,0.0,0.0,0.0,0.0,0.0,0.0,0.0,0.0,0.0
200805,0.0,0.0,0.0,0.0,0.0,0.0,0.0,0.0,0.0,0.0,0.0,0.0,0.0,0.0,0.0,0.0,0.0,0.0,0.0,0.0,0.0,0.0,0.0,0.0,0.0,0.0,0.0,0.0,0.0,0.0,0.0,0.0,0.0,0.0,0.0,0.0,0.0,0.0,0.0,0.0,0.0,0.0,0.0,0.0,0.0,0.0,0.0,0.0,0.0,0.0,0.0,0.0,0.0,0.0,0.0,0.0,0.0,0.0,0.0,0.0,0.0,0.0,0.0,0.0,0.0,0.0,0.0,0.0,0.0,0.0,0.0,0.0,0.0,0.0,0.0,0.0,0.0,0.0,0.0,0.0,0.0,0.0,0.0,0.0,0.0,0.0,0.0,0.0,0.0,0.0,0.0,0.0,0.0,0.0,0.0,0.0,0.0,0.0,0.0,0.0,0.0,0.0,0.0,0.0,0.0,0.0,0.0,0.0,0.0,0.0,0.0,0.0,0.0
200806,0.0,0.0,0.0,0.0,0.0,0.0,0.0,0.0,0.0,0.0,0.0,0.0,0.0,0.0,0.0,0.0,0.0,0.0,0.0,0.0,0.0,0.0,0.0,0.0,0.0,0.0,0.0,0.0,0.0,0.0,0.0,0.0,0.0,0.0,0.0,0.0,0.0,0.0,0.0,0.0,0.0,0.0,0.0,0.0,0.0,0.0,0.0,0.0,0.0,0.0,0.0,0.0,0.0,0.0,0.0,0.0,0.0,0.0,0.0,0.0,0.0,0.0,0.0,0.0,0.0,0.0,0.0,0.0,0.0,0.0,0.0,0.0,0.0,0.0,0.0,0.0,0.0,0.0,0.0,0.0,0.0,0.0,0.0,0.0,0.0,0.0,0.0,0.0,0.0,0.0,0.0,0.0,0.0,0.0,0.0,0.0,0.0,0.0,0.0,0.0,0.0,0.0,0.0,0.0,0.0,0.0,0.0,0.0,0.0,0.0,0.0,0.0,0.0
200807,0.0,0.0,0.0,0.0,0.0,0.0,0.0,0.0,0.0,0.0,0.0,0.0,0.0,0.0,0.0,0.0,0.0,0.0,0.0,0.0,0.0,0.0,0.0,0.0,0.0,0.0,0.0,0.0,0.0,0.0,0.0,0.0,0.0,0.0,0.0,0.0,0.0,0.0,0.0,0.0,0.0,0.0,0.0,0.0,0.0,0.0,0.0,0.0,0.0,0.0,0.0,0.0,0.0,0.0,0.0,0.0,0.0,0.0,0.0,0.0,0.0,0.0,0.0,0.0,0.0,0.0,0.0,0.0,0.0,0.0,0.0,0.0,0.0,0.0,0.0,0.0,0.0,0.0,0.0,0.0,0.0,0.0,0.0,0.0,0.0,0.0,0.0,0.0,0.0,0.0,0.0,0.0,0.0,0.0,0.0,0.0,0.0,0.0,0.0,0.0,0.0,0.0,0.0,0.0,0.0,0.0,0.0,0.0,0.0,0.0,0.0,0.0,0.0
200808,0.0,0.0,0.0,0.0,0.0,0.0,0.0,0.0,0.0,0.0,0.0,0.0,0.0,0.0,0.0,0.0,0.0,0.0,0.0,0.0,0.0,0.0,0.0,0.0,0.0,0.0,0.0,0.0,0.0,0.0,0.0,0.0,0.0,0.0,0.0,0.0,0.0,0.0,0.0,0.0,0.0,0.0,0.0,0.0,0.0,0.0,0.0,0.0,0.0,0.0,0.0,0.0,0.0,0.0,0.0,0.0,0.0,0.0,0.0,0.0,0.0,0.0,0.0,0.0,0.0,0.0,0.0,0.0,0.0,0.0,0.0,0.0,0.0,0.0,0.0,0.0,0.0,0.0,0.0,0.0,0.0,0.0,0.0,0.0,0.0,0.0,0.0,0.0,0.0,0.0,0.0,0.0,0.0,0.0,0.0,0.0,0.0,0.0,0.0,0.0,0.0,0.0,0.0,0.0,0.0,0.0,0.0,0.0,0.0,0.0,0.0,0.0,0.0
200809,0.0,0.0,0.0,0.0,0.0,0.0,0.0,0.0,0.0,0.0,0.0,0.0,0.0,0.0,0.0,0.0,0.0,0.0,0.0,0.0,0.0,0.0,0.0,0.0,0.0,0.0,0.0,0.0,0.0,0.0,0.0,0.0,0.0,0.0,0.0,0.0,0.0,0.0,0.0,0.0,0.0,0.0,0.0,0.0,0.0,0.0,0.0,0.0,0.0,0.0,0.0,0.0,0.0,0.0,0.0,0.0,0.0,0.0,0.0,0.0,0.0,0.0,0.0,0.0,0.0,0.0,0.0,0.0,0.0,0.0,0.0,0.0,0.0,0.0,0.0,0.0,0.0,0.0,0.0,0.0,0.0,0.0,0.0,0.0,0.0,0.0,0.0,0.0,0.0,0.0,0.0,0.0,0.0,0.0,0.0,0.0,0.0,0.0,0.0,0.0,0.0,0.0,0.0,0.0,0.0,0.0,0.0,0.0,0.0,0.0,0.0,0.0,0.0
200810,0.0,0.0,0.0,0.0,0.0,0.0,0.0,0.0,0.0,0.0,0.0,0.0,0.0,0.0,0.0,0.0,0.0,0.0,0.0,0.0,0.0,0.0,0.0,0.0,0.0,0.0,0.0,0.0,0.0,0.0,0.0,0.0,0.0,0.0,0.0,0.0,0.0,0.0,0.0,0.0,0.0,0.0,0.0,0.0,0.0,0.0,0.0,0.0,0.0,0.0,0.0,0.0,0.0,0.0,0.0,0.0,0.0,0.0,0.0,0.0,0.0,0.0,0.0,0.0,0.0,0.0,0.0,0.0,0.0,0.0,0.0,0.0,0.0,0.0,0.0,0.0,0.0,0.0,0.0,0.0,0.0,0.0,0.0,0.0,0.0,0.0,0.0,0.0,0.0,0.0,0.0,0.0,0.0,0.0,0.0,0.0,0.0,0.0,0.0,0.0,0.0,0.0,0.0,0.0,0.0,0.0,0.0,0.0,0.0,0.0,0.0,0.0,0.0
200811,0.0,0.0,0.0,0.0,0.0,0.0,0.0,0.0,0.0,0.0,0.0,0.0,0.0,0.0,0.0,0.0,0.0,0.0,0.0,0.0,0.0,0.0,0.0,0.0,0.0,0.0,0.0,0.0,0.0,0.0,0.0,0.0,0.0,0.0,0.0,0.0,0.0,0.0,0.0,0.0,0.0,0.0,0.0,0.0,0.0,0.0,0.0,0.0,0.0,0.0,0.0,0.0,0.0,0.0,0.0,0.0,0.0,0.0,0.0,0.0,0.0,0.0,0.0,0.0,0.0,0.0,0.0,0.0,0.0,0.0,0.0,0.0,0.0,0.0,0.0,0.0,0.0,0.0,0.0,0.0,0.0,0.0,0.0,0.0,0.0,0.0,0.0,0.0,0.0,0.0,0.0,0.0,0.0,0.0,0.0,0.0,0.0,0.0,0.0,0.0,0.0,0.0,0.0,0.0,0.0,0.0,0.0,0.0,0.0,0.0,0.0,0.0,0.0
200812,0.0,0.0,0.0,0.0,0.0,0.0,0.0,0.0,0.0,0.0,0.0,0.0,0.0,0.0,0.0,0.0,0.0,0.0,0.0,0.0,0.0,0.0,0.0,0.0,0.0,0.0,0.0,0.0,0.0,0.0,0.0,0.0,0.0,0.0,0.0,0.0,0.0,0.0,0.0,0.0,0.0,0.0,0.0,0.0,0.0,0.0,0.0,0.0,0.0,0.0,0.0,0.0,0.0,0.0,0.0,0.0,0.0,0.0,0.0,0.0,0.0,0.0,0.0,0.0,0.0,0.0,0.0,0.0,0.0,0.0,0.0,0.0,0.0,0.0,0.0,0.0,0.0,0.0,0.0,0.0,0.0,0.0,0.0,0.0,0.0,0.0,0.0,0.0,0.0,0.0,0.0,0.0,0.0,0.0,0.0,0.0,0.0,0.0,0.0,0.0,0.0,0.0,0.0,0.0,0.0,0.0,0.0,0.0,0.0,0.0,0.0,0.0,0.0
200901,0.0,0.0,0.0,0.0,0.0,0.0,0.0,0.0,0.0,0.0,0.0,0.0,0.0,0.0,0.0,0.0,0.0,0.0,0.0,0.0,0.0,0.0,0.0,0.0,0.0,0.0,0.0,0.0,0.0,0.0,0.0,0.0,0.0,0.0,0.0,0.0,0.0,0.0,0.0,0.0,0.0,0.0,0.0,0.0,0.0,0.0,0.0,0.0,0.0,0.0,0.0,0.0,0.0,0.0,0.0,0.0,0.0,0.0,0.0,0.0,0.0,0.0,0.0,0.0,0.0,0.0,0.0,0.0,0.0,0.0,0.0,0.0,0.0,0.0,0.0,0.0,0.0,0.0,0.0,0.0,0.0,0.0,0.0,0.0,0.0,0.0,0.0,0.0,0.0,0.0,0.0,0.0,0.0,0.0,0.0,0.0,0.0,0.0,0.0,0.0,0.0,0.0,0.0,0.0,0.0,0.0,0.0,0.0,0.0,0.0,0.0,0.0,0.0
200902,0.0,0.0,0.0,0.0,0.0,0.0,0.0,0.0,0.0,0.0,0.0,0.0,0.0,0.0,0.0,0.0,0.0,0.0,0.0,0.0,0.0,0.0,0.0,0.0,0.0,0.0,0.0,0.0,0.0,0.0,0.0,0.0,0.0,0.0,0.0,0.0,0.0,0.0,0.0,0.0,0.0,0.0,0.0,0.0,0.0,0.0,0.0,0.0,0.0,0.0,0.0,0.0,0.0,0.0,0.0,0.0,0.0,0.0,0.0,0.0,0.0,0.0,0.0,0.0,0.0,0.0,0.0,0.0,0.0,0.0,0.0,0.0,0.0,0.0,0.0,0.0,0.0,0.0,0.0,0.0,0.0,0.0,0.0,0.0,0.0,0.0,0.0,0.0,0.0,0.0,0.0,0.0,0.0,0.0,0.0,0.0,0.0,0.0,0.0,0.0,0.0,0.0,0.0,0.0,0.0,0.0,0.0,0.0,0.0,0.0,0.0,0.0,0.0
200903,0.0,0.0,0.0,0.0,0.0,0.0,0.0,0.0,0.0,0.0,0.0,0.0,0.0,0.0,0.0,0.0,0.0,0.0,0.0,0.0,0.0,0.0,0.0,0.0,0.0,0.0,0.0,0.0,0.0,0.0,0.0,0.0,0.0,0.0,0.0,0.0,0.0,0.0,0.0,0.0,0.0,0.0,0.0,0.0,0.0,0.0,0.0,0.0,0.0,0.0,0.0,0.0,0.0,0.0,0.0,0.0,0.0,0.0,0.0,0.0,0.0,0.0,0.0,0.0,0.0,0.0,0.0,0.0,0.0,0.0,0.0,0.0,0.0,0.0,0.0,0.0,0.0,0.0,0.0,0.0,0.0,0.0,0.0,0.0,0.0,0.0,0.0,0.0,0.0,0.0,0.0,0.0,0.0,0.0,0.0,0.0,0.0,0.0,0.0,0.0,0.0,0.0,0.0,0.0,0.0,0.0,0.0,0.0,0.0,0.0,0.0,0.0,0.0
200904,0.0,0.0,0.0,0.0,0.0,0.0,0.0,0.0,0.0,0.0,0.0,0.0,0.0,0.0,0.0,0.0,0.0,0.0,0.0,0.0,0.0,0.0,0.0,0.0,0.0,0.0,0.0,0.0,0.0,0.0,0.0,0.0,0.0,0.0,0.0,0.0,0.0,0.0,0.0,0.0,0.0,0.0,0.0,0.0,0.0,0.0,0.0,0.0,0.0,0.0,0.0,0.0,0.0,0.0,0.0,0.0,0.0,0.0,0.0,0.0,0.0,0.0,0.0,0.0,0.0,0.0,0.0,0.0,0.0,0.0,0.0,0.0,0.0,0.0,0.0,0.0,0.0,0.0,0.0,0.0,0.0,0.0,0.0,0.0,0.0,0.0,0.0,0.0,0.0,0.0,0.0,0.0,0.0,0.0,0.0,0.0,0.0,0.0,0.0,0.0,0.0,0.0,0.0,0.0,0.0,0.0,0.0,0.0,0.0,0.0,0.0,0.0,0.0
200905,0.0,0.0,0.0,0.0,0.0,0.0,0.0,0.0,0.0,0.0,0.0,0.0,0.0,0.0,0.0,0.0,0.0,0.0,0.0,0.0,0.0,0.0,0.0,0.0,0.0,0.0,0.0,0.0,0.0,0.0,0.0,0.0,0.0,0.0,0.0,0.0,0.0,0.0,0.0,0.0,0.0,0.0,0.0,0.0,0.0,0.0,0.0,0.0,0.0,0.0,0.0,0.0,0.0,0.0,0.0,0.0,0.0,0.0,0.0,0.0,0.0,0.0,0.0,0.0,0.0,0.0,0.0,0.0,0.0,0.0,0.0,0.0,0.0,0.0,0.0,0.0,0.0,0.0,0.0,0.0,0.0,0.0,0.0,0.0,0.0,0.0,0.0,0.0,0.0,0.0,0.0,0.0,0.0,0.0,0.0,0.0,0.0,0.0,0.0,0.0,0.0,0.0,0.0,0.0,0.0,0.0,0.0,0.0,0.0,0.0,0.0,0.0,0.0
200906,0.0,0.0,0.0,0.0,0.0,0.0,0.0,0.0,0.0,0.0,0.0,0.0,0.0,0.0,0.0,0.0,0.0,0.0,0.0,0.0,0.0,0.0,0.0,0.0,0.0,0.0,0.0,0.0,0.0,0.0,0.0,0.0,0.0,0.0,0.0,0.0,0.0,0.0,0.0,0.0,0.0,0.0,0.0,0.0,0.0,0.0,0.0,0.0,0.0,0.0,0.0,0.0,0.0,0.0,0.0,0.0,0.0,0.0,0.0,0.0,0.0,0.0,0.0,0.0,0.0,0.0,0.0,0.0,0.0,0.0,0.0,0.0,0.0,0.0,0.0,0.0,0.0,0.0,0.0,0.0,0.0,0.0,0.0,0.0,0.0,0.0,0.0,0.0,0.0,0.0,0.0,0.0,0.0,0.0,0.0,0.0,0.0,0.0,0.0,0.0,0.0,0.0,0.0,0.0,0.0,0.0,0.0,0.0,0.0,0.0,0.0,0.0,0.0
200907,0.0,0.0,0.0,0.0,0.0,0.0,0.0,0.0,0.0,0.0,0.0,0.0,0.0,0.0,0.0,0.0,0.0,0.0,0.0,0.0,0.0,0.0,0.0,0.0,0.0,0.0,0.0,0.0,0.0,0.0,0.0,0.0,0.0,0.0,0.0,0.0,0.0,0.0,0.0,0.0,0.0,0.0,0.0,0.0,0.0,0.0,0.0,0.0,0.0,0.0,0.0,0.0,0.0,0.0,0.0,0.0,0.0,0.0,0.0,0.0,0.0,0.0,0.0,0.0,0.0,0.0,0.0,0.0,0.0,0.0,0.0,0.0,0.0,0.0,0.0,0.0,0.0,0.0,0.0,0.0,0.0,0.0,0.0,0.0,0.0,0.0,0.0,0.0,0.0,0.0,0.0,0.0,0.0,0.0,0.0,0.0,0.0,0.0,0.0,0.0,0.0,0.0,0.0,0.0,0.0,0.0,0.0,0.0,0.0,0.0,0.0,0.0,0.0
200908,0.0,0.0,0.0,0.0,0.0,0.0,0.0,0.0,0.0,0.0,0.0,0.0,0.0,0.0,0.0,0.0,0.0,0.0,0.0,0.0,0.0,0.0,0.0,0.0,0.0,0.0,0.0,0.0,0.0,0.0,0.0,0.0,0.0,0.0,0.0,0.0,0.0,0.0,0.0,0.0,0.0,0.0,0.0,0.0,0.0,0.0,0.0,0.0,0.0,0.0,0.0,0.0,0.0,0.0,0.0,0.0,0.0,0.0,0.0,0.0,0.0,0.0,0.0,0.0,0.0,0.0,0.0,0.0,0.0,0.0,0.0,0.0,0.0,0.0,0.0,0.0,0.0,0.0,0.0,0.0,0.0,0.0,0.0,0.0,0.0,0.0,0.0,0.0,0.0,0.0,0.0,0.0,0.0,0.0,0.0,0.0,0.0,0.0,0.0,0.0,0.0,0.0,0.0,0.0,0.0,0.0,0.0,0.0,0.0,0.0,0.0,0.0,0.0
200909,0.0,0.0,0.0,0.0,0.0,0.0,0.0,0.0,0.0,0.0,0.0,0.0,0.0,0.0,0.0,0.0,0.0,0.0,0.0,0.0,0.0,0.0,0.0,0.0,0.0,0.0,0.0,0.0,0.0,0.0,0.0,0.0,0.0,0.0,0.0,0.0,0.0,0.0,0.0,0.0,0.0,0.0,0.0,0.0,0.0,0.0,0.0,0.0,0.0,0.0,0.0,0.0,0.0,0.0,0.0,0.0,0.0,0.0,0.0,0.0,0.0,0.0,0.0,0.0,0.0,0.0,0.0,0.0,0.0,0.0,0.0,0.0,0.0,0.0,0.0,0.0,0.0,0.0,0.0,0.0,0.0,0.0,0.0,0.0,0.0,0.0,0.0,0.0,0.0,0.0,0.0,0.0,0.0,0.0,0.0,0.0,0.0,0.0,0.0,0.0,0.0,0.0,0.0,0.0,0.0,0.0,0.0,0.0,0.0,0.0,0.0,0.0,0.0
200910,0.0,0.0,0.0,0.0,0.0,0.0,0.0,0.0,0.0,0.0,0.0,0.0,0.0,0.0,0.0,0.0,0.0,0.0,0.0,0.0,0.0,0.0,0.0,0.0,0.0,0.0,0.0,0.0,0.0,0.0,0.0,0.0,0.0,0.0,0.0,0.0,0.0,0.0,0.0,0.0,0.0,0.0,0.0,0.0,0.0,0.0,0.0,0.0,0.0,0.0,0.0,0.0,0.0,0.0,0.0,0.0,0.0,0.0,0.0,0.0,0.0,0.0,0.0,0.0,0.0,0.0,0.0,0.0,0.0,0.0,0.0,0.0,0.0,0.0,0.0,0.0,0.0,0.0,0.0,0.0,0.0,0.0,0.0,0.0,0.0,0.0,0.0,0.0,0.0,0.0,0.0,0.0,0.0,0.0,0.0,0.0,0.0,0.0,0.0,0.0,0.0,0.0,0.0,0.0,0.0,0.0,0.0,0.0,0.0,0.0,0.0,0.0,0.0
200911,0.0,0.0,0.0,0.0,0.0,0.0,0.0,0.0,0.0,0.0,0.0,0.0,0.0,0.0,0.0,0.0,0.0,0.0,0.0,0.0,0.0,0.0,0.0,0.0,0.0,0.0,0.0,0.0,0.0,0.0,0.0,0.0,0.0,0.0,0.0,0.0,0.0,0.0,0.0,0.0,0.0,0.0,0.0,0.0,0.0,0.0,0.0,0.0,0.0,0.0,0.0,0.0,0.0,0.0,0.0,0.0,0.0,0.0,0.0,0.0,0.0,0.0,0.0,0.0,0.0,0.0,0.0,0.0,0.0,0.0,0.0,0.0,0.0,0.0,0.0,0.0,0.0,0.0,0.0,0.0,0.0,0.0,0.0,0.0,0.0,0.0,0.0,0.0,0.0,0.0,0.0,0.0,0.0,0.0,0.0,0.0,0.0,0.0,0.0,0.0,0.0,0.0,0.0,0.0,0.0,0.0,0.0,0.0,0.0,0.0,0.0,0.0,0.0
200912,0.0,0.0,0.0,0.0,0.0,0.0,0.0,0.0,0.0,0.0,0.0,0.0,0.0,0.0,0.0,0.0,0.0,0.0,0.0,0.0,0.0,0.0,0.0,0.0,0.0,0.0,0.0,0.0,0.0,0.0,0.0,0.0,0.0,0.0,0.0,0.0,0.0,0.0,0.0,0.0,0.0,0.0,0.0,0.0,0.0,0.0,0.0,0.0,0.0,0.0,0.0,0.0,0.0,0.0,0.0,0.0,0.0,0.0,0.0,0.0,0.0,0.0,0.0,0.0,0.0,0.0,0.0,0.0,0.0,0.0,0.0,0.0,0.0,0.0,0.0,0.0,0.0,0.0,0.0,0.0,0.0,0.0,0.0,0.0,0.0,0.0,0.0,0.0,0.0,0.0,0.0,0.0,0.0,0.0,0.0,0.0,0.0,0.0,0.0,0.0,0.0,0.0,0.0,0.0,0.0,0.0,0.0,0.0,0.0,0.0,0.0,0.0,0.0
201001,0.0,0.0,0.0,0.0,0.0,0.0,0.0,0.0,0.0,0.0,0.0,0.0,0.0,0.0,0.0,0.0,0.0,0.0,0.0,0.0,0.0,0.0,0.0,0.0,0.0,0.0,0.0,0.0,0.0,0.0,0.0,0.0,0.0,0.0,0.0,0.0,0.0,0.0,0.0,0.0,0.0,0.0,0.0,0.0,0.0,0.0,0.0,0.0,0.0,0.0,0.0,0.0,0.0,0.0,0.0,0.0,0.0,0.0,0.0,0.0,0.0,0.0,0.0,0.0,0.0,0.0,0.0,0.0,0.0,0.0,0.0,0.0,0.0,0.0,0.0,0.0,0.0,0.0,0.0,0.0,0.0,0.0,0.0,0.0,0.0,0.0,0.0,0.0,0.0,0.0,0.0,0.0,0.0,0.0,0.0,0.0,0.0,0.0,0.0,0.0,0.0,0.0,0.0,0.0,0.0,0.0,0.0,0.0,0.0,0.0,0.0,0.0,0.0
201002,0.0,0.0,0.0,0.0,0.0,0.0,0.0,0.0,0.0,0.0,0.0,0.0,0.0,0.0,0.0,0.0,0.0,0.0,0.0,0.0,0.0,0.0,0.0,0.0,0.0,0.0,0.0,0.0,0.0,0.0,0.0,0.0,0.0,0.0,0.0,0.0,0.0,0.0,0.0,0.0,0.0,0.0,0.0,0.0,0.0,0.0,0.0,0.0,0.0,0.0,0.0,0.0,0.0,0.0,0.0,0.0,0.0,0.0,0.0,0.0,0.0,0.0,0.0,0.0,0.0,0.0,0.0,0.0,0.0,0.0,0.0,0.0,0.0,0.0,0.0,0.0,0.0,0.0,0.0,0.0,0.0,0.0,0.0,0.0,0.0,0.0,0.0,0.0,0.0,0.0,0.0,0.0,0.0,0.0,0.0,0.0,0.0,0.0,0.0,0.0,0.0,0.0,0.0,0.0,0.0,0.0,0.0,0.0,0.0,0.0,0.0,0.0,0.0
201003,0.0,0.0,0.0,0.0,0.0,0.0,0.0,0.0,0.0,0.0,0.0,0.0,0.0,0.0,0.0,0.0,0.0,0.0,0.0,0.0,0.0,0.0,0.0,0.0,0.0,0.0,0.0,0.0,0.0,0.0,0.0,0.0,0.0,0.0,0.0,0.0,0.0,0.0,0.0,0.0,0.0,0.0,0.0,0.0,0.0,0.0,0.0,0.0,0.0,0.0,0.0,0.0,0.0,0.0,0.0,0.0,0.0,0.0,0.0,0.0,0.0,0.0,0.0,0.0,0.0,0.0,0.0,0.0,0.0,0.0,0.0,0.0,0.0,0.0,0.0,0.0,0.0,0.0,0.0,0.0,0.0,0.0,0.0,0.0,0.0,0.0,0.0,0.0,0.0,0.0,0.0,0.0,0.0,0.0,0.0,0.0,0.0,0.0,0.0,0.0,0.0,0.0,0.0,0.0,0.0,0.0,0.0,0.0,0.0,0.0,0.0,0.0,0.0
201004,0.0,0.0,0.0,0.0,0.0,0.0,0.0,0.0,0.0,0.0,0.0,0.0,0.0,0.0,0.0,0.0,0.0,0.0,0.0,0.0,0.0,0.0,0.0,0.0,0.0,0.0,0.0,0.0,0.0,0.0,0.0,0.0,0.0,0.0,0.0,0.0,0.0,0.0,0.0,0.0,0.0,0.0,0.0,0.0,0.0,0.0,0.0,0.0,0.0,0.0,0.0,0.0,0.0,0.0,0.0,0.0,0.0,0.0,0.0,0.0,0.0,0.0,0.0,0.0,0.0,0.0,0.0,0.0,0.0,0.0,0.0,0.0,0.0,0.0,0.0,0.0,0.0,0.0,0.0,0.0,0.0,0.0,0.0,0.0,0.0,0.0,0.0,0.0,0.0,0.0,0.0,0.0,0.0,0.0,0.0,0.0,0.0,0.0,0.0,0.0,0.0,0.0,0.0,0.0,0.0,0.0,0.0,0.0,0.0,0.0,0.0,0.0,0.0
201005,0.0,0.0,0.0,0.0,0.0,0.0,0.0,0.0,0.0,0.0,0.0,0.0,0.0,0.0,0.0,0.0,0.0,0.0,0.0,0.0,0.0,0.0,0.0,0.0,0.0,0.0,0.0,0.0,0.0,0.0,0.0,0.0,0.0,0.0,0.0,0.0,0.0,0.0,0.0,0.0,0.0,0.0,0.0,0.0,0.0,0.0,0.0,0.0,0.0,0.0,0.0,0.0,0.0,0.0,0.0,0.0,0.0,0.0,0.0,0.0,0.0,0.0,0.0,0.0,0.0,0.0,0.0,0.0,0.0,0.0,0.0,0.0,0.0,0.0,0.0,0.0,0.0,0.0,0.0,0.0,0.0,0.0,0.0,0.0,0.0,0.0,0.0,0.0,0.0,0.0,0.0,0.0,0.0,0.0,0.0,0.0,0.0,0.0,0.0,0.0,0.0,0.0,0.0,0.0,0.0,0.0,0.0,0.0,0.0,0.0,0.0,0.0,0.0
201006,0.0,0.0,0.0,0.0,0.0,0.0,0.0,0.0,0.0,0.0,0.0,0.0,0.0,0.0,0.0,0.0,0.0,0.0,0.0,0.0,0.0,0.0,0.0,0.0,0.0,0.0,0.0,0.0,0.0,0.0,0.0,0.0,0.0,0.0,0.0,0.0,0.0,0.0,0.0,0.0,0.0,0.0,0.0,0.0,0.0,0.0,0.0,0.0,0.0,0.0,0.0,0.0,0.0,0.0,0.0,0.0,0.0,0.0,0.0,0.0,0.0,0.0,0.0,0.0,0.0,0.0,0.0,0.0,0.0,0.0,0.0,0.0,0.0,0.0,0.0,0.0,0.0,0.0,0.0,0.0,0.0,0.0,0.0,0.0,0.0,0.0,0.0,0.0,0.0,0.0,0.0,0.0,0.0,0.0,0.0,0.0,0.0,0.0,0.0,0.0,0.0,0.0,0.0,0.0,0.0,0.0,0.0,0.0,0.0,0.0,0.0,0.0,0.0
201007,0.0,0.0,0.0,0.0,0.0,0.0,0.0,0.0,0.0,0.0,0.0,0.0,0.0,0.0,0.0,0.0,0.0,0.0,0.0,0.0,0.0,0.0,0.0,0.0,0.0,0.0,0.0,0.0,0.0,0.0,0.0,0.0,0.0,0.0,0.0,0.0,0.0,0.0,0.0,0.0,0.0,0.0,0.0,0.0,0.0,0.0,0.0,0.0,0.0,0.0,0.0,0.0,0.0,0.0,0.0,0.0,0.0,0.0,0.0,0.0,0.0,0.0,0.0,0.0,0.0,0.0,0.0,0.0,0.0,0.0,0.0,0.0,0.0,0.0,0.0,0.0,0.0,0.0,0.0,0.0,0.0,0.0,0.0,0.0,0.0,0.0,0.0,0.0,0.0,0.0,0.0,0.0,0.0,0.0,0.0,0.0,0.0,0.0,0.0,0.0,0.0,0.0,0.0,0.0,0.0,0.0,0.0,0.0,0.0,0.0,0.0,0.0,0.0
201008,0.0,0.0,0.0,0.0,0.0,0.0,0.0,0.0,0.0,0.0,0.0,0.0,0.0,0.0,0.0,0.0,0.0,0.0,0.0,0.0,0.0,0.0,0.0,0.0,0.0,0.0,0.0,0.0,0.0,0.0,0.0,0.0,0.0,0.0,0.0,0.0,0.0,0.0,0.0,0.0,0.0,0.0,0.0,0.0,0.0,0.0,0.0,0.0,0.0,0.0,0.0,0.0,0.0,0.0,0.0,0.0,0.0,0.0,0.0,0.0,0.0,0.0,0.0,0.0,0.0,0.0,0.0,0.0,0.0,0.0,0.0,0.0,0.0,0.0,0.0,0.0,0.0,0.0,0.0,0.0,0.0,0.0,0.0,0.0,0.0,0.0,0.0,0.0,0.0,0.0,0.0,0.0,0.0,0.0,0.0,0.0,0.0,0.0,0.0,0.0,0.0,0.0,0.0,0.0,0.0,0.0,0.0,0.0,0.0,0.0,0.0,0.0,0.0
201009,0.0,0.0,0.0,0.0,0.0,0.0,0.0,0.0,0.0,0.0,0.0,0.0,0.0,0.0,0.0,0.0,0.0,0.0,0.0,0.0,0.0,0.0,0.0,0.0,0.0,0.0,0.0,0.0,0.0,0.0,0.0,0.0,0.0,0.0,0.0,0.0,0.0,0.0,0.0,0.0,0.0,0.0,0.0,0.0,0.0,0.0,0.0,0.0,0.0,0.0,0.0,0.0,0.0,0.0,0.0,0.0,0.0,0.0,0.0,0.0,0.0,0.0,0.0,0.0,0.0,0.0,0.0,0.0,0.0,0.0,0.0,0.0,0.0,0.0,0.0,0.0,0.0,0.0,0.0,0.0,0.0,0.0,0.0,0.0,0.0,0.0,0.0,0.0,0.0,0.0,0.0,0.0,0.0,0.0,0.0,0.0,0.0,0.0,0.0,0.0,0.0,0.0,0.0,0.0,0.0,0.0,0.0,0.0,0.0,0.0,0.0,0.0,0.0
201010,0.0,0.0,0.0,0.0,0.0,0.0,0.0,0.0,0.0,0.0,0.0,0.0,0.0,0.0,0.0,0.0,0.0,0.0,0.0,0.0,0.0,0.0,0.0,0.0,0.0,0.0,0.0,0.0,0.0,0.0,0.0,0.0,0.0,0.0,0.0,0.0,0.0,0.0,0.0,0.0,0.0,0.0,0.0,0.0,0.0,0.0,0.0,0.0,0.0,0.0,0.0,0.0,0.0,0.0,0.0,0.0,0.0,0.0,0.0,0.0,0.0,0.0,0.0,0.0,0.0,0.0,0.0,0.0,0.0,0.0,0.0,0.0,0.0,0.0,0.0,0.0,0.0,0.0,0.0,0.0,0.0,0.0,0.0,0.0,0.0,0.0,0.0,0.0,0.0,0.0,0.0,0.0,0.0,0.0,0.0,0.0,0.0,0.0,0.0,0.0,0.0,0.0,0.0,0.0,0.0,0.0,0.0,0.0,0.0,0.0,0.0,0.0,0.0
201011,0.0,0.0,0.0,0.0,0.0,0.0,0.0,0.0,0.0,0.0,0.0,0.0,0.0,0.0,0.0,0.0,0.0,0.0,0.0,0.0,0.0,0.0,0.0,0.0,0.0,0.0,0.0,0.0,0.0,0.0,0.0,0.0,0.0,0.0,0.0,0.0,0.0,0.0,0.0,0.0,0.0,0.0,0.0,0.0,0.0,0.0,0.0,0.0,0.0,0.0,0.0,0.0,0.0,0.0,0.0,0.0,0.0,0.0,0.0,0.0,0.0,0.0,0.0,0.0,0.0,0.0,0.0,0.0,0.0,0.0,0.0,0.0,0.0,0.0,0.0,0.0,0.0,0.0,0.0,0.0,0.0,0.0,0.0,0.0,0.0,0.0,0.0,0.0,0.0,0.0,0.0,0.0,0.0,0.0,0.0,0.0,0.0,0.0,0.0,0.0,0.0,0.0,0.0,0.0,0.0,0.0,0.0,0.0,0.0,0.0,0.0,0.0,0.0
201012,0.0,0.0,0.0,0.0,0.0,0.0,0.0,0.0,0.0,0.0,0.0,0.0,0.0,0.0,0.0,0.0,0.0,0.0,0.0,0.0,0.0,0.0,0.0,0.0,0.0,0.0,0.0,0.0,0.0,0.0,0.0,0.0,0.0,0.0,0.0,0.0,0.0,0.0,0.0,0.0,0.0,0.0,0.0,0.0,0.0,0.0,0.0,0.0,0.0,0.0,0.0,0.0,0.0,0.0,0.0,0.0,0.0,0.0,0.0,0.0,0.0,0.0,0.0,0.0,0.0,0.0,0.0,0.0,0.0,0.0,0.0,0.0,0.0,0.0,0.0,0.0,0.0,0.0,0.0,0.0,0.0,0.0,0.0,0.0,0.0,0.0,0.0,0.0,0.0,0.0,0.0,0.0,0.0,0.0,0.0,0.0,0.0,0.0,0.0,0.0,0.0,0.0,0.0,0.0,0.0,0.0,0.0,0.0,0.0,0.0,0.0,0.0,0.0
201101,0.0021830012756172547,0.00023806402431383018,0.0008753052333603473,0.0004297691289123727,0.0009141618058817392,0.0003710059631321099,0.0015027884410639858,0.000651987729917866,0.001958270476988404,0.00079438695240938,0.0009492685141461122,0.0014621220617500748,0.005806360387313919,5.203056240732501e-05,0.0011684252272543283,0.0009265201814310702,0.0022620626141820078,0.0007493561514182707,0.0008555277754853651,0.0006138723431885508,0.0010962854200063524,0.0009536322064306075,0.00013501225131801824,0.0006020074740571408,0.0003960310859317655,0.002497133878548778,0.001277319883431717,0.0011726105791919556,0.0007339198000802682,0.0003437252972925485,0.0009247288590428724,0.00048737031478527363,7.250981583961163e-06,0.0003655016275219737,0.000454607138486833,0.0018217825140700201,0.001444309632491504,0.0022900210462240655,6.249595706541668e-05,0.0002470055904649464,0.00014901943166304165,0.0013290836286793033,0.0005552641221680202,0.005124435436432126,0.002038527661284849,0.0005418437189065484,0.0022681067067838925,0.0024359212196903937,0.007106614687504926,0.001739469898577509,0.001554649103199443,0.0030993832882976425,0.0010569878989502666,0.002072868055182681,4.764146612529713e-05,0.0,0.0010386997869254937,0.0028675885210830846,0.00010087190914108315,0.001152229506898479,0.0006888821039367554,0.0017663700916211924,0.002692621980212538,0.008009063845721979,0.001202042295056649,0.006984468532239412,0.0038365737029922046,0.00037611451841564763,0.003167819721152778,0.0013583248779339544,0.0028930827689645426,0.0007398837014566493,0.0004968834293746703,0.000768321067835182,8.862922622157016e-05,0.00034607733745564034,0.00025529451621990215,0.0015435345886798358,0.000818169994277829,0.0008302457911734945,0.0005299944234252233,0.0012927233569852965,0.01045573426229602,0.000565048748506094,0.0004973604379290914,0.00048497412772944263,0.0017180067853598908,0.0053798711678245915,0.0008297554910581562,0.0015613428462657147,0.001985514047369847,0.00043556495803331993,0.0019174979292517534,0.002968480343515072,0.0003343129034255068,0.00024904574056703157,0.01152408714104354,0.0001077005219363173,0.0018399340540458007,9.138050588234161e-05,0.0016179347207706245,0.000961725082777696,0.0014338436498813171,0.00021693532930771794,0.0013145187653081025,0.0002159224067890502,0.0010440769188861667,0.00025753873216961885,0.0036609170947110256,0.0018462369578806134,0.006960990511807199,0.003956478067817663,0.005406259588755686
201102,0.0017791177596457664,0.00022129069218190166,0.0006547502175681956,8.561151827205077e-05,0.000540024723978516,0.0,0.0016220047070134823,0.0008510825360256028,0.0020786281267372274,0.000366451088523051,0.000871758332035059,0.0022219631693275147,0.00720194725292708,0.00026882762932691964,0.00073065103922098,0.0005480852307055268,0.00202205378087056,0.0010620187515766807,0.0008170267315765721,0.0010426082903243303,0.0010134200233834437,0.0008548126467917758,5.512851950798322e-06,0.0008823359695016215,0.00018553231980100507,0.002994683359429658,0.0014704442067963836,0.0017130913459198918,0.000641583949754441,0.00022702351427630305,0.00019083271282559886,0.0006246762312086647,0.0001686908763588185,0.00031502417863437277,0.003245205981281889,0.0021461592203016475,0.0012752073019140597,0.002691166303738766,3.822723176344051e-05,0.00023874815370955263,9.249381910518694e-05,0.000986858289708331,0.0006463101560887635,0.006502485114275631,0.0019353008814279257,0.0006018605353043599,0.0025167753240177373,0.0023860968962488133,0.007647296411895994,0.0019233723430615054,0.008860400357514628,0.002157500569381544,0.0,0.0031392330695506174,0.0003327182769771153,0.0,0.0005253554101123368,0.0034630111784000038,0.0,0.0010732260828094067,0.00035301511029375707,0.001734018848390307,0.004090578288642521,0.006044232700099824,0.0012618387775926595,0.005646956628684435,0.002348104562783498,0.0011545659767509314,0.0039440483903169146,0.0015570357838127992,0.002730796347391575,0.0007120418776819477,0.00041147486798995107,0.0004412385758396094,0.000536231806999241,0.0006353854264772897,0.0,0.00144828914348924,0.0006314091055676864,0.0007189855090334982,0.0001250263646841498,0.001231788902927247,0.014274094824076496,0.0009677857680688423,0.0004360595977052361,0.0004980534533977667,0.0017401651807817506,0.008826473169347421,9.843746851796735e-05,0.0006032064427368457,0.0023720010697689514,0.0003794149500286783,0.0020942668141555073,0.0020387529033127016,0.00039412098983831177,5.6194930229623376e-05,0.014946563215956334,0.00014212749817280732,0.0021949981500259054,0.0005875025042396761,0.0012856124388750828,0.0010515324285217148,0.001099446619727286,0.00018243712854754162,0.0019121963391838977,0.00018179171765293563,0.0009841871221921254,6.636835280737388e-05,0.0041103430251582754,0.0026316070591596405,0.009868099814273877,0.007947453239681672,0.011391759541335355
201103,0.0021623644688349556,0.0003634438756978254,0.0011591068137216608,4.6701834195884826e-05,0.0003064792849577892,0.0,0.001559575285426704,0.0008437734732444531,0.001797704239688304,0.0014928316615775467,0.0008539207228380496,0.0016970463433220887,0.007062203510084125,0.0004279456954559371,0.0010618342675427332,0.0015227723632521585,0.0025457301671544083,0.0010005707749214502,0.000896936000435621,0.0010199655248076054,0.0011392822466132413,0.0010730282430057143,0.00015880441800449456,0.0005260711469836091,2.9697144478440913e-05,0.003054774241131061,0.0013096156810481388,0.0022882419237086962,0.0006815356669179993,0.0003109275010112862,0.00032592579046653226,0.000846635579150426,0.00019081863406147402,0.00042469461008341476,0.004439489208276365,0.0018363173574775838,0.0012734089556390915,0.002705208300675854,0.0001334280686858161,0.00025876088948666577,0.0003867351650447942,0.0012498686052613537,0.0004310197181323598,0.0056720032006992195,0.0019022614868649372,0.0008135924608794483,0.002777389770950467,0.002682389418481394,0.008302766929196863,0.0026461622160109527,0.004510463756471389,0.0021514843240105037,0.00041387841942531643,0.002762654880016813,0.00033600575781949596,0.0004650973793052033,0.0010050584353798546,0.004156849932143727,3.951218030694711e-06,0.000946563437534642,0.0003269371318418705,0.002157945950341978,0.0037774351482732383,0.0063129091454076774,0.0011194794304151044,0.005932499322151362,0.0027820374611820355,0.0007563413570858887,0.004764310479136495,0.0019389098787390116,0.0024948651603819054,0.0007604918495236699,0.0005478845661769414,0.0,0.0003193540373969286,0.0002859258702646067,1.3028855889238353e-05,0.0016642525247446693,0.000810822688264845,0.0010292020143749623,0.00042315552446587506,0.001355085006005967,0.011765804595285312,0.0016616671789633714,0.000417284382617135,0.000364657076257703,0.0017039554156603116,0.008709178918569099,0.0005364767972568813,0.00040434800973146396,0.0022953241970400354,0.0003241336776548044,0.0016963065784704671,0.002849190362686739,0.00030823326750564257,0.00010627065788440315,0.010961539698336801,0.0002431936037767213,0.0023170579801912766,0.000274042093691774,0.0019692631909686746,0.0008946068128682971,0.0007753718372179177,0.00021565550416509962,0.0021092732962237934,0.00013473229793829533,0.0012197099619748472,0.0002565331840467587,0.003845822448165514,0.0025533514088373938,0.011912758768035188,0.01020393168023566,0.014851232647450472
201104,0.0023887524935753963,0.00044275381065852934,0.0007036515327685518,6.923444700494595e-05,0.00020733990908987243,1.773560746511654e-05,0.0014680559346513559,0.0006671752261074193,0.0015068252467944263,0.001376778553911099,0.0009678150880217575,0.001505063024772048,0.006647160868496382,0.00035073223567048473,0.0012109136724273134,0.001408292669658651,0.002438814953415061,0.0008282323714718204,0.0009943154851998974,0.0008856676095997513,0.0011224790968776173,0.0006647886050153834,0.0,0.0008017637789107728,3.3506755529001197e-06,0.0029851971784989953,0.001222461505092311,0.0018859628363984882,0.00032691428014054356,0.0005197415216405151,0.0005374817177370569,0.0008058754609951505,0.0002091065546820937,0.00036672828054605555,0.002354678121246101,0.0015763700312617552,0.001434998494941184,0.0018270673011869711,0.0001352973763780213,0.0003023288101835127,0.0005946619689667105,0.001209756320947248,0.0005137362828823033,0.004621236860409839,0.0016719602801016523,0.0007758716831505961,0.0025023495636855506,0.0025117348286059753,0.008925708538309061,0.0035961015912934764,0.0009221643817398646,0.002933692266924886,0.0005792763535973524,0.002349190485455907,0.00023854475468565635,0.0005375584802428945,0.0009440263500035539,0.003871529549644358,9.610723280544557e-06,0.0005463588777139742,0.0006810541285920907,0.002088172016501299,0.0032751558521660223,0.006036573960055407,0.0012447046762721302,0.00559065229190902,0.0025144467988901346,0.0002581216330849309,0.004756249666181283,0.0018713812803493248,0.0024953237353854273,0.0005478105820887871,0.0007071746761151688,5.208978341134541e-05,8.580093230349937e-05,0.0002504089539421556,0.0,0.0014827499556227188,0.00073740276985468,0.0008878259860994024,0.0007200553157745321,0.0014394690474823595,0.009282546032542196,0.0014106606598564058,0.00025850645967156387,0.00027854192331494234,0.001800239921616564,0.009582464069497714,0.00104160925533198,0.00017996636597541617,0.0024724331799356684,0.0004888138420018354,0.0020184069566474704,0.0027210263327133704,0.00036955132653855675,5.709692820957975e-05,0.00853862676983585,0.0002566119861129182,0.0022672181623068126,0.00011669325481331475,0.002068022443295303,0.0008023709846119701,0.00020656978216957047,8.264695769065053e-05,0.001414683282232606,0.00017339537966421867,0.0009734427772866345,0.00011122362045671776,0.0042287186286455395,0.0017790611797602884,0.010770297437164464,0.007875939794182918,0.012115860069644881
201105,0.0024488752282341908,0.0004925571414408173,0.0004659476332872794,0.00018655181913249376,1.0437539088825651e-05,0.0,0.0013291164910142499,8.141583809086338e-05,0.0016507192214605558,0.0013570848865763862,0.0011868324053131974,0.0010928639639836897,0.005557863068203053,0.000162017800878959,0.0012761359930626693,0.0014508559024783796,0.002311049072387013,0.0006231308194379953,0.0010437248029565578,0.0002896308649346149,0.000944267822737805,0.00031688362850252423,7.343983157651294e-05,0.0007266251808990997,5.34267251454223e-05,0.0028870032378282067,0.0010901337517243738,0.0015668305416663246,0.0005043740592444485,0.0005425973760383581,0.0013122785734831378,0.0006622994569527812,0.0002876717951861346,0.00018956496391377245,0.0,0.0017010871926740855,0.0015263715187758173,0.0015919712088690208,0.00022973995932364493,0.0006086110575472508,0.0004578239411815331,0.0014600152571083618,0.0004295967617226785,0.0035019304530128975,0.0014434703080366683,0.0007891716420826385,0.0023061539629050908,0.0022784204055960274,0.00851594193113143,0.0037571427556111225,0.0030788449342672814,0.0035486530594649895,0.0008270703764240209,0.002246089014383445,0.0001864460696858703,0.00016749600542000879,0.0008156613994855489,0.0035158359452714936,0.0001394497417948762,0.00026252666991177104,0.0009471332560630698,0.001923410369374087,0.003094226577575658,0.005945452022505107,0.001185741148991094,0.0059559015295942,0.003046855373995467,0.00013765438876072955,0.004233656808622007,0.0014101229137205846,0.0025382798134461894,0.0008343004336880224,0.0010655063968449748,0.000611343816943897,0.000429661772810893,0.00042055165614291644,0.0,0.00130396765993567,0.0008241446115177539,0.00108115169373567,0.0006203408802600992,0.001442638694944812,0.007041168475811111,0.0011175544715640712,0.0002593752869508435,0.000264154095159628,0.0020597668689395637,0.008889418098032644,0.000953139509356931,0.000741472392641075,0.002235435973285623,0.0005317258222742343,0.0017399631621250026,0.0022856648412228346,0.00021107800697807295,0.00021103434573003181,0.007579179499496489,0.00014177679857418622,0.002121831453195226,0.0005154614818448555,0.001448473073282618,0.0007788549857697954,0.00044637409997119607,0.00016135839555780985,0.0008731138889626048,0.0001436846126375849,0.0005987884065672096,0.00010091035540835201,0.004481590077461682,0.001475851034036798,0.010184068143659545,0.005913301564523005,0.010474560125937544
201106,0.0012727179814102864,0.0005148744131052045,0.0005273604878599641,0.00036977090676250385,0.0007281299490390299,0.0008886864674249792,0.001682297856522094,0.0008936299025659337,0.0019482147885684328,0.001052572554102746,0.0011849412383442334,0.0012634175399791668,0.005899202185810465,0.0007518714206737512,0.0009385722378066498,0.0015593296517812897,0.0022840345479422848,0.0006691251309868262,0.0009659388319798317,0.000791066632617326,0.0009091649308662367,0.0006223101332612854,0.00010067463941897226,0.0007776689863274927,0.00010405773282675463,0.002739937548822254,0.001110413605704861,0.002797928012774933,0.0008191985114661066,0.00015228243473271394,0.0009927991748654107,0.0006112632306437753,2.1263746078899673e-05,0.0002556059929645542,0.00043826785129661545,0.0021501707365626575,0.0017355077809950378,0.001803068477439401,0.00041576071893192104,0.0006417934233977302,0.00033334691340550747,0.0009474309055473698,0.0003508263719538993,0.00512439155791504,0.0017472132743881822,0.0008203750531712655,0.003356491391287289,0.0030262119100565054,0.01427050893583627,0.0016914293920266882,0.002836146296011949,0.0022844147636825896,0.00037137406909996994,0.00234620311170455,0.0006653866670287553,0.0002667214154031955,0.0009423978132814551,0.003997412946755253,0.0001312280106598027,0.0004979154537765565,0.0004975570947339957,0.0022364809330416837,0.004287821322808732,0.0075952542226493565,0.0012515233515613495,0.004872364364014227,0.003230242923239009,7.088007949803021e-05,0.0044126676913066746,0.0015941539102161267,0.0021312115400093806,0.0012185271060791572,0.0011641924864097002,0.001020193244667115,8.154021995804477e-06,0.00041721495016158,0.0001506131951562098,0.001605357001252659,0.0010599808836053923,0.0009130054361459969,0.0005197709667638101,0.0017182886843771336,0.009812019186554109,0.0007385228299438986,0.0004655590439601493,0.00032324940975261623,0.0014600666092278107,0.013055002166058137,0.00030709060306461684,0.00010599806188190978,0.00207721631301593,0.00043258873961643626,0.0017881669639098839,0.004119614136883452,0.00020935115737496675,0.0003669144487607319,0.009707689425097215,0.00010163591546960348,0.002215424670521093,0.00023255290048940946,0.0022050327313583415,0.0009344519937887167,0.0008883495434204039,0.0002953813972399355,0.001728016606534233,0.00011873267563581372,0.0005574004954617254,9.022167233434009e-05,0.003769254369785071,0.0020638264186441523,0.01219460650650984,0.0036629261964017386,0.00857186983549705
201107,0.0015548637250404568,0.0002554104914069525,0.00022264141901622193,0.00040434181444059673,0.000604613920536091,0.0004868157788499279,0.0015271143121400811,0.0008707849151523981,0.002041407553529612,0.0012568401613093495,0.0009771933893954331,0.001328419021592455,0.005838797039955832,0.0006709179017536661,0.0009287635851976272,0.0016761905944839492,0.0022644583617727346,0.0007313276182988003,0.0011769189934788295,0.000459690817898806,0.0009278774290860088,0.0005448991326429509,0.00019347586042791997,0.0011747835407274454,0.000262154538336794,0.002844046782395212,0.001037774791519925,0.002300590170480165,0.0007558257273358974,0.000429273451772851,0.0008471688214350281,0.0007476459302406543,0.00010965106169370159,0.00040232606809892857,0.0,0.0021482829656520232,0.0016752415576071404,0.0015197623417945645,0.00044517925559591187,0.000606372230882472,0.000419106152398006,0.0010684889600679852,0.00041964735635911874,0.005424046912984388,0.0016858304331251158,0.0008459560225019077,0.0034058497693088092,0.0030439102478878226,0.013823743615734402,0.0017471316954709851,0.004276457078255984,0.002127351659892052,4.113980606023322e-05,0.0024687270360687235,0.0005308518551489043,0.00033184144012960354,0.0007303590670557326,0.00443192124955647,0.00018400022682246335,0.0007308949238680657,0.00035483337021438593,0.0023378826331730534,0.0038884597629536104,0.007202621540844161,0.001207747541404205,0.004682600731147686,0.0028668296377401675,0.00047171867494194347,0.0045844296694603414,0.0017372839780792101,0.0020097575658912714,0.0012031896113028657,0.0011786804871739814,0.000934349076786738,0.00025869352198462447,0.0005960440813336336,0.0,0.0017840583490953128,0.0011539415554049834,0.0011054580483957834,0.000501661025396311,0.0017874987717050885,0.00929112157352188,0.0006681103174839931,0.0005284598252553969,0.0002456036200891969,0.0013744597789150917,0.012416489252810966,0.0006112647997982844,0.0,0.002180189778388598,0.00028316511995377775,0.0016496484816238685,0.00399405222204391,4.512944395927182e-05,7.066629001684819e-05,0.009270977670967984,0.0002582101004102361,0.002510949149344279,0.00027808011114292233,0.002569330486006701,0.001052195508280685,0.0005819086074604678,0.0001542419585620151,0.0018473394328199079,1.4797370703104643e-05,0.0002764598799063753,0.0002830908216437147,0.00356100815573279,0.0022749532063649574,0.012264322195493164,0.004502488456828046,0.009393611158252943
201108,0.00017990658116083514,0.0002643815234947014,5.7196126407978654e-05,0.000800614874856766,0.0007795937151192817,0.0006828386533720175,0.0019394425393329058,2.8404507524719538e-05,0.001816479507327196,0.0006356200065691134,0.0011922043797033869,0.0019574247358479947,0.005762019899899851,0.0008955332865002973,0.0012069180492199512,0.0011152044401064637,0.0022014417724863507,0.0003608259976128234,0.0013023925990560323,0.0013336564347431851,0.0009837890513612682,0.0006369249388783915,0.00014479174664895676,0.001453842414189893,1.5079633935727818e-05,0.002853895921846902,0.0009274355469644086,0.0030774982595362754,0.0007562670581642446,0.00027617680089103306,0.00027918481373610565,0.00039094310525122406,0.00018363238556501712,0.00093388406328807,0.0,0.0021424982818973983,0.0019102294408584548,0.001861621851365892,0.0005575662234703418,0.0007924938007559814,0.00031468428267669094,0.0006401049694261436,0.00018591003463131844,0.006344320841235187,0.00172895531431544,0.001017700267425196,0.004190902187606024,0.0034010247680047903,0.013413843820403129,0.0010614516531173702,0.003392859007817223,0.0010059115899841112,0.0,0.003350026986884928,0.0009564790494446499,0.000606087549632447,0.0012537667196233875,0.004551885216613379,0.00010260569359914368,0.000784486423849376,0.0007045145189440423,0.0028070505887159963,0.005547002860855017,0.007115576538996946,0.0013131494941131896,0.004102453260915517,0.003403516553945076,0.0006384847089154443,0.00461451903603552,0.0016873464970563851,0.0024264740116334274,0.000992022305953497,0.0011467482462294229,0.001759314081132285,0.0,0.0006258266053547363,0.00011814028965596142,0.0016754088465128223,0.0011544819522456367,0.0015139027262545375,0.0004949694454380809,0.0021977059328918574,0.011143463398643588,0.0022733769990600774,0.0009922993107803373,0.00019274333528523422,0.0005891531087603902,0.013273991402056257,2.3746580368417278e-05,0.0004296249168875521,0.0016527938163782474,7.813697705405836e-06,0.0023102634734257603,0.003979906551850794,0.00015580278547497326,0.00023139219102017358,0.011911886494194834,0.0002699000782920676,0.0030918257751365455,5.8598672334435145e-05,0.003718298586251388,0.0013181347862035024,0.0007733926797665797,0.0006747645031360507,0.0022064262809530642,0.000433938752811681,0.0003394035727503268,0.0003351317218065692,0.0033671489710595023,0.003029513113358876,0.011427364020043334,0.0032559596098749163,0.006749936250555852
201109,0.0009248119448375389,0.00022974165554951457,0.0004074188619921833,0.0005799960145162712,0.0005308313407159102,0.0009656997510229538,0.001962680355555058,0.0002705566214317026,0.0019422252024222258,0.0014120023802938534,0.0013460711715605155,0.0017635605496137915,0.005631885061560601,0.000845242680596064,0.0011064468255111133,0.0014604413156418217,0.0023812233681365573,0.0003863116075242277,0.0010950026919594393,0.0014677429100653347,0.0014724641525503852,0.0004612778185360941,1.418155172889791e-05,0.0014057247723994267,4.551459348751498e-05,0.0028170065632511696,0.0007737366787696176,0.0023637307873948547,0.0005959712882395143,0.0002504089834874336,0.0,0.0003418650001715663,0.000255176559492704,0.0006117436257317079,0.0,0.002186865095617073,0.0018881248494236583,0.0018059700176424954,0.0005629652864407504,0.0006118049324812849,0.00013957402631896573,0.0009888166616205695,0.0002447305200597035,0.006855032223575972,0.0015917896875444503,0.0008472520229838968,0.004489494559048972,0.0034307703933154163,0.014189406944246735,0.0009644266065959985,0.004491845583334742,0.0008632868960522416,0.0,0.0031880274295773806,0.0007427958888169016,0.000564989198455766,0.0008264836191882183,0.004816239336187234,1.0568501667610854e-05,0.0012093568081944007,0.0005968167719597962,0.0027653993041644163,0.004984733833828195,0.006482449385118074,0.0013193473095910616,0.004737516341854794,0.0033143041537902493,0.0008780936127589888,0.004492295412319798,0.0013697937905421881,0.002446311828878608,0.0006999953662209928,0.0012844533502275979,0.0019920685161957906,0.00015321217319718845,0.000738448045889758,0.0,0.0018809751985501399,0.001393657723158248,0.0016110653181072006,0.0004085989527697272,0.0020725951221500075,0.011432663931041653,0.0017719163173177362,0.0009296898967521435,0.00010560455712410583,0.0010733686691371388,0.015066320628732473,0.0005213291334042805,0.00025176257176505354,0.001701348978864121,6.425333968814363e-05,0.002150909083160537,0.00403722976454397,3.2216800009443e-05,5.6935529787690046e-05,0.01135176371054045,0.00023385960021530497,0.002867480865367323,2.5008954221590658e-05,0.0039056290588845894,0.0015366177281463255,0.0003255743930053069,0.0009733803768029707,0.001909105679310212,2.651135842319729e-05,0.000292953090781025,0.0005449864121045241,0.0038164894405754934,0.002986223375601958,0.011223080258388394,0.00551028337594496,0.008574532190448814
201110,0.0014320129573605436,0.00014608914264945184,0.000363869269915352,0.0007283106382575417,0.0006402672302690705,0.0010796483148711976,0.0017547530660526828,0.0007538237156375677,0.0019076261503292147,0.0019149341285232737,0.001232226640306334,0.001497675603964492,0.005571327864245305,0.0007292944560336435,0.0008973975031435458,0.0016461671796479925,0.0021295834237118074,0.000509854431826589,0.0009125592779298246,0.0012576296791834722,0.0015747950248089645,0.00030630860076256267,0.0,0.0013801038016756522,0.0001119203810193112,0.0030412385041028328,0.0006946257093632848,0.0019425735083867034,0.0006352087216508681,8.838943059942685e-05,5.055461434912065e-05,0.00013276173777525575,0.0002100296715304068,0.0007202229488304922,0.00041832996253161236,0.002267974592555258,0.0017654352479402958,0.0014986466090694222,0.0005467906624878455,0.0005262241542269235,0.000250321114079531,0.0007783094677554527,0.00035436079746338885,0.006436265358532248,0.0014341402436053672,0.000752368842350001,0.004219029999426076,0.0029453183628191677,0.014585164636754733,0.0019421188191116661,0.003906982424051189,0.0009658097367510217,0.00016860908181711497,0.0031947806134433095,0.0005895995273753505,0.0005316186299475044,0.0005494954241914194,0.004331987244094035,2.004245685368775e-05,0.001417399876601649,0.0006354038554468502,0.0029429254389912477,0.003979970581222933,0.006806455136406897,0.0012467589411159173,0.005401678463225319,0.0030777202292290875,0.0013246185241715504,0.004442285855297408,0.0015352665254205488,0.002559522080395607,0.0008419979376463946,0.0011469128840890057,0.0017666806537921472,0.00035948111076770635,0.0009239048364425984,0.0,0.0021007113046724664,0.00144103034829683,0.0015546419108491136,7.61924483817148e-05,0.001819473949318266,0.010682682834894557,0.0011679835716927264,0.0009964691677166928,7.043027760032784e-05,0.0011990227638157703,0.015422394126436628,0.0006940909944315696,0.0007097959001121009,0.0015882257420313014,0.00012723169559925197,0.001806940952505457,0.003960076588044947,7.233772561115383e-05,0.0,0.010250323885591597,0.00038818543997182984,0.0032183031139306033,0.0001397107961823208,0.0030095697272847807,0.0014903596233670085,0.0003790025707467156,0.0011854885987143192,0.002058477885605149,1.3552021546224797e-05,0.00018419130649494764,0.000602401387226105,0.0035172640286912898,0.0027491817400022082,0.009523361727008095,0.005890255184707536,0.0075929267317565675
201111,0.0027740411850867832,0.00031860126734811615,0.00016522361366020678,0.0006671962042882988,0.0004654638144513517,0.00117710830789474,0.0014485707402797962,0.001396569810018172,0.0021973250373623463,0.002316915750637532,0.0011295134844842515,0.00082861316236125,0.003976021548675612,0.0008294882934494958,0.0005632172752597456,0.0020321712667706305,0.0017498421365963015,0.0012323029260799324,0.0007151992947293497,0.0011762242295034493,0.0016478164245575732,0.00029349858945803696,0.00024940425764231655,0.0008775287559216174,0.0005023056050788583,0.002883615852222403,0.0007668453742942511,0.0012346108082087125,0.0006693159873345308,0.0,0.00024935188596073097,0.0001461013369463756,4.324156761243837e-05,0.00041956177226851876,0.0009594175965304929,0.0023905812836182098,0.0016360501169079195,0.0015605429617067603,0.0002642675547167273,0.0001752677476811087,0.0005232051593787578,0.0008349363158141025,0.00047668313293662193,0.004878243508731254,0.0011560461683054804,0.0006329309136023283,0.002918154433150613,0.002282820497333377,0.014453220985968768,0.0017338401876265618,0.0017655340168023352,0.0001756099882389429,0.0002494154269391855,0.002241111690369022,0.0002664211716902188,0.00030920612336499695,0.0003749093032821649,0.0030503838861273154,8.085708925965653e-05,0.0013454060278935088,0.00025958003067714673,0.0026109188769386418,0.0021936192801960165,0.004496812063059147,0.0010828752504407262,0.005988489560211242,0.002489857673070802,0.00021507220693979125,0.002567562571126202,0.001109011769760099,0.003387710176415758,0.0013021975073370304,0.001112894885974472,0.001422921029834427,0.0011439690026080016,0.0006298439183799506,0.00023544119649582864,0.002302173558197658,0.0011781768766615183,0.0012734962170363497,6.8696187776506e-05,0.001012902960421451,0.008257720176551794,0.00015153168192644922,0.0006929938126612315,0.0001525350648970991,0.0011175360793586379,0.015824846712627773,0.0008272315655183625,0.000346935624405021,0.0012739714638001919,0.0005883864454534382,0.001463721467518421,0.0032137074449639226,0.0002276732320837575,0.0001924869369039334,0.007136902789158967,0.00038763859326068444,0.002436780268159249,3.919262495343255e-05,0.0004495797575747177,0.0008042565350133506,0.0011606434773235143,0.0008694044999692981,0.0015893970878850916,0.0005598415872768874,0.00038977614737613,0.0005611645263857782,0.0027728855621111962,0.001619219267654375,0.006569147790440259,0.00609834712974343,0.006132273986937017
201112,0.0025204751884139493,0.0003558436183618408,0.0006568679285861243,0.00035563052957306174,0.0006561501797072058,0.0008093039274040479,0.0013949347841862925,0.0011970823984754607,0.0024186332682364442,0.0022940313355159455,0.0012141287792346177,0.0009644306151511476,0.0037620765781522176,0.0007605427546852295,0.00059109943376777,0.0016825852503548138,0.0015345375822950823,0.0012767790744623003,0.0006904624835764664,0.0010378462691401982,0.0018211342140515925,0.00044780280380026167,0.0002988041332058025,0.001329599435652367,0.0004413672290775526,0.002852704255834265,0.0008796090428980462,0.0012826432598436592,0.0004876075632337187,0.0004151057314917949,0.00022492305758836686,0.0004072304120958213,0.00014345653884145394,0.00016371539582377395,0.0009738866836851759,0.0024682454224751226,0.001575926203059336,0.0014321446002176841,0.0003219550730962419,5.863996162695619e-05,0.0004417696969718521,0.0006168777547894825,0.00041171813178364567,0.0052384529005053,0.0011735678647373153,0.00033662391129976436,0.002823712652661667,0.0022885689631071755,0.012988012913018718,0.0008120482382333081,0.001876068675834303,0.00032639448028264165,0.00024715493475869777,0.002026735716242013,0.0001619346660698145,0.00014777010295078196,0.0002248162921930741,0.0031324790857949654,8.523305823225767e-05,0.001534284094336617,0.00031692489482289824,0.002522749952313337,0.0022819287963490426,0.004595771431111192,0.0012383705896188933,0.005352540063130157,0.0026126034923300368,0.0003953268053023279,0.0025610420816955313,0.0011970022135631424,0.003225899693167064,0.0013430479382397992,0.0011539546598028276,0.001453584381939961,0.0012473365899487673,0.0006263220144694456,0.0003785036204764146,0.0016360823867003437,0.0007452641167055386,0.0012885888732098525,0.0,0.001175939094505812,0.009472576826644574,0.0,0.0006862180297962962,0.00015004130669695387,0.001022856566604315,0.014257524471560708,0.0009503648915129565,0.00036674624131999213,0.0015007045279527799,0.00046449479872618353,0.0017158424057027513,0.003020345976563246,0.0004206515279783174,0.0002141049765793988,0.0069688886836093795,0.00028352124582354773,0.0024124410064362166,0.0001318364352930515,0.00027905902737407427,0.0009873232566274762,0.0008627031963377142,0.0011462053757820819,0.0012876412948899026,0.0007973408889675318,0.0007451526627202402,0.0005692259698795258,0.002387439358586706,0.001353571377083147,0.006346694529830832,0.006527009763792555,0.006250024746479605
201201,0.0,0.0,0.0,0.0,0.0,0.0,0.0,0.0,0.0,0.0,0.0,0.0,0.0,0.0,0.0,0.0,0.0,0.0,0.0,0.0,0.0,0.0,0.0,0.0,0.0,0.0,0.0,0.0,0.0,0.0,0.0,0.0,0.0,0.0,0.0,0.0,0.0,0.0,0.0,0.0,0.0,0.0,0.0,0.0,0.0,0.0,0.0,0.0,0.0,0.0,0.0,0.0,0.0,0.0,0.0,0.0,0.0,0.0,0.0,0.0,0.0,0.0,0.0,0.0,0.0,0.0,0.0,0.0,0.0,0.0,0.0,0.0,0.0,0.0,0.0,0.0,0.0,0.0,0.0,0.0,0.0,0.0,0.0,0.0,0.0,0.0,0.0,0.0,0.0,0.0,0.0,0.0,0.0,0.0,0.0,0.0,0.0,0.0,0.0,0.0,0.0,0.0,0.0,0.0,0.0,0.0,0.0,0.0,0.0,0.0,0.0,0.0,0.0
201202,0.0,0.0,0.0,0.0,0.0,0.0,0.0,0.0,0.0,0.0,0.0,0.0,0.0,0.0,0.0,0.0,0.0,0.0,0.0,0.0,0.0,0.0,0.0,0.0,0.0,0.0,0.0,0.0,0.0,0.0,0.0,0.0,0.0,0.0,0.0,0.0,0.0,0.0,0.0,0.0,0.0,0.0,0.0,0.0,0.0,0.0,0.0,0.0,0.0,0.0,0.0,0.0,0.0,0.0,0.0,0.0,0.0,0.0,0.0,0.0,0.0,0.0,0.0,0.0,0.0,0.0,0.0,0.0,0.0,0.0,0.0,0.0,0.0,0.0,0.0,0.0,0.0,0.0,0.0,0.0,0.0,0.0,0.0,0.0,0.0,0.0,0.0,0.0,0.0,0.0,0.0,0.0,0.0,0.0,0.0,0.0,0.0,0.0,0.0,0.0,0.0,0.0,0.0,0.0,0.0,0.0,0.0,0.0,0.0,0.0,0.0,0.0,0.0
201203,0.0,0.0,0.0,0.0,0.0,0.0,0.0,0.0,0.0,0.0,0.0,0.0,0.0,0.0,0.0,0.0,0.0,0.0,0.0,0.0,0.0,0.0,0.0,0.0,0.0,0.0,0.0,0.0,0.0,0.0,0.0,0.0,0.0,0.0,0.0,0.0,0.0,0.0,0.0,0.0,0.0,0.0,0.0,0.0,0.0,0.0,0.0,0.0,0.0,0.0,0.0,0.0,0.0,0.0,0.0,0.0,0.0,0.0,0.0,0.0,0.0,0.0,0.0,0.0,0.0,0.0,0.0,0.0,0.0,0.0,0.0,0.0,0.0,0.0,0.0,0.0,0.0,0.0,0.0,0.0,0.0,0.0,0.0,0.0,0.0,0.0,0.0,0.0,0.0,0.0,0.0,0.0,0.0,0.0,0.0,0.0,0.0,0.0,0.0,0.0,0.0,0.0,0.0,0.0,0.0,0.0,0.0,0.0,0.0,0.0,0.0,0.0,0.0
201204,0.0,0.0,0.0,0.0,0.0,0.0,0.0,0.0,0.0,0.0,0.0,0.0,0.0,0.0,0.0,0.0,0.0,0.0,0.0,0.0,0.0,0.0,0.0,0.0,0.0,0.0,0.0,0.0,0.0,0.0,0.0,0.0,0.0,0.0,0.0,0.0,0.0,0.0,0.0,0.0,0.0,0.0,0.0,0.0,0.0,0.0,0.0,0.0,0.0,0.0,0.0,0.0,0.0,0.0,0.0,0.0,0.0,0.0,0.0,0.0,0.0,0.0,0.0,0.0,0.0,0.0,0.0,0.0,0.0,0.0,0.0,0.0,0.0,0.0,0.0,0.0,0.0,0.0,0.0,0.0,0.0,0.0,0.0,0.0,0.0,0.0,0.0,0.0,0.0,0.0,0.0,0.0,0.0,0.0,0.0,0.0,0.0,0.0,0.0,0.0,0.0,0.0,0.0,0.0,0.0,0.0,0.0,0.0,0.0,0.0,0.0,0.0,0.0
201205,0.0,0.0,0.0,0.0,0.0,0.0,0.0,0.0,0.0,0.0,0.0,0.0,0.0,0.0,0.0,0.0,0.0,0.0,0.0,0.0,0.0,0.0,0.0,0.0,0.0,0.0,0.0,0.0,0.0,0.0,0.0,0.0,0.0,0.0,0.0,0.0,0.0,0.0,0.0,0.0,0.0,0.0,0.0,0.0,0.0,0.0,0.0,0.0,0.0,0.0,0.0,0.0,0.0,0.0,0.0,0.0,0.0,0.0,0.0,0.0,0.0,0.0,0.0,0.0,0.0,0.0,0.0,0.0,0.0,0.0,0.0,0.0,0.0,0.0,0.0,0.0,0.0,0.0,0.0,0.0,0.0,0.0,0.0,0.0,0.0,0.0,0.0,0.0,0.0,0.0,0.0,0.0,0.0,0.0,0.0,0.0,0.0,0.0,0.0,0.0,0.0,0.0,0.0,0.0,0.0,0.0,0.0,0.0,0.0,0.0,0.0,0.0,0.0
201206,0.0,0.0,0.0,0.0,0.0,0.0,0.0,0.0,0.0,0.0,0.0,0.0,0.0,0.0,0.0,0.0,0.0,0.0,0.0,0.0,0.0,0.0,0.0,0.0,0.0,0.0,0.0,0.0,0.0,0.0,0.0,0.0,0.0,0.0,0.0,0.0,0.0,0.0,0.0,0.0,0.0,0.0,0.0,0.0,0.0,0.0,0.0,0.0,0.0,0.0,0.0,0.0,0.0,0.0,0.0,0.0,0.0,0.0,0.0,0.0,0.0,0.0,0.0,0.0,0.0,0.0,0.0,0.0,0.0,0.0,0.0,0.0,0.0,0.0,0.0,0.0,0.0,0.0,0.0,0.0,0.0,0.0,0.0,0.0,0.0,0.0,0.0,0.0,0.0,0.0,0.0,0.0,0.0,0.0,0.0,0.0,0.0,0.0,0.0,0.0,0.0,0.0,0.0,0.0,0.0,0.0,0.0,0.0,0.0,0.0,0.0,0.0,0.0
201207,0.0,0.0,0.0,0.0,0.0,0.0,0.0,0.0,0.0,0.0,0.0,0.0,0.0,0.0,0.0,0.0,0.0,0.0,0.0,0.0,0.0,0.0,0.0,0.0,0.0,0.0,0.0,0.0,0.0,0.0,0.0,0.0,0.0,0.0,0.0,0.0,0.0,0.0,0.0,0.0,0.0,0.0,0.0,0.0,0.0,0.0,0.0,0.0,0.0,0.0,0.0,0.0,0.0,0.0,0.0,0.0,0.0,0.0,0.0,0.0,0.0,0.0,0.0,0.0,0.0,0.0,0.0,0.0,0.0,0.0,0.0,0.0,0.0,0.0,0.0,0.0,0.0,0.0,0.0,0.0,0.0,0.0,0.0,0.0,0.0,0.0,0.0,0.0,0.0,0.0,0.0,0.0,0.0,0.0,0.0,0.0,0.0,0.0,0.0,0.0,0.0,0.0,0.0,0.0,0.0,0.0,0.0,0.0,0.0,0.0,0.0,0.0,0.0
201208,0.0,0.0,0.0,0.0,0.0,0.0,0.0,0.0,0.0,0.0,0.0,0.0,0.0,0.0,0.0,0.0,0.0,0.0,0.0,0.0,0.0,0.0,0.0,0.0,0.0,0.0,0.0,0.0,0.0,0.0,0.0,0.0,0.0,0.0,0.0,0.0,0.0,0.0,0.0,0.0,0.0,0.0,0.0,0.0,0.0,0.0,0.0,0.0,0.0,0.0,0.0,0.0,0.0,0.0,0.0,0.0,0.0,0.0,0.0,0.0,0.0,0.0,0.0,0.0,0.0,0.0,0.0,0.0,0.0,0.0,0.0,0.0,0.0,0.0,0.0,0.0,0.0,0.0,0.0,0.0,0.0,0.0,0.0,0.0,0.0,0.0,0.0,0.0,0.0,0.0,0.0,0.0,0.0,0.0,0.0,0.0,0.0,0.0,0.0,0.0,0.0,0.0,0.0,0.0,0.0,0.0,0.0,0.0,0.0,0.0,0.0,0.0,0.0
201209,0.0,0.0,0.0,0.0,0.0,0.0,0.0,0.0,0.0,0.0,0.0,0.0,0.0,0.0,0.0,0.0,0.0,0.0,0.0,0.0,0.0,0.0,0.0,0.0,0.0,0.0,0.0,0.0,0.0,0.0,0.0,0.0,0.0,0.0,0.0,0.0,0.0,0.0,0.0,0.0,0.0,0.0,0.0,0.0,0.0,0.0,0.0,0.0,0.0,0.0,0.0,0.0,0.0,0.0,0.0,0.0,0.0,0.0,0.0,0.0,0.0,0.0,0.0,0.0,0.0,0.0,0.0,0.0,0.0,0.0,0.0,0.0,0.0,0.0,0.0,0.0,0.0,0.0,0.0,0.0,0.0,0.0,0.0,0.0,0.0,0.0,0.0,0.0,0.0,0.0,0.0,0.0,0.0,0.0,0.0,0.0,0.0,0.0,0.0,0.0,0.0,0.0,0.0,0.0,0.0,0.0,0.0,0.0,0.0,0.0,0.0,0.0,0.0
201210,0.0,0.0,0.0,0.0,0.0,0.0,0.0,0.0,0.0,0.0,0.0,0.0,0.0,0.0,0.0,0.0,0.0,0.0,0.0,0.0,0.0,0.0,0.0,0.0,0.0,0.0,0.0,0.0,0.0,0.0,0.0,0.0,0.0,0.0,0.0,0.0,0.0,0.0,0.0,0.0,0.0,0.0,0.0,0.0,0.0,0.0,0.0,0.0,0.0,0.0,0.0,0.0,0.0,0.0,0.0,0.0,0.0,0.0,0.0,0.0,0.0,0.0,0.0,0.0,0.0,0.0,0.0,0.0,0.0,0.0,0.0,0.0,0.0,0.0,0.0,0.0,0.0,0.0,0.0,0.0,0.0,0.0,0.0,0.0,0.0,0.0,0.0,0.0,0.0,0.0,0.0,0.0,0.0,0.0,0.0,0.0,0.0,0.0,0.0,0.0,0.0,0.0,0.0,0.0,0.0,0.0,0.0,0.0,0.0,0.0,0.0,0.0,0.0
201211,0.0,0.0,0.0,0.0,0.0,0.0,0.0,0.0,0.0,0.0,0.0,0.0,0.0,0.0,0.0,0.0,0.0,0.0,0.0,0.0,0.0,0.0,0.0,0.0,0.0,0.0,0.0,0.0,0.0,0.0,0.0,0.0,0.0,0.0,0.0,0.0,0.0,0.0,0.0,0.0,0.0,0.0,0.0,0.0,0.0,0.0,0.0,0.0,0.0,0.0,0.0,0.0,0.0,0.0,0.0,0.0,0.0,0.0,0.0,0.0,0.0,0.0,0.0,0.0,0.0,0.0,0.0,0.0,0.0,0.0,0.0,0.0,0.0,0.0,0.0,0.0,0.0,0.0,0.0,0.0,0.0,0.0,0.0,0.0,0.0,0.0,0.0,0.0,0.0,0.0,0.0,0.0,0.0,0.0,0.0,0.0,0.0,0.0,0.0,0.0,0.0,0.0,0.0,0.0,0.0,0.0,0.0,0.0,0.0,0.0,0.0,0.0,0.0
201212,0.0,0.0,0.0,0.0,0.0,0.0,0.0,0.0,0.0,0.0,0.0,0.0,0.0,0.0,0.0,0.0,0.0,0.0,0.0,0.0,0.0,0.0,0.0,0.0,0.0,0.0,0.0,0.0,0.0,0.0,0.0,0.0,0.0,0.0,0.0,0.0,0.0,0.0,0.0,0.0,0.0,0.0,0.0,0.0,0.0,0.0,0.0,0.0,0.0,0.0,0.0,0.0,0.0,0.0,0.0,0.0,0.0,0.0,0.0,0.0,0.0,0.0,0.0,0.0,0.0,0.0,0.0,0.0,0.0,0.0,0.0,0.0,0.0,0.0,0.0,0.0,0.0,0.0,0.0,0.0,0.0,0.0,0.0,0.0,0.0,0.0,0.0,0.0,0.0,0.0,0.0,0.0,0.0,0.0,0.0,0.0,0.0,0.0,0.0,0.0,0.0,0.0,0.0,0.0,0.0,0.0,0.0,0.0,0.0,0.0,0.0,0.0,0.0
201301,0.0,0.0,0.0,0.0,0.0,0.0,0.0,0.0,0.0,0.0,0.0,0.0,0.0,0.0,0.0,0.0,0.0,0.0,0.0,0.0,0.0,0.0,0.0,0.0,0.0,0.0,0.0,0.0,0.0,0.0,0.0,0.0,0.0,0.0,0.0,0.0,0.0,0.0,0.0,0.0,0.0,0.0,0.0,0.0,0.0,0.0,0.0,0.0,0.0,0.0,0.0,0.0,0.0,0.0,0.0,0.0,0.0,0.0,0.0,0.0,0.0,0.0,0.0,0.0,0.0,0.0,0.0,0.0,0.0,0.0,0.0,0.0,0.0,0.0,0.0,0.0,0.0,0.0,0.0,0.0,0.0,0.0,0.0,0.0,0.0,0.0,0.0,0.0,0.0,0.0,0.0,0.0,0.0,0.0,0.0,0.0,0.0,0.0,0.0,0.0,0.0,0.0,0.0,0.0,0.0,0.0,0.0,0.0,0.0,0.0,0.0,0.0,0.0
201302,0.0,0.0,0.0,0.0,0.0,0.0,0.0,0.0,0.0,0.0,0.0,0.0,0.0,0.0,0.0,0.0,0.0,0.0,0.0,0.0,0.0,0.0,0.0,0.0,0.0,0.0,0.0,0.0,0.0,0.0,0.0,0.0,0.0,0.0,0.0,0.0,0.0,0.0,0.0,0.0,0.0,0.0,0.0,0.0,0.0,0.0,0.0,0.0,0.0,0.0,0.0,0.0,0.0,0.0,0.0,0.0,0.0,0.0,0.0,0.0,0.0,0.0,0.0,0.0,0.0,0.0,0.0,0.0,0.0,0.0,0.0,0.0,0.0,0.0,0.0,0.0,0.0,0.0,0.0,0.0,0.0,0.0,0.0,0.0,0.0,0.0,0.0,0.0,0.0,0.0,0.0,0.0,0.0,0.0,0.0,0.0,0.0,0.0,0.0,0.0,0.0,0.0,0.0,0.0,0.0,0.0,0.0,0.0,0.0,0.0,0.0,0.0,0.0
201303,0.0,0.0,0.0,0.0,0.0,0.0,0.0,0.0,0.0,0.0,0.0,0.0,0.0,0.0,0.0,0.0,0.0,0.0,0.0,0.0,0.0,0.0,0.0,0.0,0.0,0.0,0.0,0.0,0.0,0.0,0.0,0.0,0.0,0.0,0.0,0.0,0.0,0.0,0.0,0.0,0.0,0.0,0.0,0.0,0.0,0.0,0.0,0.0,0.0,0.0,0.0,0.0,0.0,0.0,0.0,0.0,0.0,0.0,0.0,0.0,0.0,0.0,0.0,0.0,0.0,0.0,0.0,0.0,0.0,0.0,0.0,0.0,0.0,0.0,0.0,0.0,0.0,0.0,0.0,0.0,0.0,0.0,0.0,0.0,0.0,0.0,0.0,0.0,0.0,0.0,0.0,0.0,0.0,0.0,0.0,0.0,0.0,0.0,0.0,0.0,0.0,0.0,0.0,0.0,0.0,0.0,0.0,0.0,0.0,0.0,0.0,0.0,0.0
201304,0.0,0.0,0.0,0.0,0.0,0.0,0.0,0.0,0.0,0.0,0.0,0.0,0.0,0.0,0.0,0.0,0.0,0.0,0.0,0.0,0.0,0.0,0.0,0.0,0.0,0.0,0.0,0.0,0.0,0.0,0.0,0.0,0.0,0.0,0.0,0.0,0.0,0.0,0.0,0.0,0.0,0.0,0.0,0.0,0.0,0.0,0.0,0.0,0.0,0.0,0.0,0.0,0.0,0.0,0.0,0.0,0.0,0.0,0.0,0.0,0.0,0.0,0.0,0.0,0.0,0.0,0.0,0.0,0.0,0.0,0.0,0.0,0.0,0.0,0.0,0.0,0.0,0.0,0.0,0.0,0.0,0.0,0.0,0.0,0.0,0.0,0.0,0.0,0.0,0.0,0.0,0.0,0.0,0.0,0.0,0.0,0.0,0.0,0.0,0.0,0.0,0.0,0.0,0.0,0.0,0.0,0.0,0.0,0.0,0.0,0.0,0.0,0.0
201305,0.0,0.0,0.0,0.0,0.0,0.0,0.0,0.0,0.0,0.0,0.0,0.0,0.0,0.0,0.0,0.0,0.0,0.0,0.0,0.0,0.0,0.0,0.0,0.0,0.0,0.0,0.0,0.0,0.0,0.0,0.0,0.0,0.0,0.0,0.0,0.0,0.0,0.0,0.0,0.0,0.0,0.0,0.0,0.0,0.0,0.0,0.0,0.0,0.0,0.0,0.0,0.0,0.0,0.0,0.0,0.0,0.0,0.0,0.0,0.0,0.0,0.0,0.0,0.0,0.0,0.0,0.0,0.0,0.0,0.0,0.0,0.0,0.0,0.0,0.0,0.0,0.0,0.0,0.0,0.0,0.0,0.0,0.0,0.0,0.0,0.0,0.0,0.0,0.0,0.0,0.0,0.0,0.0,0.0,0.0,0.0,0.0,0.0,0.0,0.0,0.0,0.0,0.0,0.0,0.0,0.0,0.0,0.0,0.0,0.0,0.0,0.0,0.0
201306,0.0,0.0,0.0,0.0,0.0,0.0,0.0,0.0,0.0,0.0,0.0,0.0,0.0,0.0,0.0,0.0,0.0,0.0,0.0,0.0,0.0,0.0,0.0,0.0,0.0,0.0,0.0,0.0,0.0,0.0,0.0,0.0,0.0,0.0,0.0,0.0,0.0,0.0,0.0,0.0,0.0,0.0,0.0,0.0,0.0,0.0,0.0,0.0,0.0,0.0,0.0,0.0,0.0,0.0,0.0,0.0,0.0,0.0,0.0,0.0,0.0,0.0,0.0,0.0,0.0,0.0,0.0,0.0,0.0,0.0,0.0,0.0,0.0,0.0,0.0,0.0,0.0,0.0,0.0,0.0,0.0,0.0,0.0,0.0,0.0,0.0,0.0,0.0,0.0,0.0,0.0,0.0,0.0,0.0,0.0,0.0,0.0,0.0,0.0,0.0,0.0,0.0,0.0,0.0,0.0,0.0,0.0,0.0,0.0,0.0,0.0,0.0,0.0
201307,0.0,0.0,0.0,0.0,0.0,0.0,0.0,0.0,0.0,0.0,0.0,0.0,0.0,0.0,0.0,0.0,0.0,0.0,0.0,0.0,0.0,0.0,0.0,0.0,0.0,0.0,0.0,0.0,0.0,0.0,0.0,0.0,0.0,0.0,0.0,0.0,0.0,0.0,0.0,0.0,0.0,0.0,0.0,0.0,0.0,0.0,0.0,0.0,0.0,0.0,0.0,0.0,0.0,0.0,0.0,0.0,0.0,0.0,0.0,0.0,0.0,0.0,0.0,0.0,0.0,0.0,0.0,0.0,0.0,0.0,0.0,0.0,0.0,0.0,0.0,0.0,0.0,0.0,0.0,0.0,0.0,0.0,0.0,0.0,0.0,0.0,0.0,0.0,0.0,0.0,0.0,0.0,0.0,0.0,0.0,0.0,0.0,0.0,0.0,0.0,0.0,0.0,0.0,0.0,0.0,0.0,0.0,0.0,0.0,0.0,0.0,0.0,0.0
201308,0.0,0.0,0.0,0.0,0.0,0.0,0.0,0.0,0.0,0.0,0.0,0.0,0.0,0.0,0.0,0.0,0.0,0.0,0.0,0.0,0.0,0.0,0.0,0.0,0.0,0.0,0.0,0.0,0.0,0.0,0.0,0.0,0.0,0.0,0.0,0.0,0.0,0.0,0.0,0.0,0.0,0.0,0.0,0.0,0.0,0.0,0.0,0.0,0.0,0.0,0.0,0.0,0.0,0.0,0.0,0.0,0.0,0.0,0.0,0.0,0.0,0.0,0.0,0.0,0.0,0.0,0.0,0.0,0.0,0.0,0.0,0.0,0.0,0.0,0.0,0.0,0.0,0.0,0.0,0.0,0.0,0.0,0.0,0.0,0.0,0.0,0.0,0.0,0.0,0.0,0.0,0.0,0.0,0.0,0.0,0.0,0.0,0.0,0.0,0.0,0.0,0.0,0.0,0.0,0.0,0.0,0.0,0.0,0.0,0.0,0.0,0.0,0.0
201309,0.0,0.0,0.0,0.0,0.0,0.0,0.0,0.0,0.0,0.0,0.0,0.0,0.0,0.0,0.0,0.0,0.0,0.0,0.0,0.0,0.0,0.0,0.0,0.0,0.0,0.0,0.0,0.0,0.0,0.0,0.0,0.0,0.0,0.0,0.0,0.0,0.0,0.0,0.0,0.0,0.0,0.0,0.0,0.0,0.0,0.0,0.0,0.0,0.0,0.0,0.0,0.0,0.0,0.0,0.0,0.0,0.0,0.0,0.0,0.0,0.0,0.0,0.0,0.0,0.0,0.0,0.0,0.0,0.0,0.0,0.0,0.0,0.0,0.0,0.0,0.0,0.0,0.0,0.0,0.0,0.0,0.0,0.0,0.0,0.0,0.0,0.0,0.0,0.0,0.0,0.0,0.0,0.0,0.0,0.0,0.0,0.0,0.0,0.0,0.0,0.0,0.0,0.0,0.0,0.0,0.0,0.0,0.0,0.0,0.0,0.0,0.0,0.0
201310,0.0,0.0,0.0,0.0,0.0,0.0,0.0,0.0,0.0,0.0,0.0,0.0,0.0,0.0,0.0,0.0,0.0,0.0,0.0,0.0,0.0,0.0,0.0,0.0,0.0,0.0,0.0,0.0,0.0,0.0,0.0,0.0,0.0,0.0,0.0,0.0,0.0,0.0,0.0,0.0,0.0,0.0,0.0,0.0,0.0,0.0,0.0,0.0,0.0,0.0,0.0,0.0,0.0,0.0,0.0,0.0,0.0,0.0,0.0,0.0,0.0,0.0,0.0,0.0,0.0,0.0,0.0,0.0,0.0,0.0,0.0,0.0,0.0,0.0,0.0,0.0,0.0,0.0,0.0,0.0,0.0,0.0,0.0,0.0,0.0,0.0,0.0,0.0,0.0,0.0,0.0,0.0,0.0,0.0,0.0,0.0,0.0,0.0,0.0,0.0,0.0,0.0,0.0,0.0,0.0,0.0,0.0,0.0,0.0,0.0,0.0,0.0,0.0
201311,0.0,0.0,0.0,0.0,0.0,0.0,0.0,0.0,0.0,0.0,0.0,0.0,0.0,0.0,0.0,0.0,0.0,0.0,0.0,0.0,0.0,0.0,0.0,0.0,0.0,0.0,0.0,0.0,0.0,0.0,0.0,0.0,0.0,0.0,0.0,0.0,0.0,0.0,0.0,0.0,0.0,0.0,0.0,0.0,0.0,0.0,0.0,0.0,0.0,0.0,0.0,0.0,0.0,0.0,0.0,0.0,0.0,0.0,0.0,0.0,0.0,0.0,0.0,0.0,0.0,0.0,0.0,0.0,0.0,0.0,0.0,0.0,0.0,0.0,0.0,0.0,0.0,0.0,0.0,0.0,0.0,0.0,0.0,0.0,0.0,0.0,0.0,0.0,0.0,0.0,0.0,0.0,0.0,0.0,0.0,0.0,0.0,0.0,0.0,0.0,0.0,0.0,0.0,0.0,0.0,0.0,0.0,0.0,0.0,0.0,0.0,0.0,0.0
201312,0.0,0.0,0.0,0.0,0.0,0.0,0.0,0.0,0.0,0.0,0.0,0.0,0.0,0.0,0.0,0.0,0.0,0.0,0.0,0.0,0.0,0.0,0.0,0.0,0.0,0.0,0.0,0.0,0.0,0.0,0.0,0.0,0.0,0.0,0.0,0.0,0.0,0.0,0.0,0.0,0.0,0.0,0.0,0.0,0.0,0.0,0.0,0.0,0.0,0.0,0.0,0.0,0.0,0.0,0.0,0.0,0.0,0.0,0.0,0.0,0.0,0.0,0.0,0.0,0.0,0.0,0.0,0.0,0.0,0.0,0.0,0.0,0.0,0.0,0.0,0.0,0.0,0.0,0.0,0.0,0.0,0.0,0.0,0.0,0.0,0.0,0.0,0.0,0.0,0.0,0.0,0.0,0.0,0.0,0.0,0.0,0.0,0.0,0.0,0.0,0.0,0.0,0.0,0.0,0.0,0.0,0.0,0.0,0.0,0.0,0.0,0.0,0.0
201401,0.0,0.0,0.0,0.0,0.0,0.0,0.0,0.0,0.0,0.0,0.0,0.0,0.0,0.0,0.0,0.0,0.0,0.0,0.0,0.0,0.0,0.0,0.0,0.0,0.0,0.0,0.0,0.0,0.0,0.0,0.0,0.0,0.0,0.0,0.0,0.0,0.0,0.0,0.0,0.0,0.0,0.0,0.0,0.0,0.0,0.0,0.0,0.0,0.0,0.0,0.0,0.0,0.0,0.0,0.0,0.0,0.0,0.0,0.0,0.0,0.0,0.0,0.0,0.0,0.0,0.0,0.0,0.0,0.0,0.0,0.0,0.0,0.0,0.0,0.0,0.0,0.0,0.0,0.0,0.0,0.0,0.0,0.0,0.0,0.0,0.0,0.0,0.0,0.0,0.0,0.0,0.0,0.0,0.0,0.0,0.0,0.0,0.0,0.0,0.0,0.0,0.0,0.0,0.0,0.0,0.0,0.0,0.0,0.0,0.0,0.0,0.0,0.0
201402,0.0,0.0,0.0,0.0,0.0,0.0,0.0,0.0,0.0,0.0,0.0,0.0,0.0,0.0,0.0,0.0,0.0,0.0,0.0,0.0,0.0,0.0,0.0,0.0,0.0,0.0,0.0,0.0,0.0,0.0,0.0,0.0,0.0,0.0,0.0,0.0,0.0,0.0,0.0,0.0,0.0,0.0,0.0,0.0,0.0,0.0,0.0,0.0,0.0,0.0,0.0,0.0,0.0,0.0,0.0,0.0,0.0,0.0,0.0,0.0,0.0,0.0,0.0,0.0,0.0,0.0,0.0,0.0,0.0,0.0,0.0,0.0,0.0,0.0,0.0,0.0,0.0,0.0,0.0,0.0,0.0,0.0,0.0,0.0,0.0,0.0,0.0,0.0,0.0,0.0,0.0,0.0,0.0,0.0,0.0,0.0,0.0,0.0,0.0,0.0,0.0,0.0,0.0,0.0,0.0,0.0,0.0,0.0,0.0,0.0,0.0,0.0,0.0
201403,0.0,0.0,0.0,0.0,0.0,0.0,0.0,0.0,0.0,0.0,0.0,0.0,0.0,0.0,0.0,0.0,0.0,0.0,0.0,0.0,0.0,0.0,0.0,0.0,0.0,0.0,0.0,0.0,0.0,0.0,0.0,0.0,0.0,0.0,0.0,0.0,0.0,0.0,0.0,0.0,0.0,0.0,0.0,0.0,0.0,0.0,0.0,0.0,0.0,0.0,0.0,0.0,0.0,0.0,0.0,0.0,0.0,0.0,0.0,0.0,0.0,0.0,0.0,0.0,0.0,0.0,0.0,0.0,0.0,0.0,0.0,0.0,0.0,0.0,0.0,0.0,0.0,0.0,0.0,0.0,0.0,0.0,0.0,0.0,0.0,0.0,0.0,0.0,0.0,0.0,0.0,0.0,0.0,0.0,0.0,0.0,0.0,0.0,0.0,0.0,0.0,0.0,0.0,0.0,0.0,0.0,0.0,0.0,0.0,0.0,0.0,0.0,0.0
201404,0.0,0.0,0.0,0.0,0.0,0.0,0.0,0.0,0.0,0.0,0.0,0.0,0.0,0.0,0.0,0.0,0.0,0.0,0.0,0.0,0.0,0.0,0.0,0.0,0.0,0.0,0.0,0.0,0.0,0.0,0.0,0.0,0.0,0.0,0.0,0.0,0.0,0.0,0.0,0.0,0.0,0.0,0.0,0.0,0.0,0.0,0.0,0.0,0.0,0.0,0.0,0.0,0.0,0.0,0.0,0.0,0.0,0.0,0.0,0.0,0.0,0.0,0.0,0.0,0.0,0.0,0.0,0.0,0.0,0.0,0.0,0.0,0.0,0.0,0.0,0.0,0.0,0.0,0.0,0.0,0.0,0.0,0.0,0.0,0.0,0.0,0.0,0.0,0.0,0.0,0.0,0.0,0.0,0.0,0.0,0.0,0.0,0.0,0.0,0.0,0.0,0.0,0.0,0.0,0.0,0.0,0.0,0.0,0.0,0.0,0.0,0.0,0.0
201405,0.0,0.0,0.0,0.0,0.0,0.0,0.0,0.0,0.0,0.0,0.0,0.0,0.0,0.0,0.0,0.0,0.0,0.0,0.0,0.0,0.0,0.0,0.0,0.0,0.0,0.0,0.0,0.0,0.0,0.0,0.0,0.0,0.0,0.0,0.0,0.0,0.0,0.0,0.0,0.0,0.0,0.0,0.0,0.0,0.0,0.0,0.0,0.0,0.0,0.0,0.0,0.0,0.0,0.0,0.0,0.0,0.0,0.0,0.0,0.0,0.0,0.0,0.0,0.0,0.0,0.0,0.0,0.0,0.0,0.0,0.0,0.0,0.0,0.0,0.0,0.0,0.0,0.0,0.0,0.0,0.0,0.0,0.0,0.0,0.0,0.0,0.0,0.0,0.0,0.0,0.0,0.0,0.0,0.0,0.0,0.0,0.0,0.0,0.0,0.0,0.0,0.0,0.0,0.0,0.0,0.0,0.0,0.0,0.0,0.0,0.0,0.0,0.0
201406,0.0,0.0,0.0,0.0,0.0,0.0,0.0,0.0,0.0,0.0,0.0,0.0,0.0,0.0,0.0,0.0,0.0,0.0,0.0,0.0,0.0,0.0,0.0,0.0,0.0,0.0,0.0,0.0,0.0,0.0,0.0,0.0,0.0,0.0,0.0,0.0,0.0,0.0,0.0,0.0,0.0,0.0,0.0,0.0,0.0,0.0,0.0,0.0,0.0,0.0,0.0,0.0,0.0,0.0,0.0,0.0,0.0,0.0,0.0,0.0,0.0,0.0,0.0,0.0,0.0,0.0,0.0,0.0,0.0,0.0,0.0,0.0,0.0,0.0,0.0,0.0,0.0,0.0,0.0,0.0,0.0,0.0,0.0,0.0,0.0,0.0,0.0,0.0,0.0,0.0,0.0,0.0,0.0,0.0,0.0,0.0,0.0,0.0,0.0,0.0,0.0,0.0,0.0,0.0,0.0,0.0,0.0,0.0,0.0,0.0,0.0,0.0,0.0
201407,0.0,0.0,0.0,0.0,0.0,0.0,0.0,0.0,0.0,0.0,0.0,0.0,0.0,0.0,0.0,0.0,0.0,0.0,0.0,0.0,0.0,0.0,0.0,0.0,0.0,0.0,0.0,0.0,0.0,0.0,0.0,0.0,0.0,0.0,0.0,0.0,0.0,0.0,0.0,0.0,0.0,0.0,0.0,0.0,0.0,0.0,0.0,0.0,0.0,0.0,0.0,0.0,0.0,0.0,0.0,0.0,0.0,0.0,0.0,0.0,0.0,0.0,0.0,0.0,0.0,0.0,0.0,0.0,0.0,0.0,0.0,0.0,0.0,0.0,0.0,0.0,0.0,0.0,0.0,0.0,0.0,0.0,0.0,0.0,0.0,0.0,0.0,0.0,0.0,0.0,0.0,0.0,0.0,0.0,0.0,0.0,0.0,0.0,0.0,0.0,0.0,0.0,0.0,0.0,0.0,0.0,0.0,0.0,0.0,0.0,0.0,0.0,0.0
201408,0.0,0.0,0.0,0.0,0.0,0.0,0.0,0.0,0.0,0.0,0.0,0.0,0.0,0.0,0.0,0.0,0.0,0.0,0.0,0.0,0.0,0.0,0.0,0.0,0.0,0.0,0.0,0.0,0.0,0.0,0.0,0.0,0.0,0.0,0.0,0.0,0.0,0.0,0.0,0.0,0.0,0.0,0.0,0.0,0.0,0.0,0.0,0.0,0.0,0.0,0.0,0.0,0.0,0.0,0.0,0.0,0.0,0.0,0.0,0.0,0.0,0.0,0.0,0.0,0.0,0.0,0.0,0.0,0.0,0.0,0.0,0.0,0.0,0.0,0.0,0.0,0.0,0.0,0.0,0.0,0.0,0.0,0.0,0.0,0.0,0.0,0.0,0.0,0.0,0.0,0.0,0.0,0.0,0.0,0.0,0.0,0.0,0.0,0.0,0.0,0.0,0.0,0.0,0.0,0.0,0.0,0.0,0.0,0.0,0.0,0.0,0.0,0.0
201409,0.0,0.0,0.0,0.0,0.0,0.0,0.0,0.0,0.0,0.0,0.0,0.0,0.0,0.0,0.0,0.0,0.0,0.0,0.0,0.0,0.0,0.0,0.0,0.0,0.0,0.0,0.0,0.0,0.0,0.0,0.0,0.0,0.0,0.0,0.0,0.0,0.0,0.0,0.0,0.0,0.0,0.0,0.0,0.0,0.0,0.0,0.0,0.0,0.0,0.0,0.0,0.0,0.0,0.0,0.0,0.0,0.0,0.0,0.0,0.0,0.0,0.0,0.0,0.0,0.0,0.0,0.0,0.0,0.0,0.0,0.0,0.0,0.0,0.0,0.0,0.0,0.0,0.0,0.0,0.0,0.0,0.0,0.0,0.0,0.0,0.0,0.0,0.0,0.0,0.0,0.0,0.0,0.0,0.0,0.0,0.0,0.0,0.0,0.0,0.0,0.0,0.0,0.0,0.0,0.0,0.0,0.0,0.0,0.0,0.0,0.0,0.0,0.0
201410,0.0,0.0,0.0,0.0,0.0,0.0,0.0,0.0,0.0,0.0,0.0,0.0,0.0,0.0,0.0,0.0,0.0,0.0,0.0,0.0,0.0,0.0,0.0,0.0,0.0,0.0,0.0,0.0,0.0,0.0,0.0,0.0,0.0,0.0,0.0,0.0,0.0,0.0,0.0,0.0,0.0,0.0,0.0,0.0,0.0,0.0,0.0,0.0,0.0,0.0,0.0,0.0,0.0,0.0,0.0,0.0,0.0,0.0,0.0,0.0,0.0,0.0,0.0,0.0,0.0,0.0,0.0,0.0,0.0,0.0,0.0,0.0,0.0,0.0,0.0,0.0,0.0,0.0,0.0,0.0,0.0,0.0,0.0,0.0,0.0,0.0,0.0,0.0,0.0,0.0,0.0,0.0,0.0,0.0,0.0,0.0,0.0,0.0,0.0,0.0,0.0,0.0,0.0,0.0,0.0,0.0,0.0,0.0,0.0,0.0,0.0,0.0,0.0
201411,0.0,0.0,0.0,0.0,0.0,0.0,0.0,0.0,0.0,0.0,0.0,0.0,0.0,0.0,0.0,0.0,0.0,0.0,0.0,0.0,0.0,0.0,0.0,0.0,0.0,0.0,0.0,0.0,0.0,0.0,0.0,0.0,0.0,0.0,0.0,0.0,0.0,0.0,0.0,0.0,0.0,0.0,0.0,0.0,0.0,0.0,0.0,0.0,0.0,0.0,0.0,0.0,0.0,0.0,0.0,0.0,0.0,0.0,0.0,0.0,0.0,0.0,0.0,0.0,0.0,0.0,0.0,0.0,0.0,0.0,0.0,0.0,0.0,0.0,0.0,0.0,0.0,0.0,0.0,0.0,0.0,0.0,0.0,0.0,0.0,0.0,0.0,0.0,0.0,0.0,0.0,0.0,0.0,0.0,0.0,0.0,0.0,0.0,0.0,0.0,0.0,0.0,0.0,0.0,0.0,0.0,0.0,0.0,0.0,0.0,0.0,0.0,0.0
201412,0.0,0.0,0.0,0.0,0.0,0.0,0.0,0.0,0.0,0.0,0.0,0.0,0.0,0.0,0.0,0.0,0.0,0.0,0.0,0.0,0.0,0.0,0.0,0.0,0.0,0.0,0.0,0.0,0.0,0.0,0.0,0.0,0.0,0.0,0.0,0.0,0.0,0.0,0.0,0.0,0.0,0.0,0.0,0.0,0.0,0.0,0.0,0.0,0.0,0.0,0.0,0.0,0.0,0.0,0.0,0.0,0.0,0.0,0.0,0.0,0.0,0.0,0.0,0.0,0.0,0.0,0.0,0.0,0.0,0.0,0.0,0.0,0.0,0.0,0.0,0.0,0.0,0.0,0.0,0.0,0.0,0.0,0.0,0.0,0.0,0.0,0.0,0.0,0.0,0.0,0.0,0.0,0.0,0.0,0.0,0.0,0.0,0.0,0.0,0.0,0.0,0.0,0.0,0.0,0.0,0.0,0.0,0.0,0.0,0.0,0.0,0.0,0.0
201501,0.0,0.0,0.0,0.0,0.0,0.0,0.0,0.0,0.0,0.0,0.0,0.0,0.00013790395191176446,0.0,0.0,0.0,0.0,0.0,0.0,0.0,0.0,0.0,0.0,0.0,0.0,0.0,0.0,0.0,0.0,0.0,0.0,0.0,0.0,0.0,0.0,0.0,0.0,0.0,0.0,0.0,0.0,0.0,0.0,0.0,0.0,0.0,0.0,0.0,0.0,0.0,0.0,0.0,0.0,0.0,0.0,0.0,0.0,0.0,0.0,0.0,0.0,0.0,0.0,0.0,0.0,0.0,0.0,0.0,0.0,0.0,0.0,0.0,0.0,0.0,0.0,0.0,0.0,0.0,0.0,0.0,0.0,0.0,0.0,0.0,0.0,0.0,0.0,0.0,0.0,0.0,0.0,0.0,0.0,0.0003103542785606656,0.0,0.0,0.0,0.0,0.0,0.0,0.0,0.0,0.0,0.0,0.0,0.0,0.0,0.0,0.0,0.0,0.0,0.0,0.0
201502,0.0,0.0,0.0,0.0,0.0,0.0,0.0,0.0,0.0,0.0,0.0,0.0,0.0,0.0,0.0,0.0,0.0,0.0,0.0,0.0,0.0,0.0,0.0,0.0,0.0,0.0,0.0,0.0,0.0,0.0,0.0,0.0,0.0,0.0,0.0,0.0,0.0,0.0,0.0,0.0,0.0,0.0,0.0,0.0,0.0,0.0,0.0,0.0,0.0,0.0,0.0,0.0,0.0,0.0,0.0,0.0,0.0,0.0,0.0,0.0,0.0,0.0,0.0,0.0,0.0,0.0,0.0,0.0,0.0,0.0,0.0,0.0,0.0,0.0,0.0,0.0,0.0,0.0,0.0,0.0,0.0,0.0,0.0,0.0,0.0,0.0,0.0,0.0,0.0,0.0,0.0,0.0,0.0,0.00033939317885984307,0.0,0.0,0.0,0.0,0.0,0.0,0.0,0.0,0.0,0.0,0.0,0.0,0.0,0.0,0.0,0.0,0.0,0.0,0.0
201503,0.0,0.0,0.0,0.0,0.0,0.0,0.0,0.0,0.0,0.0,0.0,0.0,3.93091313998421e-05,0.0,0.0,0.0,0.0,0.0,0.0,0.0,0.0,0.0,0.0,0.0,0.0,0.0,0.0,0.0,0.0,0.0,0.0,0.0,0.0,0.0,0.0,0.0,0.0,0.0,0.0,0.0,0.0,0.0,0.0,0.0,0.0,0.0,0.0,0.0,0.0,0.0,0.0,0.0,0.0,0.0,0.0,0.0,0.0,0.0,0.0,0.0,0.0,0.0,0.0,0.0,0.0,0.0,0.0,0.0,0.0,0.0,0.0,0.0,0.0,0.0,0.0,0.0,0.0,0.0,0.0,0.0,0.0,0.0,0.0,0.0,0.0,0.0,0.0,0.0,0.0,0.0,0.0,0.0,0.0,0.00010165481036369978,0.0,0.0,0.0,0.0,0.0,0.0,0.0,0.0,0.0,0.0,0.0,0.0,0.0,0.0,0.0,0.0,0.0,0.0,0.0
201504,0.0,0.0,0.0,0.0,0.0,0.0,0.0,0.0,0.0,0.0,0.0,0.0,6.34772306913775e-05,0.0,0.0,0.0,0.0,0.0,0.0,0.0,0.0,0.0,0.0,0.0,0.0,0.0,0.0,0.0,0.0,0.0,0.0,0.0,0.0,0.0,0.0,0.0,0.0,0.0,0.0,0.0,0.0,0.0,0.0,0.0,0.0,0.0,0.0,0.0,0.0,0.0,0.0,0.0,0.0,0.0,0.0,0.0,0.0,0.0,0.0,0.0,0.0,0.0,0.0,0.0,0.0,0.0,0.0,0.0,0.0,0.0,0.0,0.0,0.0,0.0,0.0,0.0,0.0,0.0,0.0,0.0,0.0,0.0,0.0,0.0,0.0,0.0,0.0,0.0,0.0,0.0,0.0,0.0,0.0,0.00011044896843231033,0.0,0.0,0.0,0.0,0.0,0.0,0.0,0.0,0.0,0.0,0.0,0.0,0.0,0.0,0.0,0.0,0.0,0.0,0.0
201505,0.0,0.0,0.0,0.0,0.0,0.0,0.0,0.0,0.0,0.0,0.0,0.0,0.000221789856565573,0.0,0.0,0.0,0.0,0.0,0.0,0.0,0.0,0.0,0.0,0.0,0.0,0.0,0.0,0.0,0.0,0.0,0.0,0.0,0.0,0.0,0.0,0.0,0.0,0.0,0.0,0.0,0.0,0.0,0.0,0.0,0.0,0.0,0.0,0.0,0.0,0.0,0.0,0.0,0.0,0.0,0.0,0.0,0.0,0.0,0.0,0.0,0.0,0.0,0.0,0.0,0.0,0.0,0.0,0.0,0.0,0.0,0.0,0.0,0.0,0.0,0.0,0.0,0.0,0.0,0.0,0.0,0.0,0.0,0.0,0.0,0.0,0.0,0.0,0.0,0.0,0.0,0.0,0.0,0.0,0.0002235748880334768,0.0,0.0,0.0,0.0,0.0,0.0,0.0,0.0,0.0,0.0,0.0,0.0,0.0,0.0,0.0,0.0,0.0,0.0,0.0
201506,0.0,0.0,0.0,0.0,0.0,0.0,0.0,0.0,0.0,0.0,0.0,0.0,3.530208594734672e-05,0.0,0.0,0.0,0.0,0.0,0.0,0.0,0.0,0.0,0.0,0.0,0.0,0.0,0.0,0.0,0.0,0.0,0.0,0.0,0.0,0.0,0.0,0.0,0.0,0.0,0.0,0.0,0.0,0.0,0.0,0.0,0.0,0.0,0.0,0.0,0.0,0.0,0.0,0.0,0.0,0.0,0.0,0.0,0.0,0.0,0.0,0.0,0.0,0.0,0.0,0.0,0.0,0.0,0.0,0.0,0.0,0.0,0.0,0.0,0.0,0.0,0.0,0.0,0.0,0.0,0.0,0.0,0.0,0.0,0.0,0.0,0.0,0.0,0.0,0.0,0.0,0.0,0.0,0.0,0.0,0.0002455768865262997,0.0,0.0,0.0,0.0,0.0,0.0,0.0,0.0,0.0,0.0,0.0,0.0,0.0,0.0,0.0,0.0,0.0,0.0,0.0
201507,0.0,0.0,0.0,0.0,0.0,0.0,0.0,0.0,0.0,0.0,0.0,0.0,0.0,0.0,0.0,0.0,0.0,0.0,0.0,0.0,0.0,0.0,0.0,0.0,0.0,0.0,0.0,0.0,0.0,0.0,0.0,0.0,0.0,0.0,0.0,0.0,0.0,0.0,0.0,0.0,0.0,0.0,0.0,0.0,0.0,0.0,0.0,0.0,0.0,0.0,0.0,0.0,0.0,0.0,0.0,0.0,0.0,0.0,0.0,0.0,0.0,0.0,0.0,0.0,0.0,0.0,0.0,0.0,0.0,0.0,0.0,0.0,0.0,0.0,0.0,0.0,0.0,0.0,0.0,0.0,0.0,0.0,0.0,0.0,0.0,0.0,0.0,0.0,0.0,0.0,0.0,0.0,0.0,0.00015853739863507362,0.0,0.0,0.0,0.0,0.0,0.0,0.0,0.0,0.0,0.0,0.0,0.0,0.0,0.0,0.0,0.0,0.0,0.0,0.0
201508,0.0,0.0,0.0,0.0,0.0,0.0,0.0,0.0,0.0,0.0,0.0,0.0,0.0,0.0,0.0,0.0,0.0,0.0,0.0,0.0,0.0,0.0,0.0,0.0,0.0,0.0,0.0,0.0,0.0,0.0,0.0,0.0,0.0,0.0,0.0,0.0,0.0,0.0,0.0,0.0,0.0,0.0,0.0,0.0,0.0,0.0,0.0,0.0,0.0,0.0,0.0,0.0,0.0,0.0,0.0,0.0,0.0,0.0,0.0,0.0,0.0,0.0,0.0,0.0,0.0,0.0,0.0,0.0,0.0,0.0,0.0,0.0,0.0,0.0,0.0,0.0,0.0,0.0,0.0,0.0,0.0,0.0,0.0,0.0,0.0,0.0,0.0,0.0,0.0,0.0,0.0,0.0,0.0,0.0,0.0,0.0,0.0,0.0,0.0,0.0,0.0,0.0,0.0,0.0,0.0,0.0,0.0,0.0,0.0,0.0,0.0,0.0,0.0
201509,0.0,0.0,0.0,0.0,0.0,0.0,0.0,0.0,0.0,0.0,0.0,0.0,0.0,0.0,0.0,0.0,0.0,0.0,0.0,0.0,0.0,0.0,0.0,0.0,0.0,0.0,0.0,0.0,0.0,0.0,0.0,0.0,0.0,0.0,0.0,0.0,0.0,0.0,0.0,0.0,0.0,0.0,0.0,0.0,0.0,0.0,0.0,0.0,0.0,0.0,0.0,0.0,0.0,0.0,0.0,0.0,0.0,0.0,0.0,0.0,0.0,0.0,0.0,0.0,0.0,0.0,0.0,0.0,0.0,0.0,0.0,0.0,0.0,0.0,0.0,0.0,0.0,0.0,0.0,0.0,0.0,0.0,0.0,0.0,0.0,0.0,0.0,0.0,0.0,0.0,0.0,0.0,0.0,5.2297222210003955e-05,0.0,0.0,0.0,0.0,0.0,0.0,0.0,0.0,0.0,0.0,0.0,0.0,0.0,0.0,0.0,0.0,0.0,0.0,0.0
201510,0.0,0.0,0.0,0.0,0.0,0.0,0.0,0.0,0.0,0.0,0.0,0.0,0.0,0.0,0.0,0.0,0.0,0.0,0.0,0.0,0.0,0.0,0.0,0.0,0.0,0.0,0.0,0.0,0.0,0.0,0.0,0.0,0.0,0.0,0.0,0.0,0.0,0.0,0.0,0.0,0.0,0.0,0.0,0.0,0.0,0.0,0.0,0.0,0.0,0.0,0.0,0.0,0.0,0.0,0.0,0.0,0.0,0.0,0.0,0.0,0.0,0.0,0.0,0.0,0.0,0.0,0.0,0.0,0.0,0.0,0.0,0.0,0.0,0.0,0.0,0.0,0.0,0.0,0.0,0.0,0.0,0.0,0.0,0.0,0.0,0.0,0.0,0.0,0.0,0.0,0.0,0.0,0.0,0.00010280568623676749,0.0,0.0,0.0,0.0,0.0,0.0,0.0,0.0,0.0,0.0,0.0,0.0,0.0,0.0,0.0,0.0,0.0,0.0,0.0
201511,0.0,0.0,0.0,0.0,0.0,0.0,0.0,0.0,0.0,0.0,0.0,0.0,0.0002871239546534816,0.0,0.0,0.0,0.0,0.0,0.0,0.0,0.0,0.0,0.0,0.0,0.0,0.0,0.0,0.0,0.0,0.0,0.0,0.0,0.0,0.0,0.0,0.0,0.0,0.0,0.0,0.0,0.0,0.0,0.0,0.0,0.0,0.0,0.0,0.0,0.0,0.0,0.0,0.0,0.0,0.0,0.0,0.0,0.0,0.0,0.0,0.0,0.0,0.0,0.0,0.0,0.0,0.0,0.0,0.0,0.0,0.0,0.0,0.0,0.0,0.0,0.0,0.0,0.0,0.0,0.0,0.0,0.0,0.0,0.0,0.0,0.0,0.0,0.0,0.0,0.0,0.0,0.0,0.0,0.0,0.00037353102972260114,0.0,0.0,0.0,0.0,0.0,0.0,0.0,0.0,0.0,0.0,0.0,0.0,0.0,0.0,0.0,0.0,0.0,0.0,0.0
201512,0.0,0.0,0.0,0.0,0.0,0.0,0.0,0.0,0.0,0.0,0.0,0.0,0.0004858376794813662,0.0,0.0,0.0,0.0,0.0,0.0,0.0,0.0,0.0,0.0,0.0,0.0,0.0,0.0,0.0,0.0,0.0,0.0,0.0,0.0,0.0,0.0,0.0,0.0,0.0,0.0,0.0,0.0,0.0,0.0,0.0,0.0,0.0,0.0,0.0,0.0,0.0,0.0,0.0,0.0,0.0,0.0,0.0,0.0,0.0,0.0,0.0,0.0,0.0,0.0,0.0,0.0,0.0,0.0,0.0,0.0,0.0,0.0,0.0,0.0,0.0,0.0,0.0,0.0,0.0,0.0,0.0,0.0,0.0,0.0,0.0,0.0,0.0,0.0,0.0,0.0,0.0,0.0,0.0,0.0,0.0004795370892643757,0.0,0.0,0.0,0.0,0.0,0.0,0.0,0.0,0.0,0.0,0.0,0.0,0.0,0.0,0.0,0.0,0.0,0.0,0.0
201601,0.0,0.0,0.0,0.0,0.0,0.0,0.0,0.0,0.0,0.0,0.0,0.0,0.0,0.0,0.0,0.0,0.0,0.0,0.0,0.0,0.0,0.0,0.0,0.0,0.0,0.0,0.0,0.0,0.0,0.0,0.0,0.0,0.0,0.0,0.0,0.0,0.0,0.0,0.0,0.0,0.0,0.0,0.0,0.0,0.0,0.0,0.0,0.0,0.0,0.0,0.0,0.0,0.0,0.0,0.0,0.0,0.0,0.0,0.0,0.0,0.0,0.0,0.0,0.0,0.0,0.0,0.0,0.0,0.0,0.0,0.0,0.0,0.0,0.0,0.0,0.0,0.0,0.0,0.0,0.0,0.0,0.0,0.0,0.0,0.0,0.0,0.0,0.0,0.0,0.0,0.0,0.0,0.0,0.0,0.0,0.0,0.0,0.0,0.0,0.0,0.0,0.0,0.0,0.0,0.0,0.0,0.0,0.0,0.0,0.0,0.0,0.0,0.0
201602,0.0,0.0,0.0,0.0,0.0,0.0,0.0,0.0,0.0,0.0,0.0,0.0,0.0,0.0,0.0,0.0,0.0,0.0,0.0,0.0,0.0,0.0,0.0,0.0,0.0,0.0,0.0,0.0,0.0,0.0,0.0,0.0,0.0,0.0,0.0,0.0,0.0,0.0,0.0,0.0,0.0,0.0,0.0,0.0,0.0,0.0,0.0,0.0,0.0,0.0,0.0,0.0,0.0,0.0,0.0,0.0,0.0,0.0,0.0,0.0,0.0,0.0,0.0,0.0,0.0,0.0,0.0,0.0,0.0,0.0,0.0,0.0,0.0,0.0,0.0,0.0,0.0,0.0,0.0,0.0,0.0,0.0,0.0,0.0,0.0,0.0,0.0,0.0,0.0,0.0,0.0,0.0,0.0,0.0,0.0,0.0,0.0,0.0,0.0,0.0,0.0,0.0,0.0,0.0,0.0,0.0,0.0,0.0,0.0,0.0,0.0,0.0,0.0
201603,0.0,0.0,0.0,0.0,0.0,0.0,0.0,0.0,0.0,0.0,0.0,0.0,0.0,0.0,0.0,0.0,0.0,0.0,0.0,0.0,0.0,0.0,0.0,0.0,0.0,0.0,0.0,0.0,0.0,0.0,0.0,0.0,0.0,0.0,0.0,0.0,0.0,0.0,0.0,0.0,0.0,0.0,0.0,0.0,0.0,0.0,0.0,0.0,0.0,0.0,0.0,0.0,0.0,0.0,0.0,0.0,0.0,0.0,0.0,0.0,0.0,0.0,0.0,0.0,0.0,0.0,0.0,0.0,0.0,0.0,0.0,0.0,0.0,0.0,0.0,0.0,0.0,0.0,0.0,0.0,0.0,0.0,0.0,0.0,0.0,0.0,0.0,0.0,0.0,0.0,0.0,0.0,0.0,0.0,0.0,0.0,0.0,0.0,0.0,0.0,0.0,0.0,0.0,0.0,0.0,0.0,0.0,0.0,0.0,0.0,0.0,0.0,0.0
201604,0.0,0.0,0.0,0.0,0.0,0.0,0.0,0.0,0.0,0.0,0.0,0.0,0.0,0.0,0.0,0.0,0.0,0.0,0.0,0.0,0.0,0.0,0.0,0.0,0.0,0.0,0.0,0.0,0.0,0.0,0.0,0.0,0.0,0.0,0.0,0.0,0.0,0.0,0.0,0.0,0.0,0.0,0.0,0.0,0.0,0.0,0.0,0.0,0.0,0.0,0.0,0.0,0.0,0.0,0.0,0.0,0.0,0.0,0.0,0.0,0.0,0.0,0.0,0.0,0.0,0.0,0.0,0.0,0.0,0.0,0.0,0.0,0.0,0.0,0.0,0.0,0.0,0.0,0.0,0.0,0.0,0.0,0.0,0.0,0.0,0.0,0.0,0.0,0.0,0.0,0.0,0.0,0.0,0.0,0.0,0.0,0.0,0.0,0.0,0.0,0.0,0.0,0.0,0.0,0.0,0.0,0.0,0.0,0.0,0.0,0.0,0.0,0.0
201605,0.0,0.0,0.0,0.0,0.0,0.0,0.0,0.0,0.0,0.0,0.0,0.0,0.0,0.0,0.0,0.0,0.0,0.0,0.0,0.0,0.0,0.0,0.0,0.0,0.0,0.0,0.0,0.0,0.0,0.0,0.0,0.0,0.0,0.0,0.0,0.0,0.0,0.0,0.0,0.0,0.0,0.0,0.0,0.0,0.0,0.0,0.0,0.0,0.0,0.0,0.0,0.0,0.0,0.0,0.0,0.0,0.0,0.0,0.0,0.0,0.0,0.0,0.0,0.0,0.0,0.0,0.0,0.0,0.0,0.0,0.0,0.0,0.0,0.0,0.0,0.0,0.0,0.0,0.0,0.0,0.0,0.0,0.0,0.0,0.0,0.0,0.0,0.0,0.0,0.0,0.0,0.0,0.0,0.0,0.0,0.0,0.0,0.0,0.0,0.0,0.0,0.0,0.0,0.0,0.0,0.0,0.0,0.0,0.0,0.0,0.0,0.0,0.0
201606,0.0,0.0,0.0,0.0,0.0,0.0,0.0,0.0,0.0,0.0,0.0,0.0,0.0,0.0,0.0,0.0,0.0,0.0,0.0,0.0,0.0,0.0,0.0,0.0,0.0,0.0,0.0,0.0,0.0,0.0,0.0,0.0,0.0,0.0,0.0,0.0,0.0,0.0,0.0,0.0,0.0,0.0,0.0,0.0,0.0,0.0,0.0,0.0,0.0,0.0,0.0,0.0,0.0,0.0,0.0,0.0,0.0,0.0,0.0,0.0,0.0,0.0,0.0,0.0,0.0,0.0,0.0,0.0,0.0,0.0,0.0,0.0,0.0,0.0,0.0,0.0,0.0,0.0,0.0,0.0,0.0,0.0,0.0,0.0,0.0,0.0,0.0,0.0,0.0,0.0,0.0,0.0,0.0,0.0,0.0,0.0,0.0,0.0,0.0,0.0,0.0,0.0,0.0,0.0,0.0,0.0,0.0,0.0,0.0,0.0,0.0,0.0,0.0
201607,0.0,0.0,0.0,0.0,0.0,0.0,0.0,0.0,0.0,0.0,0.0,0.0,0.0,0.0,0.0,0.0,0.0,0.0,0.0,0.0,0.0,0.0,0.0,0.0,0.0,0.0,0.0,0.0,0.0,0.0,0.0,0.0,0.0,0.0,0.0,0.0,0.0,0.0,0.0,0.0,0.0,0.0,0.0,0.0,0.0,0.0,0.0,0.0,0.0,0.0,0.0,0.0,0.0,0.0,0.0,0.0,0.0,0.0,0.0,0.0,0.0,0.0,0.0,0.0,0.0,0.0,0.0,0.0,0.0,0.0,0.0,0.0,0.0,0.0,0.0,0.0,0.0,0.0,0.0,0.0,0.0,0.0,0.0,0.0,0.0,0.0,0.0,0.0,0.0,0.0,0.0,0.0,0.0,0.0,0.0,0.0,0.0,0.0,0.0,0.0,0.0,0.0,0.0,0.0,0.0,0.0,0.0,0.0,0.0,0.0,0.0,0.0,0.0
201608,0.0,0.0,0.0,0.0,0.0,0.0,0.0,0.0,0.0,0.0,0.0,0.0,0.0,0.0,0.0,0.0,0.0,0.0,0.0,0.0,0.0,0.0,0.0,0.0,0.0,0.0,0.0,0.0,0.0,0.0,0.0,0.0,0.0,0.0,0.0,0.0,0.0,0.0,0.0,0.0,0.0,0.0,0.0,0.0,0.0,0.0,0.0,0.0,0.0,0.0,0.0,0.0,0.0,0.0,0.0,0.0,0.0,0.0,0.0,0.0,0.0,0.0,0.0,0.0,0.0,0.0,0.0,0.0,0.0,0.0,0.0,0.0,0.0,0.0,0.0,0.0,0.0,0.0,0.0,0.0,0.0,0.0,0.0,0.0,0.0,0.0,0.0,0.0,0.0,0.0,0.0,0.0,0.0,0.0,0.0,0.0,0.0,0.0,0.0,0.0,0.0,0.0,0.0,0.0,0.0,0.0,0.0,0.0,0.0,0.0,0.0,0.0,0.0
201609,0.0,0.0,0.0,0.0,0.0,0.0,0.0,0.0,0.0,0.0,0.0,0.0,0.0,0.0,0.0,0.0,0.0,0.0,0.0,0.0,0.0,0.0,0.0,0.0,0.0,0.0,0.0,0.0,0.0,0.0,0.0,0.0,0.0,0.0,0.0,0.0,0.0,0.0,0.0,0.0,0.0,0.0,0.0,0.0,0.0,0.0,0.0,0.0,0.0,0.0,0.0,0.0,0.0,0.0,0.0,0.0,0.0,0.0,0.0,0.0,0.0,0.0,0.0,0.0,0.0,0.0,0.0,0.0,0.0,0.0,0.0,0.0,0.0,0.0,0.0,0.0,0.0,0.0,0.0,0.0,0.0,0.0,0.0,0.0,0.0,0.0,0.0,0.0,0.0,0.0,0.0,0.0,0.0,0.0,0.0,0.0,0.0,0.0,0.0,0.0,0.0,0.0,0.0,0.0,0.0,0.0,0.0,0.0,0.0,0.0,0.0,0.0,0.0
201610,0.0,0.0,0.0,0.0,0.0,0.0,0.0,0.0,0.0,0.0,0.0,0.0,0.0,0.0,0.0,0.0,0.0,0.0,0.0,0.0,0.0,0.0,0.0,0.0,0.0,0.0,0.0,0.0,0.0,0.0,0.0,0.0,0.0,0.0,0.0,0.0,0.0,0.0,0.0,0.0,0.0,0.0,0.0,0.0,0.0,0.0,0.0,0.0,0.0,0.0,0.0,0.0,0.0,0.0,0.0,0.0,0.0,0.0,0.0,0.0,0.0,0.0,0.0,0.0,0.0,0.0,0.0,0.0,0.0,0.0,0.0,0.0,0.0,0.0,0.0,0.0,0.0,0.0,0.0,0.0,0.0,0.0,0.0,0.0,0.0,0.0,0.0,0.0,0.0,0.0,0.0,0.0,0.0,0.0,0.0,0.0,0.0,0.0,0.0,0.0,0.0,0.0,0.0,0.0,0.0,0.0,0.0,0.0,0.0,0.0,0.0,0.0,0.0
201611,0.0,0.0,0.0,0.0,0.0,0.0,0.0,0.0,0.0,0.0,0.0,0.0,0.0,0.0,0.0,0.0,0.0,0.0,0.0,0.0,0.0,0.0,0.0,0.0,0.0,0.0,0.0,0.0,0.0,0.0,0.0,0.0,0.0,0.0,0.0,0.0,0.0,0.0,0.0,0.0,0.0,0.0,0.0,0.0,0.0,0.0,0.0,0.0,0.0,0.0,0.0,0.0,0.0,0.0,0.0,0.0,0.0,0.0,0.0,0.0,0.0,0.0,0.0,0.0,0.0,0.0,0.0,0.0,0.0,0.0,0.0,0.0,0.0,0.0,0.0,0.0,0.0,0.0,0.0,0.0,0.0,0.0,0.0,0.0,0.0,0.0,0.0,0.0,0.0,0.0,0.0,0.0,0.0,0.0,0.0,0.0,0.0,0.0,0.0,0.0,0.0,0.0,0.0,0.0,0.0,0.0,0.0,0.0,0.0,0.0,0.0,0.0,0.0
201612,0.0,0.0,0.0,0.0,0.0,0.0,0.0,0.0,0.0,0.0,0.0,0.0,0.0,0.0,0.0,0.0,0.0,0.0,0.0,0.0,0.0,0.0,0.0,0.0,0.0,0.0,0.0,0.0,0.0,0.0,0.0,0.0,0.0,0.0,0.0,0.0,0.0,0.0,0.0,0.0,0.0,0.0,0.0,0.0,0.0,0.0,0.0,0.0,0.0,0.0,0.0,0.0,0.0,0.0,0.0,0.0,0.0,0.0,0.0,0.0,0.0,0.0,0.0,0.0,0.0,0.0,0.0,0.0,0.0,0.0,0.0,0.0,0.0,0.0,0.0,0.0,0.0,0.0,0.0,0.0,0.0,0.0,0.0,0.0,0.0,0.0,0.0,0.0,0.0,0.0,0.0,0.0,0.0,0.0,0.0,0.0,0.0,0.0,0.0,0.0,0.0,0.0,0.0,0.0,0.0,0.0,0.0,0.0,0.0,0.0,0.0,0.0,0.0
201701,0.0,0.0,0.0,0.0,0.0,0.0,0.0,0.0,0.0,0.0,0.0,0.0,0.0,0.0,0.0,0.0,0.0,0.0,0.0,0.0,0.0,0.0,0.0,0.0,0.0,0.0,0.0,0.0,0.0,0.0,0.0,0.0,0.0,0.0,0.0,0.0,0.0,0.0,0.0,0.0,0.0,0.0,0.0,0.0,0.0,0.0,0.0,0.0,0.0,0.0,0.0,0.0,0.0,0.0,0.0,0.0,0.0,0.0,0.0,0.0,0.0,0.0,0.0,0.0,0.0,0.0,0.0,0.0,0.0,0.0,0.0,0.0,0.0,0.0,0.0,0.0,0.0,0.0,0.0,0.0,0.0,0.0,0.0,0.0,0.0,0.0,0.0,0.0,0.0,0.0,0.0,0.0,0.0,0.0,0.0,0.0,0.0,0.0,0.0,0.0,0.0,0.0,0.0,0.0,0.0,0.0,0.0,0.0,0.0,0.0,0.0,0.0,0.0
201702,0.0,0.0,0.0,0.0,0.0,0.0,0.0,0.0,0.0,0.0,0.0,0.0,0.0,0.0,0.0,0.0,0.0,0.0,0.0,0.0,0.0,0.0,0.0,0.0,0.0,0.0,0.0,0.0,0.0,0.0,0.0,0.0,0.0,0.0,0.0,0.0,0.0,0.0,0.0,0.0,0.0,0.0,0.0,0.0,0.0,0.0,0.0,0.0,0.0,0.0,0.0,0.0,0.0,0.0,0.0,0.0,0.0,0.0,0.0,0.0,0.0,0.0,0.0,0.0,0.0,0.0,0.0,0.0,0.0,0.0,0.0,0.0,0.0,0.0,0.0,0.0,0.0,0.0,0.0,0.0,0.0,0.0,0.0,0.0,0.0,0.0,0.0,0.0,0.0,0.0,0.0,0.0,0.0,0.0,0.0,0.0,0.0,0.0,0.0,0.0,0.0,0.0,0.0,0.0,0.0,0.0,0.0,0.0,0.0,0.0,0.0,0.0,0.0
201703,0.0,0.0,0.0,0.0,0.0,0.0,0.0,0.0,0.0,0.0,0.0,0.0,0.0,0.0,0.0,0.0,0.0,0.0,0.0,0.0,0.0,0.0,0.0,0.0,0.0,0.0,0.0,0.0,0.0,0.0,0.0,0.0,0.0,0.0,0.0,0.0,0.0,0.0,0.0,0.0,0.0,0.0,0.0,0.0,0.0,0.0,0.0,0.0,0.0,0.0,0.0,0.0,0.0,0.0,0.0,0.0,0.0,0.0,0.0,0.0,0.0,0.0,0.0,0.0,0.0,0.0,0.0,0.0,0.0,0.0,0.0,0.0,0.0,0.0,0.0,0.0,0.0,0.0,0.0,0.0,0.0,0.0,0.0,0.0,0.0,0.0,0.0,0.0,0.0,0.0,0.0,0.0,0.0,0.0,0.0,0.0,0.0,0.0,0.0,0.0,0.0,0.0,0.0,0.0,0.0,0.0,0.0,0.0,0.0,0.0,0.0,0.0,0.0
201704,0.0,0.0,0.0,0.0,0.0,0.0,0.0,0.0,0.0,0.0,0.0,0.0,0.0,0.0,0.0,0.0,0.0,0.0,0.0,0.0,0.0,0.0,0.0,0.0,0.0,0.0,0.0,0.0,0.0,0.0,0.0,0.0,0.0,0.0,0.0,0.0,0.0,0.0,0.0,0.0,0.0,0.0,0.0,0.0,0.0,0.0,0.0,0.0,0.0,0.0,0.0,0.0,0.0,0.0,0.0,0.0,0.0,0.0,0.0,0.0,0.0,0.0,0.0,0.0,0.0,0.0,0.0,0.0,0.0,0.0,0.0,0.0,0.0,0.0,0.0,0.0,0.0,0.0,0.0,0.0,0.0,0.0,0.0,0.0,0.0,0.0,0.0,0.0,0.0,0.0,0.0,0.0,0.0,0.0,0.0,0.0,0.0,0.0,0.0,0.0,0.0,0.0,0.0,0.0,0.0,0.0,0.0,0.0,0.0,0.0,0.0,0.0,0.0
201705,0.0,0.0,0.0,0.0,0.0,0.0,0.0,0.0,0.0,0.0,0.0,0.0,0.0,0.0,0.0,0.0,0.0,0.0,0.0,0.0,0.0,0.0,0.0,0.0,0.0,0.0,0.0,0.0,0.0,0.0,0.0,0.0,0.0,0.0,0.0,0.0,0.0,0.0,0.0,0.0,0.0,0.0,0.0,0.0,0.0,0.0,0.0,0.0,0.0,0.0,0.0,0.0,0.0,0.0,0.0,0.0,0.0,0.0,0.0,0.0,0.0,0.0,0.0,0.0,0.0,0.0,0.0,0.0,0.0,0.0,0.0,0.0,0.0,0.0,0.0,0.0,0.0,0.0,0.0,0.0,0.0,0.0,0.0,0.0,0.0,0.0,0.0,0.0,0.0,0.0,0.0,0.0,0.0,0.0,0.0,0.0,0.0,0.0,0.0,0.0,0.0,0.0,0.0,0.0,0.0,0.0,0.0,0.0,0.0,0.0,0.0,0.0,0.0
201706,0.0,0.0,0.0,0.0,0.0,0.0,0.0,0.0,0.0,0.0,0.0,0.0,0.0,0.0,0.0,0.0,0.0,0.0,0.0,0.0,0.0,0.0,0.0,0.0,0.0,0.0,0.0,0.0,0.0,0.0,0.0,0.0,0.0,0.0,0.0,0.0,0.0,0.0,0.0,0.0,0.0,0.0,0.0,0.0,0.0,0.0,0.0,0.0,0.0,0.0,0.0,0.0,0.0,0.0,0.0,0.0,0.0,0.0,0.0,0.0,0.0,0.0,0.0,0.0,0.0,0.0,0.0,0.0,0.0,0.0,0.0,0.0,0.0,0.0,0.0,0.0,0.0,0.0,0.0,0.0,0.0,0.0,0.0,0.0,0.0,0.0,0.0,0.0,0.0,0.0,0.0,0.0,0.0,0.0,0.0,0.0,0.0,0.0,0.0,0.0,0.0,0.0,0.0,0.0,0.0,0.0,0.0,0.0,0.0,0.0,0.0,0.0,0.0
201707,0.0,0.0,0.0,0.0,0.0,0.0,0.0,0.0,0.0,0.0,0.0,0.0,0.0,0.0,0.0,0.0,0.0,0.0,0.0,0.0,0.0,0.0,0.0,0.0,0.0,0.0,0.0,0.0,0.0,0.0,0.0,0.0,0.0,0.0,0.0,0.0,0.0,0.0,0.0,0.0,0.0,0.0,0.0,0.0,0.0,0.0,0.0,0.0,0.0,0.0,0.0,0.0,0.0,0.0,0.0,0.0,0.0,0.0,0.0,0.0,0.0,0.0,0.0,0.0,0.0,0.0,0.0,0.0,0.0,0.0,0.0,0.0,0.0,0.0,0.0,0.0,0.0,0.0,0.0,0.0,0.0,0.0,0.0,0.0,0.0,0.0,0.0,0.0,0.0,0.0,0.0,0.0,0.0,0.0,0.0,0.0,0.0,0.0,0.0,0.0,0.0,0.0,0.0,0.0,0.0,0.0,0.0,0.0,0.0,0.0,0.0,0.0,0.0
201708,0.0,0.0,0.0,0.0,0.0,0.0,0.0,0.0,0.0,0.0,0.0,0.0,0.0,0.0,0.0,0.0,0.0,0.0,0.0,0.0,0.0,0.0,0.0,0.0,0.0,0.0,0.0,0.0,0.0,0.0,0.0,0.0,0.0,0.0,0.0,0.0,0.0,0.0,0.0,0.0,0.0,0.0,0.0,0.0,0.0,0.0,0.0,0.0,0.0,0.0,0.0,0.0,0.0,0.0,0.0,0.0,0.0,0.0,0.0,0.0,0.0,0.0,0.0,0.0,0.0,0.0,0.0,0.0,0.0,0.0,0.0,0.0,0.0,0.0,0.0,0.0,0.0,0.0,0.0,0.0,0.0,0.0,0.0,0.0,0.0,0.0,0.0,0.0,0.0,0.0,0.0,0.0,0.0,0.0,0.0,0.0,0.0,0.0,0.0,0.0,0.0,0.0,0.0,0.0,0.0,0.0,0.0,0.0,0.0,0.0,0.0,0.0,0.0
201709,0.0,0.0,0.0,0.0,0.0,0.0,0.0,0.0,0.0,0.0,0.0,0.0,0.0,0.0,0.0,0.0,0.0,0.0,0.0,0.0,0.0,0.0,0.0,0.0,0.0,0.0,0.0,0.0,0.0,0.0,0.0,0.0,0.0,0.0,0.0,0.0,0.0,0.0,0.0,0.0,0.0,0.0,0.0,0.0,0.0,0.0,0.0,0.0,0.0,0.0,0.0,0.0,0.0,0.0,0.0,0.0,0.0,0.0,0.0,0.0,0.0,0.0,0.0,0.0,0.0,0.0,0.0,0.0,0.0,0.0,0.0,0.0,0.0,0.0,0.0,0.0,0.0,0.0,0.0,0.0,0.0,0.0,0.0,0.0,0.0,0.0,0.0,0.0,0.0,0.0,0.0,0.0,0.0,0.0,0.0,0.0,0.0,0.0,0.0,0.0,0.0,0.0,0.0,0.0,0.0,0.0,0.0,0.0,0.0,0.0,0.0,0.0,0.0
201710,0.0,0.0,0.0,0.0,0.0,0.0,0.0,0.0,0.0,0.0,0.0,0.0,0.0,0.0,0.0,0.0,0.0,0.0,0.0,0.0,0.0,0.0,0.0,0.0,0.0,0.0,0.0,0.0,0.0,0.0,0.0,0.0,0.0,0.0,0.0,0.0,0.0,0.0,0.0,0.0,0.0,0.0,0.0,0.0,0.0,0.0,0.0,0.0,0.0,0.0,0.0,0.0,0.0,0.0,0.0,0.0,0.0,0.0,0.0,0.0,0.0,0.0,0.0,0.0,0.0,0.0,0.0,0.0,0.0,0.0,0.0,0.0,0.0,0.0,0.0,0.0,0.0,0.0,0.0,0.0,0.0,0.0,0.0,0.0,0.0,0.0,0.0,0.0,0.0,0.0,0.0,0.0,0.0,0.0,0.0,0.0,0.0,0.0,0.0,0.0,0.0,0.0,0.0,0.0,0.0,0.0,0.0,0.0,0.0,0.0,0.0,0.0,0.0
201711,0.0,0.0,0.0,0.0,0.0,0.0,0.0,0.0,0.0,0.0,0.0,0.0,0.0,0.0,0.0,0.0,0.0,0.0,0.0,0.0,0.0,0.0,0.0,0.0,0.0,0.0,0.0,0.0,0.0,0.0,0.0,0.0,0.0,0.0,0.0,0.0,0.0,0.0,0.0,0.0,0.0,0.0,0.0,0.0,0.0,0.0,0.0,0.0,0.0,0.0,0.0,0.0,0.0,0.0,0.0,0.0,0.0,0.0,0.0,0.0,0.0,0.0,0.0,0.0,0.0,0.0,0.0,0.0,0.0,0.0,0.0,0.0,0.0,0.0,0.0,0.0,0.0,0.0,0.0,0.0,0.0,0.0,0.0,0.0,0.0,0.0,0.0,0.0,0.0,0.0,0.0,0.0,0.0,0.0,0.0,0.0,0.0,0.0,0.0,0.0,0.0,0.0,0.0,0.0,0.0,0.0,0.0,0.0,0.0,0.0,0.0,0.0,0.0
201712,0.0,0.0,0.0,0.0,0.0,0.0,0.0,0.0,0.0,0.0,0.0,0.0,0.0,0.0,0.0,0.0,0.0,0.0,0.0,0.0,0.0,0.0,0.0,0.0,0.0,0.0,0.0,0.0,0.0,0.0,0.0,0.0,0.0,0.0,0.0,0.0,0.0,0.0,0.0,0.0,0.0,0.0,0.0,0.0,0.0,0.0,0.0,0.0,0.0,0.0,0.0,0.0,0.0,0.0,0.0,0.0,0.0,0.0,0.0,0.0,0.0,0.0,0.0,0.0,0.0,0.0,0.0,0.0,0.0,0.0,0.0,0.0,0.0,0.0,0.0,0.0,0.0,0.0,0.0,0.0,0.0,0.0,0.0,0.0,0.0,0.0,0.0,0.0,0.0,0.0,0.0,0.0,0.0,0.0,0.0,0.0,0.0,0.0,0.0,0.0,0.0,0.0,0.0,0.0,0.0,0.0,0.0,0.0,0.0,0.0,0.0,0.0,0.0
201801,0.0,0.0,0.0,0.0,0.0,0.0,0.0,0.0,0.0,0.0,0.0,0.0,0.0,0.0,0.0,0.0,0.0,0.0,0.0,0.0,0.0,0.0,0.0,0.0,0.0,0.0,0.0,0.0,0.0,0.0,0.0,0.0,0.0,0.0,0.0,0.0,0.0,0.0,0.0,0.0,0.0,0.0,0.0,0.0,0.0,0.0,0.0,0.0,0.0,0.0,0.0,0.0,0.0,0.0,0.0,0.0,0.0,0.0,0.0,0.0,0.0,0.0,0.0,0.0,0.0,0.0,0.0,0.0,0.0,0.0,0.0,0.0,0.0,0.0,0.0,0.0,0.0,0.0,0.0,0.0,0.0,0.0,0.0,0.0,0.0,0.0,0.0,0.0,0.0,0.0,0.0,0.0,0.0,0.0,0.0,0.0,0.0,0.0,0.0,0.0,0.0,0.0,0.0,0.0,0.0,0.0,0.0,0.0,0.0,0.0,0.0,0.0,0.0
201802,0.0,0.0,0.0,0.0,0.0,0.0,0.0,0.0,0.0,0.0,0.0,0.0,0.0,0.0,0.0,0.0,0.0,0.0,0.0,0.0,0.0,0.0,0.0,0.0,0.0,0.0,0.0,0.0,0.0,0.0,0.0,0.0,0.0,0.0,0.0,0.0,0.0,0.0,0.0,0.0,0.0,0.0,0.0,0.0,0.0,0.0,0.0,0.0,0.0,0.0,0.0,0.0,0.0,0.0,0.0,0.0,0.0,0.0,0.0,0.0,0.0,0.0,0.0,0.0,0.0,0.0,0.0,0.0,0.0,0.0,0.0,0.0,0.0,0.0,0.0,0.0,0.0,0.0,0.0,0.0,0.0,0.0,0.0,0.0,0.0,0.0,0.0,0.0,0.0,0.0,0.0,0.0,0.0,0.0,0.0,0.0,0.0,0.0,0.0,0.0,0.0,0.0,0.0,0.0,0.0,0.0,0.0,0.0,0.0,0.0,0.0,0.0,0.0
201803,0.0,0.0,0.0,0.0,0.0,0.0,0.0,0.0,0.0,0.0,0.0,0.0,0.0,0.0,0.0,0.0,0.0,0.0,0.0,0.0,0.0,0.0,0.0,0.0,0.0,0.0,0.0,0.0,0.0,0.0,0.0,0.0,0.0,0.0,0.0,0.0,0.0,0.0,0.0,0.0,0.0,0.0,0.0,0.0,0.0,0.0,0.0,0.0,0.0,0.0,0.0,0.0,0.0,0.0,0.0,0.0,0.0,0.0,0.0,0.0,0.0,0.0,0.0,0.0,0.0,0.0,0.0,0.0,0.0,0.0,0.0,0.0,0.0,0.0,0.0,0.0,0.0,0.0,0.0,0.0,0.0,0.0,0.0,0.0,0.0,0.0,0.0,0.0,0.0,0.0,0.0,0.0,0.0,0.0,0.0,0.0,0.0,0.0,0.0,0.0,0.0,0.0,0.0,0.0,0.0,0.0,0.0,0.0,0.0,0.0,0.0,0.0,0.0
201804,0.0,0.0,0.0,0.0,0.0,0.0,0.0,0.0,0.0,0.0,0.0,0.0,0.0,0.0,0.0,0.0,0.0,0.0,0.0,0.0,0.0,0.0,0.0,0.0,0.0,0.0,0.0,0.0,0.0,0.0,0.0,0.0,0.0,0.0,0.0,0.0,0.0,0.0,0.0,0.0,0.0,0.0,0.0,0.0,0.0,0.0,0.0,0.0,0.0,0.0,0.0,0.0,0.0,0.0,0.0,0.0,0.0,0.0,0.0,0.0,0.0,0.0,0.0,0.0,0.0,0.0,0.0,0.0,0.0,0.0,0.0,0.0,0.0,0.0,0.0,0.0,0.0,0.0,0.0,0.0,0.0,0.0,0.0,0.0,0.0,0.0,0.0,0.0,0.0,0.0,0.0,0.0,0.0,0.0,0.0,0.0,0.0,0.0,0.0,0.0,0.0,0.0,0.0,0.0,0.0,0.0,0.0,0.0,0.0,0.0,0.0,0.0,0.0
201805,0.0,0.0,0.0,0.0,0.0,0.0,0.0,0.0,0.0,0.0,0.0,0.0,0.0,0.0,0.0,0.0,0.0,0.0,0.0,0.0,0.0,0.0,0.0,0.0,0.0,0.0,0.0,0.0,0.0,0.0,0.0,0.0,0.0,0.0,0.0,0.0,0.0,0.0,0.0,0.0,0.0,0.0,0.0,0.0,0.0,0.0,0.0,0.0,0.0,0.0,0.0,0.0,0.0,0.0,0.0,0.0,0.0,0.0,0.0,0.0,0.0,0.0,0.0,0.0,0.0,0.0,0.0,0.0,0.0,0.0,0.0,0.0,0.0,0.0,0.0,0.0,0.0,0.0,0.0,0.0,0.0,0.0,0.0,0.0,0.0,0.0,0.0,0.0,0.0,0.0,0.0,0.0,0.0,0.0,0.0,0.0,0.0,0.0,0.0,0.0,0.0,0.0,0.0,0.0,0.0,0.0,0.0,0.0,0.0,0.0,0.0,0.0,0.0
201806,0.0,0.0,0.0,0.0,0.0,0.0,0.0,0.0,0.0,0.0,0.0,0.0,0.0,0.0,0.0,0.0,0.0,0.0,0.0,0.0,0.0,0.0,0.0,0.0,0.0,0.0,0.0,0.0,0.0,0.0,0.0,0.0,0.0,0.0,0.0,0.0,0.0,0.0,0.0,0.0,0.0,0.0,0.0,0.0,0.0,0.0,0.0,0.0,0.0,0.0,0.0,0.0,0.0,0.0,0.0,0.0,0.0,0.0,0.0,0.0,0.0,0.0,0.0,0.0,0.0,0.0,0.0,0.0,0.0,0.0,0.0,0.0,0.0,0.0,0.0,0.0,0.0,0.0,0.0,0.0,0.0,0.0,0.0,0.0,0.0,0.0,0.0,0.0,0.0,0.0,0.0,0.0,0.0,0.0,0.0,0.0,0.0,0.0,0.0,0.0,0.0,0.0,0.0,0.0,0.0,0.0,0.0,0.0,0.0,0.0,0.0,0.0,0.0
201807,0.0,0.0,0.0,0.0,0.0,0.0,0.0,0.0,0.0,0.0,0.0,0.0,0.0,0.0,0.0,0.0,0.0,0.0,0.0,0.0,0.0,0.0,0.0,0.0,0.0,0.0,0.0,0.0,0.0,0.0,0.0,0.0,0.0,0.0,0.0,0.0,0.0,0.0,0.0,0.0,0.0,0.0,0.0,0.0,0.0,0.0,0.0,0.0,0.0,0.0,0.0,0.0,0.0,0.0,0.0,0.0,0.0,0.0,0.0,0.0,0.0,0.0,0.0,0.0,0.0,0.0,0.0,0.0,0.0,0.0,0.0,0.0,0.0,0.0,0.0,0.0,0.0,0.0,0.0,0.0,0.0,0.0,0.0,0.0,0.0,0.0,0.0,0.0,0.0,0.0,0.0,0.0,0.0,0.0,0.0,0.0,0.0,0.0,0.0,0.0,0.0,0.0,0.0,0.0,0.0,0.0,0.0,0.0,0.0,0.0,0.0,0.0,0.0
201808,0.0,0.0,0.0,0.0,0.0,0.0,0.0,0.0,0.0,0.0,0.0,0.0,0.0,0.0,0.0,0.0,0.0,0.0,0.0,0.0,0.0,0.0,0.0,0.0,0.0,0.0,0.0,0.0,0.0,0.0,0.0,0.0,0.0,0.0,0.0,0.0,0.0,0.0,0.0,0.0,0.0,0.0,0.0,0.0,0.0,0.0,0.0,0.0,0.0,0.0,0.0,0.0,0.0,0.0,0.0,0.0,0.0,0.0,0.0,0.0,0.0,0.0,0.0,0.0,0.0,0.0,0.0,0.0,0.0,0.0,0.0,0.0,0.0,0.0,0.0,0.0,0.0,0.0,0.0,0.0,0.0,0.0,0.0,0.0,0.0,0.0,0.0,0.0,0.0,0.0,0.0,0.0,0.0,0.0,0.0,0.0,0.0,0.0,0.0,0.0,0.0,0.0,0.0,0.0,0.0,0.0,0.0,0.0,0.0,0.0,0.0,0.0,0.0
201809,0.0,0.0,0.0,0.0,0.0,0.0,0.0,0.0,0.0,0.0,0.0,0.0,0.0,0.0,0.0,0.0,0.0,0.0,0.0,0.0,0.0,0.0,0.0,0.0,0.0,0.0,0.0,0.0,0.0,0.0,0.0,0.0,0.0,0.0,0.0,0.0,0.0,0.0,0.0,0.0,0.0,0.0,0.0,0.0,0.0,0.0,0.0,0.0,0.0,0.0,0.0,0.0,0.0,0.0,0.0,0.0,0.0,0.0,0.0,0.0,0.0,0.0,0.0,0.0,0.0,0.0,0.0,0.0,0.0,0.0,0.0,0.0,0.0,0.0,0.0,0.0,0.0,0.0,0.0,0.0,0.0,0.0,0.0,0.0,0.0,0.0,0.0,0.0,0.0,0.0,0.0,0.0,0.0,0.0,0.0,0.0,0.0,0.0,0.0,0.0,0.0,0.0,0.0,0.0,0.0,0.0,0.0,0.0,0.0,0.0,0.0,0.0,0.0
201810,0.0,0.0,0.0,0.0,0.0,0.0,0.0,0.0,0.0,0.0,0.0,0.0,0.0,0.0,0.0,0.0,0.0,0.0,0.0,0.0,0.0,0.0,0.0,0.0,0.0,0.0,0.0,0.0,0.0,0.0,0.0,0.0,0.0,0.0,0.0,0.0,0.0,0.0,0.0,0.0,0.0,0.0,0.0,0.0,0.0,0.0,0.0,0.0,0.0,0.0,0.0,0.0,0.0,0.0,0.0,0.0,0.0,0.0,0.0,0.0,0.0,0.0,0.0,0.0,0.0,0.0,0.0,0.0,0.0,0.0,0.0,0.0,0.0,0.0,0.0,0.0,0.0,0.0,0.0,0.0,0.0,0.0,0.0,0.0,0.0,0.0,0.0,0.0,0.0,0.0,0.0,0.0,0.0,0.0,0.0,0.0,0.0,0.0,0.0,0.0,0.0,0.0,0.0,0.0,0.0,0.0,0.0,0.0,0.0,0.0,0.0,0.0,0.0
201811,0.0,0.0,0.0,0.0,0.0,0.0,0.0,0.0,0.0,0.0,0.0,0.0,0.0,0.0,0.0,0.0,0.0,0.0,0.0,0.0,0.0,0.0,0.0,0.0,0.0,0.0,0.0,0.0,0.0,0.0,0.0,0.0,0.0,0.0,0.0,0.0,0.0,0.0,0.0,0.0,0.0,0.0,0.0,0.0,0.0,0.0,0.0,0.0,0.0,0.0,0.0,0.0,0.0,0.0,0.0,0.0,0.0,0.0,0.0,0.0,0.0,0.0,0.0,0.0,0.0,0.0,0.0,0.0,0.0,0.0,0.0,0.0,0.0,0.0,0.0,0.0,0.0,0.0,0.0,0.0,0.0,0.0,0.0,0.0,0.0,0.0,0.0,0.0,0.0,0.0,0.0,0.0,0.0,0.0,0.0,0.0,0.0,0.0,0.0,0.0,0.0,0.0,0.0,0.0,0.0,0.0,0.0,0.0,0.0,0.0,0.0,0.0,0.0
201812,0.0,0.0,0.0,0.0,0.0,0.0,0.0,0.0,0.0,0.0,0.0,0.0,0.0,0.0,0.0,0.0,0.0,0.0,0.0,0.0,0.0,0.0,0.0,0.0,0.0,0.0,0.0,0.0,0.0,0.0,0.0,0.0,0.0,0.0,0.0,0.0,0.0,0.0,0.0,0.0,0.0,0.0,0.0,0.0,0.0,0.0,0.0,0.0,0.0,0.0,0.0,0.0,0.0,0.0,0.0,0.0,0.0,0.0,0.0,0.0,0.0,0.0,0.0,0.0,0.0,0.0,0.0,0.0,0.0,0.0,0.0,0.0,0.0,0.0,0.0,0.0,0.0,0.0,0.0,0.0,0.0,0.0,0.0,0.0,0.0,0.0,0.0,0.0,0.0,0.0,0.0,0.0,0.0,0.0,0.0,0.0,0.0,0.0,0.0,0.0,0.0,0.0,0.0,0.0,0.0,0.0,0.0,0.0,0.0,0.0,0.0,0.0,0.0
201901,0.0,0.0,0.0,0.0,0.0,0.0,0.0,0.0,0.0,0.0,0.0,0.0,0.0006562790462867446,0.0,0.0,0.0,0.0001975773432496371,0.0,0.0,0.0,0.0,0.0,0.0,0.0,0.0,0.0,0.0,0.0,0.0,0.0,0.0,0.0,0.0,0.0,0.0,0.0,0.0,0.0,0.0,0.0,0.0,0.0,0.0,0.0,0.0,0.0,0.0,0.0,0.0,0.0,0.0,0.0,0.0,0.0,0.0,0.0,0.0,0.0,0.0,0.0,0.0,0.0,0.0,0.0,0.0,0.0,0.0,0.0,0.0,0.0,0.0,2.747830694455954e-05,3.0202125319286977e-05,0.0,0.0,0.0,0.0,0.0,0.0,0.0,0.0,0.0,0.0,0.0,0.0,0.0,0.0,0.0,0.0,0.0,0.0,0.0,0.0,0.0,0.0,0.0,0.0,0.0,0.0,0.0,0.0,0.0,0.0,0.0,0.0,0.0,0.0,0.0,0.0,0.0,0.0,0.0,0.0
201902,0.0,0.0,0.0,0.0,0.0,0.0,0.0,0.0,0.0,0.0,0.0,0.0,0.0005468070114895268,0.0,0.0,0.0,0.00025235557135352206,0.0,0.0,0.0,0.0,0.0,0.0,0.0,0.0,0.0,0.0,0.0,0.0,0.0,0.0,0.0,0.0,0.0,0.0,0.0,0.0,0.0,0.0,0.0,0.0,0.0,0.0,0.0,0.0,0.0,0.0,0.0,0.0,0.0,0.0,0.0,0.0,0.0,0.0,0.0,0.0,0.0,0.0,0.0,0.0,0.0,0.0,0.0,0.0,0.0,0.0,0.0,0.0,0.0,0.0,0.0,3.5697981827461645e-05,0.0,0.00017609857019704555,0.0,0.0,0.0,0.0,0.0,0.0,0.0,0.0,0.0,0.0,0.0,0.0,0.0,3.807572964648315e-05,0.0,0.0,0.0,0.0,0.0,0.0,0.0,0.0,0.0,0.0,0.0,0.0,0.0,0.0,0.0,0.0,0.0,0.0,0.0,0.0,0.0,0.0,0.0,0.0
201903,0.0,0.0,0.0,0.0,0.0,0.0,0.0,0.0,0.0,0.0,0.0,0.0,0.00035416088686876,0.0,0.0,0.0,0.00020648680641823116,0.0,0.0,0.0,0.0,0.0,0.0,0.0,0.0,0.0,0.0,0.0,0.0,0.0,0.0,0.0,0.0,0.0,0.0,0.0,0.0,0.0,0.0,0.0,0.0,0.0,0.0,0.0,0.0,0.0,0.0,0.0,0.0,0.0,0.0,0.0,0.0,0.0,0.0,0.0,0.0,0.0,0.0,0.0,0.0,0.0,0.0,0.0,0.0,0.0,0.0,0.0,0.0,0.0,0.0,0.0,6.876135944330958e-05,0.0,0.00019995520201506018,0.0,0.0,0.0,0.0,0.0,0.0,0.0,0.0,0.0,0.0,0.0,0.0,0.0,8.467312783276902e-05,0.0,0.0,0.0,0.0,0.0,0.0,0.0,0.0,0.0,0.0,0.0,0.0,0.0,0.0,0.0,0.0,0.0,0.0,0.0,0.0,0.0,0.0,0.0,0.0
201904,0.0,0.0,0.0,0.0,0.0,0.0,0.0,0.0,0.0,0.0,0.0,0.0,0.0005054035093950211,0.0,0.0,0.0,0.00016140244240907235,0.0,0.0,0.0,0.0,0.0,0.0,0.0,0.0,0.0,0.0,0.0,0.0,0.0,0.0,0.0,0.0,0.0,0.0,0.0,0.0,0.0,0.0,0.0,0.0,0.0,0.0,0.0,0.0,0.0,0.0,0.0,0.0,0.0,0.0,0.0,0.0,0.0,0.0,0.0,0.0,0.0,0.0,0.0,0.0,0.0,0.0,0.0,0.0,0.0,0.0,0.0,0.0,0.0,0.0,0.0,6.492883154352356e-05,0.0,0.00010134794854751052,0.0,0.0,0.0,0.0,0.0,0.0,0.0,0.0,0.0,0.0,0.0,0.0,4.840911974898434e-05,0.00019208402344905284,0.0,0.0,0.0,0.0,0.0,0.0,0.0,0.0,0.0,0.0,0.0,0.0,0.0,0.0,0.0,0.0,0.0,0.0,0.0,0.0,0.0,0.0,0.0,0.0
201905,0.0,0.0,0.0,0.0,0.0,0.0,0.0,0.0,0.0,0.0,0.0,0.0,0.00024017609773002867,0.0,0.0,0.0,0.00020759517941488262,0.0,0.0,0.0,0.0,0.0,0.0,0.0,0.0,0.0,0.0,0.0,0.0,0.0,0.0,0.0,0.0,0.0,0.0,0.0,0.0,0.0,0.0,0.0,0.0,0.0,0.0,0.0,0.0,0.0,0.0,0.0,0.0,0.0,0.0,0.0,0.0,0.0,0.0,0.0,0.0,0.0,0.0,0.0,0.0,0.0,0.0,0.0,0.0,0.0,0.0,0.0,0.0,0.0,0.0,2.384017070949425e-05,0.00015469465618204618,0.0,0.0002555636875722221,0.0,0.0,0.0,0.0,0.0,0.0,0.0,0.0,0.0,0.0,0.0,0.0,0.0,0.0003384967380930528,0.0,0.0,0.0,0.0,0.0,0.0,0.0,0.0,0.0,0.0,0.0,0.0,0.0,0.0,0.0,0.0,0.0,0.0,0.0,0.0,0.0,0.0,0.0,0.0
201906,0.0,0.0,0.0,0.0,0.0,0.0,0.0,0.0,0.0,0.0,0.0,0.0,0.00018477187715346954,0.0,0.0,0.0,0.0002551123419013514,0.0,0.0,0.0,0.0,0.0,0.0,0.0,0.0,0.0,0.0,0.0,0.0,0.0,0.0,0.0,0.0,0.0,0.0,0.0,0.0,0.0,0.0,0.0,0.0,0.0,0.0,0.0,0.0,0.0,0.0,0.0,0.0,0.0,0.0,0.0,0.0,0.0,0.0,0.0,0.0,0.0,0.0,0.0,0.0,0.0,0.0,0.0,0.0,0.0,0.0,0.0,0.0,0.0,0.0,0.00016918265068803997,0.00011900127821028706,0.0,0.0004887572900240462,0.0,0.0,0.0,0.0,0.0,0.0,0.0,0.0,0.0,0.0,0.0,0.0,0.0,0.0005626029491373545,0.0,0.0,0.0,0.0,0.0,0.0,0.0,0.0,0.0,0.0,0.0,0.0,0.0,0.0,0.0,0.0,0.0,0.0,0.0,0.0,0.0,0.0,0.0,0.0
201907,0.0,0.0,0.0,0.0,0.0,0.0,0.0,0.0,0.0,0.0,0.0,0.0,7.914076131832993e-05,0.0,0.0,0.0,0.00015548607182268117,0.0,0.0,0.0,0.0,0.0,0.0,0.0,0.0,0.0,0.0,0.0,0.0,0.0,0.0,0.0,0.0,0.0,0.0,0.0,0.0,0.0,0.0,0.0,0.0,0.0,0.0,0.0,0.0,0.0,0.0,0.0,0.0,0.0,0.0,0.0,0.0,0.0,0.0,0.0,0.0,0.0,0.0,0.0,0.0,0.0,0.0,0.0,0.0,0.0,0.0,0.0,0.0,0.0,0.0,3.92624304261423e-05,0.00012769795558618285,0.0,0.00030029675752400443,0.0,0.0,0.0,0.0,0.0,0.0,0.0,0.0,0.0,0.0,0.0,0.0,3.0368985560481958e-05,0.0003202540577588739,0.0,0.0,0.0,0.0,0.0,0.0,0.0,0.0,0.0,0.0,0.0,0.0,0.0,0.0,0.0,0.0,0.0,0.0,0.0,0.0,0.0,0.0,0.0,0.0
201908,0.0,0.0,0.0,0.0,0.0,0.0,0.0,0.0,0.0,0.0,0.0,0.0,0.0,0.0,0.0,0.0,0.00024249241059443632,0.0,0.0,0.0,0.0,0.0,0.0,0.0,0.0,0.0,0.0,0.0,0.0,0.0,0.0,0.0,0.0,0.0,0.0,0.0,0.0,0.0,0.0,0.0,0.0,0.0,0.0,0.0,0.0,0.0,0.0,0.0,0.0,0.0,0.0,0.0,0.0,0.0,0.0,0.0,0.0,0.0,0.0,0.0,0.0,0.0,0.0,0.0,0.0,0.0,0.0,0.0,0.0,0.0,0.0,0.00011536945357692511,0.00013841919200626639,0.0,0.00029327812472380594,0.0,0.0,0.0,0.0,0.0,0.0,0.0,0.0,0.0,0.0,0.0,0.0,0.0,0.00013029405621512537,0.0,0.0,0.0,0.0,0.0,0.0,0.0,0.0,0.0,0.0,0.0,0.0,0.0,0.0,0.0,0.0,0.0,0.0,0.0,0.0,0.0,0.0,0.0,0.0
201909,0.0,0.0,0.0,0.0,0.0,0.0,0.0,0.0,0.0,0.0,0.0,0.0,0.0,0.0,0.0,0.0,0.00030866383519634474,0.0,0.0,0.0,0.0,0.0,0.0,0.0,0.0,0.0,0.0,0.0,0.0,0.0,0.0,0.0,0.0,0.0,0.0,0.0,0.0,0.0,0.0,0.0,0.0,0.0,0.0,0.0,0.0,0.0,0.0,0.0,0.0,0.0,0.0,0.0,0.0,0.0,0.0,0.0,0.0,0.0,0.0,0.0,0.0,0.0,0.0,0.0,0.0,0.0,0.0,0.0,0.0,0.0,0.0,4.0512290809911885e-05,8.027348506117651e-06,0.0,0.00019558528145426904,0.0,0.0,0.0,0.0,0.0,0.0,0.0,0.0,0.0,0.0,0.0,0.0,0.0,0.0,0.0,0.0,0.0,0.0,0.0,0.0,0.0,0.0,0.0,0.0,0.0,0.0,0.0,0.0,0.0,0.0,0.0,0.0,0.0,0.0,0.0,0.0,0.0,0.0
201910,0.0,0.0,0.0,0.0,0.0,0.0,0.0,0.0,0.0,0.0,0.0,0.0,0.0,0.0,0.0,0.0,0.0,0.0,0.0,0.0,0.0,0.0,0.0,0.0,0.0,0.0,0.0,0.0,0.0,0.0,0.0,0.0,0.0,0.0,0.0,0.0,0.0,0.0,0.0,0.0,0.0,0.0,0.0,0.0,0.0,0.0,0.0,0.0,0.0,0.0,0.0,0.0,0.0,0.0,0.0,0.0,0.0,0.0,0.0,0.0,0.0,0.0,0.0,0.0,0.0,0.0,0.0,0.0,0.0,0.0,0.0,0.00040624334632327733,0.0,0.0,0.00017830013192038493,0.0,0.0,0.0,0.0,0.0,0.0,0.0,0.0,0.0,0.0,0.0,0.0,0.0,0.0,0.0,0.0,0.0,0.0,0.0,0.0,0.0,0.0,0.0,0.0,0.0,0.0,0.0,0.0,0.0,0.0,0.0,0.0,0.0,0.0,0.0,0.0,0.0,0.0
201911,0.0,0.0,0.0,0.0,0.0,0.0,0.0,0.0,0.0,0.0,0.0,0.0,0.0,0.0,0.0,0.0,0.0,0.0,0.0,0.0,0.0,0.0,0.0,0.0,0.0,0.0,0.0,0.0,0.0,0.0,0.0,0.0,0.0,0.0,0.0,0.0,0.0,0.0,0.0,0.0,0.0,0.0,0.0,0.0,0.0,0.0,0.0,0.0,0.0,0.0,0.0,0.0,0.0,0.0,0.0,0.0,0.0,0.0,0.0,0.0,0.0,0.0,0.0,0.0,0.0,0.0,0.0,0.0,0.0,0.0,0.0,0.0004069609678908131,0.00011245426715829873,0.0,0.0002592287810727465,0.0,0.0,0.0,0.0,0.0,0.0,0.0,0.0,0.0,0.0,0.0,0.0,0.0,0.0,0.0,0.0,0.0,0.0,0.0,0.0,0.0,0.0,0.0,0.0,0.0,0.0,0.0,0.0,0.0,0.0,0.0,0.0,0.0,0.0,0.0,0.0,0.0,0.0
201912,0.0,0.0,0.0,0.0,0.0,0.0,0.0,0.0,0.0,0.0,0.0,0.0,0.0,0.0,0.0,0.0,0.0,0.0,0.0,0.0,0.0,0.0,0.0,0.0,0.0,0.0,0.0,0.0,0.0,0.0,0.0,0.0,0.0,0.0,0.0,0.0,0.0,0.0,0.0,0.0,0.0,0.0,0.0,0.0,0.0,0.0,0.0,0.0,0.0,0.0,0.0,0.0,0.0,0.0,0.0,0.0,0.0,0.0,0.0,0.0,0.0,0.0,0.0,0.0,0.0,0.0,0.0,0.0,0.0,0.0,0.0,0.0004428015917754243,8.420265051337654e-05,0.0,0.0003131604268963183,0.0,0.0,0.0,0.0,0.0,0.0,0.0,0.0,0.0,0.0,0.0,0.0,0.0,0.0,0.0,0.0,0.0,0.0,0.0,0.0,0.0,0.0,0.0,0.0,0.0,0.0,0.0,0.0,0.0,0.0,0.0,0.0,0.0,0.0,0.0,0.0,0.0,0.0
202001,0.0,0.0,0.0,0.0,0.0,0.0,0.0,0.0,0.0,0.0,0.0,0.0,0.0,0.0,0.0,0.0,0.0,0.0,0.0,0.0,0.0,0.0,0.0,0.0,0.0,0.0,0.0,0.0,0.0,0.0,0.0,0.0,0.0,0.0,0.0,0.0,0.0,0.0,0.0,0.0,0.0,0.0,0.0,0.0,0.0,0.0,0.0,0.0,0.0,0.0,0.0,0.0,0.0,0.0,0.0,0.0,0.0,0.0,0.0,0.0,0.0,0.0,0.0,0.0,0.0,0.0,0.0,0.0,0.0,8.012705128492736e-05,0.0,0.0003484881293741404,4.500566059823785e-05,0.0,0.0005593805829193075,0.0,0.0,0.0,0.0,0.0,0.0,0.0,0.0,0.0,0.0,0.0,0.0,0.0,0.0,0.0,0.0,0.0,0.0,0.0,0.0,0.0,0.0,0.0,0.0,0.0,0.0,0.0,0.0001538880698586063,0.0,0.0,0.0,0.0,0.0,0.0,0.0,0.0,0.0,0.0005260468900426124
202002,0.0,0.0,0.0,0.0,0.0,0.0,0.0,0.0,0.0,0.0,0.0,0.0,0.0,0.0,0.0,0.0,0.0,0.0,0.0,0.0,0.0,0.0,0.0,0.0,0.0,0.0,0.0,0.0,0.0,0.0,0.0,0.0,0.0,0.0,0.0,0.0,0.0,0.0,0.0,0.0,0.0,0.0,0.0,0.0,0.0,0.0,0.0,0.0,0.0,0.0,0.0,0.0,0.0,0.0,0.0,0.0,0.0,0.0,0.0,0.0,0.0,0.0,0.0,0.0,0.0,0.0,0.0,0.0,0.0,0.0004332975928031058,0.0,0.0003722749776182226,4.020168944807865e-05,0.0,0.0005883325759376133,0.0,0.0,0.0,0.0,0.0,0.0,0.0,0.0,2.349635882670542e-05,0.0,0.0,0.0,0.0,0.0,0.0,0.0,0.0,0.0,0.0,0.0,0.0,0.0,0.0,0.0,0.0,0.0,0.0,0.0,0.0,0.0,0.0,0.0,0.0,0.0,0.0,0.0,0.0,0.0010443682550771156
202003,0.0,0.0,0.0,0.0,0.0,0.0,0.0,0.0,0.0,0.0,0.0,0.0,0.0,0.0,0.0,0.0,0.0,0.0,0.0,0.0,0.0,0.0,0.0,0.0,0.0,0.0,0.0,0.0,0.0,0.0,0.0,0.0,0.0,0.0,0.0,0.0,0.0,0.0,0.0,0.0,0.0,0.0,0.0,0.0,0.0,0.0,0.0,0.0,0.0,0.0,0.0,0.0,0.0,0.0,0.0,0.0,0.0,0.0,0.0,0.0,0.0,0.0,0.0,0.0,0.0,0.0,0.0,0.0,0.0,8.375136219704629e-05,0.0,4.245056038846577e-05,0.00010433341804622256,0.0,0.00033194220504694866,0.0,0.0,0.0,0.0,0.0,0.0,0.0,0.0,0.0,0.0,0.0,0.0,0.0,0.0,0.0,0.0,0.0,0.0,0.0,0.0,0.0,0.0,0.0,0.0,0.0,0.0,0.0,0.0,0.0,0.0,0.0,0.0,0.0,0.0,0.0,0.0,0.0,0.00027780967937802574
202004,0.0,0.0,0.0,0.0,0.0,0.0,0.0,0.0,0.0,0.0,0.0,0.0,0.0,0.0,0.0,0.0,0.0,0.0,0.0,0.0,0.0,0.0,0.0,0.0,0.0,0.0,0.0,0.0,0.0,0.0,0.0,0.0,0.0,0.0,0.0,0.0,0.0,0.0,0.0,0.0,0.0,0.0,0.0,0.0,0.0,0.0,0.0,0.0,0.0,0.0,0.0,0.0,0.0,0.0,0.0,0.0,0.0,0.0,0.0,0.0,0.0,0.0,0.0,0.0,0.0,0.0,0.0,0.0,0.0,0.0,0.0,0.0,4.237467172633754e-05,0.0,0.00026304961971729176,0.0,0.0,0.0,0.0,0.0,0.0,0.0,0.0,0.0,0.0,0.0,0.0,0.0,0.0,0.0,0.0,0.0,0.0,0.0,0.0,0.0,0.0,0.0,0.0,0.0,0.0,0.0,0.0,0.0,0.0,0.0,0.0,0.0,0.0,0.0,0.0,0.0,0.0
202005,0.0,0.0,0.0,0.0,0.0,0.0,0.0,0.0,0.0,0.0,0.0,0.0,0.0,0.0,0.0,0.0,5.4260497063945036e-05,0.0,0.0,0.0,0.0,0.0,0.0,0.0,0.0,0.0,0.0,0.0,0.0,0.0,0.0,0.0,0.0,0.0,0.0,0.0,0.0,0.0,0.0,0.0,0.0,0.0,0.0,0.0,0.0,0.0,0.0,0.0,0.0005938272838752378,0.0,0.0,0.0,0.0,0.0,0.0,0.0,0.0,0.0,0.0,0.0,0.0,0.0,0.0,0.0,0.0,0.0,0.0,0.0,0.0,0.0,0.0,7.318969944561913e-05,0.0,0.0,2.5526455787787737e-05,0.0,0.0,0.0,0.0,0.0,0.0,0.0,0.0,0.0,0.0,0.0,0.0,0.0,0.0,0.0,0.0,0.0,0.0,0.0,0.0,0.0,0.0,0.0,0.0,0.0,0.0,0.0,1.8574420858924776e-05,0.0,0.0,0.0,0.0,0.0,0.0,0.0,0.0,0.0,0.0
202006,0.0,0.0,0.0,0.0,0.0,0.0,0.0,0.0,0.0,0.0,0.0,0.0,0.0,0.0,0.0,0.0,0.0,0.0,0.0,0.0,0.0,0.0,0.0,0.0,0.0,0.0,0.0,0.0,0.0,0.0,0.0,0.0,0.0,0.0,0.0,0.0,0.0,0.0,0.0,0.0,0.0,0.0,0.0,0.0,0.0,0.0,0.0,0.0,0.0004063396742692904,0.0,0.0,0.0,0.0,0.0,0.0,0.0,0.0,0.0,0.0,0.0,0.0,0.0,0.0,0.0,0.0,0.0,0.0,0.0,0.0,0.0,0.0,0.0,0.0,0.0,0.0,0.0,0.0,0.0,0.0,0.0,0.0,0.0,0.0,0.0,0.0,0.0,0.0,0.0,0.0,0.0,0.0,0.0,0.0,0.0,0.0,0.0,0.0,0.0,0.0,0.0,0.0,0.0,0.000142862687670144,0.0,0.0,0.0,0.0,0.0,0.0,0.0,0.0,0.0,0.0
202007,0.0,0.0,0.0,0.0,0.0,0.0,0.0,0.0,0.0,0.0,0.0,0.0,0.0,0.0,0.0,0.0,4.031325019182166e-07,0.0,0.0,0.0,0.0,0.0,0.0,0.0,0.0,0.0,0.0,0.0,0.0,0.0,0.0,0.0,0.0,0.0,0.0,0.0,0.0,0.0,0.0,0.0,0.0,0.0,0.0,0.0,0.0,0.0,0.0,0.0,0.00028428039660481614,0.0,0.0,0.0,0.0,0.0,0.0,0.0,0.0,0.0,0.0,0.0,0.0,0.0,0.0,0.0,0.0,0.0,0.0,0.0,0.0,0.0,0.0,3.1750164872401036e-06,0.0,0.0,0.0,0.0,0.0,0.0,0.0,0.0,0.0,0.0,0.0,0.0,0.0,0.0,0.0,0.0,0.0,0.0,0.0,0.0,0.0,0.0,0.0,0.0,0.0,0.0,0.0,0.0,0.0,0.0,0.0001237653627268651,0.0,0.0,0.0,0.0,0.0,0.0,0.0,0.0,0.0,0.0
202008,0.0,0.0,0.0,0.0,0.0,0.0,0.0,0.00010864820881355817,0.0,0.0,0.0,0.0,0.0,0.0,0.0,0.0,0.0,0.0,0.0,0.0,0.0,0.0,0.0,0.0,0.0,0.0,0.0,0.0,0.0,0.0,0.0,0.0,0.0,0.0,0.0,0.0,0.0,0.0,0.0,0.0,0.0,0.0,0.0,0.0,0.0,0.0,0.0,0.0,0.0007703354818896617,0.0,0.0,0.0,0.0,0.0,0.0,0.0,0.0,0.0,0.0,0.0,0.0,0.0,0.0,0.0,0.0,0.0,0.0,0.0,0.0,0.0,0.0,7.232796865416293e-05,0.0,0.0,0.0,0.0,0.0,0.0,0.0,0.0,0.0,0.0,0.0,0.0,0.0,0.0,0.0,0.0,0.0,0.0,0.0,0.0,0.0,0.0,0.0,0.0,0.0,0.0,0.0,0.0,0.0,0.0,7.403860385112966e-05,0.0,0.0,0.0,0.0,0.0,0.0,0.0,0.0,0.0,0.0
202009,0.0,0.0,0.0,0.0,0.0,0.0,0.0,1.062731247446616e-05,0.0,0.0,0.0,0.0,0.0,0.0,0.0,0.0,0.0,0.0,0.0,0.0,0.0,0.0,0.0,0.0,0.0,0.0,0.0,0.0,0.0,0.0,0.0,0.0,0.0,0.0,0.0,0.0,0.0,0.0,0.0,0.0,0.0,0.0,0.0,0.0,0.0,0.0,0.0,0.0,0.0008471614961648391,0.0,0.0,0.0,0.0,0.0,0.0,0.0,0.0,0.0,0.0,0.0,0.0,0.0,0.0,0.0,0.0,0.0,0.0,0.0,0.0,0.0,0.0,0.00015724630119439047,0.0,0.0,0.0,0.0,0.0,0.0,0.0,0.0,0.0,0.0,0.0,0.0,0.0,0.0,0.0,0.0,0.0,0.0,0.0,0.0,0.0,0.0,0.0,0.0,0.0,0.0,0.0,0.0,0.0,0.0,9.041004948147585e-05,0.0,0.0,0.0,0.0,0.0,0.0,0.0,0.0,0.0,0.0
202010,0.0,0.0,0.0,0.0,0.0,0.0,0.0,0.0,0.0,0.0,0.0,0.0,0.0,0.0,0.0,0.0,4.826495644256549e-05,0.0,0.0,0.0,0.0,0.0,0.0,0.0,0.0,0.0,0.0,0.0,0.0,0.0,0.0,0.0,0.0,0.0,0.0,0.0,0.0,0.0,0.0,0.0,0.0,0.0,0.0,0.0,0.0,0.0,0.0,0.0,0.0004256563912116729,0.0,0.0,0.0,0.0,0.0,0.0,0.0,0.0,0.0,0.0,0.0,0.0,0.0,0.0,0.0,0.0,0.0,0.0,0.0,0.0,0.0,0.0,0.00020710396680503925,0.0,0.0,0.0,0.0,0.0,0.0,0.0,0.0,0.0,0.0,0.0,0.0,0.0,0.0,0.0,0.0,0.0,0.0,0.0,0.0,0.0,0.0,0.0,0.0,0.0,0.0,0.0,0.0,0.0,0.0,0.0,0.0,0.0,0.0,0.0,0.0,0.0,0.0,0.0,0.0,0.0
202011,0.0,0.0,0.0,0.0,0.0,0.0,0.0,0.0,0.0,0.0,0.0,0.0,0.0,0.0,0.0,0.0,0.00012847540748872412,0.0,0.0,0.0,0.0,0.0,0.0,0.0,0.0,0.0,0.0,0.0,0.0,0.0,0.0,0.0,0.0,0.0,0.0,0.0,0.0,0.0,0.0,0.0,0.0,0.0,0.0,0.0,0.0,0.0,0.0,0.0,0.0002644036913429379,0.0,0.0,0.0,0.0,0.0,0.0,0.0,0.0,0.0,0.0,0.0,0.0,0.0,0.0,0.0,0.0,0.0,0.0,0.0,0.0,0.0,0.0,0.00022426356604926154,0.0,0.0,0.0,0.0,0.0,0.0,0.0,0.0,0.0,0.0,0.0,0.0,0.0,0.0,0.0,0.0,0.0,0.0,0.0,0.0,0.0,0.0,0.0,0.0,0.0,0.0,0.0,0.0,0.0,0.0,0.0,0.0,0.0,0.0,0.0,0.0,0.0,0.0,0.0,0.0,0.0
202012,0.0,0.0,0.0,0.0,0.0,0.0,0.0,0.0,0.0,0.0,0.0,0.0,0.0,0.0,0.0,0.0,6.583978136169056e-05,0.0,0.0,0.0,0.0,0.0,0.0,0.0,0.0,0.0,0.0,0.0,0.0,0.0,0.0,0.0,0.0,0.0,0.0,0.0,0.0,0.0,0.0,0.0,0.0,0.0,0.0,0.0,0.0,0.0,0.0,0.0,0.00020873797647430353,0.0,0.0,0.0,0.0,0.0,0.0,0.0,0.0,0.0,0.0,0.0,0.0,0.0,0.0,0.0,0.0,0.0,0.0,0.0,0.0,0.0,0.0,0.00018536306691847165,0.0,0.0,5.0207078461918016e-05,0.0,0.0,0.0,0.0,0.0,0.0,0.0,0.0,0.0,0.0,0.0,0.0,0.0,0.0,0.0,0.0,0.0,0.0,0.0,0.0,0.0,0.0,0.0,0.0,0.0,0.0,0.0,0.0,0.0,0.0,0.0,0.0,0.0,0.0,0.0,0.0,0.0,0.0
202101,0.0,0.0,0.0,0.0,0.0,0.0,0.0,0.0,0.0,0.0,0.0,0.0,0.0,0.0,0.0,0.0,0.0002191727203720639,0.0,0.0,0.0,0.0,0.0,0.0,0.0,0.0,0.0,0.0,0.0,0.0,0.0,0.0,0.0,0.0,0.0,0.0,0.0,0.0,0.0,0.0,0.0,0.0,0.0,0.0,0.0,0.0,0.0,0.0,0.0,0.00026043824560447376,0.0,0.0,0.0,0.0,0.0,0.0,0.0,0.0,0.0,0.0,0.0,0.0,0.0,0.0,0.0,0.0,0.0,0.0,0.0,0.0,0.0,0.0,0.00010004300191043559,0.0,0.0,0.0,0.0,0.0,0.0,0.0,0.0,0.0,0.0,0.0,0.0,0.0,0.0,0.0,0.0,0.0,0.0,0.0,0.0,0.0,0.0,0.0,0.0,0.0,0.0,0.0,0.0,0.0,0.0,0.0,0.0,0.0,0.0,0.0,0.0,0.0,0.0,0.0,0.0,0.0
202102,0.0,0.0,0.0,0.0,0.0,0.0,0.0,0.0,0.0,0.0,0.0,0.0,0.0,0.0,0.0,0.0,0.0002623512104496368,0.0,0.0,0.0,0.0,0.0,0.0,0.0,0.0,0.0,0.0,0.0,0.0,0.0,0.0,0.0,0.0,0.0,0.0,0.0,0.0,0.0,0.0,0.0,0.0,0.0,0.0,0.0,0.0,0.0,0.0,0.0,0.00031288561942775957,0.0,0.0,0.0,0.0,0.0,0.0,0.0,0.0,0.0,0.0,0.0,0.0,0.0,0.0,0.0,0.0,0.0,0.0,0.0,0.0,0.0,0.0,0.00012567350817536008,0.0,0.0,0.0,0.0,0.0,0.0,0.0,0.0,0.0,0.0,0.0,0.0,0.0,0.0,0.0,0.0,0.0,0.0,0.0,0.0,0.0,0.0,0.0,0.0,0.0,0.0,0.0,0.0,0.0,0.0,0.0,0.0,0.0,0.0,0.0,0.0,0.0,0.0,0.0,0.0,0.0
202103,6.487635862163218e-05,0.0,0.0,0.0,0.0,0.0,0.0,6.987903633111874e-05,0.0,0.0,0.0,0.0,0.0,0.0,0.0,0.0,0.00025044365461646795,0.0,0.0,0.0,0.0,0.0,0.0,0.0,0.0,0.0,0.0,0.0,0.0,0.0,0.0,0.0,0.0,0.0,0.0,0.0,0.0,0.0,0.0,0.0,0.0,0.0,0.0,0.0,0.0,0.0,0.0,0.0,0.0,0.0,0.0,0.0,0.0,0.0,0.0,0.0,0.0,0.0,0.0,0.0,0.0,0.0,0.0,0.0,0.0,0.0,0.0,0.0,0.0,0.0,0.0,0.0,0.0,0.0,0.0,0.0,0.0,0.0,0.0,0.0,0.0,0.0,0.0,0.0,0.0,0.0,0.0,0.0009325336179436446,0.0,0.0,0.0,0.0,0.0,0.0,0.0,0.0,0.0,0.0,0.0,0.0,0.0,0.0,0.0,0.0,0.0,0.0,0.0,0.0,0.0,0.0,0.0,0.0,0.0
202104,0.0002962296275457576,0.0,0.0,0.0,0.0,0.0,0.0,0.00011035289139080452,0.0,0.0,0.0,0.0,0.0,0.0,0.0,0.0,0.00021338073472644634,0.0,0.0,0.0,0.0,0.0,0.0,0.0,0.0,0.0,0.0,0.0,0.0,0.0,0.0,0.0,0.0,0.0,0.0,0.0,0.0,0.0,0.0,0.0,0.0,0.0,0.0,0.0,0.0,0.0,0.0,0.0,0.000892455019157965,0.0,0.0,0.0,0.0,0.0,0.0,0.0,0.0,0.0,0.0,0.0,0.0,0.0,0.0,0.0,0.0,0.0,0.0,0.0,0.0,0.0,0.0,0.0001909997811464818,0.0,0.0,0.0,0.0,0.0,0.0,0.0,0.0,0.0,0.0,0.0,0.0,0.0,0.0,0.0,0.0,0.0,0.0,0.0,0.0,0.0,0.0,0.0,0.0,0.0,0.0,0.0,0.0,0.0,0.0,0.0,0.0,0.0,0.0,0.0,0.0,0.0,0.0,0.0,0.0,0.0
202105,0.0003121047598845954,0.0,0.0,0.0,0.0,0.0,0.0,8.473557303197754e-05,0.0,0.0,0.0,0.0,0.0,0.0,0.0,0.0,0.00031492728038877237,0.0,0.0,0.0,0.0,0.0,0.0,0.0,0.0,0.0,0.0,0.0,0.0,0.0,0.0,0.0,0.0,0.0,0.0,0.0,0.0,0.0,0.0,0.0,0.0,0.0,0.0,0.0,0.0,0.0,0.0,0.0,0.0008521009512846901,0.0,0.0,0.0,0.0,0.0,0.0,0.0,0.0,0.0,0.0,0.0,0.0,0.0,0.0,0.0,0.0,0.0,0.0,0.0,0.0,0.0,0.0,0.00022847879801743886,0.0,0.0,0.0,0.0,0.0,0.0,0.0,0.0,0.0,0.0,0.0,0.0,0.0,0.0,0.0,0.0,0.0,0.0,0.0,0.0,0.0,0.0,0.0,0.0,0.0,0.0,0.0,0.0,0.0,0.0,0.0,0.0,0.0,0.0,0.0,0.0,0.0,0.0,0.0,0.0,0.0
202106,0.00022050763726406207,0.0,0.0,0.0,0.0,0.0,8.715167819002124e-05,0.0001237841925374014,0.0,0.0,0.0,0.0,0.0,0.0,0.0,0.0,0.0005322433384676297,0.0,0.0,0.0,0.0,0.0,0.0,0.0,0.0,0.0,0.0,0.0,0.0,0.0,0.0,0.0,0.0,0.0,0.0,0.0,0.0,0.0,0.0,0.0,0.0,0.0,0.0,0.0,0.0,0.0,0.0,0.0,0.0007302745306829863,0.0,0.0,0.0,0.0,0.0,0.0,0.0,0.0,0.0,0.0,0.0,0.0,0.0,0.0,0.0,0.0,0.0,0.0,0.0,0.0,0.0,0.0,9.708389948133937e-05,0.0,0.0,0.0,0.0,0.0,0.0,0.0,0.0,0.0,0.0,0.0,0.0,0.0,0.0,0.0,0.0,0.0,0.0,0.0,0.0,0.0,0.0,0.0,0.0,0.0,0.0,0.0,0.0,0.0,0.0,0.0,0.0,0.0,0.0,0.0,0.0,0.0,0.0,0.0,0.0,0.0
202107,0.0004940113744796057,0.0,0.0,0.0,0.0,0.0,3.6284590738063366e-05,0.00015517876223529068,0.0,0.0,0.0,0.0,0.0,0.0,0.0,0.0,0.0005521971016036393,0.0,0.0,0.0,0.0,0.0,0.0,0.0,0.0,0.0,0.0,0.0,0.0,0.0,0.0,0.0,0.0,0.0,0.0,0.0,0.0,0.0,0.0,0.0,0.0,0.0,0.0,0.0,0.0,0.0,0.0,0.0,0.000687951394401898,0.0,0.0,0.0,0.0,0.0,0.0,0.0,0.0,0.0,0.0,0.0,0.0,0.0,0.0,0.0,0.0,0.0,0.0,0.00018231572773532763,0.0,0.0,0.0,7.209768216265468e-05,0.0,0.0,0.0,0.0,0.0,0.0,0.0,0.0,0.0,0.0,0.0,0.0,0.0,0.0,0.0,0.0003913439742519686,0.0,0.0,0.0,0.0,0.0,0.0,0.0,0.0,0.0,0.0,0.0,0.0,0.0,0.0,0.0,0.0,0.0,0.0,0.0,0.0,0.0,0.0,0.0,0.0,0.0
202108,0.0001272809199977584,0.0,0.0,0.0,0.0,0.0,0.0003271263829508099,0.0005521700976507683,0.0,0.0,0.0,0.0,0.0,0.0,0.0,0.0,0.0006970687729693363,0.0,0.0,0.0,0.0,0.0,0.0,0.0,0.0,0.0,0.0,0.0,0.0,0.0,0.0,0.0,0.0,0.0,0.0,0.0,0.0,0.0,0.0,0.00012642355089894023,0.0,0.0,0.0,0.0,0.0,0.0,0.0,0.0,0.0001928781704588274,0.0,0.0,0.0,0.0,0.0,0.0,0.0,0.0,0.0,0.0,0.0,0.0,0.0,0.0,0.0,3.087151206184001e-05,0.0,0.0,0.0007315146241762348,0.0,0.0,0.0,0.0005074288937339559,0.0,0.0,0.0,0.0,0.0,0.0,0.0,0.0,0.0,0.0,0.0,0.0,0.0,0.0,0.0,0.0,0.0,0.0,0.0,0.0,0.0,0.0,0.0,0.0,0.0,0.0,0.0,0.0,0.0,0.0,0.0,0.0,0.0,0.0,0.0,0.0,0.0,0.0,0.0,0.0,0.0
202109,0.00018602320344634945,0.0,0.0,0.0,0.0,0.0,0.00018987987182493676,0.00041713312625399676,0.0,0.0,0.0,0.0,0.0,0.0,0.0,0.0,0.0005552778213254939,0.0,0.0,0.0,0.0,0.0,0.0,0.0,0.0,0.0,0.0,0.0,0.0,0.0,0.0,0.0,0.0,0.0,0.0,0.0,0.0,0.0,0.0,0.0,0.0,0.0,0.0,0.0,0.0,0.0,0.0,0.0,0.0002448035247309445,0.0,0.0,0.0,0.0,0.0,0.0,0.0,0.0,0.0,0.0,0.0,0.0,0.0,0.0,0.0,0.0,0.0,0.0,0.0007468153524377732,0.0,0.0,0.0,0.0006822441690671278,0.0,0.0,0.0,0.0,0.0,0.0,0.0,0.0,0.0,0.0,0.0,0.0,0.0,0.0,0.0,0.0,0.0,0.0,0.0,0.0,0.0,0.0,0.0,0.0,0.0,0.0,0.0,0.00010407651038549496,0.0,0.0,0.0,0.0,0.0,0.0,0.0,0.0,0.0,0.0,0.0,0.0,0.0
202110,0.0,0.0,0.0,0.0,0.0,0.0,0.00025531479572909327,0.0003656319558884354,0.0,0.0,0.0,0.0,0.0,0.0,0.0,0.0,0.0004846744619455217,0.0,0.0,0.0,0.0,0.0,0.0,0.0,0.0,0.0,0.0,0.0,0.0,0.0,0.0,0.0,0.0,0.0,0.0,0.0,0.0,0.0,0.0,0.0,0.0,0.0,0.0,0.0,0.0,0.0,0.0,0.0,0.0004447870107270343,0.0,0.0,0.0,0.0,0.0,0.0,0.0,0.0,0.0,0.0,0.0,0.0,0.0,0.0,0.0,0.0,0.0,0.0,0.0006187083308006749,0.0,0.0,0.0,0.000739445016367848,0.0,0.0,0.0,0.0,0.0,0.0,0.0,0.0,0.0,0.0,0.0,0.0,0.0,0.0,0.0,0.0,0.0,0.0,0.0,0.0,0.0,0.0,0.0,0.0,0.0,0.0,0.0,0.0002667672097251281,0.0,0.0,0.0,0.0,0.0,0.0,0.0,0.0,0.0,0.0,0.0,0.0,0.0
202111,0.0,0.0,0.0,0.0,0.0,0.0,9.497997655817654e-05,0.00044019703912888825,0.0,0.0,0.0,0.0,0.0,0.0,0.0,0.0,0.0006573815432136793,0.0,0.0,0.0,0.0,0.0,0.0,0.0,0.0,0.0,0.0,0.0,0.0,0.0,0.0,0.0,0.0,0.0,0.0,0.0,0.0,0.0,0.0,0.0,0.0,0.0,0.0,0.0,0.0,0.0,0.0,0.0,0.0,0.0,0.0,0.0,0.0,0.0,0.0,0.0,0.0,0.0,0.0,0.0,0.0,0.0,0.0,0.0,0.0,0.0,0.0,0.0009463077167713904,0.0,0.0,0.0,0.0007070529200604854,0.0,0.0,0.0,0.0,0.0,0.0,0.0,0.0,0.0,0.0,0.0,0.0,0.0,0.0,0.0,0.0,0.0,0.0,0.0,0.0,0.0,0.0,0.0,0.0,0.0,0.0,0.0,0.0003079443236730291,0.0,0.0,0.0,0.0,0.0,0.0,0.0,0.0,0.0,0.0,0.0,0.0,0.0
202112,0.0,0.0,0.0,0.0,0.0,0.0,0.00010565889162207515,0.0006417517267222501,0.0,0.0,0.0,0.0,0.0,0.0,0.0,0.0,0.0007038336876845615,0.0,0.0,0.0,0.0,0.0,0.0,0.0,0.0,0.0,0.0,0.0,0.0,0.0,0.0,0.0,0.0,0.0,0.0,0.0,0.0,0.0,0.0,0.0,0.0,0.0,0.0,0.0,0.0,0.0,0.0,0.0,0.0,0.0,0.0,0.0,0.0,0.0,0.0,0.0,0.0,0.0,0.0,0.0,0.0,0.0,0.0,0.0,0.0,0.0,0.0,0.001146523064699389,0.0,0.0,0.0,0.0005932336986580937,0.0,0.0,0.0,0.0,0.0,0.0,0.0,0.0,0.0,0.0,0.0,0.0,0.0,0.0,0.0,0.0,0.0,0.0,0.0,0.0,0.0,0.0,0.0,0.0,0.0,0.0,1.1672464649364411e-05,0.0004088098574218483,0.0,0.0,0.0,0.0,0.0,0.0,0.0,0.0,0.0,0.0,0.0,0.0,0.0
202201,0.0,0.0,0.0,0.0,0.0,0.0,0.0,0.0,0.0,0.0,0.0,0.0,0.0,0.0,0.0,0.0,0.0,0.0,0.0,0.0,0.0,0.0,0.0,0.0,0.0,0.0,0.0,0.0,0.0,0.0,0.0,0.0,0.0,0.0,0.0,0.0,0.0,0.0,0.0,0.0,0.0,0.0,0.0,0.0,0.0,0.0,0.0,0.0,0.0,0.0,0.0,0.0,0.0,0.0,0.0,0.0,0.0,0.0,0.0,0.0,0.0,0.0,0.0,0.0,0.0,0.0,0.0,0.0,0.0,0.0,0.0,0.0,0.0,0.0,0.0,0.0,0.0,0.0,0.0,0.0,0.0,0.0,0.0,0.0,0.0,0.0,0.0,0.0,0.0,0.0,0.0,0.0,0.0,0.0,0.0,0.0,0.0,0.0,0.0,0.0,0.0,0.0,0.0,0.0,0.0,0.0,0.0,0.0,0.0,0.0,0.0,0.0,0.0
202202,0.0,0.0,0.0,0.0,0.0,0.0,0.0,0.0,0.0,0.0,0.0,0.0,0.0,0.0,0.0,0.0,0.0,0.0,0.0,0.0,0.0,0.0,0.0,0.0,0.0,0.0,0.0,0.0,0.0,0.0,0.0,0.0,0.0,0.0,0.0,0.0,0.0,0.0,0.0,0.0,0.0,0.0,0.0,0.0,0.0,0.0,0.0,0.0,0.0,0.0,0.0,0.0,0.0,0.0,0.0,0.0,0.0,0.0,0.0,0.0,0.0,0.0,0.0,0.0,0.0,0.0,0.0,0.0,0.0,0.0,0.0,0.0,0.0,0.0,0.0,0.0,0.0,0.0,0.0,0.0,0.0,0.0,0.0,0.0,0.0,0.0,0.0,0.0,0.0,0.0,0.0,0.0,0.0,0.0,0.0,0.0,0.0,0.0,0.0,0.0,0.0,0.0,0.0,0.0,0.0,0.0,0.0,0.0,0.0,0.0,0.0,0.0,0.0
202203,0.0,0.0,0.0,0.0,0.0,0.0,0.0,0.0,0.0,0.0,0.0,0.0,0.0,0.0,0.0,0.0,0.0,0.0,0.0,0.0,0.0,0.0,0.0,0.0,0.0,0.0,0.0,0.0,0.0,0.0,0.0,0.0,0.0,0.0,0.0,0.0,0.0,0.0,0.0,0.0,0.0,0.0,0.0,0.0,0.0,0.0,0.0,0.0,0.0,0.0,0.0,0.0,0.0,0.0,0.0,0.0,0.0,0.0,0.0,0.0,0.0,0.0,0.0,0.0,0.0,0.0,0.0,0.0,0.0,0.0,0.0,0.0,0.0,0.0,0.0,0.0,0.0,0.0,0.0,0.0,0.0,0.0,0.0,0.0,0.0,0.0,0.0,0.0,0.0,0.0,0.0,0.0,0.0,0.0,0.0,0.0,0.0,0.0,0.0,0.0,0.0,0.0,0.0,0.0,0.0,0.0,0.0,0.0,0.0,0.0,0.0,0.0,0.0
202204,0.0,0.0,0.0,0.0,0.0,0.0,0.0,0.0,0.0,0.0,0.0,0.0,0.0,0.0,0.0,0.0,0.0,0.0,0.0,0.0,0.0,0.0,0.0,0.0,0.0,0.0,0.0,0.0,0.0,0.0,0.0,0.0,0.0,0.0,0.0,0.0,0.0,0.0,0.0,0.0,0.0,0.0,0.0,0.0,0.0,0.0,0.0,0.0,0.0,0.0,0.0,0.0,0.0,0.0,0.0,0.0,0.0,0.0,0.0,0.0,0.0,0.0,0.0,0.0,0.0,0.0,0.0,0.0,0.0,0.0,0.0,0.0,0.0,0.0,0.0,0.0,0.0,0.0,0.0,0.0,0.0,0.0,0.0,0.0,0.0,0.0,0.0,0.0,0.0,0.0,0.0,0.0,0.0,0.0,0.0,0.0,0.0,0.0,0.0,0.0,0.0,0.0,0.0,0.0,0.0,0.0,0.0,0.0,0.0,0.0,0.0,0.0,0.0
202205,0.0,0.0,0.0,0.0,0.0,0.0,0.0,0.0,0.0,0.0,0.0,0.0,0.0,0.0,0.0,0.0,0.0,0.0,0.0,0.0,0.0,0.0,0.0,0.0,0.0,0.0,0.0,0.0,0.0,0.0,0.0,0.0,0.0,0.0,0.0,0.0,0.0,0.0,0.0,0.0,0.0,0.0,0.0,0.0,0.0,0.0,0.0,0.0,0.0,0.0,0.0,0.0,0.0,0.0,0.0,0.0,0.0,0.0,0.0,0.0,0.0,0.0,0.0,0.0,0.0,0.0,0.0,0.0,0.0,0.0,0.0,0.0,0.0,0.0,0.0,0.0,0.0,0.0,0.0,0.0,0.0,0.0,0.0,0.0,0.0,0.0,0.0,0.0,0.0,0.0,0.0,0.0,0.0,0.0,0.0,0.0,0.0,0.0,0.0,0.0,0.0,0.0,0.0,0.0,0.0,0.0,0.0,0.0,0.0,0.0,0.0,0.0,0.0
202206,0.0,0.0,0.0,0.0,0.0,0.0,0.0,0.0,0.0,0.0,0.0,0.0,0.0,0.0,0.0,0.0,0.0,0.0,0.0,0.0,0.0,0.0,0.0,0.0,0.0,0.0,0.0,0.0,0.0,0.0,0.0,0.0,0.0,0.0,0.0,0.0,0.0,0.0,0.0,0.0,0.0,0.0,0.0,0.0,0.0,0.0,0.0,0.0,0.0,0.0,0.0,0.0,0.0,0.0,0.0,0.0,0.0,0.0,0.0,0.0,0.0,0.0,0.0,0.0,0.0,0.0,0.0,0.0,0.0,0.0,0.0,0.0,0.0,0.0,0.0,0.0,0.0,0.0,0.0,0.0,0.0,0.0,0.0,0.0,0.0,0.0,0.0,0.0,0.0,0.0,0.0,0.0,0.0,0.0,0.0,0.0,0.0,0.0,0.0,0.0,0.0,0.0,0.0,0.0,0.0,0.0,0.0,0.0,0.0,0.0,0.0,0.0,0.0
202207,0.0,0.0,0.0,0.0,0.0,0.0,0.0,0.0,0.0,0.0,0.0,0.0,0.0,0.0,0.0,0.0,0.0,0.0,0.0,0.0,0.0,0.0,0.0,0.0,0.0,0.0,0.0,0.0,0.0,0.0,0.0,0.0,0.0,0.0,0.0,0.0,0.0,0.0,0.0,0.0,0.0,0.0,0.0,0.0,0.0,0.0,0.0,0.0,0.0,0.0,0.0,0.0,0.0,0.0,0.0,0.0,0.0,0.0,0.0,0.0,0.0,0.0,0.0,0.0,0.0,0.0,0.0,0.0,0.0,0.0,0.0,0.0,0.0,0.0,0.0,0.0,0.0,0.0,0.0,0.0,0.0,0.0,0.0,0.0,0.0,0.0,0.0,0.0,0.0,0.0,0.0,0.0,0.0,0.0,0.0,0.0,0.0,0.0,0.0,0.0,0.0,0.0,0.0,0.0,0.0,0.0,0.0,0.0,0.0,0.0,0.0,0.0,0.0
202208,0.0,0.0,0.0,0.0,0.0,0.0,0.0,0.0,0.0,0.0,0.0,0.0,0.0,0.0,0.0,0.0,0.0,0.0,0.0,0.0,0.0,0.0,0.0,0.0,0.0,0.0,0.0,0.0,0.0,0.0,0.0,0.0,0.0,0.0,0.0,0.0,0.0,0.0,0.0,0.0,0.0,0.0,0.0,0.0,0.0,0.0,0.0,0.0,0.0,0.0,0.0,0.0,0.0,0.0,0.0,0.0,0.0,0.0,0.0,0.0,0.0,0.0,0.0,0.0,0.0,0.0,0.0,0.0,0.0,0.0,0.0,0.0,0.0,0.0,0.0,0.0,0.0,0.0,0.0,0.0,0.0,0.0,0.0,0.0,0.0,0.0,0.0,0.0,0.0,0.0,0.0,0.0,0.0,0.0,0.0,0.0,0.0,0.0,0.0,0.0,0.0,0.0,0.0,0.0,0.0,0.0,0.0,0.0,0.0,0.0,0.0,0.0,0.0
202209,0.0,0.0,0.0,0.0,0.0,0.0,0.0,0.0,0.0,0.0,0.0,0.0,0.0,0.0,0.0,0.0,0.0,0.0,0.0,0.0,0.0,0.0,0.0,0.0,0.0,0.0,0.0,0.0,0.0,0.0,0.0,0.0,0.0,0.0,0.0,0.0,0.0,0.0,0.0,0.0,0.0,0.0,0.0,0.0,0.0,0.0,0.0,0.0,0.0,0.0,0.0,0.0,0.0,0.0,0.0,0.0,0.0,0.0,0.0,0.0,0.0,0.0,0.0,0.0,0.0,0.0,0.0,0.0,0.0,0.0,0.0,0.0,0.0,0.0,0.0,0.0,0.0,0.0,0.0,0.0,0.0,0.0,0.0,0.0,0.0,0.0,0.0,0.0,0.0,0.0,0.0,0.0,0.0,0.0,0.0,0.0,0.0,0.0,0.0,0.0,0.0,0.0,0.0,0.0,0.0,0.0,0.0,0.0,0.0,0.0,0.0,0.0,0.0
202210,0.0,0.0,0.0,0.0,0.0,0.0,0.0,0.0,0.0,0.0,0.0,0.0,0.0,0.0,0.0,0.0,0.0,0.0,0.0,0.0,0.0,0.0,0.0,0.0,0.0,0.0,0.0,0.0,0.0,0.0,0.0,0.0,0.0,0.0,0.0,0.0,0.0,0.0,0.0,0.0,0.0,0.0,0.0,0.0,0.0,0.0,0.0,0.0,0.0,0.0,0.0,0.0,0.0,0.0,0.0,0.0,0.0,0.0,0.0,0.0,0.0,0.0,0.0,0.0,0.0,0.0,0.0,0.0,0.0,0.0,0.0,0.0,0.0,0.0,0.0,0.0,0.0,0.0,0.0,0.0,0.0,0.0,0.0,0.0,0.0,0.0,0.0,0.0,0.0,0.0,0.0,0.0,0.0,0.0,0.0,0.0,0.0,0.0,0.0,0.0,0.0,0.0,0.0,0.0,0.0,0.0,0.0,0.0,0.0,0.0,0.0,0.0,0.0
202211,0.0,0.0,0.0,0.0,0.0,0.0,0.0,0.0,0.0,0.0,0.0,0.0,0.0,0.0,0.0,0.0,0.0,0.0,0.0,0.0,0.0,0.0,0.0,0.0,0.0,0.0,0.0,0.0,0.0,0.0,0.0,0.0,0.0,0.0,0.0,0.0,0.0,0.0,0.0,0.0,0.0,0.0,0.0,0.0,0.0,0.0,0.0,0.0,0.0,0.0,0.0,0.0,0.0,0.0,0.0,0.0,0.0,0.0,0.0,0.0,0.0,0.0,0.0,0.0,0.0,0.0,0.0,0.0,0.0,0.0,0.0,0.0,0.0,0.0,0.0,0.0,0.0,0.0,0.0,0.0,0.0,0.0,0.0,0.0,0.0,0.0,0.0,0.0,0.0,0.0,0.0,0.0,0.0,0.0,0.0,0.0,0.0,0.0,0.0,0.0,0.0,0.0,0.0,0.0,0.0,0.0,0.0,0.0,0.0,0.0,0.0,0.0,0.0
202212,0.0,0.0,0.0,0.0,0.0,0.0,0.0,0.0,0.0,0.0,0.0,0.0,0.0,0.0,0.0,0.0,0.0,0.0,0.0,0.0,0.0,0.0,0.0,0.0,0.0,0.0,0.0,0.0,0.0,0.0,0.0,0.0,0.0,0.0,0.0,0.0,0.0,0.0,0.0,0.0,0.0,0.0,0.0,0.0,0.0,0.0,0.0,0.0,0.0,0.0,0.0,0.0,0.0,0.0,0.0,0.0,0.0,0.0,0.0,0.0,0.0,0.0,0.0,0.0,0.0,0.0,0.0,0.0,0.0,0.0,0.0,0.0,0.0,0.0,0.0,0.0,0.0,0.0,0.0,0.0,0.0,0.0,0.0,0.0,0.0,0.0,0.0,0.0,0.0,0.0,0.0,0.0,0.0,0.0,0.0,0.0,0.0,0.0,0.0,0.0,0.0,0.0,0.0,0.0,0.0,0.0,0.0,0.0,0.0,0.0,0.0,0.0,0.0
202301,0.0002179275856055847,0.000391961566797495,0.000525976610055126,0.00013077436955235224,0.00018272478817451913,0.001439470768811794,0.0004499248659638871,0.0004171812542661323,0.0004708642163527371,0.0012288493080127513,0.0009367252253478094,0.0008659623333041612,0.0012991844113133743,0.001188157854673497,0.0005606147780461919,0.0013091457729157297,0.0019458069171906667,0.0005955635021044985,5.7995031082296665e-05,0.002126561248794693,0.00025538915433084716,0.00034407074044401315,0.0007812397633732731,0.0007191369696345315,7.721466148711114e-05,0.0006836813637116875,0.00034631244745654717,0.0006882557700651216,0.0015172565983600692,0.001167260927890241,0.002231670987195225,0.0006113801613530448,0.0008671578823250874,8.478200314990016e-05,0.002343288732298691,0.0,0.0003221040332748716,0.0009261706301089032,0.00043538333719249925,0.0005198691124246785,0.0015386532485081985,0.0001325626315229542,0.00012003664414946353,0.0006214555282944133,0.000337914077264364,0.00039061362502638226,0.0011771874010747642,0.0003911760835005705,0.004474674925275835,0.0006038559248610245,0.0033305639607256795,0.0006448094002704989,0.00021695106757922458,1.9081539981526353e-05,0.000623425232569522,0.0005090681876989876,0.00010008480216929477,0.0005336047448502818,0.0004543013310188836,0.0006150652383156431,0.0011855336903480041,0.00134771128225704,6.572232731017307e-05,0.005234229502807523,0.001323831364941827,0.0005321646125530771,0.001097484380493598,0.0029004832984019487,0.0013029332647768919,2.591039169665951e-05,2.8674462265313603e-05,0.001789780905436219,0.0008005107680825818,0.00013520708802210155,0.0011408466594856545,0.0006047371758634406,0.0,0.0005922643306689252,0.00019660628619421123,0.0009764933573077906,0.00022658052360513534,0.00033682383131522535,0.002211666027800288,0.0,7.101566125735979e-05,2.5466818617133197e-05,0.0003985262290301552,0.00424737519240227,0.0007142655270623878,0.003020304457295451,0.0007178260325580421,0.0003748423569785992,0.0017437594477195835,0.002645098941761286,0.0002851306459384126,0.00024700977122060064,0.0032990668135968715,0.0010350023373750866,0.0,0.0019142154780734922,0.0016533588241541917,5.1303154352046694e-05,0.0007528050490264275,0.0006038985018648117,0.002801426945351129,0.0003571935855844967,0.0005948845852611758,0.0013457864230623845,0.0008093881064964238,0.0010884440640976107,0.008129981088267858,0.0021570727581816363,0.002898460075796615
202302,0.00047979508221222367,0.0004155915450358094,0.000630476300536965,0.00022479131728860718,0.0003253048970759506,0.0012906412698841562,0.0004763929876957259,0.0004501376835609728,0.00032469344686585826,0.0011545641374738106,0.0010180364775170454,0.0007740811893204051,0.0016638608294844907,0.0011167600847210926,0.0005965165144925244,0.0011312413385277153,0.0015214668040556217,0.0005860661085713913,0.00014508197175115326,0.0022990169202628205,0.00015325329007814006,0.00041976136343836794,0.0005751839384751862,0.0007419549149423493,0.00015500046231014907,0.00047845464766020537,0.0004941852413963324,0.0008333314001438752,0.0013951054905711902,0.001234607123180398,0.002337153920890275,0.000506498341622092,0.0009998159799504446,0.0,0.0008489889413400149,0.0,0.00041814899730593745,0.0010443071341189078,0.00043578791280021126,0.0004619143418743264,0.0014018177036338641,0.0003110302469205243,0.0001547616936793734,0.0005849462234160231,0.0003662535108656899,0.000542648453321169,0.0011071462762249986,0.00037546469866138807,0.003964660443084614,4.762135432430225e-05,0.0023196968860065563,0.0005392636386048356,0.00020318328508552657,0.00042101817850474706,0.0005326242702547963,0.0006682639415723017,0.00029802571238076277,0.00044626257224315624,0.00038252305986970957,0.0006391502856195767,0.0011658940847238252,0.001448050566802686,4.702922318631798e-05,0.004933243747448503,0.0013157609316255517,0.0009718121786519425,0.0018607611058509689,0.0030249080897026496,0.001492493091667627,6.049728647765504e-06,7.4945588476943795e-06,0.001452761799435384,0.0008556036871737395,0.00012783503119132223,0.000929573702822126,0.0004567768870499402,7.896103074530341e-06,0.0005983705600903695,0.0001583203338454403,0.0010323552845145217,0.0004209777192262005,0.0004084374245650855,0.0023086144584933198,2.0920493116279292e-05,0.0001699071440937821,4.432124606857704e-05,0.0002587837725307244,0.004986482805039062,0.0006517404996074413,0.0032204700092331334,0.0006313729319196198,0.00035230304255708903,0.0016828535463377587,0.0022247181158470846,0.000282077915896621,0.000287447477964489,0.002587108750820884,0.0010267659087330877,2.6768395972967284e-05,0.0021889519289584702,0.0017493480127306002,0.00025673725080481755,0.0006729380797911497,0.00048055583354737513,0.002628119668515091,0.00040863183062864807,0.0006845136651720136,0.0015570589195126221,0.0007884277938407288,0.001271954486563644,0.010043447155433307,0.002231900679162218,0.005000186576568716
202303,0.00024417119621081426,0.0005063718849970658,0.0007036876195728857,0.00018448738006992694,0.00015275585545078554,0.0016396202198134858,0.0005189871113836374,0.00033431029517429694,0.00045493806771203026,0.0012614102175183964,0.0010559778618026865,0.0009877754275780402,0.0014572345813429505,0.0012998015320028666,0.000571969291242345,0.001491360429459411,0.002337749467057641,0.000646372165080383,0.00013788514602500898,0.0024136925058049962,7.215155029995024e-05,0.00033488651059245406,0.0006651254228236709,0.000659039398188608,0.00010613318865610229,0.000454659397604858,0.00041294594466250324,0.000765637466418292,0.0014512386654285802,0.001287845415508223,0.002375808474998059,0.0005159635321689923,0.0009289032352280452,6.879652740928791e-05,0.0021172255977978537,0.0,0.00031726098567340784,0.0010144464902665008,0.00030257629142858584,0.0005125646917084695,0.0012045404133407597,0.00043087394637415576,0.00020954264941274977,0.00034188029014920975,0.0002267545535085318,0.0006517805711535646,0.001046638988558493,0.0002528725714666866,0.0040605991834336335,2.042136386240253e-05,0.0032472778397847103,0.0006540651327095896,0.00012045808908633147,4.855447080740956e-05,0.0005657508896943439,0.0006094385787603013,0.00040194886632588663,0.0007082803375838193,0.0002709468067656726,0.0007754120742004448,0.0011557266068424903,0.00154494661119224,6.801429605990637e-05,0.005273950457872207,0.0014185645527206162,0.0009063745527241508,0.0012626754635386398,0.002975656058818618,0.0016997351493592623,1.565489616488771e-05,0.0,0.0015965427957688883,0.0009679902390295121,9.56773651105728e-05,0.000837620422481839,0.0006234023629962762,1.3832292294166717e-05,0.0009877203287712577,0.0002678748447062352,0.0010067089781043519,0.0005744815451024734,0.0002653377888869112,0.0023188360301428334,5.130900708974618e-06,0.00019584491247820932,5.4448014604109525e-05,8.422191538885518e-05,0.005094439883704558,0.0005023966788464358,0.003154562494217228,0.0007540519207131256,0.00041265026795004434,0.0016747950899016787,0.0025369751252687185,0.000296884642072607,0.00025614239673432855,0.0026809117435358265,0.0010364458793260497,1.7560522533114757e-05,0.0017994475693351903,0.0015477078032217868,0.0,0.0008851046913548615,0.00038628307807050716,0.0025372736552982697,0.00037548117993061234,0.0007049105071722941,0.0014967878990905556,0.0006731832078475428,0.0013285075817545463,0.009261657201233781,0.001971158797179467,0.004628237325201419
202304,0.0012846048109583826,0.0004333672447086983,0.0008572827493556747,0.0001490153425484317,0.0002622431637923435,0.001421121202938837,0.000490875588493273,0.0004964257521821115,0.0002940616417303346,0.0014318246694816753,0.0009809106044771062,0.0009513696221888181,0.002857626971037428,0.0010797839725565723,0.0008241873280348317,0.0007880131454515563,0.0023167710170181243,0.0004442982287577368,0.00017162238106867007,0.0023163067942280563,3.658964843776395e-05,0.00034274449877086036,0.000685349891612383,0.0008491116621771573,0.0002513831243451552,0.000375562280078048,0.0002562231491653124,0.0009518383235678166,0.001699296853565142,0.0014634443033600722,0.002095848623375964,0.00020815311913006734,0.0008577993345220376,0.0004664578517579389,0.0,6.841793653467355e-05,0.0005544707794183799,0.0011092155441112168,0.00043427413935245575,0.0005277637437523974,0.001363168699392611,0.00048283751723452497,0.00019969155385755156,0.00029782905812165164,0.00024488737997355626,0.0009581874521408395,0.0014261109024608588,0.0005953950459319459,0.0023611074840629177,6.065664478373328e-05,0.00024134953737199106,0.0005856357559202554,0.00012169561825300002,1.3020046287066318e-05,0.0007312576601731025,0.0009788637214486707,0.0005312949047203007,0.000535257670565419,0.00019694908899913405,0.0007290100069891411,0.0011576016053342667,0.0015291233330479417,0.00039854158047008224,0.006469569327881237,0.0013644645402680932,0.001727618415448903,0.0020195487482849083,0.003307286825873365,0.0014096163353012833,9.631494757699502e-05,8.025061672581815e-05,0.0014197968032650967,0.0008683080644413443,0.00039406131999062283,0.0010169981479646627,0.0004875676094181226,0.0,0.0011091921686007086,0.0004106651509153729,0.0010331199639273243,0.0006340175514940102,0.00014678085253463574,0.0023629319199678874,0.0001006297395963145,0.00026607444240324575,0.0001012143280430384,0.0,0.007955896579307372,0.0010576687422234673,0.0037412137779929927,0.0009370040743708662,0.0005795214205170498,0.0015583947674482545,0.003080797173449939,0.0003458125139395951,0.00040709099774709846,0.0021489422964486716,0.0013109610747679243,1.6867913144850956e-05,0.0018403104029610158,0.0010729353721164727,0.00024509941348600236,0.0009445684916124479,0.0005316468281314361,0.002633110586426937,0.00032442852435015296,0.0006538286754961045,0.0015913905417818794,0.0007732385213298428,0.0016563174066907469,0.013218264952584314,0.004318983809185886,0.006130817253244
202305,0.0016772537637006046,0.0004834926502529422,0.0006481119582404313,2.9454185846262434e-05,0.00021848286744626763,0.0013353965559923533,0.0004383321260472337,0.0001934572931458585,0.0002487394519416063,0.0015467485002892273,0.000984953237932911,0.0007893203666216223,0.0025855207124069884,0.001022573652450376,0.0008807044135766342,0.0006030288150882291,0.0021827340990717738,0.00017446309964290366,0.00017102472416653794,0.0027465767697347023,2.5833260769744422e-05,0.0004152737308697389,0.0004073484452383718,0.0007903459153914057,0.00021374746322047857,0.00010034741122414978,0.000283213321467239,0.0008721292940893449,0.0015978247198571954,0.0013580925513203234,0.0024795846119539016,0.0004884624437339262,0.0009509763863939354,0.00020968145787735187,0.00025980711485340476,3.677618174665837e-05,0.0004969153354671799,0.0011181702936060634,0.000423277399991642,0.0003302375473703009,0.0012289900767694856,0.0007336473942087327,0.00019206378975368993,0.0,0.0002694294516558901,0.001039531583049235,0.0013009252221264254,0.0004966755940237577,0.0017797497102254427,0.0002896512758006748,0.0,0.00041207425996681794,0.00010093267288815995,0.00026404150327482623,0.0007107147302483263,0.0012872610173780485,0.0005989399063313252,5.666684113801916e-05,0.00018103523597024713,0.0007598655681366109,0.0016838917346658304,0.0017517364032496232,0.0003409864234371388,0.006462593638413653,0.0013822690100570452,0.0016128643507230917,0.001722658507792244,0.0034319552660164168,0.0011090103500039211,0.00011188559835654039,0.00012105418238225062,0.0012737834385537917,0.0007752382580988003,3.615707633685035e-05,0.000982579483376275,0.0004737039238914626,0.0,0.0012409345452056326,0.0005059047893995625,0.001028671155935847,0.00041577751484208133,0.00025363855695061143,0.0026804273189952247,0.0003225950888040606,0.0004002735275256339,7.259239627385845e-05,4.498247720084708e-05,0.008791630515482152,0.001473729285063878,0.003525304482161129,0.0007781025187885213,0.0006254617127370154,0.0015299691090157467,0.0030335768595881824,0.00039376395327740487,0.00040163077374376387,0.00266883155011882,0.0012614487616092022,1.6636431740539042e-05,0.0019193342679466787,0.0009698066948206992,0.00046880608196381345,0.0008804492917661627,0.0005394452369108623,0.0021795128694014256,0.0003355614584882917,0.0006470086744165875,0.001501131324535051,0.0005834103203979061,0.0017762750620976978,0.013467253285664059,0.004449887092660599,0.00550089604553408
202306,0.0030300841824380713,0.0005239309185683186,0.0006786748489958683,4.085003957531139e-05,2.7703338837801935e-05,0.0015576252707077602,0.0005160180620843713,0.000779604624420084,0.00022741421769137263,0.0014631119102431606,0.0008703178843035679,0.000706042569911661,0.003508763941272311,0.0008687406084537053,0.0009568038240266745,0.0003256913582951191,0.002687163153532869,5.643088404444411e-05,0.00016859543544862882,0.002698530933709904,9.925326449820412e-05,0.00041884900150030634,0.00047381640461203046,0.0009753422374051148,0.00034665611317846544,0.0002875669435893738,7.311306202833295e-05,0.0014382039791777065,0.0017429315654416925,0.0018537082693724026,0.002069841955398394,0.00036397893739569106,0.0009621673823207163,0.0005289359582089578,0.0002661737615093024,0.00036338172983187237,0.0006607474450612731,0.0008340657999272878,0.0002674717858100437,0.0004244335000807879,0.0012009797812644553,0.000876285803610872,0.00015987095216594236,2.792319566470425e-05,0.00043294124377648305,0.0013355435835097462,0.0017378073941888932,0.0008741565771539521,0.0003556473935374421,0.0004845515445245058,0.00034091288188097327,0.0006363063708224163,3.8536930848203475e-05,0.0002090337891127432,0.0007461140725605324,0.001985097217507812,0.0010264788765420203,0.0001927252862546513,0.00016871034413050976,0.0008150155697100612,0.0016341655162708203,0.0016485354818087591,0.0009993183515761745,0.006350590817396088,0.001628395297542303,0.001852269216939493,0.0023861940340637574,0.004470431137549856,0.0011234649248771627,0.000253969507832658,0.00020895669441098748,0.0016135611650314483,0.0009239944922091273,0.0002360510153856213,0.0014987492089202628,0.0003956282173397025,0.000100591939691859,0.0016431239752902824,0.0006561103349960258,0.0010843630537678225,0.0005948345347140401,1.1443964421157647e-05,0.002611495530348322,0.00021200071281814859,0.000414076290266624,0.00014719331284730912,1.7097016077367443e-05,0.009958327472629262,0.0015359917428022353,0.003378685931821186,0.0012301978478043432,0.0005834910446224997,0.0013187028422423956,0.003244509001514452,0.0006117855491252228,0.00040989915336768034,0.0011042929065569872,0.0014551362780691347,8.30288131532177e-05,0.0017981109014483085,0.0007495173925997407,0.0007378009036793717,0.0008024561041358229,0.00046214981001432566,0.0023277788101911012,0.00032200736837371697,0.0005123877766465741,0.001607673431849775,0.0008747188482028615,0.0020810413390359513,0.014947966017999678,0.004779570567780136,0.006774824844155743
202307,0.0019907673981551435,0.0002467905051459875,0.0006341366466696149,0.00031132701613190947,0.00028482400285866327,0.0012695765807118461,0.0006238279269538998,0.0007677593838016857,3.8474952874475496e-05,0.0020088231811556385,0.0011133223583996098,0.0008654684353837211,0.0030707319197747574,0.0010757348654017714,0.0009958343111103063,0.00048121472187244565,0.0023024859618597355,0.00013163447390216666,5.848051480205071e-06,0.0027056941248853514,0.0001678373460894991,0.0,0.00024277222888541782,0.0006292304136642069,0.0003489025984386068,0.00013768013869074617,0.00043350539710639555,0.0008719903636470705,0.001691723209886412,0.0014660214155939376,0.0023451056310416656,0.00013850749911917194,0.0008561710502384964,0.0005442295303580758,0.00036955072090785014,0.00015844994859131128,0.0004462904251295909,0.0009696395362728585,0.0004230502040250731,0.0005614590089140089,0.0017580162345911497,0.00025677050305167494,0.0003560981969293936,0.00034339135214408453,0.00019012105126032345,0.0012147444262448417,0.0013762142869562007,0.0005230324659285727,0.002517267197840901,0.0,0.0,0.00042174651305891634,0.0,0.0002482054386147488,0.0007187352375688363,0.0010957875844072745,0.0004184843662754575,2.4726980318860953e-05,0.000311614748798923,0.0006672801715659571,0.001484857176032647,0.0015155918385162798,0.00042475781810995456,0.007474936944610681,0.0015639330202177548,0.0002847010023634573,0.0011786029475775942,0.003288810546837089,0.0010165438724373623,0.00014882778588953526,0.00017839232484447013,0.0016184422759245758,0.000669338984721807,4.0364493902622775e-05,0.0015941956774665766,0.00010877263463766208,7.679045465488876e-05,0.001350597456768214,0.0005217069025327673,0.0012343611278332143,0.0001735930303970478,0.0,0.0028953953167273902,0.00042696925849007697,2.0601474329204957e-05,0.00011122323459985968,0.00010687516538190135,0.009232068008104789,0.0008146591543777642,0.0032440951881832123,0.0010141905025906589,0.0005986455920460268,0.0014370170852990045,0.0043522028023702825,0.000715119694937946,0.0003153447156481193,0.0029062137092575775,0.001014841488928109,0.00010498847585869085,0.001693128427875263,0.0013303602952370714,0.0015292459370813782,0.0009000825513087565,0.0015656690319329864,0.002869922038369205,0.0006427254153976861,0.0005429240180102582,0.0016143341053141468,0.0010535689262308498,0.0016349138650867939,0.012827014778714065,0.003429020394925463,0.00587530590874293
202308,0.002054247481812683,0.00046431955511273083,0.0007018051167150655,0.0001450363195342424,0.00021770229070008982,0.0011777715676016686,0.0006063731126602761,0.0007646971319842516,5.592641462680535e-05,0.001959674307948577,0.0011506170068933577,0.0008470906864577434,0.003012751678266758,0.001106487576195997,0.0011036852532579126,0.0005883159640103741,0.002483454575482158,4.065585525170947e-05,0.0,0.0025288314289914036,7.684198787455541e-05,0.0002470935676301857,0.00026761176602886627,0.0006444232351429993,0.0004493901213838468,0.0001935644931640914,0.00023833620212566055,0.0010054910871323364,0.0017277218082706557,0.0016316248245093709,0.002133082561974056,4.37182474541618e-05,0.0008474185677757816,0.0006830807329236423,0.0,0.00022184677862128208,0.00048561582581570337,0.0008713851550994809,0.0004123943287254414,0.0004868651582074493,0.0012784824560805785,0.0005135675500022349,0.00028581260865392276,0.0002713830117900967,0.0001418180825533364,0.0014060977175008676,0.0015469118956309297,0.0007257575535149316,0.0027053487281170335,0.0001824874828563694,0.0,0.0004554054729654317,0.0,2.007957184703841e-05,0.0006831468069812643,0.0012190674758015907,0.0006569009865426132,0.0,0.00035060629570016303,0.0006797039330507486,0.0014496395244587264,0.0015941749248777712,0.0004478161996872297,0.0066624398456327965,0.0014774740146316105,0.0010378925844394178,0.0017048549036302383,0.003520017017117098,0.0010903408550981062,0.00029963946323291143,5.33907597797093e-05,0.0014745359066531533,0.0006661104652327823,6.034486304908642e-05,0.001546156996784213,0.00023111158077506087,1.8737639473272576e-05,0.0014174610917142088,0.0005637988191772837,0.0011327342912429883,0.0004632744311053176,7.025857917267677e-05,0.0028003587636913946,0.0004982342429269124,0.00020425369109500484,0.000141612506661535,0.0,0.008702996085142257,0.0009784663422509057,0.0030794987381733002,0.0013679560728090318,0.0006268771383464003,0.0013753594782852396,0.004595023694045072,0.000715307575939023,0.00038110871782546304,0.0024638488821233507,0.0011239275180887323,8.17377608264445e-05,0.0017936305096940344,0.0013774263937407086,0.0015187967800785913,0.0009340630569733175,0.001039223790177632,0.0026025519263495425,0.00027924421531274127,0.0005123416971034041,0.0015299275006803446,0.0010723836512534076,0.0021001987238612177,0.013676662497489962,0.0028588208652764496,0.007447483809371626
202309,0.003271570075694738,0.0007348116236537548,0.0008200602070485668,2.8573122265274167e-05,2.7610006116951616e-05,0.0009405741788719795,0.0004910425699466236,0.0010178898499160621,0.0007054817933676634,0.0015823595196142086,0.0011077009503685192,0.0009642484507359377,0.0034966849957285082,0.0011204204039299728,0.0009148777955483862,0.0006193193480314766,0.002789297723708852,0.0,3.6835678290629564e-05,0.002745503978892548,0.00010633138830471462,0.0003548418659367749,0.00015339955218340526,0.0007816059741119529,0.0005251882737160634,0.0003050325610998575,4.6982172911170555e-05,0.0012232918762939639,0.0018939595324218878,0.001763555196451407,0.002197300285191821,0.00010238936717559418,0.0009101725488202698,0.0007937747195376195,0.0,0.0006310965118369673,0.0005567933254896301,0.0008135215787147601,0.0004670150486845937,0.000490590602479749,0.0012449083288094132,0.0009748417647065706,0.00019113092597452153,0.0,0.00015485219143852465,0.0015321585593520309,0.0020812866807114958,0.0010232010060645014,0.0022161249630144133,0.00043237346894758975,0.0007785204395688759,0.00046513764892039427,0.0,0.00023846391881507658,0.0007272381267988336,0.001665602896027187,0.0008836226224195751,5.173496953816965e-05,0.00022838678623296162,0.0008406002112657544,0.0012151979286462266,0.0016599711086635453,0.0018244180000578315,0.006051267936551638,0.001528040810397146,0.0021781573162972796,0.0025188498626472137,0.0039216253568215564,0.0009055664616327316,0.0003513727826519065,0.0001500082771945637,0.0015974812647356913,0.0004390032014466923,0.00012910178985219242,0.00147726731278294,0.0003743324239910852,0.0,0.001427048118663992,0.0007013947080279578,0.0012630834916439193,0.0008446631185685367,0.00016440930751651767,0.0028937738652466817,0.0006206600978968014,0.00036639391994304065,0.0001398953963670876,2.5837005563271083e-06,0.008082234705754128,0.0011663621963958883,0.0031066555065295005,0.0013150276778761383,0.0005376551550293352,0.0012271349434687026,0.003953805849530289,0.00041534865869187834,0.0003730013781717341,0.002307748921471502,0.0012788539450114373,0.0002735917646439009,0.002005044959772527,0.0010013272079543696,0.0011176186514604688,0.001192539655718464,0.0003016887079111826,0.002324289567693643,0.0,0.00043570179949759127,0.001546743716173777,0.0010637877403341517,0.0023987262333907415,0.015353270553562602,0.0037435565434985685,0.008383244282218554
202310,0.0018326375908286402,0.0006840162986740234,0.0006848619088348749,1.7144098628541414e-05,0.0,0.0009772863480606783,0.00044994021050262723,0.001191981940909271,7.232224798088228e-05,0.0017421438201843341,0.0010843828215174663,0.0008164620459864282,0.003514989659402187,0.0011667375671890702,0.0011767312751809443,0.0007312016066951636,0.0024478779516790136,0.0003402160334281822,7.230935577087092e-05,0.002730206838953798,0.0002843377139744533,0.000684967088900675,0.0001590676292106495,0.0010532240779415755,0.000363954624957211,4.821661834553485e-05,0.00013275860924843723,0.0009821844842595037,0.0017865611710816789,0.001823174118010096,0.002313432890361604,3.029071275728392e-05,0.0008591295983068832,0.000558293954308278,0.0,0.00024153471447207312,0.000460272734701202,0.0010327134777253963,0.0005435755963034144,0.0004982457409947556,0.0011809708559205223,0.0006150805078985353,0.00031228975264851154,3.535493447994987e-05,0.00022215298135661214,0.0015820269935134263,0.0016817682208003922,0.0008053456720141212,0.0018689079309910936,0.0004981825129063831,0.0002473592899340586,0.0,3.9394962783989844e-05,5.8071401630794886e-05,0.0007085941169625106,0.0012898895681613292,0.000647166868150039,0.0002720215725672887,1.7757452005718556e-05,0.0005873629215218044,0.001578009905408839,0.0019161103244931992,0.0007701697763197829,0.00618734394012551,0.001386271250255365,0.0013036254519806405,0.0017043588736110897,0.0036712217011727953,0.0008096552044726527,0.00041120340123841756,0.00010301416896992415,0.001830158465394353,0.0005251333976505741,0.0003067972704109918,0.0012070337053712921,0.00033549773218136337,0.0,0.0013851597117316627,0.0007743526097798978,0.0010446254552581935,0.0005941456837230138,2.642410796361082e-05,0.0032419051213846326,0.0008721713612692946,0.0001911303795206568,0.0002030017138939221,0.0,0.008698990525268147,0.0011970409603942126,0.003072818956870347,0.0013308488280578308,0.0005022252972581983,0.0013641184850834826,0.00416775771587971,0.0002645962255032537,0.00045809682174294806,0.0029043067737600974,0.0012427625116359295,0.00014439028871089158,0.0016830856880068758,0.0015569233174756818,0.0009246517662902735,0.001080186236136823,0.0008312904615515823,0.002414852155675015,0.0,0.00046802747940758257,0.0015309663785496445,0.0009955596787456487,0.0017130940670955087,0.014727329817789061,0.004276327553821489,0.007299811065743757
202311,0.000939009094100324,0.0004920201608414669,0.0006589712678181502,7.265582187624053e-05,4.504734285265915e-06,0.001415479200847506,0.0004227602922341495,0.0008039500770559973,7.380173820071752e-05,0.001592561386104497,0.0011621804351983546,0.0004605172641925672,0.003169086204458144,0.001091361100045501,0.0008926087058205054,0.0009067521551194542,0.0022638760567991697,0.0004744428996815085,0.00017599012869510126,0.00305507636785057,0.000375979150947983,0.000642928898886783,0.00024801895420080894,0.00104955257694171,0.0005264400645787079,0.0,0.00024841378649781605,0.0009493334485961271,0.001987152346292974,0.001955012306776464,0.002363504262319385,0.00030250441302189364,0.000989181427157502,0.0003927969159904677,0.0,0.00010063425811385886,0.0005690264585716127,0.000980265007717507,0.0005040840968196695,0.0004933139788785623,0.0013473932376952633,0.0007465052740426173,0.00035772936848364495,2.3342749589340404e-06,0.00020714251474327863,0.0011896183349745907,0.0013722920261700635,0.0006535109732860958,0.0019042173438968617,0.00046257236543597273,0.00013478826296079273,0.00031642255926514707,1.702489159062778e-05,6.85893111380076e-05,0.0006661754796386769,0.0009541521205133163,0.0005188426074014737,0.00011662809286473151,3.275248789319552e-05,0.0007369414912370155,0.0016337385393501561,0.0020550304763685854,0.0003636855693354794,0.0049267646678094485,0.0014408398105067363,0.0013530539774567062,0.0016060970837298496,0.003778074953178471,0.000804726235369831,0.00037249662955373205,7.687503279214492e-05,0.001829926660475023,0.00040946771144408073,0.000551068957542804,0.0012951073128665887,0.0003858145714964719,0.0,0.00182863462965725,0.0008634651860882102,0.0006291996374219333,0.0004090929694867916,2.2471387618490094e-06,0.0031143683492166814,0.0007448772814971152,0.00030011134064013593,0.00025490222063034764,1.1471621349794845e-05,0.007270368114089448,0.001491993691466765,0.003112460342113647,0.0013433863347294024,0.0004301407889142622,0.0013413492963642172,0.0038006324761085445,0.0003334033093321517,0.00044429117886437885,0.002905397924255034,0.0013088899973255192,0.00015527828133861114,0.0018523983295748033,0.001651958599926268,0.0008271884116704899,0.000834065691809994,0.0012760685753096606,0.0024650946999548134,2.015683060279653e-05,0.000584903457104726,0.0015629493070695262,0.001080263333728963,0.001992621688202122,0.014199360383669467,0.004158206034993002,0.006845146864060368
202312,0.0015683772062103074,0.0007002386955730752,0.0006361802594075072,6.524890089087442e-05,1.4101744809554385e-05,0.0014815925856699577,0.0003831606854028232,0.0011039583072323064,0.0003431962295196314,0.0007256556461883824,0.0009233625224243903,0.0003497146321684863,0.0027592087568962865,0.0008916545720465719,0.0008642588744207248,0.0003789834141289989,0.0023255316155247185,0.0005148189295696104,0.0003354377905072037,0.002893675441718924,0.00036717095305719983,0.0008845107366398652,0.00022890156888672147,0.001348870315709956,0.000509435612218958,8.785638571671767e-05,3.6068617962227506e-05,0.000576048278987229,0.0018029205710662329,0.0021427361878735467,0.0019763784077738325,0.0005568684202625056,0.0010057401208341363,0.0002757021612381936,0.0,0.00041534119063032083,0.0007669229762174491,0.0008991244236891813,0.0004421183806342545,0.0004257432305054576,0.000990066694919873,0.0010241876825975388,0.0003836210530088129,0.0001555307158560022,0.00020002119919306638,0.0011117867963750538,0.0016785984103241413,0.0009904285256453174,0.00033297578864700334,0.0009111017760874221,0.0,0.00044104989552358416,3.2175284539964984e-05,0.00011408421160175275,0.0005897383767194665,0.0014010098417142631,0.0005291971341633919,0.00020682776588266973,0.0002374954815639889,0.0007270330451848086,0.0018099365497496011,0.0019536366540131534,0.0008683060837674116,0.005253599753223594,0.0012895183531369762,0.0012415573561705977,0.0005410918908652046,0.003350487250687324,0.0007145493554767592,0.0005391630543585319,0.00013411695952063118,0.00175175318463815,0.0004855145623474856,0.0010573087465274053,0.0011478630412756544,0.0006398754281242703,4.252785722202274e-05,0.001944675181165381,0.0008066657117939052,0.0005375034736223071,0.0005679636406478129,6.829864637581289e-05,0.00283983443335593,0.0007647328342121041,0.0004947626035534901,0.0002116742075708523,0.0003624293758599625,0.00910157228593526,0.0014900682544690747,0.003719021692759601,0.0017022447817402753,0.00034430087125033926,0.0011007476521862718,0.003664724803507316,4.4715521425881295e-05,0.0003909378977864081,0.0016091334853888808,0.0016717632678497937,0.000255113452501973,0.0017024774438076631,0.0011586951079505534,0.00016808225664580035,0.0008313502913293467,0.0008475279631192725,0.0021483283709664187,0.00016666943274647194,0.0004224798766446586,0.0014369379795988067,0.0008598349296382174,0.0019472095032273477,0.014599481333978044,0.004892441680220343,0.006810153430197572
202401,0.0,0.0,0.0,3.49834374009616e-05,0.0,0.0006356914852157727,0.00024762526343451434,0.0008630027293741867,0.0,0.0013449981445818049,0.0010448020556237773,6.10940890076159e-05,0.0037826201400512766,0.0009227552862765565,0.00015580898858246172,0.0,0.0016089888480111153,0.0008002886738778538,3.137124278900625e-05,0.000914582550234152,0.0,0.00017251360399290604,6.121071781937706e-05,0.00020960842465611546,0.00033756397814437434,0.0,5.1893058231386583e-05,0.0011130605732436764,0.0002729827754374849,0.000410168514095263,0.0004339268583048391,0.0,0.0007611808357756337,0.00032344097353782726,0.0,0.0,0.0003856026669081766,0.00031652819769007135,0.00014996891535459922,0.0,0.0006772485693882755,0.0,0.0002862408159478017,0.0,1.8614634447429158e-05,0.0002103735708595473,0.0006362317080883118,0.0,0.0,0.0,9.322036254629597e-05,0.00015345816295755317,0.0,0.0,0.000480494524728349,0.0,0.0,0.0,0.0,0.00019769122830217467,0.001280945233663009,0.0015935235307053097,0.0,0.002380324387513049,0.0010652239004204575,0.0,0.0002697625451269979,0.00338275042897198,0.00015268034779278175,4.487340242301872e-05,0.0,0.0017523543317259193,0.0003954535977836331,0.0006182126200146004,0.0011519977347308021,4.992827188350318e-05,0.0,0.00021633606556598905,0.0,8.230120102391516e-05,0.00046804126712842305,8.113650732343358e-05,0.0010629138768183913,2.9413286777136436e-05,0.0,0.00021412154573568625,2.1788185685861342e-05,0.006416134047610517,0.0012305115445696727,0.002377638178071687,0.0010818859942873858,0.00020792299256255177,0.0008940951480011723,0.004095988228684136,0.0,0.0002558422823380152,0.00044389324730251836,0.001093896839557655,0.0,0.0014907562619801105,0.0,0.0008786267658026273,0.0,0.0007505433800151317,0.001993307183580929,0.0,0.00023734644724023594,0.001311161329037333,4.782983867388198e-05,0.0,0.008308411789819913,0.003966205227860841,0.0016008636596875814
202402,3.922563618445607e-05,0.0,0.0,7.36839252056524e-05,2.807791376662375e-05,0.0006040271710406024,0.0002313516106491459,0.0008474064984199512,0.0,0.0017172223488935005,0.0011496645314750854,0.00012935617629345587,0.003711802667824403,0.0008337347308527124,0.00028526048067140005,0.0,0.0012789675319330326,0.0008876823905806263,0.0,0.0008897944663202789,0.0,0.0,0.0001110949743640273,0.0,0.0003721179746998934,5.546184622650642e-05,0.00010133238034392286,0.0010535298591660843,0.00019950188742087998,0.0003724465915064171,0.0006170191501515588,0.0,0.0007091013677491042,0.0001771021584013393,0.0,0.0,0.00031188964116365215,0.00033132309040480816,0.00010441686392939773,0.0,0.0007145314366140748,0.0,0.00028752480448660764,0.0,0.0,0.0003612142542945596,0.0008874008481170793,0.0,0.0,0.00035420026841846344,0.0,0.00022448103717689826,0.0,6.949684023610588e-05,0.0005824542890965514,0.0,0.0,0.0,0.0,0.00028925643779405296,0.0011343341837782952,0.0014617892777010128,0.0,0.002475404060358798,0.001207559605372403,0.0,0.000523751002314574,0.0030417239810499297,0.0,0.0,0.0,0.001913905300111749,0.0005137472760241139,0.0005516636307447141,0.0012198948336460014,2.2456041736980723e-05,0.0,0.0,0.0,0.0001772028488811648,0.0004065358372961844,0.00015745283495509425,0.0011013539625271975,0.00010956090708977845,0.0,0.0001549339743050265,0.0,0.00621793248664437,0.00132575383599102,0.002675146880483026,0.0008102321309183794,0.00027464763673032465,0.0008196422578744456,0.0037517718648133296,1.1070515595617584e-05,0.00013506230681925165,0.0008905113280777338,0.001036285991995371,0.0,0.0013258178707171529,0.0,0.0010695233842897046,7.9767618663278e-06,0.0007405907284547814,0.0021780642170108684,0.0,0.00021960506523741068,0.0013195946654260703,0.0,0.0,0.008153305034468714,0.003428711261046635,0.0017052010531539267
202403,0.0,0.0,0.0,0.00013132266700374937,0.0001811641803337695,0.0009440912738825594,0.00029812338794886283,0.0006479457643048674,0.0,0.0018442170275138315,0.0010411445395819186,9.578678439661784e-07,0.0037813369174247227,0.0006417447433987282,0.00029583603514926843,0.0,0.0020685097771479745,0.0006424235286161692,4.855804165065367e-06,0.000680813665861739,0.0,0.0,0.0001182790442919991,0.0,0.0003871669270486507,1.6589199142137055e-06,0.0001637551305078744,0.0012568171881762581,0.00014885660329822575,0.00041619399509340165,0.0003715451302455199,0.0,0.000764068273358988,0.00018086419061332553,0.0,0.0,0.0003054535938205229,0.0003699895752685536,3.052989549392203e-05,0.0,0.0008673832592915422,0.0,0.0003634225506312534,0.0,0.0,0.00024424482222326535,0.0008539073017936037,0.0,1.131005753251467e-05,0.0008340133244288528,0.0,0.00021601568224645119,0.0,0.000277190800514917,0.0006743940394230041,0.0,0.0,0.0,0.0,0.0004594499483582763,0.0012921523852656965,0.0015597313926427544,0.0,0.0019897916505061046,0.0011487385233941332,0.0,0.0005500751442303365,0.003012136012540465,0.0,0.0,0.0,0.0021067819674039354,0.0004090272366972288,0.0007379128028148496,0.0014201805619959936,0.0,0.0,0.0001522247133695062,0.0,0.00016874474793966736,0.00035423052258771987,0.00024268482038342285,0.0009346327449100588,0.0,0.0,0.00012388309410660161,0.0,0.0052416866254319785,0.001504872956150397,0.002390846682651403,0.000978899134351624,0.0001651805852035126,0.0008201831366563777,0.003785646195759607,6.768593214955314e-05,0.00015031574434461195,0.0013605294995457154,0.0010222211329440245,0.0,0.0015749590298005734,0.0,0.0009758916151645143,0.00012075424816833801,0.00100919903116365,0.0023927858778775854,0.0,0.00021068313244693163,0.001355870065577535,0.0,4.70147478529584e-05,0.00809256904521036,0.0035386255016876594,0.001653349663711663
202404,0.0,0.0,0.0,6.025224058168172e-05,0.0,0.0012132492524652497,0.0001805829387529761,0.0007133624240978036,2.910613409154758e-05,0.0016660663076607087,0.0009465271880877762,0.0,0.0038997788468860413,0.0004638340568318331,0.0002505002011200193,0.0,0.0021089388976765744,0.0007545771926342826,8.362716240188357e-05,0.0005302803211588244,0.0,0.0,9.516504377093356e-05,0.0001465966774645188,0.0003371425447875739,0.0,1.7159947880204607e-05,0.001271720793435423,6.574934548625761e-05,0.0003649149215790651,0.0,0.0,0.0006667015839977776,0.0003305522720848812,0.0,0.0,0.0005241913712700853,0.00047847290105532136,0.0,0.0001029325943218296,0.0009744126789083177,0.0,0.00034914970395172616,0.0,0.0,0.00021045735037054382,0.0007313425273607791,0.0,0.00026843223061997617,0.0010760167522102387,0.0,0.00036922859448028464,0.0,0.0003944416328726098,0.000737019202976169,0.0,0.0,0.00015185393817103137,0.0,0.000363216969626363,0.001402595804935929,0.0018203010793486137,0.0,0.0017159577217814167,0.001023053307552122,0.0,0.00046728433819523386,0.003138974452228561,0.0,0.0,0.0,0.0017133707930863378,0.0006976873514599317,0.001061831017426331,0.0011819813246370424,0.0,9.828138771222469e-06,0.0004638601264462079,5.388384023023251e-05,0.00020539438684384436,0.00043201504110140185,9.763097667904996e-05,0.0009602346458842894,0.0,0.0,0.00011780887531027773,1.1448029578164155e-05,0.004742324671724972,0.0015442902217769714,0.0026411824215033814,0.0014195362909275007,0.00012129259411974222,0.0008602502323059121,0.0038498509383246907,0.0,0.00016419839899325673,0.0011736017468488432,0.0010614062668092828,0.0,0.0014796700140005687,0.0,0.0005361892988630768,0.00015286844729558497,0.0008825555464946333,0.0022081931804829235,0.0,7.657915174884511e-05,0.0012808697455983342,2.5345792314609696e-05,1.55216636602913e-05,0.008184524410082378,0.0036324363512013876,0.0019227684710379968
202405,0.0,0.0,0.0,8.535342511753908e-05,4.4734089157202795e-05,0.0012677481400236524,0.0003117837352052004,0.0006906745804402976,8.328870962072739e-05,0.0022076728094170945,0.0008309600065555673,0.0,0.0030766820853743142,0.00028840607800680875,0.0003123450150305119,0.0,0.002224266008982338,0.0008824066400186497,8.351930109315055e-05,0.0003634290439229684,0.0,6.981628222393882e-05,1.7746697906419775e-05,0.0,0.0004555792597454226,0.0,0.00019952699527460787,0.0013652672181163,0.00010500374400442554,0.0003138234800093155,0.0,0.0,0.0006943005777518023,0.00017838108355138822,0.0,0.0,0.0003444256225059325,0.0006287653638188964,0.0,0.0,0.0010513787752426448,0.0,0.0003060232380615254,4.6152705332265285e-05,0.0,0.00024241547747686388,0.0008471643836251098,0.0,0.0,0.0017333670724840244,0.0,0.0,0.0,0.0011466007014249752,0.0008962162691531549,0.0,0.0,0.000274906987388162,0.0,0.0005612563154136814,0.001760251389638547,0.0019083653958013,0.0,0.0014735667945390371,0.001187003587256595,0.0,0.0,0.0029077807205044716,0.0,5.3236118130429826e-05,0.000163020047876497,0.00221892878061291,0.0006827056201867314,0.0012304077173342332,0.0013023552459938913,0.0,0.0,0.0004005560916263503,0.0,0.000242862221809976,0.00047852226485101996,0.00020565300035085642,0.001029224454386441,0.0,0.0,1.1675101309166216e-05,0.00010739106446631075,0.005135556756449438,0.0016811489988473075,0.002673510808008808,0.0014866004866073786,0.00010634630201168109,0.0008946409337912993,0.004278448784319852,3.2195655215264266e-05,0.00018134059465432835,0.0018625238728779906,0.0009140856771894163,0.0,0.0015025942795967612,0.0,0.0005884256814215973,0.0,0.0010123964990070024,0.0026832073059389716,0.0,0.0,0.0012757627630216827,8.32755276992253e-05,4.194504537299497e-05,0.008181772431374055,0.003683980483592607,0.0014276612596871112
202406,0.0,0.0,0.0,8.655076257759118e-05,0.0,0.0014276415025266172,0.0003162605793383479,0.0006668952960913239,0.0002566729520813572,0.0027507121200952486,0.0007381836004741408,0.0,0.00289276724383848,0.0004230024480439765,0.0003340103279727307,0.0,0.0020714628391447255,0.0008510867265416947,0.0,0.0005275763805478046,6.087608615087531e-05,0.0001710837615543751,8.500815590203835e-05,0.0,0.0005152272556397405,0.0,0.00032597798735250404,0.0018454816101010837,0.00015443215418928854,0.00040400512756496546,0.0002996309118295697,0.0,0.0006483040811108288,0.0,0.0,0.0,0.0002369216487174359,0.0003888198330837219,0.0,0.0,0.0010451618431127272,0.0,0.00022762401320889082,0.0,0.0,0.0002867643280020854,0.000897050885066511,0.0,0.0,0.0014675080576312992,0.0,0.0,0.0,0.0012604832705067567,0.001020508776213028,0.0,0.0,0.00034496947719453555,0.0,0.000516519327942259,0.0016228670005534339,0.001960881984977117,0.0,0.0008792020797446263,0.001241472416653749,0.0,0.0,0.002675862047728555,0.0,0.00018348407493935573,1.1367121646289323e-05,0.0019477970221133537,0.0007098269477884187,0.0008692261416134873,0.0011864176284795637,0.0,0.0,0.00025623063772419743,0.0,0.0002662698593289804,0.000258180961047232,0.0002215633822390444,0.001034254483785699,0.0,6.914562069905607e-05,1.0077525864365376e-05,0.0001087218159757827,0.005218403179296846,0.0016798660857951777,0.002270446752333091,0.0013342335302359938,6.54431573608652e-05,0.0009662157704057464,0.0040187468672386205,0.00012707860527015835,0.00019563484417469359,0.0022901321424717166,0.000845066382624079,0.0,0.0019970069774393555,0.0,0.0008099031304834398,0.0,0.0013331831690287816,0.0028529065003809594,0.0,0.0,0.001462734607220498,0.0,0.00012945514536287367,0.00830870353938404,0.00343182304206128,0.0015519860159746417
202407,0.0,0.0,0.0,0.00011171088016759361,0.0,0.001309274478654172,0.00020124452852931789,0.0005278554520350338,0.00037083405632678916,0.002984231863622125,0.0008634651548140564,0.0,0.0026144919643950296,0.0003414903540025842,0.00032165351890461267,0.0,0.0020157946052272255,0.0009511586014500394,0.0,0.0005554144568288059,1.2632435228127069e-06,0.00022792305645165741,6.099748823725794e-05,0.0,0.0004581920635252762,0.0,0.0002716981810845327,0.001989000637535691,0.00024321079852587983,0.00035402374513422003,0.0002979359246835633,0.0,0.0007767785951994738,4.665233514245807e-05,0.0,8.204044383935509e-05,0.00028376746022744224,0.0003165282674996106,0.0,0.0,0.0010106000469234195,0.0,0.00023125296280544213,2.133708769571484e-05,0.0,3.1835130521216315e-05,0.0008207386727148224,0.0,0.0,0.001556325032871012,0.0,0.0,0.0,0.001437674836327798,0.0012569628226222177,0.0,0.0,0.0002585492897225196,0.0,0.0005811452439515801,0.0015980138466264201,0.001837056328839891,0.0,0.0007095650597534777,0.0011782928894001872,0.0,0.0,0.002694028394287682,0.0,0.00021742707735057147,4.0683571510363126e-05,0.0022014467913230957,0.0006594183814043246,0.001015907529595191,0.0011156538906217193,0.0,0.0,0.00021235608526381662,0.0,0.00017279611971556793,0.000414357937162784,0.00035532066522083735,0.0009276119606392899,2.6831823376665976e-05,0.0001180266260479659,7.419332070784444e-05,0.0001779411731687094,0.004885559742916902,0.0016079887281311039,0.002363125024923202,0.0014179153668684703,4.517676932343539e-05,0.00086921382986582,0.003752570392249605,0.0001243309446772595,0.0003198882293631235,0.002436531721962989,0.0008081172896011104,0.0,0.0014688647298140393,0.0,0.0007978036172595869,0.0,0.001190923523184595,0.002966492306746961,0.0,0.0,0.0012392396429579873,0.0,0.000432535616725869,0.008089825272549724,0.0030886384491424623,0.0017639737509509874
202408,0.0,0.0,0.0,0.00015504115807235202,0.0,0.001474722658390312,0.00016484009273661808,0.0007567112217196782,0.00016032098952108804,0.002814570789500928,0.0009405384753055182,0.0,0.002590964930182848,0.00019420070691280567,0.00038385509022119375,0.0,0.0019730840915711924,0.0012416352343966885,0.0,0.000522871860596828,6.45429080046357e-05,0.00022784043033051513,6.781120255963463e-05,0.0,0.0003813778151838261,0.0,5.7961764901765444e-05,0.0015434396409649061,0.000282633887497433,0.00034414036758305156,0.00014833017504531243,0.0,0.0006299343568394575,2.0167788077453446e-05,0.0,0.0,0.0004156787751044279,0.0002918753518040278,0.0,0.0,0.0010128936603505322,0.0,0.0002357496788519465,0.0,0.0,0.0,0.0009011974130791615,0.0,0.0,0.0017115072077689005,0.0,0.0,0.0,0.0012826070157779075,0.0011607480357245855,0.0,0.0,0.00023671678694428026,0.0,0.0004864509715260437,0.001546297410214198,0.0016456677942350588,0.0,0.0005318019738193383,0.0010982549289261588,0.0,0.0,0.002697783601496853,0.0,0.00019232765075751843,0.00021336498000644095,0.0019847933258245517,0.0008177072508470873,0.001021437969832899,0.0011739714340860848,0.0,1.5369678897983812e-06,0.0002774412449570683,0.0,0.00032227671083002486,0.0005394882900523176,0.0003317838384604573,0.0011014557545739176,0.0,5.3447408540662825e-05,0.0,0.0001782436743154581,0.005076735164404583,0.0015013105347515484,0.0020070588369859943,0.0011728664116723245,6.20917062965311e-05,0.0006840880678740775,0.003861114766289732,1.8299046425846595e-05,0.0002074238851382986,0.0021558661756413107,0.0007930643411761028,0.0,0.001522462411736743,0.0,0.0005184252114790109,0.00018690022871901325,0.0008945782300699791,0.0028165870374188377,0.0,0.0,0.001318128587672262,0.0,0.00041763757776766097,0.007979071272807937,0.003124993326556793,0.0016202894465791415
202409,5.707340128409875e-05,0.0,0.0,0.00013457849315043585,0.0,0.0014616853603414478,3.626150885200829e-05,0.0007080861410318763,9.211392305338605e-05,0.0025169934204984407,0.0009464225601765261,0.00017372527581245947,0.0023803919067036947,0.00013909864882187824,0.000497545460808336,0.0,0.001991620728335579,0.001241289050694357,0.0,0.0005131348364616683,0.0,0.0001227759705918001,7.248235526615401e-05,0.0,0.000300882673414706,0.0,0.0,0.0008251453322265217,0.00022322102821564587,0.00033516623600579094,0.0,5.904581371390855e-05,0.000743526670683896,0.0,0.0,0.0,0.0005445654447552676,0.00031517797090821763,0.0,0.0,0.0009059900017602568,0.0,0.00019117025873554346,0.0,0.0,3.56659323896195e-05,0.0009099669601021315,0.0,0.0,0.0015032299598301828,0.0,0.00010881956092121628,0.0,0.0012432389415009462,0.0012030891563298758,0.0,0.0,0.00017054840056146612,0.0,0.0003553101804535065,0.0017626826470637197,0.0014021259144461546,0.0,0.0005573945239622496,0.0012163808923065548,0.0,0.0,0.0021826735751543816,0.0,0.00013682036916287308,4.995019256638925e-05,0.002063339319668283,0.0006769959269264597,0.0011400009517904862,0.001201992564957407,0.0,0.0,0.00021861390659116923,0.0,0.0005618560385116539,0.000821301268151275,0.00039868951027788313,0.0010884026500590136,0.0,0.0,0.0,5.565642095283189e-05,0.0052322207951036375,0.0014928807486366668,0.0020514686838051226,0.0011877469021438767,7.350027110502241e-05,0.0005334253661977767,0.0039270848006597485,1.69918686096661e-05,0.000261047371798506,0.002149306030576496,0.0006276784043902193,0.00013830789282791108,0.0015635682238242868,2.8642269050884858e-05,0.00042919617550292276,0.000413138502343419,0.0004333869218833115,0.0027108069970536233,8.176626364313677e-06,0.0,0.0013812502972932207,8.1323887400283e-06,0.0006620616207525551,0.007392810404963943,0.00348366878731424,0.0008926475424980941
202410,3.206946882780171e-05,0.0,0.0,5.64666902459361e-05,7.819209822268922e-05,0.0017006162640834516,8.711019657200699e-05,0.000816086560148525,0.0,0.0020855858308108928,0.0012517627609520338,0.00016621992940891545,0.002313331855205994,8.541467709712138e-05,0.0004394655406503904,0.0,0.0021198255340071416,0.0013103635225952326,1.975938620724106e-05,0.0005798287487485164,0.0,1.551747068861791e-05,0.00015287387161646375,8.1763398089086e-05,0.000295776605846243,5.095277479419837e-06,0.0,0.0003171895027592434,0.00024799820149804257,0.0003655371085742059,0.0,0.000358173731523496,0.0008613098522151616,0.0,0.0,0.0,0.0007443630842690362,0.00032933629165392725,0.0,0.0,0.0008826140661952884,0.0,0.00011021648112215847,0.0,0.0,0.0,0.000889382061282921,0.0,0.0,0.0013626236931062997,0.0,7.440156705905891e-05,0.0,0.0010779734469069581,0.0012363338119992645,0.0,0.0,0.000331901309360396,0.0,0.00026499591212676314,0.0016187162368789217,0.0010709194860320282,0.0,0.0007985463082332944,0.0010239286032197052,0.0,0.0,0.0017487077906127866,0.0003944466394096782,6.622442672938376e-05,0.00034587007173364514,0.002240566743926987,0.0005384219417870468,0.0013034176028453536,0.0012854477154848778,0.0,2.088894943815359e-05,0.00035513116414730253,0.0,0.00047129129080919973,0.0011920330751231513,0.00034773374361403816,0.0010122034705269734,0.0,0.0,0.0,5.449516708177485e-05,0.005236332773905689,0.0013536407901298124,0.0024399819059447853,0.0013840440351053883,0.00013671195342540078,0.0004465910602985909,0.003848570229460484,0.0,0.0002509624532562522,0.001600800779390043,0.0007171537169490428,0.00024778111051841856,0.0018602732392248114,0.00025281416159347284,0.00023657918454823262,0.0005685776372135425,0.0,0.002666287903413265,6.0928682285086044e-05,0.00013148465837748845,0.001347739025304605,0.00023348388103088178,0.0006698000131415779,0.006635633376537191,0.003416231459742197,0.0005270771043688776
202411,0.0,0.0,0.0,0.00016885115450242035,1.930118187573054e-05,0.0013050869511359122,0.00015195951745150302,0.0008064865357916985,0.00015978234673558528,0.002520475442577032,0.0011481597030102847,2.8048465066354794e-06,0.0018702291845226293,0.0001804126658066759,0.00032327840637683017,0.0,0.00196210971446097,0.0012911419095544034,2.1832397311626826e-05,0.000518640824024763,0.0,0.0001834077344800967,6.610050665127438e-05,0.0,0.00026010793159327977,4.4068191162922215e-05,3.1982887615148855e-05,0.0014479542809769563,0.00029114205896746626,0.00029130642092526396,0.0,4.063053638349243e-05,0.0008665622837379233,0.0,0.0,0.0,0.00048777427579901113,0.00032976685008501985,0.0,0.0,0.0009144823355226413,0.0,8.368075604684431e-05,0.0,0.0,0.0,0.0009006325710726616,0.0,0.0,0.0017871793399087466,7.581018476889743e-05,0.0001590586906413425,0.0,0.0010915740491152582,0.0012514400897933571,0.0,0.0,0.000536092782660436,0.0,0.00035789739304751064,0.0016158632458132904,0.001729984445664468,0.0,0.001516775360482724,0.0010121738817515872,0.0,0.0,0.002138051072775841,0.0003817908852170806,0.00024606538957668684,3.596045459128384e-05,0.002154089588086639,0.0007295819095112265,0.0013735436418513436,0.0011610274725151854,0.0,5.119185922445457e-06,0.00020689676792325353,0.0,0.0003265012364506372,0.0010200126706796347,0.00027487961436636205,0.0008560135734053235,0.0,0.0,3.6723350063293695e-05,8.628385195298372e-05,0.005961393868498815,0.0015764741811153035,0.003148827389604145,0.0015658698037454729,0.00011981542884996425,0.0005902968952510881,0.004017059293493108,0.0,0.0003182582192050183,0.002566649052010006,0.0007138903084642924,0.0,0.001771322809492963,0.0,0.0005465956399038322,0.0009318086758663825,0.0004325693524788739,0.0028505030523872815,0.0,0.0,0.0011650182186633562,0.0002490085568462264,0.0008819286807343244,0.007183500687911373,0.0031491572290462512,0.0010821424995569196
