,STreversal,Mom6m,Mom12mOffSeason,MomSeason,ResidualMomentum,Price,AnnouncementReturn,BookLeverage,BMdec,AM,MomOffSeason,IdioVolAHT,IdioVol3F,zerotrade1M,CBOperProf,Size,MaxRet,MomSeasonShort,EarningsSurprise,IntMom,IndMom,ChTax,zerotrade12M,BidAskSpread,Mom12m,ReturnSkew3F,LRreversal,Herf,BetaLiquidityPS,zerotrade6M,DolVol,BPEBM,CoskewACX,Tax,Investment,Leverage,CF,NOA,EquityDuration,cfp,RoE,ShareIss1Y,Accruals,DelLTI,RevenueSurprise,OPLeverage,GP,InvestPPEInv,ChNWC,CashProd,ChAssetTurnover,EBM,ChInvIA,IndIPO,grcapx,hire,VolSD,ChNNCOA,ChInv,DelCOL,ReturnSkew,DelFINL,TotalAccruals,PctAcc,ChEQ,DelNetFin,DelCOA,dNoa,ConvDebt,DivInit,DelEqu,AssetGrowth,DivOmit,RDIPO
200001,0.9845713,0.77108365,0.69930947,0.6662616,0.65925246,0.65795213,0.65059483,0.64725393,0.6403375,0.59832084,0.56456655,0.5515423,0.53407913,0.5132054,0.5086733,0.5076305,0.50762266,0.50340205,0.48996648,0.47405237,0.46773937,0.45675898,0.44626865,0.4404272,0.43782994,0.4280109,0.41906357,0.4121433,0.40963113,0.40917096,0.4083197,0.4032126,0.3928204,0.3814294,0.3757946,0.3756122,0.36411047,0.35304204,0.3509154,0.34767348,0.33094797,0.32580206,0.32188985,0.32135966,0.3200168,0.31976327,0.31786776,0.3088636,0.30680123,0.29805556,0.29732051,0.2968227,0.2967701,0.28825843,0.2772906,0.2740025,0.2712444,0.2592838,0.258702,0.2575462,0.25636187,0.25340694,0.25304222,0.24585372,0.23784906,0.23296487,0.22059824,0.21662752,0.21362329,0.20106758,0.19922946,0.19072074,0.12180657,0.06876512
200002,0.7888721,0.564471,0.64816076,0.6091337,0.44198158,0.59530216,0.7162349,0.45385194,0.31495157,0.35978183,0.40486833,0.33105245,0.409486,0.37607774,0.39108482,0.29827976,0.33369952,0.31214803,0.35304457,0.30235723,0.34614205,0.46091262,0.29505593,0.33649307,0.43267643,0.3144246,0.2465986,0.31089225,0.2414195,0.3215084,0.33112988,0.28652298,0.27739105,0.27126625,0.18231152,0.17929022,0.16690357,0.3999092,0.20617636,0.22373074,0.19080932,0.16041337,0.2096932,0.27741015,0.2522264,0.23331785,0.28912833,0.23216762,0.19664502,0.18081997,0.18608797,0.19981189,0.21850401,0.142557,0.16639775,0.18147019,0.21990918,0.17141323,0.21535191,0.15733369,0.22560602,0.18710911,0.19119398,0.15141825,0.16023262,0.15970725,0.13728021,0.17561461,0.14913133,0.13011529,0.15144607,0.17342573,0.10258816,0.044755377
200003,2.1611912,2.2022698,2.004837,2.1456254,2.2679925,1.9479098,2.3817039,1.8251756,1.8351575,1.8324862,1.7600315,1.748967,2.0385904,1.8138912,1.987364,1.7938215,2.0045214,1.8412491,2.1440704,2.1188397,1.5879713,1.802774,2.1588602,1.7772535,2.0158615,1.8604025,1.7368748,1.5985985,1.6153709,2.1357064,2.277691,2.2811859,1.9762797,1.6935797,1.8944492,1.8560913,1.5075718,1.65055,1.660926,1.5727113,2.01057,1.8114408,1.798533,1.4920888,1.593883,1.5591086,1.8118654,1.786911,1.7704041,1.7786784,1.8730043,1.9002877,1.9819745,0.13189927,1.6392945,2.093425,2.1134117,2.0593534,1.8988391,1.7373691,1.7212751,2.0951676,1.7506344,1.9982941,1.895008,1.9011086,1.8224138,1.8710575,1.5845948,0.15390836,2.1330867,1.8461301,0.11358673,0.04645078
200004,0.7517876,0.56704503,0.53514457,0.67029256,0.4773491,0.4870011,0.6460653,0.43761623,0.31504425,0.3539006,0.40794712,0.31783015,0.37393773,0.38251603,0.44179457,0.28185633,0.2709846,0.26062194,0.19644867,0.36530808,0.4448669,0.35362765,0.23572654,0.2056637,0.4181015,0.39249125,0.25536484,0.243689,0.23565209,0.20510082,0.2625476,0.30283928,0.26533306,0.2693408,0.2827848,0.2130539,0.1911513,0.3817853,0.25370163,0.29267865,0.19439235,0.18211648,0.16133076,0.21704587,0.20196074,0.21126993,0.20467731,0.18680356,0.20020685,0.2004463,0.28396913,0.29557168,0.27879536,0.13783516,0.20229882,0.17721821,0.2594175,0.23858613,0.19321117,0.16144231,0.21758616,0.107246324,0.19352414,0.18860692,0.11993436,0.13736244,0.20100032,0.20339766,0.18824795,0.14102197,0.1445232,0.2045932,0.07158071,0.0451771
200005,1.1170303,0.8087126,0.6881079,0.93835926,0.59168494,0.7801823,0.8817227,0.72428685,0.53515816,0.5819861,0.6463529,0.56989026,0.4601241,0.4767731,0.57199,0.48280454,0.44712394,0.43296915,0.35206547,0.5262848,0.60961795,0.40993467,0.33192208,0.39853588,0.54893655,0.49477154,0.39458022,0.42138052,0.43966553,0.3280161,0.38549307,0.48093283,0.40326652,0.39353448,0.30207324,0.3441124,0.42305043,0.40827182,0.3315743,0.39751986,0.3089919,0.3004747,0.19988763,0.37199473,0.42409456,0.36020383,0.38856098,0.24353132,0.3313299,0.32068127,0.38754717,0.39863798,0.3521284,0.2341188,0.30490717,0.28565902,0.3140904,0.33836743,0.25905195,0.35027468,0.38000947,0.19240306,0.4226866,0.31585884,0.29819334,0.25061998,0.30273968,0.2707019,0.31443933,0.18702525,0.24797441,0.27742982,0.13835128,0.06893755
200006,3.4494836,3.9966063,3.4940453,3.2559674,3.640441,3.3333724,3.5988665,3.6568785,3.396161,3.3204138,3.4858787,3.286693,3.457994,3.2551215,3.4573665,3.191293,3.6507645,3.3360512,3.7208323,3.6302104,2.6471963,3.025352,3.7758753,3.1138878,3.3742208,3.2526839,3.0858417,3.0625763,2.7919822,3.758406,3.869229,3.9813907,3.753656,3.1348963,3.52407,3.572625,3.112397,3.0846322,3.195492,3.2239833,3.4446194,3.3179364,3.212222,3.18061,2.9294255,3.3318257,3.207623,3.0891683,3.1218686,3.0733278,3.3998206,3.2902257,3.4259586,1.1632007,3.039817,3.574714,3.455354,3.514335,3.3608215,3.165141,3.0747974,3.734288,3.2990172,3.6831138,3.307365,3.6350114,3.3883688,3.361221,3.366604,1.7594095,3.8570352,3.3457074,1.273532,0.03256255
200007,1.339588,0.9156901,0.782049,1.1252052,0.8304214,0.83047885,1.5280757,0.8233841,0.56709015,0.5308379,0.7754762,0.7125876,0.64199024,0.5754302,0.8094516,0.56298155,0.62864524,0.5593643,0.5755906,0.6005338,0.7590492,0.72340393,0.43801552,0.50235873,0.68638253,0.642145,0.5628871,0.6893446,0.5384574,0.4058561,0.39962143,0.56085485,0.58292806,0.49487537,0.37026057,0.45406714,0.46300444,0.7382146,0.3801483,0.6056932,0.5569284,0.3825312,0.4173652,0.31155452,0.45101884,0.4409849,0.69247335,0.46488383,0.41067472,0.45242998,0.44599134,0.50774217,0.4713711,0.24697787,0.44755527,0.4381984,0.41546863,0.45493796,0.47557318,0.52125984,0.4547014,0.41849324,0.4721171,0.4224544,0.40202215,0.36560717,0.38659823,0.44225723,0.38134545,0.19117974,0.42115682,0.39959046,0.1420059,0.06518973
200008,1.032005,0.7148295,0.8103995,1.1791568,0.6588783,0.60607195,1.1031342,0.52782595,0.52664423,0.47868082,0.8005647,0.39532492,0.56316626,0.47225133,0.67119277,0.38786158,0.43003267,0.38504636,0.4154949,0.48831233,0.4566272,0.68097126,0.3862417,0.31581756,0.68526715,0.7194164,0.44935048,0.38353202,0.565745,0.3792629,0.4142083,0.35589322,0.42229268,0.37081105,0.38542196,0.33530584,0.4056338,0.5732805,0.19961523,0.40808994,0.34968242,0.3487216,0.3077984,0.4633603,0.4211887,0.31312886,0.40395078,0.31086633,0.43147525,0.35980034,0.517648,0.31043363,0.52797943,0.16618054,0.26499525,0.30135357,0.4207795,0.3263014,0.34210098,0.43016508,0.45595434,0.34664235,0.28466022,0.37819818,0.32139903,0.38906053,0.311915,0.34483713,0.31452718,0.19871366,0.29880664,0.2590282,0.14818226,0.065983385
200009,0.7877608,0.7117874,0.50159514,0.48897594,0.4540206,0.4295742,0.44978383,0.48807114,0.54861176,0.4402783,0.4692654,0.3331501,0.2834451,0.42345488,0.3580488,0.41197434,0.29347628,0.3874111,0.29152516,0.32966575,0.23365243,0.19555254,0.27663314,0.27227917,0.2863572,0.21994002,0.24472694,0.3068512,0.26546296,0.21707872,0.25622728,0.30738983,0.24007756,0.2542434,0.1893362,0.28858247,0.251944,0.23322217,0.22226806,0.282659,0.17847192,0.17983371,0.17040758,0.23463997,0.22350942,0.13739343,0.22137247,0.23025993,0.24880148,0.23195672,0.16256188,0.24889529,0.22894387,0.26910543,0.17406031,0.183525,0.1765886,0.13898411,0.13796268,0.14207081,0.18000464,0.10502075,0.16473646,0.14057067,0.1472835,0.15229774,0.20073284,0.16418064,0.19882938,0.10306145,0.12220617,0.09776867,0.11987037,0.059178956
200010,0.96522397,0.67134154,0.6056676,0.6514239,0.5195654,0.495436,0.5703462,0.6857849,0.61077404,0.4940013,0.5871775,0.44150022,0.39910752,0.48928052,0.43213674,0.44424796,0.4022253,0.44010893,0.287539,0.47681126,0.3506657,0.27361065,0.3386793,0.333036,0.4575674,0.34648103,0.27869138,0.37887865,0.36471084,0.29236156,0.35251394,0.39990693,0.29460743,0.26179525,0.26331794,0.30499083,0.24587025,0.32758632,0.2614382,0.25175357,0.2964592,0.33076873,0.1788977,0.26524743,0.25978664,0.2285758,0.3210415,0.24037232,0.25137845,0.28354025,0.27213195,0.3045317,0.32212204,0.28899524,0.19358337,0.21629408,0.24516031,0.26874334,0.18024932,0.21339329,0.28327,0.20361404,0.22315872,0.21572784,0.18185414,0.22900788,0.16675168,0.16421407,0.23400182,0.117679834,0.15370278,0.16231474,0.13449015,0.063635305
200011,0.6422349,0.5541523,0.44786268,0.38247386,0.4074679,0.45086095,0.34308535,0.49538937,0.49851328,0.42147902,0.32753095,0.35404393,0.23363373,0.4072672,0.3408368,0.42429882,0.3303736,0.28041968,0.19996476,0.21914013,0.20651527,0.1684167,0.25038818,0.3797989,0.24351534,0.21066096,0.27902558,0.2437793,0.2627829,0.21266885,0.2623081,0.23423544,0.16896491,0.19715215,0.19895178,0.2609542,0.17612778,0.2620024,0.146532,0.25137705,0.20444997,0.22636116,0.12780748,0.14531237,0.18951893,0.16159572,0.15773776,0.17055656,0.16101024,0.2786112,0.1740634,0.2528268,0.16173518,0.36615825,0.20188113,0.17221433,0.24584687,0.09409192,0.2160824,0.17946468,0.15436058,0.12425476,0.18265629,0.1573513,0.1526886,0.15728337,0.15634105,0.12928888,0.20896728,0.11749555,0.107363746,0.08026979,0.1369735,0.06931572
200012,1.133312,0.85556215,0.7361107,0.86809283,0.44261867,0.5383529,0.7456642,0.71290106,0.5742521,0.49412227,0.64148825,0.5070802,0.48426557,0.4253714,0.5845665,0.47927943,0.64614326,0.47500107,0.39313453,0.58532566,0.6008629,0.4440486,0.3742444,0.4424333,0.5030428,0.38414145,0.39559287,0.53161865,0.54369515,0.2952448,0.43761128,0.46308717,0.40585956,0.35585943,0.2750138,0.33160448,0.388628,0.4548641,0.2120511,0.384027,0.32842487,0.3069751,0.23744605,0.28604814,0.30764604,0.31112447,0.28918532,0.37313867,0.31747714,0.40835387,0.3852302,0.35734242,0.2972716,0.23910987,0.3475323,0.3192532,0.3581341,0.29161417,0.2789452,0.2324298,0.23612705,0.23320358,0.33757877,0.31218556,0.2711267,0.25703177,0.29271892,0.20561312,0.36527166,0.16718021,0.2642664,0.27766228,0.14748113,0.045059577
200101,0.9306309,0.6542876,0.600946,0.65037024,0.48832318,0.4781415,0.5823398,0.6039789,0.46195826,0.40178972,0.5291173,0.4708344,0.34222683,0.40887067,0.54453635,0.39429832,0.4462976,0.438909,0.28091344,0.3467401,0.43615404,0.24497625,0.3310725,0.39060318,0.39728323,0.3856015,0.38875374,0.3302047,0.46652308,0.23884103,0.41326043,0.29245862,0.33947393,0.27587122,0.22732264,0.27998394,0.24380375,0.34791747,0.18332106,0.34545153,0.26940686,0.27374965,0.20137924,0.21474676,0.19065094,0.18979646,0.2793863,0.22730859,0.26649466,0.37991568,0.19713263,0.27245975,0.33363032,0.35056406,0.20660898,0.23840553,0.32391003,0.1726642,0.17095771,0.2512289,0.19405814,0.20548564,0.20856184,0.1656557,0.23095103,0.16561213,0.14064033,0.17862348,0.2715306,0.07667204,0.099911764,0.16699648,0.08112777,0.05777033
200102,2.0991106,1.3572028,1.4640173,1.7573642,1.2289356,1.3375133,1.5458167,1.3577187,0.88259774,1.1620809,1.3196164,1.0953119,1.1580986,1.1737024,1.3949373,1.1354886,1.1541481,1.1597664,1.1358851,1.257851,1.1311029,0.98078203,1.4223155,1.2853123,1.3307921,0.98243135,1.1622398,1.1252108,1.0557373,1.2193527,1.4820529,1.3929747,1.2845243,0.942023,1.0529864,1.0340517,0.88924694,1.0514941,0.8602256,0.8914919,1.1202034,1.1013227,0.9751063,0.80186623,1.0557097,0.8047049,0.90880394,1.0723053,0.99339324,1.1727903,1.1212262,1.0921704,1.1365939,0.3029039,0.894706,1.152424,1.1386032,0.91544414,1.2335824,0.8791744,1.0472467,1.1372752,0.9639684,1.0357269,1.0016916,1.0457822,1.0574902,1.0730965,0.7986173,0.2033971,1.0827276,0.95898056,0.22278908,0.08922046
200103,1.5249525,1.0145347,1.1057872,1.5024323,0.68238384,0.8358742,1.2633482,1.1145846,0.6881654,0.7311257,0.93051416,0.8876364,0.64214826,0.59357387,0.9434989,0.66538954,0.6544658,0.77152956,0.6251512,0.72090197,0.7336643,0.71367854,0.5254498,0.9858167,1.0807903,0.8306418,0.8130795,0.86503834,0.7503405,0.44105428,0.8359188,0.67585397,0.86100185,0.70051074,0.5632034,0.6525534,0.6058436,0.75662035,0.40017772,0.6035356,0.6155717,0.61303455,0.56100625,0.49149582,0.6560447,0.5615186,0.6579228,0.51480824,0.6874668,0.7322911,0.53918463,0.6505252,0.5852186,0.3409817,0.6412345,0.5043449,0.60359776,0.6156216,0.6460743,0.6220202,0.73638207,0.55269766,0.560205,0.48278373,0.44676542,0.67380166,0.5247125,0.4563314,0.6427718,0.26796165,0.4810754,0.46394515,0.2313831,0.08458336
200104,0.8892831,0.65569454,0.5850348,0.46713674,0.5255461,0.5851674,0.46774623,0.7227022,0.61254716,0.51660866,0.48728588,0.41088912,0.35868943,0.5036687,0.53884494,0.53750783,0.46656382,0.49425617,0.32209074,0.42658246,0.47671536,0.29775992,0.3564177,0.66101706,0.34606254,0.3604116,0.44284514,0.32338044,0.464279,0.353472,0.5513867,0.29579395,0.2996922,0.26669276,0.1885322,0.3397125,0.29227373,0.41036698,0.2451136,0.34173685,0.36685264,0.28325826,0.22328709,0.27552572,0.21473788,0.28537264,0.31463844,0.29145038,0.22792672,0.36780778,0.2820058,0.34211168,0.32595706,0.71508616,0.22812118,0.18898423,0.41315237,0.22169982,0.293433,0.17782472,0.2842701,0.20008232,0.20030233,0.22348638,0.19822313,0.24327669,0.20526853,0.20836209,0.28917181,0.15774934,0.16593854,0.19494434,0.15048853,0.08751449
200105,1.5244081,0.98463637,0.94514763,1.3737965,0.72101045,0.69087917,1.4144373,0.8534147,0.67459416,0.6324414,0.8741879,0.55661315,0.58331275,0.56663823,1.0581018,0.5477582,0.6894323,0.6921734,0.55296123,0.85925144,0.9334337,0.72608364,0.6017184,0.57785743,0.8563287,0.67063206,0.9173922,0.77929544,0.57285357,0.50340986,0.7155273,0.61743474,0.5230103,0.502716,0.566008,0.4875351,0.4834254,0.916925,0.4799327,0.54118896,0.6063076,0.47863722,0.46123004,0.44065276,0.48424467,0.5499382,0.6316552,0.44227654,0.51853585,0.44616348,0.76706016,0.578773,0.49749744,0.22821656,0.5005365,0.5097865,0.49530306,0.4591308,0.48696524,0.51970446,0.5221459,0.428911,0.37455732,0.5655515,0.542764,0.51851285,0.45934695,0.4498336,0.52137715,0.18120937,0.48148173,0.44666955,0.26432514,0.071343966
200106,1.0112479,0.8318772,0.6060264,0.6427594,0.57337964,0.6040359,0.50065136,0.7397501,0.6255203,0.4538231,0.7146739,0.5825333,0.48153946,0.531354,0.68914384,0.54075503,0.59293646,0.50691855,0.44029623,0.4231732,0.5294241,0.3547524,0.3899649,0.5637599,0.4665475,0.38694853,0.48203155,0.42894775,0.389858,0.3291958,0.5634459,0.30327734,0.3398459,0.39005065,0.3158992,0.31923896,0.26436922,0.47344276,0.22715384,0.39640135,0.38671955,0.30633718,0.26468349,0.2891293,0.30964476,0.2751987,0.3886201,0.24084024,0.33300528,0.38135827,0.19197698,0.4013611,0.39652553,0.42175543,0.23238896,0.27257088,0.45589998,0.236514,0.2641675,0.27853167,0.3470182,0.20274603,0.2407061,0.28903535,0.24897932,0.29580998,0.16683532,0.1835351,0.29667354,0.12974179,0.20406705,0.22859871,0.19029425,0.058021285
200107,0.71426046,0.6361426,0.43823758,0.46393624,0.44656026,0.512209,0.4146036,0.5925747,0.44843298,0.38713476,0.4358551,0.34514907,0.23962405,0.40789077,0.5217592,0.4383866,0.37476712,0.3581735,0.29318613,0.30061895,0.36716273,0.26444098,0.32359916,0.52530026,0.30585825,0.27813303,0.36034027,0.31629756,0.29765287,0.2639374,0.43823168,0.2163696,0.2258342,0.24171275,0.16827917,0.26211175,0.21487437,0.3507493,0.19723651,0.2646684,0.23568343,0.14526318,0.20359483,0.19797432,0.17023857,0.19520931,0.30099452,0.16811503,0.2280331,0.3286726,0.19515441,0.2631085,0.23723634,0.52535826,0.23456837,0.15060318,0.35403422,0.2118787,0.20257036,0.1610953,0.22987288,0.1499787,0.18435842,0.2031065,0.21488205,0.18884298,0.12646627,0.12545893,0.22520459,0.12704577,0.1618372,0.1762602,0.1674081,0.0512451
200108,0.95519215,0.7028912,0.54393524,0.791742,0.28250518,0.49889866,0.7152712,0.64712465,0.43672228,0.40854287,0.6706931,0.4122851,0.28400826,0.5005987,0.68429756,0.29609886,0.47797555,0.46468484,0.36286905,0.34809834,0.551743,0.40731275,0.3294996,0.46707246,0.52379334,0.3755051,0.43628845,0.5202364,0.40114263,0.26399156,0.4274766,0.29269788,0.34193304,0.32445064,0.3104586,0.30000728,0.23196912,0.4941233,0.15025672,0.3836041,0.20805839,0.26186225,0.27749544,0.26517564,0.25508606,0.3364385,0.4485993,0.19238916,0.27365345,0.43912038,0.30104485,0.3049369,0.2954176,0.44900146,0.25720724,0.19638069,0.2928134,0.2364967,0.23521832,0.27003378,0.27121517,0.20842949,0.2853796,0.26224968,0.16400094,0.23698378,0.21148218,0.18736473,0.24452123,0.14231703,0.21956116,0.2014021,0.12633288,0.06341499
200109,0.77535003,0.7214833,0.37484255,0.55599284,0.3684037,0.45830494,0.40645325,0.59069633,0.4149758,0.44529912,0.43832782,0.38949263,0.37402776,0.36822975,0.6065991,0.3233721,0.3202383,0.36841565,0.36089,0.2780293,0.60410565,0.26492235,0.23956753,0.42427278,0.31886807,0.209147,0.33219564,0.37799427,0.36677238,0.27335674,0.47848955,0.23415874,0.28328913,0.24973121,0.26937082,0.26153398,0.1539035,0.37562874,0.19728392,0.28087494,0.30337176,0.13911545,0.27751005,0.12345065,0.22702567,0.2543368,0.37287527,0.19719851,0.24888524,0.3765388,0.16332233,0.31021094,0.36250648,0.6799692,0.18908076,0.14502952,0.3599807,0.20230146,0.16807714,0.19598408,0.18965095,0.17645808,0.1788453,0.21288796,0.18061498,0.21349858,0.20343985,0.13856663,0.26682836,0.06822104,0.14416468,0.18898188,0.081180446,0.077449314
200110,0.9639903,0.89851147,0.5217997,0.60175705,0.4431947,0.44239247,0.54904926,0.5570527,0.4738437,0.4346485,0.5516066,0.4844185,0.40705913,0.6070584,0.7454403,0.33841115,0.45637482,0.49710998,0.37074247,0.4684053,0.68290937,0.3059503,0.37131712,0.49690035,0.35776174,0.30354652,0.43248406,0.4083518,0.34745878,0.32688585,0.5217168,0.32495573,0.29297265,0.2793498,0.32583705,0.25845832,0.20957245,0.4365587,0.22435187,0.26938832,0.36789685,0.29736325,0.2984712,0.30347702,0.2709958,0.27887282,0.39204678,0.22473736,0.2518116,0.41377205,0.25577325,0.35445035,0.31342313,0.88571525,0.13828962,0.23312576,0.45482013,0.22196381,0.19083622,0.17286092,0.227328,0.20063351,0.2368173,0.24958009,0.21912625,0.225076,0.18555456,0.16147181,0.24556665,0.08004027,0.17386843,0.17087854,0.11510018,0.0748713
200111,0.9426199,0.8565097,0.5631032,0.6829818,0.48787305,0.51461875,0.54137766,0.5151738,0.40423673,0.4166131,0.6434283,0.5876707,0.39844942,0.38224602,0.62348914,0.31139964,0.5594443,0.4301358,0.40597576,0.4952829,0.7669077,0.25633988,0.33187625,0.68861884,0.41480416,0.35815218,0.42658556,0.3175403,0.5099788,0.36351854,0.48396903,0.34355238,0.31745133,0.2833447,0.36036906,0.27784112,0.21661642,0.49762326,0.23352276,0.3296895,0.3098508,0.2537905,0.24303515,0.26860493,0.20512831,0.3318583,0.31571776,0.21414609,0.30799258,0.43917692,0.26540956,0.35529774,0.36506584,0.7280519,0.27789742,0.2255326,0.41039267,0.26582384,0.24861443,0.20700845,0.25475672,0.20369205,0.2060439,0.24713239,0.26970768,0.29109326,0.23973234,0.18578985,0.2544351,0.13035424,0.17580238,0.20416507,0.10102643,0.06491913
200112,0.76224095,0.5148868,0.44247058,0.5714275,0.3581461,0.377528,0.47713646,0.41023993,0.33887294,0.3157241,0.4133823,0.5003003,0.34710172,0.35073924,0.5739322,0.21173348,0.50402933,0.24799943,0.21046063,0.47282416,0.74411863,0.3019079,0.2566229,0.490231,0.38760328,0.30376,0.3425002,0.2862481,0.26677808,0.26781943,0.25528288,0.31966949,0.2073144,0.19962977,0.20470701,0.20325348,0.22289848,0.4861409,0.18032356,0.2707469,0.26893318,0.23314191,0.2416519,0.17763458,0.16500252,0.3142366,0.26839826,0.27400774,0.22504582,0.3634136,0.23208785,0.25813743,0.25056493,0.36945775,0.20368968,0.27249795,0.245621,0.19521622,0.22036666,0.21011142,0.19562873,0.15070742,0.16009967,0.20501657,0.2518783,0.24524137,0.17853697,0.2109133,0.1637949,0.07568392,0.12955597,0.18292163,0.04563547,0.055065602
200201,2.0146441,1.6170646,1.0948019,1.5512223,1.1683855,1.0013635,1.3080852,1.237436,1.0329425,1.0811169,1.1418601,1.0668534,0.9475577,0.86068875,1.2340864,0.82408565,0.9749179,0.9465777,0.99547213,1.0686778,1.0923203,0.7924339,0.7014673,1.0463618,0.937071,0.8831489,0.7635278,1.0003264,0.97018385,0.74073136,1.0153173,0.90214765,0.798204,0.641893,0.71319747,0.7475137,0.5938617,0.9631043,0.63147235,0.76059026,0.8035569,0.75471324,0.7377515,0.54352164,0.66231894,0.64328563,0.67390114,0.6356697,0.789366,0.6635166,0.72168857,0.9471095,0.6694901,0.7196879,0.52309465,0.64235735,0.7986772,0.59312004,0.6566972,0.5402947,0.7380189,0.6576392,0.5884814,0.75420594,0.5705727,0.6844699,0.6336171,0.5692684,0.7612075,0.21379389,0.49262828,0.61295265,0.19095044,0.120589934
200202,2.1048472,1.5849932,1.0470593,1.4728888,0.931788,1.1062857,1.3056546,1.1888633,0.9484236,0.967945,1.2509758,1.0726378,1.0782889,1.008877,1.3185236,0.7962669,1.4081444,1.206059,0.950039,1.2677932,1.8783342,0.97004396,0.7585493,1.4510161,0.9518398,0.99680775,0.8656123,0.9110074,1.1468867,0.81928414,1.0433145,0.91729605,0.7637774,0.62572414,0.79144937,0.7690023,0.5385531,1.0352459,0.49993363,0.8844233,0.74037457,0.73421913,0.6597048,0.5697305,0.8504776,0.688145,0.82113874,0.5647138,0.69621605,0.8922448,0.67126834,0.77817994,0.796281,0.4699869,0.7105698,0.6603616,0.89085907,0.725808,0.65658385,0.61006653,0.7363398,0.6364067,0.61840713,0.8187484,0.66934854,0.52919245,0.64285374,0.59192103,0.6305566,0.2647661,0.55512875,0.6975398,0.24194725,0.14200151
200203,3.9193509,3.2199268,2.9965982,3.1632202,2.9947724,2.907741,3.1341133,2.4367077,2.6360786,2.809183,2.7292788,2.6164217,2.833513,2.8754041,2.6780493,2.9794412,2.3800833,2.9169953,3.1150823,2.9454706,3.0991578,3.057276,2.9795065,2.4794104,2.6967604,2.9000192,2.9544506,2.846621,2.6011872,2.9599519,3.0186968,2.7809677,2.8641005,2.5245419,2.7238994,2.505292,2.5241787,2.4280093,2.475661,2.4026828,2.7342896,2.5375202,2.662686,2.0204415,2.553677,2.177741,2.4507124,2.5414937,2.5695174,2.8335183,2.7282119,2.59532,2.5381296,0.3184523,2.163583,3.0140557,2.8456042,2.7097056,2.9099123,2.7276871,2.7935216,2.78855,2.7719588,2.628577,2.5968995,2.5960689,2.8585126,2.6496363,1.6609588,0.2725207,2.816343,2.6415234,0.2895157,0.11541316
200204,1.4683815,1.1730249,0.64273125,0.8762792,0.6769716,0.85961366,0.7651084,0.9161129,0.6920132,0.55371916,0.84626895,0.7730689,0.53482264,0.66148776,0.846985,0.531348,0.83900684,0.63263357,0.57354134,0.7469443,1.0470939,0.43661615,0.548347,1.14932,0.5756795,0.5052112,0.70559746,0.5914124,0.56852096,0.5012049,0.62537956,0.5171691,0.56587636,0.363447,0.57250714,0.4187172,0.4027175,0.66847456,0.4126736,0.44512752,0.43174925,0.5347444,0.46790266,0.50891817,0.38320214,0.43279052,0.57043666,0.35615426,0.45691922,0.4692018,0.42334324,0.44904593,0.47438306,0.53338176,0.4335886,0.4036541,0.5213589,0.40115815,0.46033242,0.34226346,0.47450754,0.3869116,0.4366557,0.45377183,0.296512,0.35953182,0.35798493,0.30585644,0.5197274,0.17112574,0.2107386,0.30246785,0.19628629,0.14500843
200205,1.5707133,1.3686677,0.63515884,1.1091142,0.8257063,0.9828334,0.7683734,0.93142056,0.844812,0.6445379,0.97588646,0.8837428,0.6930255,0.73666346,1.0737057,0.604437,0.8486245,0.81078446,0.67023844,0.797344,1.2328342,0.5525006,0.5950534,1.1772609,0.55720335,0.6805537,0.8015333,0.55184424,0.82004094,0.59453595,0.7430591,0.49386737,0.53402054,0.45034575,0.6119381,0.49414656,0.5323534,0.6912906,0.44839326,0.5893625,0.59239316,0.70474446,0.54576576,0.45713705,0.57815874,0.52465177,0.66959465,0.5246624,0.4282839,0.6012351,0.5664019,0.49854338,0.48678464,0.5208668,0.50782365,0.49443242,0.5523366,0.50589097,0.5367347,0.3896364,0.46967152,0.37129715,0.4318521,0.48441064,0.45207015,0.43472362,0.3774011,0.26505753,0.56199133,0.213187,0.32635924,0.4501879,0.17544585,0.12656821
200206,2.1574028,1.7149779,1.2183763,1.5257487,1.0296825,1.2644343,1.4051613,1.4672844,0.8965503,0.9240864,1.1856291,1.0744665,1.034264,1.0191708,1.5441625,0.83226776,1.2863559,1.2236634,0.96639156,1.2862775,1.8950076,0.9187179,0.85974145,1.2126441,1.1181155,1.1124777,1.1426036,1.315218,1.1159865,0.7519271,1.0717201,1.0513657,0.8965578,0.74538285,0.82861495,0.85564935,0.69660217,1.1328951,0.6266131,0.8715524,0.8729989,0.75612724,0.77011573,0.69405323,0.7418891,0.61007786,0.76972634,0.599137,0.64188397,0.7412636,0.96439224,0.80626595,0.794975,0.41881612,0.7450088,0.5634892,0.7966037,0.7088468,0.66103303,0.6833199,0.66307,0.73127234,0.71153134,0.7661063,0.6263996,0.75326765,0.72236335,0.5495646,0.568357,0.21059962,0.5040676,0.6285119,0.24512106,0.118735544
200207,2.9754233,2.3344412,1.3396847,2.2791817,1.2279387,1.5057229,1.9560673,1.5295801,1.3674629,1.5483756,1.6687261,1.4205813,1.4546111,1.3045117,1.8697541,1.2595959,1.5870452,1.6498132,1.5716774,1.8332673,2.185328,1.6298869,1.3987131,1.5353969,1.4727938,1.4253019,1.3167675,1.5303793,1.608393,1.2370025,1.4474995,1.4243878,1.2945635,1.1267052,0.9869,1.3207283,1.1699114,1.461038,1.0551025,1.0742338,1.2610074,1.26633,1.212794,0.96064013,1.25603,1.1040456,1.1718146,1.0316546,1.137166,1.1907847,1.1188036,1.3227346,1.3235039,0.3057495,1.1760368,1.2308326,1.3362553,1.0731044,1.2562835,1.1764691,1.216783,1.2285982,1.146065,1.0144229,1.2482744,1.0758283,1.1355103,1.028945,0.8229863,0.33235422,1.1537781,1.2653167,0.24696232,0.13350673
200208,2.2239132,1.5186791,1.1836385,1.5517288,0.80922526,1.1493657,1.2103008,1.1650409,0.98740435,1.0196141,1.2356896,1.0662593,1.0181577,0.9157328,1.4171228,0.8334326,1.189336,1.083909,0.80448663,1.1458663,1.6542548,1.0722852,0.7627171,1.2006501,1.1713042,1.0428311,1.0334135,0.9684447,1.0256817,0.7418866,0.9797943,0.91315633,0.76573926,0.8083449,0.82757205,0.80920345,0.63170975,1.009181,0.65926975,0.7750977,0.8339782,0.76423544,0.6918562,0.5947639,0.88642424,0.65937036,0.77249694,0.8098883,0.72866976,0.7743929,0.79183286,0.8846636,0.74324524,0.2630592,0.5149899,0.687049,0.80152833,0.716828,0.87310606,0.59306806,0.80694795,0.67015237,0.77620006,0.75888824,0.612648,0.68217206,0.67497396,0.5239113,0.7193387,0.24433953,0.5380724,0.5608546,0.24113713,0.13144785
200209,2.0717978,1.5832876,0.85300803,1.3770436,0.8967208,1.087201,1.2497727,1.1061001,1.0145905,0.8901211,1.0220163,1.1115723,0.8754555,0.6300523,1.379816,0.7691806,1.0906956,1.0264723,0.8844724,0.95132667,1.4458154,0.685657,0.808784,1.3255389,0.8567654,0.72298634,0.83295965,0.8575145,0.8428403,0.66686577,0.98043704,0.73211676,0.7105154,0.6284373,0.70249426,0.6401474,0.66746104,0.8514958,0.6260222,0.6303574,0.7254465,0.7311023,0.6982833,0.6346908,0.70659465,0.6711898,0.74359983,0.48118424,0.55164206,0.6707411,0.7180596,0.7926298,0.6095181,0.346879,0.63403904,0.5792857,0.782673,0.6336579,0.5650631,0.5348928,0.56176186,0.47662467,0.5373531,0.6921142,0.53604347,0.48487157,0.5619085,0.5200113,0.6791586,0.23935886,0.3688484,0.43355834,0.23052078,0.1805874
200210,2.8647392,1.7362638,1.1267331,1.8492945,1.1521496,1.5923855,1.5362877,1.3322569,1.1167384,1.2883744,1.3931017,1.2858179,1.1072601,0.92780685,2.0677788,0.9369696,1.3211659,1.2239709,1.2000057,1.4162453,1.8714644,1.1909432,0.89040524,1.654363,1.3351624,1.1317388,1.4599785,1.481847,1.1763433,0.76493776,1.122633,0.97081697,0.94919103,1.0603366,0.88444877,1.1266955,0.7229314,1.3878316,0.71286184,0.9405071,0.8143044,0.8382828,0.7056529,0.8780857,0.8840745,0.7498683,0.95094645,0.9480137,0.83472496,0.7766423,0.8310445,0.8474303,0.999325,0.35040176,0.8953368,0.74590266,0.83885497,0.96070874,0.86665016,0.8458472,1.107779,0.7658725,0.8809054,0.9450429,0.8345419,0.7668055,0.7985619,0.7609623,0.7823811,0.23722734,0.7921157,0.78962827,0.27615637,0.24391252
200211,3.9489639,3.3579354,2.9054036,3.2390466,2.7874918,2.931733,3.3627145,2.5416899,2.727332,2.7110353,2.5433335,2.7178535,2.714232,2.7639577,3.0295494,3.0330632,2.459393,2.9019606,2.9353368,2.8177135,2.8740804,2.9465215,3.0342772,2.38064,2.761077,2.9084506,2.9879284,2.8071215,2.6153243,2.9818063,3.1722388,2.796864,2.7923594,2.6360893,2.7563195,2.5737386,2.7133243,2.7813547,2.4437091,2.4255893,2.8096626,2.575088,2.861272,2.086502,2.6342676,2.1185498,2.5468175,2.5895264,2.6380317,2.8587413,2.847214,2.7314327,2.7980232,0.4069667,2.3449419,2.8002982,3.0206373,2.6768827,2.9925077,2.5575333,2.6966963,2.623872,2.6838958,2.6031926,2.612345,2.7828798,2.881321,2.8211539,1.8596838,0.36130103,2.7834568,2.7650254,0.23629719,0.14078191
200212,1.7962234,1.3411182,0.8787693,1.3435646,0.5903727,1.1323493,0.97370017,0.98052585,0.9200151,0.8918979,1.0995697,1.0622214,0.7128685,0.7883768,1.1977677,0.671427,1.1210711,0.919189,0.74541014,1.373738,1.3891302,0.73054266,0.6858535,1.1913388,0.9124901,0.7099201,0.79986435,1.0048734,0.86669046,0.624198,0.8263722,0.67042524,0.5829034,0.82067084,0.6889795,0.75851697,0.67254746,0.8094839,0.6095045,0.84897035,0.7152569,0.6587247,0.6074805,0.4789158,0.7210719,0.54700506,0.77514696,0.5026865,0.64028454,0.69092464,0.4949488,0.6369247,0.68783844,0.3062785,0.52065206,0.55005085,0.7618531,0.5793859,0.5443328,0.47132093,0.75604624,0.5615715,0.49355778,0.6380905,0.5192768,0.68046135,0.49503875,0.5356538,0.58933157,0.16094951,0.36217168,0.55739343,0.20414811,0.09894448
200301,3.0150688,2.0515792,1.4828322,2.179482,1.2944694,1.7366695,1.8883756,1.5756131,1.5185282,1.425782,1.7320328,1.3470842,1.5027882,1.2977813,1.8943334,1.2820231,1.6731982,1.421341,1.6211987,1.898313,2.2261214,1.3435192,1.359599,1.5444529,1.6706898,1.4999095,1.5918651,1.4107451,1.6425083,1.2310598,1.4865099,1.3251182,1.244482,1.2150271,1.1120291,1.2073599,1.1815977,1.446071,0.9698153,1.2936475,1.3334904,1.2442418,1.16353,1.0745416,1.1710886,1.0224243,1.2193555,1.1374496,1.1462864,1.1315627,1.2011918,1.2430708,1.1007448,0.26122707,0.89247435,1.1165204,1.2650776,1.1979529,1.2553684,1.0270106,1.1802368,1.0539237,1.0529394,1.223794,1.0727757,1.137769,0.90089786,0.9499033,0.9812589,0.4049814,1.0880122,1.1265911,0.32703346,0.21349305
200302,2.8899252,1.9451096,1.4943653,2.230395,1.3067535,1.6012224,2.0258489,1.5746859,1.4413035,1.4201082,1.4772724,1.466846,1.3563106,1.3201221,1.9840112,1.2555541,1.588175,1.5703424,1.2764702,1.8989474,1.61928,1.6035023,1.2763609,1.4115149,1.6726067,1.3841094,1.4076434,1.5024059,1.4718889,1.1871314,1.3424613,1.2968112,1.1914389,0.9881635,1.1291364,1.1872171,1.0751768,1.2091513,1.0239377,0.9865434,1.2841676,1.1345193,1.2477077,1.0614685,1.2158363,1.1178218,1.071744,0.8522656,0.9791024,1.1096201,1.1449848,1.1845827,1.1904063,0.24657314,1.0310241,1.1439303,1.3204648,1.2163885,1.181192,1.0568658,1.1971717,1.0979695,1.2269378,1.152505,1.1353832,1.0838382,1.0671238,1.0094008,0.8219895,0.31097525,0.99647987,1.1769096,0.32950735,0.17085776
200303,1.7908008,1.3223022,0.7030364,1.1475748,0.7973327,1.1775383,1.0336301,1.0166734,0.9816797,0.83301336,0.9190052,0.89391726,0.64899844,0.73755443,1.1977669,0.7975124,1.0867085,0.6724203,0.5935542,1.0756078,1.2136028,0.56737226,0.6760562,0.9528701,0.86042684,0.65963656,0.79392064,0.92336476,0.808477,0.58563286,0.8674421,0.7210543,0.6211497,0.5692346,0.6750988,0.72825646,0.5326111,0.9298467,0.47363105,0.64824915,0.5839358,0.5754903,0.6075827,0.52356654,0.6290174,0.6035382,0.6955397,0.5068686,0.52166724,0.61835426,0.5904807,0.58060795,0.5661766,0.25278866,0.62118244,0.5203486,0.7020929,0.48921272,0.5185117,0.4422195,0.6893565,0.42032534,0.5156478,0.5300576,0.5211071,0.3965836,0.45507744,0.3546001,0.5761072,0.2032026,0.4565167,0.47637302,0.16423748,0.14021869
200304,3.073751,2.0021868,1.4431187,2.1296663,1.2492962,1.7448217,1.8120288,1.3988546,1.349777,1.4583614,1.8254272,1.6067907,1.4739047,1.5093048,1.7316759,1.4066615,1.6345085,1.6153476,1.6603453,1.9019642,2.13702,1.2970256,1.3179458,1.585275,1.860604,1.4211589,1.3816395,1.4359465,1.4306521,1.2809808,1.387397,1.3557146,1.1186357,1.0501733,1.3120223,1.3276836,1.1835054,1.4907062,1.1033695,1.1141355,1.2734424,1.2101183,1.1755093,1.0175549,1.3996959,1.0227315,1.2348456,1.0362649,0.94928753,1.1657144,1.236671,1.1263378,0.9421545,0.23597448,0.9378789,1.2339426,1.1682621,1.0729191,1.0618001,1.1665902,1.3076153,1.02986,1.1811225,1.2877841,1.2437235,1.1461593,1.1674092,0.9877915,0.8450735,0.28229633,1.2356664,1.2220956,0.29302377,0.14127782
200305,1.6372967,1.2353494,0.69549197,1.3002958,0.8102633,1.0524905,0.9672644,1.0765755,0.88866544,0.69007593,1.1039273,0.9826419,0.8067874,0.68499017,1.2552441,0.6464568,1.2519373,0.72640115,0.7402486,0.9963198,1.2741374,0.67564756,0.6752815,1.116123,0.78948724,0.71371603,0.7970279,0.79463136,0.69614214,0.59111494,0.78685707,0.59561217,0.56237245,0.56526417,0.6185121,0.6153712,0.5616748,0.74046814,0.5749233,0.65970814,0.60291827,0.4984271,0.5381115,0.58494765,0.5436337,0.63934094,0.73184663,0.55351275,0.487424,0.48352733,0.6295151,0.6222016,0.6594893,0.23171853,0.46673483,0.42800918,0.6438751,0.53159237,0.48706904,0.4301535,0.62199146,0.41945094,0.49966606,0.5724275,0.53560936,0.51614237,0.47988775,0.38213003,0.55036914,0.17747624,0.37552646,0.45664826,0.23394482,0.12924016
200306,2.0022082,1.4832736,0.8980666,1.3234717,0.9412436,1.2091416,0.9996904,0.91432685,0.9584681,0.79967767,0.9597072,0.7948458,0.8595315,0.7818776,1.2656016,0.72829753,1.171589,0.87855846,0.73709023,1.1554438,1.5562447,0.6590208,0.5657278,1.0548818,0.9934708,0.8720382,0.8278098,0.8988194,0.66847575,0.6282548,0.80100065,0.7823242,0.61627126,0.5895962,0.5883117,0.6949933,0.5305693,0.75823385,0.52311903,0.7238936,0.69734526,0.5658006,0.606357,0.6629742,0.6846814,0.5882651,0.8412499,0.4795993,0.49529842,0.66542417,0.70361304,0.74463177,0.57872534,0.28262022,0.54608613,0.5587759,0.6565324,0.6531943,0.6085275,0.47567856,0.75256485,0.5505809,0.5709713,0.7298273,0.51630884,0.58549136,0.45507202,0.38622436,0.5895975,0.22010207,0.38469577,0.4680785,0.26841703,0.13574824
200307,4.721566,4.4493823,4.133346,4.2566,4.3158402,4.183403,4.593045,3.7218957,3.9331796,3.9824,3.798833,3.8824477,3.928062,3.9098904,3.9771829,4.4174385,3.6422684,4.3387723,4.364941,4.1375546,4.2515817,4.280239,4.3400855,3.6454208,3.839454,4.384509,4.1056657,4.2914944,3.670005,4.354816,4.3022513,4.3190804,4.2789764,3.6534114,3.9868042,4.0470324,3.6973062,3.5460188,3.9752998,3.507263,4.1481676,3.8538728,4.1695356,3.137955,3.9080105,3.3113356,3.872911,3.9197502,3.7798035,4.3750405,4.1748443,4.0497646,4.2467775,0.3202593,3.6329598,4.141482,4.2358055,4.023541,4.2591276,4.066679,3.923523,4.124211,4.2167315,3.9781559,3.7504015,4.099235,4.274229,4.064746,2.8936672,0.21805681,4.114097,3.9364033,0.19835706,0.1326958
200308,3.0119739,2.099592,1.4089808,2.1319716,1.5983577,1.7186345,1.8954941,1.5643389,1.3001744,1.3040452,1.7151153,1.4570131,1.2599598,1.27836,1.9502907,1.2875394,1.69118,1.4268312,1.5125895,1.8885958,2.288973,1.5885439,1.350343,1.907809,1.8184334,1.5446919,1.4156353,1.6396321,1.1136011,1.3336097,1.5024593,1.1396819,1.2058471,1.2443682,1.1466366,1.3808331,1.2761145,1.4425527,1.0639428,1.2127149,1.4752913,1.0830644,1.1856765,0.999562,1.3106103,1.1436603,1.4514786,0.96627074,1.0400189,1.1801867,1.385488,1.2786708,1.1365275,0.36256856,1.03566,1.0960604,1.3137572,1.1900537,1.1595873,0.9979864,0.99685913,1.0837042,1.3187178,1.0785892,1.1968623,1.1584775,1.0747392,1.0504172,0.98573536,0.31910592,1.0924203,1.1255437,0.28746936,0.1578238
200309,7.458949,7.7757754,7.0944624,6.5938497,7.5348005,7.139073,7.470495,7.289072,7.1801805,7.4488463,6.8346133,7.0569654,7.2066636,7.3086095,7.3400273,7.2298503,6.29097,7.4145184,7.6240644,7.05727,6.6177816,7.0898905,7.891319,6.619089,6.468563,7.152221,7.1089077,7.2320013,6.428639,7.9025736,7.1514115,7.864659,7.562249,6.758262,7.1768465,7.823676,6.635268,6.8107433,7.168642,6.757425,7.378082,6.805213,7.5521035,6.4737206,6.7265058,6.8223634,6.9112206,7.051765,6.7546654,7.4672627,7.322575,6.9729943,7.613723,3.6202388,6.8845577,7.2470746,7.391982,7.1219497,7.241984,7.2606974,6.7738466,7.510875,7.4534736,6.9661083,6.592107,7.2782874,7.614321,7.2189612,6.935433,5.244005,7.495918,6.9159436,5.247486,0.78957367
200310,5.9654093,5.922607,5.3940344,5.17289,5.9668117,5.5940704,5.787995,5.2686505,5.4327497,5.584198,5.2605333,5.2944307,5.3202715,5.415022,5.4923086,5.7070704,4.768098,5.7674265,5.862976,5.22564,5.323726,5.522933,6.066971,5.0230155,5.2435937,5.60965,5.5002146,5.569012,4.8373675,5.9528513,5.6057386,5.8807573,5.8643694,5.142835,5.48836,5.736354,5.082521,5.0095797,5.417362,4.901947,5.7592254,5.1537156,5.615599,4.5979886,5.2014346,4.9203978,5.1799006,5.2627892,5.05792,5.7978888,5.6951256,5.274058,5.8102627,0.2258445,5.0687017,5.5799327,5.72553,5.5654993,5.7421927,5.6133747,5.157051,5.729103,5.584762,5.3441534,5.0924783,5.5567503,5.7962565,5.451473,4.8581324,0.39342532,5.659882,5.3368897,0.508333,0.07254534
200311,3.9175587,3.156445,2.6988971,2.9420588,3.0133324,2.9871569,3.1288373,2.7908976,2.4406152,2.6443942,2.564881,2.3157718,2.5779326,2.7250717,2.8600426,2.8672051,2.4356325,2.8471534,2.8180184,2.7782152,2.9001446,2.8517306,3.002106,2.466599,2.8048186,2.8042653,2.8817406,2.7737167,2.6138952,2.973019,2.9565556,2.7277374,2.746711,2.3963861,2.4216144,2.5167632,2.4865422,2.3136172,2.3448594,2.2013347,2.717208,2.4790025,2.5832078,1.9500095,2.5267918,1.98114,2.4661753,2.4276853,2.3068895,2.6494918,2.6794415,2.635834,2.5554655,0.49490505,2.1841984,2.6031785,2.9176235,2.6891768,2.8193278,2.693573,2.5808153,2.683965,2.6422353,2.3794928,2.3888576,2.5897915,2.6361692,2.4572933,1.573506,0.39824924,2.6209757,2.6170304,0.39833596,0.23705456
200312,7.5642548,7.7713437,7.0776033,6.6332006,7.511124,7.17949,7.526568,7.227085,7.2369547,7.54438,6.7735567,7.056063,7.11885,7.3048115,7.378525,7.3170996,6.3318677,7.629933,7.594859,6.9485617,6.560979,7.0681634,8.009344,6.6008863,6.442617,7.168705,6.9715023,7.260965,6.3929234,7.9346323,7.1551037,7.9456086,7.466475,6.8050375,7.2015324,7.7461295,6.6491857,6.9349318,7.162214,6.779189,7.503823,6.771402,7.4156895,6.3457704,6.7836533,6.891899,6.906592,7.213767,6.8238864,7.4946446,7.254498,6.9728637,7.772339,4.1205544,6.7855935,7.2235208,7.4050155,7.1345887,7.423977,7.103424,6.6382923,7.483674,7.445012,7.0183516,6.7042923,7.339821,7.6286016,7.079144,6.946668,5.49927,7.4080153,7.0027127,5.382828,0.93390846
200401,2.6280947,2.5297856,2.1125975,2.2263212,2.4502225,2.5422945,2.4816995,2.2367594,2.2686493,2.2870317,2.375546,2.0230455,2.2039845,2.4670236,2.551478,2.6049438,2.120655,2.149857,2.4216871,2.3289924,1.966256,2.0666463,2.7242405,2.104639,2.1846588,2.3632562,2.148265,2.0387752,1.8552834,2.9017138,2.7215333,2.5294223,2.4471595,1.938786,2.3570333,2.14484,1.8439863,1.9169958,2.052086,1.9182627,2.1725585,2.1955569,2.1105628,1.8508986,1.8784614,1.9412118,2.0441487,2.0108442,2.0481544,2.0222704,2.2437043,2.213709,2.1512828,0.22222525,1.9041313,2.422562,2.4885097,2.1696153,2.3387494,1.803008,2.0312736,2.4194057,1.9815198,2.2984674,2.124624,2.2714634,2.2008824,2.1924345,1.5835518,0.16715737,2.2841413,2.0093877,0.18477964,0.092232406
200402,2.2468493,1.5145918,1.1107823,2.0034254,1.212278,1.6165977,1.7085123,1.2953204,1.233419,1.2485174,1.042143,1.1086348,0.99143517,1.0032808,1.5404104,1.2005432,1.2382718,1.3919063,1.2002431,1.2238995,1.7310812,1.150507,1.2281587,1.2951982,1.2358315,1.3225805,1.2996886,1.3321061,1.0505449,1.2645209,1.2614492,1.1910554,0.9073844,0.93132037,0.9649479,1.0050299,0.9175075,1.1627429,0.839232,1.0767639,0.96027696,0.9028107,0.88337046,0.81735957,0.87296623,0.8706747,1.0638719,0.8220615,1.0066255,0.95818645,1.0829606,1.0858872,0.9619887,0.39964068,0.75112355,1.0722111,1.2722125,0.9934382,0.7950232,0.96023446,1.0866381,0.97784764,0.9144455,0.796153,0.959713,0.88549525,0.85075545,0.84304255,0.6814493,0.23288019,0.8387171,0.99204767,0.25254261,0.20823742
200403,1.264667,0.8127869,0.47547445,1.0541842,0.58268094,0.9353215,0.76510453,0.75087196,0.6841309,0.66542196,0.622602,0.49115476,0.31198406,0.33257475,1.061406,0.48666766,0.6827363,0.6042245,0.42927292,0.47733763,0.9193861,0.40676492,0.36536184,0.79404503,0.63950366,0.4010595,0.53743404,0.5756258,0.48849875,0.30687657,0.42511508,0.5005682,0.3733577,0.30735144,0.34644333,0.47209764,0.37249342,0.61498654,0.268904,0.43710002,0.46503836,0.48137632,0.38401926,0.33893332,0.43559596,0.38756612,0.51193696,0.3090145,0.30440181,0.2935739,0.4294332,0.39282912,0.5065229,0.289295,0.19448514,0.302546,0.38156286,0.36929378,0.24473484,0.32525966,0.33271188,0.26022345,0.3357099,0.3090122,0.33462146,0.26172182,0.27886677,0.23050313,0.3268028,0.15054907,0.24204938,0.39295152,0.12504071,0.13959801
200404,1.2181455,1.0527326,0.6354506,0.9043123,0.7541956,0.9105656,0.8062548,0.9025284,0.83512706,0.77143955,0.7011775,0.8021213,0.46523944,0.5282312,0.8903358,0.45874476,0.84559524,0.68391025,0.5740232,0.63354886,1.0650055,0.5341766,0.38392565,1.0313019,0.5767872,0.46770796,0.5891815,0.7290702,0.62293386,0.36556226,0.6032765,0.4720377,0.47703633,0.39315394,0.40313405,0.5959384,0.26592472,0.47922128,0.4435638,0.4235744,0.5084245,0.3442907,0.4256914,0.51451916,0.37013265,0.4012521,0.4041503,0.4133293,0.33584192,0.46969226,0.40875068,0.54815865,0.43109465,0.32430816,0.28810182,0.38536385,0.4742559,0.37179834,0.31605545,0.3621031,0.4084565,0.35989097,0.3534282,0.52734584,0.31011587,0.29893506,0.37830994,0.29119077,0.51027423,0.14961542,0.26768968,0.34258974,0.14554355,0.13702786
200405,2.4672132,2.0655186,1.4681749,1.9164696,1.6612542,1.8848962,1.9132696,1.6286778,1.4555836,1.4100053,1.6342604,1.5071474,1.4190927,1.5161896,1.7790618,1.8561245,1.3850539,1.4935704,1.7120559,1.7439724,1.8477365,1.5022026,1.7859025,1.3994598,1.6743542,1.5279856,1.7773441,1.5180411,1.2510464,1.9550124,1.9077863,1.5308421,1.5457202,1.2760662,1.3299792,1.2273386,1.3852181,1.3606148,1.2212616,1.329764,1.473162,1.3271573,1.256438,1.1804209,1.3251967,1.2684659,1.2464881,1.2201345,1.2178919,1.4298669,1.3402661,1.4744991,1.3318704,0.26999968,1.096168,1.5535696,1.8916757,1.3842582,1.439987,1.3283072,1.3891823,1.4098564,1.3148909,1.3877783,1.5059326,1.2633357,1.3756114,1.4197993,1.0903102,0.18697187,1.5464292,1.4085759,0.17815943,0.12531395
200406,2.2274005,1.4031783,1.2486244,1.5960599,1.1370685,1.3476931,1.5140697,1.6247716,1.1213292,1.2705517,1.1055071,1.0255512,1.0392364,1.1324725,1.4326245,1.2975838,1.1427732,1.2246436,1.0782473,1.2983714,1.941772,1.2022481,1.0874213,1.2616299,1.0328399,1.1064873,1.3847718,1.2855833,0.9189602,1.1740429,1.2443802,1.1495261,1.1349516,0.873574,0.9587741,1.0117154,0.96884763,1.2599789,0.83115727,0.8570184,1.1124656,0.9651344,0.77332973,0.7405112,0.989897,0.85057455,0.9305436,0.74835783,1.0000935,0.9147375,0.9514055,1.2349893,0.8914965,0.41852862,0.7026327,0.9387943,1.2320361,1.0375088,0.99506944,0.97808784,0.9304303,0.9999991,0.7240254,0.86666554,1.0535595,0.98352695,0.7535145,0.8803879,0.78712875,0.29804686,0.8242271,0.9778359,0.24110682,0.10602788
200407,3.4740193,3.9004452,3.3618813,3.2921064,3.7260313,3.6700878,3.5560353,3.7701857,3.3688266,3.6307287,3.633773,3.4796247,3.8430867,3.5451155,3.5521183,3.7713492,3.5264416,3.4129608,3.6202652,3.5988984,2.8750062,3.0281878,4.009739,3.496155,3.3238568,3.4198992,3.2058384,3.0872717,2.807775,4.187906,3.8763885,3.9864173,3.8635702,3.2094674,3.6003315,3.6371775,3.1359403,3.120917,3.3541057,3.1070154,3.5033307,3.2073438,3.4126527,3.381909,3.080798,3.5407128,3.250526,3.178923,3.199435,3.1456022,3.2838576,3.410058,3.329796,1.4041634,3.1717694,3.8460848,3.594746,3.577057,3.5331974,2.9175982,3.0648284,3.9137764,3.4199245,3.8532553,3.4495947,3.6417592,3.3931286,3.4943285,3.3324313,2.2384956,4.0056763,3.1729712,2.0336955,0.13251798
200408,1.7829236,1.1421884,0.8343871,1.2412716,0.7119014,0.99087375,1.2901601,1.2369478,0.710371,1.0269958,0.93732184,0.68793666,0.6366602,0.6351325,1.0907645,0.5472162,0.9645517,0.99804956,0.61509347,0.9589259,1.5619527,0.85758054,0.5858351,0.9231638,0.8186669,0.66712034,1.3334553,0.7322081,0.749421,0.5891137,0.76174915,0.74614257,0.5822905,0.58833253,0.41614622,0.8643126,0.5255144,0.721714,0.46282,0.6220975,0.6876672,0.652482,0.5207735,0.54066944,0.61727107,0.7257479,0.8032612,0.46859053,0.6422227,0.6729253,0.61143506,0.5958579,0.5050321,0.5660366,0.47703063,0.5746345,0.6190264,0.42432693,0.47450843,0.53781855,0.541606,0.5301826,0.5205258,0.5879936,0.61796385,0.39074942,0.47744218,0.4767319,0.6989758,0.21446793,0.5254227,0.68549323,0.25189224,0.08548856
200409,1.348435,0.8797853,0.649205,1.4142116,0.47937652,1.1113377,1.0195358,0.87091094,0.6457228,0.79968023,1.0109178,0.72336674,0.52226305,0.42938766,1.102446,0.45744717,0.9356665,0.7763407,0.5926695,0.7713429,1.5346442,0.7269888,0.4884159,0.8952685,0.7107006,0.69688416,1.0150993,0.8445785,0.81771773,0.41678333,0.5198501,0.7041543,0.56494486,0.55555606,0.41451308,0.55898476,0.5251643,0.63143873,0.4568869,0.65044546,0.6046502,0.4709243,0.3803455,0.4630329,0.6144828,0.535954,0.6870816,0.3177629,0.39030087,0.59374774,0.5304647,0.6653998,0.46930605,0.31817538,0.39907333,0.47906098,0.5256714,0.44391987,0.5095249,0.3791127,0.5057037,0.40880018,0.41123348,0.48909345,0.5194043,0.4646577,0.29762504,0.32340285,0.65416557,0.16693226,0.35644066,0.35634997,0.13639429,0.084712
200410,3.3842475,3.8437507,3.31974,3.2314658,3.7771618,3.6444938,3.4564955,3.751651,3.4453335,3.5351439,3.721098,3.4009194,3.571433,3.5866892,3.521553,3.7187963,3.5050664,3.4524605,3.6368542,3.4516551,2.778338,2.9814296,3.9496584,3.3227098,3.2541778,3.426814,3.2702494,3.162818,2.862109,4.2649946,3.8288922,4.1665463,3.6655452,3.056515,3.5542765,3.6490386,3.120635,3.1522624,3.3743079,3.1413817,3.6241047,3.2132406,3.3420653,3.3739367,3.285477,3.5211604,3.279556,3.1432848,3.3478203,3.1645637,3.3005853,3.4600692,3.4002154,1.5167481,3.3095937,3.7039902,3.5873165,3.4962752,3.4954684,2.933052,3.053984,3.9471674,3.463263,3.7141101,3.5958197,3.6987169,3.4817889,3.4545846,3.311502,1.9769534,4.039563,3.212209,1.3626928,0.11843907
200411,3.4752572,3.8979383,3.3792427,3.2286108,3.7959385,3.6866074,3.3618577,3.8192487,3.4326177,3.624988,3.716095,3.460464,3.6349852,3.5116549,3.5672524,3.7882507,3.4714944,3.4091856,3.6600153,3.407375,2.8559272,3.006421,3.9861128,3.3775072,3.2044768,3.4545567,3.3056228,3.1326928,2.9674842,4.24178,3.799789,4.1657224,3.6828115,3.0758865,3.6704376,3.723996,3.0265791,3.1272695,3.2906551,3.1334968,3.4872272,3.3596857,3.5422678,3.3444755,3.1445317,3.6748297,3.2241402,3.3477843,3.17992,3.105872,3.412476,3.4153514,3.5340471,1.6434665,3.3698745,3.8076687,3.6473663,3.5010645,3.4778883,2.8786101,2.9623768,4.0444365,3.4114616,3.8118753,3.4812548,3.646559,3.440577,3.4258342,3.3109124,2.3643534,4.060284,3.1616867,1.9640783,0.17265639
200412,3.2220044,3.3699694,2.766394,2.9171028,3.2335408,3.326361,3.1189137,3.1295128,2.890038,3.0083966,3.0729604,2.8578668,3.0639865,3.035094,3.0053225,3.3162441,2.9943821,2.9194324,3.182026,2.9863887,2.414872,2.6214457,3.5220668,2.7899296,2.804629,2.9184754,2.8178144,2.7394352,2.4722571,3.6700914,3.3669884,3.5511086,3.2056687,2.7515988,3.18834,2.8793943,2.5698903,2.5228276,2.8456385,2.6081436,3.0507371,2.7571373,2.8708565,2.6661775,2.7674856,2.9061236,2.7897274,2.7562535,2.7428002,2.7503707,2.9030778,2.9478226,2.781406,0.45675358,2.7640634,3.24608,3.184625,2.9382558,3.0915115,2.4480162,2.5611615,3.3317575,2.8830907,3.1647472,2.9465702,3.0694523,3.013811,2.8971653,2.7225485,0.54118925,3.3335717,2.7220345,0.8775295,0.044744954
200501,3.5220804,3.9031746,3.246071,3.3049126,3.8319774,3.7876258,3.4167674,3.8164172,3.4255326,3.6338077,3.6213448,3.520566,3.6476872,3.4952922,3.5332718,3.903685,3.4932342,3.3966677,3.7312493,3.5953875,2.8268309,3.0913365,3.865112,3.3667707,3.3577611,3.4584353,3.2468345,3.1727815,2.899821,4.335587,3.784397,4.1673346,3.6527297,3.1381764,3.6337762,3.5327606,3.02087,3.055656,3.5046482,3.222241,3.4711509,3.178894,3.323495,3.3799222,3.086867,3.478858,3.4118743,3.2333715,3.310885,3.0854752,3.3803463,3.4924488,3.4588995,1.6545038,3.1407044,3.7840674,3.7533379,3.4850132,3.565831,2.8976429,3.0422409,3.8848443,3.4649818,3.825205,3.5357625,3.6474721,3.4799678,3.387235,3.3174644,2.0545754,3.9642842,3.2626605,2.046822,0.1622824
200502,3.202479,3.3596983,2.7687979,2.7306979,3.1906989,3.2151752,2.9831197,3.185785,2.9426243,3.0958116,3.2435725,2.9135058,3.0317926,3.0507135,2.9485316,3.3405557,2.9131973,2.940227,3.1091456,3.0077555,2.3887258,2.4986556,3.4573839,2.7381394,2.9081986,2.9741828,2.9199944,2.816145,2.420958,3.7357447,3.3571537,3.395001,3.3473794,2.6551254,3.0730803,3.0313294,2.5843406,2.6577911,2.8376586,2.6494374,2.9827995,2.6959662,2.8793375,2.7032971,2.6260056,2.8702652,2.7562068,2.7496707,2.6677625,2.6162775,2.918413,3.0075862,2.856006,0.504081,2.6090457,3.138996,3.2176576,2.948214,2.9902453,2.522959,2.6021948,3.339605,2.930879,3.2452896,2.9553752,3.0003285,2.9928603,3.0164604,2.6103718,0.76072323,3.378256,2.717466,0.30016991,0.05802361
200503,3.423715,3.928834,3.2743933,3.2660735,3.8327937,3.7405038,3.4635735,3.9121964,3.4866047,3.6126819,3.7019584,3.5475242,3.538302,3.4897525,3.5826523,3.8332639,3.4623735,3.4514189,3.595311,3.5022178,2.6836026,2.979036,3.895059,3.3241708,3.2647014,3.4453213,3.1844556,3.1107388,2.8090494,4.271829,3.8372202,4.1978755,3.774407,3.0566957,3.6085968,3.5871432,3.0759227,3.0907922,3.4567533,3.162381,3.4752595,3.1446505,3.236264,3.356156,3.051514,3.6161358,3.3539755,3.2909188,3.2599592,3.1737616,3.4453678,3.5491164,3.400572,1.662848,3.2299047,3.7866979,3.5799458,3.396207,3.4439342,2.8753989,3.0385656,4.0485706,3.38137,3.810875,3.5163226,3.649725,3.4922004,3.4835694,3.3055365,2.1845834,4.0514655,3.1730318,2.1181343,0.15444136
200504,3.3622959,4.008197,3.4035807,3.379114,3.648189,3.728295,3.4921496,3.780798,3.5453598,3.7396047,3.6973686,3.480365,3.6573493,3.6483915,3.6077864,3.79798,3.6379335,3.3882494,3.7512703,3.4890938,2.8324075,3.0982969,4.008673,3.3028607,3.3333273,3.5007153,3.3733995,3.028601,2.9138675,4.3199162,3.818684,4.026694,3.7337487,3.040332,3.5479233,3.6421678,3.0750287,3.2502275,3.5380874,3.2027783,3.4213777,3.3799217,3.36377,3.312711,3.14185,3.6226768,3.326191,3.2120097,3.2007623,3.0918698,3.3906064,3.4868946,3.4533591,1.7303289,3.215888,3.6758368,3.6662934,3.3830233,3.517862,2.8631418,3.1580884,3.86226,3.3768852,3.7345817,3.4862845,3.7012544,3.5454159,3.4192972,3.4298892,2.2024624,4.028559,3.229048,1.7368081,0.16157262
200505,1.4393289,1.0305521,0.64054066,1.2245419,0.65538955,1.0283394,0.7447737,1.1012691,0.63520616,0.8519414,0.9111917,0.8233903,0.5114979,0.50258934,0.9385039,0.44366977,0.88928735,0.7439679,0.651868,0.9725857,1.4940153,0.7043334,0.43064937,0.9489607,0.6396563,0.61338896,1.0723648,0.73022044,0.52396065,0.5149157,0.735021,0.6437246,0.49981642,0.53491783,0.41401163,0.651622,0.43069303,0.66260165,0.37459958,0.5663406,0.6079924,0.4989615,0.4682473,0.53895646,0.56293887,0.5954358,0.580009,0.42821947,0.5248269,0.5467801,0.45203096,0.6441879,0.6323823,0.68207794,0.47102648,0.46466798,0.50149417,0.41458285,0.44912234,0.38454944,0.39146456,0.4509151,0.40749413,0.4722323,0.37772954,0.33182386,0.38332132,0.34998003,0.6100979,0.17723252,0.32316396,0.43940613,0.19244367,0.10412207
200506,3.3513248,3.9609005,3.2680838,3.2958057,3.7256753,3.772232,3.5115905,3.6703296,3.5688455,3.7358587,3.6059859,3.5279417,3.5331738,3.4903703,3.5548325,3.8310916,3.4810865,3.4073582,3.639201,3.6110828,2.9013844,3.0409448,3.98038,3.3044677,3.3275154,3.3904424,3.4304683,3.1043947,2.8620229,4.233487,3.7468598,3.965487,3.836088,3.2355683,3.6643548,3.5138779,3.0865397,3.1074872,3.2345283,3.2699466,3.4671552,3.2566366,3.322401,3.3004146,3.0248497,3.5108504,3.315569,3.1750784,3.1512167,3.1954608,3.4524148,3.4533355,3.4510539,1.7789124,3.3170137,3.6785476,3.5834677,3.4599593,3.406177,2.888451,2.982896,3.9679961,3.418418,3.6953428,3.562699,3.7486355,3.4118993,3.40034,3.3277106,2.4762735,4.015609,3.1567252,1.7388037,0.15465866
200507,1.3593303,0.9734708,0.7786933,1.3614826,0.5850797,0.983111,0.7929131,1.0231118,0.64163804,0.7741895,0.8027246,0.66080695,0.48233217,0.5055781,0.89495677,0.49528617,0.7568961,0.701824,0.68028855,0.94380754,1.5239778,0.6714021,0.5078135,0.84685147,0.63235873,0.76021874,0.98184747,0.9708222,0.6639253,0.44173878,0.72168773,0.71723527,0.64919895,0.64402014,0.40365896,0.5534534,0.5997288,0.60764784,0.36850095,0.7015749,0.6010647,0.4425204,0.42262742,0.36140192,0.502582,0.43144375,0.67148584,0.33755696,0.41462272,0.471221,0.4364672,0.5134485,0.5531703,0.34738928,0.42047963,0.4344833,0.40841445,0.51139545,0.44909576,0.35667866,0.38857672,0.51010484,0.4478748,0.45203584,0.450424,0.4596975,0.4623175,0.3323793,0.45578355,0.12995905,0.31222907,0.38242096,0.21686168,0.077996075
200508,3.1516867,3.4043067,2.7099266,2.7830548,3.2585566,3.1837735,3.0596924,3.047694,2.9042206,3.043105,3.1544063,2.85473,3.0630128,3.0431468,2.9876947,3.404,2.9173777,2.7213974,3.1848898,3.0034912,2.55873,2.632976,3.4107337,2.7722855,2.8316958,2.9492402,2.922782,2.7060964,2.3397188,3.6753118,3.356047,3.4463794,3.153409,2.5143168,3.0078008,2.880806,2.6721313,2.547296,2.7785673,2.5600483,2.9139478,2.7453532,2.886866,2.61206,2.5968287,2.9150815,2.7861457,2.8161135,2.718491,2.6726766,2.884721,2.922903,2.8297725,0.31749767,2.6188717,3.2463984,3.1112611,2.985111,2.9193883,2.5204499,2.6379209,3.421999,2.9180112,3.2190146,2.9759004,2.9860322,3.0212488,2.8286855,2.5641735,0.7516633,3.4966185,2.7236454,0.5714952,0.04487084
200509,2.6152127,2.7020102,2.1931763,2.2511752,2.449227,2.5888972,2.4334686,2.3144116,2.2855287,2.3037796,2.3664587,2.014388,2.3452485,2.3507843,2.350324,2.6870174,2.1784065,2.1502736,2.2629576,2.363161,2.152784,2.0555332,2.5265286,2.1096845,2.135959,2.2933142,2.2789595,2.1113024,1.8328398,2.828299,2.6333592,2.597897,2.5165489,1.9705315,2.356057,2.057485,1.9241245,1.7543112,1.9863509,1.875024,2.2144701,2.0714803,2.1100013,1.7481099,2.0312335,1.9820005,1.9995674,2.0412884,2.0802977,2.013273,2.205656,2.184315,2.1456764,0.32179105,1.9272665,2.2691238,2.4572806,2.2356122,2.3127925,1.9192305,2.0654705,2.4014378,2.1541271,2.2912724,2.1985664,2.3257475,2.225027,2.0591307,1.7514148,0.12385853,2.4469714,1.9660145,0.16367958,0.06960209
200510,3.1600053,3.2967398,2.8460987,3.004515,3.2300045,3.2413428,3.1429067,3.1382475,2.9290853,3.0446877,3.091207,2.8820407,3.016534,2.992391,3.0276046,3.3488421,3.0935092,3.0217226,3.09004,2.988019,2.4062836,2.689242,3.4045146,2.8099327,2.8300533,3.02524,2.9377315,2.7551248,2.513291,3.7078707,3.2595716,3.3612943,3.2046466,2.6721027,3.0909085,2.8879194,2.5864766,2.5426967,2.8664658,2.6335897,2.9217732,2.726081,2.9049382,2.76822,2.7997227,2.991809,2.7006116,2.7719564,2.7631917,2.661802,2.9235048,2.9510071,2.9340131,0.39755937,2.7382636,3.0885897,3.1395743,3.0014625,3.0703793,2.5038524,2.6124601,3.342744,2.93219,3.304916,3.067325,3.091245,2.8612223,2.9936562,2.5792217,0.8570535,3.3940046,2.7243211,0.38737306,0.036190476
200511,0.9518721,0.7950953,0.6077176,1.0218607,0.46620303,0.91382396,0.7468642,0.83250827,0.69044,0.7471831,0.8512125,0.64116836,0.39740428,0.43877855,1.0106302,0.4559997,0.7387256,0.5717901,0.51820356,0.88189256,1.4446783,0.60530996,0.3710388,0.78902763,0.5312153,0.72218966,0.8157345,0.7282833,0.60412216,0.37039557,0.59766847,0.4282514,0.5122792,0.48882142,0.41627032,0.5183576,0.46392235,0.57410246,0.34331664,0.5763664,0.3945994,0.37351054,0.36957228,0.396335,0.48776212,0.44045812,0.5230007,0.30683953,0.471787,0.3778273,0.370429,0.5380986,0.59220237,0.26233,0.35816365,0.36077628,0.4436188,0.50916004,0.31319362,0.33495465,0.4279658,0.37187904,0.35502934,0.53541005,0.431545,0.34525555,0.38054278,0.36957648,0.47897515,0.15411183,0.29701015,0.45259503,0.17968057,0.05266865
200512,1.7737668,1.0955852,0.9164003,1.6094204,0.9160722,1.3007346,1.0928047,1.3282027,0.93173414,1.1549147,1.0963421,1.0363142,0.69140965,0.73651785,1.2403039,0.7427091,0.8983933,1.0498854,0.7486408,1.1260904,1.8063982,0.95907205,0.6984846,1.2027243,0.84341484,0.7091262,1.2799393,1.137148,0.9917993,0.56109464,0.85294604,0.77099013,0.8178459,0.81318015,0.69866174,0.8963166,0.7679124,0.68398696,0.6544315,1.0445902,0.87456185,0.59721875,0.84182674,0.61745447,0.96410525,0.6416016,0.6716598,0.5684892,0.71197754,0.6248178,0.7404477,1.0372999,0.6437689,0.7818555,0.70265985,0.5888322,0.6206137,0.5895895,0.6560453,0.67857146,0.6925612,0.70433134,0.6846769,0.62697476,0.52353066,0.62758446,0.610798,0.528008,0.704638,0.22504069,0.3750162,0.60068953,0.24864545,0.15732373
200601,1.098274,0.7782407,0.6224474,1.1223567,0.64004266,0.72309893,0.82194245,0.8028832,0.5529996,0.644805,0.73333555,0.5089103,0.34363607,0.42417645,0.9397394,0.41196764,0.6059063,0.5965224,0.4636734,0.6359222,1.7125775,0.59359616,0.39240086,0.56466997,0.5968328,0.5601935,0.8325117,0.8054778,0.56300807,0.36265627,0.49345416,0.5928814,0.46227846,0.5423864,0.31238776,0.45542514,0.4532125,0.70116025,0.3098612,0.53058076,0.56682146,0.5037557,0.5065433,0.46621934,0.45087504,0.4771907,0.48349243,0.3898075,0.4730304,0.35782346,0.4154085,0.50275505,0.4924229,0.25715664,0.34682047,0.37975004,0.39654493,0.40714806,0.378589,0.3775202,0.53512573,0.47124657,0.33542922,0.3129915,0.39129037,0.39791635,0.35336164,0.41308647,0.46690536,0.1618154,0.37344247,0.4249713,0.13674904,0.08179117
200602,0.7742508,0.60505277,0.42878205,1.2773182,0.55097246,0.5126669,0.9194261,0.58841693,0.33445624,0.6311235,0.6182062,0.43778896,0.33181107,0.43338928,0.81847125,0.3470319,0.46551,0.4990925,0.37740862,0.6015251,1.2231883,0.4865725,0.28307435,0.3553547,0.4252296,0.5059391,0.674732,0.7147293,0.47718728,0.23152992,0.32420814,0.38287196,0.38067985,0.46331915,0.32898742,0.4423787,0.43060455,0.52216566,0.26980284,0.593039,0.39285183,0.50121534,0.3811528,0.3602165,0.46826464,0.4102754,0.44887397,0.34529838,0.3166652,0.3623245,0.33943993,0.48307678,0.58201885,0.3073658,0.39428303,0.3144613,0.29695144,0.26916096,0.2498933,0.37365124,0.33127263,0.38215637,0.20690686,0.37236637,0.358873,0.38889915,0.36563972,0.25685972,0.3605316,0.13141416,0.3376424,0.345527,0.099619366,0.075225025
200603,0.85869735,0.7318653,0.398932,0.8613172,0.5697585,0.4773846,0.7512789,0.6028833,0.51443094,0.65289885,0.6385614,0.33744952,0.26161525,0.3078502,0.82932174,0.35428026,0.5325201,0.48500407,0.34717852,0.56061685,1.1993855,0.44210368,0.26193437,0.4482749,0.4708814,0.46631756,0.70443064,0.5847128,0.4013151,0.25550094,0.41892582,0.50924164,0.3977897,0.46520454,0.45218194,0.44434708,0.4273459,0.5380449,0.3720469,0.5083219,0.45184895,0.37845305,0.40655035,0.41755718,0.40810332,0.27554196,0.45866156,0.32054323,0.3499302,0.25495055,0.38300171,0.5320942,0.5861497,0.16161476,0.34047613,0.43738845,0.31939343,0.39372236,0.27979407,0.42815322,0.3598379,0.39026245,0.3187005,0.4344384,0.33818358,0.33066726,0.2710113,0.34761173,0.33072552,0.17600422,0.26058537,0.37956658,0.1404339,0.06653128
200604,2.227051,2.5469477,2.1479988,2.0441673,2.4261649,2.4571645,2.461864,2.0740542,2.2183468,2.269975,2.3271277,2.2862213,2.2799997,2.2598584,2.1789832,2.4603493,2.2001276,2.1951265,2.4659953,2.2506638,1.6995853,2.068795,2.485269,2.013116,2.0499732,2.2182457,2.0110822,1.8789638,1.9192355,2.638805,2.7030892,2.5236688,2.3813963,2.0941389,2.3412905,2.0374935,2.0321012,1.8578024,2.1656885,1.9039184,2.353363,1.9947965,2.1292987,1.9718463,2.0392663,2.1518078,2.028145,2.087273,2.0068152,2.063531,2.2189898,2.2082956,2.188078,0.07454409,1.9843128,2.389004,2.3528304,2.4735866,2.2596037,1.925381,2.0446217,2.4521377,2.1111395,2.337264,2.3492594,2.2575858,2.189718,2.2329915,1.8589368,0.11754741,2.5793467,2.0734115,0.09444734,0.02324483
200605,1.7393067,1.6710591,1.4590293,1.455707,1.5370522,1.6156243,1.7241837,1.2824699,1.4576116,1.5050452,1.412894,1.210973,1.2911392,1.428533,1.5406129,1.5024071,1.3717608,1.3415663,1.6093177,1.4745632,1.4168838,1.2746513,1.5338732,1.1293012,1.3458693,1.4402786,1.4081901,1.2334772,1.3083116,1.6857787,1.7171764,1.6709926,1.4493891,1.3788222,1.1826607,1.2240845,1.254812,1.1540438,1.3132757,1.1425525,1.4635628,1.1964912,1.2388008,1.1328266,1.2075759,1.2253475,1.2586297,1.3262461,1.2692461,1.3557323,1.391299,1.4281193,1.347437,0.18626893,1.1218555,1.4417192,1.5373338,1.4922556,1.4435133,1.1993867,1.3008814,1.6209755,1.3839436,1.523748,1.3097723,1.4392546,1.3450716,1.2518377,0.94896954,0.10171404,1.362477,1.3921018,0.13628913,0.06871181
200606,0.73540556,0.6312422,0.46302575,0.88571626,0.5518095,0.54667723,0.60612106,0.71939343,0.41772628,0.623616,0.5533801,0.4408611,0.29895106,0.3030112,0.797297,0.32445326,0.5030159,0.58021486,0.36884707,0.5516963,1.2223848,0.35000855,0.33294863,0.49287868,0.4455944,0.49959463,0.7109187,0.68769115,0.40851787,0.20775141,0.39934325,0.40458792,0.3471461,0.35074896,0.30246425,0.4130192,0.2653936,0.54552114,0.29006207,0.47466823,0.38881618,0.4005862,0.23672253,0.30804336,0.30303404,0.2919446,0.43686157,0.2466478,0.27828082,0.23892133,0.29536414,0.3386537,0.39699042,0.295454,0.25038424,0.33861175,0.30251467,0.38419202,0.2594593,0.31763875,0.27555704,0.33315554,0.270453,0.37573195,0.30626923,0.25662437,0.2167435,0.23347048,0.36578777,0.15068454,0.2113435,0.30193222,0.138666,0.06835025
200607,0.8821093,0.6738968,0.54694146,1.0687112,0.57564807,0.7272501,0.7243207,0.66256505,0.3005162,0.7178965,0.5656551,0.51455855,0.3463634,0.34490797,0.7361354,0.39450324,0.4581474,0.6517482,0.42879558,0.6491885,1.0689776,0.8609121,0.317765,0.38449895,0.53409743,0.6030918,0.71223843,0.706829,0.40306294,0.3705949,0.41308036,0.6017763,0.5106744,0.39258936,0.3956803,0.49726546,0.41309777,0.587339,0.3064243,0.44178486,0.46997938,0.6638818,0.3769931,0.33357048,0.40140715,0.42557842,0.47942686,0.44162425,0.22179975,0.37166718,0.40373805,0.5274465,0.5083789,0.3353032,0.4355114,0.3129426,0.28276005,0.4736828,0.36389637,0.42113957,0.54047906,0.37632987,0.4180463,0.38556665,0.4365945,0.41446254,0.40117157,0.36731175,0.39210057,0.14066961,0.40706074,0.45961627,0.06608683,0.0831688
200608,1.5664804,0.9563857,0.9022856,1.4517764,0.87650645,0.90823716,1.1801119,1.0713981,0.68696135,0.8848006,0.84562516,0.6971098,0.70043075,0.6869634,0.9542504,0.8993095,0.69571364,0.82297736,0.89634776,0.95313007,1.3938906,0.8369059,0.7798045,0.66190916,0.76506805,0.8726265,1.0069724,1.0082967,0.741646,0.8053522,1.0584089,0.94271725,0.6991897,0.7644954,0.7188192,0.61072224,0.727564,0.8600266,0.7202641,0.64170027,0.78428215,0.77665395,0.7643788,0.62532276,0.7559353,0.5505481,0.88414234,0.71437174,0.6198052,0.6252903,0.83133036,0.8715572,0.71299845,0.25021333,0.6959013,0.80733645,0.7451786,0.81591713,0.7992989,0.5854592,0.7707182,0.77856714,0.71702266,0.7060113,0.80504876,0.80533844,0.756622,0.6875853,0.50584143,0.15879963,0.8287603,0.7715367,0.094274156,0.060629494
200609,0.9448161,0.810368,0.5950489,0.9031096,0.4892522,0.6584026,0.68034846,0.7553561,0.5891792,0.70375353,0.67324567,0.45921376,0.35493526,0.32426867,0.66156715,0.29923248,0.5737545,0.5109267,0.48083815,0.63578415,1.2064139,0.49922717,0.31714886,0.5365744,0.56685394,0.44077748,0.72377974,0.70830685,0.42633992,0.36567408,0.42971712,0.4126835,0.47668353,0.4914552,0.27524093,0.51488715,0.41509932,0.43098554,0.28351933,0.54729325,0.44990465,0.3889767,0.33207995,0.32298708,0.34847054,0.42962718,0.46941286,0.38386795,0.28190812,0.3957409,0.29932034,0.42992693,0.44345036,0.38500938,0.31755227,0.26825705,0.26248038,0.3535204,0.35970533,0.32588053,0.37155953,0.32058856,0.28839383,0.39707062,0.244924,0.35053378,0.23636624,0.25877848,0.35350585,0.08602274,0.23314883,0.28065634,0.16429959,0.08099964
200610,0.93587464,0.604351,0.51845866,1.019873,0.42073742,0.76143056,0.6345555,0.5175748,0.29131088,0.7268261,0.58615714,0.38718396,0.3668558,0.3511225,0.68514925,0.47757962,0.41843933,0.60528636,0.40183258,0.4617259,1.1973394,0.49726364,0.2984637,0.47588357,0.3114731,0.5434143,0.74303514,0.7677631,0.45408657,0.28981388,0.49008402,0.4630973,0.38916785,0.43951967,0.32399547,0.5166406,0.45656213,0.5439883,0.35157856,0.50613606,0.42011732,0.43950263,0.29540166,0.2937955,0.43346307,0.30272084,0.5890275,0.29730245,0.39170298,0.28277913,0.34598944,0.46228364,0.36552837,0.14785048,0.32793325,0.37518618,0.3416236,0.33989546,0.33211082,0.33660665,0.36353225,0.3076304,0.4047983,0.30464476,0.22017725,0.33307216,0.22751127,0.24947073,0.40323675,0.18162344,0.24773487,0.3453708,0.10799163,0.042484008
200611,1.5707477,1.6546624,1.4821433,1.3763534,1.4196757,1.6214098,1.4944942,1.1784773,1.3507004,1.4297365,1.285528,1.1624547,1.3036623,1.4440057,1.4338324,1.5109196,1.2082789,1.2592007,1.64895,1.4277396,1.3346865,1.3005775,1.6047162,1.0707595,1.3273263,1.3994288,1.3780915,1.2598351,1.2704822,1.5039645,1.7077067,1.6803663,1.2899742,1.230608,1.2575207,1.2206947,1.2263774,1.0790436,1.2667959,1.2057273,1.3416135,1.2281352,1.2271438,1.13781,1.2361413,1.194281,1.2908982,1.2559625,1.1405582,1.3439466,1.2906324,1.3137606,1.3317353,0.18026361,1.0781778,1.4127672,1.4847605,1.3718941,1.429408,1.1698977,1.1967224,1.4054215,1.3080839,1.3604629,1.444639,1.3929423,1.2849957,1.2726814,0.8133401,0.10868733,1.5933366,1.2722641,0.16445561,0.085026555
200612,1.3740431,0.9076459,0.8108275,1.3928227,0.6931599,1.0399038,1.1410037,0.9709412,0.6146842,0.92896533,0.7175174,0.6414541,0.54541296,0.62095904,1.0732056,0.73141104,0.65731037,0.66666967,0.6276217,0.7211557,1.3577017,0.7185328,0.614671,0.6750215,0.7909029,0.67465526,0.8581563,0.7278981,0.67450905,0.48165682,0.7166953,0.65495574,0.68094283,0.48789585,0.52323353,0.6423695,0.55177563,0.6277887,0.44893593,0.6398873,0.6206117,0.5744194,0.69153655,0.48341268,0.58450806,0.5784878,0.5483141,0.48446465,0.75243247,0.609963,0.6499644,0.9038925,0.75462407,0.17787251,0.5185576,0.6356518,0.5504438,0.78276557,0.60355234,0.66081065,0.7003587,0.63554555,0.5624786,0.5419148,0.6545216,0.5749391,0.5227697,0.51643693,0.45633394,0.19098023,0.63096935,0.5246224,0.13613176,0.05681029
200701,2.3272948,2.5548933,2.2079744,2.2693725,2.413994,2.5154514,2.2911952,2.173364,2.1860147,2.2006023,2.356387,2.171486,2.2549033,2.2577324,2.2258952,2.392523,2.187294,2.291314,2.6599913,2.3510964,1.7319083,2.1182702,2.6300306,2.0114067,2.0947454,2.228364,2.0139158,1.9150349,1.9737854,2.6388736,2.7922738,2.6664388,2.3607094,2.0235593,2.2546306,2.0751324,2.0645242,1.9275826,2.2282195,2.0028307,2.4614704,2.01903,2.0091326,1.8556689,1.9276692,2.0890992,1.993251,2.1474323,2.016439,1.9950795,2.19704,2.1788778,2.2282097,0.10342659,1.9578471,2.394251,2.438817,2.3595304,2.3233287,1.9702607,2.024116,2.421692,2.190137,2.338867,2.2841473,2.345094,2.2023902,2.192401,1.7047943,0.13827635,2.5739672,2.0983727,0.14491592,0.027783608
200702,2.15362,2.6901603,2.3646994,2.1981993,2.4717662,2.4406197,2.1570868,2.1066248,2.1190608,2.2829688,2.388504,2.2219422,2.2127984,2.2724984,2.198862,2.4385774,2.2805061,2.2702806,2.5585146,2.3327358,1.8002583,2.0672233,2.513062,2.004007,2.1211915,2.1758313,1.9951751,1.7773721,1.9538213,2.6320786,2.7692358,2.5209413,2.4132552,2.0044868,2.2661254,2.0863917,2.103458,1.9344937,2.0970676,2.0444477,2.327784,2.0702894,2.1203644,1.915853,2.0479069,2.1571052,1.9776418,2.0881312,2.061746,2.0533957,2.161695,2.2217233,2.287578,0.07661493,2.0290682,2.3646545,2.349938,2.3787475,2.204629,2.0266335,2.0294585,2.53602,2.199203,2.273465,2.352133,2.2892606,2.3192313,2.2858238,1.8467014,0.12348675,2.6917102,2.064138,0.05371912,0.013329329
200703,2.291455,2.658895,2.218827,2.1150553,2.566654,2.313451,2.4108958,2.17671,2.1466901,2.1215615,2.3520484,1.9749446,2.309785,2.2225626,2.2366755,2.3490875,2.2226853,2.1384742,2.4153144,2.3052983,1.7624265,1.9363775,2.4817283,1.903434,2.101249,2.1210976,1.9566276,2.003703,1.9201164,2.5621061,2.6705396,2.6162412,2.4298286,2.0382147,2.3280025,2.0943162,2.1003988,1.9140021,1.9994168,2.0962956,2.3110657,2.1112254,2.0272996,1.9453088,1.8840028,2.122612,2.009884,2.123627,1.9901398,1.9013345,2.1776583,2.2313228,2.2556355,0.11159582,1.9621723,2.4637837,2.3342526,2.3782306,2.280346,1.9804727,1.8555515,2.4208274,2.1633964,2.3249357,2.2395713,2.2937002,2.3301158,2.2166204,1.8049619,0.10223096,2.5446825,2.125895,0.062086336,0.032858264
200704,2.1642523,2.6298897,2.2130024,2.092268,2.3264973,2.3305962,2.254576,2.0532725,2.074851,2.146743,2.2176337,2.2410648,2.1860132,2.2341204,2.1612916,2.4410324,2.2051897,2.131165,2.3379517,2.1816185,1.7017016,1.971255,2.4326477,2.0607038,1.9925632,2.0568907,1.9171103,1.9631265,1.836869,2.4925275,2.7566545,2.5422864,2.319848,2.0514715,2.1916444,1.9310468,2.0825229,1.8346261,2.0223136,1.8828809,2.348367,2.0089965,1.9796398,1.8889279,1.9605122,1.971648,2.0444973,2.1144578,1.9720256,2.030578,2.166459,2.2762456,2.147503,0.108393975,1.948893,2.3041975,2.3130245,2.284018,2.2729104,1.8642625,1.8543183,2.4679008,2.235193,2.3187115,2.264256,2.2315245,2.2170274,2.1514933,1.741597,0.1698644,2.5273929,2.0945952,0.22194403,0.022298064
200705,1.032606,0.68516,0.52176124,1.1594577,0.7126787,0.61299163,0.8182462,0.6576128,0.41767123,0.7903523,0.61652994,0.48331264,0.44864416,0.43815544,0.8931967,0.39703175,0.529713,0.6176688,0.49054813,0.64361686,1.5356883,0.70543337,0.40324533,0.47740662,0.531739,0.44556254,0.7658318,0.7527241,0.4526011,0.34926203,0.42502126,0.50836647,0.645813,0.5298319,0.37116033,0.5667686,0.55289304,0.5236324,0.39848173,0.55507267,0.5396948,0.3649576,0.43075144,0.42939448,0.4896801,0.6049006,0.55769837,0.37908694,0.47154012,0.37995046,0.54839545,0.62512904,0.5619539,0.21564107,0.34655872,0.40703654,0.40585455,0.4169914,0.4512516,0.42559287,0.47719002,0.4004244,0.4190084,0.38722095,0.3732512,0.36456513,0.28864515,0.3657026,0.55394536,0.113867536,0.336081,0.35028228,0.13033879,0.05379161
200706,1.6620387,1.797443,1.4998332,1.646231,1.7051209,1.5628304,1.7030114,1.4431511,1.5232865,1.3413086,1.6327899,1.2093551,1.3090786,1.5332528,1.5012727,1.5191131,1.3238351,1.4376708,1.6278625,1.544859,1.251123,1.4311091,1.687531,1.0938106,1.4227114,1.3269385,1.3664278,1.2549993,1.1840996,1.6877149,1.8984593,1.6104288,1.4833765,1.2697846,1.5155324,1.3492893,1.3022711,1.1382898,1.3895719,1.2114968,1.4951415,1.3911448,1.3554945,0.9869279,1.2897179,1.1353896,1.3954053,1.2818626,1.3482028,1.2827537,1.4621278,1.4970345,1.3422573,0.21850605,1.102977,1.4579306,1.5225383,1.459506,1.448845,1.2863884,1.2733133,1.4503263,1.3877456,1.4626534,1.4174283,1.3659225,1.4319713,1.4962667,0.89112103,0.10079213,1.6250623,1.2914084,0.1238325,0.07049761
200707,2.9137535,3.411574,2.981894,2.7468472,3.1848278,3.0778809,3.009413,2.9930673,2.820241,2.9989088,3.1618695,3.0330107,3.161269,3.0371397,2.9072824,3.0224357,3.1222425,2.9433467,3.3693922,3.048488,2.348445,2.609303,3.4442098,2.6812289,2.7745638,2.6864922,2.6219597,2.6963227,2.4233909,3.4500556,3.4518783,3.515525,3.1613724,2.785435,3.03768,2.864273,2.8717232,2.6244082,2.9442616,2.8144908,3.2391071,2.6268578,2.834361,2.6982358,2.654218,3.0055106,2.8366797,2.8009315,2.6838722,2.6099524,2.8908353,3.0173895,3.1036153,0.46519768,2.8385313,3.1987648,2.9761896,3.0720239,2.9723496,2.6482272,2.578732,3.2529526,2.948772,3.1264033,3.1057987,3.0102086,3.0017905,2.9665418,2.648739,0.87539136,3.5077832,2.7787542,0.14349332,0.020030648
200708,3.0038807,3.4559472,3.073525,2.705061,3.294522,3.1738036,3.0643153,3.0216699,2.8914378,3.0901117,3.0591238,3.037421,3.1059299,3.0786748,3.0414646,3.1501677,3.1002457,3.0066168,3.339131,2.9003432,2.4474173,2.586786,3.50156,2.7702107,2.913768,2.9435527,2.6209793,2.5459933,2.5809968,3.4972503,3.5241084,3.464852,3.2599318,2.8719378,3.1870186,2.873448,2.9527102,2.755608,2.9858685,3.0440125,3.2569973,2.8331783,2.8494194,2.8062737,2.5794547,3.1466722,2.6947334,2.6499777,2.8392441,2.7654784,2.8468053,2.959089,3.0506403,0.614331,2.8040082,3.1258638,3.1049664,3.2090724,3.0290976,2.6118543,2.5691876,3.3030078,2.9379113,3.034931,3.1141996,3.09908,2.9703727,2.987121,2.694776,0.9544135,3.4937384,2.8479753,0.55493045,0.024985846
200709,2.2232032,2.596982,2.3050456,2.0669196,2.4346132,2.3925939,2.2935228,2.0344348,2.1323187,2.17414,2.286654,2.089932,2.2695813,2.3345401,2.2119174,2.4512193,2.2043111,2.185254,2.4854836,2.3064082,1.8087906,1.9835982,2.5684412,1.8963541,2.1034606,2.1802092,2.0012174,1.9439814,1.887181,2.5884068,2.7534583,2.5060995,2.3269596,2.0712955,2.326585,2.101515,2.102153,1.9130152,2.1076307,2.0343175,2.4306455,2.0169594,2.0625303,1.8168349,1.9872341,2.0623693,1.9320692,2.055439,2.0985537,1.9946156,2.1503053,2.2134624,2.180147,0.07729124,1.9944117,2.2785735,2.2546911,2.3496265,2.2878551,1.9074607,1.946062,2.5138683,2.1971061,2.3589714,2.348515,2.2519395,2.2048647,2.1879013,1.7787992,0.21763554,2.617877,2.0524633,0.061185095,0.015869142
200710,1.7354712,1.6462482,1.4492159,1.5615517,1.5253738,1.5931455,1.8201869,1.2512407,1.1879274,1.3117294,1.168224,1.182681,1.2491595,1.2770793,1.4865441,1.5193936,1.2394439,1.3400508,1.4645206,1.367545,1.3382467,1.3650833,1.5830095,1.1811112,1.2587055,1.4236683,1.3110441,1.3331124,1.2058678,1.5210019,1.7041352,1.5318764,1.3695552,1.1574247,1.3367859,1.0596493,1.1600589,1.0356345,1.1661383,1.1005032,1.2518432,1.1348486,1.1956875,1.0001017,1.113276,1.1692075,1.3428419,1.2847377,1.1843858,1.2047988,1.3020853,1.3135607,1.2493942,0.21246375,1.1305412,1.3158054,1.4704618,1.4901781,1.3664734,1.1913508,1.257312,1.4766484,1.3037037,1.3670663,1.2717184,1.3948412,1.3321629,1.2464868,0.91419226,0.15871505,1.3780972,1.3141654,0.3387357,0.07176208
200711,2.995177,3.3905165,2.9139,2.7594626,3.0577796,3.1634476,2.990994,3.0195239,2.8985977,3.039593,3.0452309,2.9737136,3.0732386,3.2641335,2.9754074,3.1608686,3.0609848,2.9925656,3.311795,2.9428456,2.2930896,2.6839287,3.5046258,2.7082996,2.5092828,2.7805202,2.6052856,2.6255534,2.4312403,3.463005,3.506269,3.4162507,3.0899918,2.815774,2.9500535,2.9361885,2.7550442,2.662128,2.8680913,2.6844633,3.2065907,2.794622,2.8150182,2.6656826,2.763677,2.996611,2.7827368,2.842885,2.7129416,2.6787121,2.870872,2.9132583,3.0619316,0.44554245,2.6641808,2.9825332,2.9535754,3.0176127,3.0185323,2.55876,2.6274612,3.2053266,2.9026926,3.0794578,3.047994,3.057297,2.9351115,2.8876908,2.5998259,0.6634943,3.3977573,2.7906585,0.22634412,0.019492244
200712,1.732397,1.7330465,1.3331281,1.5714524,1.7718759,1.6260115,1.6310419,1.3931978,1.4392803,1.5434709,1.5266194,1.3262074,1.2541659,1.3958842,1.4310687,1.704595,1.2794715,1.5551515,1.6382672,1.5558534,1.222022,1.4047948,1.5811212,1.1659346,1.412609,1.530317,1.3720851,1.3607458,1.2649082,1.7542325,1.9421077,1.6076736,1.5498877,1.317541,1.4457909,1.3812778,1.2466265,1.0892869,1.2991872,1.2560661,1.4092627,1.3105816,1.2565365,1.1733795,1.2984148,1.2918948,1.3637489,1.3690449,1.3639076,1.3841974,1.4844836,1.4828187,1.3974407,0.13275224,1.3243159,1.3990874,1.5789849,1.5814204,1.5082742,1.2079817,1.3809818,1.4475307,1.3792881,1.5014015,1.3526907,1.6688771,1.398953,1.4093528,0.9149186,0.165404,1.5967302,1.3262519,0.15856302,0.052693117
200801,3.4826922,4.094134,3.450554,3.4031637,4.009771,3.8130095,3.60194,3.9629393,3.607885,3.825249,3.7236116,3.561395,3.7834525,3.7136614,3.7638729,3.9619842,3.6364045,3.6094604,3.8804605,3.6969786,2.8658507,3.1894572,4.0436277,3.3539987,3.4271088,3.4846,3.3458288,3.2568107,3.0522144,4.423259,3.9401488,4.347176,3.9671547,3.3118808,3.8454263,3.7291312,3.2234192,3.4026723,3.5832174,3.3465905,3.6931312,3.4213617,3.454502,3.565238,3.243054,3.7994566,3.388527,3.3736548,3.3634386,3.2389963,3.6434002,3.733184,3.655936,3.0888033,3.4408753,3.8307245,3.794623,3.6790128,3.5972416,3.1268334,3.1941714,4.1158276,3.5833573,4.0356894,3.558726,3.8430672,3.705581,3.6223998,3.7125113,3.4845698,4.203535,3.4072645,3.0850353,1.257798
200802,3.5318246,4.17754,3.4757307,3.4309137,3.8839028,3.7806826,3.6486652,4.050908,3.743313,3.9312034,3.8374605,3.6279578,3.8182335,3.605701,3.7356346,3.8775694,3.7124803,3.6131816,3.9108713,3.7093701,2.8820512,3.1849463,3.9939785,3.3878748,3.4060693,3.5408907,3.282223,3.280751,3.0108857,4.4137206,3.889075,4.4080877,3.979903,3.271733,3.7703462,3.7733033,3.1318533,3.3429198,3.6736443,3.3312109,3.6407075,3.3639166,3.5161417,3.5932062,3.35221,3.7353828,3.3896039,3.341867,3.396973,3.2675815,3.5794957,3.7446816,3.6970978,3.071161,3.4175534,3.8010054,3.8366306,3.7301822,3.602794,3.1494389,3.1893115,4.0770197,3.5146298,4.0073657,3.5600314,3.9328084,3.7014554,3.6108828,3.6367702,3.41961,4.1836147,3.4627047,3.2310004,1.2224728
200803,3.5726357,4.0662613,3.473142,3.3265278,3.891947,3.7456498,3.53446,3.893042,3.6362152,3.9053795,3.8280263,3.6140556,3.7959864,3.7364783,3.701109,3.8260164,3.6802526,3.5759933,4.0122943,3.7566814,2.9472694,3.1262805,4.066812,3.3480005,3.370117,3.5687392,3.2744727,3.3039153,3.0508976,4.4836874,3.9079475,4.324923,3.9400568,3.2627532,3.7864485,3.7976243,3.061877,3.363075,3.5701077,3.259725,3.610591,3.367879,3.5524762,3.606161,3.3511696,3.728042,3.4530048,3.3497481,3.3886306,3.274716,3.5898764,3.6708434,3.6029773,3.019975,3.4247947,3.8622851,3.847933,3.6634657,3.6307669,3.0764487,3.197002,4.068817,3.5722687,4.061926,3.5520825,3.9060366,3.7594652,3.6713495,3.6420376,3.4731843,4.197707,3.378876,3.1307611,1.2066116
200804,3.570758,4.125257,3.4605958,3.4210901,3.9031467,3.738792,3.6080217,3.8945627,3.574026,3.9222505,3.8371031,3.6468203,3.7475233,3.6643848,3.708319,3.8758712,3.5947115,3.6056206,3.8992517,3.6759655,2.927034,3.1542802,3.959808,3.3831227,3.3531115,3.5269554,3.390195,3.334268,3.081813,4.4732842,3.874296,4.316347,3.9681175,3.2544692,3.7857056,3.7635095,3.2173839,3.3606482,3.6095746,3.378072,3.648955,3.4186702,3.4313545,3.6318119,3.1741226,3.7993314,3.4265778,3.4183779,3.408555,3.3055127,3.622111,3.6296835,3.6663947,3.034396,3.4281847,3.7552936,3.7546077,3.765672,3.6691906,3.1078072,3.2018526,4.0836945,3.51389,4.134115,3.5313487,3.8589602,3.7325125,3.5962398,3.7134016,3.526733,4.171864,3.4677203,3.115932,1.2213227
200805,3.5872169,4.1244245,3.4700294,3.4450822,3.8597186,3.820162,3.6178124,3.937995,3.6027126,3.9082003,3.814893,3.6362004,3.7976222,3.6413865,3.726526,3.9138687,3.6641927,3.5719783,3.962418,3.7332928,3.0086462,3.2435546,4.010242,3.3143177,3.4108346,3.5551882,3.3219538,3.2812114,3.111788,4.4906774,3.8598592,4.334425,3.9473686,3.3898237,3.701227,3.7690377,3.1053386,3.3505805,3.6978848,3.2537942,3.6182249,3.419467,3.5132887,3.615905,3.2356825,3.8403327,3.4506068,3.3093162,3.458457,3.3119824,3.636017,3.6583066,3.6307616,3.0584807,3.416356,3.831829,3.7645102,3.637914,3.5911863,3.1933646,3.1713083,4.1228566,3.4841888,4.000032,3.5755172,3.8410094,3.6861472,3.6452157,3.6450515,3.5573568,4.11066,3.434751,3.2160218,1.2288948
200806,3.5636437,4.0836425,3.5235243,3.4467244,3.9161768,3.7673311,3.625663,3.924656,3.6678784,3.9965615,3.771073,3.5256732,3.8472385,3.6143887,3.644709,3.8428302,3.676871,3.6635323,3.9681368,3.7004611,2.9319043,3.2172163,4.042896,3.3839033,3.359536,3.4944184,3.299583,3.2675915,3.069376,4.4953,3.8819005,4.318884,4.0094833,3.2849708,3.798271,3.7958586,3.1628392,3.3482704,3.6549776,3.330069,3.6059144,3.3351192,3.452042,3.5082998,3.2883234,3.8106618,3.4038815,3.322704,3.4078193,3.259444,3.6146874,3.5995345,3.619913,3.0266457,3.4742131,3.8017025,3.7649398,3.6571317,3.655687,3.1385872,3.2075438,4.0685463,3.556053,4.0019655,3.599421,3.8588898,3.703513,3.6480234,3.551011,3.5458553,4.1240096,3.464163,3.2025573,1.1892347
200807,3.543437,4.06936,3.530542,3.4148483,3.9555979,3.7550077,3.7363245,3.9357133,3.630097,3.8228936,3.7934718,3.5772371,3.8512888,3.5745373,3.7393866,3.8084133,3.6131904,3.6970513,3.9067059,3.7805307,2.885343,3.1378403,4.057445,3.4030383,3.4398162,3.5494576,3.3202682,3.3040254,3.0975025,4.443928,3.885261,4.3005295,3.933895,3.2998335,3.7434883,3.7549148,3.1660593,3.3452113,3.590513,3.292875,3.5272374,3.3825507,3.5242674,3.5925426,3.2766542,3.7398431,3.5299497,3.313937,3.442782,3.3473306,3.6416557,3.552312,3.6880097,3.047208,3.4168198,3.8653934,3.753019,3.72713,3.622002,3.099234,3.2099698,4.0802298,3.5684516,4.083523,3.614278,3.9205575,3.763744,3.5213656,3.6911185,3.5640342,4.2131405,3.3746355,3.105985,1.1948321
200808,3.5724707,4.0805845,3.4670131,3.4531078,3.8949795,3.7649019,3.6607645,3.9603083,3.6009035,3.945424,3.847788,3.627459,3.8447466,3.6086302,3.7325995,3.8898895,3.6532555,3.6470668,3.940254,3.6971521,2.9169536,3.2124164,4.004341,3.4007952,3.398999,3.524197,3.2928147,3.3085523,3.0262012,4.458134,3.8898494,4.3621683,3.8894985,3.2791436,3.7004755,3.750177,3.2051392,3.3438945,3.578235,3.3808517,3.6293106,3.376484,3.449372,3.578956,3.2596824,3.69622,3.4518805,3.389886,3.3808203,3.3036456,3.6431043,3.7168767,3.6104052,3.0515113,3.3900523,3.8037574,3.77818,3.692552,3.634576,3.1757522,3.1949372,4.0887794,3.5348196,4.0825725,3.5883815,3.8806322,3.7135863,3.5638542,3.6483815,3.4945881,4.237571,3.4184046,3.2129304,1.2009809
200809,3.4832397,4.1643424,3.4513135,3.2806025,3.9385853,3.7118912,3.6919856,3.9339592,3.5156424,3.9099946,3.7948742,3.594662,3.829487,3.7069478,3.7362025,3.8936362,3.6838815,3.5875692,3.933703,3.6769028,2.9446263,3.2343931,4.0411396,3.4079468,3.3442771,3.5016162,3.2715619,3.269787,3.0059764,4.4578485,4.003771,4.27683,3.934088,3.3390083,3.7751617,3.803588,3.089034,3.1721811,3.5338128,3.2552192,3.6953604,3.3317285,3.5583065,3.6636772,3.313686,3.723361,3.5007136,3.447704,3.4020822,3.2518764,3.6538553,3.6946175,3.661406,3.0241039,3.4122975,3.8865352,3.7821052,3.6807585,3.6019504,3.0826392,3.1843762,4.1263585,3.5667512,4.05672,3.6376834,3.8699749,3.6737356,3.5382707,3.6447945,3.5482345,4.2206287,3.4166448,3.2518835,1.1981622
200810,3.6072214,4.0504904,3.4679914,3.4178839,3.9450274,3.7798295,3.6133363,3.9874766,3.5507526,3.711266,3.8907382,3.6400416,3.789202,3.7073712,3.758054,3.854459,3.681026,3.615262,3.9399834,3.7815404,2.9306343,3.1630678,4.0593176,3.3256629,3.425412,3.5041034,3.317574,3.2722425,3.0232027,4.4280615,3.87056,4.3412366,3.935252,3.3004727,3.7230282,3.871246,3.1427665,3.356032,3.6031375,3.3454316,3.6504757,3.3628929,3.586236,3.631697,3.2914212,3.6959789,3.444472,3.3412175,3.4049144,3.208703,3.5864806,3.720986,3.6324716,3.0391479,3.4911883,3.8470101,3.7713153,3.719044,3.6341448,3.1576986,3.1955776,4.1614313,3.5581796,4.069252,3.5974333,3.9428668,3.6827059,3.6196303,3.6082592,3.5340974,4.2072678,3.416842,2.9769022,1.1935116
200811,3.5346437,4.1218257,3.434968,3.4450805,3.9111705,3.8096802,3.6040084,3.9513829,3.599965,3.8603656,3.8270507,3.5704477,3.7724345,3.6417122,3.7151682,3.8630323,3.6421022,3.6231823,3.9797628,3.6962898,2.863239,3.234968,4.0467625,3.3556416,3.4314382,3.573534,3.318012,3.3575537,3.0898178,4.4406185,3.8601437,4.2872014,3.9240005,3.2375605,3.7948263,3.7798457,3.1240387,3.2883615,3.5198226,3.339424,3.6180136,3.3294683,3.523985,3.5739918,3.253732,3.7668517,3.479913,3.4453652,3.4317758,3.2662168,3.6176836,3.6351953,3.7162774,2.976331,3.4574919,3.8697202,3.8132617,3.6784284,3.6771338,3.0945442,3.2549322,4.1796737,3.5800877,4.0639353,3.5656304,3.9062386,3.7366772,3.5647092,3.6653705,3.498279,4.198306,3.4601133,3.161863,1.1947474
200812,3.5338333,4.066959,3.4568615,3.3796842,3.860929,3.7522676,3.548103,4.0505743,3.599992,3.8042414,3.8622048,3.5711913,3.7914886,3.6914887,3.6578677,3.8877223,3.6279426,3.6791654,3.866622,3.7360344,2.938054,3.1521137,3.9922905,3.4251144,3.3943207,3.5824249,3.3556483,3.276862,3.0349164,4.491887,3.8682508,4.250758,3.897735,3.3398948,3.8021724,3.7812371,3.1382923,3.3753161,3.5937555,3.3055632,3.6644044,3.409074,3.5825088,3.6773417,3.2753322,3.7676754,3.4574764,3.3174334,3.4461145,3.3568532,3.6046987,3.545321,3.6379209,3.0312455,3.3968952,3.9009922,3.8104897,3.6908395,3.6016216,3.1518629,3.2744572,4.1703134,3.5701067,4.030648,3.4932039,3.839051,3.6793792,3.57711,3.6891735,3.5040567,4.2167206,3.453275,3.1917315,1.1834588
200901,3.514101,4.133513,3.509527,3.4237132,3.9303617,3.8060234,3.5866292,3.964108,3.6056437,3.85534,3.8234563,3.6186912,3.7995489,3.6808267,3.7294807,3.8701017,3.7447019,3.6343076,3.9627628,3.6500504,2.9102626,3.1563942,4.0269322,3.3518088,3.4134276,3.4811182,3.326383,3.2533092,3.0059283,4.458801,3.860849,4.3508525,3.9312315,3.333327,3.7242427,3.7791042,3.1726894,3.3161652,3.6210825,3.3381815,3.6248553,3.317973,3.5328934,3.541871,3.3406923,3.7343426,3.4613883,3.3756578,3.4461324,3.2580209,3.5921025,3.7238293,3.6684449,3.0383635,3.5032263,3.706079,3.818379,3.655126,3.5772016,3.1841056,3.2370698,4.0701776,3.5485816,4.0563693,3.5778844,3.8910902,3.7310693,3.5533514,3.6601913,3.5608654,4.1999173,3.4151645,3.074903,1.1489899
200902,3.523492,4.079464,3.5116594,3.3406327,3.9619608,3.7461646,3.603175,3.9821165,3.5969558,3.8559556,3.857582,3.5899496,3.736875,3.6427648,3.7603803,3.8714638,3.6413088,3.5871332,3.913174,3.759347,2.9836113,3.2035704,4.0815597,3.400752,3.3114212,3.6068797,3.3147242,3.2913587,3.0756075,4.447963,3.9154036,4.409531,3.8705106,3.2952392,3.8111804,3.8741639,3.0988975,3.3286152,3.5621269,3.2475448,3.651649,3.3858948,3.4866707,3.56098,3.2289603,3.8010626,3.4443007,3.3633065,3.4263532,3.2810144,3.668762,3.716238,3.6239052,2.9520648,3.395184,3.8099039,3.816528,3.7243304,3.512104,3.1277757,3.1942084,4.088904,3.633118,3.9618018,3.6090846,3.8298786,3.770041,3.602939,3.6899366,3.5476558,4.2028594,3.4392223,3.0594795,1.1155354
200903,3.5315905,4.1114526,3.4656782,3.4223666,3.9764972,3.7422903,3.5930808,3.9566038,3.6272717,3.8175464,3.848354,3.5122244,3.8357189,3.6341627,3.7517858,3.8804417,3.7106385,3.5825996,3.9290938,3.744047,2.9008398,3.2003787,4.023312,3.369624,3.4809396,3.600979,3.3669548,3.342167,3.0407076,4.4403505,3.8617215,4.359451,3.9201224,3.3336358,3.7158778,3.8056204,3.127713,3.3416793,3.5593095,3.3188791,3.5983741,3.3260813,3.4171145,3.5857856,3.3578506,3.7584496,3.494935,3.367,3.3747864,3.2113647,3.602482,3.6882658,3.7230103,3.041364,3.4251754,3.8244245,3.7643638,3.6925936,3.6209383,3.0564635,3.2219453,4.1589856,3.4961555,4.051249,3.658434,3.8966253,3.617791,3.5565195,3.6492739,3.4525568,4.1178255,3.4953933,3.1735725,1.0958121
200904,3.5200405,4.067354,3.5300753,3.376522,3.9031925,3.7028453,3.5496147,3.9215763,3.6206892,3.879038,3.8072066,3.5614703,3.9161806,3.6396828,3.6047804,3.889207,3.658468,3.5714095,3.963914,3.7441945,2.9479303,3.1728528,4.027069,3.3352418,3.4474218,3.5953279,3.3153338,3.2772477,3.093993,4.4600334,3.8808067,4.3784795,3.9592326,3.270415,3.661847,3.7573318,3.0985029,3.3288405,3.569509,3.3207538,3.6684756,3.3897247,3.5150454,3.655484,3.2420352,3.7828143,3.4348743,3.4138846,3.349773,3.3213577,3.6321964,3.6753564,3.5807295,2.966927,3.3975027,3.8566403,3.8173184,3.7152271,3.6162217,3.035081,3.2274482,4.093621,3.4847884,3.9209163,3.5859046,3.8690565,3.7220526,3.6326056,3.6434507,3.6833196,4.1726117,3.3839302,3.0229592,1.140224
200905,3.5266738,4.07135,3.498276,3.4022806,3.9812803,3.7217953,3.6172943,3.9201872,3.5600946,3.813023,3.7857933,3.660364,3.8098693,3.6717517,3.6793456,3.887277,3.538145,3.6369212,3.9651864,3.8456469,2.9271545,3.256165,4.0979185,3.3576941,3.3567042,3.5269258,3.343851,3.2958324,3.0297472,4.4692855,3.8956938,4.343574,3.9181452,3.3121014,3.7596908,3.769981,3.128279,3.268807,3.5237477,3.2806401,3.5884008,3.3640177,3.5306606,3.5294685,3.360603,3.8367932,3.4830847,3.3604043,3.493426,3.3173285,3.6371598,3.6550694,3.693889,3.037614,3.3765876,3.8758142,3.7938287,3.6462114,3.558785,3.0423825,3.1410775,4.084961,3.5281525,3.9119248,3.564661,3.9092305,3.7315965,3.622341,3.6809201,3.4899373,4.148914,3.415595,3.1540794,1.1343365
200906,3.549928,4.026762,3.49656,3.3237493,3.9517183,3.821744,3.614396,3.9347718,3.6244228,3.781596,3.7764738,3.5659854,3.7136784,3.6628706,3.671436,3.8879867,3.702405,3.6702774,3.9182377,3.7849896,2.9323993,3.1672456,4.044582,3.349836,3.3902104,3.5536146,3.385103,3.3184023,3.0186756,4.4086924,3.971383,4.310231,3.9625986,3.352365,3.763638,3.7263284,3.1487548,3.2747023,3.5739605,3.2951663,3.6015816,3.3993523,3.6056828,3.5941474,3.271276,3.8599687,3.5204718,3.3616664,3.423322,3.2188396,3.6668816,3.6516213,3.70487,3.044609,3.436992,3.8208075,3.7695909,3.633214,3.5563612,3.167918,3.14233,4.088511,3.5854497,4.0428247,3.5926783,3.8449113,3.7527049,3.5707502,3.5973287,3.4980826,4.2368827,3.401187,3.2583363,1.1357615
200907,1.2152193,1.1025388,0.7716497,1.0355512,0.80763644,0.92812246,0.7975692,1.2200885,1.1134273,1.0837225,0.8283624,0.71256036,0.5761892,0.60047936,1.0046026,0.6886689,0.842818,0.8184574,0.6698493,0.962309,1.5204556,0.58553404,0.71537304,0.8017901,0.7783964,0.6915651,1.0919919,1.0435131,0.64050657,0.62655675,0.91964144,0.6493992,0.8243495,0.5582074,0.5126076,0.9736762,0.7566514,0.6622772,0.54687345,0.60528016,0.7232038,0.5250682,0.70104337,0.50056094,0.78039056,0.5413558,0.6567903,0.55044025,0.3959642,0.6937459,0.6178835,0.59184533,0.8096348,1.484963,0.58307195,0.47374317,0.77639276,0.50451934,0.43845755,0.4632783,0.5710247,0.42097756,0.38319224,0.6298095,0.47278336,0.44843194,0.42296138,0.42074433,0.6316068,0.22689332,0.38602388,0.3530802,0.25241315,0.26098493
200908,3.606559,4.0799947,3.5016184,3.3927307,3.9608245,3.848332,3.5092587,3.9574463,3.6223595,3.801051,3.8063357,3.5595903,3.7580929,3.6526825,3.7055805,3.8704953,3.6747856,3.6270719,3.9536595,3.725028,3.0380032,3.1878083,4.0125995,3.350388,3.3985853,3.551062,3.2832642,3.2506235,3.0605674,4.4572506,3.920386,4.291005,3.9947245,3.357062,3.7869632,3.8599799,3.169643,3.430978,3.4863145,3.3775532,3.5578465,3.3749373,3.5540524,3.5704348,3.3239627,3.762207,3.4571562,3.3147743,3.4324765,3.2399578,3.6044545,3.6603734,3.7213736,2.9644473,3.4074056,3.8680422,3.8025541,3.7063007,3.5745997,3.1485255,3.198303,4.0748024,3.619863,3.9829347,3.6107254,3.8397348,3.7196023,3.6662107,3.615549,3.5188859,4.2965865,3.437603,3.1687393,1.1198045
200909,1.3874378,1.0748671,0.75228167,1.1254525,0.75168294,0.97914433,0.76717764,1.2008133,1.0640379,1.0164615,0.89042044,0.654983,0.5586052,0.7431212,1.0858724,0.7232238,1.0126032,0.92406255,0.53396076,0.84713787,1.6933298,0.7201591,0.631282,0.85794365,0.61716175,0.67669123,0.9869211,0.9274258,0.7313595,0.6204669,0.85275865,0.58679354,0.68147886,0.5923083,0.44992357,0.8980352,0.7599825,0.6909207,0.62532276,0.5248714,0.76434225,0.4588834,0.69009477,0.5628639,0.7927251,0.5926282,0.656356,0.5302274,0.31811455,0.7621167,0.618182,0.7113077,0.7504753,1.1049154,0.72061974,0.47363606,0.57394016,0.48091397,0.5041781,0.44418827,0.51206803,0.38393238,0.48494244,0.6121317,0.5285207,0.43464318,0.3414382,0.386632,0.5798141,0.25032246,0.42305198,0.39581543,0.21028002,0.20577922
200910,1.2350609,1.0762645,0.7474508,1.0930521,0.57570463,1.0467188,0.7331697,1.0981759,0.9984267,0.8587512,0.9749719,0.7566328,0.6542497,0.604637,1.0251172,0.72667426,0.93149984,0.8794515,0.63232183,0.94374865,1.6124991,0.52310807,0.701476,0.8885987,0.6889395,0.6597414,0.95589465,0.8719303,0.7947681,0.61668074,0.65680045,0.6673035,0.73624337,0.5821367,0.45707247,0.72473544,0.882878,0.6823158,0.57108164,0.549075,0.7170166,0.54564714,0.64022243,0.51372105,0.73033077,0.45289552,0.59614027,0.46906632,0.39170757,0.67143387,0.52399343,0.5571672,0.8432001,0.8885424,0.5581452,0.48311365,0.56208456,0.5108762,0.3888704,0.49912447,0.5153489,0.40029854,0.3946396,0.58822733,0.5348364,0.36582923,0.436932,0.40542755,0.5173299,0.25957668,0.46553165,0.39142674,0.20027858,0.2675445
200911,1.477749,1.09763,0.83503807,1.2447057,0.6491186,0.9537041,0.78702164,1.0364027,1.0608988,0.93255967,1.240926,0.6417183,0.65736175,0.5367632,1.0980297,0.7428866,0.88358915,0.9896022,0.66890424,1.1284754,1.8855641,0.6419559,0.6913278,0.8506762,0.68881345,0.8871863,1.0950167,1.039393,0.7797646,0.64788204,0.7164766,0.7769925,0.7464901,0.5571291,0.48589918,0.696971,0.7427961,0.66571295,0.6526852,0.5467337,0.80324155,0.4617281,0.60261613,0.50153315,0.84084934,0.5887004,0.68933076,0.556225,0.3844945,0.67149717,0.60765713,0.6901705,0.8945213,0.46580887,0.72715163,0.5230546,0.59517133,0.514396,0.4428984,0.5827395,0.53048056,0.45404822,0.54682666,0.7480147,0.47060978,0.4881643,0.3966018,0.42412004,0.69533885,0.2268817,0.48815277,0.43495053,0.20827387,0.207883
200912,1.372712,1.0755814,0.9384145,1.342272,0.6958283,0.98298615,1.0560484,0.9699083,0.9819383,1.0793523,1.1647406,0.93684125,0.85946995,0.8094575,1.2450868,0.87092793,0.97500813,0.93455297,0.8259791,1.0431901,1.8698992,0.89512587,0.82014817,0.7471724,0.8120342,1.0012207,1.2499006,1.015693,0.8637814,0.75862503,0.83699596,0.86755633,0.8814036,0.7231538,0.5314528,0.92231184,0.8490806,0.8763878,0.7222824,0.67010844,0.87986,0.6989143,0.71013063,0.5481276,0.85301644,0.57539284,0.6626103,0.59297365,0.67815423,0.78689486,0.7756055,0.8353566,0.95658946,0.413455,0.7443971,0.5770063,0.67781806,0.7057479,0.69200677,0.58035856,0.62218475,0.6059334,0.57885957,0.7546213,0.5749563,0.63060415,0.60714,0.5176546,0.65131897,0.24884371,0.5350125,0.52465785,0.20004162,0.18248098
201001,5.617435,5.591149,5.1812234,4.79026,5.579942,5.3002944,5.469387,4.7768874,5.133539,5.1515255,4.815278,4.7902336,5.020366,5.231303,5.2341995,5.496693,4.288572,5.423184,5.579538,5.1891255,4.9705105,5.2034764,5.664184,4.3927774,4.795467,5.281807,5.1242876,5.2667084,4.7744737,5.5425134,5.4128404,5.4322987,5.45822,4.684597,5.11538,5.349111,4.7633133,4.722006,5.1150093,4.6794105,5.3128576,4.8885818,5.3369694,4.295719,4.862892,4.749583,4.782224,5.034353,4.7420053,5.470107,5.1623697,4.989145,5.415502,0.22458673,4.6851516,5.336538,5.446025,5.1132774,5.3207517,5.058613,4.9514465,5.412414,5.2332993,5.0614786,4.8244586,5.326085,5.423355,5.1971583,4.2046432,0.6806484,5.358677,4.9875593,0.35548094,0.109728225
201002,3.1504612,2.3919969,2.1853433,2.5648,2.0585513,2.2186997,2.440856,1.7695832,2.0228755,1.857722,2.4091172,1.8321697,1.8385255,1.9139774,2.8823826,2.4299655,1.773944,2.1928527,1.8947421,2.2500582,3.4697778,2.0656338,1.8657566,1.7100651,1.862178,2.087775,2.6352065,2.0964227,1.9715009,2.0427618,2.3456168,2.478767,2.1208415,1.6831061,1.6883733,1.6538641,1.6626737,1.661366,1.7328038,1.7488497,2.153055,1.7540597,1.866733,1.4293646,1.8972722,1.5886812,1.6668313,1.6328962,1.7280967,1.7677184,1.9870723,1.6990637,2.3169398,0.36349082,1.5919663,2.0635624,2.2915473,1.8995421,1.8261462,2.001452,2.0813842,1.6138886,2.038956,1.6447418,1.9636786,1.9468441,1.7628396,1.9928458,1.439524,0.39644548,1.9612018,1.8736551,0.31000227,0.18551828
201003,6.914969,7.315108,6.642789,6.261081,7.1540437,6.7861214,6.8879423,6.9004717,6.8373504,7.0783973,6.490521,6.4878597,6.582406,7.0121346,6.951251,6.9721165,6.052274,7.264707,7.0822253,6.523504,6.1446667,6.6942677,7.617943,6.094921,6.174352,6.651537,6.53248,6.7819633,5.914066,7.380282,6.6787896,7.3090024,7.0289006,6.4870353,6.8361363,7.0551515,6.3095455,6.460229,6.9941306,6.2358317,7.0442142,6.304827,6.904507,5.976312,6.486426,6.402494,6.5351973,6.666306,6.373413,7.0161166,6.9333906,6.4674826,7.2789516,1.9015553,6.487101,6.793833,6.8981724,6.629753,6.8320045,6.7147126,6.4217286,6.9032636,7.224711,6.662516,6.3140273,6.898271,7.2543173,6.623253,6.452666,4.3646517,7.0450444,6.5350184,1.8902537,0.02427864
201004,1.2323979,0.94681036,0.8358937,0.85769886,0.6804552,0.97291684,0.80261165,1.0558338,0.9912556,1.0926641,0.8269482,0.74265224,0.7231952,0.66951346,0.9960924,0.7523992,0.93043625,0.8834329,0.6665925,0.9106504,1.638704,0.6446543,0.692935,0.8928585,0.7772374,0.699518,0.9965205,1.0493239,0.7363447,0.5935646,0.6772962,0.72880054,0.7624533,0.49838588,0.44559455,0.8525833,0.79304236,0.6485844,0.61414963,0.7162122,0.77647746,0.54866374,0.6765443,0.43609363,0.807652,0.43750092,0.64923763,0.49543515,0.5102738,0.6758101,0.48566866,0.6324971,0.70935607,0.7057659,0.679978,0.59409165,0.55248857,0.69706696,0.43859467,0.56848115,0.6464161,0.49274886,0.58923644,0.4908359,0.4323352,0.4757091,0.4710501,0.453086,0.47746474,0.22276787,0.46463615,0.35726824,0.19182058,0.17531867
201005,3.7636662,3.5714443,3.4051297,3.107183,3.530727,3.5481749,3.6279519,2.9902978,3.1844933,3.1623282,3.0808012,2.880624,3.1977408,3.3869295,3.3154109,3.549744,2.558347,3.4845083,3.4087057,3.4747126,3.6767063,3.3404765,3.6726243,2.7896357,3.169162,3.3914533,3.4148233,3.3827598,3.2944481,3.6305444,3.5924091,3.1613972,3.4023907,2.906371,3.0217204,3.1753132,2.9976223,2.9710894,2.8211782,2.8918471,3.301869,2.936592,3.3560817,2.5229037,3.3539288,2.5814369,2.8602314,3.1930554,3.0076914,3.368551,3.3055696,3.1473753,3.1270752,0.40184516,2.7708945,3.2089942,3.595317,3.3061857,3.4574702,3.243178,3.092623,3.138899,3.2407691,3.1855228,3.028477,3.150276,3.241471,3.2086368,2.4339218,0.2618949,3.2791548,3.1457682,0.23613122,0.15311599
201006,1.0727843,0.7106921,0.7374018,0.72299933,0.7272064,0.75759333,0.44529706,0.9414166,0.83011174,0.8425158,0.63078296,0.6331609,0.4368077,0.51269704,0.74132377,0.4782616,0.75763565,0.60101557,0.41236869,0.6567325,1.1170936,0.35133395,0.56635123,0.7164645,0.5437072,0.5423194,0.74573725,0.66844004,0.54284984,0.46452942,0.5844807,0.5528575,0.5981315,0.40399778,0.3961185,0.70575184,0.6351766,0.49624202,0.41692808,0.54490227,0.44818804,0.41748503,0.474827,0.29021725,0.55391395,0.34750876,0.49429783,0.36575854,0.34344164,0.6476844,0.30776158,0.59586716,0.4887126,0.93309504,0.58972746,0.35331276,0.4346059,0.3525062,0.31486756,0.32189626,0.43029356,0.3726577,0.31790358,0.5152657,0.30676493,0.3184902,0.29838306,0.2956197,0.40259025,0.22340149,0.29015926,0.28280157,0.17713907,0.13951336
201007,0.97527546,0.71715003,0.7508265,0.9482193,0.5447436,0.9819357,0.9337807,0.82017964,0.83057386,1.1068486,0.66560286,0.7559421,0.73317116,0.64653414,0.8915875,0.7262065,0.70513713,0.52501714,0.65567106,0.9072771,1.5672835,0.7670785,0.56465846,0.5893953,0.51864046,0.48971337,0.73096156,0.9278457,0.5509888,0.43920723,0.5908235,0.66333765,0.6072502,0.48531044,0.32085302,0.8862637,0.73102933,0.61903995,0.4929532,0.80117446,0.59014505,0.51307184,0.5086061,0.48731667,0.84635496,0.41326827,0.6131438,0.46067646,0.3682368,0.6929618,0.35973015,0.7903062,0.4477046,0.4765341,0.49427798,0.4730333,0.47995052,0.45938852,0.6030369,0.49611354,0.58421296,0.314617,0.33888966,0.48867732,0.62627417,0.39021605,0.47712055,0.4300917,0.35801145,0.2680018,0.5771875,0.49714383,0.22383069,0.0989642
201008,1.0774409,0.60827494,0.59516066,0.69067615,0.54358315,0.9030368,0.6289743,0.7087591,0.75658065,0.8655169,0.6028677,0.52693737,0.4356143,0.39163664,0.84531534,0.5923714,0.845819,0.63798445,0.4417607,0.6335645,1.0941045,0.503358,0.4549536,0.7385619,0.49102947,0.53130966,0.6979289,0.7070918,0.64907944,0.37186438,0.52875334,0.48007205,0.6488522,0.36354038,0.36835238,0.6855236,0.5071048,0.4479582,0.3891092,0.52490515,0.4589444,0.28327632,0.5363937,0.3049798,0.590135,0.31980866,0.49913934,0.2804918,0.34021276,0.59375376,0.319941,0.45621064,0.5166598,0.71435475,0.49733508,0.37254557,0.44758323,0.3132018,0.4203527,0.36990887,0.42954105,0.2391175,0.34747297,0.45236647,0.32155812,0.30801892,0.28143468,0.23316428,0.38479748,0.2127792,0.28702652,0.2541496,0.13607709,0.09433602
201009,4.0527167,3.9909391,3.4674208,3.267969,3.578473,3.458201,3.890768,3.0387788,3.3734934,3.6002865,3.1040952,3.1075554,3.1211603,3.5493972,3.5767403,3.7874317,3.023751,3.8854773,3.6898441,3.6789932,4.036484,3.7630954,3.7699256,2.947314,3.296083,3.5234497,3.473359,3.4878666,3.3317277,3.7880917,3.5956028,3.5762455,3.6742518,3.020684,3.2924302,3.3912175,3.1622105,3.0800366,3.4398174,3.0627284,3.537863,3.1731212,3.405749,2.6378393,3.4484768,2.7305782,3.2432694,3.0932581,3.1223218,3.7239122,3.5667033,3.3648984,3.474968,0.39170823,2.8926802,3.4332676,3.587077,3.5454316,3.6723704,3.2266269,3.25334,3.4319696,3.6444013,3.4410226,3.2879915,3.530518,3.5607822,3.4397736,2.6250875,0.36806068,3.4697948,3.446647,0.42881384,0.101598576
201010,0.82738394,0.53881776,0.654183,0.6292121,0.47652012,0.7989815,0.5044728,0.5964553,0.62584335,0.78325045,0.54359585,0.5974774,0.38720334,0.38107985,0.5747746,0.45281255,0.5617881,0.5362912,0.34494597,0.53102833,1.0455664,0.40337425,0.38400543,0.75366277,0.44874692,0.35944036,0.65399,0.56142414,0.37234423,0.33387083,0.36009896,0.4274037,0.5985413,0.34903997,0.33289003,0.6347742,0.42528757,0.34997934,0.37044948,0.48059076,0.40895265,0.29668584,0.41878444,0.35270265,0.4527347,0.24242198,0.35524076,0.2923141,0.275612,0.65699697,0.26039845,0.45526958,0.39549053,0.56072646,0.3894497,0.33004645,0.3818834,0.28622606,0.24370852,0.2411075,0.35544112,0.28196928,0.28537992,0.43098384,0.2639583,0.2418158,0.19828933,0.2186406,0.2940615,0.19391303,0.25406036,0.27374274,0.13007362,0.12658133
201011,3.883664,3.7750356,3.4050307,3.2186043,3.510133,3.7428157,4.1327405,2.9190974,3.2211468,3.621962,3.2328732,3.0224946,3.1279538,3.5165431,3.6219747,3.6380243,2.7897012,3.5766203,3.5952005,3.6407015,3.800794,3.6579807,3.7377129,2.7083592,3.2846134,3.618006,3.414326,3.3169026,3.301951,3.7307653,3.6095765,3.514331,3.5033429,2.9767146,3.249892,3.4117887,3.132458,2.9757607,3.1883886,2.9935548,3.410557,2.9076254,3.3241618,2.5981271,3.22824,2.8566992,2.9650676,3.142168,3.0723891,3.4630558,3.4944205,3.1758504,3.308659,0.4461552,2.9870994,3.4595995,3.5042722,3.5901244,3.460182,3.2153647,3.2705376,3.2777627,3.7543144,3.0945597,3.2172122,3.5158587,3.557831,3.3909662,2.313472,0.33543876,3.4688036,3.310232,0.49998155,0.1877539
201012,0.6946875,0.6057759,0.71710765,0.57757974,0.35340166,0.7165219,0.5607783,0.5384539,0.6034822,0.8085956,0.60894495,0.60977757,0.24919361,0.3311837,0.75773376,0.49633688,0.49752408,0.67202806,0.34116575,0.74167067,0.7522146,0.52105945,0.2358285,0.6105229,0.45147914,0.4457265,0.49865887,0.5139783,0.46499097,0.26511922,0.32011166,0.42716956,0.47307244,0.2806169,0.27771407,0.6321446,0.2720289,0.31906953,0.29355192,0.49900773,0.39246792,0.4087643,0.3070097,0.35378408,0.5373198,0.33815736,0.42582598,0.35395235,0.44169965,0.4488997,0.39281908,0.51515603,0.38729155,0.35508254,0.30836454,0.20699358,0.3583008,0.33408758,0.32621783,0.25838354,0.29099086,0.2822175,0.3450656,0.35312554,0.28171688,0.25062892,0.22778611,0.23483807,0.45820716,0.13662729,0.2610173,0.20909722,0.12118729,0.023659166
201101,2.1491473,1.4222845,1.4355781,1.6719954,1.1111631,1.6888685,1.4867281,1.3206261,1.3313333,1.938104,1.0698494,1.3179266,1.1480314,1.2411195,1.3721488,1.2276344,1.3521359,1.5853246,1.1190379,1.7822491,2.1308193,1.7141904,1.2635233,1.4646026,1.1699525,1.3333086,1.5190239,1.3349658,1.317699,1.1744108,1.3431499,1.3352767,1.3370003,1.0163623,1.071752,1.5439123,1.0245845,0.9731827,0.99245214,1.3064699,1.1245518,1.1514984,1.1485687,0.9199418,1.5842041,0.98829836,1.1418897,1.0713707,1.0624185,1.0352696,1.2236878,1.4312428,1.1775423,0.6536434,1.1726567,1.1074321,1.2236916,1.1172003,1.0525911,1.0271664,1.078801,1.1778388,1.2384694,1.0364947,0.92132384,1.1294868,1.1638497,0.96848035,1.0478257,0.30215523,1.030087,0.99700147,0.30509004,0.08055614
201102,1.0440881,0.54210156,0.72804433,0.6430366,0.6199915,0.9582344,0.6802825,0.80071515,0.9038181,1.0759605,0.6057648,0.77729124,0.47189528,0.54723114,0.6925535,0.5347901,0.72069,0.8008995,0.49193802,0.7033068,0.82969534,0.48780882,0.46910843,0.8122958,0.6533323,0.5939298,0.67942506,0.5068627,0.38683367,0.45120034,0.5002101,0.5518027,0.85024375,0.5302942,0.31408015,0.83018637,0.6361301,0.4170467,0.47997007,0.7098122,0.53689647,0.45230153,0.45735937,0.35712454,0.63525,0.47033742,0.4082846,0.49447387,0.31719863,0.756579,0.3848363,0.6863343,0.46386555,1.0914333,0.5165815,0.48622164,0.6039983,0.41811383,0.3512376,0.43264782,0.5340514,0.40506834,0.42537668,0.5543926,0.3824526,0.34823647,0.34679303,0.3011708,0.42756256,0.2037137,0.30765858,0.33132547,0.22232245,0.0899082
201103,0.6994812,0.37294272,0.64510494,0.506593,0.3411303,0.6749966,0.5736984,0.48032522,0.66803867,0.8692921,0.47549132,0.58069766,0.49315047,0.37543827,0.548416,0.5114159,0.6174999,0.4988196,0.3663318,0.73343086,0.47241747,0.46924144,0.29454958,0.59895015,0.43827343,0.4675595,0.5299265,0.54375905,0.35818267,0.29531315,0.3470407,0.4447005,0.70807934,0.3995979,0.23035403,0.6412229,0.4708128,0.32623184,0.3000145,0.6769993,0.34572488,0.34064,0.30395088,0.23000441,0.64318204,0.31239605,0.3780213,0.33991873,0.36598122,0.39644867,0.3258689,0.48784631,0.4303793,0.5741152,0.5053105,0.30167094,0.37096998,0.24851628,0.2612687,0.20424664,0.29959375,0.28728837,0.3090142,0.40571028,0.35436156,0.24915813,0.28198949,0.2668653,0.33994216,0.11207892,0.3061219,0.34161317,0.12062269,0.06679533
201104,0.94191974,0.51200795,0.6794621,0.75020254,0.4073619,0.8640808,0.6096749,0.42264485,0.79447883,0.96645117,0.5498891,0.6055697,0.31931928,0.37681964,0.47194338,0.45758754,0.54808414,0.54622316,0.3495561,0.6788803,0.77628076,0.51929516,0.30680573,0.52148676,0.40383708,0.5116878,0.63901204,0.5693809,0.41845873,0.36269382,0.35502154,0.49690473,0.71923107,0.32864824,0.24981225,0.76938856,0.40735832,0.32076222,0.4774564,0.50832456,0.31831548,0.4075294,0.33424863,0.33283803,0.53442013,0.24828038,0.440735,0.3179492,0.40861404,0.35534805,0.31929046,0.46032843,0.32862625,0.6851945,0.36451402,0.28495926,0.48640347,0.38564584,0.35090768,0.28915456,0.37979305,0.31760857,0.31693894,0.41791588,0.32058412,0.25105584,0.2149453,0.30513036,0.3856518,0.1151635,0.3002882,0.30306304,0.23804393,0.03320821
201105,3.1171,2.462865,2.2908301,2.1370382,2.1388452,2.3597584,2.6075966,1.7705882,2.0741072,2.308828,1.777076,2.1688967,1.922889,2.1802616,2.2776527,2.286295,1.7754472,2.337118,2.0313659,2.5125558,2.4569273,2.1376956,2.046777,1.8768947,1.878983,2.2813246,2.2881794,2.0479755,1.8280556,2.2420397,2.2752104,2.102037,2.5278695,1.9440075,1.6973615,2.2205176,1.9442098,1.6738981,1.6814493,2.045377,1.9637108,1.9461559,1.8267846,1.5573035,2.2715225,1.5160623,1.878699,1.820506,1.8950166,2.0308733,2.0376863,2.016731,1.7720383,0.9830251,1.8087599,2.0438097,2.14096,1.965678,2.1610422,2.071501,1.745794,1.9767842,2.0789785,1.7162323,1.8387551,1.7968738,2.025707,2.0023878,1.3901138,0.36303675,1.989349,1.9248008,0.3181717,0.05390568
201106,1.3735663,0.8323363,0.9501391,1.265004,0.8366918,1.5506752,1.3205489,0.96082604,0.97243315,1.4397733,0.8355902,0.9872345,0.9525446,0.76775223,0.8399028,0.8763153,1.1060673,1.0946965,0.8579809,1.3817859,1.3011609,1.1125418,0.6113534,1.2546275,0.76765174,1.0229566,1.0072311,0.9338237,0.9072568,0.6762751,0.7412517,1.2973841,1.2031031,0.7750681,0.75142324,1.0736519,0.8294683,0.71017814,0.7801422,1.0492984,0.69155306,0.8856022,0.6244564,0.62290686,1.2090513,0.7201223,0.82769597,0.70672184,0.80432725,0.6803961,0.7554651,1.0675198,0.89257324,0.71318877,0.96335363,0.9088839,0.7800136,0.74412185,0.7800845,0.7150611,0.82545197,0.686501,0.64718074,0.7592286,0.7283179,0.7469445,0.8186763,0.7259375,0.6967411,0.21401678,0.63574076,0.60250634,0.22939633,0.09014859
201107,1.9055265,1.1665392,1.4291339,1.3102081,1.0383115,1.6070709,1.4094234,1.0893642,1.0471069,1.7352915,1.0377388,1.0895882,1.0323356,1.0313708,1.0424052,1.3749207,1.0186311,1.6998062,1.2173226,1.9515603,1.6041465,1.2123148,0.92635936,1.3660803,0.8994571,1.0552844,1.2004987,1.1715819,1.0569147,0.88488173,0.9944013,0.95156795,1.3790085,0.91410613,0.7277428,1.3500851,1.0899327,0.6493409,0.97454524,1.2503918,0.8216642,0.8739782,0.83409816,0.6950957,1.4348612,0.8401673,0.9253212,0.93592626,0.8559225,0.7679058,0.7955664,1.3924735,0.7773453,0.65227437,1.0624651,0.9340641,0.9254741,0.7302026,0.80914813,0.7173297,0.9882557,0.8552876,0.71021825,0.97800165,0.82180065,0.63868725,0.7302709,0.7725888,0.86999995,0.2952474,0.7811735,0.7610075,0.18489149,0.0646032
201108,5.70556,5.559383,5.301752,4.6627665,5.6251626,5.426748,5.613719,4.9906545,5.097479,5.3129363,4.9199805,4.9829216,5.061484,5.399037,5.3286047,5.51172,4.586205,5.4842668,5.520103,5.174463,4.8755727,5.316915,5.9521065,4.575701,4.969216,5.2243247,5.1930914,5.137998,4.758537,5.696054,5.5596156,5.647683,5.486092,4.9922953,5.0870194,5.56903,4.877725,4.835401,5.252825,4.9365664,5.578523,5.051124,5.408543,4.3361697,5.00621,4.634768,5.120737,4.997331,4.9232326,5.460201,5.5516796,4.96285,5.260912,0.4456547,4.755152,5.259237,5.550684,5.251212,5.508174,5.1844707,4.8784585,5.452401,5.4727635,5.0942426,4.962335,5.378608,5.574662,5.388426,4.5794115,1.0835143,5.4802227,5.0269694,0.31516764,0.047301035
201109,0.7831948,0.4292483,0.6158457,0.69558287,0.35295856,0.7646869,0.5780907,0.5648917,0.5508052,0.83282566,0.43245795,0.62592286,0.31760013,0.37798125,0.48618934,0.4856113,0.53907824,0.59214056,0.24141242,0.81345206,0.44259065,0.43641716,0.28339618,0.6743311,0.3808284,0.5102071,0.5828489,0.43719712,0.35379767,0.226116,0.32061815,0.61426526,0.5935938,0.22863005,0.25877663,0.67464143,0.5350302,0.26117355,0.369467,0.46355385,0.45071858,0.29672936,0.39990142,0.2783047,0.52888834,0.24584231,0.31750238,0.3234706,0.31466225,0.4360052,0.34082553,0.37166023,0.27964732,0.49305514,0.4128171,0.32010883,0.27491653,0.25258642,0.31231526,0.2910753,0.3780781,0.262672,0.2276985,0.3932894,0.2720179,0.22257893,0.3387938,0.20586526,0.33745292,0.10889585,0.2790101,0.25620937,0.12427184,0.031504232
201110,5.672073,5.68202,5.186949,4.666344,5.6036944,5.328113,5.6228194,4.8699627,5.3477263,5.360246,5.2478514,5.0870285,5.053159,5.492861,5.3051515,5.65063,4.597609,5.5100007,5.6211295,5.0967617,4.8347754,5.3522363,5.9265347,4.5902653,4.953316,5.269244,5.2421007,5.194618,4.72401,5.7803926,5.6845145,5.734582,5.5106087,4.8514066,5.2768316,5.4801445,4.92251,4.8204317,5.248972,4.869222,5.613772,4.960635,5.3732767,4.401611,5.041563,4.758994,5.000028,5.231032,4.8859406,5.4980674,5.356026,5.19882,5.5263143,0.38311508,4.877093,5.2935996,5.4663496,5.2873936,5.369575,5.171064,4.9986725,5.567982,5.512965,5.232327,4.8966427,5.4577894,5.552875,5.213483,4.7473273,0.58270955,5.415417,5.0652657,0.32957283,0.02924069
201111,0.9412972,0.5359587,0.53663963,0.5492035,0.53571665,0.83979326,0.66284066,0.66723615,0.5661669,1.1661856,0.48252374,0.6676601,0.5846832,0.37614852,0.5219682,0.7652971,0.6578646,0.57584023,0.3695149,0.78468704,0.7117945,0.7251824,0.31807333,0.7094886,0.4009626,0.545365,0.76191604,0.64383125,0.4828597,0.31348756,0.42995226,0.5828579,0.6169625,0.4228434,0.43061367,0.8104113,0.59344184,0.33759683,0.4137503,0.49864832,0.43574414,0.48125768,0.43509912,0.46446276,0.6765006,0.28173283,0.4448725,0.40209636,0.34293473,0.39854345,0.52155495,0.586008,0.43028536,0.39236552,0.47910848,0.39131844,0.3708683,0.3644898,0.38367128,0.34561786,0.5175461,0.3684359,0.3485668,0.33270615,0.3119334,0.34205732,0.32315958,0.36986953,0.41848153,0.16214149,0.27306974,0.3978329,0.14043242,0.017271789
201112,3.3515582,2.1203313,2.0836532,1.8487642,1.8688127,2.4912488,2.8107197,1.5907935,1.8763229,2.287637,1.9682505,1.9449875,1.7604878,2.0967991,1.9329513,2.5208259,1.605752,2.4866927,2.2108772,2.2549696,2.2288694,2.1745503,2.036581,1.8049405,2.0142431,2.0260456,2.2342277,1.9634403,2.121327,2.135515,2.1943944,1.9506352,2.2361984,1.7448815,1.9958814,2.2738883,2.0976849,1.5232615,1.8103153,1.8353236,2.0857077,1.8068498,1.8431096,1.3839486,2.2839353,1.5926715,1.8844051,1.8233824,1.7018675,2.0189958,2.1122768,2.0579565,1.8945876,0.9326278,1.7220798,1.7841058,2.1295197,1.9643049,2.182399,1.7837698,1.9865192,1.9762594,2.3650255,1.9035947,1.8493667,1.9071223,2.0353026,1.825402,1.4338602,0.33814982,1.8505034,1.8271633,0.73079854,0.046681248
201201,7.3892446,7.448757,6.7751355,6.40321,7.4402027,6.9584327,7.260234,7.073752,6.958014,7.1811376,6.8449574,6.890133,6.9762163,7.448529,7.149453,7.0904922,6.270067,7.2450385,7.314453,6.8293443,6.4797807,7.0643067,7.9727693,6.345767,6.3188834,7.0102,6.655542,7.02328,6.323225,7.560815,7.1204524,7.7586393,7.319921,6.5677447,7.0767684,7.3732114,6.614964,6.7167697,6.90845,6.569815,7.442549,6.4779143,6.9850197,6.1232967,6.6649547,6.8533287,6.7009544,6.8620524,6.559282,7.273597,7.080658,6.7430987,7.4823165,2.162728,6.765766,7.038172,7.3013487,7.108924,7.264989,6.6434016,6.508407,7.2302775,7.4537797,6.95911,6.4165673,7.252972,7.334748,6.7418623,6.8356137,5.2699018,7.3176546,6.8806496,3.6218855,0.0138231795
201202,0.6703077,0.5256137,0.59187376,0.7334867,0.55086213,0.7511116,1.0832878,0.5363402,0.44774982,1.0353594,0.40867034,0.59353054,0.57291794,0.47456363,0.5789865,0.726696,0.54433244,0.7355754,0.50606334,0.7338223,0.8035846,0.69423825,0.44867828,0.7267722,0.5701638,0.5159184,0.61940145,0.64079946,0.7689504,0.49214476,0.67958546,0.60205144,0.71535975,0.7460768,0.4816685,0.81972235,0.7357341,0.45453867,0.50588876,0.66727793,0.4842959,0.61088425,0.52024025,0.50707585,0.71990937,0.41930258,0.46282947,0.6946193,0.49063757,0.48690155,0.6080859,0.634967,0.60621476,0.5933285,0.6272513,0.59324306,0.57363933,0.60570514,0.50717366,0.55660594,0.59403294,0.5798342,0.5899166,0.6166717,0.44104263,0.5169926,0.5220206,0.52262956,0.44839436,0.22041611,0.40399754,0.49420738,0.20203376,0.041301873
201203,6.225378,6.3273225,5.7834063,5.342042,6.119577,5.9961486,6.1184654,5.696347,5.7256,5.970889,5.7213974,5.6799407,5.7314863,6.2346354,6.0870366,6.151811,5.1912513,6.106056,6.18484,5.7617874,5.377641,5.965008,6.849837,5.370528,5.4305906,5.945577,5.631167,5.8909993,5.451023,6.3701887,6.1829147,6.3798327,6.20957,5.3071723,5.816791,6.0026617,5.49904,5.5657587,5.8069077,5.354059,6.1899676,5.4713745,5.932233,5.1292825,5.586213,5.4569535,5.3142247,5.6874924,5.621172,6.180554,6.0277166,5.649286,6.1931105,0.19628805,5.5177145,6.0197706,6.1514587,5.992179,6.08678,5.771474,5.413493,6.078554,6.0725527,5.6917257,5.428713,5.9327307,6.2985954,5.759053,5.507791,1.8115373,6.0691304,5.4673896,0.9707808,0.018259859
201204,4.639989,4.612639,4.3302608,4.060954,4.6512527,4.6595736,4.713971,3.8424392,4.26348,4.4225135,4.128128,4.1295223,4.1402526,4.602886,4.4818616,4.8161216,3.685013,4.764814,4.748654,4.305775,4.0694475,4.6461654,4.9427476,3.791956,4.0819974,4.4543824,4.3039355,4.1995254,4.067251,4.7297783,4.7173376,4.6503024,4.6523733,4.0492544,4.201468,4.306922,4.0807376,3.7751973,4.2276354,3.9307752,4.6020875,4.076936,4.3375316,3.5695312,4.1782312,3.775197,3.9952729,4.282002,4.1504517,4.4837317,4.443606,4.3330846,4.5000935,0.249608,3.9172137,4.4678965,4.6246943,4.474461,4.632488,4.1690087,4.176222,4.595366,4.5376325,4.347634,4.1146235,4.4416833,4.718567,4.401774,3.6182926,0.532759,4.721068,4.2754264,0.5603821,0.041884925
201205,7.4493456,7.5794706,6.9224353,6.333877,7.3131657,6.9574466,7.0571475,6.913286,6.9023542,7.2801347,6.678135,6.921981,6.9077625,7.507453,7.2693167,7.2655993,6.211324,7.421799,7.48257,6.805007,6.359086,6.830641,7.8639817,6.422079,6.390875,6.967018,6.775912,6.9137163,6.3894153,7.7091904,6.9950113,7.7930846,7.3504486,6.5522633,7.100209,7.490575,6.60122,6.543263,7.042495,6.737984,7.58094,6.553244,6.8774085,6.049328,6.5074925,6.701314,6.567309,6.898557,6.6190834,7.175815,7.090527,6.788574,7.5183454,2.0816777,6.7957454,7.036112,7.225753,6.8647733,7.1109595,6.8561053,6.2793565,7.3064423,7.205633,6.799931,6.453912,7.127244,7.3727937,6.7866273,6.9061713,4.9576764,7.2220836,6.766725,3.3182554,0.009159606
201206,6.3918447,6.495837,5.7918134,5.3751473,6.2254744,6.0183406,6.2137628,5.7215314,5.8370805,5.9803877,5.626499,5.818913,5.7435164,6.455643,5.9659905,6.156017,5.216954,6.238722,6.176151,5.8108716,5.610154,6.0606155,6.6789317,5.29176,5.3404727,5.9923034,5.749782,5.8960347,5.404122,6.4700384,6.3344703,6.356378,6.231762,5.453215,5.6974125,6.10281,5.481102,5.3702545,5.917359,5.4183125,6.18002,5.5696406,5.9102907,5.16206,5.682488,5.5500784,5.7306786,5.7219343,5.504173,6.1714616,6.1916676,5.8456554,6.2402606,0.18779078,5.4989934,5.907592,6.326543,6.002072,6.2667055,5.8195577,5.6197486,6.3190646,6.1785126,5.8230343,5.551816,6.084587,6.2607355,5.7797074,5.5750685,2.0631442,6.0478826,5.6395383,0.657257,0.019072449
201207,3.1466231,2.8438995,2.6498356,2.7562463,2.7377932,2.9447858,3.3269083,1.9469323,2.4606059,2.333446,2.5396316,2.4851255,2.4858913,2.740141,2.6347136,3.1404698,2.2259927,2.9757323,2.9097028,2.629604,2.6526687,2.9556391,2.8622558,2.2163906,2.5948389,2.751218,2.7194705,2.6106985,2.7560103,2.7772324,2.9976544,2.791592,2.8522353,2.4150906,2.5672417,2.5316186,2.5860744,2.138061,2.4808865,2.456288,2.981923,2.523097,2.8138928,2.1524546,2.884394,2.153807,2.6230755,2.4420156,2.5930624,2.6802585,2.6660273,2.5347025,2.4878678,0.50423235,2.2040122,2.7798707,2.9427319,2.8039896,2.9840488,2.6497815,2.5553124,2.8895297,3.1423566,2.5047584,2.6684787,2.650312,2.7015476,2.7313766,1.913899,0.35650688,3.0105865,2.6207018,0.36636895,0.057293013
201208,7.291492,7.541031,6.8411274,6.3102503,7.2329764,6.988979,7.1513,7.050171,6.887043,7.253702,6.664,6.9786916,6.872702,7.4182425,7.25613,7.189948,6.087047,7.216013,7.411198,6.906443,6.56552,6.914053,7.782546,6.3958883,6.425613,6.923252,6.752429,6.916721,6.11376,7.6704574,6.962243,7.854954,7.173283,6.5678773,6.9144435,7.559267,6.5610113,6.8028836,6.9050674,6.4669633,7.31946,6.5262194,7.2141347,6.123041,6.46483,6.7764115,6.732601,6.7498403,6.759245,7.1783633,7.0170417,6.8622127,7.5805163,1.992241,6.626126,7.022272,7.1128287,7.2472525,7.019161,6.926467,6.4973826,7.3413167,7.264382,6.848672,6.4508896,7.2754664,7.518409,6.87333,6.8871875,5.0069437,7.3585224,6.7983975,3.1682444,0.010683734
201209,4.8400655,4.891639,4.4481177,4.0801935,4.7853827,4.6259108,4.7865887,3.9612741,4.3731065,4.37696,4.317956,4.2131867,4.206937,4.640333,4.544705,4.908572,3.5446472,4.541175,4.714731,4.3673906,4.296161,4.5790825,4.978502,3.838266,4.1455073,4.526491,4.4138002,4.3143225,4.2171755,4.7680235,4.7757335,4.778124,4.683121,4.1570463,4.4341307,4.36506,4.0633063,3.8619654,4.1882725,3.9893858,4.6831183,4.1882615,4.331355,3.425189,4.0723696,3.9554586,4.222712,4.3105745,4.0250473,4.6308856,4.6338425,4.113054,4.4454045,0.160933,3.9070766,4.489247,4.7633424,4.513216,4.7110853,4.175253,4.1823354,4.657917,4.6183286,4.337625,4.194986,4.5696177,4.6777973,4.358557,3.6005857,0.5309472,4.686034,4.188212,0.19203238,0.034273993
201210,2.216316,1.7978709,1.7929776,1.6083088,1.5861892,1.9146795,2.4272099,1.310323,1.4482142,1.7496564,1.5597001,1.4591072,1.2592899,1.4964749,1.6167747,2.0929363,1.3550713,1.6943822,1.6582285,1.6867247,1.6838348,1.8023684,1.604867,1.3314068,1.730754,1.6149946,1.588705,1.4844329,1.5271283,1.6880257,1.8307728,1.6142766,1.6890246,1.4167659,1.387155,1.604551,1.5455928,1.3346223,1.5448458,1.7285916,1.6495214,1.5272341,1.5406023,1.1782063,1.6829002,1.2276473,1.3504349,1.4665037,1.4840307,1.527072,1.6021371,1.5419382,1.4422241,0.37026754,1.30242,1.6263806,1.7339351,1.5716219,1.702664,1.3581413,1.520648,1.5847796,1.6316568,1.3540728,1.5596998,1.5829467,1.7796537,1.6284666,1.0123017,0.24667193,1.6324245,1.4325061,0.7810212,0.06686933
201211,7.3523755,7.631167,6.8574257,6.494994,7.3721905,7.0798526,7.265455,6.94313,6.8913083,7.300289,6.7586546,6.905834,6.9876637,7.4609194,7.212362,7.12455,6.117185,7.3675146,7.3420534,7.009301,6.518734,6.905857,7.9598007,6.39078,6.380698,6.8153067,6.8387246,7.074632,6.212813,7.670658,7.0351567,7.723834,7.3331847,6.652067,6.903368,7.562744,6.468534,6.818911,6.941618,6.609534,7.3009586,6.538566,7.05823,6.3125606,6.4898696,6.8107133,6.7886224,6.7581534,6.6937237,7.2946644,7.15131,6.9663324,7.7621727,1.8310957,6.619389,6.7431846,7.185905,6.931537,7.1463127,6.738669,6.34447,7.399984,7.1944337,6.738264,6.5425735,7.3108244,7.3365593,7.012996,6.7813783,5.0427065,7.2517123,6.6596994,3.7561288,0.009531419
201212,2.0330942,1.6740702,1.7811905,1.7246764,1.8700052,1.9957322,2.274686,1.4653335,1.4927232,1.7770592,1.6992917,1.571985,1.3868004,1.6803864,1.7475328,1.9436628,1.1827415,1.6805544,1.6415586,2.0269518,1.645538,1.9425287,1.7490059,1.3482969,1.6617588,1.6554277,1.7390103,1.5279161,1.6765977,1.5835791,1.9635535,1.8696773,1.9513229,1.6099921,1.5308559,1.8667141,1.7166915,1.2466668,1.5708961,1.8399783,1.7195626,1.5907254,1.5013902,1.2074527,1.7853386,1.2136099,1.6392617,1.3705009,1.4970064,1.5643948,1.5001549,1.7727358,1.6558537,0.56412834,1.1978736,1.5961206,1.6778437,1.6220022,1.8698708,1.5278648,1.4943466,1.6244172,1.8452833,1.6544679,1.6224794,1.6220738,1.6578792,1.6270036,1.2755482,0.31727725,1.639291,1.5858347,0.35245612,0.056470275
201301,0.7943302,0.4556062,0.5064229,0.46835428,0.46178415,0.6310858,0.68952245,0.32578874,0.25211447,0.7967784,0.32713145,0.52602607,0.41931406,0.3317613,0.6225122,0.542843,0.42395684,0.54175603,0.3282876,0.46977043,0.5627923,0.59528786,0.36695805,0.4985972,0.43282485,0.3468329,0.49709678,0.56436145,0.39833543,0.4272465,0.4909277,0.47180974,0.6379206,0.337941,0.39900404,0.64996034,0.5557621,0.40623122,0.26680505,0.71878374,0.30342484,0.364977,0.31885988,0.42758644,0.5543821,0.30331558,0.3756232,0.30480298,0.46935868,0.32782182,0.31629658,0.34312785,0.35207173,0.22886412,0.36439762,0.34358042,0.2876642,0.5047077,0.4666408,0.3660537,0.35554588,0.26479807,0.3108057,0.2649666,0.27537107,0.2808391,0.2994969,0.3302998,0.32708868,0.07501025,0.2750927,0.27899036,0.092746556,0.019150533
201302,1.5300504,1.0025826,1.0418527,0.9443874,1.0116181,1.3355521,1.846704,0.77401304,0.9023274,1.4791403,0.89260006,0.93367124,0.79404527,0.9846455,1.0843595,1.2456163,0.8459831,1.3381922,1.0281408,1.1966577,1.2688951,1.4758899,0.92848855,0.8525598,1.1320174,1.1244609,1.0259993,1.1956398,1.0930364,0.9555119,1.1804864,1.1182351,1.1164802,0.8398105,0.80611426,1.30393,0.9568388,0.88983935,0.89421684,1.1883137,0.9628855,0.88843936,1.0480199,0.8158011,1.0900377,0.77532357,0.909926,0.841137,1.1007379,0.85269433,0.8545836,0.79669076,1.0722995,0.52993655,0.71834195,0.818704,0.8991367,0.9528282,1.1178945,0.8711982,1.0183694,0.91146964,0.92301303,1.0223212,0.79248714,0.8309361,1.0923254,0.7967385,0.8253646,0.19958855,0.91007775,0.9530232,0.6391581,0.03655025
201303,3.1771345,2.982474,2.6300707,2.524283,2.8489442,3.0484922,3.1834133,2.2701962,2.6883278,2.6540346,2.798189,2.4069972,2.6417153,2.834252,2.9943001,3.2895417,2.408297,2.8644397,2.8036838,2.7529397,2.6633992,3.0746818,3.0576408,2.1545854,2.675791,3.0032303,2.7521746,2.6984007,2.5744765,2.986371,3.1287022,2.9233532,2.9108665,2.506451,2.5118377,2.6288788,2.591623,2.2257087,2.4734762,2.4679322,2.8917434,2.6707592,2.7541838,1.9866142,2.814377,2.3952758,2.5219622,2.591297,2.5070214,2.7347395,2.9420831,2.5906417,2.7710094,0.42596745,2.2388065,2.853251,3.0555804,2.8613927,2.9372754,2.5484889,2.739112,2.8724902,2.9418168,2.64894,2.628336,2.8255298,2.755241,2.6931407,1.9279432,0.2871917,2.9377813,2.6280434,0.28983837,0.046848156
201304,0.3562158,0.17093314,0.35465392,0.19312295,0.22551264,0.2899374,0.27346265,0.31257293,0.34851214,0.6219798,0.23744503,0.3326432,0.14273137,0.1456634,0.17825337,0.19417128,0.14968103,0.33086398,0.15446569,0.26743233,0.2819691,0.2017153,0.13750933,0.2577183,0.30486354,0.13484403,0.25938573,0.22541083,0.14137624,0.13866216,0.1429013,0.26159778,0.35401574,0.1675722,0.10438465,0.3684679,0.15024936,0.15531166,0.12302261,0.28404668,0.17485318,0.1341638,0.14830454,0.10794634,0.16330722,0.14312935,0.10462208,0.101777434,0.1394196,0.3374305,0.20013176,0.17457765,0.11148535,0.56593883,0.16346844,0.14989758,0.12379173,0.16242258,0.16512173,0.06651753,0.19629353,0.13690065,0.10398112,0.24558786,0.099270634,0.06288421,0.084269986,0.09081949,0.25316364,0.07796387,0.121738136,0.2101168,0.081763856,0.03669843
201305,0.16760954,0.12955153,0.28435814,0.10698525,0.18008783,0.21681371,0.22008806,0.22604401,0.27438745,0.4799182,0.123295724,0.2619516,0.052073747,0.072645746,0.09986332,0.11057045,0.114676975,0.24990311,0.08637372,0.20573129,0.23516084,0.12510984,0.0715448,0.15485974,0.2537244,0.12044134,0.16897175,0.14386083,0.067369245,0.108212896,0.069246836,0.23596226,0.20866747,0.088431545,0.070515834,0.32276958,0.0712629,0.11734133,0.10602631,0.26049912,0.13538308,0.064185046,0.0908419,0.0785626,0.16888306,0.072311506,0.10317549,0.07085809,0.08709277,0.18897456,0.08052539,0.098187566,0.08629274,0.21937433,0.09794996,0.094887346,0.06736511,0.079180546,0.10958131,0.08142914,0.14181082,0.055642977,0.057197735,0.16236971,0.07529232,0.033009864,0.08765198,0.07076032,0.1160696,0.056176238,0.074153885,0.13824867,0.073366046,0.021091867
201306,0.2939396,0.25197303,0.19171974,0.19070807,0.14735256,0.37715456,0.49842668,0.19702855,0.2581391,0.5438214,0.17505531,0.19747463,0.15797442,0.18003456,0.21269196,0.23375502,0.17434947,0.29869226,0.16745369,0.3010907,0.21678327,0.2500162,0.1586262,0.2504285,0.3483131,0.26314107,0.2466233,0.2503311,0.21748565,0.17246394,0.20472287,0.4075202,0.16607088,0.14930817,0.15741836,0.42592138,0.24157426,0.18264514,0.12318616,0.39052907,0.17766139,0.22616884,0.24423069,0.11390069,0.34107494,0.13234289,0.14783676,0.14981602,0.1759202,0.18223886,0.22891282,0.21808778,0.11534938,0.121022284,0.17411844,0.12653895,0.18193969,0.1860449,0.20560436,0.16871995,0.25381818,0.192407,0.117693305,0.20020339,0.16520949,0.13344002,0.21699913,0.11212935,0.18452622,0.036562834,0.15553576,0.09388467,0.049313728,0.025423093
201307,0.47890523,0.4232144,0.44542438,0.4865517,0.35120136,0.54528904,0.7504534,0.29597118,0.30703738,0.8739663,0.3885886,0.5181008,0.40146703,0.26258177,0.41286162,0.43719387,0.46443734,0.49119574,0.29953513,0.5700181,0.50555146,0.48901123,0.29850605,0.4227385,0.49704343,0.36838078,0.5176504,0.45424917,0.32975018,0.30531305,0.34342247,0.5993556,0.59137064,0.42589596,0.22234386,0.73004717,0.45022085,0.3157277,0.2907872,0.75534546,0.27390522,0.3627332,0.3405688,0.31263602,0.5241035,0.24673186,0.28825614,0.3369034,0.318446,0.33697137,0.38223907,0.468029,0.3031504,0.19276011,0.30886748,0.3597074,0.25964805,0.40069383,0.3740349,0.27843937,0.28305113,0.36835068,0.3026881,0.41229212,0.24758533,0.31879166,0.23003523,0.29794297,0.23676217,0.11481363,0.2541804,0.28347436,0.14467564,0.014488528
201308,0.23069537,0.13715596,0.12958753,0.14877579,0.08562423,0.2412362,0.3123739,0.15066631,0.15760875,0.44232193,0.105818324,0.20379597,0.057005454,0.054848436,0.21167739,0.17493945,0.09953281,0.35629952,0.12210597,0.14174908,0.1356426,0.08939114,0.10791505,0.1813077,0.23482849,0.11342069,0.15935093,0.1671452,0.16334191,0.1202017,0.1304922,0.20983249,0.2976153,0.11316727,0.06947671,0.30219582,0.11259345,0.10469547,0.086479746,0.29853064,0.11930271,0.13293414,0.18791382,0.11249852,0.19664337,0.075672776,0.12622193,0.06880811,0.050810225,0.13068739,0.13444595,0.13447545,0.06816021,0.09663973,0.1337269,0.1088828,0.043329876,0.133002,0.14353664,0.096843645,0.14310876,0.08655167,0.110254616,0.10635399,0.09955159,0.102011204,0.12661621,0.077883504,0.10789324,0.021323772,0.07703688,0.08086873,0.05459477,0.009501693
201309,0.6506284,0.48091406,0.56382245,0.40801474,0.41827866,0.5947539,0.90013134,0.40613535,0.3701958,0.95785075,0.42335013,0.6063001,0.3870972,0.27898335,0.36462244,0.501454,0.39896476,0.5594376,0.28988552,0.5695034,0.4160071,0.5518611,0.27102083,0.48575187,0.5371903,0.43846348,0.46974328,0.3878737,0.36564714,0.2979414,0.35292423,0.6559241,0.7404165,0.37854955,0.32855698,0.7416829,0.34562933,0.35519695,0.30049378,0.6002942,0.35096264,0.2866097,0.33088326,0.35386,0.45061487,0.39409372,0.4439269,0.34539258,0.36117876,0.397007,0.53459877,0.36479476,0.41502526,0.1891848,0.33147702,0.44605586,0.2525339,0.4525211,0.42527947,0.32315293,0.5035721,0.26526356,0.27679485,0.39756122,0.2420693,0.2754864,0.35199744,0.35259038,0.50024074,0.14512381,0.2823502,0.2966719,0.17882949,0.01949251
201310,0.47732475,0.42400756,0.53992,0.34485814,0.39184406,0.53379333,0.62142664,0.29204223,0.30621988,0.72839016,0.3200118,0.3312834,0.20972623,0.26979917,0.28879523,0.40633613,0.20619737,0.2587611,0.2648413,0.38425127,0.33254054,0.3489302,0.26998693,0.33641875,0.4686585,0.21130279,0.38695124,0.3949485,0.26196277,0.28527156,0.3596575,0.48063853,0.49770057,0.24870662,0.32451636,0.57439494,0.30310512,0.35093686,0.2629824,0.52073455,0.3358085,0.2603669,0.26058275,0.22915046,0.41798976,0.2819683,0.2751457,0.25832015,0.28030366,0.21722794,0.29057586,0.36047804,0.27042747,0.09857824,0.2832811,0.2791474,0.25121424,0.25143394,0.33077416,0.2206371,0.29754657,0.22472566,0.24761212,0.30442098,0.25637716,0.2583949,0.32598138,0.30960676,0.31365883,0.13568924,0.23676777,0.23295684,0.088861816,0.020798564
201311,4.8051395,4.9731226,4.4802146,4.065891,4.912543,4.825847,4.9250484,4.239813,4.320163,4.5836077,4.513335,4.380631,4.4341154,4.8151608,4.656704,5.0700197,4.002562,4.7713714,5.0605326,4.506341,4.3038363,4.8015714,5.1019807,3.9900293,4.2081456,4.52507,4.3236437,4.452466,4.261962,4.8837266,4.882186,4.956937,4.669149,4.265613,4.538605,4.5369444,4.21626,4.0019174,4.338719,4.2288027,4.962981,4.3086987,4.4706864,3.7795677,4.3116446,4.2429185,4.022624,4.4490733,4.369254,4.6455293,4.7179513,4.3337026,4.862294,0.14091563,4.2535706,4.6243553,4.809007,4.4345946,4.876974,4.3460355,4.275686,4.813307,4.880378,4.418952,4.2633443,4.7619743,4.936453,4.5572977,4.0473857,0.8234127,4.755564,4.2924757,0.31586435,0.03173291
201312,0.5256798,0.36774674,0.5151845,0.43229535,0.4016035,0.6506366,0.6660372,0.3936531,0.3344455,0.6851545,0.47949034,0.5448113,0.24761675,0.28407893,0.3871004,0.41656786,0.25491083,0.34948796,0.37697807,0.57324415,0.55174285,0.40066168,0.29162544,0.35000473,0.56166965,0.3167384,0.4350702,0.4594837,0.4095835,0.28263178,0.4271534,0.6058251,0.46704495,0.40997967,0.39605522,0.60632616,0.35363707,0.35637203,0.29192412,0.48936623,0.46936417,0.33708116,0.35419965,0.24546774,0.41953894,0.29006153,0.39461938,0.37891316,0.50056636,0.29660362,0.361454,0.40946558,0.28394404,0.15345751,0.3535574,0.34782457,0.30212477,0.4224294,0.35846895,0.4456309,0.3527789,0.41495934,0.359273,0.3811177,0.3849496,0.36667013,0.30923867,0.3933281,0.26196983,0.1467032,0.39629808,0.38378018,0.102165945,0.014902558
201401,0.3380476,0.20344733,0.25974718,0.25254706,0.1403569,0.33334562,0.35166013,0.18812929,0.1262589,0.42577308,0.21202914,0.32443783,0.16202714,0.17074867,0.23216209,0.25627005,0.19502379,0.2461405,0.19358104,0.43313596,0.2412013,0.16698042,0.16751368,0.2142484,0.2793239,0.14664914,0.24389036,0.38288197,0.15872875,0.21440248,0.30761895,0.32235286,0.37402678,0.18026973,0.15645123,0.29833207,0.20259908,0.18577786,0.19480264,0.35560858,0.16583514,0.2543201,0.20227107,0.21054,0.20876639,0.1905061,0.17530587,0.18318036,0.16291134,0.19062614,0.19195788,0.21667275,0.13486747,0.16239016,0.19951057,0.20089436,0.16784285,0.19925871,0.13676189,0.18685639,0.16020755,0.18526691,0.16286418,0.15101038,0.21087207,0.17682509,0.22056633,0.2138766,0.18153957,0.13288799,0.21674007,0.1741091,0.06646639,0.020891855
201402,0.45022517,0.1982853,0.53236014,0.23637691,0.37178126,0.3581355,0.37262473,0.26252124,0.38129044,0.5865755,0.36819482,0.41481936,0.16933848,0.26179177,0.25837135,0.20011902,0.21883322,0.1994998,0.20382759,0.4174722,0.37737548,0.23640725,0.16231646,0.2679665,0.36763665,0.16506428,0.36583406,0.31163415,0.22221293,0.22355716,0.27174997,0.37707612,0.6808403,0.25634685,0.14947471,0.45003298,0.29251668,0.29549247,0.24889618,0.44825944,0.18673982,0.16192925,0.18618369,0.21483864,0.26646906,0.23532991,0.21785511,0.2016384,0.21264331,0.36587334,0.27033645,0.31671396,0.21736065,0.25947547,0.18875048,0.23872407,0.18533655,0.22666639,0.22158249,0.18392852,0.1703294,0.19919337,0.09866823,0.2424075,0.13739258,0.16003738,0.19168824,0.18361902,0.2392669,0.10227658,0.17033386,0.20885357,0.08495582,0.0443199
201403,0.38419092,0.396537,0.6382641,0.22394569,0.3541977,0.38660693,0.4903951,0.34460312,0.36999768,0.7198581,0.50935113,0.54922694,0.21237451,0.233705,0.34374914,0.30845153,0.28624973,0.35761988,0.24167149,0.5150504,0.5130898,0.41725805,0.20382288,0.3485813,0.47042724,0.21676105,0.46299177,0.41034833,0.31603527,0.26090837,0.35651392,0.50178534,0.625352,0.33257213,0.21641533,0.58713514,0.3649454,0.38507974,0.24411346,0.46642065,0.25370285,0.2957807,0.24706247,0.22390674,0.37344593,0.35716757,0.26099318,0.23049718,0.29237968,0.38910818,0.28659266,0.4203595,0.17507645,0.3701072,0.25836143,0.27093863,0.3259672,0.34206894,0.29340765,0.28415373,0.2284644,0.26987717,0.20041007,0.3690264,0.19987363,0.17192109,0.22211832,0.20450935,0.34680474,0.13658345,0.1936543,0.27085888,0.115400344,0.070071094
201404,3.3851092,3.9263873,3.6616642,3.3464556,3.6972284,3.673082,3.3284566,3.6187613,3.4522755,3.6389418,3.7623084,3.6273267,3.8221078,3.7076974,3.4924557,3.5553865,3.6360676,3.5089705,3.9428186,3.5611093,2.9334455,3.022474,4.1344523,3.2096071,3.3195298,3.1938846,3.081491,3.0556033,2.8771966,4.0920806,4.143557,4.1625695,3.8435836,3.1411195,3.6119983,3.5171747,3.236706,3.2291572,3.4883494,3.4178078,3.688171,3.1330717,3.3412364,3.323276,3.0391026,3.6578937,3.1968918,3.2458677,3.2131617,3.1931276,3.3619587,3.389888,3.5629642,1.035226,3.2528725,3.4948843,3.601151,3.8248749,3.4041843,3.0724843,3.15942,3.8286452,3.4620597,3.7365992,3.4540675,3.6154394,3.5341349,3.309081,3.47482,2.9408026,4.018156,3.2951562,1.7380577,0.01448566
201405,0.32705534,0.28502235,0.26135263,0.2559824,0.22335292,0.27466518,0.49100524,0.25391513,0.14863564,0.4689295,0.2081132,0.19829166,0.12005895,0.18630375,0.16200462,0.28836247,0.11858388,0.16624378,0.272909,0.2599166,0.1584997,0.16776915,0.19792017,0.15387483,0.13547769,0.19918245,0.14024569,0.2109223,0.20033644,0.24724011,0.28824815,0.22237092,0.37888795,0.12666836,0.1805391,0.4401283,0.24855477,0.16508596,0.14237393,0.31270447,0.19726336,0.18930212,0.13244833,0.15794167,0.20192452,0.1877937,0.21163298,0.15557249,0.16562314,0.18078315,0.36235058,0.19885328,0.13930847,0.106370635,0.1776185,0.11630525,0.22468887,0.18664992,0.17082083,0.14972848,0.1483891,0.16330576,0.16947864,0.14660156,0.15324365,0.16111523,0.13699006,0.18243533,0.16962032,0.05002215,0.1651822,0.13933504,0.051913247,0.0129266
201406,3.109637,3.58716,3.2169778,2.9160721,3.2476807,3.3426192,3.087475,3.0931756,2.990584,3.1153562,3.2281377,3.111769,3.2763915,3.3606272,3.1237438,3.244576,3.1897547,3.0554583,3.4363408,3.1949959,2.541545,2.7679002,3.7031527,2.8352544,2.9519687,2.9548955,2.5906835,2.6009867,2.6144495,3.7004263,3.705242,3.5167239,3.2814405,2.765936,3.2086058,3.012088,2.7979922,2.778923,2.913692,2.8922408,3.3317623,2.8688614,2.7481925,2.824768,2.6659186,3.3870935,2.8809183,2.7645297,2.8804991,2.9074814,2.900223,3.01755,3.1383908,0.091754764,2.8558304,3.226817,3.2290149,3.2896247,3.0578103,2.5955973,2.7852883,3.2305803,3.0521336,3.2115233,3.2083192,3.0993354,3.1691186,3.0701213,2.7920241,1.6115708,3.5684295,2.8742101,0.4697811,0.009482342
201407,0.43260077,0.32171318,0.20159231,0.28874576,0.23813055,0.24648333,0.3715896,0.23447253,0.21785213,0.5822281,0.30564418,0.19456021,0.18363458,0.17583108,0.25073737,0.2977286,0.19779605,0.27246937,0.22028981,0.25038037,0.22699173,0.23491018,0.19369346,0.16368116,0.19825988,0.33476728,0.19867751,0.19549255,0.30058298,0.21425699,0.2735756,0.19954193,0.28173238,0.2423352,0.24008821,0.5214428,0.30162627,0.16462067,0.21819592,0.6297888,0.14969553,0.20117332,0.1853915,0.12542139,0.23841035,0.2750765,0.19983661,0.19434267,0.31555334,0.22715062,0.22046219,0.27182207,0.1524857,0.15477395,0.1829837,0.27180374,0.1997852,0.31177786,0.24983366,0.20880355,0.2363503,0.21856983,0.18872681,0.2087202,0.17560044,0.22991839,0.20648432,0.16314134,0.17363863,0.073224,0.16708031,0.22505473,0.12224155,0.02284373
201408,0.40128094,0.2896227,0.36822337,0.318794,0.41615406,0.37019584,0.67991495,0.3004791,0.28959072,0.5743211,0.33215523,0.31005177,0.27717602,0.3876805,0.35088614,0.5022269,0.30980647,0.34664425,0.32112935,0.35834914,0.4797725,0.3713642,0.36476648,0.30125746,0.33104554,0.3074142,0.3127881,0.32880852,0.32557812,0.4365711,0.5572889,0.31788766,0.49917635,0.3441447,0.30731386,0.43641716,0.49710968,0.25348544,0.26388994,0.5253709,0.275272,0.28607383,0.29636145,0.20976125,0.35958326,0.31078678,0.32947254,0.34196556,0.3313367,0.30271786,0.36698267,0.40359944,0.25288832,0.12884533,0.22375059,0.3608312,0.4050793,0.3664261,0.34485838,0.32178843,0.32978666,0.27888873,0.30805957,0.28913853,0.27212983,0.2691137,0.30817664,0.288902,0.24007553,0.06777044,0.28210196,0.2930987,0.061036065,0.014950594
201409,0.3560986,0.39923456,0.39060554,0.32161596,0.41190013,0.43745512,0.81941843,0.31853878,0.24230698,0.60592395,0.3504866,0.39425945,0.28343424,0.40623096,0.2875992,0.6146356,0.3054714,0.37473133,0.3737448,0.38458446,0.46062088,0.35193786,0.46730334,0.30347106,0.38808933,0.31001824,0.31497267,0.3537164,0.4090259,0.47409475,0.59645534,0.40354067,0.41520712,0.3406148,0.25767037,0.54354644,0.4147703,0.2516297,0.28095448,0.5669238,0.24197255,0.30921075,0.27958924,0.20717745,0.35861745,0.29537416,0.4041013,0.377429,0.36429513,0.3179742,0.5406242,0.33129478,0.2847018,0.06784868,0.2231017,0.44392517,0.41217154,0.4762096,0.36669654,0.22645047,0.30684417,0.33853498,0.29768705,0.30434868,0.25844198,0.27113593,0.31346017,0.3355997,0.24806482,0.080112495,0.25014758,0.22890313,0.14813265,0.015503523
201410,1.1752222,1.2115754,1.0299081,1.0628498,1.2107251,1.1354579,1.2190026,0.9539326,0.9236701,0.97816575,1.0557569,0.9626883,0.97192276,1.080405,0.94775796,1.2596265,0.94079775,1.016834,1.0402353,1.0865027,0.94187015,1.0683261,1.1977128,0.7905898,0.9000069,1.0973761,0.8828738,0.8724958,0.92314696,1.3091898,1.4929715,1.1328038,1.0150437,0.93130493,0.9693595,0.828618,0.94904214,0.7713907,0.9168546,0.90420145,1.0589517,0.92550194,0.8631527,0.7424397,0.9539969,0.81590265,0.8506336,0.9315772,0.9340646,0.8999643,1.0376403,1.0765184,0.9166048,0.09639854,0.79217356,1.0883521,1.0914959,1.1516358,1.1018999,0.8893394,1.113085,1.1776339,1.0880717,0.99722105,1.0339086,1.0772562,1.012314,0.96193105,0.5945153,0.06808774,1.1704291,0.9358413,0.08788147,0.0108390115
201411,1.1382643,1.2238836,1.0114889,1.0556954,1.1066471,1.2250894,1.221476,0.82414263,0.9869798,0.96771824,0.98115975,0.92167515,0.96014696,1.0819737,1.058424,1.3075702,1.0244501,0.98225814,1.1763632,1.0464408,0.86472946,1.1452067,1.1703069,0.8331133,1.0284956,1.1072973,1.0033267,0.91723615,0.9686056,1.283102,1.4870777,1.128855,1.1751392,0.9596371,0.9903607,0.91872525,0.87243277,0.7197343,0.81599444,0.9012127,1.0670366,0.9199936,1.0462263,0.7404961,1.0605149,0.832944,0.8709872,0.97759527,1.0222329,0.89945436,1.0368482,1.0869833,0.90494055,0.16420041,0.82511914,1.111096,1.0939437,1.1443169,1.1360909,0.97846395,0.9618457,1.1523488,0.9853552,1.1014079,1.0543417,1.148925,1.0248716,1.1028974,0.593906,0.15955277,1.138543,0.9025616,0.1507258,0.012259099
201412,0.2519435,0.21602035,0.14661853,0.17005733,0.3115502,0.1872047,0.4449767,0.12837276,0.15162314,0.28957355,0.21950324,0.20327424,0.15731055,0.19489641,0.15242276,0.31255618,0.19635817,0.26169845,0.15940756,0.22672524,0.25450617,0.20272037,0.22016618,0.13296515,0.1483485,0.1999168,0.16897383,0.15721087,0.14861344,0.2487204,0.2879088,0.20980984,0.2869827,0.11829637,0.17234872,0.27419809,0.2397743,0.12168602,0.10264475,0.27163857,0.13604926,0.18201819,0.09260277,0.13593039,0.26064864,0.106616855,0.1534998,0.16805092,0.26850656,0.15556812,0.3157181,0.22308278,0.2153015,0.034128226,0.15602405,0.19283465,0.24854799,0.19882978,0.18140696,0.14308226,0.16688347,0.108948655,0.13572553,0.13938169,0.155059,0.15758064,0.19201371,0.106024995,0.14790829,0.029439691,0.15035212,0.14649087,0.017821267,0.0039359354
201501,2.5307088,2.8576663,2.5428746,2.3838463,2.7631578,2.7655647,2.6110241,2.4408407,2.3896632,2.4689817,2.6328082,2.5161526,2.5439258,2.8918266,2.562579,2.8353114,2.5416405,2.4592614,2.7921557,2.5165722,1.990491,2.2696204,3.127337,2.203815,2.3255098,2.405566,2.205132,2.1360605,2.147857,3.0420556,3.2040715,2.842399,2.676212,2.2484994,2.5523376,2.4192872,2.2977045,2.0740721,2.280015,2.435147,2.7492194,2.3485663,2.3779862,2.2699955,2.254738,2.5215027,2.368458,2.3775332,2.2664876,2.2078586,2.5085087,2.4298463,2.4769404,0.035615616,2.162364,2.6353102,2.5895295,2.592697,2.5049787,2.1551657,2.2458827,2.6975725,2.4673877,2.5036068,2.5291357,2.5600038,2.5277102,2.3909943,2.1028256,0.483575,2.9454782,2.372809,0.1649285,0.0062988843
201502,1.9869852,2.0375438,1.7701533,1.6720195,1.9769137,2.045925,1.8580137,1.6454359,1.7898487,1.7549782,1.8294735,1.7163218,1.8319329,2.005665,1.7369394,2.0693676,1.877837,1.7749344,1.975606,1.7757624,1.4295439,1.649566,2.0936935,1.4743582,1.7862974,1.8219154,1.6079093,1.54645,1.5064328,2.1072884,2.3942084,1.9674109,1.9379514,1.6054487,1.7208023,1.5747628,1.7001278,1.4553356,1.6875358,1.5286192,1.9653649,1.6736875,1.6280544,1.4947572,1.6680995,1.6583827,1.6297044,1.6420195,1.6615424,1.6059772,1.730845,1.871335,1.7574407,0.0489865,1.5116068,1.9324173,1.9837948,1.9720205,1.838055,1.5574206,1.7368891,1.863165,1.8815886,1.8836118,1.8531781,1.8805437,1.8030299,1.781023,1.3811347,0.084790744,2.0791361,1.6346964,0.11182839,0.009315059
201503,1.8504168,2.0554223,1.7459016,1.6778659,2.0061326,1.9730421,1.8638184,1.6850296,1.7063948,1.7514772,1.8757726,1.7474961,1.8700714,1.9231793,1.7679422,2.0895455,1.8433297,1.869888,1.9937917,1.7623118,1.4140651,1.6652768,2.107289,1.5233389,1.7279153,1.8237506,1.6634738,1.5919158,1.5376371,2.1611402,2.2803388,2.0438912,1.9658065,1.601117,1.7532731,1.6197677,1.7654353,1.4406163,1.608226,1.606444,1.9542372,1.6122003,1.6532154,1.4635139,1.6762806,1.7292123,1.5967703,1.7324436,1.6564094,1.643327,1.7342669,1.7919401,1.8563474,0.04158208,1.5545512,1.8224548,1.893915,1.8811804,1.9152235,1.6057711,1.6473345,1.9416118,1.7327996,1.9318374,1.9494544,1.8502427,1.8528754,1.8053118,1.4044794,0.16140443,2.1329083,1.6580263,0.124065466,0.008582387
201504,0.018771747,0.07060714,0.03681162,0.02462198,0.03579497,0.03421291,0.08854496,0.026962847,0.020729626,0.08900359,0.037946146,0.050295852,0.023628822,0.033940837,0.016047394,0.077808395,0.032106448,0.089354515,0.031255733,0.016468592,0.012082236,0.048622776,0.027359542,0.04426206,0.020544829,0.058406644,0.023216922,0.023010636,0.09879988,0.035151687,0.06946683,0.03523841,0.051149976,0.008107716,0.0061888304,0.081251375,0.062801026,0.030099222,0.025747078,0.053058702,0.03434513,0.04657105,0.02492573,0.033945978,0.02629722,0.027981142,0.028953217,0.022895603,0.014212366,0.023354188,0.027181307,0.011938243,0.037443332,0.032993786,0.026372345,0.032877605,0.043438505,0.027543237,0.028650375,0.012661926,0.032458175,0.013888187,0.022556478,0.057340905,0.038742643,0.020666994,0.010274084,0.035741355,0.038101703,0.0185789,0.04387011,0.009685793,0.011039574,0.0020675135
201505,0.06017205,0.06317481,0.09217435,0.056428097,0.101786666,0.043863215,0.21067917,0.039980337,0.04759174,0.21047807,0.060521152,0.081048,0.023892954,0.05837079,0.047496952,0.09623134,0.06891309,0.077223286,0.02585321,0.09514116,0.07798572,0.065471865,0.04837235,0.029705362,0.060609646,0.055682465,0.051085934,0.10420095,0.0746775,0.054562367,0.09894518,0.08018963,0.15247768,0.048246056,0.053463023,0.17029475,0.07754159,0.05793049,0.060783185,0.17405015,0.050922595,0.070337415,0.04799258,0.050209623,0.056780078,0.036374547,0.028122446,0.07204376,0.09219475,0.06498854,0.13117939,0.06454939,0.052515607,0.04830779,0.038425405,0.068183,0.07869296,0.081366636,0.051258456,0.025374744,0.03039002,0.043023963,0.04898464,0.08209923,0.026827885,0.0498268,0.0468429,0.0320544,0.09390941,0.02821561,0.04038878,0.04777772,0.025165245,0.00336389
201506,2.610053,2.8879788,2.590343,2.3661077,2.801738,2.7747588,2.6050603,2.4127882,2.4658718,2.5750277,2.7115474,2.5322046,2.5289612,2.824682,2.602561,2.8352065,2.6368349,2.5614069,2.8157675,2.5770886,2.0964668,2.253006,3.0359633,2.2176008,2.353108,2.4316146,2.2459052,2.2272515,2.0764794,3.04632,3.1041343,2.8181014,2.6371932,2.3298616,2.5698197,2.476103,2.3056216,2.180633,2.3161025,2.3805928,2.7491865,2.3499784,2.390579,2.3077395,2.2879512,2.600584,2.3445837,2.3699205,2.2694514,2.3432791,2.4845474,2.589788,2.509575,0.028775858,2.3811247,2.7227411,2.544438,2.7049885,2.5285394,2.2643845,2.2894266,2.7193975,2.5975168,2.6207101,2.688744,2.6222372,2.6279092,2.4665189,2.1817613,0.440275,2.9571917,2.3595119,0.13301279,0.0048840125
201507,0.0578484,0.06347253,0.026834281,0.034551777,0.032888725,0.057204664,0.08430151,0.027139714,0.032733254,0.10788165,0.083974645,0.046519462,0.022638362,0.058049716,0.044820655,0.09040689,0.021130102,0.040213812,0.058344986,0.024042346,0.022071436,0.022859076,0.019826585,0.049079202,0.03339117,0.0104938755,0.0108196745,0.015716415,0.034838278,0.041688826,0.063842386,0.07037119,0.08339612,0.017988918,0.02944686,0.09224534,0.014314623,0.045666073,0.04115286,0.084901646,0.028229982,0.03137877,0.033419162,0.0202149,0.0663284,0.032254033,0.03516834,0.026073877,0.023740808,0.012764014,0.073032595,0.017259357,0.028312031,0.03058823,0.01404021,0.062150188,0.039155267,0.05329895,0.0237777,0.01396832,0.013226159,0.038720585,0.022740636,0.019410914,0.022702435,0.023753123,0.012973739,0.048758216,0.02977784,0.0039094724,0.025311517,0.016010791,0.003563155,0.0024357643
201508,1.9133431,2.1190915,1.8137307,1.7206906,2.0994127,2.0383189,1.8569617,1.6420947,1.7151768,1.751437,1.8723179,1.681641,1.7648296,1.97873,1.7307619,2.0783484,1.8914683,1.8537661,2.0708127,1.8813382,1.4493067,1.753711,2.0964243,1.5990196,1.7208959,1.860425,1.6340978,1.6464349,1.6183317,2.2079513,2.3087656,2.00031,2.0303354,1.7685921,1.7333423,1.6600827,1.7500277,1.4443681,1.6624951,1.6136551,1.9439988,1.668833,1.6176685,1.4890813,1.6226814,1.7623677,1.72167,1.6342729,1.6004714,1.6314716,1.76346,1.8725992,1.6925446,0.040154234,1.6328293,1.8460252,1.8892729,1.9019896,1.867207,1.5739281,1.7273093,2.087796,1.9234661,1.7723496,1.8597009,1.9339808,1.8530829,1.8252189,1.494369,0.10039241,2.1350172,1.6889415,0.06367867,0.010374406
201509,2.5906806,3.0400615,2.5584357,2.3694208,2.805226,2.8056855,2.7122953,2.4632695,2.5095723,2.5525272,2.6414378,2.5401902,2.6752195,2.8219857,2.635321,2.7530882,2.6167603,2.6925714,2.8992338,2.5598216,2.1262038,2.2574253,3.1412256,2.257443,2.3743932,2.5365167,2.298605,2.3665466,2.1842687,3.0974002,3.2190118,2.9134724,2.7778504,2.4266086,2.546825,2.4513931,2.385859,2.1457365,2.4359648,2.3250294,2.8236918,2.352341,2.3492873,2.388425,2.310104,2.6071022,2.4039793,2.3484638,2.4117339,2.3509326,2.4571157,2.57409,2.558531,0.045722745,2.3463504,2.7053237,2.7027621,2.8391998,2.614926,2.3728433,2.368508,2.7113104,2.645918,2.6160517,2.6567101,2.6662421,2.6425395,2.4984682,2.298014,0.51890683,3.026038,2.3717248,0.25635093,0.0047390615
201510,0.022532796,0.12326425,0.054516703,0.02763808,0.058831908,0.06567041,0.1645623,0.03717492,0.039724,0.17006102,0.116221435,0.061165348,0.03081704,0.09282315,0.0525452,0.13213369,0.038244918,0.068623304,0.030512452,0.01653021,0.062217176,0.055720747,0.033015244,0.045500133,0.044826023,0.050984018,0.023889499,0.060551032,0.088585965,0.044569813,0.11552725,0.072787754,0.08757131,0.02821052,0.026483156,0.13854021,0.07086706,0.05399554,0.031987596,0.15088502,0.0358933,0.045244854,0.041560203,0.02312941,0.03608129,0.05176457,0.030036226,0.031012814,0.033161387,0.021851197,0.042753555,0.0278336,0.022016335,0.03164042,0.046322476,0.05842307,0.02590627,0.05471732,0.04561085,0.036845617,0.01759568,0.019577175,0.015611047,0.01981416,0.029949566,0.042089004,0.038317755,0.037223674,0.04523831,0.018993817,0.03864339,0.029833853,0.007484068,0.0044997977
201511,1.9322323,2.0445962,1.9123638,1.7591181,2.1291134,2.0396693,1.9265136,1.6462276,1.6916155,1.7069715,1.9553889,1.7237614,1.8195423,1.9654133,1.8198061,2.0010843,1.881076,1.8604113,2.0599117,1.882059,1.4904215,1.7671878,2.0871475,1.5661442,1.7412854,1.8629708,1.6540319,1.6287329,1.6000805,2.1387894,2.365603,2.0236359,1.9803591,1.6759686,1.8141531,1.6406349,1.6701279,1.4529004,1.7048318,1.6219614,2.0015144,1.6635036,1.7737839,1.5090442,1.6696019,1.7380996,1.7174386,1.7532007,1.6844858,1.5618837,1.8390036,1.8973624,1.8257097,0.061185345,1.6417115,1.8464304,1.9164982,1.9806645,1.9356521,1.5908163,1.7382113,2.1603372,1.9640471,2.0046155,1.8849702,2.0021963,1.8824561,1.8881012,1.4564583,0.08950532,2.1194518,1.7392241,0.07820413,0.012339482
201512,1.9016587,2.1770835,1.9887877,1.7962081,1.98357,2.116425,2.150373,1.7330196,1.7908686,1.7911214,1.9570876,1.8143055,1.89313,2.1640933,1.8190184,2.2797022,1.9454019,1.9988508,2.1468,1.9430751,1.4851805,1.7633092,2.3556933,1.6357206,1.6966895,1.8415776,1.6694901,1.5906912,1.6510074,2.3737152,2.5754309,2.1296694,2.0722337,1.7783121,1.7846291,1.807723,1.7601062,1.491941,1.7072514,1.6903483,2.0546849,1.7750984,1.7448657,1.5190064,1.6858654,1.8116376,1.6757166,1.8617845,1.7605948,1.724699,1.7338508,1.8772674,1.9032625,0.033008367,1.6900532,1.9010032,2.0624554,2.0626352,1.998389,1.6121665,1.6940935,2.0331686,1.9810185,2.0317762,1.9542711,2.016251,1.8713487,1.8157884,1.509033,0.10164717,2.2078507,1.7346966,0.07442156,0.0068552075
201601,3.5924792,4.1587195,3.5376477,3.4563236,3.9528353,3.7834096,3.562072,4.0632606,3.5541313,3.7616718,3.7526429,3.656728,3.7654839,3.7929468,3.640243,3.902513,3.5996249,3.7657168,3.8965497,3.7400498,2.8725214,3.156142,4.18175,3.3493679,3.4222434,3.5018144,3.3940258,3.2536955,3.031064,4.4177103,3.9663277,4.3454757,4.1678457,3.2973433,3.7921,3.7558618,3.0829344,3.327656,3.4872248,3.3604965,3.6040065,3.2659879,3.6171606,3.5834696,3.2675688,3.768862,3.4965258,3.4561317,3.4563172,3.22118,3.5992596,3.6137407,3.6224465,2.5779467,3.4066937,3.860063,3.7251396,3.7418532,3.5787385,3.1035466,3.1993613,4.0856714,3.6848786,4.097695,3.4971006,3.8843386,3.7203093,3.6743226,3.6450129,3.6441138,4.306504,3.4251983,3.3163328,0.2709009
201602,3.5237045,4.2296314,3.4865398,3.4082973,3.8618808,3.79343,3.5916042,3.9963753,3.6505911,3.814423,3.768375,3.5235686,3.7608385,3.67944,3.768008,3.9374113,3.6134677,3.719116,3.9573255,3.7656102,2.8935425,3.1259239,4.0378933,3.3340335,3.4649599,3.4897304,3.3903172,3.3286633,3.1050684,4.387424,3.9243739,4.351255,4.0540395,3.3587847,3.8578272,3.8456893,3.0749805,3.3577607,3.5226185,3.3097024,3.6719847,3.3370185,3.515311,3.6104445,3.319977,3.768289,3.4800286,3.3864443,3.401828,3.2195117,3.5566158,3.7085445,3.6124344,2.5840697,3.4667294,3.846893,3.7976143,3.6633198,3.611291,3.1363745,3.1676872,4.0988913,3.6697514,4.024142,3.6461136,3.8909962,3.6677988,3.6314707,3.6037176,3.648874,4.281517,3.4200504,3.1188643,0.2384188
201603,3.5356355,4.1443324,3.5223749,3.4023051,3.9057055,3.7424011,3.6234615,4.09962,3.6520154,3.807074,3.8469157,3.5669408,3.7425416,3.7815018,3.747573,3.9473176,3.5315645,3.6141803,3.8228495,3.748715,2.8947504,3.2252505,4.124155,3.4077778,3.4240558,3.5637913,3.323345,3.3347785,3.0719593,4.429267,3.943477,4.2801733,4.078269,3.3345902,3.9010508,3.8399117,3.1151526,3.3709679,3.5396764,3.336727,3.6361241,3.3486576,3.587148,3.6151698,3.3583744,3.7539039,3.5444345,3.4136012,3.41688,3.2522016,3.633306,3.6244407,3.682861,2.5588148,3.402312,3.8736484,3.7143052,3.7124777,3.544479,3.124215,3.253672,4.0827756,3.540505,4.067063,3.6452382,3.8695405,3.6768901,3.5663834,3.6475163,3.6289062,4.268565,3.4387636,3.2911882,0.2723409
201604,3.5929189,4.1712503,3.514766,3.4339614,3.930627,3.819352,3.611986,4.0482974,3.5969052,3.7953737,3.7999296,3.5909731,3.718521,3.6744506,3.7925224,3.9926279,3.5890946,3.6422424,3.9683135,3.7807677,2.9186628,3.2065551,3.9936457,3.2713883,3.4186041,3.4856813,3.4031434,3.2891872,3.0034773,4.442695,3.9119344,4.333373,3.995101,3.2520773,3.878957,3.7979672,3.0392616,3.396824,3.4431849,3.3051908,3.6327603,3.2914896,3.5941238,3.5975084,3.381875,3.752629,3.4718971,3.4346108,3.3714974,3.210148,3.682692,3.6669028,3.694346,2.6037698,3.4818418,3.8202791,3.7736447,3.7227902,3.5627367,3.1482003,3.1630654,4.128866,3.605866,4.0833473,3.649622,3.8503842,3.7974524,3.6006668,3.6415498,3.6435971,4.236049,3.4690146,3.38942,0.2564688
201605,3.5359757,4.2409954,3.525007,3.3936331,3.921163,3.8430057,3.6577756,4.0760236,3.5833654,3.78307,3.7795956,3.5998023,3.7485776,3.645922,3.7468774,3.9428093,3.565046,3.6521297,3.890617,3.7968063,2.9340563,3.2445345,4.0675764,3.3804622,3.3556595,3.5335677,3.345036,3.2404308,3.075908,4.466562,3.9943502,4.347761,4.065104,3.370678,3.8174653,3.8587496,3.184703,3.3890026,3.4912534,3.304522,3.653087,3.3732562,3.467315,3.597288,3.3616722,3.8016727,3.445286,3.3606803,3.3166792,3.2182066,3.619235,3.628065,3.696197,2.5504847,3.3711817,3.7531834,3.793554,3.709416,3.6385994,3.1428218,3.1574466,4.124315,3.5871615,4.0814776,3.6010325,3.926473,3.7205982,3.5735185,3.6165795,3.632232,4.3300824,3.4123,3.2904184,0.23867404
201606,3.6255558,4.0174356,3.5010784,3.457145,3.9181023,3.8002262,3.5481195,3.9819398,3.5895493,3.8034484,3.8060567,3.5389814,3.689987,3.6881387,3.7410913,3.9261417,3.607771,3.6256437,4.0041785,3.744,2.9168854,3.2103395,4.0687795,3.3484387,3.323494,3.5539248,3.3771489,3.3286905,3.1157706,4.4534063,3.9553342,4.3160486,4.021014,3.2931948,3.8504763,3.8035634,3.0710003,3.34382,3.602447,3.2871187,3.5842018,3.3928463,3.4975717,3.6485128,3.2237203,3.7816315,3.4971094,3.397987,3.3278258,3.262324,3.6339643,3.7682545,3.7029822,2.5589838,3.5020888,3.834433,3.8338015,3.7723334,3.5977209,3.1253362,3.2567353,4.0301914,3.5385215,4.085214,3.6644707,3.8803637,3.7257764,3.644764,3.6263728,3.667712,4.285238,3.4249203,3.352278,0.26421252
201607,0.5979794,0.34402016,0.55121046,0.40664104,0.5474372,0.32279304,0.5277125,0.3351532,0.42652467,0.7433837,0.38314617,0.59759563,0.384602,0.36112422,0.33772787,0.30251408,0.3636493,0.46577853,0.3556546,0.54163533,0.37437657,0.23643479,0.23744296,0.3766538,0.39918616,0.26448074,0.3216851,0.2812943,0.40955037,0.24899292,0.2812058,0.41041642,0.6923473,0.18937577,0.28970456,0.5831487,0.30912003,0.25769612,0.25147018,0.43911177,0.22525121,0.2388394,0.24451353,0.21030909,0.3095564,0.4513497,0.2908649,0.3578484,0.32585853,0.44669318,0.27794027,0.42328125,0.28631192,0.61120915,0.27070704,0.38209412,0.3413557,0.2407834,0.25037304,0.22640741,0.34203973,0.22372639,0.27967706,0.3418234,0.18269327,0.22694618,0.18444376,0.2932505,0.3290624,0.19838715,0.1497476,0.299214,0.15099603,0.058923542
201608,0.48224616,0.3337481,0.46549466,0.30877185,0.43619096,0.27026772,0.39272916,0.25779027,0.37540182,0.5271654,0.3217389,0.49684227,0.27573198,0.2776244,0.34439453,0.23849273,0.2734794,0.4658479,0.29833803,0.4781554,0.31579545,0.22303316,0.19564705,0.3720879,0.35939133,0.30311355,0.34346896,0.22897518,0.4401368,0.1761597,0.24158654,0.27854607,0.47655872,0.18967675,0.23989506,0.4121332,0.19326931,0.15342812,0.22702894,0.3671336,0.2373263,0.20977183,0.1743833,0.20035416,0.25459164,0.33261535,0.17713407,0.27573848,0.2577362,0.33726475,0.26228178,0.2526683,0.23873225,0.53189665,0.29002625,0.32617024,0.28951815,0.18910599,0.26205516,0.16833906,0.2849326,0.22480796,0.19045985,0.24962562,0.1453654,0.16026936,0.16966069,0.24154994,0.288457,0.14712653,0.107540905,0.22781225,0.10584022,0.04149909
201609,1.359959,1.3663434,1.0503536,1.0417868,1.3580894,1.324594,1.4889638,1.0255265,1.0622251,1.1399589,1.2745647,1.0380666,1.1291956,1.251243,1.1050253,1.4868472,1.0560728,1.1796821,1.3449706,1.1718489,0.9245352,1.2001697,1.3996385,0.9871012,1.1181359,1.2037202,1.0811003,1.0491792,1.0302453,1.5543197,1.5925584,1.326233,1.3750167,1.060328,1.1724185,1.0958607,1.0332133,0.8569836,0.9264864,0.98381615,1.1170487,1.0837772,1.1008216,0.8547023,1.1651359,1.029049,1.0610788,1.0865638,1.1444697,0.95469546,1.1423204,1.2237236,1.0847185,0.2842551,0.8926221,1.2258343,1.4883287,1.0876968,1.1363623,1.1002792,1.1427833,1.2291789,1.2056097,1.1328536,1.2083021,1.2683467,1.1653733,1.1186236,0.8170638,0.11905401,1.3083221,1.0892272,0.10374575,0.04429198
201610,1.0678852,0.8101426,0.8042328,0.80030614,0.83152825,0.872213,1.0140902,0.668439,0.72896683,0.79661924,0.84395695,0.76926774,0.7184744,0.84825957,0.7656252,1.0405909,0.74518543,0.6935017,0.8074615,0.73803854,0.6371374,0.6981825,0.98397917,0.58307177,0.81348664,0.8165162,0.6469999,0.6367907,0.7335165,1.0271193,1.1483227,0.76100254,1.053972,0.66513777,0.7211498,0.81196404,0.7074729,0.5466013,0.6313145,0.6865976,0.60269845,0.6753128,0.7445205,0.5880313,0.78897333,0.57760495,0.6043646,0.66265875,0.6794207,0.71578795,0.6539686,0.76410794,0.623722,0.44362712,0.5297011,0.7353633,0.9150541,0.7713324,0.7911602,0.6926975,0.7381895,0.68526506,0.78469056,0.6854701,0.71680254,0.76165533,0.722513,0.7538786,0.4880959,0.19121654,0.6824939,0.66152596,0.1719528,0.034069736
201611,0.658097,0.4487248,0.55733705,0.35095733,0.4893038,0.2712852,0.44755584,0.37629867,0.43617335,0.6247982,0.37719545,0.56700474,0.33022225,0.39004713,0.35834366,0.24068783,0.35424015,0.60127854,0.36132872,0.48844734,0.38317564,0.23307785,0.25617412,0.38555297,0.39209044,0.33212936,0.33748552,0.26209033,0.46945032,0.25949562,0.30644518,0.40416178,0.5705592,0.24180241,0.34746334,0.5037642,0.30986932,0.26105404,0.30821997,0.37593198,0.2333023,0.2605816,0.27107266,0.27391216,0.309422,0.42168748,0.28479835,0.2750294,0.28910437,0.4284995,0.30979288,0.31597754,0.2660421,0.7030013,0.2860959,0.3285379,0.30942872,0.2110293,0.28173637,0.26975742,0.42295495,0.22137475,0.21853307,0.25144708,0.24363485,0.18886848,0.27967104,0.2542998,0.30083728,0.2173677,0.18124542,0.3054696,0.18034826,0.048929587
201612,1.8398389,1.9557903,1.6066648,1.6415739,1.954561,2.0035737,1.9285789,1.6997818,1.6688327,1.7007511,1.7689096,1.5652562,1.7245511,1.8563306,1.7166246,2.1158154,1.5892818,1.6719862,1.9319844,1.7637299,1.4500717,1.6471387,2.034217,1.4740523,1.6162549,1.8356383,1.5688592,1.5614272,1.5534608,2.245502,2.24057,1.9880246,1.9409007,1.6090127,1.709125,1.6927626,1.4113455,1.3734578,1.5603225,1.5448763,1.7383213,1.6487985,1.6443274,1.4589703,1.6188254,1.6695647,1.5776479,1.5881528,1.5981843,1.5845798,1.7700447,1.7525914,1.6534603,0.18662061,1.4463003,1.8430747,1.963033,1.7714654,1.8527532,1.5525383,1.5612371,2.0370715,1.7640305,1.8502733,1.8029824,1.9450735,1.6986266,1.7738559,1.2324295,0.17633955,2.0267756,1.6001828,0.106024034,0.027564956
201701,2.806275,3.1434655,2.6909735,2.6073487,3.0482059,3.0278878,2.9384086,2.9817333,2.7860513,2.7618628,2.8696086,2.711998,2.8661675,2.9457638,2.8845675,3.1569715,2.755968,2.8187246,3.0542784,2.853725,2.270517,2.5245907,3.2094176,2.4523659,2.622401,2.7869442,2.6470945,2.5025935,2.4084594,3.4701526,3.2542768,3.2846563,3.1890826,2.5789948,2.8922434,2.7721386,2.3818173,2.4259672,2.708375,2.490163,2.816956,2.5963557,2.679576,2.5341938,2.588983,2.813744,2.669327,2.6330943,2.5904958,2.4921138,2.8541114,2.7816892,2.821826,0.083832964,2.5791883,2.9951842,3.0111156,2.8431065,2.8383627,2.44283,2.4885836,3.155025,2.7464554,3.1004481,2.829022,2.9583545,2.8476908,2.7520146,2.4764128,1.0243516,3.280482,2.6027267,0.28284478,0.01223657
201702,0.7760983,0.6182108,0.7147288,0.47384202,0.7708306,0.54729563,0.9035057,0.45400006,0.5568449,0.8080318,0.5186166,0.7528994,0.51736766,0.54543924,0.5977793,0.5909011,0.4612901,0.6458962,0.5414365,0.6984653,0.7201358,0.68098885,0.4667582,0.62489,0.604444,0.58932215,0.44444883,0.46153948,0.65161335,0.47883317,0.5787205,0.5490315,0.9115047,0.48697716,0.3902021,0.68120253,0.4212292,0.46640134,0.5068268,0.5786343,0.39320087,0.530286,0.46090832,0.32626247,0.5168455,0.56039256,0.5282774,0.5610252,0.49044076,0.5122475,0.59895605,0.5466131,0.4868669,0.5437548,0.4222243,0.5660152,0.5397188,0.56186926,0.5724905,0.42601752,0.42836818,0.526467,0.43321323,0.56593466,0.44474107,0.48454183,0.44163314,0.4812373,0.356587,0.21335006,0.4177861,0.39785466,0.18826869,0.05331754
201703,0.76248926,0.6642253,0.8381866,0.60786283,0.706635,0.6511348,1.1028491,0.5127787,0.6258039,0.65162396,0.73252463,0.9010457,0.5857735,0.6580817,0.78148735,0.7513555,0.56753105,0.65325654,0.5659498,0.6812917,0.57788455,0.6737256,0.64936477,0.6500047,0.5081428,0.61701554,0.6815539,0.57207775,0.74911565,0.68543756,0.8036876,0.6518141,0.8005254,0.5335709,0.46904022,0.64902705,0.55738527,0.5302036,0.38961065,0.60570616,0.5264157,0.5391578,0.5745499,0.38211027,0.6204353,0.5062097,0.47249007,0.48616958,0.6250524,0.54169625,0.57362586,0.5818663,0.5346923,0.4391977,0.42511156,0.6058718,0.71195495,0.5328759,0.6596371,0.5728106,0.64172286,0.5513073,0.56542605,0.47172016,0.6029233,0.50450397,0.47712606,0.43567407,0.48777276,0.19343482,0.52594954,0.51316833,0.19411562,0.030358555
201704,0.86838883,0.81648755,0.7098171,0.6107588,0.7853258,0.72937185,0.95576936,0.51701146,0.60558784,0.7933742,0.7316721,0.9015881,0.62433743,0.70497876,0.61942554,0.85244113,0.5409936,0.836902,0.63288933,0.7313209,0.57582587,0.7150662,0.66711336,0.73191124,0.6484561,0.7235894,0.59723985,0.5550599,0.6114956,0.7892378,0.83702725,0.79133016,0.8638011,0.5625838,0.5556016,0.6387064,0.55969214,0.57859004,0.5491906,0.69569117,0.62347,0.60074854,0.5056571,0.43819785,0.58104175,0.5512999,0.5047505,0.5362472,0.64757824,0.67104787,0.66354626,0.6021582,0.5782784,0.561301,0.37051374,0.6967098,0.816993,0.5935904,0.69301414,0.6531553,0.6293038,0.6254596,0.62104803,0.4840303,0.53639054,0.66468513,0.67805666,0.6054822,0.4201259,0.20557368,0.6608794,0.61686254,0.24544737,0.04050889
201705,0.8333687,0.5698059,0.7973778,0.51597303,0.5494743,0.5373169,0.86868423,0.44929403,0.5194523,0.80393213,0.67494327,0.782018,0.5209749,0.4946206,0.6351097,0.63407975,0.5514526,0.6812903,0.5189078,0.7218608,0.5469674,0.50225604,0.4454065,0.6074742,0.48657686,0.42678693,0.55967915,0.43139616,0.5573698,0.57166827,0.58305526,0.6658165,0.86939716,0.45100558,0.45954868,0.7265055,0.42427072,0.45800528,0.4444394,0.54360074,0.4440835,0.47897145,0.39036822,0.3514451,0.5028588,0.53456867,0.38736618,0.52659214,0.5086055,0.46917734,0.52168256,0.4554017,0.49859932,0.5747706,0.36528087,0.46446574,0.50356466,0.40548876,0.53308594,0.53928405,0.46577406,0.45278138,0.48463738,0.4264399,0.3352856,0.430735,0.40464115,0.43166873,0.49227858,0.15541558,0.36564836,0.47040814,0.19785164,0.04820314
201706,0.868126,0.54317796,0.6840035,0.53879553,0.69952446,0.44819912,0.8266382,0.4198493,0.54674,0.77829826,0.6943495,0.7391704,0.3300873,0.50570005,0.5562002,0.49717507,0.3971973,0.80499375,0.53725153,0.66729176,0.52175575,0.5677951,0.45091096,0.57185495,0.47714728,0.50785005,0.50265306,0.49282455,0.6560893,0.5288693,0.537625,0.5720235,0.83587176,0.38914838,0.49586207,0.67362064,0.49033657,0.4137275,0.3441668,0.62560195,0.42713505,0.37217337,0.3829113,0.46640593,0.58368725,0.584932,0.46642596,0.48987213,0.50277996,0.34157342,0.43441767,0.41454476,0.3986173,0.6663028,0.37552145,0.46782124,0.48888785,0.4353906,0.585345,0.4582764,0.5632831,0.41627944,0.48810595,0.4863491,0.41444755,0.48231417,0.36355516,0.38203362,0.35569718,0.2595952,0.33581161,0.44233063,0.2194702,0.052986067
201707,0.77617353,0.7028397,0.8249547,0.68825716,0.9115891,0.7354801,1.1156391,0.49713582,0.6314362,0.7408502,0.7486386,0.7737738,0.4857405,0.66556066,0.7724936,0.7978241,0.52333546,0.87732387,0.70070773,0.69818,0.59021044,0.55929893,0.6986684,0.6275159,0.56110936,0.6478023,0.60632527,0.49522397,0.6778597,0.68718064,0.77728045,0.5778164,0.7843329,0.6041797,0.5175205,0.70905054,0.43782714,0.45736203,0.6727866,0.49816358,0.56965935,0.55882657,0.4602632,0.5052493,0.54644203,0.6473339,0.6009475,0.63029045,0.6745946,0.50229985,0.63135004,0.60903966,0.4614018,0.4304742,0.41606596,0.5146972,0.6937946,0.5873768,0.6736177,0.5532716,0.60450166,0.6169159,0.6172667,0.53484917,0.5396343,0.62912554,0.60076016,0.60707635,0.43598413,0.15747705,0.51694155,0.5370054,0.15852576,0.07706302
201708,0.90075123,0.43881112,0.75237656,0.49224952,0.56348014,0.4204198,0.87455034,0.42988148,0.4928539,0.7312159,0.5018508,0.6493897,0.42445907,0.51604646,0.48527598,0.43112537,0.3922013,0.72012335,0.59531385,0.5581323,0.5869246,0.4838801,0.47382593,0.60907876,0.4626395,0.3440043,0.3915672,0.33268327,0.58371025,0.46507475,0.40933296,0.5921033,0.7582676,0.3658517,0.3970756,0.5856389,0.3657969,0.39374998,0.40233645,0.53573775,0.33436233,0.35709223,0.3950609,0.34927902,0.5493318,0.5063142,0.38364515,0.45799425,0.55555505,0.40146273,0.3958569,0.47222587,0.3968822,0.76627684,0.3242316,0.38590828,0.49254933,0.35140112,0.45487073,0.4195198,0.4836615,0.3282233,0.35043517,0.4013461,0.2826978,0.35164613,0.33964285,0.33942083,0.38991234,0.23888385,0.31824607,0.38862377,0.20965306,0.07116129
201709,1.906756,2.1113515,1.8116332,1.7188601,2.060614,2.1203268,1.9831855,1.7965957,1.7693588,1.8189014,1.8457481,1.7542595,1.8312838,2.017084,1.8714281,2.264302,1.7306265,1.7657757,2.083738,1.8901019,1.4905229,1.7647997,2.19048,1.5643864,1.7509016,1.9272387,1.740267,1.6074984,1.6228852,2.4421208,2.3419893,2.050727,2.0528808,1.63759,1.7863809,1.80695,1.5690898,1.4007193,1.685855,1.6473429,1.8760806,1.8474256,1.7250187,1.5917056,1.7910391,1.7151955,1.644138,1.7154902,1.6799951,1.6520616,1.9193068,1.8759781,1.8298832,0.12981081,1.5040869,1.9532442,2.17919,1.8743703,1.9249389,1.5265423,1.6959138,2.1063147,1.8433887,1.9512671,1.903813,2.0555866,1.8544513,1.7854635,1.3589698,0.13653195,2.1450193,1.7370752,0.1480716,0.016108977
201710,3.185713,3.6364205,3.0208192,2.9419763,3.4156337,3.4251325,3.1069698,3.366592,3.1108875,3.2150204,3.319217,3.0027013,3.2808278,3.247617,3.1907647,3.5180435,3.1781573,3.2599814,3.4146986,3.2881403,2.5606,2.745266,3.5906234,2.860655,2.911958,3.083764,2.946676,2.9146824,2.691639,3.8879905,3.4802558,3.7700307,3.4602554,2.868526,3.3147275,3.2382293,2.7022297,2.7859414,3.0559628,2.9562774,3.169586,2.9899895,3.0088603,3.0757277,2.9039147,3.2409885,2.9796803,2.947635,2.909709,2.8107953,3.1529992,3.2420332,3.1601117,0.16829303,2.870159,3.3085153,3.2866757,3.2632096,3.251217,2.6900997,2.8554597,3.6386225,3.1522532,3.5386283,3.1365385,3.3656907,3.2442033,3.1481206,2.9153275,1.654198,3.7227352,3.0057015,0.8668027,0.01019491
201711,1.3417107,1.4011006,1.2264507,1.2155478,1.5048364,1.517547,1.5654771,1.2084725,1.1962545,1.2859471,1.292169,1.1440659,1.2491509,1.384232,1.3125598,1.6881341,1.23463,1.2578299,1.4048568,1.3061118,1.0603817,1.2294619,1.5126567,1.1118617,1.1959046,1.4012328,1.2291111,1.061218,1.1694376,1.7130275,1.7352561,1.4618566,1.4625375,1.1504945,1.2150263,1.1907544,1.0743923,0.83329517,1.1123748,1.1843092,1.2191072,1.1632894,1.1849779,1.025732,1.2068315,1.1531963,1.1042738,1.152805,1.1346194,1.1050842,1.3067019,1.2141241,1.1739107,0.22769101,1.0703259,1.308003,1.5658928,1.282812,1.3524028,1.0479698,1.2005174,1.4379047,1.2897732,1.3069212,1.296639,1.3563383,1.2919204,1.2528261,0.8714086,0.13503127,1.4242202,1.1481106,0.1035723,0.027159221
201712,3.3820834,3.8726697,3.3002024,3.1565392,3.6177337,3.5909114,3.462352,3.6750174,3.2869759,3.5487723,3.6038034,3.3553526,3.5047073,3.5673335,3.441711,3.7317824,3.362816,3.4133375,3.771389,3.5440657,2.6827714,2.9774187,3.869501,3.1134753,3.1976595,3.2577903,3.069371,3.063995,2.9159234,4.1685658,3.828666,3.9405763,3.777871,3.0981464,3.5193887,3.5997257,2.85901,3.077652,3.3133936,3.11601,3.4589772,3.1485744,3.3990355,3.2982183,3.1196854,3.4929302,3.1958556,3.160656,3.1447737,3.0639956,3.4057097,3.4781086,3.4703405,0.67435676,3.163973,3.6210692,3.4743724,3.512775,3.39503,2.858938,2.9925046,3.9346154,3.3993149,3.8209314,3.4102867,3.5309565,3.4475057,3.3737993,3.2563956,2.480313,4.0362444,3.1846735,1.4072511,0.0068673547
201801,0.10467784,0.14809899,0.115335084,0.105657436,0.14082485,0.15165325,0.24454296,0.09871173,0.09064304,0.20143856,0.108924,0.12677138,0.12088557,0.140003,0.10979776,0.1570651,0.12210304,0.20263474,0.11364812,0.12316943,0.12429784,0.14304395,0.102228865,0.08382898,0.08383401,0.12178207,0.084066816,0.058552597,0.10181042,0.12014613,0.15129496,0.14882466,0.111476496,0.067358784,0.097263955,0.18151693,0.11448985,0.11950753,0.1228912,0.16403387,0.105027825,0.117763184,0.07828547,0.12884228,0.09110507,0.14629416,0.071790226,0.088778,0.06435858,0.087942205,0.09262385,0.10013661,0.111711375,0.038899194,0.09848664,0.1069213,0.12951632,0.10680295,0.115545616,0.11997081,0.09950545,0.08483307,0.089966945,0.09680367,0.094367094,0.07626961,0.10724148,0.11914857,0.115078986,0.012209198,0.08312442,0.08593652,0.022577157,0.005234536
201802,1.5473421,1.3410864,1.280036,1.1095666,1.3085185,1.4282765,1.5886831,1.1049185,1.0958192,1.1039948,1.1237168,1.2348202,1.1751745,1.4578602,1.212334,1.652685,1.0657508,1.2665094,1.4626422,1.3651261,1.2659166,1.4140749,1.6015987,1.1662675,1.3112657,1.4704146,1.3814235,1.011286,1.3525932,1.5001451,1.6160544,1.2580463,1.3091365,1.1019325,1.1192861,1.1129283,1.1112467,0.8632281,1.0726421,1.1680604,1.1503325,1.0423673,1.1043468,0.8541233,1.2968934,0.99226004,1.1232951,1.2214198,1.2216341,1.2666378,1.4564118,1.2205881,1.0800534,0.32110155,0.96098304,1.3194307,1.469405,1.3531306,1.650252,1.3253547,1.4287634,1.2539306,1.259634,1.1478081,1.1666546,1.2638004,1.4629449,1.3197412,0.7969087,0.31114048,1.3172957,1.1205417,0.28425947,0.07321422
201803,0.4841808,0.43687353,0.5370227,0.33985966,0.51260847,0.3058686,0.34508944,0.31884432,0.3771699,0.601634,0.41468158,0.4597838,0.3115623,0.42269728,0.3157618,0.23813133,0.37195376,0.44557923,0.381164,0.30860156,0.4673796,0.2515099,0.3192779,0.38196075,0.49272877,0.27065694,0.32691035,0.22039858,0.41050944,0.20851561,0.2243082,0.32271972,0.49787405,0.20315652,0.2547624,0.5253041,0.3034402,0.23595476,0.2627241,0.43613735,0.21671617,0.33552104,0.19309528,0.28797948,0.28915656,0.47248358,0.3225724,0.3034226,0.3043572,0.4705936,0.19975144,0.44521615,0.26525378,0.6519373,0.27338332,0.307995,0.29022735,0.20028444,0.2424719,0.22860606,0.39093122,0.18065916,0.30710742,0.20394374,0.18494876,0.20207193,0.28011525,0.20535156,0.2600469,0.18337515,0.1701345,0.32851958,0.19495071,0.06108252
201804,0.89199424,0.75465876,0.75757116,0.7304949,0.759793,0.8019916,1.0992441,0.57951605,0.6122428,0.6175065,0.818946,0.68453926,0.6841319,1.0461692,0.7535126,1.0149341,0.56498224,0.8311227,0.7693818,0.79805726,0.85807365,0.96541846,0.84038746,0.780246,0.6825456,0.78634715,0.6730801,0.6474631,0.74345917,0.9189966,1.0551674,0.6990697,0.79236954,0.6904824,0.55582976,0.6719488,0.65089756,0.5078091,0.5544233,0.6950507,0.677397,0.6963851,0.5736407,0.47255683,0.7868105,0.59959674,0.61331844,0.733288,0.6480058,0.54504365,0.71750957,0.6387947,0.59024924,0.11913942,0.4634507,0.6750878,0.8764811,0.7141969,0.766607,0.6693969,0.76831424,0.6804332,0.75207293,0.70234144,0.72906166,0.76233196,0.7002345,0.73327965,0.4366024,0.13912791,0.6391898,0.59367555,0.21132319,0.024833724
201805,0.21674733,0.23388414,0.23418523,0.16281751,0.23622079,0.22437166,0.32280728,0.16503417,0.17815295,0.22303662,0.1647951,0.20101278,0.19056582,0.21952356,0.18781881,0.19730303,0.18261477,0.21484435,0.15886615,0.22618714,0.16227698,0.20104958,0.1624388,0.17929462,0.23510788,0.16484627,0.21785252,0.17803805,0.2034908,0.17271586,0.19216746,0.21733235,0.26618338,0.1956281,0.15152746,0.22196504,0.23565698,0.12796246,0.25280514,0.25058886,0.2278119,0.19147715,0.19747652,0.20475614,0.17936774,0.18048969,0.16185641,0.15606612,0.14708847,0.111332975,0.14918253,0.1708207,0.13369825,0.024120664,0.15951908,0.1839605,0.13736694,0.16790047,0.19930628,0.17738849,0.12140837,0.1552397,0.23337145,0.16773215,0.20873319,0.14984247,0.23148614,0.18932636,0.13958171,0.050795123,0.19315931,0.2289027,0.09297623,0.011070186
201806,0.9868307,0.76189643,0.7790299,0.7657629,0.742783,0.82348263,1.0779328,0.4962489,0.51025826,0.7246671,0.6875319,0.69308907,0.52505964,0.81829077,0.73572195,0.89491117,0.6174042,0.7932237,0.677383,0.7471611,0.7428078,0.7021687,0.7596843,0.5729561,0.77582777,0.6795662,0.6861374,0.5366949,0.62677884,0.7158511,0.8642122,0.7709609,0.6567129,0.55005383,0.6026922,0.6697118,0.5875661,0.44807535,0.6017137,0.69122905,0.6146263,0.5771855,0.6898089,0.56046325,0.8290782,0.5204591,0.6749615,0.5658956,0.61033326,0.68187153,0.6776099,0.59211546,0.6275982,0.22653753,0.5849765,0.6335877,0.77031064,0.72071123,0.7811287,0.56863374,0.60943925,0.62841684,0.5950585,0.65649223,0.67198306,0.65787905,0.6202543,0.65395063,0.42771906,0.14513086,0.69081664,0.63785243,0.18403353,0.02125954
201807,6.662517,6.6733103,6.084953,5.9587746,6.543454,6.5145726,6.5425663,6.221535,6.215699,6.4657,6.006073,6.0961337,6.193784,6.5733886,6.49034,6.448089,5.483636,6.445583,6.6586423,6.1538186,5.9148493,6.2676096,7.035217,5.5781646,5.712702,6.318882,6.2100415,6.102071,5.5216246,6.6913047,6.439149,6.7518177,6.655195,5.9818544,6.2473736,6.4420915,5.711605,5.8759727,6.0049047,5.872334,6.7541285,5.7807937,6.393645,5.423402,5.955977,5.715675,5.874486,6.2511497,5.971713,6.3508596,6.5358253,6.1391087,6.6047144,0.23675115,5.9025974,6.3583145,6.4363375,6.3683987,6.58781,6.070861,5.8751383,6.50486,6.5217476,6.228228,6.011289,6.4953256,6.6301045,6.2907834,5.764271,3.0971317,6.6131716,6.035416,0.8128749,0.015638469
201808,0.024681373,0.033564795,0.014711469,0.0027178547,0.0051655006,0.030736368,0.039334197,0.016896702,0.004609311,0.0437885,0.010917826,0.006738924,0.0009899383,0.039107572,0.026894368,0.02895669,0.0055385605,0.04769012,0.0071920888,0.0062423707,0.015015872,0.01867176,0.014848206,0.015888488,0.012018698,0.008880009,0.026659895,0.022872474,0.017248036,0.02436384,0.032311134,0.041343283,0.04925289,0.00021366758,0.0048154043,0.032427777,0.004979976,0.0019596287,0.007603046,0.0407131,0.0049989554,0.019829629,0.019251492,0.0074226707,0.0017542541,0.015747275,0.007184023,0.001635207,0.00019433131,0.005167268,0.0064702765,0.007302869,0.017452652,0.016575329,0.00083776563,0.007143654,0.021993158,0.01773885,0.018428475,0.0019085804,0.0017055499,0.01688246,0.02798646,0.014273264,0.01855091,0.013288076,0.017090537,0.007009572,0.0320642,0.004609044,0.016993362,0.014120564,0.0052772025,0.0026932128
201809,0.453469,0.3494969,0.3010237,0.29848808,0.30997372,0.3937838,0.5752412,0.22709991,0.22410873,0.44746435,0.3116814,0.24735658,0.18687947,0.30527028,0.22376214,0.3605308,0.23181035,0.43204525,0.35655534,0.2685159,0.26798552,0.25037676,0.20171708,0.23538616,0.35476634,0.31438154,0.28029928,0.2770633,0.33251604,0.22591211,0.2977815,0.34652504,0.40119556,0.24302705,0.20325105,0.40304208,0.34714553,0.2964309,0.28550178,0.34572852,0.27925208,0.28359768,0.24781077,0.18975194,0.28803703,0.21831234,0.23749498,0.2642267,0.2498654,0.2927441,0.28413457,0.30183446,0.29408434,0.10048763,0.20764634,0.22846316,0.25168306,0.33020645,0.28496864,0.24131924,0.21261321,0.2880789,0.29741034,0.24527258,0.23492332,0.27087608,0.3183155,0.34202057,0.24249578,0.05123789,0.24599834,0.2408963,0.09244586,0.016961241
201810,0.2568017,0.23682177,0.24938932,0.23985524,0.16419064,0.30344465,0.35637006,0.17992455,0.18104242,0.32443258,0.30770224,0.23769663,0.23953511,0.17150576,0.23169218,0.21535803,0.23740372,0.15628104,0.30738634,0.22864749,0.2406818,0.15841931,0.096074395,0.28550276,0.26797017,0.2432588,0.25315028,0.15834123,0.22954471,0.118900575,0.20377053,0.2637869,0.28696853,0.15052588,0.25622377,0.253159,0.14008866,0.18283872,0.16914351,0.21175086,0.22881483,0.18201333,0.14224263,0.11741766,0.19011219,0.22574821,0.23458791,0.21333764,0.19066563,0.22205247,0.22010607,0.2352069,0.34030083,0.05063589,0.18075866,0.13981357,0.1587477,0.16183107,0.20855108,0.2279306,0.20487174,0.17621514,0.22409672,0.17617583,0.17481974,0.09793413,0.21863683,0.12503204,0.19180447,0.08396204,0.16703963,0.15623821,0.08592743,0.008756693
201811,6.680147,6.7455173,6.135392,5.561779,6.7404475,6.433772,6.69457,6.115684,6.177391,6.342102,5.7847652,6.1633234,6.2307887,6.5232077,6.487587,6.4888315,5.641006,6.399019,6.671389,6.1207333,5.7250285,6.2570376,7.088543,5.608504,5.704083,6.1929502,6.2166147,6.0433946,5.4572725,6.6611753,6.5209217,6.9329066,6.5801444,5.667292,6.258744,6.5737805,5.612114,5.9829936,6.005184,5.624864,6.6739936,5.8986425,6.340581,5.425306,6.0442014,5.9983654,5.959421,6.0360518,5.8478613,6.6033206,6.42401,6.014842,6.743072,0.25389677,5.978168,6.2601233,6.4646325,6.3209352,6.5494127,6.1098633,5.8514643,6.4463058,6.5786953,6.230213,5.960204,6.265401,6.621672,6.125556,5.7564564,2.943941,6.4275846,6.0252213,1.3130429,0.019713927
201812,6.6095247,6.7175784,6.2956343,5.8457527,6.583014,6.5351524,6.551766,6.115089,6.085004,6.56005,5.936948,6.026875,6.254565,6.7554493,6.452071,6.456683,5.572638,6.5484853,6.73405,6.200309,5.791807,6.17709,7.271087,5.6643834,5.8170505,6.221953,6.1978283,6.35819,5.8035913,6.6877804,6.466337,6.8531566,6.573296,5.94429,6.148327,6.3388042,5.8195443,5.8112607,6.1645036,5.8793063,6.7135606,5.8932905,6.2517548,5.5344415,6.0250344,5.8628383,6.0540957,6.1068068,6.0430436,6.643891,6.2818108,6.1016345,6.8798947,0.29866153,5.955677,6.2973695,6.50699,6.421727,6.4508867,6.0976295,5.928698,6.473396,6.7671075,6.15678,5.9676647,6.4403505,6.727498,6.108985,5.790231,3.020623,6.670651,6.0956626,1.0595802,0.013516871
201901,3.9657595,3.8665924,3.5153763,3.353889,3.80927,3.911833,4.042341,3.2830138,3.3923929,3.5760067,3.372884,3.3548594,3.426539,3.812637,3.6464362,4.187691,3.0813293,3.8873107,4.0740395,3.6521575,3.5431726,3.9695725,4.203519,3.0785928,3.3374858,4.0057387,3.594364,3.5426757,3.4068804,3.9289353,4.157387,3.983113,3.872717,3.457489,3.5451465,3.4018908,3.2187912,2.9068751,3.1737335,3.1733828,3.888929,3.5400708,3.6437092,2.7616982,3.5217388,3.1333811,3.3299747,3.6830263,3.5113976,3.8049078,3.7479572,3.4673107,3.9314349,0.13052684,3.4326177,3.6565216,4.0846677,3.680303,3.9158616,3.579926,3.566381,3.9571178,3.946788,3.566016,3.4391673,3.7324178,3.9181209,3.6784763,2.2937229,0.3079333,4.005484,3.480098,0.37647355,0.031288214
201902,1.6244159,1.4662303,1.4082724,1.0609008,1.48501,1.3448502,1.7397898,1.0634413,1.2223204,1.278386,1.2683682,1.2851685,1.2525283,1.5962628,1.3262256,1.7572755,1.0719374,1.5293548,1.5290633,1.2202983,1.2405126,1.6941425,1.5672414,1.1284583,1.3451749,1.5707394,1.3367348,1.191267,1.16714,1.4568945,1.7014976,1.4932511,1.3165952,1.2052202,1.1572615,1.0882248,1.1826831,1.0769064,1.077474,1.0950944,1.3247784,1.3458053,1.1946452,0.9235338,1.3845894,1.0960253,1.3161448,1.2663184,1.1880782,1.2984878,1.547963,1.2016015,1.3155804,0.2230185,1.0668703,1.3406793,1.7487553,1.3913684,1.425526,1.4581144,1.2837851,1.2750773,1.4011623,1.2608318,1.3069383,1.3861432,1.3236871,1.4018269,0.7834152,0.2307915,1.3574972,1.3311266,0.21155499,0.0520882
201903,0.21202345,0.2159045,0.20868582,0.10037996,0.183232,0.16030687,0.12999006,0.07697003,0.12370902,0.13068327,0.13700841,0.17893057,0.13811804,0.14073594,0.15809093,0.08932108,0.16865757,0.14249969,0.12284916,0.15061033,0.13987212,0.11157446,0.13376175,0.198952,0.20154046,0.11776311,0.11040551,0.08600022,0.15668158,0.1512086,0.10649051,0.15324473,0.16710739,0.10812356,0.10078922,0.11991096,0.078904554,0.1380516,0.11430939,0.13296933,0.084908724,0.17796583,0.10817247,0.15001121,0.14721933,0.206377,0.18986307,0.17178383,0.14001276,0.092959106,0.105461195,0.1316279,0.20319507,0.101274684,0.11677022,0.13281327,0.13802654,0.12115394,0.112804554,0.1483894,0.15620555,0.07443305,0.14796433,0.09440679,0.108045004,0.07648985,0.11961441,0.18952964,0.11859331,0.061326575,0.10111649,0.091770425,0.06566451,0.00799997
201904,5.477587,5.528303,4.9753375,4.6101108,5.32244,5.2636485,5.425732,4.8007298,4.926089,5.062174,4.900872,4.781553,4.9156437,5.406964,5.265108,5.5163593,4.4347053,5.4104877,5.6893134,4.9864516,4.864991,5.342477,5.9617963,4.4580684,4.7285266,5.1997085,4.9151406,4.9975467,4.6729164,5.446122,5.4964695,5.421205,5.439071,4.856509,5.0140624,4.999355,4.6619077,4.4505296,4.792308,4.569101,5.421143,4.782897,5.1537476,4.209788,4.7617884,4.716168,4.8060265,5.079642,4.696121,5.3293805,5.1683574,4.9872723,5.4752145,0.099630736,4.6011205,5.1530766,5.4990206,5.2186418,5.2629437,4.996281,4.895499,5.4041433,5.4968786,5.092876,4.8814273,5.2409644,5.404972,5.092834,4.256778,0.7118228,5.3621984,4.926959,0.3986391,0.02539971
201905,6.54472,6.8849516,6.2460504,5.83142,6.6600385,6.3547406,6.55793,6.146321,6.1623983,6.46837,6.15091,6.200608,6.1943007,6.636102,6.4967327,6.523007,5.5063157,6.603848,6.6028214,6.2785015,5.7541547,6.224303,6.9470487,5.646337,5.893955,6.23297,6.29737,6.3283563,5.8223786,6.803618,6.5081067,6.8813686,6.6344523,5.969501,6.2160625,6.54278,5.813647,5.860369,6.29007,5.9261646,6.737487,6.0227456,6.332683,5.449328,5.939982,5.942733,5.9208236,6.1260033,5.918184,6.5783343,6.517065,6.048259,6.871572,0.2936408,6.01804,6.317142,6.490838,6.3419857,6.655474,6.1749163,5.830441,6.7176905,6.49516,6.155546,5.927676,6.643887,6.7102885,6.138294,5.650051,2.8303583,6.571692,6.0602984,1.5773675,0.016622562
201906,0.8255697,0.6273111,0.92166257,0.60548455,1.1264989,0.67520154,1.0218475,0.5156239,0.52190936,0.92514044,0.62604636,0.7411284,0.5149074,0.69588965,0.65406764,0.7472991,0.59378344,0.66167015,0.64233136,0.7435138,0.71679634,0.60277176,0.5781168,0.7398377,0.90274185,0.63643384,0.5818051,0.5262302,0.6876996,0.61774224,0.7362101,0.7954016,0.6356939,0.48177534,0.68417555,0.790035,0.5692083,0.4019965,0.5747222,0.8031979,0.53144,0.55437356,0.5402445,0.52906317,0.60487956,0.5975223,0.7134905,0.72030926,0.71287197,0.61761487,0.654579,0.616283,0.709632,0.18329227,0.49807304,0.5263204,0.6213556,0.5903406,0.6590098,0.6016198,0.6102684,0.6886593,0.7199923,0.5021157,0.50843817,0.54468596,0.5705224,0.5043418,0.5309932,0.15715398,0.49351177,0.48696342,0.3858273,0.025662782
201907,0.20485784,0.2309387,0.24571986,0.15028198,0.2799745,0.21432135,0.31995568,0.16283554,0.14274077,0.22158697,0.22816586,0.19538307,0.16534905,0.18605861,0.13595986,0.13410163,0.21171555,0.30086753,0.20606112,0.15938616,0.17872351,0.16691996,0.08394623,0.22992195,0.18187872,0.12356275,0.17344359,0.23099867,0.17944837,0.13604018,0.16996188,0.16015403,0.18109927,0.15760745,0.15528062,0.176874,0.20366001,0.138754,0.21785015,0.2319203,0.16215327,0.13254042,0.21377563,0.18706912,0.153921,0.22886181,0.22076961,0.21800649,0.15761898,0.10913019,0.18552764,0.13605356,0.15629588,0.077730715,0.09847134,0.09604024,0.14201112,0.2463646,0.18386844,0.1108312,0.19272842,0.12608048,0.16934985,0.17389305,0.12400661,0.1670466,0.20746529,0.17391473,0.15353651,0.08013505,0.1234373,0.11993627,0.048828058,0.015887246
201908,0.10408098,0.11482377,0.05257939,0.041639954,0.044722117,0.102981575,0.14306553,0.043461267,0.043579113,0.11530639,0.06087933,0.023024535,0.039842848,0.05951434,0.06901289,0.044198863,0.06919746,0.17438336,0.025809355,0.06420302,0.04383852,0.059577815,0.032900196,0.058484435,0.06307881,0.046888594,0.053002954,0.036613215,0.048943866,0.036607444,0.045283947,0.03759557,0.107597016,0.047595713,0.026850883,0.11020081,0.03741238,0.06355205,0.024230516,0.0688599,0.035898663,0.07135769,0.026571404,0.03462885,0.050379045,0.046048723,0.02955789,0.03386191,0.033031497,0.056035068,0.05422966,0.029567586,0.058088053,0.027111787,0.03005707,0.037700564,0.057086654,0.038981542,0.03378135,0.07340587,0.042465888,0.036688387,0.032321423,0.0197766,0.026126595,0.036446773,0.064918086,0.032775357,0.027656857,0.018956374,0.038445905,0.04035148,0.010708183,0.0030138039
201909,0.36585927,0.30661157,0.33961418,0.24647492,0.2506739,0.3516885,0.6341112,0.21999854,0.33715886,0.5188506,0.25571617,0.40513206,0.21290919,0.3488317,0.4537915,0.38470775,0.25200006,0.35835108,0.20097633,0.2341774,0.38146055,0.2460404,0.22127889,0.34626415,0.35035136,0.17187892,0.33343303,0.23185153,0.28087148,0.28120548,0.32874015,0.5430357,0.50240946,0.18016696,0.24029182,0.46563312,0.28698575,0.20544843,0.28643623,0.25337112,0.22554612,0.23335604,0.3385564,0.31005207,0.20008612,0.3402329,0.29915377,0.23019898,0.33694246,0.26937184,0.3100958,0.31328985,0.3675933,0.12079939,0.2332945,0.27068752,0.30334288,0.22487654,0.2745389,0.23770252,0.23725547,0.18357822,0.21507289,0.23705603,0.16157274,0.20893864,0.1680627,0.21372642,0.24032922,0.17668736,0.16706534,0.2067193,0.10577647,0.012422297
201910,4.2581024,4.151909,3.7795997,3.443045,4.145061,4.160616,4.1218734,3.6017106,3.5857975,3.7140007,3.6388285,3.6808195,3.788448,4.0485873,3.7979078,4.199841,3.2727437,4.126561,4.0919433,3.9999983,3.6784902,4.1611295,4.432324,3.3830144,3.4662905,4.119411,3.585889,3.6273425,3.5711007,4.085637,4.29659,4.105142,4.0955405,3.477507,3.722151,3.5946946,3.464784,3.1866446,3.4896708,3.5434475,4.156344,3.8058379,3.8096178,3.1043065,3.6820872,3.3034832,3.6301003,3.8173318,3.567195,3.889049,4.037141,3.6199577,3.985714,0.11532475,3.3830724,4.036988,4.091623,3.9759557,4.2166886,3.8132765,3.896824,4.243858,4.1667657,3.6824238,3.6399956,4.0483923,4.17029,3.8388543,2.7613065,0.5541905,4.1025,3.703467,0.29075012,0.031904392
201911,0.36897722,0.40278068,0.19637884,0.27992982,0.27932122,0.40618327,0.5650103,0.24505761,0.20370509,0.46602735,0.23826995,0.18029235,0.15227324,0.40680453,0.28969538,0.3563814,0.17900284,0.29444695,0.21485324,0.23481774,0.3224638,0.30341968,0.22747831,0.18253437,0.27999976,0.25604168,0.3444411,0.22320873,0.3181367,0.27920282,0.3107509,0.3849391,0.5816617,0.23460813,0.23334216,0.44700336,0.27591512,0.33380085,0.2491857,0.25039616,0.2104508,0.19165137,0.23767377,0.16969074,0.3392061,0.4238795,0.3392077,0.21764855,0.16128772,0.22801426,0.23575185,0.35175365,0.27832752,0.0927418,0.20454037,0.30269086,0.23847598,0.27797687,0.2913254,0.25664356,0.29208967,0.17734979,0.24934979,0.2792386,0.25666466,0.22058216,0.24468613,0.20937204,0.17371228,0.13283409,0.2711641,0.23521371,0.04222566,0.010792617
201912,1.0753069,0.9238944,0.74603933,0.8691083,0.9457866,1.0774908,1.3342649,0.61175436,0.68837684,0.8363979,0.7392255,0.6626319,0.73693055,1.2150712,0.7022218,1.071453,0.6201113,0.8403726,0.8279763,0.71377265,1.0047387,0.9212124,0.93704,0.6522873,0.7600022,0.82264596,0.90164006,0.66752434,0.8780808,1.0091814,0.9678783,0.95584744,0.99587977,0.72667086,0.5786513,0.7275644,0.730818,0.49146464,0.7701358,0.6426653,0.7442989,0.6603081,0.7251796,0.60124415,0.7840814,0.8110287,0.9344678,0.8039343,0.64842427,0.6245166,0.8369296,0.6558582,0.72221035,0.11393896,0.59281653,0.86259776,0.95038855,0.7757127,0.9815927,0.73491424,0.7491008,0.71909255,0.8303275,0.6712742,0.789671,0.732614,0.77913934,0.72292745,0.511928,0.15956864,0.81764996,0.6702018,0.3156344,0.027724551
202001,2.2732003,2.1696172,1.8572643,1.6474774,2.028578,2.3815067,2.6647227,1.5478988,1.696174,1.8702319,1.9682511,1.8083081,1.849778,2.0161135,2.0239441,2.1233802,1.6086525,2.0704114,2.0908222,1.9261059,2.0209384,2.176206,1.9115149,1.48433,1.8488008,1.9876436,1.9752665,1.7323313,1.8413801,1.890363,2.193287,2.0605588,2.2395759,1.7696488,1.5222913,1.8447757,1.5783926,1.4013088,1.5350689,1.619895,2.0864336,1.7506588,1.7266802,1.2436042,1.9365352,1.6198859,1.659013,1.878575,1.6346465,2.1466546,1.9138474,1.7761039,1.8245834,0.63564265,1.6096084,1.822012,1.9646066,1.7505822,2.10462,1.7373222,1.9121029,2.0273287,2.0871255,1.7497352,1.8303099,1.7603275,1.8472626,1.8530065,0.9320109,0.38137788,1.8889182,1.774655,0.5651117,0.10634841
202002,1.1934322,0.8768352,0.8158325,0.76928985,0.6687201,1.0992122,1.2387027,0.62320584,0.6670177,1.2943015,1.0492166,1.4896731,0.83081627,1.0388893,0.74258745,0.67536867,0.74248534,0.9313567,0.66511375,0.92121553,1.0138938,0.645684,0.8592188,0.7731206,1.0319403,0.76443535,0.8669248,0.7125973,0.87735385,0.87193745,0.60353947,0.9862171,1.2826308,0.82381225,0.695691,1.176191,0.5744096,0.70630383,0.6271623,0.63197255,0.7315744,0.6649068,0.8028705,0.5900943,0.65823203,1.1242261,0.8679147,0.57693946,0.62961113,0.99100953,0.59040046,0.7191279,0.6845001,0.4770587,0.5448648,0.62085336,0.5742408,0.5912902,0.511029,0.63710356,0.5897326,0.6475057,0.8322564,0.6868126,0.55126905,0.5805498,0.50573146,0.6129231,0.6776793,0.24745637,0.50309545,0.5627111,0.45921084,0.1148174
202003,1.4517199,1.0334959,0.89079475,0.93212646,1.0120686,1.4709133,1.5735004,0.81027913,1.0296354,1.3201469,1.1449844,1.7306283,1.1317699,1.3510108,1.1166257,1.184285,0.8478288,1.3277522,1.202454,1.0817186,1.2749596,1.1680609,1.0362588,1.0234083,1.0202436,0.8458332,1.1434196,0.8776446,1.2669485,1.0746793,1.1254885,1.443326,1.5729724,0.8982224,0.9069483,1.2549561,0.8520334,0.9376612,0.93394226,1.0375736,1.127117,0.928953,0.97069025,0.7574841,0.9870789,1.2123301,0.8720543,0.9128213,0.78970414,0.96437746,0.9858362,0.939099,0.9302959,0.55796576,0.7598335,1.0124638,0.9790621,0.9136621,0.9996291,0.82413304,0.9268611,0.81558317,1.0282829,0.82081807,0.8632065,0.8511452,0.83098245,0.7862599,0.7437652,0.3042505,0.84135485,0.8659214,0.46550217,0.1508182
202004,1.362557,0.6304876,0.75951177,0.60895824,0.8125347,0.81130606,1.1431273,0.4129964,0.62627697,0.72997004,0.5217974,0.9278023,0.6170616,0.7114886,0.69247943,0.6717283,0.5114698,0.73956525,0.6342401,0.72469133,0.68900645,0.7472714,0.49275523,0.60309476,0.6403494,0.57028055,0.61345047,0.5392992,0.7087802,0.67566633,0.56143874,0.81837004,0.7507825,0.7425298,0.45382378,0.65156996,0.57690924,0.596252,0.55326426,0.58782524,0.75586313,0.52906585,0.5952922,0.4592253,0.69146407,0.7672568,0.59664446,0.74295384,0.5666233,0.6701413,0.6000953,0.52899534,0.5259277,0.33118272,0.5299907,0.6641409,0.5918446,0.56775427,0.73907876,0.81845415,0.5585366,0.5823593,0.5564959,0.55395496,0.5052895,0.63229495,0.60592383,0.5003545,0.47997373,0.32485867,0.50883716,0.59986556,0.15355243,0.056789543
202005,6.540846,6.7356033,6.027323,5.6576266,6.7690077,6.256534,6.509187,6.03817,6.1063523,6.4285064,5.94467,6.045857,6.0776844,6.534153,6.460679,6.391747,5.391348,6.5053988,6.5877886,6.0679827,5.702421,6.1914396,7.006968,5.685071,5.656255,6.2666454,6.142061,6.1334267,5.5660124,6.7647557,6.4250045,6.841261,6.665682,5.861591,6.272288,6.5206037,5.75455,5.691672,6.0209556,5.774122,6.5512333,5.722106,6.2969046,5.415275,5.8303795,5.845425,5.8789663,6.166389,5.8166924,6.5179377,6.361129,6.1002088,6.6916213,0.23352584,5.9046373,6.2288804,6.5435457,6.2705317,6.476549,6.1931624,5.8393426,6.4722323,6.4932337,5.994812,5.707617,6.312797,6.5635896,6.0606384,5.4875493,2.6959913,6.588638,5.930409,1.697328,0.011413041
202006,5.6674857,5.761969,5.178565,4.760866,5.6904783,5.5051527,5.67118,5.001269,5.0968995,5.3121243,4.951178,5.061578,5.1472816,5.5250597,5.3887854,5.5660725,4.4708943,5.558616,5.770317,5.087423,4.9647713,5.4678273,5.987377,4.6885405,4.8826294,5.3856554,5.170718,5.237299,4.705917,5.7672176,5.560331,5.7290525,5.5717635,5.011045,5.1649737,5.448941,4.8311067,4.6834273,5.01822,4.8114295,5.7242327,4.989762,5.3525276,4.5596404,5.0356245,4.757103,5.113968,5.179473,4.982023,5.5417075,5.515527,5.203755,5.600148,0.07004526,4.911217,5.3225408,5.5521975,5.398733,5.64114,5.251551,5.0522985,5.492862,5.5902033,5.121702,4.8438997,5.4334774,5.477656,5.324162,4.420786,1.3480706,5.567115,5.0597215,0.43788916,0.011262527
202007,6.609766,6.735849,6.1077,5.66882,6.632248,6.352708,6.548409,6.1412196,6.0992956,6.339526,5.9420524,6.027541,6.05761,6.404124,6.493144,6.416507,5.339865,6.5396223,6.5737185,6.0171494,5.784532,6.2719474,6.9495025,5.5050244,5.6498456,6.313891,6.077622,6.147429,5.618973,6.7123914,6.3572373,6.825322,6.6002736,5.8879175,6.120718,6.440207,5.832011,5.7617087,6.0142474,5.9202785,6.6982913,5.7962365,6.337357,5.4377775,5.8772516,5.700975,5.8384976,6.1205716,5.896144,6.4278936,6.317119,6.0265965,6.62097,0.20221536,5.8563833,6.2378225,6.533775,6.1367326,6.4445076,6.1511316,5.812773,6.544958,6.5305305,6.0586376,5.835652,6.418586,6.559272,6.070979,5.5263615,3.035257,6.440718,6.077971,1.2370795,0.0074640694
202008,6.561191,6.6673284,6.089951,5.7018275,6.602059,6.4158845,6.5962415,6.0655,6.151413,6.343363,5.9329433,6.0144143,6.100128,6.429304,6.340159,6.4959974,5.370945,6.5676384,6.6825514,6.020217,5.740925,6.177212,6.9916673,5.721869,5.629002,6.2614136,6.0086055,6.2446303,5.5831184,6.713207,6.4629674,6.870535,6.5160675,5.9046254,6.1171346,6.4522095,5.7221065,5.8118176,6.0675526,5.828037,6.5722127,5.7192636,6.2098484,5.3258886,5.890597,5.795589,5.8562536,6.0742025,5.8927503,6.563274,6.36485,5.996782,6.625857,0.21660967,5.836346,6.305572,6.5287905,6.1756525,6.485433,6.0786133,5.8183393,6.444273,6.5185127,6.046861,5.7606244,6.3757925,6.5741925,6.1809883,5.533588,3.18656,6.379524,6.029245,0.9243976,0.006247357
202009,7.212162,7.3425426,6.7204633,6.283098,7.1985984,6.915727,7.0980673,6.8184433,6.8377557,7.096165,6.5212593,6.7284813,6.7990355,7.0231457,7.120689,6.9779153,6.019013,7.113092,7.2116756,6.5740027,6.346755,6.733611,7.5649867,6.260367,6.222024,6.828016,6.6825433,6.65961,6.1154895,7.422896,7.009879,7.644138,7.228963,6.557855,6.8579845,7.276338,6.3269687,6.461619,6.7259064,6.4649677,7.2349963,6.4473686,7.197493,6.108724,6.4861293,6.4835196,6.4875607,6.624304,6.5565195,7.201069,6.9765344,6.7241197,7.2867584,1.4059024,6.582253,6.9453745,7.0403004,6.778702,7.103731,6.754677,6.45244,7.0768166,7.163082,6.6003103,6.3180466,7.012668,7.199234,6.821572,6.413904,4.9687967,7.1365004,6.631796,2.565373,0.0071630483
202010,6.5555153,6.6610446,6.1698046,5.6585913,6.6040416,6.346629,6.67706,6.227325,6.169701,6.387107,5.9432964,6.0649066,6.1493683,6.5822916,6.3986015,6.412884,5.3885846,6.5004964,6.591072,6.0982246,5.7466,6.2891736,6.9314246,5.6985793,5.7263117,6.2581067,6.162013,6.235061,5.550659,6.6148853,6.4401684,6.815235,6.6278443,5.966452,6.255062,6.4054146,5.633152,5.751912,5.972402,5.7754817,6.5644565,5.830288,6.3323383,5.3835683,5.866182,5.7756677,5.8628707,6.0809627,5.85295,6.459442,6.380213,6.0906477,6.621802,0.25466385,5.8944097,6.2474046,6.499717,6.2049522,6.5203853,6.091071,5.7585053,6.4506526,6.5375876,6.1525593,5.726729,6.3166714,6.5634184,6.1565013,5.6415687,3.2001865,6.5040226,5.958703,1.423227,0.011892183
202011,7.478864,7.748673,7.138567,6.598798,7.659645,7.2947164,7.498596,7.2932863,7.347453,7.5778337,7.0171213,7.288473,7.1634064,7.516502,7.5347953,7.3954134,6.440123,7.6162105,7.6132817,7.087532,6.778276,7.1630054,8.075872,6.787672,6.7526736,7.2115927,7.082568,7.29199,6.449263,7.8304935,7.2895455,8.02404,7.633191,6.959053,7.378156,7.7049227,6.7684226,6.907987,7.2412415,6.8683963,7.6543713,6.7088275,7.310632,6.420386,6.795815,6.8727283,6.9745154,7.070483,6.9284406,7.5959272,7.4689913,7.215066,7.871504,4.376508,6.992019,7.261549,7.5286865,7.24768,7.3137326,7.129124,6.7641754,7.587285,7.612155,7.185452,6.6986995,7.464974,7.6195836,7.1166897,7.106865,6.626822,7.476426,7.0143256,5.540991,0.11710246
202012,7.5132594,7.8549438,7.066133,6.5684614,7.668372,7.3330417,7.588726,7.4216022,7.287135,7.5209546,6.9322896,7.2771263,7.297482,7.553971,7.499198,7.362435,6.38499,7.575549,7.6870327,7.0562215,6.6553493,7.198748,8.141916,6.7150064,6.646001,7.132151,7.111704,7.164244,6.4074063,7.880013,7.270131,8.060629,7.683698,6.874411,7.2661614,7.8184304,6.8333755,6.937994,7.3705435,6.837146,7.630324,6.7086296,7.500331,6.488809,6.886663,6.9177647,7.078119,7.055479,6.8739047,7.5520487,7.404848,7.1503057,7.8434772,4.4006047,6.93674,7.2913947,7.409812,7.2462773,7.487583,7.2556973,6.6980753,7.585094,7.565089,7.0984855,6.6827397,7.4887805,7.6056957,7.20189,7.1987357,6.4600186,7.471272,7.0334206,6.0785265,0.116193034
202101,7.5662136,7.8136125,7.1333814,6.6234994,7.609985,7.174805,7.443849,7.3192825,7.3547883,7.5721664,6.9959836,7.201181,7.233131,7.506652,7.550651,7.3573213,6.373152,7.5567203,7.7027555,7.0922356,6.6818156,7.081257,8.091791,6.6572833,6.584051,7.3048224,7.158254,7.192379,6.4469132,7.903593,7.268226,8.035794,7.5913997,6.8788657,7.3488383,8.029509,6.837934,6.9176273,7.3288846,7.0275717,7.671672,6.782417,7.4681044,6.4197145,6.9063783,7.002971,7.067869,7.183642,6.822256,7.6429796,7.455993,7.1251163,7.7736416,4.356834,6.941142,7.2022243,7.3838987,7.2356863,7.390094,7.228581,6.805028,7.5581846,7.521247,7.2039285,6.632213,7.5052223,7.58321,7.2230535,7.230272,6.4704347,7.43799,7.0342617,6.1029115,0.114372596
202102,7.6188817,7.8098555,7.1000686,6.7023945,7.6271963,7.2753973,7.521123,7.445716,7.2840276,7.7285686,7.056091,7.143216,7.1917796,7.625692,7.422565,7.402654,6.4459352,7.6954613,7.6085987,7.1158113,6.645082,7.1700053,8.231889,6.646661,6.742436,7.1888313,7.2197623,7.1509433,6.5065246,7.819767,7.3583984,7.98539,7.677273,6.8448653,7.323525,7.7180157,6.8709316,6.97775,7.2947226,7.0196705,7.7383537,6.7226243,7.325185,6.5059733,6.7989626,7.0362225,6.87035,7.180674,6.9265203,7.6139884,7.381645,7.025384,7.7950687,4.4029493,7.0256114,7.254841,7.5966954,7.1900163,7.4011493,7.095398,6.8159943,7.5160084,7.5544033,7.02023,6.826804,7.442127,7.5919228,7.182137,7.1820974,6.495102,7.575614,7.0447145,5.7825766,0.124641985
202103,7.487771,7.8101993,7.220048,6.6066093,7.7162175,7.348385,7.5511518,7.326017,7.3741956,7.633605,6.994536,7.2466173,7.2273927,7.4950666,7.4627066,7.3954835,6.415334,7.677276,7.6242566,7.1548266,6.6239614,6.9818897,8.216802,6.6566253,6.6599917,7.0983925,7.2309465,7.3212337,6.5492864,7.804144,7.3282084,8.061753,7.6675572,6.964937,7.494297,7.868931,6.7965136,6.931943,7.3342423,6.9162803,7.814899,6.6937094,7.333611,6.4791775,6.8626165,6.93466,6.9241276,7.113934,6.9278126,7.694077,7.2488008,7.1989827,7.887428,4.52805,6.887338,7.1929216,7.4944677,7.3553615,7.3904085,7.3103642,6.627683,7.6056623,7.6062965,7.1498795,6.8324323,7.3923335,7.645613,7.1565456,7.127963,6.693474,7.683054,6.9864163,6.449611,0.1476065
202104,7.618049,7.803313,7.2337904,6.679343,7.693461,7.3323994,7.4766417,7.254007,7.3029165,7.6542974,7.117698,7.2987566,7.1799474,7.4566207,7.588485,7.2952704,6.397166,7.551529,7.5168257,7.175855,6.535182,7.124649,8.067635,6.714544,6.653489,7.2025757,7.266873,7.23412,6.375937,7.8406763,7.3070974,8.006682,7.6627026,6.7901216,7.4229803,7.821846,6.97468,7.021529,7.2301235,7.0392213,7.788806,6.7099824,7.3562226,6.416558,6.803945,6.9313664,6.934649,7.0217876,6.9633274,7.67181,7.3614807,7.0627213,7.8484983,4.4693437,7.1034245,7.2758064,7.3990026,7.2080564,7.3871846,7.172408,6.802741,7.671358,7.655775,7.1203895,6.6757755,7.5096207,7.605426,7.130951,7.118262,6.6553607,7.46389,7.0622797,6.13131,0.15360889
202105,7.24334,7.448395,6.8971534,6.261563,7.3201976,6.9663773,7.1819243,6.8371716,6.7845182,7.1008644,6.6143284,6.80917,6.776252,7.1424723,7.064284,7.0770597,5.958875,7.125836,7.3183937,6.723678,6.2958813,6.8242116,7.6915193,6.2531486,6.2194185,6.7988825,6.6065435,6.8035297,6.1328545,7.3947396,7.0061975,7.5166216,7.2822757,6.485702,6.6963096,7.2852664,6.4174724,6.3874393,6.7585974,6.401005,7.346729,6.3276024,7.2483206,5.9931736,6.4378896,6.5357556,6.5955486,6.6833386,6.4683228,7.20934,6.9587126,6.7068143,7.396435,1.3928585,6.470274,6.8516273,7.0108247,6.8068414,7.118343,6.807254,6.3904996,7.063191,7.108789,6.647119,6.238114,7.0660005,7.3446736,6.791923,6.560795,5.0511866,7.0381193,6.5911207,3.4357903,0.0077610957
202106,7.582002,7.862641,7.217613,6.6311717,7.76392,7.1437078,7.455856,7.464384,7.3660707,7.678292,7.086516,7.313581,7.125633,7.5573654,7.4428716,7.4479733,6.373366,7.606736,7.590743,7.228228,6.676786,7.114056,8.133891,6.7060738,6.6065407,7.2090473,7.122549,7.160271,6.4671316,7.9408636,7.462957,8.116482,7.691042,6.8632307,7.4102464,7.7513537,6.7314444,6.959256,7.247366,6.7616315,7.7075925,6.727466,7.454992,6.5182405,6.840485,7.0203004,6.9787455,7.0803246,6.868129,7.5561132,7.364289,7.088044,7.833177,4.40464,7.0406327,7.2874427,7.3581514,7.306933,7.4677277,7.163529,6.716116,7.7059975,7.4564114,7.181092,6.7385044,7.447397,7.6574855,7.1674447,7.176678,6.6341534,7.561973,7.003901,5.784012,0.12427257
202107,7.514661,7.8298817,7.256569,6.644876,7.6135197,7.392118,7.547369,7.4193907,7.3322015,7.520002,6.9435697,7.201696,7.3008966,7.605553,7.471915,7.3658485,6.4439015,7.5788345,7.6492987,7.204282,6.7721696,7.035028,8.050845,6.7250285,6.554859,7.182821,7.116824,7.269127,6.5486107,7.806408,7.405312,8.144726,7.6500907,6.8879323,7.301482,7.8074245,6.781855,6.9677763,7.3284316,6.87861,7.650235,6.8416443,7.5052834,6.4546647,6.788045,7.1027794,6.9602747,7.175886,6.789415,7.6331463,7.4341536,7.1785855,7.762193,4.3614535,6.9103193,7.2149487,7.3632874,7.291693,7.4481564,7.20568,6.7549744,7.525882,7.554002,7.1025677,6.611251,7.5165067,7.6344414,7.1327686,7.262971,6.5591984,7.5967298,7.0437603,5.907433,0.14620681
202108,7.5367665,7.8140664,7.042069,6.5711093,7.7421513,7.3531094,7.488779,7.432509,7.3465295,7.6161947,6.8651867,7.173247,7.295605,7.7099733,7.5543957,7.361895,6.443365,7.5704083,7.653821,7.035494,6.6455355,7.1045027,8.063464,6.69401,6.590213,7.115319,7.0916963,7.339449,6.574642,7.7749805,7.346642,8.131718,7.71206,6.8344493,7.2157884,7.776704,6.7617083,7.03058,7.2266064,6.8490257,7.6910043,6.788589,7.5442786,6.5379415,6.8960724,6.9568715,6.9385977,7.1843624,6.8257427,7.7006927,7.436991,7.0701838,7.849751,4.328335,6.8570604,7.2536063,7.479445,7.354611,7.4619555,7.1832542,6.681344,7.594781,7.596115,7.077717,6.7594385,7.4634666,7.6790357,7.237967,7.2038393,6.5374117,7.551126,6.964764,6.1455517,0.12810604
202109,7.5201178,7.8586874,7.1203713,6.687352,7.674658,7.3489776,7.5679545,7.3049383,7.290633,7.719714,7.1410766,7.1368413,7.175806,7.5636363,7.510718,7.4102364,6.513106,7.5246954,7.6872897,7.0540357,6.662221,7.0029364,8.078016,6.6421967,6.701231,7.187868,7.204288,7.2531886,6.5075727,7.8243074,7.235973,8.126221,7.616242,6.833923,7.3294873,7.7342467,6.7859564,6.914606,7.316294,6.8832045,7.708355,6.6933236,7.393185,6.500889,6.6963944,6.97331,6.95394,7.2242374,6.9270496,7.615079,7.450296,7.0855308,7.859284,4.2752824,7.0189333,7.3543844,7.5569863,7.1700726,7.353917,7.1389375,6.799056,7.519315,7.63453,7.04834,6.7541413,7.4805155,7.636506,7.1694384,7.2380004,6.6239038,7.590031,7.013315,5.9464726,0.12718618
202110,7.5976386,7.8336663,7.066922,6.666935,7.594745,7.266942,7.4596934,7.426182,7.3228736,7.695162,7.016681,7.2373815,7.2153506,7.4368415,7.531707,7.469692,6.48448,7.6407366,7.6213512,7.056614,6.6127105,7.1410546,8.257965,6.7784677,6.600604,7.1783996,7.01936,7.211508,6.5626736,7.8197575,7.332298,8.145809,7.6574106,6.931562,7.2999625,7.7741804,6.824585,7.104782,7.274897,6.8387027,7.6306105,6.777032,7.3145995,6.4811234,6.797889,6.97002,6.9336205,7.2893467,6.8806376,7.586095,7.2821875,7.2095733,7.8029065,4.3327236,6.9845023,7.208249,7.562934,7.3101063,7.402616,7.24575,6.6598616,7.4798126,7.647442,7.0990834,6.7644954,7.498077,7.657958,7.144925,7.170773,6.6969814,7.6445646,7.0252347,6.2267995,0.1357541
202111,1.2297223,0.8751999,0.71964985,1.1222277,0.93703383,0.7842495,0.8966357,0.885138,0.6640242,0.6806062,0.79444385,1.0237767,0.8682834,0.6088497,0.7635029,0.7788642,0.97992164,0.9064907,0.9024014,0.75540686,0.96170694,0.7360363,0.58523864,0.94773614,0.45647585,0.83574164,0.90075254,0.64453185,0.85500854,0.48274413,0.96820456,0.81031,0.9693465,0.7095175,0.7563412,0.8231847,0.63716197,0.72523206,0.6680889,0.5896312,0.8260204,0.72297144,0.6933801,0.69337445,0.7333521,1.0392853,0.970043,0.92770875,0.6443959,0.61508054,0.7528912,0.6881856,0.9298394,0.7611437,0.5887444,0.6966015,0.8129997,0.744502,0.54975194,0.53284496,1.1967009,0.5788449,0.60616875,0.6279801,0.5735029,0.61795914,0.6884194,0.59781003,0.89202875,0.44229355,0.50475335,0.70149237,0.5681832,0.20910148
202112,1.3534992,0.79663223,0.8270042,1.1591396,1.0336869,0.87463975,0.9952852,0.9067487,0.83469313,0.7317825,0.9461015,1.100424,0.9638023,0.7015227,0.8398406,0.93749136,1.2560254,0.9689201,0.9369296,0.93275964,0.9787278,0.8470425,0.6017815,0.89522904,0.57079375,1.1273475,1.0493773,0.79407346,0.8729129,0.58353037,1.0506891,0.9163234,1.1164368,0.7268612,0.88062316,0.91870004,0.7419558,0.8641707,0.6720488,0.77803546,0.7252947,0.72636974,0.73380136,0.8263633,0.7899577,1.0141909,1.0818543,0.8686286,0.647926,0.753347,0.8773921,0.9043498,1.096633,1.2844384,0.5833238,0.7307305,0.7864624,0.7238628,0.6372624,0.679035,1.3206936,0.65453196,0.6591232,0.72234035,0.57125884,0.5119763,0.67083144,0.6066492,0.9607129,0.5753588,0.5263712,0.75241256,0.62284374,0.20679322
202201,0.69259876,0.3909445,0.5305461,0.31657898,0.4287202,0.458211,0.51436883,0.39369798,0.4266206,0.3749275,0.36929172,0.5141317,0.30372334,0.38198638,0.29316223,0.2957185,0.34220532,0.2778566,0.31333163,0.3929773,0.3261465,0.3006165,0.33954614,0.41457596,0.36726254,0.3994693,0.37095347,0.34254187,0.4591387,0.33378682,0.37581632,0.36220133,0.5450749,0.29019445,0.30740163,0.43850133,0.3771934,0.3524777,0.1769837,0.3310416,0.28838384,0.47703153,0.43615222,0.28669775,0.33610833,0.3640074,0.42311218,0.4673566,0.22585905,0.35206747,0.36072597,0.36861083,0.43361178,0.2268524,0.37632477,0.42334718,0.27072075,0.3789603,0.25319535,0.36612886,0.36207315,0.32544282,0.41039658,0.22989349,0.3300806,0.29683885,0.4888137,0.43729815,0.36531067,0.1318957,0.20491643,0.51294374,0.10892702,0.047511958
202202,0.69311553,0.4281343,0.70088065,0.5943168,0.513491,0.57041234,0.5305216,0.3944601,0.50071454,0.58565545,0.48471802,0.7504204,0.4710442,0.3922287,0.62519157,0.4102905,0.755298,0.46268243,0.43795565,0.5320474,0.45791054,0.3083489,0.42853683,0.4961751,0.5233703,0.56943196,0.41988862,0.35972726,0.51220423,0.38391817,0.5713765,0.36107454,0.7136515,0.3703303,0.4131167,0.5598896,0.44911104,0.5488976,0.3766041,0.430219,0.3945403,0.46177915,0.49690977,0.39282545,0.4305809,0.61645335,0.62016237,0.51690423,0.35474497,0.37728044,0.415251,0.43087503,0.44734895,1.0766739,0.4205573,0.41430765,0.4507111,0.336675,0.3218143,0.30172023,0.5710198,0.27437165,0.432741,0.41109616,0.381979,0.34479678,0.48877186,0.4184615,0.6313251,0.23439275,0.2946328,0.49358356,0.20040812,0.10043452
202203,0.7804234,0.6353138,0.76648486,0.70143044,0.8102981,0.8363171,0.77485335,0.5370272,0.559218,0.6712045,0.55662197,0.70988494,0.69645965,0.5902037,0.7297235,0.7071512,0.57174134,0.5922833,0.6143493,0.7003884,0.53296375,0.52532023,0.64259607,0.60077286,0.6461829,0.59437525,0.61036825,0.5249911,0.7270455,0.79111314,0.8040274,0.51744896,0.74884266,0.4778325,0.4394312,0.6128418,0.7404254,0.49737227,0.54433537,0.6756701,0.54884887,0.76297355,0.6517959,0.48543796,0.6170189,0.61903864,0.7718504,0.6132346,0.5344099,0.6028822,0.6165465,0.62906975,0.69694304,0.4717432,0.5593094,0.65735364,0.79579556,0.61680204,0.6138898,0.55360717,0.6215832,0.62202364,0.57955545,0.6127401,0.5972885,0.6427109,0.62765217,0.5975664,0.46483704,0.19565524,0.4605942,0.7390879,0.19012046,0.037093863
202204,3.541054,4.1487937,3.4746244,3.3776627,3.887754,3.858971,3.5706804,4.035609,3.6326113,3.791088,3.8380582,3.6314507,3.845175,3.7034547,3.7376833,3.9377832,3.5387366,3.681364,3.9168384,3.7479575,2.8570604,3.1391766,4.1155667,3.4232905,3.4317765,3.4514554,3.409953,3.297454,3.0998566,4.3991127,4.0441546,4.3680224,4.0315084,3.348383,3.8693967,3.9088254,3.1551676,3.3830438,3.560202,3.321313,3.7110398,3.3938146,3.574447,3.6067374,3.303193,3.7633667,3.4925466,3.4495828,3.4255958,3.206451,3.6371312,3.6794577,3.6836855,2.9171941,3.5025284,3.8782227,3.7967665,3.768043,3.5570967,3.1501358,3.2803097,4.086595,3.6619787,3.9962604,3.6253638,3.798707,3.743233,3.6084995,3.6221988,3.7070544,4.339896,3.3588204,3.4881208,0.7577527
202205,3.5872092,4.134358,3.5367033,3.3878167,3.8456643,3.7725444,3.632341,4.0202737,3.5762663,3.7289188,3.8373065,3.5463428,3.8207202,3.6101284,3.8061178,3.9321792,3.6291082,3.667126,4.048891,3.8103347,2.8767798,3.243551,4.060228,3.4370215,3.416902,3.4916096,3.4240627,3.3791509,3.1707888,4.458968,4.005667,4.2466726,4.0862665,3.2673378,3.8253584,3.8269088,3.1017783,3.3299983,3.6126459,3.3366616,3.7188087,3.3186843,3.5643592,3.6011782,3.2692573,3.820394,3.5381029,3.4359784,3.4248927,3.321062,3.6952379,3.6818333,3.7066069,2.9428856,3.519372,3.8656893,3.7555513,3.7333925,3.6010318,3.1185107,3.1764722,4.1674585,3.5542536,3.951371,3.6244562,3.8463635,3.6512935,3.551612,3.652185,3.75044,4.305622,3.4868538,3.4094374,0.7616665
202206,3.5587864,4.118018,3.5003207,3.464898,3.9555178,3.8441927,3.627192,4.0710187,3.5960193,3.742563,3.8613667,3.582579,3.7952566,3.6722615,3.6983948,3.9561238,3.5566561,3.6488266,3.9632897,3.696881,2.9642186,3.2045028,4.11315,3.317459,3.4080622,3.537622,3.4264376,3.3227615,3.1454897,4.3695774,3.9854755,4.3335037,4.0839453,3.3624172,3.8295894,3.8918722,3.1151528,3.4260144,3.5507538,3.4317772,3.7357,3.3568494,3.554023,3.574462,3.2494638,3.8524497,3.3843997,3.4875345,3.342845,3.197753,3.6236525,3.7312021,3.629653,2.93152,3.414226,3.8512313,3.7543328,3.7014642,3.5918124,3.1806781,3.2111242,4.129021,3.5699203,4.0759263,3.685226,3.826547,3.6754897,3.6030376,3.6657147,3.7417278,4.352406,3.426915,3.3779538,0.74392843
202207,3.5673766,4.151727,3.5319443,3.4086692,3.9143817,3.878119,3.5717084,4.0170836,3.6075637,3.8508294,3.815613,3.5505311,3.8317568,3.6547515,3.709578,3.9332576,3.703939,3.6543806,4.011026,3.7104867,3.0387669,3.1351027,4.078914,3.374584,3.4073648,3.5531604,3.4343233,3.3197334,3.0815408,4.3910255,3.9981713,4.3785243,4.044576,3.287031,3.8095345,3.8905735,3.047352,3.3224707,3.529349,3.3516848,3.697801,3.3631976,3.5356982,3.5940099,3.2917364,3.7870028,3.4603283,3.4571462,3.4024074,3.287754,3.6479511,3.587747,3.6787379,3.040093,3.4902813,3.8657455,3.71708,3.7143323,3.6019979,3.1239636,3.185543,4.131411,3.582337,4.045561,3.608675,3.8242748,3.6056583,3.6149638,3.5910885,3.6681,4.256199,3.496461,3.3926466,0.722498
202208,3.5213027,4.143206,3.6125374,3.4574184,3.964909,3.8868637,3.6210914,4.032635,3.5489073,3.8091888,3.8684173,3.5605907,3.8231657,3.6289568,3.767764,4.0059814,3.6421063,3.6910825,4.0200844,3.682754,3.0072453,3.1381655,4.0295115,3.3084817,3.4295523,3.499492,3.3695197,3.3281772,3.0084736,4.45451,3.9264066,4.3839893,4.0412183,3.2666206,3.7898972,3.859654,3.1520147,3.3541212,3.595116,3.3443415,3.7622402,3.3623176,3.5248983,3.5509515,3.3290503,3.7998943,3.5712557,3.37989,3.347723,3.2160113,3.7019587,3.6036603,3.698815,3.064763,3.4320438,3.928171,3.7968113,3.6892369,3.6050415,3.1099725,3.1762872,4.0726757,3.6139364,3.978575,3.5473483,3.9170856,3.7858264,3.656159,3.646429,3.708376,4.2488613,3.441383,3.41658,0.75544626
202209,3.590962,4.210114,3.5162487,3.4297206,4.008228,3.962237,3.6323316,4.053581,3.638909,3.766152,3.8087444,3.5146518,3.7718394,3.630802,3.717194,3.9871557,3.7043388,3.6321416,3.9317372,3.6640537,2.9059103,3.2311342,4.123256,3.3225071,3.3930104,3.5579755,3.4868906,3.3320758,3.1769803,4.434413,4.0453577,4.3294983,4.064158,3.2886834,3.8723292,3.8445635,3.2146752,3.348205,3.517105,3.429264,3.7748134,3.2995656,3.5510485,3.6103678,3.2892196,3.7573957,3.4584427,3.4906015,3.459299,3.2246003,3.6617284,3.6303031,3.714626,3.0341318,3.4425538,3.847368,3.6558452,3.7767584,3.611069,3.1226084,3.225163,4.0868783,3.6393683,4.0586777,3.6119077,3.8532722,3.6936347,3.603595,3.7033353,3.7499747,4.2596607,3.5012963,3.3758028,0.9073225
202210,3.4574823,4.19767,3.514469,3.4179263,3.9377472,3.814224,3.5894923,4.070238,3.4905527,3.7939625,3.8515735,3.5594673,3.874374,3.7214873,3.8088577,3.9916146,3.6661825,3.6583548,3.9403052,3.743313,2.9285235,3.1703372,4.058607,3.4141135,3.447744,3.5534036,3.4494476,3.332368,3.1007588,4.466189,4.0175695,4.2487884,4.1031127,3.255452,3.8995254,3.8887198,3.168889,3.3713038,3.5646405,3.3656728,3.741197,3.3791416,3.474631,3.6360762,3.283044,3.771644,3.449517,3.3918042,3.4082267,3.3063881,3.6927493,3.574399,3.640071,3.067817,3.411217,3.9150598,3.7128685,3.7196054,3.5504048,3.166487,3.179504,4.1664896,3.6087072,3.9703715,3.6287124,3.8662233,3.7523966,3.627106,3.648994,3.6838336,4.237531,3.4453077,3.462252,0.7848767
202211,3.5236156,4.216141,3.5233428,3.393405,3.9986138,3.8998194,3.6455297,4.091134,3.6349792,3.8467665,3.8129814,3.5827098,3.83864,3.646648,3.698941,3.915731,3.5667121,3.807077,3.8994515,3.6473858,2.9903429,3.1771812,4.057961,3.3370306,3.466399,3.5060387,3.405163,3.3275678,3.101155,4.3818274,3.9597156,4.3398614,4.176201,3.3437939,3.8751333,3.8648324,3.104568,3.3850522,3.597753,3.4164913,3.768642,3.3708193,3.5063233,3.6150076,3.3021145,3.7742834,3.5092373,3.5172312,3.4281888,3.2178147,3.6579165,3.7393003,3.7024996,3.0703752,3.47843,3.8859572,3.7130573,3.7410035,3.5988836,3.137467,3.1968818,4.152499,3.5213113,3.8653033,3.6470904,3.8418777,3.6338217,3.5898874,3.714948,3.6650243,4.3286304,3.4840765,3.4203892,0.8375991
202212,3.5052664,4.063594,3.5322318,3.4417946,3.937556,3.8391461,3.637687,4.0663834,3.5608947,3.762397,3.833119,3.5932102,3.8297844,3.6249747,3.810187,3.911791,3.572249,3.6477406,3.941667,3.776008,2.9695385,3.1924202,4.133433,3.3501878,3.3752851,3.53749,3.4352438,3.334063,3.1634173,4.420881,4.0667043,4.4573107,4.077354,3.281651,3.8521094,3.88179,3.2380803,3.3547084,3.538833,3.3844764,3.7072155,3.381141,3.5592403,3.591278,3.2960804,3.8854446,3.60764,3.4615993,3.38042,3.256478,3.5612514,3.7027946,3.6644762,3.1008298,3.5511966,3.837342,3.7709692,3.6964097,3.5626354,3.1426938,3.160371,4.0985823,3.6272728,3.9277878,3.61276,3.7977235,3.7107754,3.515782,3.6581655,3.698183,4.2260346,3.5316203,3.3992438,0.82342464
202301,0.6142603,0.47355846,0.9224619,0.52886885,0.69473505,0.7084169,0.5783813,0.36197314,0.4969869,0.6866573,0.4331467,0.78370196,0.53799,0.3342568,0.68692684,0.4532084,0.7306116,0.5991855,0.49080592,0.6694434,0.6716515,0.48056555,0.4366058,0.49664995,0.46558702,0.5286903,0.4835256,0.4219181,0.6297862,0.43119672,0.6171338,0.46448305,0.72836256,0.43067986,0.43533716,0.6175318,0.6457477,0.5700163,0.4478035,0.4990571,0.45131844,0.5495951,0.45969138,0.44067207,0.4614418,0.606506,0.57430065,0.53427434,0.38281107,0.47332907,0.532805,0.46978265,0.6202558,0.26489845,0.46786454,0.48914608,0.34223306,0.3824201,0.39765868,0.36898285,0.5189152,0.40445146,0.59986925,0.5135301,0.4835503,0.36878383,0.6051924,0.45876524,0.43682083,0.24532996,0.31038955,0.60445535,0.1894142,0.059904397
202302,0.6002683,0.43656662,0.80945885,0.56168115,0.62777394,0.60739833,0.49274352,0.36925867,0.45487836,0.5950496,0.44535255,0.7938494,0.49999005,0.29986113,0.6223099,0.39289576,0.69079304,0.49207088,0.38463882,0.5954782,0.49934635,0.38024983,0.34230518,0.5137607,0.41068444,0.43045482,0.45922962,0.43939877,0.5169586,0.31589004,0.6145998,0.32534143,0.78924716,0.40036154,0.40910104,0.49782723,0.5116143,0.48428077,0.2933726,0.4424933,0.41436723,0.5324983,0.36570156,0.36264136,0.36450845,0.5239525,0.5600329,0.46233538,0.24016045,0.41804555,0.3463456,0.39685374,0.5504577,0.37788555,0.3618233,0.39257473,0.36764568,0.32201228,0.32400995,0.32970706,0.49938622,0.2540034,0.5124205,0.419173,0.3729304,0.26326892,0.51408833,0.3610905,0.45405486,0.23040147,0.22511148,0.48485392,0.18619478,0.13257834
202303,3.579914,4.212063,3.4997554,3.446673,3.8733258,3.8781137,3.6859632,4.135762,3.6504488,3.7831368,3.8880346,3.5692809,3.8476698,3.6272972,3.8275955,3.9997058,3.6572516,3.7559407,3.9780374,3.7275815,2.9686933,3.0760932,4.0490646,3.3689513,3.4777493,3.5146391,3.3327367,3.3607624,3.0934753,4.334357,4.0610986,4.187243,4.0459795,3.3067398,3.7701266,3.8535173,3.1486046,3.2895994,3.6120083,3.2517726,3.655929,3.378105,3.5170593,3.6419308,3.2933362,3.8107483,3.5105312,3.4107995,3.4223409,3.227647,3.582329,3.6365292,3.74363,3.106123,3.4745069,3.8427784,3.7824712,3.7520368,3.6028838,3.1246502,3.2880287,4.0844874,3.5379348,4.0619683,3.6986537,3.8319259,3.757558,3.5661192,3.666826,3.632069,4.214926,3.4713004,3.4665892,0.7952452
202304,0.5852874,0.5170494,0.9016186,0.55806655,0.66991013,0.66970295,0.5153236,0.45788103,0.5675718,0.70876616,0.55710185,0.834414,0.4906584,0.37300876,0.7135817,0.42174986,0.71888894,0.4789306,0.40966836,0.7034569,0.5320724,0.43845105,0.43611637,0.6113035,0.47786257,0.5829759,0.49003297,0.4201849,0.6183767,0.35808074,0.5925275,0.43598336,0.8155248,0.385115,0.34929174,0.56520873,0.55000085,0.48766407,0.402867,0.48235172,0.5296295,0.541621,0.414765,0.40607092,0.45255625,0.60760707,0.6679169,0.49805474,0.3433142,0.42229155,0.41910616,0.3869717,0.4804932,0.8191875,0.34948224,0.40837997,0.40765706,0.43558174,0.35568535,0.367634,0.5419302,0.35979688,0.48257712,0.40603417,0.36254093,0.26565528,0.48006737,0.44417354,0.5024305,0.29581487,0.29496896,0.5239896,0.30736268,0.1345887
202305,3.076819,3.5149684,2.909661,2.9319832,3.3301678,3.3600025,3.114629,3.2882404,3.0140362,3.1599724,3.24134,2.925762,3.169095,3.083217,3.0771778,3.4344866,3.0908139,3.1411006,3.4048655,3.1827826,2.4684606,2.7406754,3.4095232,2.8020258,2.884305,3.045826,2.8348494,2.797836,2.6299946,3.7451532,3.4891,3.600175,3.5014148,2.8215935,3.1490993,3.1489093,2.5877128,2.71975,2.9661632,2.7684624,3.097276,2.799063,2.9077399,2.9669583,2.8104906,3.1374435,2.8765368,2.8992217,2.9381986,2.7560549,3.117839,3.1028483,3.1006732,0.39182353,2.885271,3.3523226,3.2313368,3.085916,3.0966425,2.6703138,2.8064897,3.4697123,3.109043,3.3584,3.0905573,3.2821252,3.1755536,3.1135802,2.763128,1.1988976,3.5213954,2.8810585,0.8248936,0.009191914
202306,0.9557314,0.5514709,0.8338875,0.67600393,0.7205761,0.800098,0.62122226,0.3758844,0.48400554,0.6505921,0.4725123,0.7715338,0.63269717,0.40335363,0.6725694,0.622853,0.44808355,0.5025607,0.40567586,0.8273665,0.52129006,0.5313197,0.4956199,0.67480266,0.5379164,0.4676176,0.51663715,0.39002207,0.6198198,0.42408305,0.6104115,0.49376866,0.76254106,0.46800545,0.42613515,0.5902615,0.6559459,0.4376151,0.4897509,0.65443856,0.5362077,0.76157045,0.50688046,0.3757401,0.6199702,0.49677336,0.5398855,0.64499253,0.40961325,0.42153054,0.57013696,0.53280807,0.48008353,0.49747616,0.44336036,0.51432395,0.44394827,0.62303454,0.5093039,0.51724,0.4264509,0.47310007,0.49833083,0.39811963,0.5105036,0.46679005,0.71143955,0.6320561,0.41049215,0.23719689,0.4359545,0.7340471,0.15163934,0.047793724
202307,0.8141119,0.5336668,0.91099584,0.7317874,0.67500806,0.7172708,0.5416261,0.4134842,0.52576506,0.66447383,0.50616205,0.97136384,0.85150456,0.44676775,0.75398713,0.49965557,0.82660335,0.40765262,0.5172434,0.88837284,0.5155776,0.4585504,0.5354884,0.5830039,0.5332982,0.61853105,0.45825142,0.4371801,0.62150925,0.34321007,0.6456436,0.34188297,0.7690499,0.46227923,0.45060378,0.5713077,0.6204624,0.4007337,0.45144385,0.49796286,0.67672294,0.6048206,0.5140817,0.4645647,0.49699047,0.5560792,0.48879427,0.7264361,0.3973244,0.49433297,0.51377183,0.3463399,0.5211629,0.5955016,0.4290021,0.41843265,0.5424713,0.55859804,0.44447878,0.4352312,0.5028772,0.3680465,0.64317,0.47854394,0.43576312,0.34705922,0.67202955,0.670978,0.57459486,0.29965213,0.38580176,0.7039364,0.20142876,0.065057375
202308,2.0076153,2.2429452,1.8808926,1.7775073,2.153863,2.2722452,2.076898,1.818861,1.8633505,1.9048892,1.8826932,1.6871265,1.9013042,1.9835408,1.8829848,2.3535237,1.7878541,1.9937451,2.1262498,1.9870971,1.6258068,1.8206578,2.1964488,1.6353793,1.7999082,1.9654385,1.7616966,1.64526,1.7363594,2.3825338,2.424884,2.2156591,2.1900306,1.7395954,1.8871617,1.8799243,1.6251525,1.4537241,1.7446539,1.6541612,1.9440616,1.8596708,1.770708,1.6372361,1.8341473,1.8645047,1.6863302,1.8904009,1.7141136,1.7579479,2.0117016,2.0062265,1.8602425,0.15005837,1.6898826,2.109195,2.2389076,1.9893296,2.0097687,1.6277758,1.7577248,2.2603486,1.8841333,2.0644348,1.964989,2.0825958,1.9213587,1.8220434,1.3093933,0.17957975,2.2280877,1.8375493,0.07078873,0.018793367
202309,2.4619422,2.7771766,2.332127,2.2491796,2.6625564,2.6059048,2.496417,2.464924,2.3084865,2.4702032,2.4268653,2.1694381,2.4810374,2.4371624,2.372521,2.7399545,2.278082,2.4094877,2.5890718,2.4315684,1.9313272,2.2375603,2.6948247,2.1813674,2.178106,2.3447685,2.255999,2.1141076,2.0744576,2.949391,2.8707166,2.7640846,2.695412,2.1511269,2.3504438,2.384061,2.0605218,1.9390591,2.2757041,2.1466367,2.36674,2.1949651,2.2796965,2.1874235,2.2219977,2.3349013,2.115729,2.337323,2.1360826,2.205435,2.3321078,2.4353275,2.3229532,0.17576213,2.180773,2.5460725,2.6419806,2.5350852,2.4642415,2.1179476,2.1720178,2.6397185,2.3176396,2.6134043,2.4769988,2.5553749,2.400585,2.280943,1.9264559,0.3138865,2.7736897,2.322572,0.15367928,0.014274113
202310,3.4717772,4.040087,3.4265475,3.350323,3.8666418,3.8185725,3.6389902,4.015694,3.509426,3.777155,3.772155,3.5106225,3.7417645,3.586741,3.627255,3.9156606,3.4699829,3.6649392,3.8373582,3.7169447,2.8884733,3.1449468,3.9931006,3.3184628,3.3593342,3.4244092,3.3281376,3.2328327,2.9441957,4.2649565,3.91904,4.252938,4.1122217,3.2900565,3.8305018,3.8075032,3.0437186,3.3620472,3.494957,3.2211704,3.6706135,3.3146346,3.3888521,3.535963,3.2251995,3.7577949,3.4429045,3.4246,3.3341098,3.1844034,3.5736656,3.6650867,3.5874143,2.6445925,3.3989663,3.8433917,3.6505525,3.6518261,3.512615,3.1022387,3.187712,4.0978775,3.5743499,3.9748857,3.586481,3.8044987,3.6588225,3.4678364,3.5735052,3.2206159,4.2309756,3.4211082,2.8509767,0.04021374
202311,0.72934437,0.7958872,0.99899995,0.7044766,0.71130896,0.8404848,0.67258954,0.4859595,0.5828999,0.627095,0.6467907,0.76604533,0.7316635,0.5807969,0.8255051,0.61907214,0.6536909,0.5315354,0.5142334,0.76424104,0.6106031,0.5520431,0.6331828,0.70618653,0.621501,0.6129353,0.5173692,0.53231674,0.6490561,0.5693544,0.59687304,0.533234,0.64812857,0.47733372,0.40879422,0.59196377,0.69160557,0.4247843,0.5326766,0.5388407,0.7408445,0.69509906,0.47112632,0.4056738,0.5960668,0.5924773,0.6147337,0.65639955,0.4495783,0.52647173,0.66272414,0.468238,0.6491467,1.093919,0.4373256,0.5246286,0.5670155,0.5585181,0.6814267,0.40506065,0.6554226,0.49459225,0.5987479,0.52994025,0.48825377,0.41092464,0.6417974,0.5568434,0.4931731,0.26880378,0.42455086,0.70220566,0.16577287,0.06857549
202312,3.4346125,3.9655807,3.3452833,3.2835977,3.7171617,3.7382803,3.4478765,3.8439734,3.375221,3.6427515,3.6480293,3.4386406,3.5862045,3.5130994,3.6236923,3.8302684,3.4142144,3.5662851,3.766554,3.618402,2.827166,2.9986022,3.8564541,3.1890063,3.3221273,3.3611612,3.222024,3.1280808,2.902686,4.155137,3.8654764,4.122452,3.8674104,3.2003524,3.5774207,3.6392183,2.8788652,3.2344842,3.3122823,3.1035137,3.500237,3.130048,3.33814,3.4276268,3.1871572,3.6138415,3.3169084,3.2861638,3.2332933,3.108611,3.5696647,3.5334888,3.4807308,1.8955915,3.231453,3.7430117,3.584207,3.567744,3.454679,2.9839606,3.0375352,3.910196,3.4342196,3.8482769,3.520884,3.6995485,3.5621386,3.4104626,3.4177165,2.779788,4.0626636,3.2469478,2.2340715,0.0028380111
202401,1.6613693,1.4208269,1.2968705,1.3206203,1.5998317,1.7226788,1.4228275,1.2278601,1.2229742,1.2728798,1.2117926,1.2484322,1.28908,1.4455559,1.4880887,1.6167405,1.211601,1.2933278,1.2849244,1.4673326,1.0063422,1.1352662,1.5329425,1.1347923,1.2187021,1.2678882,1.389979,1.0027096,1.0958433,1.4915884,1.9011663,1.2827469,1.4212558,1.0967064,1.1533266,1.1701112,1.1170701,0.95852643,1.0508945,1.160429,1.3612243,1.3232992,1.2948009,0.8827225,1.0978899,1.2335644,1.1810758,1.3422914,1.2443573,1.1856943,1.2766551,1.408697,1.1371185,0.48408714,1.0547173,1.2729963,1.7284181,1.3268458,1.355879,0.9718908,1.1992822,1.303007,1.3598366,1.1213862,1.3206674,1.3411181,1.2742466,1.3060207,0.7500848,0.22295655,1.3638322,1.237973,0.24864724,0.078535445
202402,1.4384638,1.2352602,1.3088429,1.0323795,1.2479013,1.3253118,1.1905272,0.68064034,0.860045,0.9708246,0.8157084,1.0844831,0.99845093,0.98917705,1.2858844,1.3511035,0.89816713,1.0281962,0.8656107,1.1878781,0.81877476,0.8498658,1.1510861,0.9246611,0.8426735,0.96161926,0.7999487,0.9072632,1.038031,1.0033294,1.4110053,0.9316883,1.0892215,0.80626947,0.76233834,0.9023201,0.9044456,0.70737505,0.85865176,1.0551258,1.0824531,1.0241379,0.9579234,0.69251627,0.82313114,0.8645801,0.96254647,0.99704766,0.8143496,0.9440399,0.982811,0.9190217,0.91628826,0.48083216,0.7361234,0.9697065,1.2441572,1.0967478,1.0639951,0.84786785,0.89155686,0.9767908,0.9260209,0.926784,1.0463959,0.92732215,1.1435769,0.9389876,0.5611426,0.24462612,0.9585155,0.91957545,0.19706973,0.060333624
202403,1.1067089,0.9203823,1.2032827,0.97047955,1.0001917,1.0713595,0.9472019,0.51324147,0.7546371,0.9044074,0.85938835,0.9705834,0.8487707,0.73871124,0.98954415,0.93964714,0.8702439,0.77906895,0.6526498,0.94715184,0.6487198,0.6637827,0.9498476,0.8559979,0.6618805,0.76609707,0.81321234,0.7257088,0.8084288,0.84605026,1.1118275,0.7271808,0.94805074,0.5926841,0.5053711,0.7833976,0.9558101,0.6620327,0.7448948,0.7397735,0.74322975,0.86561143,0.8062082,0.59911895,0.6157858,0.7527145,0.897803,0.9527039,0.7323698,0.7932172,0.7279148,0.74594986,0.85274506,0.42687383,0.50832564,0.729426,0.8554058,0.9312985,0.8271531,0.71289414,0.77850103,0.5930752,0.7134452,0.6035173,0.68906075,0.5910305,0.9996144,0.8164048,0.51559126,0.19697449,0.6214094,0.7304031,0.1541413,0.040301472
202404,2.4626527,2.7106478,2.3180046,2.2600641,2.7094,2.832653,2.312675,2.3910146,2.287814,2.473344,2.4889054,2.2224271,2.4149973,2.5320425,2.388968,2.8895051,2.3532383,2.5694938,2.5246375,2.4141688,1.8531123,2.2119744,2.7681627,2.2188427,2.329161,2.4001718,2.1996765,2.0970984,2.1542065,2.9968054,3.0263405,2.7791774,2.7473228,2.1090665,2.4198182,2.5039048,2.181659,1.9870931,2.2299402,2.0762062,2.4654953,2.3171697,2.3403635,1.9326713,2.3227205,2.367126,2.2194378,2.2571642,2.1116302,2.137658,2.5203116,2.3451407,2.2505324,0.21836378,2.1344159,2.5041053,2.6849432,2.6285598,2.5693593,2.0121033,2.183021,2.5801933,2.5238628,2.5782557,2.4986336,2.615475,2.503772,2.5200176,1.901039,0.30460158,2.771678,2.322605,0.14280114,0.038269233
202405,2.4671853,2.7447584,2.3088844,2.1177194,2.7104654,2.8551414,2.3683207,2.375232,2.2933207,2.3370514,2.4685905,2.194204,2.3120754,2.4443572,2.437509,2.8625107,2.3935418,2.3872056,2.452532,2.5162039,1.9081166,2.1512904,2.7097013,2.2077193,2.2787056,2.3179178,2.1729553,2.0425851,2.0780547,2.946697,2.9700592,2.7239091,2.6146927,2.0963948,2.4654477,2.3931334,2.1638346,1.8075358,2.137956,1.9874848,2.4934912,2.1405258,2.1785145,2.00506,2.1427622,2.286709,2.1273286,2.2478943,2.063572,2.1122153,2.4079359,2.3577094,2.2066004,0.26289827,2.040391,2.513413,2.6460257,2.4356537,2.4570289,2.0358443,2.019819,2.60735,2.3280811,2.5951283,2.393017,2.5686073,2.4127164,2.3266726,1.7903084,0.2949954,2.751568,2.2135336,0.21118739,0.016235178
202406,0.64967924,0.35860267,0.6079538,0.6028011,0.5274256,0.558095,0.35769293,0.20610268,0.40076235,0.4464982,0.35252506,0.55339295,0.41324073,0.18529585,0.5393045,0.31917524,0.49971372,0.37127993,0.28884757,0.57136023,0.27829528,0.46275666,0.26988488,0.43656322,0.33569038,0.3931339,0.28735018,0.42415318,0.4236657,0.19190831,0.42021012,0.315534,0.53777236,0.29286662,0.37015107,0.34073964,0.44404107,0.32758102,0.40082192,0.2839515,0.31466293,0.50365233,0.49337757,0.27847192,0.3878683,0.25669757,0.20960225,0.54254746,0.3518123,0.34672844,0.331796,0.22748737,0.46081516,0.27452928,0.3519871,0.31183437,0.22385031,0.47163177,0.27055573,0.30607453,0.39937976,0.20674168,0.43123502,0.27599066,0.3200484,0.21909498,0.514692,0.52796847,0.3507697,0.094883844,0.24028592,0.34710902,0.108337246,0.027559794
202407,0.7843686,0.48240072,0.8365844,0.65301114,0.76443464,0.7131838,0.5605085,0.41465914,0.65413064,0.57356894,0.54642045,0.6920086,0.5007799,0.3818452,0.6672237,0.48336118,0.6130059,0.52323925,0.40357238,0.6538364,0.60157424,0.4028535,0.48058996,0.5546871,0.52017677,0.5016573,0.49669722,0.39704543,0.59400254,0.3596514,0.70138735,0.5245968,0.80209875,0.4890295,0.5850446,0.48976982,0.53725135,0.61452526,0.41550487,0.41711295,0.46060407,0.5396795,0.5014046,0.26249707,0.50249934,0.5291773,0.42927533,0.56592464,0.43289566,0.44514173,0.4525625,0.4376719,0.590898,0.41042757,0.34477952,0.389229,0.45916077,0.38217947,0.40449566,0.38349667,0.56125325,0.42948133,0.54290026,0.5480575,0.45570397,0.3006808,0.60358626,0.5374698,0.4532579,0.24408473,0.3263356,0.585031,0.17698014,0.074888445
202408,0.8720885,0.5704164,0.9221165,0.5347543,0.8216163,0.7080959,0.553929,0.3813477,0.5578939,0.57937455,0.54901916,0.8323676,0.6860047,0.4150033,0.7715912,0.5072535,0.4473069,0.63739467,0.47952405,0.62834346,0.53436726,0.38915202,0.4759137,0.5660965,0.47548428,0.58367205,0.46857435,0.38731277,0.5178247,0.39742523,0.6030362,0.4019834,0.8289903,0.35688636,0.7180711,0.4688921,0.55117244,0.380219,0.47844005,0.45499128,0.60310465,0.62213784,0.5841236,0.4468535,0.39489323,0.4742463,0.5044781,0.68907475,0.4365124,0.48308128,0.60042787,0.43814412,0.6388857,0.34971145,0.56467783,0.36488578,0.4393913,0.44945827,0.54877985,0.33258316,0.5554669,0.38840762,0.5088894,0.49738455,0.47429815,0.35861185,0.7362754,0.71180457,0.4295217,0.11388766,0.34503826,0.5327106,0.21283838,0.048296526
202409,1.5357268,1.1699755,1.4429464,1.0683993,1.2353791,1.35517,1.3263074,0.72291374,0.90894073,1.1821495,0.8813289,1.3087196,1.2283292,0.97433364,1.2354015,1.5073513,0.89263994,1.2195138,1.0331827,1.0368493,0.86063343,1.0690958,1.0946969,1.1126472,1.1021397,1.2091727,1.1670451,1.0374855,1.1260436,1.1068542,1.6461172,0.9566209,1.0178943,0.84695405,1.1818235,0.999867,1.1194993,0.94862413,0.9218879,1.0728614,1.0336787,1.1211286,1.0835619,0.7382298,0.88862556,1.1343547,0.97579396,1.0315596,0.91994476,0.97542465,0.97392464,1.0294269,0.87347203,0.4813751,0.8156999,1.052068,1.413162,1.1863115,1.3042454,0.89010406,1.1098181,1.0476323,1.2383028,1.0819057,1.0332452,1.0677003,1.1394321,1.1685855,0.76846087,0.18799977,1.0163112,1.0025367,0.17193037,0.046325788
202410,0.9729622,0.88245463,1.2185347,0.9399487,0.97952473,0.88188034,0.82750374,0.58001167,0.84062237,0.7738321,0.5926807,0.865623,0.70163506,0.65917414,0.9311541,0.81049466,0.54734117,0.65488094,0.68868405,0.8658547,0.40809283,0.751984,0.5536222,0.746296,0.7752142,0.8046004,0.58711314,0.5054893,0.844565,0.6461383,0.8817067,0.62886626,0.9785297,0.65953404,0.63091034,0.6770898,0.833846,0.6205824,0.55294496,0.83131427,0.69282824,0.87346184,0.78364956,0.42997304,0.70048356,0.7001287,0.64608055,0.969247,0.6617912,0.5539903,0.7068657,0.65159816,0.6195551,0.35925436,0.5361107,0.57132417,0.5813213,0.69812894,0.7627606,0.6593934,0.76729137,0.61869776,0.7428032,0.6135023,0.6073898,0.590375,0.7778894,0.896458,0.51377475,0.18798085,0.51809573,0.76479244,0.13955083,0.020566095
202411,1.2935108,0.80012745,1.2253444,0.80324566,1.1236274,0.840508,0.9582202,0.4849992,0.6649213,0.751887,0.85666895,1.0684791,0.7516431,0.5836645,1.0088522,0.80753607,0.7243309,0.7659923,0.64146656,0.8949683,0.586807,0.60335934,0.7083275,0.6537731,0.7427354,0.85354936,0.61005884,0.61204255,0.6931996,0.5981322,1.0586555,0.5840985,1.1313586,0.68747324,0.6415202,0.6436703,0.82438445,0.6318959,0.64452815,0.71002465,0.702695,0.87202764,0.7353318,0.5157431,0.6828131,0.69230825,0.7628434,0.9747654,0.46523562,0.67314595,0.69849205,0.5758972,0.7342924,0.5618925,0.63881296,0.53665894,0.66432744,0.58313674,0.6137002,0.4908385,0.70353866,0.5750697,0.8172051,0.7187633,0.6094808,0.5771541,0.8511043,0.86506826,0.6379279,0.23607406,0.4709786,0.7118006,0.21678306,0.077260084
