,DivOmit,IndIPO,DivInit,RDIPO,ConvDebt,DelLTI,AM,Mom12m,Mom12mOffSeason,Leverage,Mom6m,Size,Price,BPEBM,STreversal,cfp,CF,BMdec,CashProd,IdioVolAHT,EBM,BidAskSpread,MaxRet,DolVol,AnnouncementReturn,Herf,VolSD,Tax,zerotrade1M,IntMom,zerotrade6M,IdioVol3F,CBOperProf,MomOffSeason,EquityDuration,ChAssetTurnover,dNoa,zerotrade12M,ShareIss1Y,DelFINL,AssetGrowth,RoE,Accruals,DelEqu,DelCOL,PctAcc,ChInv,BookLeverage,IndMom,LRreversal,BetaLiquidityPS,MomSeason,OPLeverage,ReturnSkew,ResidualMomentum,ChNWC,grcapx,RevenueSurprise,Investment,EarningsSurprise,GP,TotalAccruals,MomSeasonShort,InvestPPEInv,CoskewACX,ReturnSkew3F,ChTax,DelCOA,DelNetFin,hire,NOA,ChInvIA,ChEQ,ChNNCOA
201501,0.26654030089235753,0.17143069589677373,0.14799074795436765,0.08476217797968963,0.07297013244298506,0.040856791155504946,0.021500333604037837,0.01984352520815606,0.016765639385433875,0.016385679624698543,0.01328606961232158,0.012725062259115905,0.012431325361283895,0.0078221094674645,0.007770712257330914,0.007721489342165153,0.007528497575983444,0.005041758329603526,0.004532118088663563,0.0038950294442833917,0.0029720981143712298,0.0023833113928717112,0.0023176637790592006,0.0022809794603798855,0.0021818338417885666,0.0020112652450409475,0.0018345326415753528,0.001823614519842009,0.0018158875299006223,0.0017394500802296545,0.0016974980830302946,0.0016823992107005766,0.0016466058549239864,0.00146121629428508,0.0013358130658579792,0.001311810105483055,0.0012606867938412538,0.0011729373030728448,0.0011268786454490794,0.0011101817381811963,0.001106314329937629,0.0010779666281381089,0.0010520591932363082,0.0010453974944223312,0.0010299148091330956,0.0009575253771448398,0.0009259511270210566,0.0009073914311859122,0.0009059625689494214,0.00089711589136518,0.000886886219967586,0.0008120556121052752,0.0007669040626090737,0.0007528825506652346,0.0006917077614127379,0.0006554113289258744,0.0006067302111583862,0.0005942069172521469,0.000561559030065517,0.0005557278410139016,0.0005523781030578937,0.0005022151744838955,0.0004886905315289906,0.00048618803383957543,0.0004849462545026152,0.00046747522360955353,0.00046689901999388654,0.00043957171723584866,0.0004337254458286196,0.0004221472002478717,0.0004058567500692194,0.0004045854129080375,0.0003499148925695066,0.0003388762723095877
201502,0.2610977852400576,0.17647488534075442,0.15115908676868603,0.07872092777297077,0.07504412567122118,0.04116086166385852,0.021349147533174385,0.02008206643058047,0.018995106954319548,0.016962285708372743,0.01430131341536867,0.01269487971643616,0.012186659533043613,0.006144434518035268,0.006876455632288862,0.007469032749038136,0.007460440715821922,0.004563194307812055,0.004793708594521603,0.003308629531941585,0.0029016527557788893,0.0028964663951533717,0.0020932867362855588,0.0014988173672918366,0.0023780765576423466,0.0018100458145019868,0.001742904646010408,0.0017089418919608351,0.0015052100016055049,0.0021380618134891043,0.002067463316340998,0.0024662845607436555,0.0013578625286092996,0.0013882155236052797,0.0017663930433922058,0.0014946259670663398,0.0009402184598684838,0.00137892991430143,0.0005930376164246255,0.0004339021595217345,0.0009299218937529835,0.0006435836136231794,0.0005107176188638992,0.0007265976103739612,0.0005155810088141825,0.000675330819804112,0.0010509981382102952,0.0018459502607700302,0.0012636235467682589,0.0013715258134749612,0.0005820699045926143,0.0005997507662107225,0.0006152798044308065,0.0006271320136972184,0.0009072002270979116,0.0011901194041009872,0.0008160105743104358,0.00016919762353565722,0.0007810596330541457,0.0007129372877695147,0.000937889615832241,0.0006942495188427036,0.0005253568207872389,0.0010394582586385377,0.00030039816419566694,0.0005025345745770758,0.0007107341247604427,0.0005587121822306588,0.0004444598763095294,0.0007070766445365898,0.0005721239399551263,7.492715964427536e-05,0.0006764414251138408,0.00031562526342289443
201503,0.2619504322625855,0.1566977629352582,0.1513270490705932,0.0895238663082361,0.08061726304794738,0.041335395884194416,0.026146840935647408,0.017996985742588626,0.0199309052258515,0.017584660093847786,0.012620941062307408,0.012216030581140618,0.01123192991394499,0.008021937966881805,0.0072400227216073,0.008212908689247714,0.00817984037857037,0.004921001576089851,0.005385435691220787,0.004701229893799474,0.0025262651630682423,0.0021247152392311823,0.0009110839932366745,0.0014521381969327862,0.002525560343586034,0.001597713561772248,0.0011844699177920844,0.002575965202630543,0.0015628820207841776,0.0018655153553986399,0.0012047088211432938,0.0016055607982890878,0.000970735560078276,0.0023644608034694477,0.0012775718746594637,0.001938188857998773,0.0006121442690111855,0.0010849739348682882,0.0009250750228639433,0.0008123905683161306,0.0009049149733381537,0.0005319368788813248,0.0006322564960832175,0.000950860571754026,0.0007373529998421877,0.0006562552965503655,0.0007629561064479538,0.0008977383249626562,0.001793536890350279,0.0010539966851431228,0.00026710718495058224,0.0005801699811973696,0.0005343053735819961,0.0009672927618614778,0.0011234476011832088,0.0007761815702022057,0.0004707539600905533,0.0006417807944915808,0.0007676287288557417,0.000679909683773293,0.0007599113907285847,0.0003022096175856178,0.0004949211636856922,0.001091695126806363,0.0005516419855628413,0.00020610423715172377,0.0003632599327860077,0.0005244788051131437,0.0004222598355639488,0.0007030262346238007,0.0005309471807773614,0.00015599319063555942,0.0006704362427450905,0.0005281727060021509
201504,0.2684548562495442,0.1749510391745539,0.14979322056365563,0.08240800207758925,0.0711164223258887,0.04232685036188737,0.023804218668737918,0.020163688736081684,0.018730244068513972,0.01684757456697939,0.011318495472906238,0.011606914836217163,0.01307554241778341,0.007578306325505312,0.006892833156976403,0.007214546138251331,0.007467625589567659,0.004656092662686835,0.00409058261739677,0.004073956307770501,0.0022474866479605896,0.002450760623376118,0.0013487091847397526,0.0013494173722251369,0.003632617288809353,0.0015113483713699797,0.0008662066154905013,0.0020979758403330807,0.00204819003268706,0.0009099713885479346,0.0016873051640003266,0.0017867497514179398,0.0018434335222776755,0.001473511732911115,0.00177045527841645,0.0015226528585571312,0.00031225225000110993,0.0015518414932841887,0.0007925083634417486,0.0006886314265553789,0.0009318112573163755,0.0009303582514981721,0.0005934043458863306,0.0008871161471257873,0.0005008402903310126,0.000563294814323641,0.0008102114991269957,0.0009171383105213484,0.0009700834865503543,0.0018476646190352453,0.00038472267296300243,0.0005495186297374454,0.00035935255315618466,0.0003846068304613486,0.000653363536592774,0.0008405299447028213,0.0008220027994336007,0.0004330870743830518,0.0005970156565458216,0.0005776403745341957,0.00048438228100880455,0.0003419476912295516,0.0005725812369452107,0.000485178144933272,0.0004457445607797551,0.0006545967835491146,0.0007910987051969624,0.0004286489881312126,0.0003825902603106251,0.000392089065715898,0.0004284151569862514,0.0003026049668334256,0.0006675820276786805,0.0006057395115796746
201505,0.2534361160183699,0.1889076925226609,0.13911759058495238,0.092018703255274,0.07070723884733489,0.042893664377997305,0.021932504204617405,0.019033733151113952,0.017278742188508438,0.017765760102850792,0.012513320919317209,0.013569959004629971,0.010470829379297875,0.007436940802493589,0.008466022829633539,0.007121406630689857,0.008197435468540059,0.005493611619208612,0.004682482925765499,0.003157432697783891,0.002934587337282587,0.0021551889771285367,0.0019947228833381517,0.002034151100039053,0.002845524055990558,0.0013103415296267,0.0007803007518953118,0.0021087227189182027,0.0014615413269648669,0.0014593781122244132,0.001412865391446554,0.0014833407311293776,0.0018896278205820234,0.0017573268444499135,0.001754320621971205,0.0006049605454870406,0.0006373540663601508,0.0017142589634828102,0.0010241211160476357,0.0004575525344735843,0.0008760559074385022,0.0011598439650666419,0.0001921246618297864,0.001048907311044779,0.0006243012525417302,0.0005486628624640095,0.0006686633463678345,0.0011525697113322572,0.0011353040534641797,0.0014937509231526236,0.00030994197560670593,0.0008989522444411373,0.0005434860705921924,0.0005723054916814479,0.0008105238462376949,0.000583988176486686,0.0010985101570840498,0.00034752512283685706,0.0008224733219735871,0.0009169536301769163,0.000829944908535577,0.0006515040387701672,0.0012005297160094144,0.0004945894429755988,0.0006015400432804504,0.00047878103935468933,0.000609021731422113,0.000831377936279387,0.00037167698464776733,0.00043818503306597054,0.0006814164105285076,0.00033021751263575736,0.00036033256609293635,0.00029466364470307854
201506,0.2697630776158628,0.1659518254151521,0.15235472351068038,0.08418757607192695,0.06840656431785308,0.039058079049641314,0.02485390452050958,0.018987545112699254,0.017988496959225574,0.01872321502174467,0.012332273892644881,0.01266330588523662,0.013497208477093844,0.007519442665337356,0.008320669185906635,0.007198955206538544,0.008154509334134218,0.005969396017113014,0.004089814617510887,0.003554744639048754,0.0030058957643645193,0.002321336958753771,0.0015864025169618212,0.0019746722676718983,0.0018726662458806683,0.0022198586985255867,0.0010102985187278124,0.0015811805080567936,0.0016855772429673899,0.0019798906329291455,0.0013575919813759202,0.0025948068009016257,0.001127156572406831,0.0010709963234666344,0.002048529326145081,0.000647403300485607,0.001959989606222079,0.0015516278044266948,0.0008642648959422332,0.0001478531622793325,0.0008688487639630665,0.0019409702552481195,0.00022580401967781018,0.0012716808567652309,0.00042343316569197557,0.0006637012550337251,0.000747439555674145,0.0009013941069396024,0.0009522719063665857,0.0010014538802460837,0.00041587807511480647,0.0003713691894836332,0.0004965755127645902,0.0006091966170650174,0.0008033248348013825,0.0008609865745207603,0.0009741252713164292,0.00035546330798640074,0.0009272322530457712,0.0012780997003773726,0.00036133914662998394,0.0004392504565444996,0.0008175622723373799,0.00038379125923658963,0.0007599275192660787,0.00021956239821956203,0.0006733097763554645,0.000709102729527438,0.0005939191350327748,0.00047532351715820075,0.0006125635758626196,0.0008131613948600338,0.00041373293286905917,0.00045487813966584245
201507,0.2536917805553803,0.18543485333790702,0.13540848019267887,0.09856871227788619,0.064483796398269,0.042343829443282625,0.025909436845477238,0.01990670540682726,0.01974475663153543,0.016616525788525346,0.014400754868978141,0.013068582134789564,0.011751242748070123,0.010380225068138642,0.007511837568201002,0.007401609906235729,0.0072675300865936475,0.003971512311475685,0.004288862788676908,0.004426789496755098,0.0027416397373153036,0.0027841372797848887,0.0016163980058357035,0.001703414337885604,0.0022462393601389284,0.0016454898365577397,0.001074302954306674,0.0019351997689938205,0.0012734777680369483,0.0019117791011624354,0.0013080514530226476,0.0019459612717698186,0.0016546878455022435,0.001508307455916486,0.0015977454656769495,0.0006209019537917452,0.0004255909101648165,0.0013571483543281877,0.000762162600037311,0.0005556209754361057,0.0007965434336356843,0.000978088916404984,0.0008494404500523798,0.0009254792444235866,0.0003554380829692275,0.0005573622442713953,0.000665686492978177,0.001108387499448064,0.0009050695591265778,0.0010716705847386345,0.0007292671837469592,0.0004374749725768967,0.0006889474905918013,0.0004974167241750627,0.0008728893801434229,0.0010368750140383883,0.0008455462168731998,0.00045103985186149923,0.00037491615624246416,0.0010371608787057487,0.000609320394169984,0.0011696741290681807,0.0004995171662551942,0.00021145719624113924,0.0005059118119244045,0.0002024613099911128,0.0006675275790667446,0.0005400930411235598,0.0007874738717077864,0.0007794220564866633,0.0006814510718353597,9.089847170366068e-05,0.00046236575446969837,0.00036164547760419844
201508,0.2550274236200089,0.17826603147198727,0.13434492419628952,0.1001186233094365,0.06421581091642699,0.043902053512598335,0.025626437010498024,0.02053076811411718,0.019403152188422767,0.0162368565268843,0.012725729747526584,0.013017703349036014,0.013118684194486639,0.008126749701587034,0.008286584165364576,0.008972740083103954,0.008046225623383196,0.00347802636232884,0.00467845538741384,0.0047369376833385,0.002512911926757654,0.0024149984603413434,0.0015533872694796951,0.001646277779184121,0.0025064130175405028,0.0018324350224903224,0.0009034532377478101,0.0018847804008660868,0.001463635590221428,0.0012479047741102247,0.0008777656019941975,0.002268367947957468,0.001658036492241341,0.001716619654546503,0.0014881484318040278,0.0011480783912210567,0.001155821949129471,0.001267297167501662,0.0013601385341982235,0.000813101798331704,0.00036800158627683477,0.0013051264054237588,0.0011211151964216231,0.0009188479183388019,0.0005864264237272503,0.0006667762763585771,0.0010181427598662104,0.0007404650851398516,0.0009607438389364543,0.0019290101301834086,0.00020161502170139875,0.001000723755980479,0.0004880975824009377,0.0006356748866501296,0.001089349323795921,0.0010789073253461077,0.0005608775799543702,0.0005059579335846491,0.0008963345161009039,0.0004899149717804072,0.0008067203437634773,0.0005235435344582397,0.0005577562524084034,0.0004773302269626339,0.0005170317033765987,0.000623463044322373,0.0009079440082834661,0.000612886761790199,0.0006289931701535568,0.000919837579144768,0.0006362853268769344,0.000811513454756127,0.00037874501735593054,0.00045635044647560015
201509,0.24666915598723524,0.18694113248894786,0.14286625605757092,0.09685363226365959,0.062493016105563716,0.042332653154419066,0.02328770211676636,0.019675533707542242,0.02027594409608168,0.016805865114958036,0.014152245025847488,0.014252266228022602,0.011857266794333535,0.008094312057835425,0.0066150537740259745,0.007288670499100682,0.007525955912043434,0.003680704059694931,0.003788248617297412,0.004725316415225325,0.002622198041525461,0.002287107896244766,0.0011521946536348546,0.0014184682467308172,0.002655605980547647,0.0021589330962494646,0.0010198084472473298,0.002711654448746028,0.0013181585227973595,0.0015117541946636334,0.0009388345273650695,0.0015113830963209972,0.0013887437409512205,0.0014613047554880411,0.00144909726917527,0.001063672691268153,0.0011579917371529645,0.0013532347691565052,0.0007504790872351518,0.0008135923617939279,0.0003914918734369743,0.001007812706696447,0.0006554070513899454,0.0010904897349325257,0.0006470436198289534,0.0012094686191876538,0.000730189881542588,0.001315498030742481,0.0010282350244509685,0.0017449780552569944,0.0003881635620561672,0.0010974271000468668,0.0005972009480264694,0.000648399031930264,0.000826078915677272,0.0017917317015449183,0.0012591050520314674,0.0004772190020655108,0.0007967687476273293,0.0009392412882163017,0.0008509435072780558,0.0015603916469686325,0.0008424570715561399,0.0005533925666602278,0.0008090853155926653,0.0003462701984574116,0.0011588674355897618,0.0005290993180515111,0.0011880534172036918,0.00047004257206377975,0.0007171918646504043,0.00037843602367158,0.0006376872916031676,0.0003909837834986942
201510,0.263796653044415,0.1818215962323159,0.12565382462662697,0.1037058241421987,0.060763398030460755,0.04382062346415044,0.02402459710624095,0.019773620756666145,0.016826433889238053,0.016441622808868277,0.01308062808345011,0.01571149633821083,0.012627573876757621,0.007019918303069303,0.007166379393475737,0.007825796469996963,0.007333166090148512,0.004478362504584443,0.004362597435696805,0.003532973295134922,0.0019251624901271429,0.0026002112391148393,0.001985936751828942,0.0017296870189085038,0.0025000444205806366,0.001988202247424968,0.001622293947622978,0.00214482727209417,0.0015405261561836823,0.0015079247368405854,0.0019921564935297354,0.0028171348671280853,0.0013242047531911185,0.0016859176057565403,0.0019356457033731862,0.0006311982810547653,0.0006879213060578418,0.0012117799973924267,0.0003638862451830489,0.0003026293270677308,0.0014812668042109354,0.001490103205956462,0.0006206297239120005,0.0009510576394955244,0.0006915862535981341,0.0006089841195097205,0.0007652857117030325,0.001511307574344047,0.0010828847728630172,0.0024623389943798472,0.0008675127317292445,0.0008210757920885047,0.0005777054290437953,0.0012033372979747472,0.001002978909726219,0.0006134396636063965,0.0009494410113027666,0.00027363079691727275,0.0007027363731283708,0.0007916561072084575,0.00046758120187713665,0.00040918375633416286,0.0010697215743883355,0.0003655581759641508,0.0011713153031089258,0.0006020165076248787,0.0007824269613495832,0.000595310691840708,0.0005614771847397206,0.000597876597169539,0.00037804718223678367,0.00022503220873277795,0.00025548630932846754,0.0007856306804390612
201511,0.25690223746131924,0.16797234056439575,0.1408572544350701,0.09858206271747356,0.07570017732348593,0.04484928051191646,0.021218789816872873,0.015845674153559548,0.017948701632552747,0.018770995334564607,0.01349087978520537,0.013875377099124122,0.01192998322899921,0.008805571823807356,0.007787346877037189,0.007273930989551282,0.006968118434937126,0.004966228447757933,0.0037688282841424553,0.004005391855970003,0.0023147666342443886,0.002690021822280392,0.001827066599802671,0.0015581529369622323,0.00300254581394516,0.0031172163877353485,0.0009610556553284184,0.0018730499056886635,0.001334923418454175,0.0014335995017029544,0.001611375876053572,0.0020626732195398547,0.001670180803304277,0.0032406896909355516,0.0015269342989309008,0.0009704440989939732,0.0003767081048771267,0.0013595639034594063,0.0016544700878751675,0.0006959924133974922,0.0007282461451052786,0.0010639679391642053,0.0003374740365113841,0.0007619385641910986,0.0005115866107857755,0.0003702485838855668,0.0008812477756843004,0.0011661524771500486,0.0009276572864712624,0.002242483360714905,0.0007275065342074169,0.0004124463040098507,0.000588480833235517,0.0008861049188370391,0.0004951109942915657,0.0008598623333876803,0.0005456325938857251,0.000472565489258852,0.00021557664011430166,0.0007489849456595796,0.000535487193383222,0.0009971191403944947,0.000544929706807167,0.0002666974297515302,0.0003350513620411422,0.0004894452263633745,0.0006548043007284602,0.0004522845160426681,0.0007988452474700039,0.00046927219041395713,0.0008761949339194666,0.000637332158184857,0.0009504126770539951,0.0002482475996398044
201512,0.25619735155199597,0.16714773950124953,0.14461995030919997,0.08673725044818771,0.08572992165831046,0.04583420508025046,0.023202892294369813,0.014364330957167513,0.01613195265066262,0.01733395926389391,0.011330935053756035,0.016803831914161453,0.014920999707237924,0.007926783754018504,0.00395500133096039,0.006965381230502966,0.0075118251696904255,0.005479449906372749,0.003500974515192082,0.00376508252664879,0.0027974618450111906,0.0021955793479722053,0.0023161703170392735,0.001810307517969173,0.0031841896799685116,0.0031614988099987495,0.0009073076899022963,0.001753508824350022,0.0016965301455896303,0.0018953645710632096,0.0014347556754248602,0.0026246281008410594,0.0013763425733674265,0.0023225798666080552,0.0017987292068271479,0.0010597714536138881,0.0005477073644730618,0.0013084777179809299,0.0009091521718406046,0.00035606150021912195,0.0006552977104339537,0.0012816660511124325,0.00027714042758004667,0.001043389838531197,0.0008182790284585603,0.0009247215697009144,0.0003938070473570868,0.0009066705461266845,0.0013135674821106932,0.0028605668087386903,0.0005265543031218985,0.0008274739442321634,0.0009638439124138055,0.0005802123124108001,0.0007745363385540474,0.0006235772972688772,0.0010344896043658638,0.00047455842818567396,0.00029472770119390193,0.0007236183002119764,0.0007329360686525849,0.0005889461696010402,0.0006965277451330296,0.00017617297735747964,0.000688062123973106,0.0005239655716107964,0.0005619052602855411,0.0005789283451711839,0.0005175566268446397,0.0001664959433956978,0.0010082072560333108,0.0003504741220575194,0.000599661898850082,0.0005955180350347959
201601,0.2560132458473608,0.1689885303068399,0.15701823109544544,0.0966506081330573,0.06718234242523627,0.04235682688145847,0.021552392852895227,0.017254445319288037,0.016335690350489554,0.017452709057984853,0.011738249381041848,0.016338262748588305,0.01384284292989517,0.008393000545473022,0.004846132630674173,0.005995188399476912,0.008411540519670661,0.0038783263931032002,0.0032145721666329142,0.0031969217965269235,0.0027958323167744516,0.003393839428944693,0.002348605929132722,0.0011982039045022837,0.0025154816517917265,0.004152814794163953,0.0010350341135128894,0.0017531024163669235,0.001679378774850917,0.0012212724393793702,0.0010578583149277192,0.0025399286817550178,0.0018595098341283984,0.0016097547337099055,0.0014299655007659015,0.000848924404283638,0.00100901224668028,0.0015765188262738814,0.0007288451732101458,0.0005997028325953818,0.0004728918819608863,0.000870479897536033,0.0006427481620098059,0.0006677780089911417,0.0003388186152049108,0.00037982026900032435,0.0005663477582743092,0.0008902874166971971,0.0010563067994208085,0.0017906787889082122,0.00039462302788565833,0.0005747301605418914,0.0009330023139183741,0.00037645862698216257,0.00047927779873556555,0.0008853820220192686,0.0013383454991567586,0.00020653341711688187,0.00038009430587566804,0.0010183942434730006,0.0009494327584714267,0.0006761842184793849,0.0007242110207762832,0.0007557060990180787,0.0002910269014999458,0.0003059240720800414,0.0007992449911310226,0.0003638890497769956,0.000510345176519537,0.0005795827084310881,0.001081566885340383,0.0015508531429851756,0.00047924143225012864,0.0006561464306425312
201602,0.2626917147156422,0.1615327987556292,0.14767067084310548,0.09672099023388703,0.06665717009472727,0.04236090807674328,0.02398670995979641,0.01676544702336187,0.01700195448509287,0.016404383691471916,0.011665723774271232,0.016665224234074086,0.015226362231463819,0.009794547422497772,0.0061376878946434255,0.0072938817295511655,0.00660276156559801,0.0037249384657778847,0.004308339898837993,0.003986488921277298,0.0022460171425151996,0.002582109865188362,0.0022290385353816956,0.0018726901534505491,0.0027310047613534534,0.0025836901884950694,0.0011766772925649882,0.0018125848969908827,0.0009490454588676824,0.001417487874233955,0.0014856715700580442,0.003394835856650069,0.0018566177695039528,0.001676591024899257,0.0012698052494042953,0.000604444318308443,0.0007262703681412425,0.0014406435964230374,0.001262857774610617,0.0005786596206620269,0.0005450236243538919,0.0010987913400027477,0.001002074914334826,0.001004397137570574,0.0003042386331010584,0.0005012505135451594,0.0015177650243613152,0.0013450730496766012,0.0013580631864188312,0.0033082175345681905,0.00023840589380952722,0.0003426663037250737,0.0015120893060329992,0.0009413496638897484,0.0008668090828093646,0.001351272736962487,0.0009239173828441703,0.00031636249559600243,0.0005009212326692966,0.0006965731881136165,0.0009615622925204688,0.000997237541585815,0.0006977789601545901,0.00014717180970436186,0.0006003118421866832,0.000667803052008911,0.0005933595467320316,0.0005201886745227981,0.0008310916270327792,0.0003028495645676184,0.0010738084456700333,0.0002698396870033231,0.000966904005096035,0.0005993833716761256
201603,0.25036423010339165,0.1618516972402631,0.14977196663032197,0.10528764875825945,0.07052173969796302,0.045741460635256526,0.025106894715688503,0.018168758136421825,0.017312303029754526,0.016288785103110357,0.013250769903410668,0.011997479075636943,0.013469382927566675,0.007938247565940729,0.004505471685458248,0.006930778331143313,0.006283914434591655,0.0033774420017029147,0.004069048778236623,0.004216700094072436,0.002362049213202547,0.003778821946861857,0.0016151992305402161,0.0017472224652796662,0.0025314302823671512,0.003597961271788223,0.0009942730097410686,0.0018455508935452932,0.0014082460225142016,0.0015626193705982714,0.0012373459175093655,0.0021375127476790214,0.0016058387770572303,0.002229023110840674,0.001770596830528803,0.0006660570052073387,0.0007426100813726255,0.0012095645862227,0.001045835959106499,0.0006256706955530726,0.0006069931204959884,0.001000574446806201,0.0002013705473717801,0.0011733174690364918,0.0004622538537306135,0.0006365388317683291,0.0005363047697486755,0.0014636470175919483,0.0015404845931779772,0.0017938192624681647,0.0011150335778909361,0.0005003489566756378,0.0007852533469385764,0.0016521652741361252,0.0008844944473598657,0.0011713305608506356,0.0006428794366261867,0.0003476527774330126,0.00040070590447060893,0.0010499538227799982,0.0003481642760213585,0.00043554093861115033,0.0006375909327050155,0.0003740281907470641,0.0009339717921314375,0.0007899051920593265,0.0011389283048912136,0.0006204689436271086,0.0009715752440361591,0.001031783540244931,0.001510459224712908,0.00033827490973524764,0.0006275213509982083,0.0011085168764140812
201604,0.25626029315539406,0.17684573002047696,0.13035170581922773,0.11577705126934154,0.06813470127036254,0.041086442048948284,0.022731816195378868,0.017710590023119453,0.015899678230596046,0.01644957533001548,0.014692788714175804,0.01331179625330178,0.011918920495899987,0.008313049998357082,0.0052816891375336815,0.00697648962959592,0.006361364689126719,0.004984237251579829,0.003937997112620192,0.0036005591837198155,0.0024673595349145997,0.0038927053985201117,0.0015201311555002766,0.0013853933833066412,0.0025867822673953382,0.003436650159758843,0.0007987354890338726,0.002145724848397303,0.000720385707481826,0.001263770624910452,0.0008106688863029203,0.0026241006369858884,0.0018977125794434357,0.00221889538115987,0.0024812974081223596,0.000692998633973232,0.0005889828045717597,0.000913507393781615,0.0005067599897638901,0.00027209701710128204,0.001005391477920791,0.0012219641308336127,0.0010000272878958683,0.0008484720984473578,0.0009128366312717544,0.0005094750016701766,0.00046219658626973686,0.0008120785891345833,0.0017426564165484966,0.001922609940378768,0.0005529953365512074,0.000595862049184917,0.0008049830107164723,0.0012776366123722028,0.0008027379907040444,0.0006191156794311509,0.00038863539797588794,9.018802727156356e-05,0.00039675903227486957,0.0009317836713679641,0.0005660132672093412,0.0010465682532394638,0.000841224577694272,0.00028474484339950624,0.00018244090957815124,0.0009831817588427819,0.0007500786292875912,0.0007050313239131391,0.0006190596465095739,0.0005073612490182747,0.000956127149352608,0.00023231970274065504,0.0008354616942184334,0.0007408468975775962
201605,0.25994528773324427,0.1701815334323577,0.14108992506495185,0.1040497418256588,0.06525245322256215,0.03922058142417131,0.02323587761809334,0.019269090897033363,0.01329737901572801,0.01771081748164206,0.012487476346891645,0.015430050777484447,0.017489380062122226,0.009448511945622974,0.005091428531053013,0.00817934428982405,0.007479479294133773,0.005248755910858887,0.0035757477583321755,0.005724940058269084,0.0025074665696467823,0.0026345706156219403,0.0015432861622509469,0.0011532562539122075,0.0023351595880091924,0.003955088928843114,0.001280334656022396,0.001163262984828915,0.0009930940241802127,0.0014732552229390088,0.0014382306153018047,0.0018817339680970004,0.0020079763504707157,0.0019752900255156154,0.0016848545105634036,0.0006975652645056245,0.0009162054517617908,0.0012226410357147356,0.0010455900974774206,0.0002933041113741273,0.0007957077257189635,0.001560803641511878,0.0005849659477423542,0.000812660183743869,0.0009617560908843363,0.0005111754399898462,0.0006930685239112693,0.0011153198048204208,0.0011038327249455106,0.002428773393738465,0.0003344058348658931,0.0004513617876359825,0.001104252820829611,0.00027683067364008516,0.0005228259507591685,0.0013318829356218553,0.0005605435413831725,0.00021339318334635934,0.00037529699898010806,0.000632922485406591,0.0006640209515609822,0.00019962186028967517,0.00039049830437162396,0.0002956443159935476,0.0003695076911923179,0.00017717243801901601,0.0007175401108942357,0.0007675388306306244,0.001432436582848074,0.0003903603705171461,0.0009147859207196287,0.00038264800263971443,0.001269658944872858,4.681685890277432e-05
201606,0.2546539361130908,0.1628095017983519,0.1409701870787121,0.11313759750346895,0.07087227557549407,0.039823545787985797,0.021948351438338638,0.01724169639720951,0.015984994761385457,0.01712019842251909,0.013559604602629498,0.015457569282544334,0.014651234979604147,0.008517495292338265,0.005238558954431285,0.006726154763936579,0.006184574456961083,0.004598782225037098,0.004384327054251682,0.004742771539705395,0.0023848386469013964,0.0025881947109739185,0.0013687652156771256,0.0023858588131946464,0.0028291306809096503,0.003486435132527606,0.0011021831870141544,0.001942197299700112,0.001459711467614537,0.0010578869860671666,0.0010676645818133517,0.003198168602132354,0.0016802736569717243,0.002803889800018407,0.001828685314320286,0.0013080936340137761,0.0009521319509587806,0.001699325472920117,0.001068774465089513,0.0010933407729187283,0.0005761634912990859,0.0011678674473929874,0.0002683149621031103,0.0007399643061376196,0.00016728902220298055,0.0006717781349695282,0.0012113946164657,0.0007046448135002624,0.0012273085264454262,0.0029904583947905215,0.000443807215301306,0.0006394679109188506,0.0010269779035317363,0.00035263193194783293,0.0010765397780414289,0.0011365444565955226,0.0010335291375941139,0.00018411394461087998,0.0008838710293228439,0.0002835486366053236,0.0010551684106100342,0.00041938745087516204,0.00048656723127461565,0.00013386152303923506,0.0003185111904879242,0.00024269970469969,0.0002842582660379259,0.0006119480175970379,0.0003847294218136663,0.0006903340042023257,0.0006818289117471313,0.0004898713389723684,0.0008069573379305637,0.0006787531112021786
201607,0.2515835934506391,0.14972146532391375,0.14647255519283317,0.10814411118183107,0.08104827313259175,0.049025135310889034,0.023133749095063414,0.016315132589101305,0.016522447094576533,0.015152126520248114,0.01291818580569234,0.014595900404666821,0.014303716671082213,0.00747311934784599,0.005824937312750912,0.0073229873695807995,0.00749611867938429,0.005151991521355408,0.0031605304065718503,0.004143633945347213,0.0027042645664460767,0.0037433696678520244,0.002449973651081097,0.0017893087165974904,0.0024348398391255605,0.0039887143802205555,0.0013948644400321626,0.00229472189982051,0.001874943636050183,0.0022408806654994604,0.0014860378516790638,0.0015174616749249802,0.0016472310288047165,0.0020840644234503126,0.0018005009997163648,0.001041142605045145,0.00043154314950297673,0.0020251761230786,0.0008686245465047172,0.0006260727622862415,0.0003734770748860942,0.001025320785871012,0.0003857294005621973,0.001051938710422349,0.0003034687795791865,0.00017400093904599813,0.0011779847024846943,0.0006806203416364809,0.0010165811318733902,0.0012713159027340657,0.0007484159646594873,0.0003271661063242617,0.0013301122262549098,0.0006097916080417759,0.0010185829111954764,0.0007498772751342129,0.00028446327499877775,0.0003785100492759721,0.00012245412946485534,0.0006255249887481563,0.001205439741826585,0.0009005087468520766,0.000564302383901121,0.0006575178773013592,0.000504434979625096,0.00030137433204057747,0.0010376676459195832,0.00024377578116317977,0.0005347571490022412,0.00036836622907817685,0.0010182326025053605,0.00045275840639384413,0.0005136060420484254,8.84747954655534e-05
201608,0.2597737816746287,0.16144905338275942,0.1442367613548901,0.10182024743970067,0.07048159907554873,0.047621190083547774,0.02253936565043194,0.01930170676915592,0.016993781397704712,0.014915106152777762,0.011322656329689734,0.012619161005093919,0.01435773257155988,0.008649205702260528,0.005573410439633385,0.008795415662554023,0.007925297890252942,0.004104084732061371,0.003928296407889423,0.004336447947143414,0.0020370246620746457,0.0035373518686168614,0.0015466617354001676,0.0018617577299989774,0.0025967076140860626,0.003373504069539255,0.0011941206723196226,0.001527383763835536,0.00176613468407946,0.0018305565374660674,0.0013383397153568447,0.002441570200493383,0.0017813562848682392,0.002961073255734454,0.0013285863102217076,0.0008107030696326291,0.0006334484800482051,0.0014057738647301249,0.0008748075867976988,0.0005761749477925882,0.0007708742908541423,0.0012916450896576302,0.0006058148085607198,0.0006060474645886351,0.0007593336883473743,0.0008264763728577914,0.0005945115670876355,0.0011156694028158685,0.0010558086627595249,0.0014366742966478458,0.00022935567986710856,0.0007890273717386103,0.0007028934667197664,0.000454723156815447,0.0006925154543857914,0.0015384542372283909,0.0008464369398078551,8.338091752814952e-05,0.0004392453458725824,0.0003218479774454754,0.0006319969238074201,0.0005729688242956801,0.0003029563039147621,0.00044396930876916416,0.0004046597283102842,0.0005333855089211119,0.000743308832390895,0.0009778452156576176,0.0009780474610030568,0.0005071401443411601,0.0007668292577385007,0.000627136012249422,0.0006956419850546433,0.0004860395795829947
201609,0.25729812426832366,0.1699237713370051,0.12619409652931965,0.1108955150967336,0.07588463211775925,0.047234270706903114,0.021820145274316315,0.017701086383403307,0.016507914477093325,0.014840787256804941,0.013918141808863489,0.014322611251958073,0.017353393599343514,0.006012204102090815,0.005044662722944926,0.0060502399122876315,0.006932682687868276,0.0060765261034209485,0.0031637850352387864,0.004287088636486592,0.0020352740344235106,0.0030902110702897326,0.0019610535763214827,0.0018804984195092429,0.002462945429582918,0.002901475764998602,0.0011244569238381857,0.0019355548417496042,0.0014513184564169728,0.0015955617163433953,0.0017665111432230527,0.002766778549698267,0.001335961978975774,0.0019746120445174936,0.0012786832078398392,0.0018717765259684187,0.0006695586695043744,0.0011711643941048615,0.0006526125319736981,0.0003108767981308232,0.0007231984803756081,0.0009531687087336606,0.0009654132921645543,0.0009611290693407779,0.0003906537228033393,0.00038444517744459116,0.0008467867893140306,0.0017220371129794555,0.001485156234821297,0.0015499272860669295,0.0006525444339061256,0.0005022577756539194,0.0017899486491773564,0.00043041687027387,0.0007340662428938708,0.0006918078682797376,0.0011305130565036792,0.00041857792708531027,0.00017641519492989883,0.0007840532367590476,0.00048692520522957767,0.0008488831614844263,0.0006536874236072094,0.0005164766181832935,0.0002837797603492716,0.00033087319418681883,0.0006052158036594286,0.0007390288180401944,0.0006838013462289058,0.0003440159494415955,0.0002892051396743865,0.0004902973318380612,0.00043086083059295344,0.0003058669024012263
201610,0.2518133441040241,0.1687635676310031,0.13527521718165672,0.11521919530980719,0.075846278955374,0.04302457856840518,0.02119594154339265,0.019134168407952467,0.014462456387674238,0.016894205105786857,0.01201970045800019,0.012476915469604492,0.014760749209378435,0.008037306487738252,0.0071302228605565395,0.00676529129806561,0.008209375359492245,0.004585838070642282,0.004008032015747679,0.004714572063534985,0.0019891669454681796,0.002610485904237554,0.0019330352351988017,0.0018899709187251816,0.0017586183002309356,0.002412009129177643,0.0006543825272745387,0.0022174183929523352,0.001385932480488637,0.001918547890631715,0.0008961271509030632,0.0029167001410924467,0.0014955575407891483,0.0025566183925286924,0.0014501344564144848,0.0013361704555961106,0.000559416844203107,0.0010616009523363782,0.000807619272771289,0.0005408264613459866,0.0009218039327626268,0.0009449152462358284,0.0003639996597167503,0.001082667737807281,0.0004780106260455136,0.00010951350774165796,0.0007951476655597789,0.0015489441252070578,0.00177947325779995,0.00132245060704673,0.00042196790569353604,0.0008536800453534013,0.0008872753930025503,0.00045538455102659184,0.000918417605164787,0.0007715607852567601,0.0006637259309540762,0.0002369662191934288,0.0006282729354633704,0.0005255292978854154,0.0008605410171876245,0.0007668754751078695,0.0006214401632543084,0.0002867412764329348,0.00040143037710801846,0.0002938980459484031,0.0005808505832427963,0.0005431946289648062,0.0005525769577899594,0.00041672150221246286,0.0010310352376352546,0.0005552369043210281,0.0003497716130659426,0.0003026833026078435
201611,0.2589394439365162,0.16284998760036987,0.1335311291262558,0.1077920284648127,0.0748120233969104,0.04540103508711396,0.020877526321618,0.017646727803263304,0.01618719530713974,0.01514600452165591,0.014240905752740682,0.01434707077973895,0.015554839523619916,0.008420596398055999,0.00721384499124255,0.007855731604726785,0.008244453551869247,0.0049515421390309705,0.00302670512067708,0.003525512058527895,0.0018917188290449914,0.0025862991644480787,0.0016008393151104464,0.0018105951364214348,0.001649161156584582,0.0023934003351689264,0.0013972745590695812,0.0012678149614924956,0.0011819409927861886,0.0017707016724185325,0.0016746466020690506,0.002765688994291568,0.0016497563130492409,0.0033716084918324046,0.0012652621770485833,0.0006989634856314216,0.0004949845744435813,0.0018303616395024883,0.001002047199089728,0.0006415060840066445,0.0006482912274610722,0.0011880351821941144,0.0002956859441567139,0.001104997269195234,0.0002578132037012663,0.0008884353867174371,0.0005531826681191446,0.0016935043327678343,0.0020688815351908533,0.0023216842812237987,0.0005319976776525234,0.0005076952598545116,0.0013464034507588026,0.000775109717739966,0.0005530269762837157,0.0006108861740047337,0.00048348932447581035,0.0004057363846036086,0.0006107694330996069,0.0008455795502084314,0.0007424474792806373,0.0006051055069524627,0.0007958462320332343,0.0007790420687172951,0.00038214886310117616,0.00017975922879489087,0.0002513984537792502,0.0005477862279541464,0.00047524940904293105,0.0003869216173586373,0.001134495987791485,0.0011391647285417354,0.0005695596988763146,0.0008109943489705925
201612,0.24019843918515024,0.16897194928245676,0.1377228778997293,0.11143302428638541,0.07842651983845599,0.04609001063048904,0.02229954919462178,0.016151632854999334,0.019573820963190613,0.016838335315441457,0.01210738972422143,0.01427213369587761,0.016394291890837357,0.00770531695211838,0.00609510451363805,0.007438424899474153,0.007590163957498149,0.004519048792335719,0.0027956550389602484,0.0051587781008323895,0.0014138700815447608,0.0033172994733164313,0.0019131242267160932,0.0015888008516214808,0.002766275931316414,0.002576810865130488,0.0011898694569813847,0.0012187472332929323,0.001952985490707152,0.0026218087069560985,0.0012307963601188138,0.0017416085722545141,0.0017714842529929938,0.0021181314574587645,0.001970615978404997,0.0009119950456186116,0.0004542173716909866,0.0012239091292471757,0.0008204712975082956,0.00029166346097481784,0.0007694508186460018,0.0010456956811321944,0.0006591387093821078,0.0013692268152339163,0.0003229161390202491,0.00034844250979434527,0.0006319046456571297,0.0012037360443720219,0.0012528181534898868,0.002024083472742294,0.00025016519590776294,0.0006222758097028443,0.0018104380634954465,0.0007936081528513622,0.0008984287943566827,0.0006064291751085225,0.0014510912192567873,0.0004050102433207038,0.00030043266185663964,0.0008743820212574492,0.0010259829672218971,0.00041692485186614847,0.0007720883978838403,0.0007285556006003499,0.00047593678167350386,0.0005169643390240502,0.00030347619134323065,0.0002819471285405932,0.0005458324311538444,0.0006734644526062555,0.00045865348832303766,0.0002343358084063591,0.00040129353671676467,0.0006479174374892308
201701,0.24173352139062135,0.1713874087717063,0.14463857122981105,0.11656973521642623,0.09367274095610068,0.0477114765610181,0.021776576403810394,0.016338462201581184,0.017896109058601718,0.018346185285359386,0.011767360144433801,0.009359946423799878,0.014875521187110005,0.00860169796116195,0.004386366317449602,0.005686524268160384,0.005967096695459149,0.003174662352288084,0.0026161768670102522,0.004051137088770098,0.0019148223067861783,0.0018357550387785553,0.0008012737560781565,0.001359033572886822,0.0012811801590385577,0.0015258493788906737,0.0014411707253633704,0.0010979030804037957,0.0025735444852932527,0.0021041912263403423,0.001270401426781419,0.002012954801059121,0.002089354196539817,0.0009838456506468438,0.0008779758914461856,6.59536183805826e-05,0.00013750747456807333,0.0018735931987885323,0.0004835263350938451,5.476523172997221e-05,0.00023903728344823935,0.0009512924722154326,2.467710298695654e-05,0.0004439561675527803,1.918451393018074e-05,2.240361801674306e-05,0.00042727768849452576,0.0002693873338233353,0.0017954258953144443,0.0011033212482669682,0.000157462816740657,0.00015127108826399718,0.0011358001618722898,0.0003173812107160208,0.0002275111775643382,0.0008978576580994651,0.00048043136817912496,0.000131949352995013,1.9405644227370934e-05,0.00017348621037388488,0.0003494931576864502,0.0006745423077202886,0.0004341875714147194,0.00044865816824549214,0.00020243060302380737,0.0002819973276721049,0.0005359515854364701,0.00010871528717920796,0.00020159901462377938,0.0001866578712713453,0.0004222400595491137,0.0005142260059759508,0.00028052641101899886,2.8376680526813196e-05
201702,0.2508128896502676,0.1568113414707488,0.14615691181731086,0.11438951620194156,0.10197150553801189,0.048651488931284695,0.021504074012124792,0.016341143129666853,0.01901986245269151,0.015038862132892244,0.0117730331703709,0.012584280647073134,0.013745378182616862,0.006872207074190303,0.005789820360017296,0.004751112144771263,0.006331437668939116,0.0011150844425713482,0.0028796809342910607,0.004759056219905693,0.0014591755476012437,0.002102272049520653,0.002106267103682784,0.0010341936604755045,0.0004051812898561034,0.002538390962444723,0.0008350783655692568,0.0009186264126394167,0.0026239680004600725,0.0013131215224205287,0.001168687173446974,0.00200038502372208,0.001544408113318981,0.0013311986255700834,0.0009745807104928265,0.00024615637866787086,0.00016726796140659116,0.001572687917029581,0.0005989818096782487,0.00014833435807448412,0.00026203438634163595,0.0010427525277395095,7.198168281118861e-05,0.0004983334530332206,0.0001160788367261595,0.0001743537493939373,0.0005242373415461972,0.00033977842519912775,0.001751034914927058,0.0007842991657993201,7.487850574566872e-05,0.0001534605541226336,0.0014374652039237463,9.342241116981106e-05,0.00031143796540394425,6.204285808154016e-05,0.0001675702804283348,8.331557684051061e-06,5.8925761399352884e-05,0.0009629625122652945,0.00031836873400445983,0.0002589117250714806,0.0002705104831989268,0.000577100818240484,0.0002195291047173094,0.00021100287560193694,0.0003988755881782973,9.15692164818388e-05,0.000604922410382871,0.00010007074316623277,0.0008320808289092477,0.00015941244094493554,0.0006402190484692413,3.439472112538834e-05
201703,0.2399080985011285,0.15131635261047607,0.144958913872495,0.12104861263869274,0.1034627650366084,0.05041419640645959,0.022860845742541526,0.017754118296177845,0.01799452196945889,0.014438339193899936,0.009387172550154328,0.009114089958498078,0.018350732289544303,0.005882779148328003,0.005698106537593804,0.005775911299778437,0.006382095152958818,0.0027046591137378888,0.00356341953268622,0.004396609005819506,0.0015146904134832326,0.0019810753934311844,0.0017326534384017357,0.0015634317494275776,0.0010041770551198273,0.004111559288007685,0.0012186486708679924,0.0018848609869158242,0.0009250106772357434,0.001493312618153558,0.002006102662727769,0.0011376619387109552,0.0011621157881839656,0.00123842192373418,0.0011063035516057534,1.6908673589869776e-05,0.00022582537759191398,0.0009478416734623108,0.00040736641811291494,2.2847058193753574e-05,0.0003164633092782852,0.0017912202164042956,0.00017604382125735904,0.0006268144080523581,0.0003520807156047386,0.00023948918788059412,0.0004959490302376958,0.00031501007612472014,0.003411222006996279,0.0015253172122043977,7.688339409483308e-05,0.0007356918109115627,0.0011035179743066343,0.00011772869715684736,0.0003650642557549905,0.0004120643439702898,0.0003505723353336608,0.0001287553120204952,8.038639134550136e-05,0.00013732902201257484,0.0008507367048463844,0.00036831695658289584,0.0006100692852105555,0.0002846499995028385,6.512471085895863e-05,0.0003047140403349018,0.000551712694249778,0.00023629103694554105,0.0001360149762767009,0.0008505484851896127,0.0006189969458908538,0.0003627126092523689,0.0008815174850400346,7.836334874919547e-06
201704,0.23586867057656852,0.14678592389716288,0.15179416750808108,0.11516038270546643,0.1160913511647347,0.043938063020147154,0.020228332709015858,0.015297520577343982,0.016092807506496585,0.019852239115666227,0.012126931882893948,0.009931146813392033,0.016753996684466303,0.007264896932644021,0.006003724540325093,0.0068344643548371485,0.006722737660033882,0.0025751348180344993,0.003794128506632529,0.004804536944266985,0.0022107936315511256,0.0024723024723175254,0.001367057694629358,0.001108436251168896,0.0009427606563308288,0.0028751105278517924,0.0009774590938542759,0.0013153765805245601,0.0011864523742773543,0.001387925459725137,0.0013337042308531719,0.0019131155004484164,0.0021554183491480443,0.0012359406292137914,0.001179355479310966,0.00044428614775353213,0.00040623286480786976,0.0009471265367203149,0.0005017471146066987,0.001013398521368874,0.00015432571559301445,0.0010488694125306863,7.242936725036004e-05,0.0004136347526100415,0.00025347842639949033,0.0007619523550166976,0.000219247160660017,0.0003714636003639961,0.0018838505889015955,0.0010204152446997646,0.0001857462818032887,0.00036675237377664476,0.00039957264985657144,0.00025104741774061403,0.0002365455690062361,0.0005752080358231773,0.0002736446929893362,0.0003518545370522458,4.435535041046897e-05,0.00045045120609927094,0.001503029414343985,5.6988853624978324e-05,0.0011737618779684629,7.578680716261434e-05,0.00011303695160783072,5.6646402055784776e-05,0.00038218573878931765,0.00012428047656952182,0.000115662707344641,0.0003390944331573968,0.0002517348515824669,0.0011438232617010048,0.0003674146050709767,6.655084576513416e-05
201705,0.2327750790566243,0.15017424840101962,0.15265415368852744,0.1257923412184293,0.0960347196237553,0.049462912636585775,0.027367426462574097,0.014066911851403614,0.01749268670829751,0.018484968460701988,0.012690467230242645,0.011585408065845097,0.01333710871190911,0.007782422080941546,0.004846085552051187,0.00656682631318684,0.0073029630767787995,0.0025842455022260825,0.0030516335453489246,0.0031673882441006435,0.0018327821072739185,0.0024950837664547585,0.0011207341392295183,0.0008258614615222575,0.0018857483439327111,0.0030736708714858684,0.0008574340186123413,0.001045314612578697,0.0011697466761874708,0.0014486274443490901,0.0009311533664779364,0.002064793228492637,0.0019852190625438536,0.0013610109619535743,0.0015885681564028957,6.725904614236909e-05,0.00011833419883939528,0.0010538678155483851,0.000470583220283233,0.0001512644521871234,0.0002181599286655765,0.00110819036770852,0.000579662274205028,0.0009131580947943811,0.0001357313758033588,0.0001220871748420549,0.00025179820264905646,0.0005728286171130947,0.003009958862650706,0.001233340094258178,0.00022350545704946198,0.000569130593379196,0.0010364884790965674,0.0001375443977008444,0.0005638504428283017,0.00020664567111931869,6.507285103772597e-05,6.5428180269939e-05,0.0003792136755726375,5.104478111279886e-05,0.0012989973786083522,0.0001465478012088041,0.0003382253039678171,0.0005321864847697695,0.00021490637423515307,9.881187938431001e-05,0.00018268195681159268,8.431693674091857e-05,0.00011929326757227096,0.0001800880330593301,0.0012175351792693418,0.0007211179004363643,0.00029812283187496556,0.0003572757691562769
201706,0.23504036158446714,0.14448096112240585,0.14744582874033238,0.12149805897255685,0.10404396730854448,0.049855619703730605,0.026398274350897796,0.01683253318594826,0.018135064840932847,0.01899543950432542,0.011816744395127341,0.012292034068577052,0.015897827503674453,0.00733188285918932,0.008100310887576326,0.005788557859440998,0.005711402330976227,0.002274636032310707,0.0025866967709044977,0.004147892379222895,0.002572613664063736,0.002396905736096524,0.0014177650352788086,0.0013634504621967414,0.0010080378120700883,0.002452752083630008,0.0010205939832116284,0.0012726034411603964,0.000448864106804217,0.0015614514484005282,0.0010621860880004434,0.0011167557219985116,0.0013776266908324456,0.0011513812935646426,0.0010612328948255622,0.0003290130338814064,0.0001666672485822687,0.0010197480302306203,0.0003917484543643218,0.0007074602682996158,0.00039184574543048024,0.000872686750437262,5.511127457882868e-05,0.0007286573093905727,8.098965618786409e-05,0.0004897983529684592,0.0006084498814333492,0.0005632180738293269,0.0021907345853133227,0.001755982096845838,7.665943236804265e-05,0.000641360902425304,0.0006176825310402411,0.0004648988256212996,0.00024118185996913373,0.0001584154870862776,0.00012928035769902224,0.00011913825912165309,2.758733466847015e-05,0.00030864728951672933,0.000519824645028636,0.0006554077350834622,0.0015307352020207559,0.0002573039351615676,0.0004576343174366239,9.613074371897561e-05,0.0002623065649085589,0.0004862549323056139,0.0002570816322585672,0.00028757794679753226,0.0014570444812448367,0.0004062658773474931,0.0001576041835283197,7.354989859362404e-05
201707,0.23715953831470124,0.13798896445027004,0.14700883990082708,0.1140655703384248,0.09436874136330162,0.058305994651961505,0.02437934775456714,0.017267543853345103,0.02158489641875678,0.01979283859962263,0.01218055377912305,0.014326829224262152,0.016773288298182358,0.008562567181071986,0.008895615321488599,0.0059777008398412225,0.005850557725672288,0.0028211949912089677,0.003458290745647921,0.004696501427821853,0.0017956104404544036,0.0031344862334760065,0.0023297826270312727,0.001972867979441807,0.0011093465124038578,0.0034930170775301,0.0007725611824219531,0.0011423434332863231,0.0009524938289579608,0.0016652684287569407,0.0013206588438250287,0.000951629690870632,0.0020669256192629077,0.0016226886574999529,0.0012199725618367168,2.8932536337850702e-05,0.0002794256742681071,0.0005213886961355809,0.0004985763434560877,0.00025418886120350236,0.0003276543989529696,0.0013702040802318813,7.200013599829985e-05,0.0007906317407159429,0.00044796929853501685,0.0003470022010437749,0.0002817156976232677,0.0003647940055488063,0.0022443519793049556,0.001664912793546108,0.0005166309849618791,0.0003044610271412931,0.0010117123664121958,0.0006924636299835243,0.0004480203487885346,0.00011164204330751702,0.0001441300765260073,6.4837508294999e-05,9.494937019577595e-05,0.00045772849248385683,0.0009071579139847492,0.00021982212161551187,0.000399104743164004,0.00021251966732849882,0.000843547031602232,0.00011270444963045769,0.000265120127672838,0.0003559212919995945,6.66351318356669e-05,0.0002913850454495072,0.0007194860478682273,0.0003769414434488367,0.0007871556851047132,8.714671114326902e-05
201708,0.24904772773894485,0.13945829704073062,0.13598126460431836,0.10328786793309594,0.11402551226672751,0.06061280420379205,0.023152252974197943,0.017922522377537466,0.014146602993951912,0.01824292451537994,0.015888257177401416,0.010056020672619338,0.019018102772556122,0.006237407099909633,0.005615993584806834,0.006504694825726115,0.00729536628836785,0.0026086624920979248,0.003160926599113869,0.0028536937860813723,0.002486927456756326,0.0014339473787590583,0.0007918380101947418,0.0010444350920381783,0.0006808584490250869,0.004525132067785609,0.0008257641858047485,0.0016170685220327087,0.0007901794055490289,0.0017417487039927467,0.001185581936279519,0.0020340879523800524,0.0011348964534478383,0.001511990351958775,0.0011355674250217822,0.0003027008806721154,0.00022578088885558099,0.0011584496054945187,0.0007580254115969602,0.00024278282312928428,0.0003758172330905906,0.0009954960809261894,0.00024341652918066924,0.0006999447340187443,0.00015370436585446158,5.822459064086199e-05,0.0006652699976996506,0.0007145708710856954,0.0043290991293059725,0.0012949078328399115,0.0004252103531187046,0.0005106668990332182,0.0012990793833473852,6.687685232643877e-05,0.0006726677492848062,0.00010126295165329772,0.00027888733141555083,0.00010717218972711597,0.000248875268432048,0.0008497696384146615,0.0012949393888890314,0.00036568259410444314,0.0006467050000697194,0.000153106471462609,0.00024326175232078728,3.8111079011681964e-05,0.0005394515556220917,0.00043540537412586585,4.937110794853462e-05,0.0002499221372706104,0.00048662481839829814,0.00028659194680649464,0.0003155474950713464,5.969434937082463e-05
201709,0.23699053365940553,0.13975374924087117,0.15179400119273428,0.11656836262064289,0.11210247927201636,0.05370880115808987,0.02441799576771801,0.017220952714134753,0.01742131771161475,0.016657405018940502,0.012462901332027482,0.011082651483315694,0.01260083234536445,0.007313415653867341,0.007598566924108295,0.007783425952977458,0.005915885513344069,0.0015593138666285611,0.004085160729251113,0.0030159559119383736,0.003431602589293906,0.002190010223280184,0.0013294757693035272,0.0015129804678967846,0.0006852724294263015,0.0016117517033571863,0.0006541302700788497,0.0016028713200746043,0.0007593704973897161,0.0014943889217334748,0.0011625904092054601,0.0012512472304899852,0.0011572138064762517,0.0016349970112523198,0.0011136630623820056,0.0003982851644187828,0.00020233435087516218,0.0010661931013768618,0.00022776780901109637,0.00020130252587260907,0.0004796015290363732,0.0012649526557991404,0.00016422276004285434,0.0006847596626891118,0.00016856577774685585,7.261095073694074e-05,0.00031236850427193697,0.0008675308900097732,0.0030094535137730246,0.0013503717007336555,0.00010730237665834859,0.00040039676511897135,0.0006024809467192363,0.00048603737603107545,0.00048057253961594087,0.00045249512190967335,5.89108988357517e-05,0.00015898136704568238,9.137272133629212e-05,0.0004933730868601187,0.00042953469969086777,9.595224835642351e-05,0.0009257580370521157,0.00034738839627285206,0.00031689128004961373,0.00022923545952915065,0.0002092872411524952,0.00022984818740687265,6.614344965466713e-05,0.00033667561873083874,0.0004534878569844004,0.0004127553671263571,0.0002962193925057186,0.0002033048883308545
201710,0.2377900394281092,0.1495088975875809,0.15015677150274492,0.11290674953394324,0.10725087855247069,0.04612142125647656,0.026315387925581163,0.014082919113078561,0.018301732615948405,0.015496591280045897,0.013490579780404579,0.010161406612291365,0.014700491515497493,0.008902410917112651,0.0065633341649039625,0.006204229334424219,0.006271676688761493,0.0026763143225853395,0.0033915808852377407,0.00330553302654507,0.001992950093085668,0.002264032214243994,0.0008524727008195525,0.0013117264914388163,0.0008239175444480713,0.006238941043892684,0.0009528880106844775,0.0010076600568288648,0.0008206719879072113,0.0015400228793143599,0.0013885661607424896,0.0019422813172726445,0.0014411013924342786,0.0015250466219119956,0.0013037591537929938,8.415009000753448e-05,0.0003545033386083864,0.0007904673539943723,0.0004460178923241034,8.446458677916818e-05,0.00020944160031849006,0.0008528541457059129,0.0008319839514698788,0.0005247127737030039,0.00010462943519215674,0.0001114737257573013,0.00078464296939277,0.000369348072237004,0.002695021131022714,0.0018276719725827896,0.00018001349372913155,0.0005675458252606729,0.0010391052253475813,0.00019247350073089018,0.0006885445627849035,0.0010105392089254824,6.662519161661124e-05,0.00046520655508499687,0.00019810678196739828,0.0005778336655884639,0.00048351763320305546,3.4248036878891056e-05,0.0009013376323762486,0.00016107260054570082,0.0004133302682417454,0.00011959503149710654,0.0006452494714023476,0.000467566563166239,0.0006366695037396088,0.00023628705905943883,0.0005475449704239788,0.00021109734906259652,0.001003052416309664,7.707070140029634e-05
201711,0.2307805573053665,0.15052268099836744,0.1497945266221008,0.10907576584374153,0.11131474981939343,0.051671241205876677,0.020975427573045633,0.01709499594646138,0.01811813022660469,0.0198337578178036,0.013324965863124925,0.011919670185874753,0.016475654639955706,0.008459382062308875,0.005862577307908074,0.005426728942250133,0.005128332474954042,0.0018044351445974261,0.0037100492843833485,0.0037815919353056896,0.0020639102660375487,0.001443129236915247,0.0010258027155829103,0.001177243072515278,0.0010411675320036002,0.0038320699446499733,0.0008518038714083897,0.0012872394730191518,0.0016362310001429964,0.0024462912589917427,0.0019838467435526726,0.0011005240517081064,0.0016201285323420751,0.0015229676871201863,0.0014219290992302533,0.00018182976871959256,0.0001035824426884934,0.0013629403069111666,0.0005740882271774839,0.00010181574280309273,0.00018904470708575345,0.0011536931381772037,2.1216921026631906e-05,0.0011192923642093788,0.00016952387020193336,0.0006455885721679518,0.00036693239482421227,0.0008341321932371082,0.002195038111750683,0.0017364136137775366,0.00022233511519353938,0.0011280019778656227,0.0008233811973524786,0.0007191528427154009,0.0003215797836480229,0.0005936602271622959,0.00018428569143870465,0.0001022697014642474,0.00012957463627267387,0.00022146144253182013,0.00045015612365891384,0.00016514490573147435,0.0007778424684207111,0.0010502493264783173,0.000936964526073399,5.3052705411819106e-05,4.130529658313702e-05,0.0004826714540293617,0.0001204240767418524,0.00014146361118270217,0.0005665645966939729,0.00026508274239278357,0.00019818490106388763,2.0552590489968295e-05
201712,0.24452689620690374,0.14522986695213405,0.1436224362920146,0.11132884511481954,0.11909469945536713,0.04866300548929119,0.023599992031764987,0.016281340869832323,0.014366830117743161,0.017328857931707853,0.015400040101618518,0.011361103788331403,0.012356871672439516,0.006182546990632714,0.006021188459809436,0.006841215804009932,0.00739024496918899,0.0014024779643800084,0.003588651514325526,0.0035803775849971783,0.0021326463291083866,0.001377447188370038,0.0011344907840864405,0.0018727548104438133,0.0006587830174327393,0.0034820088012497865,0.0015672318684352316,0.0008130507296648272,0.0019028955061155272,0.0020136234849289824,0.0008984142545572474,0.0018960125466949,0.0013585317449811883,0.0011927956177167514,0.0015690160295010393,0.00021911972549628576,0.0006354121555023284,0.0017561333892322532,0.00024210208048667658,0.00015266769426735522,0.00023073981737144615,0.0017405340451735946,0.00040950711442799413,0.0007882217560081647,6.353584647252034e-05,0.00030099589766458446,0.0003622575359232531,0.0005253411673433405,0.002154675116262335,0.0009530493172688421,6.339843626271351e-05,0.00035913247101400614,0.0009354082531902586,0.0002938410258182066,0.0005597705348978273,7.580509049506921e-05,0.0002881827842796315,7.569120332177931e-05,0.00012631792856957703,0.0003248798585017823,0.00032552700425334354,0.000314369515923545,0.0005226729185958269,0.0008210212675208107,0.0003220238489937575,0.00017269597779091014,0.0001625890948496852,0.00026656323025786295,0.00023382483658434085,0.00014953045832008662,0.0004337282658944609,0.00011900419654488725,0.0002509604514753147,0.00023157666314458798
201801,0.23457060586301126,0.15079546465669644,0.1454415515073277,0.1055412248217078,0.12067052445738234,0.05170065627580836,0.026098663260204675,0.014621691921081004,0.014928716565075746,0.017416956687817096,0.01307920183027444,0.012036338382748129,0.011494560679343045,0.0070122172230250215,0.007578929659757129,0.004929974599508782,0.006421834565711753,0.0020079066859530186,0.0032483381811695858,0.0047952543109844835,0.0016323914894425151,0.0023105608831176542,0.001660331016791233,0.001158683627436957,0.0010180702443818577,0.005776799300411065,0.0012940128076633249,0.0009089574717646337,0.0013841702006850774,0.0018805130180665315,0.0017076677672891354,0.001176201457804578,0.0007327674539301157,0.0015000694516519627,0.0011921996447384902,0.00019836390104752404,0.00012821610154412102,0.0009319415846148856,0.0006398068717240233,0.0002752936243599244,0.0005299087326372392,0.0014469176334061275,9.485736935993282e-06,0.00032340532001861287,0.00021838391147870404,0.0005755928141201884,0.0003752179579958314,0.0006441560785697617,0.003794197340325261,0.001772629357716347,0.00014015321492812907,0.00045279354241092157,0.0008081938663399394,6.0054030555737476e-05,0.0004764299315668108,0.0003292129310254713,0.0002042781367501988,7.02500213907687e-05,1.464267465948427e-05,0.00024942976867192306,0.0006555158844693311,0.0008387657655491201,0.00033260109306955377,0.00020110293942135954,0.0004341018192936891,4.265231940578714e-05,0.0006239263559398397,0.00027604514804748426,0.00011159595575321872,0.00032932681155623173,0.0006026717352418877,0.0003842296087688653,0.000666604239748758,0.0001078972691780819
201802,0.2283949357910247,0.15473830633667243,0.14077837920291938,0.10599281312798123,0.13164462071385227,0.042146425800097496,0.026558675108729838,0.01492150635817423,0.018206478369436216,0.014146788943436728,0.011055977905394207,0.0110735888181747,0.015485820641887384,0.006961978454898859,0.00907129764859354,0.006325151133444827,0.005860603988769066,0.0018439954022269963,0.0029452375361750127,0.003916532264894794,0.0015867957919918382,0.002166468848826586,0.0005576254887239893,0.0013627954300649908,0.0006461357426670115,0.007519311130754036,0.002102591000887734,0.001313331785492024,0.0015103568685387115,0.0014437353665368567,0.0009752260471913188,0.0017723249778479578,0.0017857867244882556,0.0003759317746034936,0.0015979842679523305,0.00016237587522171807,0.000577350730866587,0.001170179632493043,0.0003201704178180362,0.00019713118695871294,0.0003731906819366164,0.0011986636094736215,0.00019183781906298916,0.0005167899227133322,2.7455626690819217e-05,0.00023336475651542432,0.0007027778716369407,0.0005334601257586887,0.0035586775328558524,0.0012052620607103932,0.0009789204771565403,0.00023708901814318238,0.0006424687169965392,0.00010854218587589948,0.0003705814288459665,0.0003795673658551981,0.00024943585594839213,8.096346260251594e-05,0.00016581973452192575,0.0011890764811039905,0.0005101778673637972,0.0002615415596335668,0.0013967632160888973,0.0007890792865182694,0.000325777081927771,8.074566241388759e-05,0.0003658506626692493,0.00013671226509900898,0.0001807609339724725,0.00028988171262917146,0.00048145268512731295,0.0003317144533808453,0.0005151878149078617,0.00017768742715383487
201803,0.24344122782794314,0.14817601784898873,0.13973940552081526,0.1039536928308605,0.13388759049639892,0.048649999555177084,0.02084846286712894,0.01598555200150572,0.015193036173159003,0.014906667963615594,0.012469650295727525,0.013894694049452903,0.01309933937177796,0.007826544124506452,0.006399434349322919,0.0056790642449623075,0.004916673580206982,0.0017546827218456104,0.0055449426927998416,0.003745433018233338,0.0016092497354021605,0.002533318797487268,0.0015507050583531835,0.0014625934910624347,0.0006498811297682863,0.002293829790357769,0.0012415798887358029,0.0027731855390002585,0.0009371203237208462,0.0013897897741954378,0.0006852766649676444,0.0019485905526175234,0.0014235257536156644,0.0017981954058829228,0.0005037027112444543,0.0001375062909495836,0.0004911239585498416,0.0013632413113546004,0.0006663916749800481,0.00012019018647234158,0.00029285651561396296,0.001312975013262135,0.00021793900035168033,0.0005259285842959782,0.00020559071476786077,0.0001236591397379136,0.00011649436409907167,0.0005092207733974936,0.002488171660143987,0.001230180140004471,0.00012968985001917828,0.00017913837849212706,0.0005458000819683502,0.00013075551456742546,0.00027045991011197327,0.0006912496926687181,5.7025579412745976e-05,0.0001125589028788892,0.00017595553973366216,0.00010933278009828686,0.0008146423834546542,0.00017933665596960754,0.00084569905488465,0.00017304121746645408,0.0003463026239171051,9.864498042261056e-05,0.0006130799793167622,0.00018719269024499496,5.9057018298082336e-05,0.0004875868217693633,0.00017379300662171627,0.0005341235455313263,0.0003162923118913774,5.511600143866682e-05
201804,0.24434889074897725,0.1427725709863094,0.14682368379501445,0.0975672426009551,0.1369265650766393,0.04319105573972558,0.022752130945061063,0.01512516389769164,0.0186421866675308,0.017844580592511098,0.010842022057327712,0.010842906016616574,0.014259458390539263,0.007594616016200367,0.004555579768917973,0.006145487072424415,0.006129387921852904,0.003368285384655575,0.003334156627704273,0.004230641934130705,0.0014752900722540482,0.002915997383980234,0.001203291468549183,0.0011484266296718781,0.0005047971186816381,0.003374110932053417,0.0016263399257343352,0.0006852392359376184,0.002902903876661133,0.0020207825673691834,0.0014657061270537805,0.0010826120372545089,0.0010084208403914304,0.0010202487874964759,0.0013717525203531553,0.0002642760960495191,0.0002459422591771421,0.0009035006855334436,0.00024173177738182514,0.00023640440301378593,0.0009202370189123974,0.0010532111849839104,8.331988549494322e-05,0.0007510879738166873,7.05787934605477e-05,0.0003842634601414936,0.00032438311802640194,0.0013564258787920303,0.0030496426741788416,0.0011826783953578985,0.00025736867485905097,0.0008439401640669762,0.0007062098138945701,0.0001798757774699701,0.0008939876757920079,0.00010802572618953388,0.00018878377633282565,0.00011630183593702159,0.00011640712871509968,0.0004981828815720803,0.0004596271819773372,0.0002252391163270039,0.0008548009915455205,0.0004332596422818094,0.00015620834015898818,0.00010049327591064287,8.238915010914758e-05,0.0001558838711030485,0.0,0.00026658376812434286,0.00036328543227153647,0.00033212073889924353,0.0003329820997388177,0.00015782756817523687
201805,0.21956484645699992,0.14807630350286805,0.14139338174844007,0.10826513742916129,0.14867911690042165,0.04622075516387048,0.021505193206605495,0.015761981569746484,0.015520553008303134,0.015704808672615346,0.013947304184998937,0.011858294064911469,0.012596787316427325,0.004966434137258339,0.005020988322591126,0.008287199866543048,0.007096916478822315,0.002378841309328073,0.002825218015271692,0.003766875224960989,0.0019445941324801551,0.0018547233358337902,0.001104224068086599,0.001141399836773418,0.0009800999603035677,0.0067421883447357535,0.000951300869464126,0.002039459089669408,0.0021640612834220975,0.001687219725006831,0.0015830578639154133,0.0005166869550494183,0.001427398542033977,0.0011132460393099319,0.0007913226667623756,0.0002610974899200244,0.0010589315753036998,0.001681710278379643,0.0006104135730717629,6.333119546870892e-05,0.0003459647060323938,0.0017422955089964364,6.05709760305109e-05,0.0003913677631189477,7.401057118947154e-05,0.0001113388393802722,0.00012750765343591262,0.00046354638292844406,0.0028972644198440216,0.0021226893893998944,0.0003971989757251478,0.00015296929563286498,0.0005859182990995222,0.00019196256317452858,0.000527336062989914,0.00012230317918935832,0.00016906006472747567,7.453209389634678e-05,0.00010857413763345762,0.00015255066512423558,0.0005581923798922652,0.0001295659481629968,0.0005893524800505837,0.0003834508704947046,0.00020105140336325122,0.0003343439933166324,0.00014997536373790053,9.392987101368573e-05,0.0013655890779870835,0.00024698007048398605,0.0006974525355912906,0.00016473452580682008,0.001078004406412286,3.501212100136971e-05
201806,0.2216706169285658,0.1327325524534239,0.14064657236361788,0.09753813807519882,0.1635776078724509,0.04771786932680432,0.022610251078411886,0.01629526504130682,0.018000208107385778,0.015476443807394536,0.011347952078196425,0.0133089212945574,0.016367954278631,0.007115792446955431,0.00821939336078748,0.005403033942997155,0.006932755618676077,0.0019329269372397725,0.0046115680143023275,0.003582405626611903,0.0015825011759335189,0.0016946046760069249,0.0017068315303635352,0.001396020975040401,0.0007622865481572323,0.0062924690191060294,0.000988515802928031,0.0011218149007286616,0.001386735765305557,0.0010902759730364116,0.001767386213868207,0.001482184339419133,0.0013337297528017021,0.0009563267808435726,0.0013080450053271709,3.6254186190449074e-05,0.0001468590974990479,0.0011550354326895775,0.0011932713364724873,0.000245817843666684,0.00037915369576263443,0.0020525497441260766,0.00027941869588701823,0.0005367096652109839,7.653572666900646e-05,0.0004627356220591497,3.990881726141171e-05,0.0003270102990836934,0.0029287795220230713,0.0016714266133495796,0.00021340349735878293,0.0011933067785115505,0.000696569948082578,0.0003655585635644669,0.0001286440101147533,0.0006096105229189898,0.00012453969393613943,2.4233469060137384e-05,0.0002928133752019376,0.0001021849944479617,0.0006598271163082701,0.00023524796078914205,0.0004876658336050154,0.00020535779596789997,0.00043240616015982467,0.000229419833010921,0.000303714019917828,0.00042722910027441177,0.00039082123021787283,0.0002588020163046099,0.0002887471119612731,0.00025196289223671073,0.0004892620143359481,9.924865138058023e-05
201807,0.22220895446849873,0.1434729659338943,0.13954961866143994,0.1068644662912506,0.15910426962162225,0.03818128154745222,0.02293302692633534,0.01262833251470473,0.015650624169718855,0.019134684370291248,0.013850567063875921,0.012766552078471436,0.012836245123123757,0.006282890605371944,0.00814982313655159,0.007383369541185098,0.006876625082989931,0.0018384488867579543,0.003376963528570864,0.002935115087333074,0.0016095818913480229,0.002753517177033814,0.0005766288000210046,0.001063885455075451,0.0007020589405065993,0.003278112022601512,0.0012350595555189526,0.0010372568246140403,0.0012063903745750907,0.0014926902562782014,0.0010243329185322058,0.003344299852318313,0.0017345113402553857,0.0014929265356656226,0.001485316743013358,0.00014671352701852537,0.0002496838467155573,0.0012199242512830302,0.0010325436550438288,0.00021928085636113923,0.00036328112864437734,0.0011746507480284972,0.0002687834319405565,0.0006671403345311934,4.6853317443206575e-05,0.00020373211367991472,0.0006805935988004681,0.0009030061662060516,0.002463997371849405,0.0018831395503988181,0.0004474515257966746,0.0001805961214903658,0.0009017964501368064,0.0002824399218431349,0.00037742128344960007,0.0006038047040321746,0.00017120414273773252,4.343725483926026e-05,0.00015016748029067535,0.00042438782707186084,0.0004148980153260964,0.0003945506956756702,0.0004533191551283214,0.0008896066443905806,0.00032145568945724217,0.0001694907705736452,0.00012519300728509213,0.000580572164940686,6.642581792910062e-05,0.00023217471149155494,0.00022690131194194244,0.0005220798206502133,0.0004329108877011944,2.997371078560563e-06
201808,0.23188591212198328,0.14096647602597348,0.14437914826992257,0.1002262513273952,0.15069657316545515,0.04824751964302027,0.022151295156921828,0.013931023703112331,0.016733730083588718,0.015198572255009035,0.011045437407896047,0.009612676092426045,0.014579841581107504,0.006529185794511501,0.007100549010571214,0.006983584015960759,0.007012778053150605,0.0015534320292332991,0.00299625890677182,0.0039518303791282825,0.0029750909669089384,0.00215099017409677,0.0027953714283786924,0.0017763542569144085,0.0007781406377902579,0.004294774019856802,0.0008105011927397054,0.0008362322774488843,0.000810770569540666,0.0023870606122517236,0.0014405141818514895,0.0014629269982437184,0.0018811183410390986,0.0012372151983724951,0.0008147700274155052,0.0002770270233029718,0.0001769335156737153,0.0011904861300204076,0.0006265917950923542,0.00013577089908067412,0.00028949756857983973,0.0010141322520257393,3.672051831409588e-05,0.0005359279707059681,0.0002916434126890469,0.0004138889526719387,8.433253863387472e-05,0.00029195898407521377,0.0034604135211605664,0.0017940773425180311,0.0006563128517711252,0.00031243914814427535,0.0006423286580253585,0.00011578878213212183,0.00039160585278850046,9.17519427980354e-05,0.0001347893594406761,0.0001629473159517239,8.224927542251385e-05,0.00021672693131545632,0.00046724306153929845,0.0006735368980143595,0.0003082916916658986,0.0007075885352463389,0.00021833881097411782,7.508381722835344e-05,0.00017864749977378728,4.297675563733416e-05,0.000171676705906753,0.0001394759929743907,0.0004837695869479484,0.0006522646750717471,0.00016587015157509748,5.498736912221462e-05
201809,0.23265774321889218,0.1301577140962768,0.14737576516939,0.10000685301444312,0.1581080176909535,0.04683144497409249,0.021661793975297647,0.012451742069793643,0.016842029635742106,0.016265641809627664,0.014580723696535172,0.010425964263684853,0.01450796175796088,0.0050690354947891415,0.006994679312172251,0.006776977563727939,0.006708141574467395,0.0013531903918457453,0.0045477371738093875,0.003975526888475529,0.002779251064120484,0.0025204232915048076,0.0010364553773454773,0.0009789251630213049,0.00117351653505404,0.004669107431427476,0.0013824269045597413,0.000838529411768843,0.0012508410678831532,0.0012712380596281467,0.001110796481925995,0.0024154641635514068,0.0011351207697569492,0.0010888081279895288,0.0017028471746156155,0.00017100210232018237,5.916348374746958e-05,0.0013806646822611766,0.0009826723060488468,0.00013075059318385198,0.00023354678413480765,0.0014340827093013572,8.746661995709185e-05,0.0005495743750796956,5.939845831921836e-05,0.0009451090347080528,0.000467791602550887,7.379343812832652e-05,0.0027009216618483,0.0016578315456528855,0.0003170723744324709,0.0006291553099103395,0.0004011061131180493,4.471504422596923e-05,0.00022581723638081947,0.00024099976865215125,0.0005021466090579465,5.5740968133129855e-05,5.554253249035005e-05,0.0002291915911127953,0.0006639029982618756,0.000256563316201798,0.00022144873632617152,0.00042075163905101786,0.000441174973388211,3.7353172567227204e-05,0.0003772565042942782,0.0001391980498896503,9.109665406039842e-05,0.000249146369131617,0.00018026694100761132,0.00018716656042289454,0.000292449216873941,0.0001545331276366858
201810,0.22280187903165613,0.1335944102431206,0.14145062949916185,0.10646735426718694,0.17474959998184147,0.046209111394077025,0.02319196094790856,0.013220194861851105,0.014949081481234413,0.01593282514809622,0.013542588595093514,0.011369977104864624,0.011642529131628651,0.006453866885761139,0.00653715040032403,0.005927295694743746,0.005048847575297725,0.0028152036496712335,0.002892391059854899,0.0035879084443861467,0.001520946051186648,0.002267607442227344,0.0005662913488409116,0.0005910101302208528,0.0006778337130006922,0.0034136957086982195,0.0006460405230883504,0.0018997970528809123,0.0018192198266455387,0.0017177941267638554,0.0017763652789000697,0.0016172712720625834,0.0013142379897439361,0.0010979410730656953,0.0008771651371700267,9.897815017025049e-05,0.0008892739095691703,0.0014464958124818822,0.0009433147812653297,0.00011732785280539852,0.00021006422375728387,0.0012574106052650692,0.0003085502791999744,0.00029592897859492367,0.00011216785632049814,9.3433063764062e-05,0.00011676331018829461,0.0006467727811142494,0.001499365235408465,0.0013607221208769599,0.0002658071506377883,0.00017368322480731282,0.0006845816621291993,0.00021202453105320797,0.0003904174129046063,0.0008487893951915845,3.27859453649456e-05,2.759945854652153e-05,0.00014837019575852556,0.00010266646990406013,0.0004154667211233482,8.102268372999121e-05,0.0003558244294765106,0.00041314543136049253,0.00040163163581135984,0.00013112850209449654,5.701164801396989e-05,0.0001418877272950419,0.00012555462839720013,7.878424664319885e-05,0.00022545425666147494,0.00041976441578665515,0.0006820071942711191,0.0
201811,0.24138988230875758,0.1276833316924932,0.14104018812824196,0.10294975985886429,0.16820279297699228,0.04402351046603419,0.019098619364188985,0.014598100878565097,0.015884800588040832,0.013713516993745897,0.010771742992355539,0.011150581516439186,0.012192216716552262,0.008141606569486703,0.005412630996848434,0.005522011838194698,0.007812595166367915,0.0027595849461009786,0.0029599776698830604,0.0033871078709973167,0.001797544489575581,0.0018894603726431665,0.0011247028866385156,0.0009130997819158673,0.0005302730074958835,0.00441686346775476,0.0009542206773352769,0.001271421446797515,0.0017055660307218178,0.0006896303276525993,0.0018520742089162662,0.0013243125296529387,0.001367602553558907,0.0012933349868258707,0.0011552971181985198,6.660270885058326e-05,0.00016069937767604006,0.0016476510078313313,0.000617119417924485,0.0002644903408761615,0.00030580228514767423,0.002254821918443368,3.957623023558952e-05,0.00025503758267412206,0.00021955838976374408,0.00010057586660312897,0.00035385700115578896,0.00016609960050703972,0.00151885166667179,0.0017775256455673312,0.0006118131940714396,0.0007769909253308444,0.0003327584333607149,0.00024140809336384734,0.00032557152048839574,0.00015076756690091177,0.00013821475370611673,5.304805679897495e-05,0.00012077091785763894,0.00022590893517833078,0.00031272163593256536,0.0002694054393533461,0.0003881167009362238,0.0004179600005829527,0.00043247556871687463,2.7253320047187565e-05,0.0004237896741575532,0.000402002325554958,9.105935222726261e-05,0.00013757296972675487,0.000519555960040994,0.0011108063741941921,0.0017524892063858755,9.306610323940655e-06
201812,0.22369742977640167,0.12394923942075088,0.14342359774137017,0.10377522558788212,0.17488880172740995,0.043325798986420395,0.022744268662301906,0.012547342424181495,0.017781199532862127,0.01538161833970932,0.014498859075728983,0.013056158205612399,0.014976577072813852,0.00631726845042131,0.006367268627128992,0.005680860271932726,0.006973010385264294,0.001154283541747981,0.0032106977872964453,0.002464656028424367,0.002102813149684356,0.002469163293014777,0.001013433619309396,0.0011850371666949759,0.0008394046612040421,0.005025344095455798,0.000984122830078597,0.0016634317046576408,0.0011232781156065548,0.001323188578914883,0.0007006259447579163,0.0018168660883104255,0.0018631468334171623,0.0009838265823903952,0.0009843194418934162,7.612928798295763e-05,0.0002131829949775972,0.0014497704330755858,0.0008126740648510054,0.0001404906507260947,0.0003323851634788873,0.000892689435762228,5.004614831274926e-05,0.0004587235020006867,0.0001372778433022119,0.00131429251492942,0.0005378861322187047,0.0006374872655141037,0.0011793340508444244,0.000885360076593172,0.00045336516594759687,0.00020156920534798186,0.0010666936862178031,0.00015289481336511662,0.000396978640924202,0.0007687316312365743,0.0002117825627098938,2.706885529948597e-05,1.4805025313493131e-05,0.0005052022694220638,0.0013762900076848231,0.0005376177963225015,0.0012549961987348758,0.00041146793638084075,0.0005048989751505217,0.00034691813853325506,0.00019902668003499643,0.0003029533821763596,5.669403162277046e-05,0.00027327794135153637,0.00033115620357470146,0.0006496071911523371,0.0005041505676276891,4.195977824700749e-05
201901,0.20596077934485563,0.11946728790868846,0.12409810614032785,0.118689005585925,0.1676826650197613,0.03740376252054768,0.02427277731122262,0.016633050191099674,0.015218866900938164,0.012656726605632364,0.015641180636748422,0.008665505083671395,0.010662080548814765,0.005908749145820651,0.005195337868236468,0.007382360768451767,0.006218522177840509,0.002521266154096956,0.006288326607548267,0.004975436875841404,0.002940022779733149,0.004163052823814751,0.003259071097116573,0.003174888529688096,0.001475500677388932,0.0026123367848725986,0.002011571994250879,0.002404514229989949,0.0037233949631768196,0.003336102587970147,0.003171064244613529,0.0023431655488620503,0.002090154935737469,0.0020188021220170576,0.0016401832454117948,0.0006265022779501913,0.0006232028303529251,0.0033123061686094095,0.0012248802437063533,0.0004902529115229716,0.0011194250253429554,0.002778197297315097,0.0006454778320849519,0.0008822171181494862,0.00048290661030519127,0.0008150672416275306,0.0016293857607500547,0.001343116841359415,0.0024605536161074163,0.0032916816810990156,0.0011184979354139299,0.0010715908310160813,0.0016321020545665061,0.0005814228600482706,0.0012857880255302862,0.0010613958950891006,0.0006922837748814945,0.0006317007267020358,0.0006132397729608243,0.001061891404391443,0.0015472010924396159,0.0009289789301006715,0.0011311501922396008,0.0009117393631075256,0.0011145119595630062,0.0006890043344698691,0.0009873341610446452,0.0009871988946858568,0.0005562076977070314,0.0006437699656794469,0.000833181614206036,0.0007716328579777258,0.001035903988385509,0.00048147825079726254
201902,0.2159915476111053,0.1152892507113957,0.13531990934868757,0.09889666741422888,0.16824643434303893,0.03783365339054242,0.02481498622862473,0.0219805299617179,0.010026370702338423,0.016683709785272494,0.014465306685002342,0.008510334830588674,0.010850243915769065,0.006335789665467535,0.005762298826894253,0.0074906782759896155,0.007163116138548847,0.002609408721766922,0.004676557081152242,0.0053883067761828956,0.0021188533150870064,0.003529027035301069,0.001748687938904496,0.003667344429080422,0.0017840857871523487,0.0024722063279483133,0.002121105555391999,0.001717057251149984,0.00279661137355032,0.003324538290290779,0.003479096810070792,0.003147115604976948,0.0017959878590910429,0.001945958996459007,0.001757336154302548,0.0006740590607476241,0.0007855122111117942,0.003288523006875778,0.0006998718981133033,0.0007198878796314892,0.00140245015452685,0.0020428427793835803,0.0006069158356853718,0.0005359511033901749,0.0005254753183808345,0.000758907460870881,0.0011106392849543824,0.001526593136670916,0.0037070777588076756,0.002350709954296631,0.0011412018580223544,0.0009017012280125223,0.0017497906720769006,0.0010590594128266832,0.001042273161066661,0.0006638541019849146,0.0006462519974934362,0.0008678846214021282,0.0005223246913851248,0.0008802583567969287,0.001440824601998665,0.0011673768528987869,0.0016726194919343062,0.0012590001433473602,0.0010677013260374938,0.0006492372330134552,0.0006127212043565406,0.0008197193351946228,0.000777914620133069,0.000760501469317478,0.001489939387782579,0.0010507781216282633,0.0008198076386383601,0.00046172848613239124
201903,0.21470296082606047,0.12288450253266174,0.1302203328138165,0.09225754599541101,0.1735510662685045,0.035809241814398124,0.02405050728923728,0.017771150982143553,0.01610938950189262,0.014687418277249325,0.014736233360300286,0.01169499185979919,0.010721235993685083,0.005159328690650368,0.004896771784224423,0.0072670908722719816,0.006076526243042524,0.0022868236183206385,0.0046490500069264005,0.004870494358964733,0.003271485112990497,0.0035304928702392137,0.003171022236445969,0.002941378481510751,0.0020351618032537315,0.002175728557270451,0.0022423353277977935,0.0027896206383109428,0.0028554803557059014,0.0027235597030422355,0.0037751763625705763,0.002783171070953327,0.0017795500318870123,0.0023073793089854184,0.0016422365147774622,0.0007411058480983259,0.0004032446120143678,0.0026818689457762646,0.000865924608895275,0.0011907745688037547,0.0010368705982607882,0.002822176200763072,0.0006019507830504959,0.0008647284398346873,0.0008799742398065592,0.0013225233509923907,0.0017209452858569802,0.0011867324169302312,0.002617785368686317,0.0029600267596171155,0.0013023747424669517,0.000721011646420813,0.0019069577192778512,0.0007183480170832506,0.0011191419935561737,0.0005876523054411085,0.0006557330716085321,0.0005300803240508552,0.0006604554522137686,0.0011598522546976638,0.0012195867130748437,0.0007436826518903801,0.0013517550595010227,0.0012272253673744078,0.001605637799019466,0.0005505210323403122,0.0012286030934652078,0.0013079390301873484,0.0006853139133241403,0.0006068792688870863,0.0011352583711168873,0.00105876846059162,0.0009351744456887458,0.0006589737740328738
201904,0.2014298333568886,0.12532144019555366,0.14050596097705428,0.1024468690086447,0.16527409343951588,0.04237108354448975,0.022918987934847215,0.01777514450398451,0.012938594974405885,0.013254676834936419,0.014348503271624092,0.008580324414552873,0.010537453886656513,0.006530158113494936,0.005968404349193391,0.007050756575586352,0.008103562998135503,0.0028743456640246494,0.004441364304106191,0.006316963800697947,0.0033301552044761535,0.0033342330347057307,0.0022485320502559267,0.0034387366155166146,0.0017144720594948373,0.002507845916577984,0.0022094551550176783,0.002519271493722678,0.0029100127305045497,0.003891706393164815,0.0028916765356854493,0.0022761228647106384,0.0012692633687927588,0.0015385823788420596,0.0015905712986076014,0.000620452890652597,0.0007311286099675156,0.0031838983623310056,0.0011219787124232203,0.0009371478297298566,0.0009868137083474872,0.0028076409238694164,0.0008087887564044607,0.0008793926043196937,0.0005846991613098559,0.0007245134958282388,0.0012500856252421508,0.0012912860662368025,0.0029307443347437643,0.0022687451281306723,0.0010908190333651978,0.001171416578620005,0.0022351374663442444,0.0004774756190735859,0.0018206058603365723,0.0006814158539595044,0.00056311929818366,0.000370044585518407,0.00043237285765611685,0.0011640853691071158,0.001357983726794918,0.0005731810215956594,0.0008219998156494585,0.0011232519218518267,0.0011239987480746588,0.0005244071742464497,0.0008081472114170783,0.0007771231350165615,0.00036746839760585175,0.0005888286477770864,0.0013032357506568444,0.0008986543628768243,0.0013448837025200246,0.0005938684037468605
201905,0.1992067949933401,0.12045690985481686,0.12734032755601846,0.1034552930646452,0.1844150135538089,0.04139244549750747,0.023551241191438824,0.018091635666815896,0.015681699197012962,0.01567016211371466,0.012116472749858923,0.00725017583514923,0.008200490226168132,0.008102365397639442,0.005437563782248296,0.0069811824681475084,0.007337575431850625,0.002687561568151839,0.004087262997654635,0.004579554994864898,0.002817803458258098,0.004358421886456693,0.0025238828320691977,0.0027188259754560803,0.0016555711877147504,0.0028577673742073853,0.002779593879645753,0.0027562859547924047,0.0031219735831449027,0.004167368690091263,0.002863375013487441,0.0023924883614868833,0.0019325886922341461,0.0024991711693301724,0.0018695242299853411,0.0007978224289483805,0.0004788087180674451,0.0026253580043551386,0.00127049287210109,0.0007869526877979001,0.0010456616543409918,0.003039530793095134,0.0006310646514270442,0.0010123680674527687,0.0008780860238716618,0.0007372658924879278,0.0013104837961956143,0.0013441705151827064,0.0024244193224281295,0.002340329083313325,0.0013187996911660374,0.0006586455077244066,0.0025093667804994557,0.0006585489396574164,0.0015563641509834718,0.0007056845678912344,0.0004457640126977756,0.0007456650067975106,0.000309281713653878,0.001057572334836954,0.0012889572906536043,0.000844876073285065,0.0013359935556920078,0.0006437534548557199,0.0007926486638634961,0.0007614649031839979,0.0008737945370094506,0.0006854896533365687,0.0006547687920924306,0.00048662855827041597,0.000964382227113681,0.0012377146112228354,0.0008436768946868869,0.0005409731385468832
201906,0.20657269445253953,0.11415801747570421,0.1302658343095123,0.09247701104154935,0.18723532020609945,0.03609110946074735,0.02737198371097394,0.02092961204732397,0.012194494819673456,0.01243279762349892,0.012451509500690213,0.009315997901009088,0.010112565115950116,0.005627119839029574,0.006189964031069247,0.008379200985049256,0.006703388714771741,0.002983826468509474,0.0050177663571907396,0.005208498758332314,0.0037945099148200163,0.004162773432724054,0.002329431355029113,0.0031279059864308635,0.002062594072778776,0.003115156345657356,0.002553126349000663,0.00257179901597103,0.0028732258177204474,0.003272808439371285,0.002555362107854014,0.0025548807731918238,0.0019819905280369665,0.0026298951565840016,0.001698629118067973,0.0006438833121290466,0.0009234436954226915,0.0032100633126924084,0.0009850724498066048,0.0007184235428285132,0.001005169489793681,0.0023332382735880785,0.0008149478338017359,0.0011919052578071286,0.0008292305298651967,0.000611853517930231,0.0009364037327530925,0.0013235670720846233,0.0027654957071397658,0.0027810228215461403,0.001272977056825863,0.0007469403252702845,0.002771077709881491,0.0006390120999969984,0.0019358104187787103,0.0010403399224701208,0.0008398514347924234,0.000594715216915011,0.0004187094227183807,0.0013343620508459262,0.0018320262888821665,0.0006566901095084666,0.0012693354957028283,0.0012198651479048061,0.0012875176360934292,0.0005688204534799153,0.0008507079357147424,0.0009799303035909022,0.0007168889694515572,0.0007766374309742766,0.0013977343710648029,0.0008048214807343047,0.0015554064199018755,0.0004133005168491355
201907,0.20299802355354762,0.1128653469438962,0.1254520297794004,0.09377822012430288,0.19566354842388436,0.0381968778794942,0.022111705859542658,0.02019055000494577,0.014780270473824778,0.015315288174209093,0.011646146164971926,0.009377034538683306,0.012008053810047497,0.004683216915669475,0.006238646885779185,0.006209029504333139,0.008614813834911219,0.0022044634139974715,0.004675845472146102,0.005702956652276868,0.0030610203827705937,0.0038021173891613583,0.0030117368243243185,0.003417331014037246,0.0018457935884936627,0.0025676826834863165,0.002838036032303547,0.003554083939131473,0.0032429223784170166,0.00371567833366608,0.003046367698024973,0.0032164563837040797,0.0016133342993989695,0.0022913588732089026,0.0021570721860558187,0.0010445636964785876,0.0005814585512725767,0.00355705628422468,0.0012726744221545855,0.000852735456405592,0.0006898528061510735,0.002675595538467493,0.0004952668616547904,0.0011236033384699406,0.0005068931407381002,0.0007866090040323483,0.001002083966737773,0.0011927174567484618,0.002808931670783535,0.002853205690411376,0.0014969826185787475,0.0009533968058702698,0.0020344921694012675,0.0005279371364214354,0.0010759785537182648,0.0005368347611488628,0.0008179909903622029,0.0006785163019977029,0.0004989754011015842,0.0011363825285943933,0.0012393952608113342,0.0005625554555206548,0.000957338280130764,0.0013967865677401894,0.0010756598400336907,0.0005250431820616796,0.0009732859801193634,0.0009027207796293531,0.0006642505525733142,0.0006750528327435104,0.0008996939600726597,0.0006348776271719123,0.0014880511443656798,0.0007114929690514367
201908,0.2009857985643319,0.11313147422149947,0.11772552398649931,0.09734416524609489,0.20851027537443995,0.03824489132566965,0.02812197780031549,0.01969757270856672,0.012979235533461001,0.01286008233794873,0.014129436120522273,0.008413079584243727,0.008597193592803169,0.005281448229959548,0.004692579842464952,0.006622189784230856,0.007471127410271532,0.0025214786761730912,0.005201841589025499,0.005275346926775175,0.0025057944672584836,0.0036712090851122063,0.0024142227403835853,0.002332069916500443,0.0017533167811105042,0.0042045180076904255,0.0025065778329997758,0.002278433954875302,0.0022575171448954347,0.0036482119340627457,0.003988467547197742,0.003310682737950395,0.0017093133431025933,0.002177075670703057,0.0016953232585433479,0.0008129145051888234,0.0006467157358331355,0.0029951101334009553,0.0014297043407363109,0.0005323106478011342,0.0010074726715266842,0.002621240318834566,0.0005913634487644815,0.001018863677852997,0.0008674160067600287,0.00116546385738055,0.0013796380477927228,0.0013686367832766078,0.002386672692349764,0.00202202396781575,0.0010633433003317356,0.0008986767499787625,0.0018051244252944951,0.000549365685844776,0.0011800836047074637,0.0007059853192470277,0.0005991796069380326,0.0007504465995563809,0.0004788710139658955,0.00070595653235742,0.0012675647546445273,0.000589421727665549,0.0014802376128076715,0.0005111367490319561,0.0009926887651355027,0.0007431809372880024,0.0008503805462456545,0.0008975115770721207,0.000536085869515626,0.0006105082259976945,0.0013192661146869359,0.0009627461524256889,0.0009853724057676018,0.00041186561049587724
201909,0.19862935291788944,0.11742540020238426,0.10916165977423836,0.09594722533491197,0.20568798882965628,0.03710592809481659,0.02422270778505531,0.022162029759360432,0.01395565331724796,0.013059959729208665,0.011490779933211966,0.011186266187031661,0.011154370891796188,0.005532314643473257,0.005912219336925154,0.010046021976419293,0.0076981341512923004,0.0024556568478716345,0.0044798410356086185,0.005131322713592495,0.002503114109581634,0.004255924339642302,0.0025946707367581513,0.0027735948756814587,0.0015837067821858983,0.004110149902161468,0.0030083812332186988,0.0024782955559130345,0.0029828725543941544,0.002920037787922457,0.0040853900021063745,0.0036993417413190644,0.0013565291575621278,0.002405778003269788,0.0019039897709509578,0.0007187291298880047,0.0005960862889469707,0.003121765932235742,0.0011483831043644294,0.0008874730508162414,0.0011948689842515919,0.002999331218172882,0.0006867330294097769,0.0011618816902705775,0.0005359067094109832,0.0008917238952778048,0.0019078655443549503,0.002317778989972294,0.003032981838988622,0.0026239356661024228,0.0017191183599023568,0.0010451212310589335,0.0016680669381334081,0.0006576731047800567,0.0005862065058579096,0.000540079075900886,0.0005584198295070538,0.0005804321477649709,0.0005982743595648642,0.0009853691239963018,0.0014353706884272452,0.0008231557728608235,0.0010804132587594357,0.0008245819254761859,0.0008386363960755358,0.0004551563666013805,0.0009297009010922188,0.0009795784052667657,0.0004582902936438903,0.0007047155515534512,0.0010319439981316453,0.0009566072675777513,0.0009561391325197766,0.0006548942784243939
201910,0.2056755304391222,0.1274284953622427,0.12294078752963315,0.087249646934846,0.15280812234510077,0.0267648276045813,0.02733817839020176,0.022378942987465476,0.020667365997991335,0.017914126629288773,0.015503173686190691,0.010143946526558884,0.013882172829107961,0.006082625212170836,0.006193486938362918,0.012683239359773802,0.009747797185601306,0.0029866473639607216,0.0049118397003873404,0.004686887456781367,0.003807400807383361,0.00558867535736845,0.0039845884469176885,0.004324401963578125,0.0021526848625432722,0.003001683629952654,0.003391346545356046,0.0020514981433971536,0.0034405028926075077,0.0040706845422110735,0.003168310187032271,0.003512952281799721,0.00228551189289419,0.002547088167379825,0.002061682950200053,0.0009523637451020135,0.0006108893287969329,0.002846556453725512,0.000999825419419312,0.0009879588447308848,0.00125537672823279,0.003719775098431844,0.0004489475256502816,0.0019355763318785065,0.0009953252212330185,0.0008657248264667822,0.0007825747857346219,0.0014981132633948787,0.0027036617661219337,0.0032963502897868763,0.0015186193238583925,0.0008006941786224868,0.002871374260317945,0.0011290050404548584,0.001646279098240916,0.0011749905842848055,0.0009235268536288482,0.0006445666784656573,0.0006888761119620884,0.0011085176617918293,0.001187171811083837,0.0007020123548682491,0.0015105416088182144,0.0016632246128794523,0.0016609360936555276,0.0007481250984660423,0.0008549071222994681,0.0015759697684252427,0.0006187354495682588,0.0007787979071081482,0.0010691597463938433,0.0018460297349213765,0.00137017368273905,0.000631892438448623
201911,0.20649411068519685,0.13969214846216269,0.13174834730333096,0.0811064615107116,0.12690164966558917,0.03261402645707133,0.024250564679728425,0.027363730056787796,0.01615297747410711,0.019492987661259363,0.018337584944769694,0.013033049839789033,0.012444694106313514,0.00923356332620264,0.005875707359244849,0.009411167165451812,0.009643583031318157,0.0023465793144190877,0.005690611323283845,0.006409140272918007,0.004020046132583744,0.004677954028025464,0.003720742005229352,0.003744571051215128,0.001960218264823866,0.0014651010630653866,0.0030874132999517247,0.0034767975341128353,0.0034162130758875887,0.005258834528411787,0.004621572115638803,0.0028858464815952733,0.0018778413415803496,0.0021169484960867806,0.0025606974588888317,0.0007874302995031714,0.0009186183655122306,0.003818428852470296,0.001511299913194247,0.0007345774562920131,0.0017299800592842762,0.0026242548615190583,0.0006945691538741395,0.001109184440971583,0.0009547947561503668,0.0010224002702622934,0.0012835152411528538,0.0018071833107498611,0.003606584492034971,0.0035148616806284423,0.001082287450066325,0.0014111115770972591,0.002799708864816258,0.0007824066637656689,0.0010467868202922732,0.0009722673447767929,0.0006306500438640907,0.000635947776179258,0.0006973507117839906,0.0012693258381165332,0.0015099455391109047,0.0011183715215852257,0.0016931047803976688,0.0014558039107629367,0.0011028387894675903,0.0006472059813547318,0.0012492130857171698,0.0014016682385179175,0.00032435140030541237,0.0006993996412637625,0.0014671993302387235,0.0008862219423551581,0.0011223317288249727,0.0007433363489866974
201912,0.20322690554381304,0.14412461011451597,0.1367625664741957,0.08056649269491159,0.13145399108828484,0.03212103494150354,0.025973382191666772,0.0193828598058238,0.017450672626436518,0.019409727658853734,0.015439982861742314,0.012806322425091625,0.01548480871814716,0.009777170022977738,0.0055935111355118325,0.009601819271876073,0.009020636991595691,0.002426718147910262,0.005778474224694296,0.005484512192798469,0.0039472091644477654,0.0056148256545018186,0.0032301423856405764,0.003922627588340861,0.0015496943383108747,0.0019422031065542016,0.0028650633450947507,0.003266505143519096,0.0032445739654919825,0.004543154269651253,0.004633919089448484,0.0033614339235944046,0.0017714768407538833,0.002875466954385851,0.0024502976332449757,0.001109860916610628,0.0008889246836053518,0.004946090612035184,0.0009345263131789888,0.00032406924970621796,0.001100524763018834,0.0025088910483366316,0.0005949227241958637,0.0011436627245351352,0.0005905879790588066,0.0008469490644377911,0.0013955191944767962,0.0015750634042394063,0.0027539323006323334,0.0030402703685130845,0.0013616177030140336,0.000903136675939865,0.002520941657169325,0.0008788726140509884,0.0011620025063958277,0.0008746291673429705,0.0012111102853896447,0.0005672261199221247,0.0009510475817173022,0.001174818478927764,0.0012830150795122691,0.001044736477871607,0.001200761271345106,0.0013626256754338897,0.0014429062322959907,0.0005708372048192758,0.00117765164561141,0.0010122455615810952,0.0005609851385079793,0.0007089519554875892,0.0012390361810424256,0.0008320068366578286,0.00082221015697669,0.0002780399110743713
202001,0.21979844004412882,0.1374005132517713,0.13151198459408464,0.0813274924879934,0.13129034892389055,0.024609383157514753,0.031079221758315203,0.02417182346565352,0.017933033691272287,0.018051401562831075,0.013664597407747529,0.013926681116816135,0.011322636145538897,0.008871791444217193,0.005083059443783071,0.008661718730325872,0.00832427749962026,0.0025612118462030207,0.005697241335645562,0.005386541729868593,0.0037803275010091348,0.0043179132808786914,0.004657506265722743,0.0031080767007491948,0.0019456973444397863,0.0012942976119172174,0.0025467142838753068,0.0023378368426593315,0.0035328091313755333,0.0037614261987956713,0.004084774715090948,0.002782266943436719,0.0016023800571603485,0.0031605142820357738,0.002108907808078521,0.0010984528919287956,0.00078994029201725,0.005256942624866441,0.0008340971526966693,0.0007060129052450148,0.0010199341163297153,0.0029017745727036364,0.001112413187313843,0.0009715923109614402,0.0008837006588110987,0.0008954900339701212,0.0011668222130059571,0.001464936833721743,0.00287807155673687,0.0035454455552223194,0.001014279156415547,0.0010541311380402433,0.002152034016109621,0.0007452137290834475,0.0013113299806520873,0.0013391127952651874,0.0008138646790416678,0.0006095251392222266,0.0008809296226562763,0.0018814045707208898,0.0017256545828343913,0.0009830066575842083,0.0018292421560055258,0.001162985630568731,0.001644914610043801,0.0005896445198226849,0.0010955111636874882,0.0009879528489008125,0.00034905360725409195,0.0012890837000876822,0.0014508880220709625,0.001174045943758488,0.0020053621422315435,0.0006903540779649573
202002,0.21585048647959193,0.10874577414379001,0.12263547227342808,0.0861618881796086,0.1592737612312487,0.021120296874606825,0.0273931714398147,0.028110557805033957,0.01487274721485447,0.021267711770763677,0.017228472827034425,0.012783163616627149,0.011896151121704678,0.012735212832103151,0.00679408132203608,0.008146816119829103,0.0076261092870989885,0.003078900961838709,0.004714614847155938,0.007124616604193324,0.0049977477224740835,0.005701153759457439,0.0036110676155817413,0.0030395360278462433,0.0028769529839861897,0.0012958867437185668,0.0028778683459016728,0.0024113431040806467,0.004268264664249687,0.003490832370924122,0.004262528994097407,0.002808812756352006,0.001430664499285772,0.0035163486404737403,0.0024765019003842766,0.0009874160738413621,0.0011116795528090533,0.003544144173082454,0.0008209159972008095,0.0004950421651776925,0.0011029782742318522,0.002715297183525805,0.0011801223210122752,0.000932791652089681,0.0008357459427257217,0.0009549906059926933,0.001579058914289632,0.002235052760037409,0.0032740029385279084,0.003440285972401866,0.001491801085300438,0.0009369833226497824,0.0025838702097716743,0.0007768911928909729,0.0015552344399452007,0.0004933127501199934,0.0008737449199249831,0.0007298049519668961,0.0011544546795949687,0.001070174085979087,0.0016021724998164072,0.000587832209756501,0.001427414985397627,0.0011868566653816868,0.0016041026360699446,0.0006457769667732351,0.0017191585602662435,0.0014135242955218544,0.0005729519575809053,0.0009602691956671965,0.0016614869353752057,0.001084505329438626,0.0014032859510223514,0.0006293485656659961
202003,0.21610680184497993,0.122933928514867,0.14622454631618492,0.0766081608576871,0.1444821878805556,0.02465624459435279,0.027147500124535765,0.01730682140068249,0.01341529909560279,0.020640445745383477,0.013387872504019044,0.013881018658683528,0.009777545622701563,0.007402790158888971,0.005596241706512943,0.00991568043361998,0.008427591172781348,0.0025927229107526434,0.007159456718047976,0.006220414150030817,0.004410277409904982,0.004239984012427325,0.005231963344325333,0.002831695728857516,0.00212813750146502,0.0018840542206782884,0.0023653079041785945,0.002572904530563704,0.0037322615150091948,0.0041856817142386414,0.004259108537607964,0.004736317183820969,0.001662018788587915,0.003054401522343261,0.0025336235834976933,0.0010973222172090723,0.0009715638747361049,0.004651106200675439,0.001230611826176442,0.0004890230591193249,0.0010969047822444523,0.0034116831501686713,0.0007657881181920865,0.0015318871626045407,0.0008480882484506647,0.0007170284579067198,0.0016913088772405854,0.0012754336358647555,0.003750438750340958,0.0033516493128942036,0.0011964131273988702,0.001038504272030735,0.002269803211038407,0.0009602990914215131,0.002524259771800843,0.001160194096735564,0.0007999417390684412,0.0006980176371152577,0.0004824167266018335,0.002089188701804067,0.0022706210647238617,0.0011851611092723179,0.0015178547278364603,0.0011111097509326445,0.0011248602923592229,0.000543242214399864,0.000977515407689414,0.0019200269552762962,0.000814480100895209,0.0010840250477631755,0.000912220901484107,0.0008582238824973276,0.0012922517133995848,0.000578522874253902
202004,0.1796516218936129,0.1328703593471197,0.12825510164225837,0.09488342312482824,0.14703444247311834,0.024506271114250536,0.020488726911903257,0.012679086612265064,0.008688583694056642,0.01732631328880095,0.006043822083468754,0.019948918050243788,0.013131230622844879,0.005081678586325395,0.008021114429851142,0.008358787324072055,0.012444245970504815,0.006318607828070666,0.0058257681352054695,0.006381783376470965,0.004161814473497044,0.005632162858169793,0.004056393220521252,0.004486115295107536,0.002790171216059626,0.002095556711364834,0.0036116533362302865,0.006523188553004595,0.005657538591908195,0.00556218219289274,0.00504766982661798,0.004475120811632206,0.003152271924049354,0.0036961944927586194,0.003617928719883991,0.001881357485078241,0.002206246670085526,0.004450154096193537,0.0016152471607188297,0.001119702113076675,0.0018029978677756673,0.004092979528835917,0.0013156268887687533,0.0016773576619946785,0.0012758688624920813,0.0012175367415350874,0.0014824642261991022,0.0015394315688390002,0.005109138634706093,0.006320801140306623,0.0021052836992124673,0.0021557236256794367,0.004757015354072095,0.0014043241609292551,0.0014132397256952421,0.0010827358525380161,0.0008196900397875176,0.0012456238916562453,0.0010952445277886166,0.0016895688490362987,0.002978238914823523,0.0010604902150270646,0.002519673315818197,0.0019903528527286584,0.0011949878891630518,0.0016498117134013499,0.0015192624021796487,0.0018387938146133104,0.00108271253057646,0.00145628079128895,0.0018431797868883166,0.0011709488757452187,0.0015687859383328661,0.0007452718534422495
202005,0.18119711681047188,0.1495057470304199,0.11853410750171409,0.10386239924088218,0.15386949577877262,0.03405835651546724,0.018364502092370248,0.00939112333669619,0.007403808418304273,0.012762794288721293,0.003860802164316395,0.019848826722166937,0.011583224714622815,0.005122748104352923,0.008372174840967982,0.006159394525104179,0.013370595039182667,0.00591531054622373,0.0038852732305701162,0.0061880961417794395,0.004340937453122693,0.005394251360987357,0.0027705469680706766,0.004964208511542218,0.0032383081483717733,0.0020172423712112525,0.0030587183600316527,0.0024281411569591475,0.005177117175060986,0.005046054902097069,0.005049844058967707,0.004345261545063959,0.0021856300147782832,0.004718924622514384,0.003073751931572272,0.0012110438159026187,0.001327626883791292,0.005536255794733162,0.0012823664752979332,0.0008407296359331843,0.0014877057268242978,0.003623270409789611,0.00102235573889405,0.0011132135444648112,0.0015649504241801585,0.001054479108179657,0.0024283579445618865,0.0009648903441222196,0.003545559348572288,0.005590144036147157,0.0015140395013010458,0.0017156615646749798,0.004071700989712326,0.0009935844199737995,0.0013537003456213581,0.0008574108229371218,0.000959136875539914,0.0012226551951097574,0.001359039380170873,0.0010087877279983432,0.0021678169136137453,0.0016302110666117317,0.002483457378112456,0.0025304710611430397,0.0010014739069676283,0.000918178629238814,0.0008999244034466906,0.0017088238330533597,0.000800394842187479,0.0013578848296794041,0.0009199963654959842,0.0016774075896696205,0.002340192500853685,0.0008502650020340232
202006,0.17905288213083345,0.16544518469308628,0.12234916965351257,0.10722101048535415,0.14565970121792296,0.03279110275497741,0.01607280494078705,0.011104708472422177,0.005977280155539936,0.01194324382829415,0.004161426831766699,0.017995017250120683,0.00985587013410269,0.0037952137039221207,0.009343344419448698,0.007947107680988226,0.008910178827484374,0.005951945624255889,0.004697658677721776,0.005787438131851045,0.0028120878852404105,0.006377256880423217,0.003204447324729501,0.005130595306992401,0.0029922859288582125,0.0017573699671672846,0.0029069019624761404,0.0016292528078666862,0.0034702607324477836,0.005362235611034395,0.0052218133825548034,0.0036160684874054433,0.0017322781671424677,0.0035870020045334554,0.0031175415148770374,0.0012258782909846547,0.00145807764976899,0.005296233026933431,0.0014914780806179711,0.0005858650841701591,0.0019952053501307602,0.00454131698133141,0.0015998996527246108,0.0018050329021395066,0.0007093505229668158,0.0014251251836672686,0.0025078725298498766,0.002081756157955627,0.004214142152520229,0.0059067752264719,0.001297662515927265,0.0012778488270011115,0.00275173570518484,0.0007902951598991889,0.001821058321928234,0.0013605576371675144,0.0006739984762985267,0.0007869381639129457,0.0008903513003593307,0.0010472524638478432,0.0019082250307953287,0.0012656242711685606,0.0018306778557159783,0.002324384031692556,0.000972071774338974,0.0010948995978860739,0.001259744980970826,0.0022725796941722486,0.0008945767573537568,0.0016664268371425692,0.0013343710503253543,0.0013149578774997927,0.0020504867652144723,0.0012895785338221696
202007,0.16682734071888922,0.175190524586591,0.1330285160767931,0.12406227899764055,0.11663530329386364,0.029457247436342676,0.013159471157148215,0.010635989093068081,0.009343364809072116,0.010410721077833614,0.0045509778491845225,0.01464856980014569,0.01231111722851249,0.002808878027373544,0.010837070450405224,0.00693185178757439,0.009635520011936797,0.005461494724280175,0.003706005221287824,0.005471805895693206,0.002550692014630304,0.007992139577409888,0.004251431153682272,0.005374318629557273,0.002994702808316893,0.0016914349757480044,0.003239284538837759,0.002266836551372936,0.005386304632758503,0.005200673595267193,0.004880334448273101,0.0031896861306300725,0.0025462153527916706,0.0032899004003777207,0.0052994135314363665,0.001365264329225945,0.001569642212443618,0.006078600408812144,0.0015375062678231928,0.0008744134423190552,0.0015880297528266822,0.0035696705272126998,0.0011843235927195938,0.0021062135456737857,0.001348617364458666,0.0013051697237697686,0.001399598955132806,0.0016948991589095983,0.004549411485510778,0.006854680588257089,0.0013160567126441897,0.001249118669813065,0.003566693469539038,0.0010580817540982868,0.0019136900687282525,0.0011614252996481873,0.0008756103257897877,0.0011622604424615175,0.0013162787505383953,0.001093563264591717,0.003257665300319153,0.001444805898694944,0.0024128263449266696,0.0019907489758797833,0.0010296279874903384,0.0008636397030664838,0.0011401368755154307,0.0017075011567032302,0.001392400215429779,0.0014936364737631565,0.0020697710684204856,0.0019404979254027555,0.0012717208905666493,0.0009787844861471797
202008,0.18064319720547534,0.18466306897111626,0.10993204639461507,0.12418835560010157,0.13475929794118502,0.03257125935591573,0.007549320453771685,0.008142699931075536,0.005951080931811166,0.008857353065527937,0.004784981065295683,0.018506102542605016,0.00878522894658413,0.00412690744229503,0.010017052081698296,0.0066081069567150204,0.005696556698317835,0.00382355912013581,0.0036175158469634867,0.006411918386471418,0.0013815448507083715,0.006984281840560468,0.0026888485552454657,0.005416023912303792,0.002639528371100831,0.0019711259230037028,0.003689084813059748,0.002255183460112089,0.006339177306389294,0.004888643006039455,0.004799587794221614,0.004802148661934411,0.0017385120416938207,0.0032385093760639106,0.003354661473270214,0.0017281926209637383,0.001010770548196531,0.005940547732282753,0.0018515053424144345,0.0009444392302465251,0.0014082238990384102,0.004205290181688232,0.0009915496596198652,0.0012622750880951705,0.0014248362657584297,0.0009954391107163249,0.0026588065288936725,0.0018222629087405512,0.0048266486923422315,0.006484241725838729,0.001637626601417603,0.001784360306148044,0.004062157772727208,0.0007881950032186303,0.0012305977376416177,0.001147001302441891,0.00121874906521294,0.0006210897511353908,0.0007392144302244354,0.001569191297338775,0.0027561755412413465,0.0015256396704177418,0.0027562933691177836,0.002028789686637282,0.0014978854444666224,0.0007535222024403557,0.0012525689629136049,0.0018717761117717563,0.0007063498592270101,0.0015746252160126772,0.0012539728708952306,0.001284621192060818,0.0015075526039164656,0.001054544143155023
202009,0.16325455610633602,0.1949330410189614,0.12370132487423927,0.126390539651034,0.11883786808283629,0.03416854379437338,0.008466912851074301,0.007862500467578453,0.006711108145055384,0.007217548421260799,0.005523855026200482,0.01936608391593114,0.007516293494937733,0.002548411596840822,0.01010309113994682,0.00497709298297931,0.005706395487616066,0.0035249895901376064,0.0039951088202088885,0.005457564796913866,0.0024349388814652296,0.007971801268655586,0.004101183807209784,0.0042629469481122685,0.003304234039874796,0.0018922231340481618,0.0040098516265717615,0.0022524796627313042,0.0051540320318283995,0.002649168265582743,0.007120518944465224,0.005359636082094647,0.0019837578794592117,0.0032850185113419165,0.004642283908880499,0.0016043830111209397,0.001537270689683294,0.0055509467179683135,0.001817734544533109,0.001568442251970817,0.0015893083061634017,0.0038571002953781885,0.001848578127085417,0.001257684716692731,0.001178608011235867,0.0016218703072602536,0.002303707870730325,0.0016178061206612979,0.0041772728871567605,0.007575129414996923,0.0017395891317435156,0.0030180324473100895,0.0037543520089411567,0.0012253062012476624,0.0018390135980905053,0.0013726245428757097,0.0009349388321478574,0.0011160440767896608,0.001012261079332683,0.0014174339603144784,0.0027036411068114023,0.0012575028766062554,0.0028383792998038643,0.0016524317506263092,0.001791455207270722,0.0012447384832599076,0.0013172547481669844,0.0013566682511472296,0.0012417511621119267,0.0018843563909013417,0.0016678850789998104,0.0012432061028354064,0.0015141153091623222,0.0010642698240821982
202010,0.18414397803985896,0.17224638873587658,0.13270623410712012,0.11846319203692691,0.12213081709564183,0.03780299471702545,0.00787603963746854,0.007507435683017514,0.005677892782981794,0.005974818427384176,0.004821705444088157,0.017325151426827064,0.009225151040136362,0.003720911944607659,0.008372148190704375,0.005953099774771979,0.005810224796706818,0.0030970266785379625,0.005548954609512687,0.006264116200734886,0.0020752080575053436,0.007201318106213386,0.004413630097874502,0.004110195967104162,0.0030188355667590313,0.002066508200650042,0.0030645006262642834,0.003393106562450466,0.005490136300060893,0.0037226646243455723,0.005812377936173361,0.005121006110076315,0.0027104342978930035,0.004352575380951435,0.003238911565919488,0.0010242320926153656,0.0010960894698818998,0.0052073893888850515,0.0024321805036816163,0.0005775430529048358,0.0021135669515109584,0.0035304687752195606,0.0016691672184862404,0.0013968009454939617,0.0016545825375592041,0.0010378576300379852,0.0021326791527995275,0.002045696254010078,0.004951462585764912,0.006950157519044647,0.0018219791762563778,0.0021458620673604914,0.004112860131604998,0.0013156695140265223,0.0010965553761289827,0.0010625874782420174,0.0008681532885638488,0.000982342048932991,0.001168372713276973,0.0013615339967291643,0.0035611922434213507,0.00167226016752671,0.0021516245353002724,0.0018096069338763914,0.0013071123380852317,0.0009252366790224813,0.0014278936158909686,0.001184321907084071,0.0005389086088541411,0.0013359998714358135,0.0015130679530374453,0.001645395963552201,0.0018217154592675454,0.0008901830844560859
202011,0.17761016258745274,0.19361443325349187,0.11374620284920642,0.1372688555607294,0.11951805585329715,0.030867344167092935,0.008060975809945815,0.006404903834995225,0.006004723163353763,0.006601004237552792,0.004562616611538884,0.01936714439950501,0.00793069269833915,0.003190138720725564,0.010230457340690969,0.0054143996990434415,0.006209913804285191,0.0030935031077767828,0.003972947618502293,0.005956203812597489,0.0021574803081695062,0.005492480665078404,0.0033641868600289113,0.005039658507174261,0.0032447143032577164,0.0024113938190749177,0.003611865686486325,0.0028109379209658924,0.0047053676589727195,0.0035230756011510253,0.0055479120161533845,0.004378595804761283,0.003305836596826862,0.002856878505082102,0.003111498069593286,0.00133403107964367,0.0009361404016840385,0.0046226943920841855,0.0019016869866357732,0.001192384150246613,0.0022902232261461553,0.0032295107858974076,0.002056425732988788,0.0014346583799232204,0.001452500350776501,0.0013747593479502124,0.0015215065841116006,0.001572147510485795,0.005104428989358115,0.00727499747668814,0.002248422732160893,0.0016016656690027156,0.0048290712123693165,0.0008057243207449717,0.001573907420504384,0.001384735544700177,0.0009630029237314046,0.0009554951944645335,0.0012386962924501716,0.001234932317421961,0.0026586901314925113,0.0008704349166049603,0.0026344023273201533,0.0018507637263156767,0.001314386109175978,0.000894862418104612,0.0013758622079752248,0.0017543181712983246,0.0005081869871721106,0.0011636503214870837,0.0011852712264635913,0.0018375154495472038,0.0018128116812506855,0.0008185338507217416
202012,0.18376986191698413,0.16835149487922693,0.09841371655632652,0.1230973337753485,0.15623902622092703,0.030050510398523626,0.008372533048652136,0.007406882330654948,0.007534372234042023,0.00874654384667792,0.004568162740354111,0.02344204024438317,0.006411844548902225,0.0027529487995508334,0.011073065350073878,0.004820310800064345,0.005264239508736972,0.002581296891350204,0.005727945598598595,0.0075231048524774646,0.0016427434131982596,0.00795509902655783,0.0037697914509976205,0.005199497386681396,0.003198337331238299,0.0019526953650041278,0.0032344108387056866,0.0015276761496020236,0.005366932694991079,0.004384759404830525,0.0052246203717126495,0.004390300301737602,0.003388985051058307,0.0031355339576642103,0.003611217697946229,0.001503399028741335,0.0015369507498554013,0.005822503134846319,0.0016601762077197533,0.0008827456882517791,0.0012965554043845428,0.0036795331597637114,0.001360831980369909,0.0010959932657119067,0.001571247585525953,0.0009289534933038374,0.001544636312780984,0.0013747354603760936,0.005337549671382146,0.006556649284963589,0.002394425407716149,0.0029602802130764233,0.004081444319188875,0.002135786273117382,0.0018406925002329275,0.0010044477114182094,0.0011709051079139856,0.0010894268245496923,0.0009212898007436049,0.0016482781612414316,0.0022358990185439034,0.0012999993977288213,0.0019032867080384561,0.002342829917023011,0.0010706784991877966,0.0005639244411900527,0.0017144508739957785,0.0014035693625131802,0.0005083048585664624,0.0013623983876496425,0.0014894689980787987,0.0018297595230720375,0.0016872807112633008,0.0010588775721913886
202101,0.18357749855478087,0.18121149665492164,0.0990657651794612,0.12520240103995103,0.17526880950165324,0.03364474014378349,0.006958994672123247,0.006457458570184437,0.004417731262863157,0.005062391497180212,0.00329528913829122,0.018687878892291957,0.007485955646557442,0.001882714176577293,0.010437600428635679,0.003943000369723129,0.004227506123229279,0.0030530551261527573,0.004060413968222576,0.005198897988844269,0.001409618179447357,0.005954984846958571,0.0034384690522380073,0.003918298955944686,0.0037509862457882274,0.001769302790229704,0.0024392472770000707,0.0018440389347679819,0.005731016074127904,0.0030775485419442727,0.006121251006350832,0.0031305251877338665,0.002134738734525446,0.0026842961295038053,0.0030231769116640782,0.0010834455890912378,0.0013456583148617148,0.0053187958473278575,0.0016469478932136438,0.0006233386668725723,0.0013512618560154882,0.003811464707750242,0.0007977804345908286,0.0012063167461038133,0.0009720724811307423,0.0009363826144522435,0.003149026112119537,0.0011713935253238664,0.004652664964393382,0.006107742347421116,0.0012636450038241934,0.0014484623341559414,0.0034875061384120774,0.0011638779721007326,0.0008902615537782194,0.0010304186415564626,0.0008554206623875244,0.000581514238647238,0.0008442042321486456,0.0011250420176000186,0.0031902815606185296,0.001450923459815498,0.0022445880884509415,0.0020931787013260214,0.0012063651255248904,0.0007551240516124355,0.0012342148340078803,0.0011877538802494317,0.0007383382766588836,0.0011804997694302628,0.001029130932281807,0.0011494303661521896,0.0013089813756567929,0.0007994468792821217
202102,0.17397585017990477,0.1993199864071893,0.1037818300128474,0.1286192046421494,0.16059385586098987,0.03426318198153445,0.006471247682811605,0.005168159763637203,0.004706212707252763,0.0066076181370669,0.003639840300508454,0.018639071946294137,0.006970190577759049,0.0028229685167574614,0.00821939229007654,0.0035337923351406006,0.0037852856075226253,0.003570599426733804,0.003488094802571845,0.003503332199666174,0.0020307006981619804,0.00573525019128833,0.003168001465352287,0.004132869710384163,0.0025038517854472624,0.002202923697794892,0.003255326385099498,0.0022713466426102324,0.004029965712606946,0.002372104923672368,0.0052917657315703,0.0035530767077411075,0.002335121895823084,0.0024435648328680736,0.004786580195909351,0.0011020306767838617,0.0010731722856905136,0.005473208326622643,0.001672208022819393,0.0005347023626384327,0.0009427295927195824,0.0035283781058849687,0.0012999762272773616,0.0013097781191138587,0.0015297154162346226,0.00115274460820557,0.002192504713175142,0.0009226373748193151,0.005403642905913305,0.006547623087743903,0.001155568913900985,0.0015492235979554837,0.003808349900808766,0.0010774868343460544,0.0015570550064551711,0.0008996626737180673,0.001514040328177053,0.001256660009883998,0.0013673006753234308,0.0011833387831337704,0.00197968174069262,0.0009615530489935604,0.0020307677386969965,0.001993050970919961,0.0016306190184032215,0.0008282640803395088,0.0007521669941783635,0.0013705601350032619,0.00030489075017938166,0.0009402002655657728,0.0017293480052945158,0.001693745269416074,0.0012947460290662328,0.0006445014491609094
202103,0.11858831118809385,0.19993513988463013,0.11657769256650895,0.15693877957281238,0.20114418068167841,0.03396798448853276,0.0064454618921574395,0.0047108173651082075,0.003673306043597911,0.0049787475718367615,0.0025371979724768865,0.008342380202048062,0.005722448194547143,0.0019373971619043283,0.006434447955130883,0.003337633360762767,0.004896721868939385,0.0026376667760874195,0.0036803071794076028,0.004353557711987927,0.0014090595903108797,0.0045081597418753245,0.0035213414502048178,0.003610909266476197,0.003287270803575664,0.003099445765489386,0.003218776882800686,0.0023573746228267734,0.004573806730384786,0.0025942706374999,0.00426285324444603,0.0030681965568200645,0.002005322097092187,0.0028197609134926077,0.002764065960808822,0.001011507593294048,0.0007871072609014224,0.00428215300370253,0.0013708652252735847,0.0006541853556563399,0.0009798013874120712,0.0030179325237130383,0.0009056284175040838,0.0008717763760070569,0.0010166467049073282,0.0008874146519474809,0.0018389798664868518,0.0011421775442846524,0.00716128542264012,0.005885717320677605,0.0010816993457665191,0.0017054996575683664,0.003316175149992908,0.0005965251653643743,0.0011412174121014317,0.0008030181660046868,0.0009412631987391459,0.0011198362635320186,0.0007908025469707067,0.0007753707449236882,0.002718152848922628,0.0010849512798176307,0.0018582018024468129,0.00213355784910712,0.0005858510434195165,0.0007468405849945497,0.0009099102668081222,0.0014167104756062727,0.00042235377400545585,0.0011431574241908488,0.0011553534738387443,0.0022373013047890635,0.0010778743674990624,0.00048440329682900447
202104,0.1295256656807062,0.2095821391235981,0.11852328260588928,0.1525143365477399,0.16992489242328643,0.03629873714004803,0.009682062225464758,0.004425590839375031,0.00567748112230766,0.008096694892921688,0.002741077281332161,0.008289559790931328,0.005512692657186862,0.0021840167293473655,0.013065848582628182,0.007288486307200475,0.00423718305813055,0.00284876321956624,0.003996753646150781,0.006734058205879222,0.0008595889111417257,0.005603053465283205,0.0033866416859129516,0.003545219913615732,0.0022466747475882744,0.004544609150323963,0.0023692081200634195,0.0018254333879382412,0.003938257801639453,0.0020309713706273035,0.0045268053593265365,0.004085221130573085,0.0020753699164139596,0.002029133379971436,0.0031436945290044317,0.0005863831341689677,0.0005829175445088178,0.004559109458969078,0.0009977106448933212,0.0007968186961094955,0.0008910785367659166,0.0029485123493151657,0.0008038891107125141,0.0010082347083374338,0.0007388834388995013,0.0009592981765939981,0.002318605012486724,0.0007140384617803804,0.005859941926538923,0.005174975370808369,0.0009731675458533927,0.0006787058381673244,0.0032246093048801006,0.0011291120339984612,0.0009304906299665394,0.0009633833892185025,0.0007717490649249257,0.0003612718139570627,0.0006510914092534775,0.0010106352421986923,0.0014373748243380596,0.0010127421474258541,0.0011188265391569399,0.0022121196947774637,0.0013222905825640654,0.0006415912437967901,0.0005027693245763152,0.0008123588612872452,0.0005073010283509235,0.0008740374633069236,0.0010072670353249353,0.0006788731280229796,0.000499686504719201,0.0003789438299312696
202105,0.14269844003517537,0.20302328602348493,0.1292874461905463,0.15932700265448382,0.1348203235256373,0.03826208344066692,0.007078589939516951,0.004737777314081208,0.006097948024405509,0.00654346361355488,0.00288182046276513,0.010020864705422445,0.00620834444177333,0.002028496410876071,0.012980181005830291,0.006738303374451641,0.007245904164376493,0.0022993259952218104,0.004505115487909825,0.005026719480516866,0.0015436380824650892,0.006311853220852635,0.0039742853155614035,0.0031958349713999885,0.002492835130127174,0.005465262466123463,0.002295720131809715,0.0019086107185873856,0.0048006612407274695,0.0023139630736248294,0.004315525406889059,0.0042978057611949855,0.0025907959725334625,0.0026748132039282405,0.0016257112909716263,0.0008952080601039641,0.0008457640926268646,0.0038240006517719213,0.0013869676790351194,0.000592725686195308,0.0010708075601130848,0.002747985114683904,0.0009406530066707341,0.001516411628520625,0.0008853581648595833,0.001077296205421415,0.0016067428305050358,0.0015614709777495535,0.006443803394493482,0.005728483713632229,0.001005723448241673,0.001789867267028538,0.00361599504128854,0.0008082427513008651,0.0011306806109925775,0.00034650366004526466,0.0009647902915738394,0.0010026582184278078,0.0011037698040507157,0.0008216106460603569,0.0021082362914058603,0.0005789311559767656,0.0019509586076035717,0.0021641846558516247,0.0010560109179156198,0.0005320177454081492,0.0005100794368446418,0.0010487776228036106,0.00036541462703843706,0.0009835523294767564,0.0008012875660103614,0.0011781202497295861,0.0007522164518684171,0.0006379395591798809
202106,0.14957065564828842,0.18650957123728487,0.12950052535833345,0.14301959450483004,0.14207642262034234,0.040037633056527924,0.009655524854135976,0.007280225216140239,0.0052129052547526325,0.008550196639499474,0.0032692167759975155,0.012575051750021365,0.011024227312145533,0.0016424384357520104,0.014815182756110837,0.007274423421676143,0.004096323004503337,0.0020442697801102286,0.004164379119952064,0.00688866767467808,0.0014403033072568111,0.0071757124375040155,0.0036032400378682747,0.0029010539051743047,0.0021978143558431247,0.0059782691816963485,0.002895842867865246,0.0023608038100502,0.003835139514853032,0.0016490576076856462,0.0038139525145079586,0.0077910062176531104,0.0022071165536245102,0.0024586032756778466,0.0020236386919049282,0.0013405377674905556,0.00066964842605694,0.0042319124408488635,0.0012116742215695618,0.0004946909362059895,0.0007492066774378194,0.003061203076917392,0.00151933468667534,0.001107990593956703,0.001406298883981388,0.0007386570381367959,0.002554710460784638,0.0010676540582231814,0.005519408085168457,0.005454629349659051,0.0010982701163977468,0.0006395879165246102,0.0037843297973206287,0.0007891734990016564,0.0012665218411699519,0.0016383644259539585,0.0012324953385820336,0.0007238918997267339,0.0008042457335016775,0.0008554160099692422,0.0022831300045903003,0.0011992838762688476,0.0014058754383348465,0.0017125821069459003,0.0008956964739230974,0.0006346418805856944,0.00045847091293946274,0.0009209079114591597,0.0002204238244949513,0.0007787230384319829,0.0010979828167670147,0.0017172009142724105,0.000689938790813726,0.00048630002866366715
202107,0.13992190999592563,0.21845573280118333,0.11386307077568214,0.13625299355323858,0.14924890858777626,0.034843683937186704,0.012242717454419216,0.0085343184439394,0.003653625718830564,0.009137005431288717,0.003100965942753682,0.012013858097855127,0.0077720718216695295,0.0026066971316547117,0.013817658961660982,0.005944037565646005,0.005259706522090588,0.0026328342184638786,0.0032999082838945392,0.006227292457990683,0.0014638269665109916,0.006911435873661318,0.003677100444826957,0.00407698104416468,0.002190123805431029,0.005856126936766253,0.00275937350138786,0.0017287782652832618,0.004489208967900022,0.0037838593726057723,0.0038027834811338963,0.006326005596250222,0.0020588262492403694,0.0025034381607246486,0.0021152637669192937,0.0009221245816639561,0.0009556292770154415,0.0037214218318583525,0.0012430208508928038,0.0005371197589109156,0.001941145910706858,0.0025098370005443888,0.001054577988950841,0.0008045828324432602,0.0011198925125204056,0.0010824291476991686,0.0014345314939096562,0.0008116791225819697,0.006241657049429144,0.004945388406162878,0.0012097228471337155,0.0016601568320957145,0.0033936626359289835,0.0008735283234625512,0.0006265773305494705,0.0006897082143308237,0.000999242834047307,0.0007859313148450736,0.0007527520117638937,0.0009550076075479359,0.0025447140236441682,0.0007709250836392074,0.0015346502928737502,0.0016209663968424395,0.0014047552211181235,0.0011277532429933212,0.0009787708833319843,0.001003533225216832,0.0003756353456726254,0.0009536196310135142,0.0007942947202197296,0.0015382686265116437,0.0008915626537707974,0.000617092800199461
202108,0.1360429907482059,0.1873204522990321,0.10926319446204656,0.13603079688393716,0.17491798376143877,0.033296498821370576,0.015273030377361885,0.006410900530964809,0.0060432320036786814,0.010472168181855479,0.003934095849972538,0.012273289201917592,0.008164920574495119,0.002577070928328769,0.01504207634271907,0.00878596878127602,0.006790823453387245,0.002566406701592442,0.005201533801724609,0.007269054541894268,0.0016623536227792788,0.00588527468519272,0.0033874654846995805,0.004119101524007063,0.002555929930174783,0.003638247266185557,0.002837949356131667,0.001143130767993937,0.0027779743967999413,0.0027863149166416894,0.003840094246865997,0.005913109722495954,0.0023025659145368403,0.003706026373271931,0.002244601252640583,0.0014505920975281064,0.0009866360456028192,0.004528327799498275,0.0016900491965684528,0.0006342382372374617,0.0010827420590427215,0.002402150029253605,0.0008065190040874099,0.0008358593449445331,0.0009299525382518787,0.0008484024756068205,0.002548189150053059,0.0011435355934238016,0.006704353089402626,0.0052532091487015285,0.0013496604442509786,0.001086112214506836,0.005437696568530751,0.0007763471944167885,0.001089422517703934,0.0003912250490659394,0.001132574287667741,0.0009721368181175274,0.0007020471724200665,0.0008870257595395424,0.0027469774299221875,0.0014870956328315373,0.001345837263376833,0.0016871948879778045,0.0015010668678173372,0.0003126747639820266,0.0007770307531065031,0.0012192875472984846,0.0004894231918929432,0.0008014333009714713,0.0009504302459936521,0.0029919480140268018,0.0010889602072946271,0.0004550083504675908
202109,0.1442875090414576,0.16919143660470676,0.13797822440400712,0.15040711130118545,0.14660027828739197,0.035070313066922064,0.010977170694937565,0.007525088284466312,0.00551895500966762,0.01096203424871883,0.0033347400666012676,0.010733351999481463,0.009831653158823082,0.0032147249050060705,0.012385266997563803,0.008533411601683118,0.007367541048229244,0.0032629553649982726,0.006941604266433283,0.007524019341756421,0.0017676210751686693,0.007064507261966309,0.004036700712898938,0.0035590073660900913,0.0015650100644190152,0.003890071785198295,0.002457722076833842,0.001723648693352165,0.004201161554676407,0.002474356740988056,0.0031503237645416223,0.007606583242322619,0.002276919110738052,0.002711757307397975,0.0021635012627445496,0.0009957727871969233,0.0008181654852218828,0.0032273045590547568,0.0011054554389808532,0.0007979116993338135,0.001036229829290321,0.002136772353824367,0.0008567478733684673,0.0006873979223192764,0.001038765623347748,0.0011612903492332373,0.0014688199099232584,0.0011044136174864418,0.00785199302730566,0.00611234347791864,0.001051338596799876,0.0013236312147860388,0.003381458042764326,0.0009998196188508526,0.0009635537321414455,0.0008248235379159173,0.0008140258459581976,0.0006813480368593246,0.0007789955042305103,0.0011358497107526225,0.002415105533596996,0.0006823539798042272,0.0015666627973990332,0.0017856850561207237,0.0013423164932813625,0.00045982159672598006,0.0010869401571125148,0.001094646335651893,0.0004092876544403047,0.0007987836839980308,0.0010081594161606186,0.0010107298484194056,0.0009450800215217775,0.0007439179175284967
202110,0.15687888739994033,0.17409906906239656,0.11717285591652757,0.1407134272974953,0.16028787857832538,0.032360889125098644,0.014630698629535033,0.00468917582770235,0.006696777990963589,0.010198605575477377,0.0028278740236164545,0.010529735550908175,0.008517976617208278,0.005586196832465209,0.010993620889215508,0.00754279397644467,0.00781411945126711,0.0022204309498242755,0.006223739831947857,0.00913661331192608,0.0017072099004852334,0.007264040828329041,0.00413909999174561,0.0038862164826926615,0.0026362693016561824,0.004682263929032084,0.0019122671685406199,0.002092419519471794,0.004174882833897124,0.0027119551147315197,0.005224666731475709,0.006974385441635002,0.002236079618123604,0.003154906278245001,0.0019875257435801423,0.0010381142812553716,0.0006456848629223457,0.004446178184638968,0.0010318571335195784,0.00036932573992893235,0.0006910389912383318,0.0022791963967284017,0.0009449601085690397,0.0008846639021495967,0.0010941274991230782,0.0008056384352647042,0.0015413402892291259,0.0009852838317902454,0.007073357939379913,0.005404575871842021,0.0007905684803376993,0.0009872429602300046,0.004560677085321248,0.0005862052250099283,0.0010784056289606097,0.0005554234290528049,0.0009008816763275429,0.0006308310947222328,0.0012158881848141245,0.0009555360677310671,0.0026679663536743757,0.0006958095240763823,0.0013968704552325543,0.0014997464654254785,0.001362426010947885,0.00032906658368106164,0.0006929541970531528,0.0007424939261285959,0.0004415520959158473,0.0009820106147944057,0.0012076434153899208,0.0011444936773487267,0.0007727188788375298,0.0006616887794801074
202111,0.1386920372961727,0.21074550165444073,0.1235932399113928,0.13857491301588906,0.13124553813673584,0.041558459971336094,0.016180832024431786,0.0080987060375678,0.0054542832382733575,0.01175816272938282,0.00230617511579328,0.009278693662428323,0.008180983485336793,0.0035050972869511204,0.009918526659405564,0.013020141655603097,0.007250167364021751,0.0017681886302843665,0.007268161723031115,0.008596619566191779,0.0010454245080447513,0.00600862258422447,0.0031928933770856735,0.002402881168685929,0.0017633219930352018,0.004448425981218555,0.002400490246485043,0.0013402555794398607,0.002564894411791863,0.00712882851700809,0.003588994263814044,0.006568339795947282,0.00171734623114921,0.0032122570670270792,0.0021343822488561663,0.0011320362902199992,0.0005663671878134936,0.004492400372905412,0.000984014456613271,0.0002979243383549276,0.0010206648637590796,0.0023128698468987555,0.0010705580613826421,0.0009001029520946075,0.000662170304070102,0.00126274688499828,0.0011800450998103416,0.0007993491764953665,0.007324603353859523,0.004828881612240954,0.0009100645210679536,0.0010766121881546295,0.004021729169507177,0.0004258881767938833,0.0010943947854712025,0.000657901904156297,0.0006541455349697615,0.0007404802116280045,0.0008613015265124601,0.0007379125560314431,0.0018108026415217975,0.0004993769541893394,0.0014946832943974627,0.001256441919667267,0.0011051915560646467,0.0005580018003224139,0.0009394239284383435,0.0009043250085407206,0.00030480458400492725,0.0006766229571570902,0.0009593411572748345,0.0013391334183120085,0.001000274665952347,0.000624623599864023
202112,0.14571587500026137,0.22092364237810624,0.13411978135170288,0.1284938622254583,0.10815465231484059,0.04901638128164649,0.012218942403617438,0.011563291847659411,0.0052804601674436204,0.014238933802996172,0.0038341730013504395,0.008005101750181562,0.00911676630072977,0.0026551914511718762,0.009512494116547416,0.008584259564656579,0.006311744884937315,0.0019539011518701363,0.006148958081147318,0.009715003544837625,0.0016158202741754384,0.0060305374275222345,0.003213694069903154,0.002983199054574416,0.0023114009160290125,0.003349058116079725,0.002478527548228403,0.0026692900372815563,0.0028510928020220117,0.00660686754359524,0.004420628626631675,0.006120533126455246,0.0025937388258142698,0.002456952314045304,0.0018645393820551986,0.0007897956227551022,0.000849243685659368,0.003505363787242255,0.0015527363197018764,0.0004901712212820219,0.0006092754791485841,0.0020463711901586097,0.0010339683983748673,0.0010062388152515009,0.0005323519759445357,0.0008364408331137839,0.0012699130029924924,0.0016770649985348894,0.005766066631449772,0.005014444802370702,0.0020272741475779016,0.0012885008551326044,0.0033148063203483737,0.000381598544104348,0.0006943246578854887,0.0009082945387436301,0.0008203839929905822,0.0008725462195761266,0.0004561879039436955,0.0020097047277040417,0.001994810321322609,0.0005151439075380362,0.0009025335900108476,0.0014685614589954649,0.001323084923215412,0.0006209195382245219,0.0008377947986404296,0.0010511096885561905,0.00047330289881387976,0.0009043683523304824,0.0006422779716214126,0.0009006751457819457,0.0009069036002276469,0.0005761484471584516
202201,0.1217714359410971,0.21163774458688298,0.1280226727476439,0.115854762987283,0.11734170234908176,0.04037483590568741,0.013456913054921983,0.009746674299733431,0.005796257948614985,0.009501981122198045,0.0038165672789529296,0.009139712620898906,0.013450067058175743,0.0038140773450465624,0.009965484867548918,0.00854502122084425,0.0071360656836210856,0.0019876687255263614,0.0037745577384454246,0.0125708032686327,0.0014393111721902473,0.015815781554647097,0.005926597751079369,0.0031810934711767546,0.0021913846672817127,0.002901316364451435,0.004871504859982502,0.0038903843121837925,0.004632859492277583,0.005380724576603836,0.006937280613498727,0.01349986338326788,0.0026029573658440624,0.002489262135072746,0.0015798888369436394,0.0008467714587804244,0.0010839401876620357,0.005151376611782063,0.0019145563702396967,0.0006808786830406829,0.0007090663150744679,0.005687196984363105,0.0010188813627222055,0.00101079801190585,0.0017452829557961043,0.0008878012541321466,0.0021099248786851316,0.002663561776123946,0.007081730403175455,0.0052421948180752485,0.0008920336792527274,0.00232727318504998,0.003687889784530832,0.0004919808042198856,0.0009729727363479796,0.0007279916904259912,0.001110617376446649,0.0016888632239551037,0.0004371772028846753,0.0008395450091890394,0.001998911160519239,0.00039662835609789753,0.0016642322565710898,0.0017779524742542723,0.0017379620175889965,0.0003135350172578801,0.0008503180177730548,0.006423570902703872,0.0007394644097039874,0.0009764933319370744,0.0018709736801359432,0.002045949745279089,0.0010800044802583312,0.002068480078719028
202202,0.11301098380835058,0.23677949472867763,0.11762993889096109,0.12411353684279754,0.10506161968814028,0.03378134161193487,0.01649153479746479,0.01218131378946083,0.0049045055796614065,0.014360679505459158,0.0033033536677886553,0.010846329969605618,0.016419209169269432,0.002961909220119283,0.010353815190728591,0.008733720496641222,0.008178584455868627,0.0031482734700829106,0.0032236693540859352,0.022558547212553987,0.0012414884142382555,0.015099383943230071,0.003694771002802759,0.0024008123678410428,0.001383565106870982,0.0028986504690145434,0.00236681394650369,0.006005465927247252,0.004723942312666598,0.007098706600277076,0.006938151278009593,0.008916930028846732,0.0023639733973488024,0.0016393902019386528,0.00272769561685483,0.0007137737134237541,0.0014350591563241737,0.0033761047331509987,0.0017111580356358412,0.0007197358652849938,0.0007150622270791543,0.003625144654210193,0.0007344891241927968,0.0005564952553820982,0.0012863933983194393,0.0011162224536060532,0.0016764513059302267,0.0013310001824030338,0.006947722035207286,0.004132490739380952,0.0014333803094259538,0.004878570342380073,0.003554512122987165,0.0013859837202449897,0.0021317712352122258,0.00040326372609833196,0.000799132990980712,0.0004122755275822693,0.00030687927732688257,0.0008840678399389474,0.0025929863241736305,0.00041338906898381964,0.0014262115122317077,0.0011250340781805564,0.00241342042234186,0.0002467853275014222,0.0011182150157772826,0.0015820597144102285,0.0006132129797022558,0.0008680287986918302,0.0010880303850768212,0.0010552239600747308,0.0011928126959321475,0.000455347681870052
202203,0.11989580154513807,0.2139974776266856,0.12678245637020935,0.105177695960604,0.1411212885664754,0.03216312165402053,0.017404256558656142,0.00822294454240377,0.003888446033433198,0.011118291152066249,0.0026291594086062515,0.013538420823153225,0.012084089988387801,0.0036190447732259933,0.011222529524784171,0.010048369071369629,0.009745756328321383,0.003151456638185245,0.00629789438882771,0.01671545105408989,0.0017896036308322236,0.013401851952867782,0.004717761335317194,0.0023508662460686304,0.0027863401819521534,0.003209091477110001,0.001959503400010039,0.005648727199549729,0.0047933087474111916,0.005793899492273102,0.0052285043574469845,0.007678174714844993,0.0014608281262713616,0.0025803045795273504,0.0013853196158901656,0.0006351880801632855,0.0005373999074920937,0.005394798208390907,0.0024103558112498714,0.0010629001828485576,0.000619851099744317,0.004810761066305353,0.0008169385192162743,0.0011964484646298113,0.0015550553164261848,0.0003687115933115682,0.001169736344803822,0.0009485922853438348,0.005816693877004262,0.0041639483229321764,0.001858792488839362,0.006092224887439346,0.003432456250819039,0.001063280414468145,0.0012371924243383655,0.0009653803011146666,0.0003488832232882703,0.0009041199408187875,0.001009569766843293,0.0004879594058886338,0.002727783960715308,0.0007236159411571877,0.0014049730529311266,0.0014856673093167508,0.0014525645325469357,0.0003951027918158469,0.0009044622648940576,0.0022646113600972117,0.0010942259358916377,0.0009813584683895005,0.0009661356977014278,0.001870799367779124,0.0005286599460748655,0.0006847641209521405
202204,0.12013016333981628,0.22658783788911452,0.12729469847345348,0.10107410295224056,0.13396467948213955,0.040393341493454,0.015582617408826903,0.008877830993347921,0.004209137075593801,0.012280001508944332,0.003679662683075215,0.012957462262623122,0.014987399633015645,0.004368657289648619,0.016165398796182232,0.009452484562599079,0.007297657676792055,0.002798061760610514,0.005185662687752461,0.016107105746290207,0.001731615763545524,0.01432167263451436,0.0049483704284780305,0.00306081986909161,0.001760142071950858,0.0030451320279095534,0.002208364692494203,0.001935862203738921,0.005339397594652874,0.007078788139005425,0.007222150392745138,0.005464505537418008,0.0020305572056565245,0.0019429942508135234,0.0022087811239577273,0.00062616582209679,0.00027944934260954515,0.004639362355815698,0.0015744473439256446,0.0007115827832245509,0.0003931963940925219,0.00210691359455523,0.0005282217856188087,0.0011185992049208807,0.001995768094545845,0.0006449472986590662,0.0013164228164962374,0.0009234700963963236,0.004159626192822732,0.0035972662197832793,0.0008448561228222235,0.0022096476237282643,0.0029804474223522953,0.0003993726140057743,0.001212234589815708,0.0006590672394216561,0.0005292045098200758,0.0008152124198286749,0.0015098835689838401,0.0010913271725699002,0.0016640099317472826,0.0006604441903355304,0.0019434213402400472,0.0009746217262645475,0.001596451179325831,0.0005558159956644041,0.0007247413057334738,0.0027402063103156415,0.0003640979897957717,0.0006511435714444827,0.0007444216244503754,0.0006569734684340725,0.0012123301474170935,0.0009515109384270514
202205,0.10660051756804051,0.22939799119922952,0.1184269922303163,0.10745626028976765,0.1448126209022409,0.03286461218467472,0.0157761161501319,0.0074205004262504915,0.004808794796289834,0.010697047366480932,0.0041647740280652,0.012217782280640315,0.013388719906052312,0.004232386245147563,0.012219628179641333,0.009290956406062662,0.008512753048424637,0.002758094726582642,0.010342446808054302,0.017710679853853703,0.0016161726877330542,0.00823345850379848,0.003983712009338781,0.003843701077215354,0.001982650865046027,0.0021729330606981867,0.0032077417500839074,0.0032765051453093434,0.008159622331796035,0.007130846914384097,0.006373714951269039,0.009189099309862732,0.0016717609104516132,0.0018382969538785273,0.0023244249797319733,0.000978276063889514,0.0015175104373428702,0.0065580385883027194,0.0012278773838209928,0.0002843231912856677,0.001362411802269226,0.0026520156342790847,0.0011051396038952207,0.0004484464979692874,0.0014228302686121754,0.0012432495106451406,0.002129169264523141,0.00098265544952192,0.0048437016489692505,0.004053858042556122,0.0009475678658057933,0.004822777723196896,0.002925000493365707,0.00028588699112932033,0.001783014063388862,0.000317998587621946,0.00044753237997772604,0.0012348556399782251,0.00036426050491508916,0.000630828944529985,0.0014364209196917421,0.0005554480321607571,0.0013525928692824276,0.0013435576533070072,0.0014356020861840122,0.0006102973233029239,0.0010134758149360442,0.002172822823781478,0.0010098176668457547,0.0006939237561717135,0.0010070005221447993,0.001578737801745389,0.002064648036245135,0.0010521120658643348
202206,0.11230687013704027,0.227233719748384,0.11666625771174638,0.11067706640297936,0.13514450928381605,0.033495078230572385,0.01652068113957794,0.009620135339165845,0.005104266267535048,0.012063149725866841,0.002253641801793994,0.009266454462366874,0.016174527275719833,0.002383884526714529,0.01755409825574957,0.0098092312672476,0.007081081460809753,0.0026424082035751578,0.005549501044762515,0.015836064382238627,0.0018945747892459394,0.0120279005045347,0.0030223758773932435,0.004083871918880447,0.0011600712491416643,0.0030303233634077858,0.0031357236011023497,0.0048370663516607805,0.005241789013137997,0.007348949911346218,0.010059148084906364,0.006862641066409743,0.002214245661747581,0.002387654713347504,0.002200280781614336,0.000478754587370848,0.0004871367934989306,0.007455500181787224,0.0015128129287558774,0.00130146321665071,0.001636860186160919,0.00448912733110529,0.0007082299642233626,0.001018428591854349,0.0012035818342728843,0.001153455934017065,0.001668989113817761,0.0010726009452105376,0.004593538674979006,0.005032618574864429,0.0013052751458611314,0.003493573407437155,0.0027751241447016672,0.000525581612949682,0.0005089402038516898,0.0009433603528972604,0.0007852810342998747,0.0006850607446007243,0.0007018876667714243,0.000775732450536917,0.002413335107902593,0.0005186296022421834,0.0018342786485696534,0.0022948129288630245,0.002293181566178617,0.0004930818242751743,0.0006155037856272613,0.001731640466759191,0.0006284463773512028,0.0007487630118746849,0.0007917841775934194,0.0011649439215342605,0.000903587243499253,0.0003658521597136251
202207,0.10369416369078037,0.2215294278637256,0.1204906698289948,0.10627676996235734,0.14916157680342013,0.04853208459033639,0.014601289538071266,0.007280505787312722,0.0043129985016456054,0.011357646746812713,0.0038551667971682213,0.011145689762228829,0.011891343309925143,0.0020983024879236167,0.01450027471551053,0.00971438321050833,0.005824596142335732,0.0031826730701696782,0.006471898788487339,0.017361735410708106,0.0019358792396326637,0.008386103263899158,0.0038351365523817704,0.0034564293725638713,0.0020647911818956247,0.003998596894644351,0.002009150515163991,0.0067646653368800685,0.00659773091552282,0.00614941843442065,0.006447884882128474,0.005201342891852512,0.002589684873228191,0.002620523219625189,0.0023021857487584337,0.0018926426641011215,0.0017569719476448207,0.0059105714360227985,0.0017711509491892155,0.0015298235484900594,0.0007474367517520912,0.0031028430706958954,0.0009775047065648536,0.0005721891401947502,0.0013683053644195696,0.0014637117234418805,0.0007802565312692704,0.000700333227428733,0.00460371103685463,0.005005405890679017,0.0010084665310154818,0.0020369553796094407,0.0027757755786913534,0.0011686430805611526,0.0016674332147590403,0.0005149170224124569,0.0005644791863229264,0.0003314215899792694,0.0005633013938651798,0.000670465991822886,0.002221637092511117,0.0006000844118607731,0.0018338137243034574,0.001836164506109086,0.0016501799409065288,0.0006201995178301556,0.0008876791555548215,0.0018389603191042538,0.001536646588042683,0.0008813771961346564,0.0008157262789791562,0.0011481250628163674,0.001049877950102438,0.0019520909669365598
202208,0.11009160645980812,0.1844501893181231,0.13621102072378427,0.1162493843502021,0.13402643988586624,0.0442497404571756,0.01423209428706887,0.005155265425762625,0.003918428063488454,0.013094493146715855,0.0028127274638707622,0.013641992253867943,0.016662506023989474,0.0034015199388065668,0.018350622630729545,0.013294069631474965,0.008526934486251712,0.005166657840701046,0.005059568913154899,0.012104177269658364,0.0017284571746429968,0.010992978775936456,0.0031933336571714414,0.004288770467350846,0.0012937610096099858,0.0033878904215981624,0.0035515477185378034,0.0039403257746135545,0.005755583585003545,0.007226049314036753,0.007160758495139611,0.006701762676286952,0.0016663347934557956,0.0025093519796020787,0.002164252716384443,0.0007547748968255456,0.0008536465893196613,0.008322608688984271,0.0021460732291144658,0.0007983053934296964,0.0013608755366527117,0.003998099791351252,0.002249488183354627,0.0012779453990922759,0.0018099325747672143,0.000586884045686708,0.0032737243617762357,0.002112264851335034,0.008856535735855592,0.0038801786245616513,0.0011599093912266851,0.0043991939282659485,0.0023017945784497285,0.00071611390254201,0.0008164093071033473,0.0012450187005303276,0.0006009522667830533,0.000726878946400025,0.00043029484081363655,0.000849865411539815,0.002091737385560892,0.0007403685540060649,0.0013888975361325804,0.0014602519998314317,0.0015219099496658508,0.0006223872845348442,0.0006837243318526032,0.0020511779098385747,0.0010850008186891638,0.0008403458893653327,0.0010012156521560088,0.0026941086798313273,0.0013983700583746644,0.0006321376445283205
202209,0.11606926642464827,0.17737858375922505,0.1273289375920093,0.13002886438959005,0.12325341913800654,0.043379233544755605,0.018856668203109463,0.006757980373594534,0.006116836332355393,0.013158346618542524,0.0036673322012036576,0.009192944467143742,0.01462491517008705,0.0036739969604547094,0.016923195349588707,0.010523762783326809,0.008923830069851903,0.002926639726717077,0.005796667665555407,0.017832998200099273,0.0024065716522064995,0.011398531415082425,0.0034144017657493655,0.0031691802605443844,0.0016724395595519139,0.006282900572882526,0.0026236363297622305,0.00474255009892991,0.007037359671771006,0.00781983812137329,0.006814602177278083,0.011327741292451517,0.0025738691880798303,0.0021738974339277507,0.002646583943630896,0.0017661681179558391,0.0005168914434525444,0.005708542721329298,0.002583519974368097,0.0006452174184375267,0.00030177831661416067,0.001448578489335176,0.0014616394553575876,0.0011624662506611444,0.0017656709571110595,0.0013043283928989493,0.00314657242960407,0.0009554128240899343,0.006299896166818926,0.004498977666027078,0.0008795119568788341,0.004710387954116551,0.0032976624164381746,0.0007244771650739903,0.0008913692946831916,0.0009665469255908607,0.0006167109051753686,0.0004764430001436739,0.0007136098528784244,0.0009912409865454454,0.0018393283224093844,0.001195038347718338,0.001563773986170469,0.0012247117033560477,0.0015876850418651005,0.0006430901618851352,0.002241480629276946,0.0021946421178900386,0.001029139058698283,0.0008989669183486692,0.0003714631778218669,0.0017867206924412444,0.0008194974538276175,0.002252318853618517
202210,0.13562928402570176,0.1723378965472012,0.12684764339411764,0.14018652564059367,0.11602962332540195,0.033801127921892674,0.015553285458697172,0.008822781881852013,0.0048696178889561965,0.01605969752616013,0.002658205429523587,0.013627338010733602,0.015261689118535541,0.0034531784143932045,0.014431597431691642,0.010807139460020695,0.010662406152125098,0.0030577295793708234,0.00776577101132456,0.015761270330084034,0.0013630187701656631,0.013851086140002595,0.0035920330945335,0.002680411741727212,0.002255050475771017,0.003553266588122299,0.0025661084118658267,0.00555668460192454,0.003556415458484858,0.006076473608804535,0.004807466831795367,0.008368184568617834,0.0015023649814865235,0.0024160208429245982,0.0018906345091903392,0.0007949658022611467,0.0009026897156422344,0.005186165801872309,0.0014102483874936557,0.0016518582845092057,0.0008744183319155842,0.002512665766125692,0.001924502757505234,0.0012271709507777875,0.0013762241301064418,0.000834183432809903,0.00200337377391374,0.001260794344014852,0.005651736965610399,0.0034901633950567327,0.0014779109362806741,0.005846326024873636,0.002980098672305707,0.00035102693676584604,0.0008598177352535172,0.0010938802506931633,0.0010345333030916525,0.0009221261258986759,0.0006335597997344466,0.0003958575115033693,0.0024489620730354014,0.0008522772566458537,0.0026051859787995435,0.001275231477709731,0.001532333008876066,0.00043913073908371863,0.0009910030863300701,0.0030378766949524677,0.001197561345249355,0.001307661664451015,0.0011065036661967258,0.0014112900384313366,0.0013026686195755466,0.002136986040853747
202211,0.1411056644372851,0.15927812336923042,0.14470180549191308,0.13908557418415066,0.10678062297591721,0.04041628470624239,0.017011689912309093,0.007126296167289781,0.0060469488247928286,0.01437150112156125,0.0029268206930265655,0.012349690868393432,0.015806889342912446,0.003559689407366067,0.016877849274029424,0.011271616378985515,0.007325752559745464,0.003047879198853262,0.0062608582660102635,0.012860128544661734,0.0018427765163494386,0.013803557718868691,0.003027877519115288,0.0033459936104806845,0.001988335472684397,0.0033229440965446013,0.002207690553706582,0.002041923362007652,0.0053844523748829125,0.00789309168104089,0.007449775567921866,0.0070487399987882345,0.001778325545033415,0.002390072530263383,0.0015419415627943205,0.0011176177257985218,0.0011211611471311853,0.006755437519077641,0.001836314161640686,0.0006059527319344928,0.0011104067468656737,0.003305949743504506,0.0006266407673340922,0.0007091575313688134,0.00190856938938002,0.000576935132252121,0.0024148447149715396,0.0009292610845379194,0.005768787840902522,0.00547208417924846,0.0008924943173448214,0.0022314846138913416,0.004172091417243492,0.0005324045089897839,0.002415568868828077,0.0009315391295043653,0.001100170360369135,0.0007576650888324372,0.0006042326112569771,0.0012660107276483512,0.001907560214723112,0.0006750207565861323,0.00147864439367532,0.0009540960154217378,0.001552317082073915,0.00025700746751571225,0.0007259655050318336,0.0026086118953372074,0.000643365482497297,0.0008974837188926799,0.0014386563876379885,0.0018453966729211212,0.001140510392818864,0.0014333981198516922
202212,0.12366043389763341,0.15431952871497442,0.15261214714682952,0.13882299294820546,0.11274541549820809,0.04727053203452596,0.013103005195436584,0.009250123173476614,0.004351791610992876,0.00928249309606522,0.005664231875452443,0.016916673420399857,0.01370102194267624,0.003411965807019465,0.015876623075465363,0.010572248653709154,0.0062697672074948415,0.0023377502768802388,0.007188400460243928,0.016333790950924385,0.0013606081802035772,0.01069710815816937,0.0041647393619681835,0.0033674052377576625,0.002050896723255901,0.003487923311928198,0.0025819557794522358,0.002422831104301527,0.007073012619288375,0.008233713409672673,0.005975052387011082,0.009318568242774031,0.0022381455463212365,0.002125155320768559,0.0046822132616506805,0.0018579653519621804,0.0007626768287201805,0.006186903825199437,0.0020407040872249785,0.00044525150426279,0.0007295591323093321,0.0015262058491270966,0.0011088635001068837,0.0007179873163275432,0.0014719182821698916,0.0005844931033008698,0.002396852451119633,0.0012595934972266768,0.006709902537808578,0.004851074501649101,0.0017672504476191101,0.005434251442620939,0.002881553996122217,0.001007063534519844,0.0008018081136110044,0.001141268069214146,0.0006878848243549332,0.0007881757254417621,0.0005111317080896904,0.0009894323815013218,0.0025040610776694196,0.00042266077603777424,0.002046057743140183,0.001569572786328048,0.0013970253605234792,0.0004127844532233384,0.0013141460415771536,0.003004257335051009,0.0003597693705666159,0.0006826811211159559,0.000749494046300917,0.0009064254741806442,0.0007143379329397749,0.001786688838597966
202301,0.12314038449677196,0.15524630754612176,0.13297750468447214,0.12977984572850712,0.09690298492385743,0.041225773371446034,0.02084839856528343,0.008439092796631582,0.005527687227681504,0.013643978937992053,0.004105741960699007,0.013046491488527906,0.016900381358009007,0.00424325964248351,0.016965779938303966,0.015867053466242318,0.00775509273285764,0.002886950204148515,0.006247594806933647,0.016320743811803307,0.0030909814810465633,0.01165663909566535,0.004488597176318246,0.004247178626559051,0.0023835752103480057,0.004340005534818392,0.002689092434418102,0.006788141466152765,0.010080560103000227,0.008066830076541909,0.005538018215143346,0.007229425740958697,0.0025505456507738293,0.0035132861480652667,0.0027830393509117295,0.0017095466498985423,0.0012135023510718031,0.006225509156302152,0.0025479563769878495,0.001032602837601472,0.001258234117589627,0.0027136694612208906,0.0015897812605953964,0.0016519283814086397,0.0036371398981594628,0.001078448479962738,0.0030001347663100287,0.0021648593224114893,0.006278339702203537,0.004866324983217996,0.0015322707770407133,0.005948397026795434,0.003693910506883304,0.002407777777779781,0.002275097530902433,0.0018062792736512469,0.000718062406718749,0.00115788849084032,0.0018980907469703181,0.0011722156145306628,0.002333355269409447,0.0015162188788333901,0.0017394854773666554,0.0019650093341284556,0.0024826058082470454,0.0012180181009066346,0.0009157873255529802,0.004283617803623344,0.0016973812251476386,0.0011701368287407499,0.001340447581100154,0.0018740939605417079,0.0013111239223227438,0.001057786587529146
202302,0.11662479416110877,0.15375613287636944,0.14469375243706728,0.1344825988334455,0.0919857623662466,0.035430532361663325,0.017577047504685205,0.009876865968880794,0.005536139218400463,0.013719138485607674,0.003927354210784732,0.015961800709250996,0.014536915059851427,0.0047735181132523095,0.018571384805493068,0.01914014860422293,0.010119712881902297,0.003346914211385739,0.008108705957988979,0.016616410433643654,0.0019772132152415757,0.008375123293432856,0.006343280642173554,0.0027813975551078695,0.0022929271996427135,0.0042541901463349005,0.005649073087955089,0.002956290046713128,0.006199131113852968,0.006088876606109417,0.007606916668632786,0.009397113126319407,0.0033153512607798537,0.003726090062674932,0.002951254243005793,0.001891732004732884,0.0015550034270770169,0.0062764276061197674,0.0020332547340650682,0.0007509674409061729,0.001008152061651811,0.0031001776671013615,0.0013384886915109495,0.0010964345677817238,0.004987496757996478,0.0013536110631807124,0.0031790863738289134,0.0014184960514648703,0.007650675294451621,0.0028580903953727243,0.001459481621322002,0.007329213445222626,0.0025896741787039042,0.0008964212161612476,0.002661358602652891,0.0011940367413890741,0.0010260489407244195,0.0007790219343677471,0.0022958054041035537,0.0020725119226373957,0.0020615171825577334,0.0005605318437760332,0.0024549564850390084,0.001617389753938056,0.0031994637619018806,0.001283446020567715,0.0008553892965770235,0.003407229987257954,0.0007489762056353165,0.0015073174774716275,0.0012820887401469557,0.0031820521480714365,0.0011526134670641422,0.0011855020162401027
202303,0.1240455963766712,0.1401836576175371,0.14217371465051284,0.136183490345315,0.10634028287968122,0.03415144709249371,0.014765219700584224,0.008251555515111086,0.005846777277460148,0.013453819904877554,0.00369013446774409,0.014201124299119466,0.01391159889579535,0.005052509256702243,0.013617595567916823,0.013514752325819598,0.008278870725660945,0.003661819023666798,0.005350708430127199,0.018475694227726748,0.002639581996563597,0.014823568212200686,0.004797693688289858,0.00439430261332501,0.0022667895997455978,0.004700347983453589,0.0032759198170149,0.003981487664357156,0.009501038530373079,0.006693570576236147,0.007859651208989842,0.007505071891460514,0.0026539026055572394,0.0029966307459615895,0.0025747730592388103,0.0021961241704530807,0.000754152617451026,0.008696874617286252,0.0029713218792127506,0.0008677736863999476,0.001292941037563173,0.0025501876300604597,0.0011882330803689035,0.001547564857215413,0.002053630877812663,0.0009408549358232926,0.002290280208041525,0.003415601484737915,0.006533561832274595,0.005395775354985108,0.0026657539677207354,0.0037819437481662684,0.0037467547430731106,0.001329616779420425,0.0026941993386178312,0.0018966503106100923,0.0009210982576230349,0.001453309584022458,0.001690344164817273,0.002216096320838617,0.002702163023808564,0.0012178673409902437,0.0022156785407670076,0.003130692371124073,0.003331764590207621,0.001202345917804986,0.0009054460157445601,0.003139368783076795,0.0008979395117429776,0.0013719080581286996,0.0028844575866866645,0.0040335548567116165,0.001155859571049825,0.0009056095742694738
202304,0.12433335432829913,0.13391076324432577,0.1565385196281174,0.1253391535737103,0.09805273736444857,0.035931858484392766,0.01976998789135669,0.008006275075704705,0.005465792095794383,0.012548775101829043,0.005154957521898469,0.0176539109285154,0.014089240139637275,0.004638309554777865,0.01902578155974566,0.014824169903881365,0.011729322703651549,0.005099146074878709,0.007896680528359993,0.014651859053513154,0.002784355546977351,0.008754620936912691,0.0045975094023115014,0.0035966469615298967,0.0017447225644965322,0.0037340905889183124,0.002651615353924656,0.006539437042051917,0.00884672891503029,0.006916313405572559,0.005962119725001053,0.007927985380326097,0.002341989129037906,0.004152034688513592,0.0046902199274346,0.0016044399708552103,0.0030828272302173996,0.006102126444587451,0.002176102337968843,0.0009815839537038779,0.0015030686287207733,0.00424633762160369,0.0011987938155173185,0.0011737065861866364,0.003005263034199167,0.002954101973821984,0.0027642940203158133,0.0010980368546470657,0.006782217914269226,0.003545079036676314,0.0015600251862144332,0.005258429964578488,0.0038873971865430006,0.0007504875492037395,0.002160951897721104,0.0016703256987062448,0.0006420363986049794,0.0013823908358515102,0.001073230315116819,0.0007942052633210475,0.0023375583704107533,0.0011063626611128904,0.005139981464471092,0.0017357669750659415,0.0025956272000759533,0.0008021223884989854,0.00081155981281148,0.0049382140463102246,0.001361250245142201,0.0013262613275331668,0.0010276574138718244,0.0018338535379345082,0.0012002614472092147,0.002485079065522594
202305,0.12763849770149255,0.143284264005474,0.14775220873178171,0.14245239494957299,0.09192566459539396,0.03560453224248902,0.015514174394163104,0.009272616616220284,0.0065716307939015905,0.01615680996353267,0.005348727252280679,0.011681436104509113,0.012182983594610232,0.003673693106584713,0.020756599015507294,0.00938455801178535,0.010658089425042712,0.0030943131507454227,0.005386446363674529,0.014030206642534026,0.0024198271326555253,0.010928015648177102,0.0033314077119331155,0.0029978396051734196,0.0016042296128182414,0.0035506162228019804,0.0033139876739148215,0.007435033838666016,0.005502485641863845,0.007036335522902591,0.006629449046160863,0.008931532614444628,0.0023545370859681678,0.004026606299691978,0.003081283722290103,0.0019178991118911184,0.001474444930142433,0.0054974510697125,0.002757050960383991,0.0014777242776265475,0.003213006614328446,0.004472998473380962,0.0023017688103902085,0.0023293594291022425,0.0019135229010022819,0.0008984859911353463,0.0026440279862655286,0.0019405736423382786,0.005883204174366306,0.0060646366194523895,0.002442573375946278,0.004488166252373785,0.0025021399476875396,0.0015718628547639858,0.0014842128693541138,0.000956206996065186,0.00099346598973048,0.0021902860025342376,0.0007481856024649652,0.0016574433925705956,0.0022681908995929676,0.001277487428635377,0.005334424617956237,0.0012487480070842174,0.001895025458005548,0.0005168268496842528,0.002074504994257413,0.0050541899492951405,0.0020647759361520383,0.0017345059019642408,0.0015623845510619855,0.002480880335228112,0.0016214132681733,0.0015329094871410632
202306,0.12198608908839521,0.1491838253028863,0.15351102679714101,0.12657988923903882,0.08932076950363416,0.04034253590900312,0.016991590992588453,0.011041338720341652,0.005934057254475521,0.014330607423157664,0.004613246605273853,0.015506962074562883,0.012236889036561028,0.004364414262412945,0.016191342517253984,0.011653482548721223,0.010921245419862178,0.0035195420132181398,0.004939030805995754,0.012770823252968577,0.0027464089455548845,0.010458032567504622,0.004435971924730443,0.004945644506622149,0.002829728769681473,0.00429333434957401,0.0027290057421877874,0.006231128936312831,0.006522746615212893,0.005400739050879595,0.0070131892357849545,0.011137733644040592,0.002012200306008186,0.00381726095269377,0.004026419405108561,0.0009137993230138421,0.0016105167164539324,0.006113899323938915,0.004976099881932052,0.0022150420186720587,0.0012911116162857184,0.0030541377938652996,0.00115962526873351,0.0014645304768829421,0.002595485543192678,0.0008377115814644101,0.001915190642107454,0.0019338561500443765,0.0068743710183884355,0.0048785532266683055,0.0014527627761505026,0.010065701929849428,0.0033077500939572625,0.0011601670862859937,0.0018829113641518108,0.0016429577684085566,0.0009852600943953537,0.0015473643881237723,0.0019186718084447264,0.0011865169205160792,0.0019149294236164007,0.0013539804497264827,0.0038159777927461967,0.0018409529176894501,0.0024396947380774196,0.00080844747339089,0.0010003050792276216,0.004775960318880429,0.0023240036723284553,0.0011870524876782809,0.0016012597629078257,0.001759074489883664,0.0014147427559563553,0.0022413701065738954
202307,0.1155000526671529,0.16082012436807766,0.14246422852461968,0.13700933258230277,0.08804783007908079,0.03220105366111306,0.01514266496895175,0.009307350818953277,0.005558180441428412,0.012847220949556816,0.0037334610620829187,0.018389460309777474,0.01308196028493234,0.0048528841908667365,0.02294297296062497,0.008827100320204036,0.007827137170862336,0.0030959609339353995,0.007228185182228135,0.014623886094448256,0.0021109581805688585,0.012746143316153577,0.005596800444350147,0.004090667089296371,0.0014333035812423166,0.0035316663396771507,0.003376696222435347,0.00723946786490923,0.006358133973026228,0.006620602926944159,0.007456131409004115,0.007061722866607024,0.002731644342648212,0.00453767782164233,0.005709930212134252,0.0009538714340030342,0.0020917500113994494,0.006418225110917131,0.003238513374357217,0.0008050172055834752,0.0019640654132395984,0.003575634255759356,0.002780839551045954,0.0018107263738933919,0.0019777881853034174,0.0017266112149547565,0.0019483067249438765,0.0021847442650827025,0.0062400904179284716,0.005493955034911561,0.0022164231172641705,0.008696640745870558,0.002202179097682048,0.0018103636849944738,0.0024461769634487414,0.0012425799095754364,0.0012162377683155726,0.001127408054936337,0.0018770197039319123,0.0009330617016121125,0.0018362604302626618,0.0010502656772108847,0.0029878923900030266,0.0026687601774552177,0.00213761233368567,0.0005398594501887299,0.001264193477273119,0.00327282463954255,0.001244168487393772,0.0016614513515634634,0.0019645876066704156,0.002635050137992202,0.0016286647502829605,0.004027585607681499
202308,0.109747383554183,0.14213044804779362,0.15242556487891815,0.12080318898081126,0.11566094021979005,0.035228311840643255,0.0188559918908865,0.008002104034097879,0.007412209526620823,0.01142104071983846,0.004382608706655037,0.022246210836526576,0.015732203571349634,0.004756866791932916,0.019740908013658083,0.010254981686771936,0.009726413039444335,0.0028430239691249965,0.0073050780557155645,0.011320768026895188,0.0027310409902646777,0.011246697334033598,0.005415367246383331,0.0028631282006067616,0.0019690310849681753,0.003169434204736074,0.0028223755756267583,0.010822335769669534,0.005831004337894919,0.00658810587143828,0.005728079611743466,0.01001055388976325,0.0023411527871226973,0.002653827792169226,0.0043517521920163095,0.0017382402045507304,0.004452746296154704,0.006486282864152255,0.0031634556997909096,0.0014242725581366698,0.0011717620517833719,0.004373802435646097,0.0015538997571218943,0.0018762162155861817,0.002545275122810408,0.0014639636041390322,0.001702019210498038,0.0017397952733010104,0.005349978969987321,0.004543531636337148,0.001951986577425154,0.004072879075558596,0.003909459717189953,0.0018427957207795683,0.0017728622242199677,0.0014396850522668465,0.0015912702962048303,0.0013683321633058112,0.001674077730301491,0.0008733667899763185,0.0019114488706262831,0.0013157810053930138,0.003936609107000124,0.002083221256081594,0.001900848490259112,0.0006113483296704083,0.0006642597840866349,0.0035758714399866864,0.0017962914731886365,0.0012402246775509917,0.0025440552922435045,0.002996910781254487,0.001338043908228069,0.0014629950571119267
202309,0.1229672273412754,0.1347392591950134,0.1585736597836111,0.13264577270715752,0.11163216906588593,0.031490635116590976,0.011783170269502933,0.008470567292237255,0.005514423842346871,0.012172334123719538,0.005249440762531445,0.016811512432672458,0.013338554234516405,0.00488224219351035,0.024333872830609747,0.008676080243639693,0.011432295619234863,0.0036336104271017665,0.004968629219930471,0.012393102379339282,0.0019872765405078213,0.013137167112814943,0.0057713492424504055,0.004948954104847816,0.0015630805245756415,0.00399806921897306,0.0020403818000668448,0.007164381000970671,0.00789815186592394,0.006422532750235592,0.005295215246519055,0.007855792414621332,0.0026644426672562133,0.0038629251013691875,0.00275586301370926,0.0020815443238819896,0.001336375491074778,0.005142889795915864,0.003448673157897232,0.0012965438776972578,0.001358506083389722,0.004050544653389688,0.0015684719466521472,0.001005397522971169,0.002006237024317576,0.0010842950864399026,0.0041076016251494225,0.0022931403181491866,0.006263463964271016,0.005051986464737189,0.00300937390602884,0.004744868386798753,0.0020348202262861566,0.0026994835931667903,0.0015226715972057258,0.001142576843340783,0.0006983453606367237,0.001274346204408101,0.001422763026287649,0.0008145223540314956,0.001607570642009782,0.0018121067934892547,0.002387833957449748,0.002069461639129308,0.0022364625630514993,0.0009411337526392982,0.0010441497510703056,0.005839844474825418,0.0013631901660594815,0.0008165192607695598,0.0014595122397872652,0.0015126087780618,0.0012604257911173085,0.001115595671145504
202310,0.1103295168359081,0.167489892905605,0.16903647690413742,0.10523145103929496,0.10689353096129117,0.03704743309115235,0.015404536891154974,0.007569804794415641,0.006252236730554861,0.013236531209338022,0.0030010238987475666,0.014465410838316905,0.015463337150532218,0.005727010144246254,0.01555497762145021,0.00948294987932435,0.008749573718246306,0.0034669815252352555,0.005407951110047429,0.013674348464373088,0.002109812915622376,0.010646406899036369,0.004732355079890907,0.004672496918293621,0.0024531197319435515,0.003941566328089444,0.0029588376708307557,0.0059941012551494675,0.005157609198643359,0.006228254929062933,0.005726700762996771,0.008162031663093771,0.0029932671088824824,0.004138788802371873,0.0034166575574719887,0.0016693169634447295,0.0015907057894811397,0.006053469170478311,0.003973520301351859,0.001665750289183021,0.001894079468391972,0.004857579860094772,0.0018960110276780877,0.0011120163833708823,0.0016571237278897903,0.0020595623323291876,0.0023997854700983493,0.0017022636436937796,0.003971245006383839,0.00358516782390005,0.0017972125516961097,0.005817007439134192,0.0027599325563819705,0.0009165633092433178,0.002402964133293627,0.0011835132560954315,0.0008377576975591931,0.0017076068481664544,0.0018364914590212008,0.0006614406615114979,0.0022730884389660297,0.00119859895383121,0.0019285725178052845,0.0023977870447601285,0.002452419741281156,0.0006960712481184802,0.002564420965916746,0.006096421509880299,0.001632624699587974,0.001268765240041307,0.002789384915209952,0.00321171144603261,0.0019984552654096375,0.0026666083085347893
202311,0.10836711788375396,0.13893690650711935,0.17337161790260616,0.11387179196334628,0.12930260768706764,0.031235770955942488,0.014193717095266558,0.01019045321604076,0.00720260152541905,0.014254953825041678,0.003723545851394812,0.011760367695561534,0.013877331117091912,0.003021292112959307,0.02103331010883574,0.012136730867941231,0.009592901045312078,0.003261424058353942,0.005713228159138834,0.015139306701913867,0.002620312926415327,0.013479946917557696,0.004147941817962593,0.00700285704379482,0.0025779464022403415,0.004576294793801187,0.004009185721649532,0.00533899706129823,0.007257905012696569,0.006848123613593347,0.005413000313066014,0.0063382388256101665,0.001797692705666944,0.0036065201378996763,0.0029133338342006115,0.0007015778609628237,0.002441594963959513,0.004312896229342653,0.003202044237591593,0.0016529521628074258,0.0011015704292319354,0.003594902233809728,0.0018020064194192477,0.0015604478794479554,0.0027528997302054678,0.001045993567106021,0.0023433793933632274,0.0016295840695400036,0.00538597330932048,0.004021681961552032,0.0015877756024250613,0.0034174280875060494,0.002333306084030678,0.0014192456959381296,0.0032871893925233526,0.0009073370459445786,0.0017781011980740919,0.0009165477319661374,0.0012880591995867387,0.0007848021881597857,0.0018742122922962077,0.0004133251975292923,0.0026521080720030045,0.003849124382258222,0.0014949315640885334,0.0005662859427921723,0.0007416365256548522,0.00555923316557072,0.00128720996084169,0.0010583684715058026,0.001547374024352861,0.0024197032898858207,0.0016153204016294666,0.0015365966282162218
202312,0.12369326305525202,0.1409484543948579,0.17895632187746618,0.12518258110777958,0.09691755789878333,0.034895550254388966,0.013129402826610976,0.008344148425319773,0.005917676183796995,0.012605716410496704,0.0033146833270403494,0.018657883618286422,0.012359887170446598,0.0038852150643692144,0.01782952662484474,0.01471013022044447,0.009731022536854315,0.002744240949766292,0.00619044392707999,0.013359803026402366,0.0019193536656898936,0.013835386848190296,0.004615761116952126,0.002673521400284609,0.002586274805918302,0.003364879215660465,0.002458517959948239,0.004262713662478374,0.0054324539785110815,0.006563422576069438,0.0063587154745808425,0.007980226127372274,0.002852128301039458,0.0033380798062715585,0.003394352270213957,0.0020523869745601524,0.0012822364892658535,0.006339717971015773,0.0026262254501279035,0.0012024250677146805,0.0014053150569768994,0.002122879181091791,0.0010764898110153353,0.0022916626556075785,0.0020484525370829372,0.0012396856246751527,0.002081493614321251,0.002558017295905954,0.006296206298297036,0.005328115344701174,0.001565656791251459,0.007462304252872362,0.0026875389717044085,0.0008561806514494598,0.0010901398000527495,0.001309975728202365,0.0013940689146425783,0.0013107109834886491,0.0006405474696135586,0.0011458889148489332,0.0021617890139483025,0.0007318171999534846,0.002091282196761212,0.0015204148158363337,0.002662272883899065,0.0014479535011037597,0.0012203451475448065,0.0034247947413351015,0.0009051534964400412,0.0011832086442490127,0.0028528003149134113,0.002034889814297813,0.0011043859268430438,0.002235274342920536
202401,0.1136812278164583,0.13290471050334007,0.18787089268956153,0.11325104080119117,0.12273699316943107,0.024362743232956074,0.018215045796201604,0.009257859840882898,0.005352331033264549,0.014694166183644398,0.003453209380972199,0.017668443233377844,0.011370275724949698,0.0038815212935350537,0.017278907786546387,0.011526708574506642,0.010655163920018723,0.0023127523682231286,0.005946443726945831,0.015995177876322195,0.0017777920467719236,0.010942681888677664,0.004236930819021739,0.003809460314632575,0.002153431713021597,0.003554240008319056,0.0021986299824122996,0.011819076883428974,0.005140077637015205,0.0063501689399892034,0.005601729663010983,0.006539852350412578,0.0019281447659327074,0.0032086469977065687,0.002760356318450633,0.001721692702476381,0.0021849301846894376,0.005997036672049223,0.0027339231812758946,0.0009913589664128503,0.001845717455902597,0.004154646776245439,0.0015249043769008648,0.0013019778652602159,0.0026252862560623962,0.00067632736210947,0.00255644895579908,0.001724372004761523,0.005682429416116342,0.003538020534030125,0.0021107212728087976,0.00618307685103216,0.0013960287819707814,0.0014444704289822924,0.0016963783818406087,0.0010302420470678184,0.0012042200583740532,0.0011903348780663867,0.00181009569384167,0.0022872271136039693,0.0033079773577999842,0.001450237727350234,0.002126030012478382,0.0010173924127886008,0.0016457965516652685,0.0006233890350124711,0.0013189620702773448,0.002925796477619662,0.002219223036595082,0.001195235448438992,0.001229841563647758,0.0027997360697605486,0.0019145133101811475,0.0021771654275711053
202402,0.11003371608592047,0.1253749172582426,0.16630731482836061,0.12147214023114315,0.1269180653277008,0.024854702776315078,0.017217818981878723,0.011398792433787488,0.006389965328502264,0.012080619700765374,0.0052669581434697426,0.02340304866065915,0.012871341065029514,0.0028865142037574083,0.01706848822527925,0.01503982262572605,0.010684650511858018,0.0023380252535731955,0.004709873774980716,0.011320538488903369,0.002300773423735464,0.00980502889975618,0.003977813557987657,0.006147303744783784,0.0025633031739905553,0.003987658057761686,0.0024424062184623878,0.00838127104230132,0.005513169875283126,0.005862983534740781,0.00577455568341433,0.009880814635398333,0.0026731692186441514,0.004937580414741097,0.0024060035139276677,0.001530823653347575,0.0020030627451232425,0.005533083962266432,0.010469521557059136,0.0016982641310283571,0.0016742991672333543,0.0022785042642591976,0.0023293864460027882,0.001083245275444587,0.0025739694551728098,0.0014928581182842991,0.003334268247533192,0.0016074028255095765,0.005688215852719784,0.0058671641139053385,0.0020856114734625914,0.004244294583862181,0.0026426485861422238,0.0017296082291853262,0.001449616585852584,0.001320303522156469,0.0009339372115480672,0.0011907532840340024,0.001532162146066891,0.0020100411138583205,0.0027254259880506652,0.0015701645129187851,0.002818493691772808,0.00266096781088924,0.0018140267805983633,0.001149194383760379,0.0012688032555052246,0.0033333152138861574,0.0013449283770966328,0.001501738665518972,0.0015531793329411595,0.00375983770656304,0.0007918464822339465,0.0011138823464248554
202403,0.1168322761801253,0.12121861930463278,0.16717326400517096,0.1253412627048796,0.1402161154661052,0.030425144606087574,0.013682286971127482,0.007743329805916913,0.005967310657105877,0.013288618286372766,0.005127439989147962,0.017318443550078267,0.01067013109539997,0.005601984601182298,0.02398385142001946,0.014990380245936604,0.007961980773774812,0.0021294937268948088,0.007149834874039275,0.010531334732268945,0.0030908236271166268,0.010676289423344792,0.004438048237416677,0.004414814859348172,0.0018950491356912035,0.003802903000105374,0.0029355505870642205,0.005978349736706203,0.005897949125358333,0.006930029811399843,0.005809945140505694,0.005872248683030779,0.002506061195490041,0.003848854097639503,0.003355179972989102,0.0007453529678766225,0.002836575453353097,0.006210301150457439,0.005915023129658502,0.001126867464745797,0.0010820777585448084,0.003352725149760479,0.0008672174719610438,0.001717614893497969,0.0013746624671785528,0.0008818806665251744,0.00267216804266041,0.0020329980566482155,0.0059644143430438315,0.003836944839731301,0.0014327201431847882,0.0034182851032432456,0.0030264004753186207,0.0017384597066588882,0.00141461259834971,0.0006378736047744319,0.0017079228655944453,0.0013248607963809863,0.0016565844269770542,0.0006253190296873238,0.0017811036344333297,0.0012366816981351659,0.003108647827889682,0.0013853140079383092,0.0012449657817087893,0.0011090272158530861,0.0009106299496109942,0.004003296101578946,0.0013696695073982179,0.0017065620488475198,0.0016154185098893646,0.0018022213937517976,0.0014353898665419862,0.0008860102211366265
202404,0.12113827134125199,0.12758949575964842,0.15321111332301635,0.13317402209683038,0.13245733713294372,0.028175340840699434,0.015575586796707301,0.008936430657184044,0.006287463649969945,0.015019032597544786,0.005181122039487062,0.01648953119493465,0.0082892864530863,0.00424307449783637,0.021172507079521098,0.014873950971742853,0.008764109058705272,0.0029955995085798183,0.004500027329714569,0.010536322361131495,0.001212983638078268,0.01140170561188019,0.0060034253773078835,0.0071883134545298885,0.0025264078517938647,0.00324205684029795,0.0015946564972928459,0.006379587148998555,0.006087812167628612,0.005715910935730938,0.004162903975145138,0.0068439707464535435,0.0023545481176013012,0.0035154280110309805,0.003727125682922909,0.0015764478371555171,0.0014051401409790438,0.004133805345423476,0.004114423646209019,0.0011435336592762323,0.0031771392434948014,0.0034395752652274184,0.0017023149102293209,0.0014350228399164944,0.0010639719143707563,0.0008454366626770109,0.0022947698450308937,0.0013164124943877043,0.006356364603145774,0.003405429407380672,0.001915377604586827,0.005101777246390449,0.0017986658284658433,0.001545072655980341,0.0018340823600784097,0.0013626005752441954,0.0015027364087963958,0.0015529313928854221,0.002333899423550659,0.0017118245533635167,0.003816970064063857,0.0011893317209555555,0.0038671052794468277,0.0019672707107935648,0.0033681418376758183,0.0005152908853042864,0.0009084738735536802,0.0044531107678975855,0.0007425934913219725,0.0017536006427404205,0.0014939096419692053,0.003321285539222987,0.0024189871808513864,0.0015487117527279897
202405,0.1257842635235466,0.12195587411116073,0.15934456488550064,0.13304851955888455,0.12136952851409452,0.027665245964370384,0.013719920051674293,0.008976777821754149,0.005517823234235103,0.01180099972724889,0.003570680178711027,0.014239840657916909,0.008734382543192906,0.004270683631550035,0.01976135564345935,0.01827958892058155,0.011141271404659248,0.002653907727216883,0.006349213737857902,0.010710303162159181,0.002795307752362134,0.013123118775354022,0.006693202917831936,0.006521719061789488,0.0023064444703458416,0.0038262560825570004,0.002335115328854884,0.005052399107962525,0.005980014043808016,0.005262337479742175,0.006793817993613021,0.008760428649234646,0.0029083330313521088,0.00419088772399268,0.003418676323870152,0.0011429806690836924,0.0029882336184206336,0.0065674494941680515,0.004417558493086762,0.0010973224305416886,0.0016092272119321634,0.00269940528338413,0.00186668701831833,0.001922766503683717,0.0013184559574545387,0.0007616748760220996,0.002294901362798717,0.0033043640037409474,0.005910120612840587,0.003407090520237257,0.0017500618833184247,0.004274351620574413,0.0026602367920994597,0.004331157470384744,0.002493906262634157,0.0013910832420967975,0.0012378559585420946,0.0014633026199008256,0.0020881841407529352,0.00141704117816005,0.001957630120340531,0.001161845297770131,0.0035834178850001107,0.0012694044969033468,0.0019524259534584878,0.0020255291020565896,0.0016281696172170462,0.004631407663800943,0.0010122381633682104,0.0007342863320020398,0.0028497458591974566,0.001468133769541674,0.001565510988330392,0.0008820317843903702
202406,0.13263909353901512,0.10673089206026036,0.18247816837431033,0.1169636282945988,0.13015045983688792,0.023447611575873134,0.01572749031530081,0.01020050577036142,0.006472846084119388,0.013583894490447142,0.004301693028556975,0.017466144618206572,0.010934866320256115,0.005100747533970069,0.023565832912539244,0.013036339739397674,0.009705844216617509,0.002511694409253447,0.0048974133857036806,0.013845011398679045,0.0026999712537819237,0.01033556607673594,0.005671370085604914,0.004281210682340096,0.0018659496306965109,0.0027297633652762525,0.002388272839358379,0.004324029053354039,0.006742770553478282,0.0033545695397921614,0.004485527627373675,0.008495707473265664,0.002125884589255204,0.005139043041274589,0.0035854893184843993,0.0014983522790374833,0.0015345944648776592,0.00657917515626216,0.0044787539381334045,0.0011971155575747118,0.0015892039443035696,0.003052883807602835,0.0012292896365898264,0.0013121524484496624,0.0021231584604163214,0.0016280445527295218,0.003501041905968211,0.001968420460008133,0.004263012926340422,0.0028510769098575566,0.002181582545977986,0.004589770713070585,0.0023257155924297766,0.0015031635121654726,0.0037420469690508133,0.0012170649636268187,0.0009699789773078608,0.0020916958016207812,0.003421083465830452,0.0018693134131483548,0.002733494198208644,0.0010993113155585324,0.0027584500122510114,0.002131221696568101,0.0029465578030566084,0.001248618132833265,0.0011864336115684278,0.002429593857219205,0.001564810124750476,0.0012616119004013647,0.0008051624292248093,0.001860209101073702,0.0015186719779707754,0.0017528584025079787
202407,0.12143702265798315,0.13064393154271023,0.16316904132400162,0.12559490882080157,0.13522179002384166,0.020349554299146866,0.014876759831456577,0.008923550425175546,0.005100934889161445,0.01161020435525975,0.0038953026071145464,0.017054222452386532,0.01197397011285081,0.004236608954720627,0.017255439630348805,0.011199327739123808,0.0116746803759273,0.002854393488297462,0.006637398613198893,0.014187759483558382,0.0022241181042975443,0.01245250423353508,0.006511951536031566,0.004753831398691453,0.0024239633052170837,0.0031382733060881574,0.0028603667652937446,0.004301623224439576,0.008475484441222555,0.004898730024097773,0.005090549924202733,0.007355355569267783,0.0024407535041096797,0.004053413685327766,0.0027553334437878858,0.0008678635762948034,0.0009218527761118403,0.005549613397055231,0.003478073460300409,0.0014910032975112186,0.0009989785692641293,0.003701374744655146,0.0009926648766149084,0.001678552850447691,0.0021902328824484865,0.0014439129145182752,0.0025837168747845436,0.001669866961461151,0.004480665890469226,0.004399780368424697,0.002089127214060064,0.005909804322384531,0.0020950203596253082,0.002025237791804095,0.003969626695970251,0.001612113842723696,0.0007906976723444594,0.0014572951864779927,0.002010243157008774,0.0019723454200494066,0.0020059450703691995,0.0009233797077331527,0.003216527483524013,0.002469343427839964,0.0031210624121357482,0.0008728557763863299,0.0035062066811692035,0.0031254263338576405,0.001146577978726567,0.0014368796862186373,0.0015616045602297444,0.0013964348138473795,0.0019463243421242405,0.001258712530351872
202408,0.14236990801720567,0.11019718932733358,0.1504347844127755,0.12394724314247255,0.13019014426558534,0.022889753660026987,0.015948595718472545,0.00886272772307209,0.005333523031851041,0.01087730888264774,0.006384306478330434,0.01759935291116511,0.0093732053135341,0.003227203342350921,0.020162836044527926,0.015229274893700167,0.011019065876923712,0.0031652416535682885,0.005768815921434468,0.012597269655449298,0.00190165202662619,0.01184982053049513,0.005682449652898012,0.0030871344969415435,0.0016431580764155222,0.003441947325288673,0.004561679357526593,0.007674231779730621,0.008074984792451572,0.004729006813709662,0.006297509311464035,0.008963584196815257,0.00283997492524479,0.004046824758358818,0.0047770131376852374,0.0022194826513687116,0.0022861344307621213,0.006913076508443171,0.0031583388963531047,0.001680450430014652,0.00204321823107072,0.004529773252085757,0.001339015386857611,0.0017046639138745363,0.0015407496677172397,0.0012100233537974644,0.004201976206805584,0.0015349052611308856,0.0063972325274275895,0.0032129392161119757,0.0016655762608262117,0.0034682384689418535,0.00231177689977884,0.0021385061001526462,0.00310860172832478,0.0020654301025267124,0.003175671336917596,0.0011540521261297514,0.002231443347778924,0.0010263885518907532,0.0014022726708821244,0.0008576972757237615,0.003914558230215477,0.002571764700948879,0.0017895779643937815,0.003278629379785202,0.0017278877408477308,0.0027768919193575307,0.0020256355812847877,0.0016676584715635107,0.0009926186744654304,0.0018586921723474695,0.0016626133696633887,0.0020071155373526024
202409,0.1432982140235123,0.11612847378286309,0.1529951768332886,0.12973740850719057,0.11827847016751565,0.02348382474596805,0.014234217918822128,0.007076467065600444,0.004663636732050902,0.01154966788555583,0.005118640066297995,0.01539884771445564,0.010880336245194414,0.006309719279516922,0.02339244675754281,0.01467461224803215,0.01067551327717749,0.003304316485556615,0.005732343063242252,0.01438447299389894,0.0016746939622610342,0.010976371129532602,0.0056142668995368405,0.006979927942349994,0.0016654596332141588,0.003835041363200718,0.002438158128446125,0.008526830939666882,0.00595349918060626,0.005936486756285137,0.007262117534299013,0.006237177358610095,0.0019251371919492793,0.004255905510967943,0.0035672217446324093,0.0007438713001681332,0.0022336959944737897,0.006269226902755764,0.00304631982114086,0.0010536175602275813,0.0020865328148490666,0.003919259162249021,0.0024504274294657475,0.002513917470437107,0.003064902596920191,0.0028559372219117683,0.002656370091428108,0.0017549067148568077,0.005459976716461493,0.004072215891657146,0.0019552599481543215,0.004163584876939364,0.0027554139239839726,0.0015050945235435445,0.00181736386072123,0.0015699089171858308,0.0011879189958867438,0.003483041301560226,0.0022299439006777336,0.001433870550480459,0.0011029513875285932,0.0013799135384791746,0.0034064637415374952,0.002391709623242156,0.0031980319547692056,0.0003404461246146893,0.0008894061116817686,0.0030456146939642974,0.0016510605130192863,0.0017569553676544754,0.0007153911320406689,0.0020677559597297645,0.001909384289485902,0.0016972360052752663
202410,0.13386828635904574,0.11274029748466101,0.1429607286980758,0.12050180092695438,0.13759702123453457,0.026106398315294387,0.014763301299507729,0.007989249080929482,0.005835345403750748,0.014712669591409289,0.005012330226856129,0.014257427993152483,0.010894476243486238,0.00309485757937538,0.020360980413749466,0.015921891772217853,0.012227953752089989,0.0025241873479274245,0.00509528802574999,0.014787330046436153,0.001727368474750398,0.011928820365347943,0.00529504130508277,0.006044538354076249,0.0028308428487336325,0.0039706832300648795,0.0028136092832997724,0.0077015234674948805,0.006375592235486012,0.008087594712850971,0.005244324147133407,0.008709391641221493,0.002144667177535787,0.0053119259119235014,0.004388818237635513,0.001326130161853253,0.0017615487833740559,0.005115660286715498,0.003098043048738292,0.002130771336109183,0.0009730652986745608,0.004430247959674959,0.0008350154513807958,0.001284819427334758,0.0035392766291290744,0.0021990665623168354,0.0018275032931502119,0.003303630173983751,0.0074129766898755325,0.00476919940991188,0.0014989187767852326,0.005138061762242062,0.0027845330714170472,0.0017343304755650846,0.001536950153199641,0.0013667752297942578,0.0017248908891613851,0.0013132127122491167,0.0017106419588106606,0.0011608539243116375,0.0024710431400532954,0.0014427462377231874,0.0031490489934902295,0.002541199733333711,0.004148474410213812,0.0013136359323225777,0.0016098539522987937,0.003486947956667392,0.001404538477844579,0.0015129631564202428,0.003055812778020957,0.0010518215796143802,0.0022665592103603264,0.002742667788036307
202411,0.13457898613908983,0.1101417163101126,0.16272688376625258,0.12911175178016054,0.13648696965140147,0.023345801815668237,0.015504788681625335,0.009687160449231269,0.007493215748836517,0.009644224722878559,0.0044529549509004,0.015515694613974878,0.00864493423344312,0.0032258795832981624,0.017968285566118035,0.01178224645489548,0.009541837992556432,0.0025611741160325428,0.004614905312647112,0.014627964233741037,0.0026865744674407282,0.009540645482628847,0.004627310062547333,0.0048035566690426326,0.001214072888933623,0.004505939335507332,0.00312538005605013,0.013200213006966943,0.00520533624469211,0.004903506216260712,0.005530534626987153,0.010457769790059796,0.0032755682199634177,0.0049863265302363905,0.003176975372909503,0.0009198922921465174,0.0014219983903960983,0.005450823553893461,0.006103264653592139,0.001277844486757898,0.0018093357631206654,0.0037748630378792968,0.0013093720020877575,0.002104984560723522,0.002372234819997916,0.0007925523742788856,0.0023027763086843414,0.002119643009239385,0.006413952681013012,0.0032625971045097783,0.0013416643767597452,0.003756657517865132,0.0019703660399267614,0.002078416104672211,0.002150693116916198,0.001215032894982795,0.0018714672337554997,0.0013192934075548508,0.0009767901570726823,0.0015561149129469471,0.0025426067839090095,0.0007255520493000053,0.0019835801756408057,0.0021752158833894314,0.003095762231466523,0.0011199815198281885,0.0005215969119046653,0.003254579320340475,0.002249568917939178,0.001250179392406492,0.0018420102346385758,0.0023191320879359678,0.001651070141994375,0.002699448455442149
