yyyymm,AM,AbnormalAccruals,Accruals,AnalystRevision,AnnouncementReturn,AssetGrowth,BM,BMdec,BPEBM,Beta,BetaLiquidityPS,BetaTailRisk,BidAskSpread,BookLeverage,CBOperProf,CF,Cash,CashProd,ChAssetTurnover,ChEQ,ChInv,ChInvIA,ChNNCOA,ChNWC,ChTax,CompEquIss,CompositeDebtIssuance,CoskewACX,DelCOA,DelCOL,DelEqu,DelFINL,DelLTI,DelNetFin,DolVol,EBM,EP,EarnSupBig,EarningsStreak,EarningsSurprise,EntMult,EquityDuration,ExclExp,FEPS,ForecastDispersion,GP,Herf,HerfBE,IdioVol3F,IdioVolAHT,Illiquidity,IndMom,IndRetBig,IntMom,IntanBM,IntanCFP,IntanEP,IntanSP,InvGrowth,InvestPPEInv,Investment,LRreversal,Leverage,MaxRet,MeanRankRevGrowth,Mom12m,Mom12mOffSeason,Mom6m,MomOffSeason,MomOffSeason06YrPlus,MomSeason,MomSeason06YrPlus,MomSeason11YrPlus,MomSeasonShort,NOA,NetDebtFinance,NetDebtPrice,NetEquityFinance,NetPayoutYield,OPLeverage,PctAcc,PctTotAcc,Price,PriceDelayRsq,RD,RDS,REV6,RealizedVol,ResidualMomentum,ReturnSkew,ReturnSkew3F,RevenueSurprise,RoE,STreversal,ShareIss1Y,ShareIss5Y,Size,Tax,TotalAccruals,TrendFactor,VolSD,XFIN,betaVIX,cfp,dNoa,grcapx,grcapx3y,hire,roaq,std_turn,zerotrade12M,zerotrade1M,zerotrade6M
200001,9.88268293440342e-05,1.8783420046020183e-06,2.2067233658162877e-06,1.1842573712783633e-06,1.3074470189167187e-05,0.0,8.677116966282483e-06,2.045171640929766e-05,0.0,0.0,0.0,2.5474790277257853e-07,3.4592062547744717e-06,1.032001023304474e-06,5.24889474036172e-05,0.0,2.2949077902012505e-05,6.818891961302143e-06,1.4212215546649531e-06,9.914441534419893e-07,0.0,0.0,1.624524088583712e-06,2.2787582565797493e-05,0.0,7.430491677951068e-06,0.0,2.3143844373407774e-05,0.0,0.0,7.445843266395968e-07,0.0,2.2637232177658007e-06,5.865789489689632e-07,1.3314296666067094e-05,8.641007298137993e-06,0.0,0.0,0.0,0.0,1.6659686252751271e-06,0.0,0.0,0.0,4.16601722008636e-07,1.9850642729579704e-06,0.0,0.0,0.00022887621889822185,4.573709156829864e-05,2.2086480385041796e-05,1.577195575919177e-06,0.0,1.6174226402654313e-05,0.0,0.0,0.0,0.0,0.0,3.4176857752754586e-06,0.0,6.499300866380509e-07,2.208583646279294e-05,8.431370588368736e-06,3.4634535950317513e-06,0.00018952392565552145,0.00020081494585610926,7.582749822176993e-05,1.3488232980307657e-05,0.0,5.467872142617125e-06,2.102942517012707e-06,0.0,0.0,1.0028987844634685e-06,0.0,0.0,0.0,0.0,3.744469552202645e-07,2.2876320144860074e-06,0.0,2.2715545128448866e-05,0.0,5.272996986604994e-06,6.058844974177191e-06,2.825288731855835e-07,0.00020924444834236056,2.252785861855955e-06,3.6827719895882183e-07,0.0,0.0,2.2502730644191615e-05,3.2557265512878075e-05,0.0,0.0,5.5509449339297134e-06,0.0001077321867342107,1.359570069325855e-05,0.00010342109453631565,9.01490420801565e-05,0.0,1.5274967154255137e-05,0.0,8.985575732367579e-06,0.0,0.0,0.0,0.0,0.0,1.4408450397240813e-06,1.8971161352965282e-06,2.030880295933457e-06
200002,5.7454231864539906e-05,1.2608091992660775e-06,3.9976825405574345e-07,3.1069541819306323e-06,5.249353307590354e-06,7.091173870321654e-07,7.309241482289508e-06,1.2349151802482083e-05,0.0,0.0,0.0,8.734537573218404e-07,4.606289439834654e-05,1.1406395969970617e-06,3.9739814383210614e-05,2.5585138700989773e-06,3.6500867281574756e-05,4.313463705329923e-06,2.4989635676320177e-06,2.746424570432282e-06,0.0,1.1045362953154836e-06,7.438325724251627e-07,1.9788867575698532e-05,4.840500196223729e-07,6.12408121014596e-06,4.595574409904657e-07,5.394591880758526e-06,0.0,5.866037895430054e-07,1.8910264998339699e-07,0.0,0.0,0.0,8.479295502183959e-06,2.4700657377252355e-06,0.0,0.0,0.0,0.0,2.071772314593545e-06,9.481610163675214e-07,0.0,2.0433039935596753e-06,0.0,0.0,0.0,0.0,0.0003436959523241967,9.643079101806507e-05,1.1373880624887533e-05,9.02783631318016e-06,0.0,2.0826482796110213e-05,0.0,0.0,9.147024115918612e-07,0.0,0.0,3.7358887539085117e-07,0.0,0.0,9.26806933421176e-06,1.0393254342488945e-05,6.748504802089883e-06,0.00011770565470214933,0.00010849507816601545,4.520742368185893e-05,1.1503167115733959e-05,0.0,1.6878026144695468e-05,2.3619916191819357e-06,3.925949272343132e-07,2.468131015120889e-06,0.0,0.0,0.0,0.0,0.0,2.1592852306184795e-07,0.0,5.050818572271965e-07,1.1365695172571577e-05,0.0,5.724173661292298e-06,8.117922902783903e-07,0.0,0.00035269331419840455,7.444384095833811e-07,6.550236548719113e-07,0.0,0.0,2.658276935108006e-05,3.015374568349216e-05,3.5465648124954896e-06,0.0,2.499353058738052e-06,5.445113856694661e-05,3.515632670314517e-06,0.00014335813466459513,6.198539631441236e-05,0.0,3.450488657108508e-05,0.0,3.011660510310321e-06,0.0,0.0,0.0,1.3501794455805793e-06,0.0,3.893552730005467e-06,3.3914868708961876e-06,4.0444842852593865e-06
200003,9.113468695431948e-05,9.884129212878179e-07,0.0,0.0,5.966959179204423e-06,1.2991811217943905e-06,1.755800076352898e-05,1.0079834282805678e-05,0.0,0.0,0.0,1.626756670702889e-06,9.26390384847764e-06,2.6586881176626775e-06,5.157106352271512e-05,2.8539998311316594e-06,1.55857178469887e-05,6.734097496519098e-06,1.5640208630429697e-06,1.3188537195674144e-06,5.240244718152098e-07,0.0,4.141955685099674e-07,8.644600711704697e-06,0.0,9.970505743694957e-06,0.0,1.4152119547361508e-05,0.0,4.481704252157215e-07,1.1208612704649568e-06,0.0,1.5816079894648283e-06,5.180643825042353e-07,2.5629702577134594e-05,7.040119726298144e-06,0.0,0.0,0.0,0.0,8.078797691268846e-06,0.0,0.0,0.0,4.7407877445948543e-07,3.2046843898569932e-06,4.015542458546406e-07,1.2853901125708944e-06,0.00028389604995027184,3.693229882628657e-05,2.3325617803493515e-05,0.0,0.0,0.0,0.0,0.0,0.0,0.0,0.0,1.7012960142892553e-06,0.0,1.0254351536786999e-06,2.5861831090878695e-05,6.506673344119918e-06,4.37740118286456e-06,0.00017047350411303341,0.00012533774133771658,8.161181176546961e-05,6.466088507295353e-06,0.0,5.069632607046515e-06,1.0615951850923011e-06,0.0,1.0801708185681491e-06,3.5040759485127637e-06,0.0,0.0,0.0,0.0,0.0,5.613294433715055e-07,0.0,3.1138919439399615e-05,0.0,8.069843715929892e-06,4.485908448259579e-06,0.0,0.000241935282247141,2.774097254132357e-07,0.0,0.0,0.0,1.15597194962902e-05,4.811658072867431e-05,0.0,1.0792533657877357e-06,4.591181095747743e-06,6.185178062878549e-05,2.3574186798214214e-06,0.00013174349442124367,4.277853440726176e-05,0.0,3.3575102861505e-05,0.0,6.167918400024064e-06,0.0,0.0,0.0,4.813377017853782e-06,0.0,7.709634701313917e-06,2.495269200153416e-06,2.231761573057156e-05
200004,7.000577170401812e-05,1.8295448853677954e-06,0.0,3.528136403474491e-06,0.0,6.828939831393654e-07,1.1688385711750016e-05,9.886319276120048e-06,0.0,0.0,0.0,5.264605988486437e-06,2.3692340619163588e-05,0.0,3.188678965670988e-05,1.6613668094578316e-06,2.092482100124471e-05,2.1956227556074737e-06,3.8737081808903895e-07,9.030159162648488e-07,0.0,0.0,1.7496927284810226e-06,1.7231519450433552e-05,1.0284585982844874e-07,1.0398856829851866e-05,1.1839937315016869e-06,1.5582974810968153e-05,0.0,1.3951687378721545e-06,3.0428836339524423e-07,0.0,4.87853242248093e-07,1.0806179489009082e-06,1.5498506400035694e-05,3.1268552902474767e-06,0.0,0.0,0.0,0.0,2.7215448881179327e-06,0.0,8.229087598010665e-07,6.720904934809369e-07,1.071139536179544e-06,0.0,0.0,4.7653330170760455e-07,0.0002371310256421566,2.0476136342040263e-05,1.7235086488653906e-05,1.1009565241693053e-06,0.0,9.755918654263951e-06,0.0,0.0,0.0,2.875942755053984e-07,1.0659421150194248e-06,1.6749129372328753e-06,0.0,2.143699020962231e-06,2.4201606720453128e-05,6.91552759235492e-06,5.086551027488895e-06,0.00019939827325288206,0.0001410526456311345,7.19665622455068e-05,7.713245395279955e-06,0.0,4.561037258099532e-06,2.1043433662271127e-06,0.0,2.5303231723228237e-06,4.47518732471508e-06,0.0,0.0,0.0,0.0,0.0,2.721777491387911e-06,0.0,4.163059202255681e-05,0.0,3.3159760732814902e-06,1.552751086819626e-06,1.0371471717007807e-06,0.00020222700550220907,7.702961397626495e-07,1.2161355016360176e-06,0.0,0.0,8.409150723309722e-06,5.264924402581528e-05,0.0,0.0,6.783299795642961e-06,5.590073487837799e-05,1.2921021834699786e-06,0.000209944904781878,4.6596527681685984e-05,0.0,2.828447031788528e-05,0.0,2.7962335025222274e-06,0.0,0.0,0.0,4.99016778121586e-06,0.0,0.0,3.427515821385896e-06,2.266584306198638e-05
200005,7.691708742640913e-05,2.788898711969523e-07,1.5707379361629137e-06,9.878021955955774e-07,0.0,2.1873563582630595e-06,1.2706803317996673e-05,1.037471793097211e-05,4.999215548195934e-07,8.244661557910149e-07,0.0,3.459473646216793e-06,6.11114883213304e-05,4.5853695951336704e-07,3.455099431448616e-05,2.0260090423107613e-06,2.711870001803618e-05,1.5918881217658054e-06,1.216165173900663e-06,2.7468502139527118e-06,0.0,2.132042482116958e-06,8.926984378376801e-07,2.329044946236536e-05,0.0,7.310500677704113e-06,0.0,7.266644843184622e-06,0.0,1.2214674143251614e-06,0.0,0.0,0.0,5.32539957021072e-07,1.4058216947887558e-05,3.5029163427680032e-06,0.0,0.0,0.0,0.0,9.537483265376068e-07,0.0,8.326743028419514e-08,1.9041257814933488e-07,4.146836261043063e-07,0.0,0.0,0.0,0.00026255042757838964,2.7449965273262933e-05,1.2212029105285183e-05,4.572794750856701e-06,0.0,1.670615529292263e-05,0.0,0.0,0.0,4.089600054157927e-07,0.0,6.213981578184757e-06,0.0,6.817109579060343e-07,1.3912350368627813e-05,3.984368231613189e-05,4.919894308841322e-06,0.00015743488620501012,0.0001118546279030852,8.137294207699597e-05,1.5993608030839823e-05,0.0,1.3054930604994297e-05,3.468419208729756e-06,0.0,4.135003564442741e-06,1.2358549383861828e-06,0.0,0.0,0.0,0.0,0.0,0.0,5.75527849377977e-07,1.511225309513975e-05,0.0,1.702924350865942e-06,7.246408131322823e-07,0.0,0.0003705849521793425,7.483349122594518e-07,0.0,1.1398814194762963e-06,0.0,1.4455943528446369e-05,4.4305052142590284e-05,0.0,0.0,1.928018491526018e-06,1.730511212372221e-05,0.0,0.00017345190281048417,2.3823609808459878e-05,3.4104448332072934e-06,5.0849241233663633e-05,0.0,2.763015118034673e-06,0.0,0.0,0.0,4.315795649745269e-06,0.0,5.090524609840941e-06,6.155843038868625e-06,3.794089570874348e-05
200006,9.8353237262927e-05,6.932833116479742e-07,0.0,6.1263685893209185e-06,4.439766598807182e-06,8.199427270483284e-07,4.430142325873021e-06,1.9440059986663982e-05,0.0,0.0,0.0,2.2099284251453355e-06,2.1469384591910057e-05,1.99934311240213e-06,3.0478413464152254e-05,1.8189583670391585e-06,2.811657395795919e-05,0.0,0.0,4.684359737439081e-06,0.0,9.825173492572503e-07,1.6988036577458843e-06,3.668373392429203e-05,0.0,4.256573447491974e-06,5.517470071936259e-07,5.893612978979945e-06,0.0,6.472058089457278e-07,1.4815908571108594e-06,0.0,2.7149712877871934e-06,0.0,1.2353656529739965e-05,6.376417900355591e-07,0.0,0.0,0.0,0.0,2.410182105450076e-06,0.0,0.0,2.080407028870468e-07,0.0,3.915082288585836e-06,3.079493069435557e-07,0.0,0.00026903313118964434,3.3300002542091534e-05,1.2032170161546674e-05,5.877465810044669e-06,0.0,7.78419416747056e-06,0.0,4.009453959952225e-07,0.0,0.0,0.0,1.8563745243227459e-06,0.0,0.0,1.785298445611261e-05,1.9603561668191105e-05,5.233892807154916e-06,0.00021219710470177233,0.0001626874291105196,7.359639857895672e-05,1.0847425073734485e-05,0.0,4.196736881567631e-06,3.858240688714432e-06,0.0,3.5191485494578956e-06,4.7805015128687955e-06,0.0,0.0,0.0,0.0,0.0,3.0363119662979443e-07,0.0,1.2809797226509545e-05,0.0,5.713742439183989e-07,1.2669038369494956e-06,0.0,0.0003623884404078126,2.0711211163870757e-06,0.0,0.0,0.0,2.522123213566374e-05,4.161964898230508e-05,0.0,3.345148513744789e-07,4.202548097964609e-06,2.90487332677003e-06,8.249733696175099e-07,0.00012352594058029354,3.663401730591431e-05,0.0,4.820187314180657e-05,6.553592015734466e-07,8.107539542834274e-06,0.0,0.0,0.0,2.925887429228169e-06,0.0,6.328413746814476e-06,7.329936579481e-06,4.786420686286874e-05
200007,8.48438503453508e-05,1.528523853266961e-06,4.388109573483234e-06,3.393287215658347e-06,3.362597453815397e-06,3.444918093009619e-06,3.1204278911900474e-06,4.386017280921806e-06,0.0,0.0,0.0,3.986822321166983e-06,0.0002180878072977066,1.2732616596622393e-06,3.2706699130358174e-05,2.0975198822270613e-06,1.6867101294337772e-05,1.1243424751228304e-06,2.0836116618738743e-06,4.1616121961851604e-06,0.0,3.783714532801241e-07,6.279042850110272e-07,3.442391243879683e-05,0.0,3.6408800951903686e-06,0.0,0.0,0.0,1.3809483334625838e-07,3.1187844342639437e-06,0.0,3.877389076478721e-07,0.0,2.188506186939776e-05,3.046605797862867e-06,8.707296501597739e-07,0.0,0.0,0.0,1.32345303427428e-06,0.0,0.0,5.9236668903395184e-08,0.0,4.2567862692521885e-06,0.0,0.0,0.00023803395743016154,5.665170101565309e-05,1.3390247659117449e-05,5.094501375424443e-06,0.0,2.523356442907243e-06,0.0,0.0,0.0,0.0,0.0,1.6997570355670177e-06,0.0,1.161696445706184e-06,1.0296049367752858e-05,4.112884926144034e-05,6.543369181599701e-06,0.00016466474335175008,0.00012392700591590255,7.862900383770466e-05,1.690469798631966e-05,0.0,9.924351616064087e-06,2.836916564774583e-06,7.536773409810849e-07,3.903558535967022e-06,0.0,0.0,0.0,0.0,1.5529727193097642e-07,0.0,7.888621098572912e-07,0.0,1.7163509255624376e-05,0.0,4.962535058439244e-07,9.328131795882655e-07,5.528704036805721e-07,0.0003969110839534551,8.83977065768704e-07,3.0870569389662705e-06,0.0,0.0,3.025786099897232e-05,3.815332820522599e-05,4.2454732351870916e-07,4.16019361182407e-07,9.302779290010221e-06,1.622980789761641e-06,1.2511537761383806e-06,0.0001769468653947115,3.540715988492593e-05,6.309436230367282e-06,1.0093146556755528e-05,3.4728702758002328e-06,7.449486929544946e-06,0.0,0.0,0.0,5.902324119233526e-06,0.0,1.66421687026741e-05,6.731693702022312e-06,3.535505311447196e-05
200008,9.558198507875204e-05,0.0,2.34383401220839e-06,0.0,9.82478240985074e-07,9.481553206569515e-06,3.1589022455591476e-06,4.5171041165303905e-06,0.0,0.0,0.0,1.6191631857509492e-06,0.00014619517605751753,0.0,6.529617530759424e-05,2.4077507987385616e-06,3.229222784284502e-05,2.165655132557731e-06,1.2249385008544778e-06,2.9423301839415217e-06,0.0,4.591886693106062e-07,1.6901335584407207e-06,3.2798590837046504e-05,2.6097035288330517e-07,8.490601430821698e-06,0.0,1.211417270496895e-06,0.0,0.0,4.165814289081027e-07,0.0,1.0011982567448285e-06,0.0,2.6722955226432532e-05,2.0224551917635836e-06,0.0,0.0,4.3990692688566924e-07,0.0,2.1338241822377313e-06,0.0,6.613573191316391e-07,2.2111348130238184e-07,2.4890420036172145e-07,1.1325694686092902e-05,0.0,0.0,0.0002336167817702517,4.087467095814645e-05,2.027712616836652e-05,1.793991714293952e-06,0.0,2.1591793483821675e-05,0.0,0.0,0.0,0.0,2.3689194676990155e-06,0.0,0.0,0.0,1.1142124094476458e-05,3.881815791828558e-05,2.725960257521365e-06,0.00017540331464260817,0.00012683118984568864,8.317634637933224e-05,1.590795181982685e-05,0.0,3.240571459173225e-06,3.2950877084658714e-06,0.0,5.476866249409795e-07,2.155181391572114e-06,0.0,0.0,0.0,0.0,0.0,4.612436441675527e-07,0.0,1.1447593351476826e-05,0.0,5.242308702690934e-07,1.6826912769829505e-06,5.421497917268425e-07,0.0003920353774446994,1.4601115481127636e-06,3.51283074451203e-06,4.2210385799990036e-06,0.0,1.865306512627285e-05,4.7645233280491084e-05,2.362349960094434e-06,6.300003292381007e-07,1.0761707926576491e-05,2.885397179852589e-06,2.9827122034475906e-06,0.000124303565826267,2.783103809633758e-05,6.1999144236324355e-06,1.1378276212781202e-05,0.0,7.039276624709601e-06,0.0,0.0,1.56351438818092e-06,4.462304787011817e-06,0.0,4.36335540143773e-06,3.835762072412763e-06,4.6008204662939534e-05
200009,0.00010225296136923134,0.0,8.153231647156645e-06,3.516196102282265e-06,4.986794010619633e-06,2.8382719392539e-06,5.812289600726217e-06,3.2605998967483174e-06,0.0,0.0,5.881527158635436e-07,1.968361630133586e-06,0.00014613912208005786,1.4330476005852688e-06,4.9331058107782155e-05,1.821880914576468e-06,4.213668580632657e-05,3.949314475448773e-07,0.0,2.6243326374242315e-06,2.9467824447237945e-07,2.1676503365597455e-06,1.9916419091714488e-07,4.174741479801014e-05,4.155099588842859e-07,1.1746048585337121e-05,5.119993033986248e-07,1.884570792753948e-06,0.0,0.0,2.1994335384079022e-06,0.0,0.0,0.0,1.1548089787538629e-05,2.9977468329889234e-06,0.0,0.0,0.0,0.0,1.5347674207077944e-06,0.0,0.0,0.0,9.409357630829618e-07,1.3818514617014444e-06,4.8890524340095e-06,0.0,0.00024978863075375557,2.7554789994610474e-05,1.1284902029728983e-05,4.607730261341203e-06,0.0,4.41588053945452e-06,0.0,0.0,0.0,0.0,0.0,7.285806532308925e-06,0.0,0.0,1.070483176590642e-05,3.759111132239923e-05,5.66190283279866e-06,0.00018353982886765152,0.0001593881897861138,6.244709220482036e-05,1.5420540876220912e-05,6.212846415110107e-07,6.670963557553478e-06,6.244284577405779e-06,0.0,6.167725132399937e-06,1.5768057437526295e-06,0.0,0.0,0.0,9.682726158644073e-07,0.0,0.0,0.0,1.900962342915591e-05,0.0,0.0,0.0,4.939530526826275e-07,0.0003793654905166477,1.9457595499261515e-06,1.4025968084752094e-06,0.0,0.0,2.0109744582441635e-05,3.3569631341379136e-05,0.0,0.0,5.819391390105011e-06,9.58751684265735e-07,1.2101195352443028e-06,0.00011523442663019523,4.976069612894207e-05,4.449839707376668e-06,1.2868722478742711e-05,0.0,7.25734344086959e-06,0.0,0.0,1.1503460655148956e-06,7.506796919187764e-06,0.0,3.595456973926048e-06,3.835754796455149e-06,5.47415875189472e-05
200010,7.960163202369586e-05,0.0,5.8300270211475436e-06,0.0,5.111732207296882e-06,9.406113576915232e-07,4.58794283986208e-06,4.402324520924594e-06,4.3679656300810166e-06,1.9961983070970746e-06,0.0,5.859090492776886e-07,2.6217059712507762e-05,1.1450566717030597e-06,3.519464371493086e-05,0.0,3.823335646302439e-05,1.7301297248195624e-06,8.538272595615126e-07,2.8382501113810576e-06,0.0,4.6037524725761614e-07,7.847002052585594e-07,4.0314600482815877e-05,1.723673790365865e-07,3.5540663247957127e-06,1.1392197620807565e-06,1.2455686828616308e-06,0.0,3.146937217479717e-07,1.6684501815689146e-06,0.0,0.0,0.0,2.567730007285718e-05,4.77650746688596e-06,2.6891308380072587e-07,0.0,0.0,0.0,4.492088919505477e-06,0.0,0.0,0.0,0.0,3.081533805016079e-06,0.0,0.0,0.00024769504670985043,6.693959676340455e-06,6.8343210841703694e-06,2.3982270249689464e-06,0.0,1.5242319022945594e-05,0.0,0.0,0.0,4.613532098574069e-07,8.599208740633912e-07,4.317003913456574e-06,0.0,0.0,5.353258984541753e-06,3.819668563664891e-05,7.2443731369276065e-06,0.0002437069924781099,0.0002149371721316129,8.454361523035914e-05,2.488297104719095e-05,6.354457582347095e-07,1.7516107618575916e-05,1.250136938324431e-05,0.0,5.0903372539323755e-06,0.0,0.0,0.0,2.023002707574051e-06,7.358627271969453e-07,0.0,5.688913233825588e-07,4.901570491711027e-07,3.654314059531316e-05,0.0,0.0,1.446326450604829e-06,0.0,0.00037183467065915465,2.037944568655803e-06,2.075966449410771e-06,0.0,0.0,1.7143343939096667e-05,3.773269781959243e-05,0.0,0.0,2.190452960348921e-06,1.8353078985455795e-06,3.407930535104242e-06,0.00011000505764968693,3.3208609238499776e-05,6.311479864962166e-06,6.237455181690166e-06,0.0,6.6946754486707505e-06,0.0,0.0,0.0,0.0,0.0,4.934484877594514e-06,8.061779226409271e-06,5.048471211921424e-05
200011,0.00012575187429320067,0.0,4.157472631050041e-06,0.0,4.935673587169731e-06,3.120640485576587e-06,3.8097396100056358e-06,1.3926926840213127e-05,0.0,7.236057513182459e-07,0.0,5.297302436702012e-07,1.9583963876357302e-05,6.240707079996355e-06,3.694309270940721e-05,6.719704288116191e-06,8.17761174403131e-05,8.238271220761817e-07,6.653539799117425e-07,2.289379153808113e-06,0.0,6.62310128518584e-07,1.8034579625236802e-06,2.784045136650093e-05,2.0404749534463917e-07,1.5795008948771283e-05,0.0,0.0,2.4024552658374887e-06,1.6375192046780285e-07,2.3742177290841937e-06,0.0,7.858220101297775e-07,0.0,2.4955566914286464e-05,6.280941306613386e-06,3.9597986756234604e-07,0.0,0.0,0.0,6.6000575316138566e-06,0.0,0.0,0.0,0.0,2.0022353055537678e-05,0.0,1.480359742345172e-06,0.00014696574362460524,9.640344615036156e-06,9.36257765715709e-06,2.3739887637930224e-06,0.0,1.9247187083237804e-05,0.0,0.0,0.0,0.0,3.063672011194285e-06,1.1107151294709183e-05,0.0,0.0,2.7645493901218288e-05,1.8741815438261256e-05,2.416661573079182e-06,0.00029810992418788373,0.0002556826511863619,9.380715346196666e-05,3.31339833792299e-05,5.279587753648229e-07,2.6692950996221043e-05,2.7438038159743883e-05,0.0,8.20995592221152e-06,7.813306183379609e-06,0.0,0.0,2.046398776656133e-06,0.0,1.238254071722622e-06,2.2470396743301535e-06,0.0,2.7124473490403034e-05,0.0,1.8925032918559737e-06,7.279746796484687e-07,0.0,0.0003111847036052495,1.1155385664096684e-06,1.7752640246726514e-07,0.0,0.0,1.6074800441856496e-05,5.104622687213123e-05,0.0,0.0,3.820731762971263e-06,4.0374050058744615e-07,0.0,5.141242945683189e-05,1.3401731848716736e-05,1.1176108273502905e-05,0.0,3.1008162295620423e-06,9.919439207806136e-07,0.0,0.0,1.1608028671616921e-06,1.0791815157062956e-06,0.0,1.6692530380169046e-06,5.5513291954412125e-06,7.771520176902413e-05
200012,0.00019652035553008318,8.166909992723959e-07,0.0,0.0,2.077937324429513e-06,5.572138093157264e-07,2.324687102372991e-06,8.981062933344219e-07,1.2568949387059547e-05,2.279432692375849e-06,7.750284680696495e-07,1.6385252820327878e-05,2.9254779292386957e-06,1.853752223723859e-06,3.284396370872855e-05,2.951347596535925e-06,4.894460289506242e-05,4.844449449592503e-06,0.0,1.8734301647782559e-06,0.0,0.0,4.716623891454219e-07,1.0711111826822162e-05,0.0,2.9993221687618643e-05,0.0,6.354871402436402e-07,1.2413142940204125e-06,0.0,2.1433791062008822e-06,0.0,2.379241550443112e-06,0.0,2.6961082767229527e-05,2.8035037757945247e-05,9.70053292803641e-07,0.0,1.3054230976194958e-06,0.0,2.8675962312263437e-05,0.0,3.0172855076671112e-06,7.2580314736114815e-06,0.0,2.2078027541283518e-05,0.0,2.1526952878048178e-06,8.318172331200913e-05,0.0,8.030297067307401e-06,2.1141424895176897e-06,0.0,3.895952249877155e-05,0.0,0.0,0.0,0.0,1.8132245713786688e-06,1.1701650691975374e-05,0.0,0.0,6.314655183814466e-05,8.024423550523352e-06,4.5448205128195696e-06,0.0003644952375907451,0.00029441234073601663,0.0001112629470298998,1.200229144160403e-05,4.745267233374761e-06,5.912119831918972e-06,1.2374633115541656e-05,0.0,1.7387099433108233e-05,0.0,0.0,0.0,0.0,1.966910986084258e-06,0.0,2.171570940845413e-06,0.0,4.2825762648135424e-05,0.0,0.0,2.6734919629234355e-06,0.0,0.0001672568905632943,5.371682163968217e-06,1.3676946082341601e-06,0.0,1.2050509212713223e-06,1.267870993615361e-05,3.661347727756947e-05,1.4264904848459992e-06,0.0,1.5965526927175233e-06,4.797913106813212e-07,1.8090779576596105e-06,0.00012108324153814465,2.065866647171788e-05,1.2581342161865905e-05,4.166592134424718e-06,0.0,3.545928393577924e-06,0.0,0.0,0.0,2.650544729476678e-06,0.0,1.1496279057610082e-06,5.288300144457025e-07,2.6669340513763018e-05
200101,0.00012541093747131526,3.4508022963564144e-06,3.575786422516103e-06,2.7844221222039778e-06,3.3192849514307454e-05,8.827977580949664e-06,5.0328808356425725e-06,8.969239388534334e-06,5.926243829890154e-06,5.845062332809903e-06,2.9600817015307257e-06,1.0974436918331776e-05,2.6078307200805284e-05,6.252350431168452e-06,5.836308264406398e-05,7.5957400440529454e-06,9.13854455575347e-05,9.529654562356882e-06,3.035797135453322e-06,1.1556890967767686e-05,1.0641518883858225e-06,1.9435135527601233e-06,2.6963191430695588e-06,1.2554999557323754e-05,2.4806845431157853e-06,1.4525858205161057e-05,1.2084922218491556e-06,3.0321791655296693e-06,8.92243224370759e-06,1.4226387747839908e-06,6.420747013180517e-06,9.964973060050397e-07,1.5453919331775978e-05,3.520977998050512e-06,4.653057112591341e-05,1.4697422557219397e-05,2.077840917991125e-06,2.179049261030741e-07,9.20396928449918e-07,1.1901577181561152e-06,1.827868072723504e-05,2.463939381414093e-06,3.1711479095974937e-06,5.806709395983489e-06,3.216527147742454e-06,3.322123666293919e-05,1.4104492038313765e-05,7.1401832428819034e-06,0.00015815782535355538,1.112078007281525e-05,1.30156886370969e-05,2.7316906198393553e-05,0.0,7.46688456274569e-05,1.046082843458862e-06,1.895528043860395e-06,1.339050754722848e-06,3.6512440146907466e-06,6.858458164060721e-06,3.3937096304725856e-05,2.1798339275846956e-06,6.637562819378218e-06,4.300036744098179e-05,6.903828034410253e-05,1.3446834600472357e-05,0.0003677948552649468,0.0003705650451593101,0.00010620021203067154,5.526308814296499e-05,9.684310498414561e-06,4.246051685186103e-05,2.531962854845915e-05,1.1148287057949346e-06,5.856612551724538e-05,2.0285542632336728e-05,5.237800451141084e-07,0.0,5.5990003602346405e-06,3.1720383049105294e-06,1.7110205590142868e-06,6.1717328208032995e-06,5.254402367427247e-06,9.009544737637043e-05,3.3732494557625614e-06,9.10647304408485e-06,3.6610701954487013e-06,7.835951691959053e-06,0.0002556084655225277,6.249838406802155e-06,1.1905389328603633e-05,5.996065283397911e-06,5.4406741583079565e-06,9.894863069348503e-06,8.174536924343556e-05,9.794453035283368e-06,7.2830943054214e-07,9.290592970501166e-06,9.141016562352888e-06,5.1706556405406445e-06,0.00019697252719197422,1.8224691302748397e-05,3.6391564208315685e-05,2.6428182536619715e-05,3.589480184018612e-05,1.5408350009238347e-05,1.299305836255371e-06,1.7536048062538612e-06,2.3450850221706787e-06,1.0719573765527457e-05,0.0,8.88835438672686e-06,2.743918048508931e-05,6.288528675213456e-05
200102,0.00012037167471135035,3.090996415267e-06,1.3019835023442283e-06,3.8413463698816486e-06,4.017942774225958e-05,1.4339882000058424e-05,8.195502232410945e-06,4.485521458263975e-06,9.190807759296149e-06,1.8332462786929682e-05,7.9446272138739e-06,1.1795878890552558e-05,0.0001749059301801026,4.895008714811411e-06,6.855340325273573e-05,3.4718908864306286e-05,0.0001252522342838347,2.1648244000971317e-05,2.882810122173396e-06,1.7178472262457944e-05,6.922762622707523e-06,1.726752543618204e-06,7.367215744125133e-07,6.212227162905037e-06,4.824885309062665e-06,2.133811722160317e-05,1.2321016811256413e-06,4.196721874905052e-06,5.043376859248383e-06,1.3235019196145004e-06,6.596671028091805e-06,2.3645114310966164e-07,3.108664895989932e-05,4.885784164798679e-06,1.3971617590868846e-05,3.170219497405924e-05,3.4213028357044095e-06,0.0,8.360168067156337e-06,3.88654541438882e-07,3.8408918044297025e-05,1.4945790098863654e-06,2.2130802790343296e-06,1.5201726455416065e-05,3.863900928990915e-06,6.166216189740226e-05,8.77913862495916e-06,6.3591896832804196e-06,5.311459972290322e-05,1.197700112243183e-05,2.934940675913822e-05,2.1510084479814395e-05,0.0,7.79100155341439e-05,3.9061157508513134e-07,3.235361191400443e-06,7.643172921234509e-07,2.425980028419872e-06,7.4691674853966106e-06,3.474284312687814e-05,4.935414381179726e-06,6.214504537638277e-06,8.865763811627403e-05,4.0844584873411804e-05,1.0102899068442639e-05,0.0003429825301282108,0.000501990201883018,0.00013275501260068268,5.7779328926699236e-05,7.177567113103578e-06,3.3888674806803465e-05,2.561402288847603e-05,2.0330885490693618e-06,2.495902663213201e-05,7.723109592916444e-05,3.134489361400483e-07,0.0,3.934570941055426e-06,1.7447937352699228e-06,1.6113261835926096e-06,7.326635113713564e-06,1.6486800404891255e-06,0.00016102084191516042,2.9299505968083395e-06,2.4616325390525162e-05,3.4433448945492273e-06,5.628656708722701e-06,0.00011900741083081812,7.927123078843579e-06,5.269725988910068e-06,5.867738764209207e-06,5.060956937086303e-06,5.76937964069657e-06,8.046984294196591e-05,6.543204108311329e-06,4.923994652017427e-07,2.165668956877198e-05,8.241721843660343e-06,8.491944754496217e-06,0.0002247690426884219,1.1135106433357578e-05,3.293761983513832e-05,2.4571179892518558e-05,8.612405508756638e-06,2.0289002350182272e-05,4.055742010677932e-06,3.3440571769460803e-06,3.807820121437544e-06,8.523116775904782e-06,4.034085918647179e-07,5.85580301049049e-06,1.842544588726014e-05,5.0641203415580094e-05
200103,0.0001172636475530453,2.779859187285183e-06,1.6324015632562805e-06,5.348196282284334e-06,2.942062019428704e-05,1.889419036160689e-05,1.1507183444336988e-05,8.850763151713181e-06,3.81926793124876e-06,2.9150496629881673e-06,3.814370074906037e-06,7.86578584666131e-06,4.5273398427525535e-05,8.92846037459094e-06,6.847676559118554e-05,2.3513191990787163e-05,0.00011716059088939801,1.2278434951440431e-05,2.6236184567096643e-06,1.1884369087056257e-05,1.939916273840936e-06,3.230390120734228e-06,1.950970727193635e-06,9.883116035780404e-06,5.6315634537895676e-06,2.3567969037685543e-05,1.5923524188110605e-06,2.0026213860546704e-06,3.5957516502094222e-06,4.191959305899218e-06,4.951034952682676e-06,5.196649794925179e-07,2.0813537048525177e-05,1.909528918986325e-06,2.952142313006334e-05,1.628900645300746e-05,2.0189561382721877e-06,0.0,3.0668111321574543e-06,1.3235597862149007e-06,3.136976374662481e-05,1.0936726084764814e-06,2.6164864266320365e-06,2.530296114855446e-06,3.1928232147038216e-06,6.253851461224258e-05,2.3134718503570184e-05,1.2556882211356424e-05,0.00013474079605657607,3.580605334718712e-05,2.954211231553927e-05,4.59478615084663e-05,0.0,8.878060907591134e-05,2.3243823932261876e-07,6.162212571325654e-07,8.103091886368929e-07,3.304476194898598e-06,1.326902383880224e-05,3.666136763058603e-05,4.283064754417865e-06,3.071375658691977e-06,6.094934360589832e-05,5.44035792700015e-05,7.013117738097208e-06,0.00039467509486712515,0.00037483361666090786,0.00012960826279595494,3.313057459308766e-05,7.728752279945184e-06,6.195136666065082e-05,2.9488712243619375e-05,1.0342715768274502e-06,2.869031777663622e-05,4.787290163221769e-05,1.0453716186020756e-06,0.0,2.095946911140345e-06,3.97107214666903e-06,2.0475019937293837e-06,3.399003844606341e-06,3.3067217373172753e-06,0.00011062205885536969,1.8020598417933797e-06,2.581429907877464e-05,5.544581199501408e-06,8.497336239088327e-06,0.00016852558474056423,8.779566087468993e-06,5.626010533887893e-06,6.465782917075558e-06,4.5080601012159605e-06,1.0204295904259197e-05,4.4900854845764115e-05,4.710205757874064e-06,5.461678256324376e-07,1.3883332940167747e-05,6.8157278292346746e-06,2.814537310769083e-06,0.00018165490473620594,3.2222385925706476e-05,2.5645493224146776e-05,4.467327380552888e-05,4.675131549447542e-06,1.4507652849715669e-05,2.7411404062149813e-06,8.138436555782391e-07,5.197401605983032e-06,9.931302884069737e-06,2.650119199643086e-07,8.880641871655826e-06,1.292358138016425e-05,3.9600701711606234e-05
200104,0.00010505195677978918,3.0330643312481698e-06,1.970599896594649e-06,3.885167643602472e-06,3.387367905816063e-05,8.799572242423892e-06,1.0880420632020105e-05,6.72426449455088e-06,1.8703422028920613e-05,6.060443411115557e-06,4.4417997742129955e-06,3.816081516561098e-06,1.145244368672138e-05,3.7073396015330218e-06,9.520352614345029e-05,1.4024797565070912e-05,9.55047580646351e-05,8.213794899347704e-06,5.400009740696987e-06,1.2046600204485003e-05,2.9926861770945834e-06,3.103252311120741e-06,1.8416285456623882e-06,1.1740409718186129e-05,3.7357594919740222e-06,2.7468935513752513e-05,7.792870633238635e-07,2.161774318665266e-06,2.982896148751024e-06,6.984250376262935e-06,8.066556802077685e-06,4.996686584490817e-07,1.0082947483169846e-05,9.708679499453865e-06,3.209070200682618e-05,1.2923367648909334e-05,1.9624224023573333e-06,0.0,5.283535301714437e-06,8.472458148389705e-07,2.508782927179709e-05,1.4185129657562356e-06,3.08078278976609e-06,5.122977654536953e-06,3.6342341900308384e-06,3.2232368539553136e-05,2.4562843464082107e-05,8.315946615766734e-06,0.00020776801102329046,0.00015884838649071753,2.8535365345305763e-05,0.00010451355046825483,4.851723133469932e-06,8.534119842806831e-05,0.0,2.260518158436753e-06,1.952621460077353e-06,3.39622806677653e-06,8.350043572136201e-06,3.08478411170654e-05,1.8655496205610689e-06,3.2501966416020878e-06,4.7594170609954745e-05,6.304706766968593e-05,1.0648529496393166e-05,0.0004121784586459398,0.00031373079400509596,0.0001051748768077232,4.457968316273764e-05,2.8635179205593886e-06,2.612666503409855e-05,3.110953912255354e-05,8.500318244841765e-07,3.78165568690747e-05,1.1473045560705941e-05,5.963514126960945e-07,0.0,4.4460534809331875e-06,3.6564749734679936e-06,1.011719973575964e-06,4.896360223938245e-06,1.90919286069402e-06,7.262436702148989e-05,1.6698257923053461e-06,1.1785382412199397e-05,5.820936621603323e-06,1.821026671677828e-05,0.0002853262412827462,6.555497293447843e-06,8.242311196227092e-06,7.917868060758337e-06,4.56406314697233e-06,7.585107141494518e-06,6.1711274611298e-05,5.365160632209154e-06,8.311429837704054e-07,1.7389595086569898e-05,9.32908005779609e-06,9.763934940565377e-06,0.00020041746029164642,2.0846440747845918e-05,3.257250500610098e-05,9.793410572456196e-05,2.9632506993948482e-05,1.2099641025997698e-05,1.3104855725032394e-06,1.2544479659482022e-06,2.758276650638436e-06,4.771466592501383e-06,1.125725219708329e-07,7.371665105893044e-06,1.4389587704499718e-05,5.6726148613961414e-05
200105,8.44724927446805e-05,6.878512976982165e-06,2.770319724731962e-06,5.805316959595075e-06,3.8186542951734737e-05,1.2941111890540924e-05,5.975789918011287e-06,1.1479030945338309e-05,7.379473572655115e-06,1.4931314581190236e-05,2.9019702196819708e-06,7.713609193160664e-06,5.524556399905123e-05,3.594909685489256e-06,0.00011803771485574543,7.839280442567542e-06,7.709630881436169e-05,5.234108812146587e-06,2.1923522126598982e-06,1.9210001482861117e-05,1.9541735127859283e-06,1.9106155377812684e-06,1.517521241112263e-06,1.1869771697092801e-05,1.8085110013998928e-06,1.0603869668557309e-05,4.5156963324188837e-07,2.3910063191578956e-06,1.3028591183683602e-06,6.378153102559736e-06,1.2226028047734872e-05,3.4405164228701324e-07,1.0252913853037171e-05,1.717440682114102e-05,2.8948219551239163e-05,1.1183835340489168e-05,4.741580596601125e-06,0.0,9.927565542966477e-07,7.418310019602359e-07,1.5623820218024775e-05,4.135702511121053e-06,3.6747983358509373e-06,3.845236278721131e-06,4.101048943994101e-06,8.847724529914558e-06,4.226740657031769e-06,1.709017851680983e-05,0.00023058027727529407,0.00015781354159116745,2.0442279492272064e-05,9.74323193076998e-05,1.2374777725199237e-05,6.53950628475286e-05,0.0,2.1128471416886896e-06,0.0,1.3191861398809124e-06,4.071549028594745e-06,1.848746251198463e-05,6.197053608048009e-07,2.375342319282936e-06,2.559684253355954e-05,9.277788922190666e-05,1.1252359399804845e-05,0.0003577519964892417,0.00027663016226142645,0.0001212326533277519,5.9279849665472284e-05,3.7713205074396683e-06,2.0832218069699593e-05,3.919488881365396e-05,7.919526296973345e-07,4.427421299624257e-05,1.3288390618981794e-05,1.374965705736031e-07,0.0,5.365212473407155e-06,4.760300271300366e-06,2.762073791018338e-06,4.798119334736839e-06,1.3213035572334775e-06,5.0959311920451e-05,3.964102234021993e-06,5.6907224461610895e-06,7.275788902916247e-06,1.748801332723815e-05,0.00040359440026804805,7.444882612617221e-06,1.0941097571048886e-05,9.01340627024183e-06,5.71000600757543e-06,7.93704475654522e-06,8.096991223283112e-05,1.4146661669656169e-05,7.293645012396155e-07,2.2513440853799693e-05,1.0159374141949229e-05,1.601699841558002e-05,0.00024377134104724973,2.3174205125542358e-05,3.4763754229061306e-05,8.815836918074638e-05,2.9056682251393795e-05,8.321337190864142e-06,7.667203476557916e-07,1.2613730859811767e-06,1.5362891190306982e-06,1.0137538993149064e-05,4.6780289153502963e-07,1.2309250450925902e-05,2.9930710297776386e-05,5.530276393983513e-05
200106,0.00011426081618992612,1.9322551452205516e-06,1.686707946646493e-06,6.716862571920501e-06,3.2555988582316786e-05,1.4318154171633068e-05,8.09182984085055e-06,1.1570856258913409e-05,1.5185268239292782e-05,8.160548532032408e-06,5.097629582451191e-06,4.200613147986587e-06,4.10490101785399e-05,3.936792381864507e-06,9.711558232083917e-05,1.1294820069451816e-05,9.179329208564013e-05,1.1722006092895754e-05,1.9141994016536046e-06,1.2696631529252045e-05,1.2494268730733893e-06,5.6030580708466005e-06,1.7706396420180681e-06,9.594847142579965e-06,2.135713430106989e-06,2.25219591811765e-05,1.1895206171175232e-06,2.4818941710691433e-06,3.293461304565426e-06,1.2994948974665022e-06,1.9836725186905824e-05,1.1754967772503733e-06,1.5733636246295646e-05,1.1167596312589012e-05,2.7105827030027285e-05,1.786777465895284e-05,2.008611318160547e-06,0.0,2.4159576241800096e-06,8.196691965167702e-07,1.6753952877479605e-05,1.407286049470713e-06,3.386321168363793e-06,4.743070348922629e-06,3.1302311072067823e-06,1.865033664216753e-05,1.5940859157126397e-05,6.862429472676013e-06,0.00022335891844704747,0.0001008690451271832,3.4268221497768536e-05,0.00011578858538996428,0.0,8.413729665335268e-05,4.5076205879013287e-07,4.3350684109100257e-07,5.549291586248728e-07,2.9359716791077517e-06,6.107144599809544e-06,3.4841272281482816e-05,2.9310167519724928e-06,6.762550128769362e-06,6.129437679192051e-05,7.407020166283473e-05,8.858076398610137e-06,0.00041279022116214037,0.00032320283935405314,0.00012019616406178102,8.230595994973555e-05,2.7036162464355584e-06,4.113413888262585e-05,3.1662257242714986e-05,1.1460298310339567e-06,6.688717985525727e-05,1.154626443167217e-05,8.209475765852403e-08,0.0,6.811557341279695e-06,3.7387205793493195e-06,1.7326954093732638e-06,4.542054739431478e-06,3.905898665834684e-06,8.191505185095593e-05,4.112528586119879e-06,1.246391093445709e-05,6.536643013532739e-06,7.762459972582292e-06,0.00027204432990401983,9.01751536730444e-06,1.0014068720920477e-05,8.344280104211066e-06,3.9176120480988175e-06,6.144005055830348e-06,6.248116551432759e-05,2.552872319938615e-05,6.300257382463315e-07,1.4392231605597772e-05,5.647253601637203e-06,1.099585642805323e-05,0.0001742069434840232,2.5132574592134915e-05,5.002337638870813e-05,5.1259736210340634e-05,1.1131268365716096e-05,1.4625028597947676e-05,2.2128617729322286e-06,1.5910717365841265e-06,2.4469914023939054e-06,5.697004780813586e-06,0.0,1.0690958333725575e-05,4.511715087573975e-05,6.140649929875508e-05
200107,0.00011381285730749369,8.720886057744792e-07,2.0906393274344737e-06,8.437274118477944e-06,2.8136548280599527e-05,1.81254799827002e-05,8.791701475274749e-06,2.6803404580277856e-06,2.2415148123400286e-05,1.168780272564618e-05,3.38981067216082e-06,8.109895134111866e-06,4.099964280612767e-05,8.338697625731584e-06,0.000105196115327999,8.139611963997595e-06,9.981162293115631e-05,1.0539540198806208e-05,2.7986768600385403e-06,1.9186403733328916e-05,1.5861469364608638e-06,2.7003184186469298e-06,2.2549083951162174e-06,1.0750083674793132e-05,1.2282911256988882e-06,1.4773703696846496e-05,1.7288340359300491e-06,3.862240646412829e-06,1.9623005300672958e-06,4.729403372039087e-06,1.8594313587527722e-05,5.032616172684357e-07,1.596953188709449e-05,9.206603863276541e-06,3.343421849422157e-05,2.0524108549579978e-05,1.8540952169132652e-06,1.2150955797096685e-07,3.729039235622622e-06,1.363660658171284e-06,1.3469024452206213e-05,3.910560280928621e-06,2.154575440727058e-06,5.340157713362714e-06,3.6841204291704344e-06,4.205111326882616e-05,2.6758594685816206e-05,2.080495141854044e-05,0.00025489178369753063,0.00013011433475185186,3.8330035749822855e-05,5.411527308751829e-05,2.514841810352664e-07,7.406657823594287e-05,0.0,1.1048402939195512e-06,3.406415487461345e-07,3.1029330784804188e-06,4.199018349027028e-06,2.434900488879066e-05,1.0447124623169657e-06,7.06695709595806e-06,6.00982311880216e-05,8.058595267357305e-05,6.789407052565366e-06,0.0004319210711400956,0.00028967068647034466,0.00014681184256915003,9.01188759598881e-05,1.2089583378838142e-06,3.434977770666592e-05,2.9055696359137073e-05,1.142684254773485e-06,5.028317900723778e-05,1.4002400348545052e-05,2.185127243592433e-07,0.0,6.568728622369235e-06,1.2009433021376026e-06,4.384929525258485e-06,3.774175638682209e-06,1.9186875306331785e-06,6.594504520762712e-05,2.8449785531847738e-06,8.480109499942046e-06,3.938829649996478e-06,1.5243005691445433e-05,0.0003293078625574708,1.0079516869154759e-05,7.166595878516091e-06,7.91334969107993e-06,6.135282092145644e-06,5.702355792891467e-06,4.5608663640450686e-05,1.6085894458228722e-05,8.748993991503085e-07,1.846737904998008e-05,1.0487325198482722e-05,1.8143780835089274e-05,0.00013873347779735923,2.6526438887231052e-05,5.098867040942423e-05,8.153640374075621e-05,1.6273943401756696e-05,1.336727655143477e-05,1.4053659924684325e-06,2.334924374736147e-06,6.128077984612901e-06,4.231988441460999e-06,0.0,1.2479610631999094e-05,5.270843394100666e-05,7.38178423489444e-05
200108,0.00010473807924427092,2.8482959351094905e-06,2.240618869109312e-06,6.676745670119999e-06,2.8696626031887718e-05,1.982138564926572e-05,1.0725926586019341e-05,1.6261727068922482e-05,2.2732836441718973e-05,1.1765775525418576e-05,5.120261448610108e-06,2.979426653837436e-06,5.152740050107241e-05,5.216578756517265e-06,8.890527533367276e-05,1.0598922926874366e-05,9.882540325634181e-05,1.346461613138672e-05,1.716361680337286e-06,1.8091257516061887e-05,3.3746382541721687e-06,1.373430336570891e-06,1.7020145151036559e-06,1.0806764294102322e-05,2.451116642987472e-06,1.3704122466151603e-05,6.595119543817418e-07,3.108142664132174e-06,4.091656592208892e-06,5.305297236191109e-06,1.7025329725584015e-05,4.085913474227709e-07,9.406637218489777e-06,1.2020530448353384e-05,2.8909111279062927e-05,2.2256321244640276e-05,3.0506678285746602e-06,0.0,3.73253669749829e-06,1.2474583854782395e-06,1.2770158718922175e-05,1.8031723811873235e-06,4.861218712903792e-06,3.738109853657079e-06,1.3958716635897872e-06,2.6772646378958598e-05,3.6250661651138216e-05,6.800626579206437e-06,0.00019921528291888535,0.00013344493345357478,3.51440321537666e-05,4.272854857845232e-05,0.0,0.00014148671471048146,0.0,2.2714339138474315e-06,2.8034903607476735e-06,4.231493221595883e-06,7.386807737930212e-06,2.5773422748898156e-05,5.377606839829241e-07,4.450026153790532e-06,6.684169784421101e-05,7.944938261061907e-05,4.804784111911431e-06,0.00048020650865510106,0.00032782828202471137,0.00014581439609173685,8.358300692634657e-05,1.5638321428923518e-06,2.415143171674572e-05,4.4859425543108955e-05,1.151806714005943e-06,0.00010062329965876415,6.672541530861054e-06,7.168864044615475e-07,0.0,8.19978322397219e-06,2.253831326015643e-06,1.2340070725258556e-06,2.6998170596925775e-06,4.5829858663637424e-07,7.458227628376335e-05,7.872246897022706e-06,1.3788192518404685e-05,2.6815464480023365e-06,1.674365012149792e-05,0.00026331550907343626,7.753393219900317e-06,5.9037774917669594e-06,5.451414835988544e-06,4.514669853961095e-06,2.1369924070313573e-06,3.448389907134697e-05,1.2867447367170826e-05,1.371321900478506e-06,1.4049049241293687e-05,3.0455062187684234e-06,1.2887063348898664e-05,0.00017860175285022706,1.675698149483651e-05,3.0087961931712925e-05,4.678147888625972e-05,4.3398587877163664e-05,1.4614221299780183e-06,1.2687847856795997e-06,2.1232074232102605e-06,1.5310348544517183e-06,5.502622116182465e-06,0.0,1.4751090020581614e-05,7.1798000135459e-05,6.284475239226595e-05
200109,0.00010852214472834021,2.3169156975200167e-06,3.2415232453786302e-06,6.664898137387354e-06,2.831606616382487e-05,1.8785325664794073e-05,1.0733014278230257e-05,1.0364419722463936e-05,2.0261575627955608e-05,1.0643230780260637e-05,4.276425897842273e-06,9.358526767755393e-06,6.348152965074405e-05,3.669318857646431e-06,6.781377305742353e-05,1.1014639312634245e-05,8.724186773179099e-05,1.0734279385360423e-05,2.6660165985958884e-06,2.5634682970121503e-05,4.037496182718314e-06,2.0111679077672306e-06,2.00345220946474e-06,1.0458252290845849e-05,4.6867812670825515e-06,1.1442651157267392e-05,1.851301931310445e-06,3.455173782640486e-06,6.449225793403457e-07,2.1444220692501403e-06,1.9591399905038998e-05,5.55803808310884e-07,1.2570610124384984e-05,3.1858598958933726e-05,2.548941301938612e-05,2.229179153800942e-05,7.076046131260227e-06,0.0,4.1106404751189984e-06,2.8061676857760176e-06,1.8437791368342005e-05,7.556266609753948e-06,3.0861626783007523e-06,3.968764303863281e-06,5.072707608633209e-06,2.7359601517673582e-05,2.6944877390633337e-05,2.077026329061482e-05,0.00022484779765363783,0.00011843631364172325,2.668760862434283e-05,2.6144420189666562e-05,8.306103040922608e-07,7.979432120919228e-05,5.169387691239535e-07,3.026184685950284e-06,1.471682480769232e-06,2.470794470355031e-06,3.3073044960474363e-06,2.17791493923869e-05,7.84174801538029e-07,6.010927791066933e-06,4.0935785364126787e-05,8.810673898551613e-05,8.70374424266629e-06,0.0004637851379811764,0.0003156604652758688,0.00016385133494623005,8.787871047388762e-05,2.0204954580549384e-06,3.1070783734321594e-05,4.6053672122070566e-05,1.53967062033189e-06,0.00012362035340629518,1.3170352758606896e-05,7.675053552702593e-07,0.0,6.925495199539e-06,2.4079104150587227e-06,2.3296079234569333e-06,2.115350753228995e-06,1.940075890161097e-06,8.752800931688398e-05,4.938297024636995e-06,1.1482230547699146e-05,3.308087116238312e-06,2.2800064471084625e-05,0.0002576828992459923,4.0616951082483865e-06,6.638710601691855e-06,9.817119462240953e-06,3.8641692299279384e-06,1.1446757525845896e-05,2.8648561055888422e-05,1.1217212886549532e-05,2.933139455763012e-07,1.625651930226013e-05,1.1600129255384672e-05,7.764321708236821e-06,0.00018799910321831703,2.20713500311831e-05,9.681769370217808e-06,0.0001374118437524885,5.1711147534660995e-05,1.0538678907323629e-05,1.0462138106959173e-06,1.4156976249068975e-06,3.3799256016209256e-06,6.744259735569358e-06,1.7791350614970725e-07,9.9363114713924e-06,3.98768279410433e-05,4.958317003911361e-05
200110,7.281010039150715e-05,3.1670649605075596e-06,3.4344436699029757e-06,1.851128581620287e-05,4.039251143694855e-05,2.631593815749511e-05,1.2446132132026833e-05,4.7393868953804485e-06,1.490774502599379e-05,6.7900259637099225e-06,4.494449513003929e-06,1.7845975889940746e-05,0.0001517956843599677,1.5369648735941155e-06,8.224378689192235e-05,4.164505753578851e-06,6.822738941991702e-05,6.442191079258919e-06,2.3939539914863417e-06,2.1614989236695692e-05,6.386671884683892e-06,1.699123117759882e-06,3.3023188734659925e-06,1.3531456716009416e-05,4.60462524642935e-06,1.6716756363166496e-05,1.1912260333701852e-06,1.5125143590921653e-06,1.4933145848772256e-06,1.891005240395316e-06,3.134555299766362e-05,1.2131589528507902e-06,1.4847968486719765e-05,3.6980552977183834e-05,3.533147173584439e-05,1.0427414053992834e-05,7.464351256203372e-06,0.0,2.401220626779832e-06,9.084018302019103e-07,7.65749609854538e-06,5.236640845396323e-06,2.1679120436601806e-06,3.218045094399713e-06,1.980386059585726e-06,1.760203485901002e-05,2.4096985725918785e-05,3.5856504837283865e-05,0.0002590157382655889,0.00017418355855625123,2.370412039454095e-05,5.1317852921783924e-05,1.7805963352657272e-06,5.646407589665614e-05,7.214125474774846e-08,2.2687536329613067e-06,6.222471711225808e-07,1.5437681213370524e-06,1.980894012376666e-06,9.104039236262906e-06,4.108998837182298e-06,4.287412139092339e-06,1.9268174582975917e-05,7.945972174638882e-05,1.1506400369398762e-05,0.00043748694588430226,0.00030150229576975107,0.00017216551350429654,0.00010480381024535745,1.8823271830115118e-06,3.67045468010474e-05,4.379405436338857e-05,1.7037674524544855e-06,7.576064672321081e-05,3.056339846807532e-05,8.438468057647697e-07,0.0,1.5595467630191706e-05,4.409914254210889e-06,3.011569560840144e-06,2.797570687107509e-06,1.86422926162777e-06,5.856164716533385e-05,3.064733391511254e-06,1.5194887055258732e-05,5.156259248906281e-06,1.1085682672273833e-05,0.00031692651100456715,9.185663657262921e-06,9.446685908187646e-06,1.068865731213009e-05,3.847449988825247e-06,8.238735972554423e-06,4.222261122777127e-05,2.1223009753157385e-05,9.899956694425782e-07,1.68195620062761e-05,1.8558273950475268e-05,4.62764819531003e-06,0.00013969725114293396,2.411300374660641e-05,2.8030626708641648e-05,0.0001066684490069747,6.557274900842458e-05,8.317921128764283e-06,0.0,8.429177000834898e-07,5.952051651547663e-06,7.849069334042724e-06,0.0,1.2781402801920194e-05,4.341890598880127e-05,4.954739779350348e-05
200111,4.70003105874639e-05,1.5526574088653433e-06,2.6656261979951523e-06,1.078135483112419e-05,1.5189315490715671e-05,3.9366470446111634e-05,1.196263747260673e-05,4.5116084947949275e-06,3.3681360491755186e-06,9.957793736248277e-06,4.257091404724633e-06,1.3324429346539546e-05,0.0006426969775930047,1.0099875908053946e-05,7.169372838689014e-05,4.695088591688545e-06,5.936094021308236e-05,1.3323674465937074e-05,1.92235097529192e-06,4.1462080844212323e-05,5.9168464758840855e-06,7.231089398374024e-07,4.685846306529129e-06,1.1218147847102955e-05,3.5845307593262987e-06,5.997755579301156e-06,1.4126139831205364e-06,5.3755038607050665e-06,5.573455723606457e-07,2.4854632556525758e-06,2.450057763780933e-05,2.4617531835247064e-06,2.257366395497229e-05,4.595275822794065e-05,5.3573927289107814e-05,1.3245366062619723e-05,1.0012256097979844e-05,0.0,2.0630177459679544e-06,1.0003581110140658e-06,5.26370968145784e-06,1.7619233858567895e-06,3.7643578707502456e-06,2.3849038370826747e-06,2.176846010115696e-06,9.74466820480302e-06,1.0026318705058657e-05,4.942812302033417e-05,0.0002823242684826255,0.00013429962564259768,4.349004666437395e-05,0.00028697095694951713,3.022640385097475e-06,3.4464515920262784e-05,0.0,3.4945350080306525e-07,6.572515189873229e-07,7.497231990782893e-07,5.952133051323472e-06,1.6884709111764096e-05,1.3376936749409651e-06,1.1858164725708775e-05,1.851439810707234e-05,9.92489731288515e-05,1.1407521924411412e-05,0.0003820521233137697,0.00026673951651901007,0.00017295032739639282,0.00011170866491738707,2.2453780275100144e-06,2.0861012671957724e-05,1.8911779989139177e-05,8.317572905980342e-07,4.717388583230786e-05,2.1763553377240896e-05,1.7862233789855964e-06,0.0,3.5626039789349306e-06,2.739471483437228e-06,8.819156391837168e-06,1.1366862509021303e-06,9.410302482137922e-06,3.9300095522776246e-05,1.8601693227537908e-05,2.267074160045013e-05,1.0107553862326313e-05,3.834391463897191e-06,0.00047197556705214083,5.434359081846196e-06,8.763578080106527e-06,1.4627977179770824e-05,4.127584361413028e-06,7.439206001436105e-06,5.248714660410769e-05,6.002287591400091e-06,1.0624411288517877e-06,6.428023334592581e-05,2.3888804207672365e-05,4.435691153048538e-06,0.0001256461546290666,4.1645223973318934e-05,9.941224561771378e-06,0.0003494350821711123,6.354737706715241e-05,1.1202667337784078e-05,5.259024078441144e-07,1.6149963357747765e-06,5.8533100855129305e-06,2.985322453241679e-06,0.0,7.619493317179149e-06,2.7237150789005682e-05,7.896891474956647e-05
200112,3.4690190659603104e-05,1.0453593858983368e-05,5.205147317610681e-06,1.676605097600259e-05,1.621495721337851e-05,4.775039997184649e-05,1.646488999540452e-05,6.159140866657253e-06,8.181979865184985e-06,6.343052973534213e-06,5.180545940675074e-06,1.033707485476043e-05,0.0007422794005833566,1.0649594514688943e-05,5.8266057749278843e-05,5.476712885865709e-06,6.190001295180991e-05,1.7067457520170137e-05,2.2521730898006354e-06,3.078036388615146e-05,7.499661478505004e-06,7.019260692686657e-07,3.5221489724790445e-06,1.7303684217040427e-05,3.417011384954094e-06,1.5364450518973172e-05,1.6179617432499072e-06,6.7994265009474475e-06,1.7830313936428865e-06,1.7584191027708584e-06,2.941422280855477e-05,7.779306088195881e-07,4.4719850848196074e-05,3.8167618185980245e-05,5.359854912967421e-05,6.350651347020175e-06,4.247257038514363e-06,0.0,2.3275817966350587e-06,1.4069232747715432e-06,5.042268639954273e-06,1.7235910490853712e-05,6.4237156038871035e-06,3.961523816542467e-06,5.575169325311435e-06,1.0747423402790446e-05,1.301026622968493e-05,2.9304639610927552e-05,0.00024083962489385158,0.00011827708658529446,3.537771408446133e-05,0.0002982041332870722,4.7141975301201455e-06,2.234931889688596e-05,0.0,1.08358779016271e-06,1.1374562518540188e-06,1.2468070735849324e-06,4.5582223719975445e-06,9.323321137344465e-06,4.648117283068132e-06,7.635982001374941e-06,2.298612344020512e-05,0.00011811574950115755,1.3170742931833956e-05,0.00041271516238339245,0.00029204526799730957,0.00018590585386846215,0.00015223487571347505,2.645895392561215e-06,2.4171791665139608e-05,1.0177118383580819e-05,1.2359352012936142e-06,4.926081237499602e-05,8.37712377688149e-06,2.886809852498118e-06,0.0,6.56237489238265e-06,2.6463342237548204e-06,1.0687998837966006e-05,2.2490476112579927e-06,4.162390723649878e-06,3.629742423072457e-05,1.106910622183932e-05,3.8659462006762624e-05,4.5172000682214275e-06,1.972179916265304e-06,0.0003925717028323561,5.182537279324606e-06,6.2859967329131905e-06,1.532996611786075e-05,4.2308120100642554e-06,9.268969733966514e-06,5.14977982675191e-05,1.2135093129472807e-05,3.622418205395661e-07,4.432879723026417e-05,1.5191686543403193e-05,3.488057018330437e-06,0.0001273163070436567,3.8956248317845166e-05,1.8437940525473095e-05,0.0003401186258997768,6.50270885671489e-05,2.0575445887516253e-05,9.671585985415732e-07,1.7295587895205244e-06,8.841281669447199e-06,5.388763383962214e-06,0.0,1.0007574019255117e-05,2.5655193894635886e-05,5.0409660616423935e-05
200201,0.0006432680529542267,0.0002187043137382716,0.00016572386084590107,0.0004211028863210231,0.0011252588592469692,0.0008346446556970477,0.0002425912389298901,0.00014936352090444416,0.000573293655179441,3.97890034946613e-05,0.0004247759061399847,0.0015924142207950354,0.005658792331814766,7.800044841133058e-05,0.00040648278081789613,0.00015056710981298238,0.0010307807242497802,0.0008006565039977431,0.00011301697668386623,0.0003540490579325706,0.00012241378135513514,7.785898196743801e-05,0.00014926554285921156,0.00037385898758657277,0.00013832779950462282,0.00016125441470649093,7.449044642271474e-05,2.519524969102349e-05,0.0,2.6315499781048857e-05,0.00012718095968011767,0.0,0.0010580529924482107,0.0005114708910696208,0.0009203446097671986,3.280155942775309e-05,0.00018689771241042763,0.0,7.179103704402223e-05,0.00034487241646274924,0.0004212096391711384,0.0,0.0003703019756358117,9.145364310825244e-05,6.48789937258698e-05,0.0004135935159865767,0.0009557438897900283,0.0009321779361926019,0.0015200040070340037,0.0017047775909304619,0.00015448684280272573,0.003026635618880391,0.0011464018607512116,0.00029420520877465606,0.0,9.989206591853872e-05,0.00012701621744781733,4.0538925532018766e-05,0.0002381119702477008,0.000483292416902259,0.0001630610931897536,0.0001565993152325973,0.0005112134967930615,0.00079777353676036,0.0003948580415453762,0.001950837904587388,0.0012048849603161216,0.00118487817235291,0.0020718881860375404,5.631280873785727e-05,0.0015121946344152093,0.0015705326804891229,8.901429100660607e-05,0.0017664800398051739,0.0001269736821996048,1.1404633369238582e-05,0.0,3.1251762266037986e-05,0.00028547170222736895,6.640219362452626e-05,0.0,7.96206368249841e-05,0.0006229335558600724,7.423514762194827e-05,0.000722334545571357,7.389255188172683e-05,6.353718345053494e-05,0.0038382369093596935,6.790628685848787e-05,5.342900476534851e-05,0.0008585707983002067,4.45892037532758e-05,7.213548815343529e-05,0.0009564742795191705,0.00027928195777349174,0.0,0.000721698917914182,0.0005978308618068695,0.00018333432672079653,0.0012555225985124707,0.000759679067414254,0.0004073696618434042,0.00419446500018239,0.001085353665985167,1.9041755876969546e-05,0.0,0.00014314566215034574,0.0003217066696379334,0.0005299925105646253,0.0,6.944528286112472e-05,0.0006499961600638926,0.0008426932618021965
200202,0.0004802130570169538,0.0002495176449883729,7.673761137994006e-05,0.0004020077467430383,0.0008149041677825153,0.0006082958425395191,0.00012199421325931326,0.0001957875065272674,0.000655411509796977,9.199569467455149e-05,0.00034953863359987736,0.001775408978573978,0.007427806034684181,9.857755503617227e-05,0.0005954987718723714,0.0004701841389760375,0.0009518873412162066,0.00045726087410002947,2.6942598196910694e-05,0.00048320036148652434,0.00021854268561583012,0.00016201339894905686,0.0001331941457465291,0.0004166710714343935,0.00019024207722395658,0.00019152284949086607,0.00025991364964284003,0.001804254250600934,1.7948295862879604e-06,0.0,0.00027254558517597616,0.0,0.0009215318132191896,0.0006018781568855047,0.002177960705012083,4.703946615336463e-05,0.0002825525007210672,5.691257683793083e-05,3.495597411529161e-05,0.000555830483790487,0.0003412056539673358,0.00011230216477997601,0.00017553853103891015,0.00023750199761707336,4.436706149135716e-05,0.0002273722639074549,0.0006002196460030973,0.0018169910181313753,0.00020668980141635984,0.0012951279059052467,0.0004230735939927399,0.004904798232018948,0.0013109545689076185,0.00041598110692575574,0.0,1.773487383616157e-05,9.658333146944642e-05,4.28623789048288e-05,0.000232076839893125,8.746280218474567e-05,3.604024459491484e-05,0.00017897355428431183,0.0008208794752135873,0.0024175166618078947,0.0004259762354195118,0.00210030609741807,0.0019768576603382826,0.0009091593092307448,0.0022461588960140944,7.362508040387183e-05,0.0019068478140980005,0.0013228926109150052,9.439408313483e-05,0.0013811292592436075,0.0002632047689985484,0.0,0.0,0.0,0.0,8.081153282546438e-06,2.034131102846004e-05,0.00014853259199298918,0.0004857314343098551,0.00035321677569299936,0.0008565958123654127,0.00012409136979840696,0.00011953892681049183,0.005825632251799107,9.197031613439322e-05,3.05473840853665e-05,0.0014724788488820195,3.0575352866435423e-05,0.00022421556059271097,0.0005672060651704669,0.00039032308268360794,1.1363599696778692e-05,0.0005099281552247703,0.0010737930424511433,5.0116137572331354e-05,0.001117977313697338,0.0005694333813153207,0.00011324381921440363,0.003889723215252161,0.0013534341705963016,0.0,0.0,0.00019271303608547896,0.00025770231150090694,0.0004445012309588492,0.0,0.0002519975823815912,0.0006013573729433119,0.0017316320445388556
200203,0.00027989456430077553,0.0001260829158127308,0.00017807497351896018,0.0005423686234280467,0.0007352277170866728,0.0012765433639287949,0.0001149968447862193,5.359722854336724e-05,0.0006601203349418938,0.0,0.0006249021971598268,0.0014380458742380142,0.007581528276205063,7.138661749195307e-05,0.0005660870228894055,0.00016671912453603,0.0014741666382178664,0.0005465814028866589,1.1449636076577008e-05,0.0006588269607163966,9.717958164401352e-05,0.0,2.3332539058174007e-05,0.00035994546487927437,0.00015536995488218963,0.00021671876311302185,3.607725375331938e-05,0.0024717168416827917,0.0,7.764749170746654e-05,0.00013029012188781053,0.00020786665845662355,0.002735880669206381,0.00030588184017688036,0.001596061047166586,1.0793250112328678e-05,0.0004316361155360937,6.5087057009805e-05,0.00012164557119831443,0.0004592984332703054,0.0005828327848576009,0.00019204193085897714,0.00023953332856763154,1.1842278581752907e-05,3.297180955996737e-05,0.00024780668900348246,0.00027114030672237277,0.00165519246365875,0.0002619543520268053,0.001111865509301424,0.00043807635665871203,0.005384111311286688,0.00152550486382097,0.0002162353484891355,0.0,6.438246055040509e-05,4.67969111923594e-05,2.858390871551819e-06,0.0005073731299489737,0.0,8.445220009889454e-05,0.0001436933089280501,0.0012440468417480588,0.0015849826158955693,0.00034208287252113223,0.0022123742382973433,0.001940712914802134,0.0011825503315776587,0.002165494253858924,8.581523616157938e-06,0.0017705669160932302,0.0017604056047275662,7.532438758062199e-05,0.0015890083741396666,0.00010405265493318439,0.0,0.0,8.690979484526906e-06,0.0,1.1987913239863701e-05,4.236047243466601e-05,0.00013929361011832952,0.0005951029015704989,0.0003134323633275926,0.0010202288394793868,0.00011311352136544883,2.6367782993474975e-05,0.007344638928771019,6.767435843357816e-05,4.2622639739420265e-05,0.00148399465251714,6.44954798190156e-06,0.00019048656395170838,0.0010285531170666218,0.000388032931368798,0.0,0.0004965306725353003,0.0009274564799852669,3.2701143936719745e-05,0.0007352508255280554,0.0006195477908477187,0.00037291162880137563,0.0040076859295368195,0.0014117314713075757,0.0,0.0,0.0002221098984591663,0.00024268004926852882,0.0005265327636152506,0.0,0.0002333704032935202,0.0006256802007555962,0.0020867050625383854
200204,0.0003322283155284822,0.00010768230276880786,0.00014666370407212526,0.00042162268073298037,0.0012144289212301373,0.0010459559271112084,5.534560841624625e-05,5.61408705834765e-05,0.0008044983260333538,0.0001114060141844675,0.00021814354113303125,0.0015362551202997565,0.003903360106050968,0.00018466651090420783,0.000466828205389902,0.0004338924481999129,0.0017060532700270414,0.0005230268579907715,3.202339939889498e-06,0.0003858039272017777,0.0002382033271715045,9.057481656782329e-05,7.364519115071744e-05,0.00045580524601973593,0.0002621145686134696,0.00011203652684343979,0.00012293252802919596,0.0011132227955386043,0.00011370852735126391,2.465618854330387e-05,0.00015301430539693683,0.0,0.0010439360048621893,0.00023679211153648794,0.0006388011970557272,3.361399285495281e-05,0.00018289404397364706,0.00015149498358368874,1.1105530575150624e-05,0.00038243315066210926,0.0001596125221112743,0.00017410400323569775,0.00034453245461918414,3.1756339012645185e-05,2.723506258917041e-05,0.0001984025293495506,0.0003574718430172652,0.0014128572074696422,0.0005729247932322323,0.0021094621624797583,0.00033845537109300494,0.0041045923717319965,0.0010734052630141377,0.00024047841725405306,0.0,3.748522067326121e-05,6.868851778563112e-05,3.3388012525392696e-05,0.0004155186179559678,5.2861676522297785e-05,0.0003054964472539723,0.00018679055210668594,0.0008884198032319546,0.0017159184208139777,0.0003763221902772784,0.0020696043502539396,0.0014479152159765363,0.0016669546021148562,0.0020329912658780813,3.685492629301734e-05,0.001993553014472127,0.0015430680941790342,0.00012863050505984575,0.0012570114340633154,2.2657304725726135e-05,0.0,0.0,9.634228626964614e-05,8.647389768157154e-05,0.0,1.0537262824072968e-05,0.00010824254422914237,0.0006139822071418166,6.829146877862513e-05,0.0011256493162363768,6.181906792335212e-05,0.0001138898151111789,0.005877555347979069,6.339522224152461e-05,0.0001242853031726554,0.00116941356100142,0.00013198006490711123,0.00020282500190660357,0.001014728331938386,0.0003937378351110965,0.0,0.000485708616906777,0.0010430100373923779,7.768503564875573e-05,0.00057030568132177,0.000659888843074441,0.00045006469008512795,0.002985476516187191,0.0014417811762541533,5.531315036932938e-05,0.0,0.00016752618830651045,6.585077062482014e-05,0.0005428298027254641,0.0,0.00013542946544475853,0.0007802890031598508,0.0016883346252143383
200205,0.0006270908052101731,0.0001471864670747891,0.00017643612227402627,0.0008362022344954312,0.0011608863715082407,0.0008485427824780345,0.00012446603795979172,5.1356502808630466e-05,0.001017905306071043,0.00022961651848163456,0.00018815374642144889,0.001503828214481473,0.0030290111899375916,0.0004952056333422661,0.00043506338261067867,0.00027237151516601443,0.00121491274330765,0.00048654727288521826,4.482345320866443e-05,0.00042781041702255607,0.001151577802374959,1.8626642486196943e-05,0.0001721593871479854,0.0003754519857466221,0.00043183538946323097,0.0001584776327945292,0.00018689519492909312,0.0012936264974996448,0.0,0.0,0.00014772068243473768,0.0,0.0008945483714342117,0.00034739900729618967,0.0012907175114378333,0.0,0.00027332446188665926,1.7167161786346696e-05,0.0,0.00040596359758637846,0.00041171530028805137,0.00018560826720204204,0.0003742096305359155,6.267591379582882e-05,2.1576523067778908e-05,0.0004894477315247059,0.0002578039129730314,0.0014212633250281215,0.00033517659176141024,0.0031534067820757627,0.00025412350078113377,0.003964412026107311,0.0009371431078761816,0.00041108718141913414,0.0,0.00011145814642077312,5.43238602404017e-05,3.2435229513794184e-05,0.0003272242029197514,0.0,0.00019934070587623864,0.00021728043793700635,0.0009203514782711864,0.0020086863078176975,0.0005121842259541154,0.0018650655401870608,0.0017861261731013656,0.0018326201243326068,0.002118767239153385,3.89818123949226e-05,0.0018698920030146837,0.00138601113576442,0.00011201497545698658,0.0011521988781169057,1.1137378351122607e-05,0.0,0.0,3.2339197787223384e-05,0.0,2.583893365226686e-05,0.0,0.00010846232180483639,0.0005115936510264874,0.00022554342285729945,0.001183064072392881,0.00016186381981242448,8.872418402461335e-05,0.006573226768523455,9.79230972006917e-05,5.924919605604373e-05,0.0013870641123503447,4.854135841014795e-05,0.00022427747899200767,0.0008250120445154607,0.0004973624018020928,0.0,0.00042534148087725043,0.0012156490702182055,5.963027797406539e-05,0.0009016204858198762,0.0006376410601660609,0.00041100906673818827,0.0027411538176238537,0.001379146589897573,0.00011308494867989793,0.0,9.243110980605707e-05,0.00010459969053044915,0.0004868507385253906,0.0,0.00018534991249907762,0.0007980124210007489,0.0011777079198509455
200206,0.0004743073368445039,0.00025260282563976943,8.21521898615174e-05,0.001076420652680099,0.0011739907786250114,0.0011795329628512263,8.569001511204988e-05,5.7975823438027874e-05,0.0010857025627046824,0.00013006535300519317,0.00034092276473529637,0.0016319863498210907,0.004262852948158979,0.0002587490889709443,0.0005203238106332719,0.00043442577589303255,0.0017891342286020517,0.00048683283966965973,4.853645441471599e-05,0.00039619297604076564,0.00028654534253291786,7.523920066887513e-05,6.394265074050054e-05,0.0003453774843364954,0.00027565081836655736,0.0001391667901771143,4.92187864438165e-05,0.001137447776272893,2.8897522497572936e-05,0.0,0.00014734243450220674,0.0,0.0010198402451351285,0.000126392362290062,0.0006194285815581679,0.0002754195884335786,0.0003287330036982894,4.2674102587625384e-05,1.1352034562150948e-05,0.0004338450380600989,0.0002640710736159235,0.00011451210593804717,0.0003791833878494799,1.2322549082455225e-05,1.1831419215013739e-05,0.0003972131235059351,0.00012648574193008244,0.0017179513815790415,0.0003742071276064962,0.0019601276144385338,0.0004525656986515969,0.0035049249418079853,0.0008961501880548894,0.00012838681868743151,0.0,6.543359631905332e-05,0.0,3.704904156620614e-05,0.0005578913260251284,0.0,0.00019750333740375936,0.00026863571838475764,0.0012266621924936771,0.0019688040483742952,0.0004165616410318762,0.0026526963338255882,0.001177256228402257,0.0016285505844280124,0.002205087337642908,7.5866560109716374e-06,0.0018929754151031375,0.0015330702299252152,0.00014680236927233636,0.0010790432570502162,3.8158512325026095e-05,1.8370055840932764e-05,0.0,2.59718181041535e-05,2.2469059331342578e-05,0.0001029037157422863,2.591147494968027e-05,0.00011625420302152634,0.000588589406106621,1.7274682249990292e-05,0.0011655099224299192,4.627811722457409e-05,4.8330875870306045e-05,0.0064568002708256245,8.612086094217375e-05,0.00016292731743305922,0.0012509619118645787,5.115451131132431e-05,0.0001938320929184556,0.0009094417910091579,0.0004003077046945691,0.0,0.0005162279703654349,0.0008488105377182364,0.00021466767066158354,0.0008717160089872777,0.0009652826120145619,0.0002444207202643156,0.002717389026656747,0.001156191690824926,3.423435191507451e-05,0.0,0.00012201642675790936,0.0002592919336166233,0.0004661273560486734,0.0,0.00019514661107677966,0.000606948568020016,0.0010794836562126875
200207,0.0004984771949239075,0.0001957614003913477,8.593192615080625e-05,0.0014137540711089969,0.0007687158067710698,0.0013563294196501374,0.00042349210707470775,0.0,0.0012286899145692587,0.00013386803038883954,0.0003335279179736972,0.0016861428739503026,0.00612389063462615,9.872598457150161e-05,0.0007075294852256775,0.0006304755806922913,0.0015389153268188238,0.00044802355114370584,2.027807931881398e-05,0.0003832362999673933,0.0003713686019182205,0.0,5.604241960099898e-05,0.0004295889812055975,0.00028073598514311016,8.387447451241314e-05,6.398995901690796e-05,0.0015560463070869446,0.00010779507283587009,3.6571545933838934e-05,6.047177885193378e-05,0.0,0.0011886346619576216,0.00024839513935148716,0.0004345951892901212,6.214718450792134e-05,0.00031628136639483273,0.0,8.181738849089015e-06,0.0004657928948290646,0.00038241964648477733,6.55473631923087e-05,0.00023438800417352468,0.00018480728613212705,8.49303905852139e-05,0.0002018445811700076,0.0004159976961091161,0.001621605479158461,0.00041979129309765995,0.0023344936780631542,0.0002626693749334663,0.0043186298571527,0.0016391086392104626,0.0003867450577672571,0.0,2.2644930140813813e-05,5.418026921688579e-05,9.055628652276937e-06,0.00045295251766219735,6.515513814520091e-05,0.0,0.000300354789942503,0.001195157878100872,0.002395747462287545,0.0002629811642691493,0.002013574820011854,0.0017256202409043908,0.0017462895484641194,0.0021487779449671507,7.216710946522653e-05,0.0018175039440393448,0.0015066805062815547,8.549599442631006e-05,0.0012103121262043715,2.6179834094364196e-05,2.873853918572422e-05,0.0,0.00010099982318934053,0.0,7.077424379531294e-05,2.541690628277138e-05,3.666507109301165e-05,0.0004787816433236003,0.00030660649645142257,0.001045340090058744,7.485619426006451e-05,0.0,0.005870080552995205,9.090283856494352e-05,9.23501283978112e-05,0.000977085903286934,2.7377462174627e-05,0.00023864016111474484,0.0010228288592770696,0.0005486643640324473,0.0,0.0006288429140113294,0.0008857352077029645,4.6253429900389165e-05,0.0008147091721184552,0.0005926137091591954,0.0001785632484825328,0.002800146583467722,0.0012120353057980537,5.791725925519131e-06,6.792185013182461e-05,8.542895375285298e-05,6.034565740264952e-05,0.0005655121058225632,0.0,0.00012437705299817026,0.0006004335591569543,0.001857738709077239
200208,0.0006201258511282504,9.276034688809887e-05,0.00014829952851869166,0.0005938537651672959,0.001056445762515068,0.0010611229809001088,0.0003046825004275888,9.540325117995963e-05,0.0007319682044908404,4.0803304727887735e-05,0.0003609488776419312,0.0015357774682343006,0.00610791752114892,8.794003952061757e-05,0.0006670783623121679,0.000290666677756235,0.0018433474469929934,0.000567277951631695,2.8225531423231587e-05,0.00022638696827925742,0.0003016101836692542,0.0,0.00012380728730931878,0.0003927656216546893,0.00017649518849793822,9.978675370803103e-05,9.410647180629894e-05,0.0022545719984918833,0.0,0.0,0.00021753119654022157,0.0,0.0012075176928192377,0.00022234109928831458,0.0017683436162769794,0.0001502889790572226,0.00023661614977754653,0.00013315204705577344,0.0,0.00045471105840988457,0.00014024187112227082,0.0006424523307941854,0.0003244716499466449,6.05099558015354e-05,5.484179200720973e-05,0.00029682464082725346,0.0005512116476893425,0.001381689333356917,0.0001956144260475412,0.0026170939672738314,0.0002612101088743657,0.003980057779699564,0.0010822906624525785,0.0002465948346070945,2.6820604034583084e-05,0.0,4.876620369032025e-05,1.9546225303201936e-05,0.0002301386557519436,9.276396303903311e-05,0.00016387703362852335,0.0002943450817838311,0.0007106356788426638,0.0018673037411645055,0.00031379726715385914,0.0021773232147097588,0.0015161208575591445,0.0017690131207928061,0.002269530901685357,3.0610415706178173e-05,0.0019156772177666426,0.0016000763280317187,3.963636117987335e-05,0.0010871465783566236,0.0001552969915792346,0.0,0.0,0.0,9.082979522645473e-05,0.00010565915727056563,0.0,3.451112570473924e-05,0.000693714595399797,0.00030348720611073077,0.0013437829911708832,0.00015775643987581134,0.00010659435065463185,0.0068695442751049995,0.00011241161701036617,0.00013114938337821513,0.0012590097030624747,6.569099059561267e-05,0.00020681282330770046,0.0008783254306763411,0.0005737828905694187,5.377587058319477e-06,0.0006044077454134822,0.001047548488713801,4.934737808071077e-05,0.0007778317667543888,0.0008110563503578305,0.0006038646679371595,0.0026199028361588717,0.001138730556704104,6.394105002982542e-05,0.0,0.0001018142284010537,9.228134877048433e-05,0.00032778785680420697,0.0,0.00011060110409744084,0.0004786374338436872,0.0016627972945570946
200209,0.00027074175886809826,0.0001738119899528101,0.00010748905333457515,0.0006971955299377441,0.0010035724844783545,0.0011389050632715225,0.0004544003459159285,4.7265184548450634e-05,0.0007282668957486749,0.0001633317006053403,0.0004974441253580153,0.0016736136749386787,0.005494394339621067,0.00023020758817438036,0.0007618847885169089,0.00035541856777854264,0.0013448476092889905,0.0006105604115873575,1.1567416549951304e-05,0.0002634385891724378,0.00024130336532834917,0.0001597182417754084,0.00019201022223569453,0.00043578623444773257,0.00024102475435938686,0.00011791830911533907,4.300898581277579e-05,0.0032797669991850853,3.571184424799867e-05,0.0,5.2816129027632996e-05,8.572347724111751e-05,0.0015032771043479443,0.00017598402337171137,0.0006830338970758021,5.088818215881474e-05,0.0003526606597006321,0.0,0.0,0.00021908633061684668,0.0004064352542627603,0.0005948761245235801,0.00018359211389906704,5.6274697271874174e-05,7.311676745302975e-05,0.00038815272273495793,0.000499225570820272,0.0016038604080677032,0.00015013111988082528,0.003113186452537775,0.0002796412445604801,0.0043390849605202675,0.0015585983637720346,0.0006211739382706583,0.0,6.021140143275261e-05,0.0001422364730387926,4.794598135049455e-05,0.0002884331624954939,0.0002636139979586005,0.00012757025251630694,0.0002958933764602989,0.0008900437969714403,0.0018239967757835984,0.0003504549968056381,0.002682050922885537,0.0012394972145557404,0.0017785239033401012,0.0030638636089861393,3.4617336496012285e-05,0.0015681858640164137,0.0015125068603083491,0.0001251398352906108,0.0009650602587498724,0.0005203546024858952,0.0,0.0,3.954568092012778e-05,7.019002077868208e-05,4.653138239518739e-05,2.010639764193911e-05,7.470120181096718e-05,0.0006636962643824518,0.00021641983767040074,0.0012184021761640906,7.041440403554589e-05,0.00012051395606249571,0.006778383627533913,0.00012347327719908208,9.863414743449539e-05,0.0012205232633277774,0.00017383687372785062,0.00012431709910742939,0.0012049602810293436,0.0007861763006076217,1.4788932276132982e-05,0.0009137412998825312,0.0008953700307756662,5.858820804860443e-05,0.0007016378804109991,0.0006330539472401142,9.152336133411154e-05,0.002765224315226078,0.0007284890161827207,0.00014573473890777677,3.934066990041174e-05,0.00014507451851386577,0.00022822144092060626,0.0006785339210182428,0.0,8.864914707373828e-05,0.0005143579910509288,0.0014125898014754057
200210,0.0002378920908086002,8.862647518981248e-05,0.0002830442099366337,0.0009285314590670168,0.0008780439384281635,0.0011813767487183213,9.61326586548239e-05,6.82467725710012e-05,0.0008609764045104384,0.00022946983517613262,0.0006329696625471115,0.0017835532780736685,0.004759571980684996,0.00020157980907242745,0.000492884952109307,0.00023556007363367826,0.0015667721163481474,0.00040827927296049893,2.2864891434437595e-05,0.0002763934026006609,0.0004424826183822006,0.00015090480155777186,0.00022795815311837941,0.00041548191802576184,0.00018164620269089937,0.0001574018388055265,6.656466575805098e-05,0.0023396064061671495,0.00010292953083990142,0.0,0.00019376259297132492,0.0,0.0009365588193759322,0.0001512158924015239,0.0007321510929614305,4.823537165066227e-05,0.00041750873788259923,0.0,0.0,0.0004932528827339411,0.00024863326689228415,0.0001636991510167718,0.0005052179913036525,3.831909998552874e-05,1.9763461750699207e-05,0.0005101182614453137,0.0008092263014987111,0.0016124366084113717,0.0005431679892353714,0.002094541909173131,0.0002577362465672195,0.003491783980280161,0.001504083164036274,0.00019247648015152663,0.0,6.063580804038793e-05,9.569330723024905e-05,9.776701517694164e-06,0.00016477293684147298,7.540082151535898e-05,1.0523042874410748e-05,0.0002371908922214061,0.0007916288450360298,0.0018515388946980238,0.0003021251759491861,0.0024317745119333267,0.0014043806586414576,0.0012826743768528104,0.0023565429728478193,2.4525215849280357e-05,0.001776294899173081,0.001653292216360569,0.0002497988461982459,0.0009388820617459714,0.00024353132175747305,1.4176927834341768e-05,0.0,8.532823994755745e-05,0.0,7.469510455848649e-05,0.0,8.934082870837301e-05,0.0005956102395430207,0.0002887144510168582,0.001546288258396089,0.00015318815712817013,0.0,0.007461756467819214,0.00011632542009465396,0.00021200325863901526,0.0014363465597853065,0.00020951523038093,0.00019809241348411888,0.0005880528478883207,0.0005372945452108979,7.152297712309519e-06,0.0005017998046241701,0.0011933339992538095,4.247847027727403e-05,0.0007994635961949825,0.00084374297875911,0.00036826409632340074,0.0026339853648096323,0.0015799980610609055,0.00017225492047145963,3.839914279524237e-05,0.00017856604245025665,9.268937719753012e-05,0.0008490838226862252,0.0,0.0001209761539939791,0.000630106427706778,0.0013792446115985513
200211,0.00039756757905706763,6.256879714783281e-05,0.00012991933908779174,0.0011471019824966788,0.0008514494402334094,0.0012011997168883681,0.00024134566774591804,0.00011171946243848652,0.001271843328140676,0.00017707035294733942,0.0008280103211291134,0.0017971993656829,0.004930185619741678,0.0004911820287816226,0.00044781339238397777,0.00027529289945960045,0.0013179609086364508,0.000569459400139749,4.4946464186068624e-05,0.00018735085905063897,0.000546038500033319,0.00019698329560924321,0.00020652236707974225,0.0004504145763348788,0.0004832530685234815,0.00012852888903580606,5.508532194653526e-05,0.0016996498452499509,0.0,9.435677202418447e-05,8.624472684459761e-05,0.00010139177175005898,0.0006598997861146927,0.00022822468599770218,0.0007382304756902158,0.0,0.000410220876801759,0.0,2.2222084226086736e-05,0.0004463255754671991,0.00023758751922287047,0.00041221731225959957,0.00031969131669029593,0.00010099696373799816,2.229925121355336e-05,0.00046168791595846415,0.00078510248567909,0.0013854249846190214,0.0006820866256020963,0.0015185443917289376,0.0005919422837905586,0.003512823721393943,0.000840265944134444,0.0002772275183815509,0.0,1.6773332390584983e-05,2.1968708097119816e-05,0.0,6.630634015891701e-05,0.00011866827117046341,0.00022710618213750422,0.00016542048251722008,0.0007007071981206536,0.0019628521986305714,0.00026906534912995994,0.002294340869411826,0.001275341142900288,0.001550144050270319,0.002295574638992548,7.530312723247334e-05,0.0016708882758393884,0.0020021290984004736,0.00020755079458467662,0.0008964354638010263,0.0002077771641779691,0.0,1.881912612589076e-05,0.0,0.00012227905972395092,0.0,1.5108995285117999e-05,4.412628913996741e-05,0.0004224123840685934,0.00010262223077006638,0.0018247435800731182,3.816349635599181e-05,0.0,0.006750204600393772,0.0001082278904505074,6.787662277929485e-05,0.0013512697769328952,9.861327998805791e-05,0.0001683441223576665,0.0010215708753094077,0.0005409398581832647,1.196101129607996e-05,0.0006613251753151417,0.0010225808946415782,0.00015569936658721417,0.0009576910524629056,0.0003666267148219049,0.0003146881645079702,0.0020538377575576305,0.0017033505719155073,0.0002013197517953813,6.633338489336893e-05,6.482341996161267e-05,0.00018047302728518844,0.0005601466400548816,0.0,0.00016226705338340253,0.0005892251501791179,0.0010274399537593126
200212,0.0003558214521035552,0.00011151414946652949,0.00018835214723367244,0.0006310151075012982,0.0007480104104615748,0.0012957884464412928,0.00021099821606185287,7.308824569918215e-05,0.00102953368332237,0.00013440768816508353,0.000539013824891299,0.0018082850147038698,0.004279451444745064,0.00010270232451148331,0.0006734261987730861,0.00014604354510083795,0.0011590445647016168,0.0006870794459246099,3.1628373108105734e-05,0.00040284436545334756,0.0005806803237646818,5.3097210184205323e-05,0.00019300497660879046,0.0002758250047918409,0.00036924926098436117,0.00024954776745289564,8.415033335040789e-06,0.0016169132431969047,7.3293304012622684e-06,0.0,0.0001343250332865864,0.00011110296327387914,0.0011210653465241194,0.00021007080795243382,0.0006340134423226118,0.00011679494491545483,0.0002936481614597142,9.379719995195046e-05,0.0,0.0005196137353777885,0.00037365659954957664,0.00014764883962925524,0.00023799359041731805,8.185573824448511e-05,4.5515262172557414e-05,0.00036306391120888293,0.000745267141610384,0.0011656366987153888,0.00032201979774981737,0.0015064290491864085,0.0004666773893404752,0.0030813291668891907,0.0010509176645427942,0.000282282882835716,7.990789526957087e-06,5.3638559620594606e-05,0.00011905563587788492,1.401342888129875e-05,0.00020347339159343392,9.151040285360068e-05,0.00015822677232790738,0.0001495632022852078,0.0005724881775677204,0.0021052195224910975,0.00034373337985016406,0.0017778233159333467,0.002128258580341935,0.0017615081742405891,0.0016347825294360518,0.0,0.0019448167877271771,0.0018027854384854436,0.00019649090245366096,0.0010778948199003935,2.52415266004391e-05,0.0,1.165353023679927e-05,1.7058617231668904e-05,0.00029643732705153525,0.00019546045223250985,0.0,5.29818789800629e-05,0.0004899118794128299,0.00018184581131208688,0.0015026450855657458,0.0001286343322135508,7.361048483289778e-05,0.006984327919781208,0.0002627789508551359,0.00024158151063602418,0.0011090132175013423,6.286867574090138e-05,0.00013005298387724906,0.0008907016599550843,0.00036643954808823764,1.0219140676781535e-05,0.0004233753716107458,0.0015177014283835888,1.9916316887247376e-05,0.0008900787215679884,0.0004173397028353065,0.0006271375459618866,0.002277396386489272,0.0017597401747480035,6.888849748065695e-05,2.1979501980240457e-05,0.00018467263726051897,0.00013682723511010408,0.0007535463664680719,0.0,0.0001499735371908173,0.0005389116704463959,0.001237937482073903
200301,0.0002763899974524975,1.6731648429413326e-05,0.0,6.501859752461314e-05,0.00023554012295790017,0.0012031213846057653,8.295985753647983e-05,4.355010241852142e-05,0.0008321465575136244,1.4489133718598168e-05,0.0001126883362303488,0.000910757458768785,0.00418843375518918,2.1748808649135754e-05,0.0004473069857340306,0.00012700326624326408,0.0009008317138068378,0.00044886782416142523,6.564169325429248e-06,0.00022366057964973152,0.00023259909357875586,4.331311174610164e-06,7.235343673528405e-06,0.00030885476735420525,0.0001713900564936921,4.6535918954759836e-05,3.775187224164256e-06,0.0012911789817735553,0.0,9.749050150276162e-06,0.0001657933898968622,3.523804252836271e-06,0.001075339620001614,9.41670878091827e-05,0.0003478685684967786,7.343624747591093e-05,0.0002342110819881782,6.081722858652938e-06,0.0,7.484403613489121e-05,0.0002526830357965082,3.5921537346439436e-05,3.068835940212011e-05,1.074415740731638e-05,6.7141131694370415e-06,0.00025155144976451993,0.000301952037261799,0.0011195022379979491,0.0002587641356512904,0.0009790911572054029,0.00029913714388385415,0.0029205719474703074,0.0,0.0001093729879357852,0.0,0.0,0.0,0.0,4.566247298498638e-05,4.313518002163619e-05,2.687284541025292e-05,0.00021056673722341657,0.00045869150198996067,0.0013327747583389282,0.0002440618263790384,0.0018893856322392821,0.001315598376095295,0.0010824193013831973,0.0015891105867922306,6.257439963519573e-06,0.0008732615387998521,0.0008903752313926816,2.9726144930464216e-05,0.0004236992390360683,4.470291605684906e-05,0.0,0.0,0.0,1.3168290024623275e-05,3.0810660973656923e-06,0.0,7.367106445599347e-05,0.0005485519650392234,3.415213359403424e-05,0.000986370607279241,1.8204002117272466e-05,1.306499143538531e-05,0.005716071464121342,3.824828309006989e-05,2.1710191504098475e-05,0.0004837671876884997,3.740732790902257e-05,0.0,0.0009243834065273404,0.0003678213688544929,1.3474426850734744e-05,0.00030015918309800327,0.0005770974094048142,5.568597316596424e-06,0.0004855463921558112,0.0001938668283401057,0.0004151544417254627,0.0013397274306043983,0.0007943547680042684,0.00014978524995967746,7.914928573882207e-06,7.639305113116279e-05,5.2435068937484175e-05,0.00015169387916103005,0.0,8.147288463078439e-05,0.00025001593166962266,0.000740012270398438
200302,0.00024550603120587766,2.460161158523988e-05,2.3345866793533787e-05,0.00035998402745462954,0.0003367816680110991,0.0010991159360855818,5.95398923906032e-05,1.501124097558204e-05,0.0006590404082089663,2.046795816568192e-05,0.00018087797798216343,0.0006987749366089702,0.004510202445089817,1.6042677088989876e-05,0.00047965868725441396,6.598188338102773e-05,0.0009265406988561153,0.000402214442146942,3.098482920904644e-05,0.00019536881882231683,0.0003816165553871542,2.7518199203768745e-06,2.017590668401681e-05,0.0003205171087756753,7.931866275612265e-05,5.357664849725552e-05,6.565029707417125e-06,0.0013720706338062882,2.1278649001033045e-05,0.0,0.0001336029527010396,0.0,0.001198136480525136,0.00012556317960843444,0.0003437609411776066,5.3883675718680024e-05,0.0001633899810258299,5.977201453788439e-06,0.0,4.0509243262931705e-05,0.00021771565661765635,8.754157170187682e-05,1.0912570360233076e-05,8.027345029404387e-05,7.410858870571246e-06,0.00018149045354221016,0.0003515520365908742,0.0010738284327089787,0.00027167293592356145,0.0010143760591745377,0.0003695758350659162,0.003358834655955434,0.0,4.2163770558545366e-05,0.0,0.0,0.0,4.523310053627938e-06,5.921339834458195e-05,0.00013082164514344186,2.6860772777581587e-05,0.00011877586075570434,0.0005131278885528445,0.0013142130337655544,0.00017079680401366204,0.002009833697229624,0.001022942247800529,0.0011886795982718468,0.0018362065311521292,3.8388311622838955e-06,0.0006690600421279669,0.0008664519409649074,9.229705028701574e-05,0.0006420670542865992,8.517597052559722e-06,0.0,0.0,1.4375657883647364e-05,8.944673936639447e-06,1.775501004885882e-05,1.5275059922714718e-05,3.635300163296051e-05,0.0006088806549087167,0.00013102834054734558,0.0009966909419745207,3.0193494239938445e-05,4.10344910051208e-05,0.00578183913603425,2.3490518287871964e-05,1.0612881851557177e-05,0.0003906887141056359,3.942626062780619e-05,6.57202472211793e-05,0.0009258248610422015,0.00029446333064697683,3.6456360703596147e-06,0.00023529892496298999,0.0006695662741549313,1.3561509149440099e-05,0.0005021265824325383,0.0002017014194279909,0.000322932843118906,0.0017732662381604314,0.0007219835533760488,0.00011324954539304599,3.038088152607088e-06,6.0864687839057297e-05,7.623046985827386e-05,0.00018546698265708983,0.0,3.27803791151382e-05,0.00020063461852259934,0.0007659635739400983
200303,0.00018974141858052462,3.0189337849151343e-05,0.0,0.00018784368876367807,0.0002506107266526669,0.0008226256468333304,4.492719381232746e-05,3.837759868474677e-05,0.0007435309235006571,2.683274396986235e-05,8.554902160540223e-05,0.0008603954338468611,0.00430679228156805,6.185972324601607e-06,0.00042998610297217965,0.00012097266153432429,0.0009757952066138387,0.0004416442825458944,2.9461371013894677e-06,0.00023952168703544885,0.00035870831925421953,1.1468982847873122e-05,1.3558813407144044e-05,0.00035995544749312103,0.00010348245996283367,5.139803033671342e-05,1.0911609933828004e-05,0.0011753728613257408,1.015991801978089e-05,2.0271871107979678e-05,0.00023085162683855742,5.557625172514236e-06,0.0009471341618336737,6.450643559219316e-05,0.0002821996749844402,2.6741927285911515e-05,0.0001950670121004805,0.0,6.5611739046289586e-06,5.741701534134336e-05,0.00015612709103152156,0.00012349784083198756,1.5204846931737848e-05,1.2583220268425066e-05,6.396096978278365e-06,0.0003002944285981357,0.0004233602958265692,0.0011565126478672028,0.0001942158560268581,0.0010983344400301576,0.0005193420802243054,0.0030176464933902025,7.565484338556416e-06,5.91559692111332e-05,0.0,0.0,0.0,0.0,9.071356180356815e-05,8.80448569660075e-05,5.6943179515656084e-05,0.0001352765830233693,0.0005381589289754629,0.0016282438300549984,0.00023188942577689886,0.0018971203826367855,0.0012492748210206628,0.0010251941857859492,0.0019404221093282104,5.742647044826299e-05,0.0008219999726861715,0.0008634026744402945,5.080145274405368e-05,0.0005983214941807091,6.663780368398875e-05,0.0,0.0,5.414146471593995e-06,1.273236921406351e-05,2.9138540412532166e-05,1.2451721886463929e-05,1.4510359505948145e-05,0.0004711899091489613,0.0001358695444650948,0.0008784755482338369,4.815788634005003e-05,0.0,0.0057799252681434155,1.4257787370297592e-05,2.0277502699173056e-06,0.0003819691191893071,2.0165200112387538e-05,2.823991235345602e-05,0.0007477522594854236,0.00025381045998074114,3.7860510929021984e-05,0.0002457557711750269,0.0005881460383534431,6.445159215218155e-06,0.0005141953588463366,0.00021655039745382965,0.00037495605647563934,0.0015244599198922515,0.00074765708995983,0.00013168486475478858,0.0,3.6024961445946246e-05,3.54739859176334e-05,0.0001769946829881519,0.0,7.642230775672942e-05,0.00025934746372513473,0.0007525918772444129
200304,0.0002237937442259863,4.0829097997630015e-05,0.0,0.0003937036090064794,0.00025121771614067256,0.0009624487720429897,4.762158641824499e-05,5.481939297169447e-06,0.000804440991487354,1.9229350073146634e-05,0.00014124663721304387,0.000683883554302156,0.004985698498785496,2.952017712232191e-05,0.00040742047713138163,6.140468758530915e-05,0.0008285942603833973,0.000436864560469985,5.313415385899134e-06,0.0002597346028778702,0.0003641606599558145,2.449512066959869e-05,1.3959808711661026e-05,0.00031464523635804653,0.0001172546690213494,6.0893358750035986e-05,0.0,0.0014238314470276237,5.458087343868101e-06,6.791874511691276e-06,0.00014730374095961452,4.433498759226495e-07,0.0010587131837382913,6.706859858240932e-05,0.00028100318741053343,1.5787793017807417e-05,0.00014773804286960512,0.0,5.530417865884374e-07,6.289406155701727e-05,0.0003812316572293639,0.00014110001211520284,3.426303737796843e-05,1.7083084458136e-05,8.53737128636567e-06,0.00026530391187407076,0.00035653996746987104,0.0010899496264755726,0.00034488175879232585,0.0010649943724274635,0.0004187962331343442,0.003278471529483795,0.0,4.8341171350330114e-05,0.0,3.4610225156939123e-06,1.6437021258752793e-05,3.685983983814367e-06,3.6092511436436325e-05,8.059494575718418e-05,3.6765646655112505e-05,2.6840245482162572e-05,0.0005290755652822554,0.0014248423976823688,0.00018644440569914877,0.002006577095016837,0.001361951231956482,0.0008840765804052353,0.0020242182072252035,1.0990595001203474e-05,0.0008438378572463989,0.0008564070449210703,6.57511773169972e-05,0.0003921138122677803,2.0008972569485195e-05,0.0,0.0,0.0,0.0,1.0684086191758979e-05,0.0,8.795883331913501e-06,0.0005050621111877263,9.5105599029921e-05,0.0010682474821805954,4.971047746948898e-05,2.7694661184796132e-05,0.005701202433556318,2.9315624487935565e-05,5.348953891370911e-06,0.0004520746588241309,1.7793698134482838e-05,1.5869496564846486e-05,0.0006636105244979262,0.0001892535074148327,3.6105104754824424e-06,0.0002719241310842335,0.0007102903909981251,8.781854376138654e-06,0.0004501267394516617,0.0002710759290494025,0.0001479360944358632,0.0016062495997175574,0.0005201953463256359,0.00011132787039969116,5.448405318020377e-06,3.3990709198405966e-05,4.152616020292044e-05,0.00018304222612641752,0.0,7.575164636364207e-05,0.00018070428632199764,0.00037200222141109407
200305,0.00019272913050372154,6.81550009176135e-05,2.0694784325314686e-05,0.00025291391648352146,0.0002915896475315094,0.000773191568441689,4.851586709264666e-05,4.6704491978744045e-05,0.0008106338791549206,7.890779670560732e-06,0.00023416356998495758,0.0007294910028576851,0.005528985057026148,3.73827206203714e-05,0.0004789799568243325,8.285649528261274e-05,0.0010364651679992676,0.0003379357513040304,4.7137573346844874e-06,0.0001963987306226045,0.00033296062611043453,1.971075789697352e-06,1.542614700156264e-05,0.0004082416126038879,0.00016091426368802786,6.261099770199507e-05,1.164165951195173e-06,0.001174130360595882,0.0,7.768228897475637e-06,0.00014345880481414497,0.0,0.0013721262803301215,7.025101513136178e-05,0.00035467365523800254,2.9189977794885635e-05,0.00020130255143158138,1.4743133760930505e-05,0.0,4.344485932961106e-05,0.00026125009753741324,0.0001610457693459466,7.213269782369025e-06,1.818766031647101e-05,1.088732278731186e-05,0.00019521507783792913,0.00040829335921444,0.0010335136903449893,0.0003559845208656043,0.0008966675959527493,0.0003945017815567553,0.0030906915199011564,0.0,5.3290597861632705e-05,0.0,2.44628063228447e-06,0.0,4.9401373871660326e-06,7.806799840182066e-05,5.993362719891593e-05,7.033706788206473e-05,5.02225557283964e-05,0.0004074798780493438,0.0013961715158075094,0.00016491192218381912,0.0019326329929754138,0.0014608637429773808,0.0010945857502520084,0.002041185274720192,1.9967483240179718e-05,0.0008858950459398329,0.0008499450050294399,5.708023672923446e-05,0.0004781093739438802,4.57603091490455e-05,1.194724791275803e-05,0.0,0.0,1.1024964805983473e-05,2.601207779662218e-05,0.0,3.712307443493046e-05,0.0005578050040639937,0.00013744029274675995,0.0010205050930380821,2.0039306036778726e-05,4.214140790281817e-05,0.005769568495452404,7.037001341814175e-05,4.008362157037482e-05,0.00043450473458506167,2.5722132704686373e-05,2.5768191335373558e-05,0.0007225819281302392,0.000279955129371956,0.0,0.00032943906262516975,0.0005047751474194229,2.3816046450519934e-05,0.000569487048778683,0.00038275346742011607,0.00028994306921958923,0.0016841116594150662,0.0005984583403915167,0.00020045728888362646,5.898643394175451e-06,1.7454205590183847e-05,5.776872785645537e-05,0.00014883422409184277,0.0,8.925321162678301e-05,0.00018426192400511354,0.000738492060918361
200306,0.0001569341984577477,6.459850555984303e-05,0.0,0.0003920513263437897,0.0003116358711849898,0.0008360735955648124,5.629625957226381e-05,1.4156874385662377e-05,0.0007105105905793607,1.5267160051735118e-05,0.00021992693655192852,0.0008580643334425986,0.0057524219155311584,2.9616945539601147e-05,0.0003459625586401671,4.8721471102908254e-05,0.0013099912321195006,0.00040832418017089367,1.5064727449498605e-05,0.00023928124574013054,0.0004229024925734848,3.329170067445375e-05,2.0386687538120896e-05,0.0003700634988490492,7.897155592218041e-05,8.499935938743874e-05,4.760493538924493e-06,0.001458824030123651,0.0,0.0,0.00017019116785377264,3.6538797303364845e-06,0.0010277446126565337,9.510802919976413e-05,0.00036023417487740517,3.859875141642988e-05,0.00017679501615930349,0.0,9.271846465708222e-06,8.784318197285756e-05,0.00025060176267288625,0.00015052422531880438,3.162858047289774e-05,1.3347656022233423e-05,1.1092572094639763e-05,0.0001543544785818085,0.0004197965608909726,0.0009486644994467497,0.0002449328894726932,0.0008925461443141103,0.0004923712695017457,0.003066339995712042,0.00018753290351014584,5.7326014939462766e-05,0.0,0.0,2.7152069378644228e-05,9.02446117834188e-06,5.018971205572598e-05,7.964947144500911e-05,0.00014180874859448522,5.7322813518112525e-05,0.00041411587153561413,0.002240118570625782,0.00013351441884879023,0.0021406805608421564,0.00142797885928303,0.0010794202098622918,0.0020074681378901005,7.650243787793443e-06,0.00083756516687572,0.0007170587778091431,4.234976222505793e-05,0.00042643098277039826,2.8294167350395583e-05,0.0,0.0,6.732938800269039e-06,1.7873389879241586e-05,8.748962136451155e-05,4.310733402235201e-06,3.615493915276602e-05,0.0005441595567390323,9.195528400596231e-05,0.0008820095681585371,2.140253309335094e-05,1.3917744581704028e-05,0.006025657989084721,1.5076555428095162e-05,1.3711296560359187e-05,0.0006363412248902023,4.1322175093228e-05,9.331166802439839e-05,0.000706303515471518,0.0003735617792699486,5.587959321928793e-07,0.0002815065090544522,0.0006969414534978569,1.5980962416506372e-05,0.00054334313608706,0.0003892286622431129,0.000298375787679106,0.0018305473495274782,0.00046021872549317777,0.00013546360423788428,1.570024778629886e-06,2.4495682737324387e-05,2.554980710556265e-05,7.680535782128572e-05,0.0,3.687169009936042e-05,0.00017499938257969916,0.000834896694868803
200307,0.0001445186644559726,5.213842814555392e-05,1.3559079889091663e-05,0.0009372097556479275,0.0002727949758991599,0.0008570829522795975,4.156275463174097e-05,0.0,0.0005502963322214782,6.734649559803074e-06,0.00012156166485510767,0.0008036794606596231,0.005601819604635239,7.898012700024992e-05,0.0005157083505764604,2.9142956918803975e-05,0.001046760007739067,0.00036992484820075333,9.110563951253425e-06,0.00022347339836414903,0.0002718268078751862,2.781009925456601e-06,4.498929047258571e-05,0.0003670880978461355,9.292378672398627e-05,3.998114698333666e-05,8.40054144646274e-06,0.0015145422657951713,0.0,5.686798886017641e-06,0.00018098809232469648,2.5614226615289226e-06,0.0009989622049033642,9.557342127664015e-05,0.0003548540407791734,4.416120646055788e-05,0.00015811143384780735,8.290828191093169e-06,1.0620454986565164e-06,4.0997980249812827e-05,0.00033732265001162887,5.213816984905861e-05,1.6851401596795768e-05,1.1223873116250616e-05,2.2671811166219413e-05,0.00023424738901667297,0.00032529732561670244,0.001217387500219047,0.00043560698395594954,0.0009271161979995668,0.00041911989683285356,0.0034890207462012768,0.0,3.4002379834419116e-05,0.0,3.079250518567278e-06,0.0,5.05996013089316e-06,9.719053196022287e-05,0.0001328532671323046,0.00016636805958114564,6.156949530122802e-05,0.0003437963896431029,0.002118834061548114,0.0001451999123673886,0.0020898825023323298,0.0016421350883319974,0.0010894302977249026,0.0018933233805000782,2.6948877348331735e-05,0.0008264515781775117,0.0008017458603717387,8.97338250069879e-05,0.00041701141162775457,4.8428344598505646e-05,0.0,0.0,1.3470843441609759e-05,5.258351666270755e-05,1.0130140253750142e-05,3.055686875086394e-06,2.0274470443837345e-05,0.000551265140529722,0.00018053573148790747,0.0009590091067366302,4.721263030660339e-05,1.4062873560760636e-05,0.005774153396487236,2.7112562747788616e-05,2.6772326236823574e-05,0.0006733829504810274,4.630687180906534e-05,7.352561078732833e-05,0.0006972539704293013,0.0003110418620053679,1.4295267646957655e-05,0.0002694074937608093,0.0005141597357578576,9.70151086221449e-06,0.0005217274301685393,0.00041612490895204246,0.00025169094442389905,0.0018097334541380405,0.0006308812298811972,0.000207946402952075,3.082601324422285e-05,0.00010572597966529429,5.696757943951525e-05,6.798357208026573e-05,0.0,5.5347991292364895e-05,0.00011914555943803862,0.0005402672104537487
200308,0.00017302027845289558,6.781435513403267e-05,0.0,0.00045143452007323503,0.00030192325357347727,0.0009868512861430645,3.2616972021060064e-05,2.733104702201672e-05,0.0006040646112523973,1.9480186892906204e-05,8.51803706609644e-05,0.0007743245223537087,0.005519650410860777,4.9901354941539466e-05,0.00036387628642842174,4.359496961114928e-05,0.0009251344599761069,0.00036664659273810685,7.680436101509258e-05,0.00021787278819829226,0.00044406362576410174,4.694970994023606e-05,2.599387153168209e-05,0.0003343220741953701,0.00012279674410820007,6.555860454682261e-05,4.581151642923942e-06,0.0015101630706340075,1.516765132691944e-05,9.514249541098252e-06,0.0001443288492737338,0.0,0.000960534205660224,3.402191214263439e-05,0.0004376503638923168,3.792168354266323e-05,0.00019422952027525753,0.0,8.98846428754041e-06,5.936256638960913e-05,0.00017872973694466054,6.075355122447945e-05,2.082392165903002e-05,1.4200860277924221e-05,7.2058542173181195e-06,0.0001778256701072678,0.00046227985876612365,0.0011563055450096726,0.00030846495064906776,0.0009222886292263865,0.0005091195926070213,0.003995384089648724,1.914490530907642e-05,6.6281711042393e-05,0.0,0.0,0.0,1.3513593330571894e-05,9.506160859018564e-05,3.5703280445886776e-05,0.00015747244469821453,6.168831896502525e-05,0.0005145465256646276,0.0019487838726490736,0.00018803578859660774,0.002066892571747303,0.0015165891963988543,0.001034257118590176,0.0016479927580803633,1.8512349925003946e-05,0.0007804981432855129,0.0008422625833190978,7.673689106013626e-05,0.00048557683476246893,0.0001007372047752142,0.0,0.0,3.732998038685764e-06,1.5151838852034416e-05,8.561675349483266e-05,0.0,2.560239954618737e-05,0.0006040488951839507,0.00019184582924935967,0.0009193606092594564,5.509033508133143e-05,6.986754669924267e-06,0.005991288926452398,2.2441550754592754e-05,4.6092638513073325e-05,0.0005859650555066764,3.651086808531545e-05,4.3043444748036563e-05,0.0007383993361145258,0.000306981208268553,1.0418700185255148e-05,0.0002551339566707611,0.0007223189459182322,2.3217695343191735e-05,0.0005859885131940246,0.0003908035869244486,0.00023986589803826064,0.001788542838767171,0.0007329181535169482,0.00016431430412922055,5.618450086330995e-05,4.0366539906244725e-05,2.9227270715637133e-05,6.992059934418648e-05,0.0,6.081463652662933e-05,0.00010653056233422831,0.0007391325780190527
200309,0.0001755155681166798,7.327912317123264e-05,0.0,0.0006076890276744962,0.0003137989842798561,0.000980426906608045,3.645630204118788e-05,3.863699475914473e-06,0.0005016544018872082,7.367489615717204e-06,0.0001348653167951852,0.0009291204041801393,0.005967891775071621,1.2972719559911638e-05,0.0003215510514564812,6.475452391896397e-05,0.000967556843534112,0.0004824460484087467,3.5135456073476234e-06,9.47773878579028e-05,0.0003451871161814779,0.00010467082029208541,0.0,0.0003131724370177835,8.909244206734002e-05,6.479190051322803e-05,0.0,0.0024040506687015295,0.0,1.2365505426714662e-05,0.0002329548296984285,2.3696084099356085e-06,0.0009636587928980589,8.220423478633165e-05,0.0002710174594540149,4.975005140295252e-05,0.0003098662418778986,1.8903179807239212e-05,1.2615757896128343e-06,7.743998867226765e-05,0.00023949614842422307,4.765794437844306e-05,1.9852355762850493e-05,7.113450465112692e-06,1.1354175512678921e-05,0.0002095930540235713,0.00040249372250400484,0.0011638072319328785,0.000431319436756894,0.0007642207783646882,0.0004748208448290825,0.0035763229243457317,6.868477794341743e-05,9.065563790500164e-05,0.0,3.2387454211857403e-06,0.0,0.0,4.5986587792867795e-05,0.000102491736470256,0.0002960582496598363,2.4444983864668757e-05,0.00044378291931934655,0.0020550661720335484,0.00019187069847248495,0.002115183509886265,0.0016427163500338793,0.0011201624292880297,0.001727990573272109,7.773539255140349e-05,0.0007227352471090853,0.0006872233934700489,3.8859030610183254e-05,0.0004858667671214789,0.00011761739733628929,0.0,0.0,0.0,6.229447080841055e-06,4.113353861612268e-05,2.9279601676535094e-06,4.450166306924075e-05,0.0006164495716802776,9.696806955616921e-05,0.0009221750660799444,5.725833398173563e-05,0.0,0.005708205047994852,3.7455894926097244e-05,2.372476228629239e-05,0.0006068843067623675,6.448678323067725e-05,0.00010665888839866966,0.0006538330344483256,0.0002838344080373645,4.676404842030024e-06,0.00027880389825440943,0.00036917702527716756,3.144470974802971e-05,0.0006590749253518879,0.0005882820696569979,0.0002508831094019115,0.001747036469168961,0.0006066466448828578,0.00017150596249848604,2.8659063900704496e-05,7.036303577478975e-05,1.7877888240036555e-05,6.230951839825138e-05,0.0,7.55107612349093e-05,7.546519918832928e-05,0.0007849682006053627
200310,0.00019070004054810852,6.741638208040968e-05,7.021423243713798e-06,0.0005852863541804254,0.00034662248799577355,0.0011137929977849126,2.6715522835729644e-05,1.6144125766004436e-05,0.0005923770368099213,2.0330899133114144e-05,0.0001242642756551504,0.0009047277853824198,0.0059620230458676815,2.7585077987168916e-05,0.0003067931975238025,6.529347592731938e-05,0.0010115240002050996,0.00039921278948895633,1.19242633900285e-06,0.00023541759583167732,0.0004788095538970083,5.3304458560887724e-05,3.471482341410592e-05,0.0003138505853712559,7.971333980094641e-05,4.697842450696044e-05,9.80947970674606e-06,0.0015127909136936069,0.0,2.8783319976355415e-06,0.00017742262571118772,0.0,0.0010885181836783886,5.0355520215816796e-05,0.00039870667387731373,5.501091800397262e-05,0.00020295527065172791,3.426015246077441e-05,8.514684850524645e-06,0.0,0.0003551451372914016,1.104928924178239e-05,7.817815458111e-06,1.030921885103453e-05,1.002302178676473e-05,0.00033295832690782845,0.0004423844220582396,0.0009874934330582619,0.00011572351650102064,0.0006121410988271236,0.00031262595439329743,0.0036806503776460886,0.0,5.559036071645096e-05,0.0,0.0,4.622946562449215e-06,1.6431155017926358e-05,7.194428326329216e-05,6.867620686534792e-05,0.00024082961317617446,3.564119106158614e-05,0.0004064723034389317,0.0018728383583948016,0.0001901534415083006,0.0023112318012863398,0.0014145555905997753,0.0010102574015036225,0.0019766404293477535,1.0323708465875825e-06,0.0008737291791476309,0.0008270633989013731,4.2114872485399246e-05,0.0005187132046557963,7.792396354489028e-05,0.0,0.0,0.0,2.392433088971302e-06,7.533583993790671e-05,0.0,1.790118585631717e-05,0.0005581771838478744,7.048906263662502e-05,0.0008902068366296589,8.813838212518021e-05,5.211541520111496e-06,0.005789769813418388,2.463054443069268e-05,1.9853598132613115e-05,0.0005315804737620056,3.3683903893688694e-05,5.7140619901474565e-05,0.0006324857240542769,0.0004128580039832741,0.0,0.0002120885328622535,0.0006361544947139919,1.4055003703106195e-05,0.0005486094742082059,0.00034789941855706275,0.00018048867059405893,0.002079922007396817,0.0007616521907038987,0.00015734214684925973,4.2581661546137184e-05,3.8833764847368e-05,6.9490670284722e-05,4.5966047764522955e-05,0.0,9.63526836130768e-05,0.00010398398444522172,0.0005521714338101447
200311,0.00011923749116249382,6.324389687506482e-05,0.0,0.0009067548089660704,0.0002749522973317653,0.0010956624755635858,6.766415026504546e-05,1.2945783964823931e-05,0.0005338032497093081,0.0,0.00011949106556130573,0.0007424707291647792,0.0049856193363666534,9.43940813158406e-06,0.0004913698066957295,8.841306407703087e-05,0.000946568907238543,0.00031609481084160507,1.6758317542553414e-06,0.00025310931960120797,0.0006909490330144763,2.941191996796988e-05,1.2102765140298288e-05,0.00032993953209370375,0.00011358957272022963,2.952433715108782e-05,1.4007936442794744e-05,0.0010215847287327051,0.0,0.0,0.00016288629558403045,0.0,0.0013651332119479775,6.725078128511086e-05,0.000217301698285155,6.125955405877903e-05,0.0002740141353569925,4.4021660869475454e-05,0.0,2.404078077233862e-05,0.0002691344707272947,8.376705227419734e-05,4.178817107458599e-06,2.2137886844575405e-05,5.28206464878167e-06,0.00021014444064348936,0.0004365774220786989,0.0012088181683793664,0.00019335570686962456,0.0005423341644927859,0.0003814994415733963,0.0035514081828296185,2.8971038773306645e-05,8.673148113302886e-05,0.0,0.0,0.0,3.990428012912162e-06,0.0001041987125063315,4.325224654166959e-05,0.00014987561735324562,0.00027461390709504485,0.00046726735308766365,0.002237156266346574,0.0001582105760462582,0.002062589395791292,0.0011253368575125933,0.0009944660123437643,0.0017076656222343445,0.0,0.0008879023371264338,0.0009040720760822296,6.47533088340424e-05,0.0006463224999606609,0.00015288189752027392,1.7898435089591658e-06,0.0,0.0,1.352605158899678e-05,1.2031643564114347e-05,0.0,1.4781840036448557e-05,0.0006700968951918185,8.552835060982034e-05,0.0009336692746728659,3.8914582546567544e-05,2.1051808289485052e-05,0.005742166191339493,2.8005082640447654e-05,1.1566638022486586e-05,0.0006893036188557744,2.5385359549545683e-05,1.331606472376734e-05,0.0007565963314846158,0.00045132008381187916,3.776634912355803e-06,0.00016664281429257244,0.0004436578892637044,3.2385987651650794e-06,0.000547267438378185,0.00025404704501852393,0.00028056104201823473,0.0017168748890981078,0.0007345991907641292,0.00024439074331894517,0.0,4.607310256687924e-05,4.3500807805685326e-05,9.227422560798004e-05,0.0,6.0229871451156214e-05,0.00018755400378722697,0.0007068393751978874
200312,0.00022057424939703196,5.0681079301284626e-05,3.5342334285815014e-06,0.0010983466636389494,0.0003727040602825582,0.000941999489441514,3.441728404141031e-05,9.79148353508208e-06,0.00046455595293082297,0.0,0.00011935206566704437,0.000845265865791589,0.005636649206280708,4.449008702067658e-05,0.0003979089960921556,0.00010182434925809503,0.001162161584943533,0.00026084366254508495,3.0508838335663313e-06,0.00019218363740947098,0.0004757051356136799,6.440597644541413e-05,1.3877762285119388e-05,0.0003436299739405513,0.00012824013538192958,4.051476207678206e-05,5.753874575020745e-06,0.0014628409408032894,0.0,5.923750450165244e-06,0.00013801356544718146,0.0,0.0012181081110611558,3.9537106204079464e-05,0.0002928796166088432,2.9967326554469764e-05,0.00021276605548337102,0.0,9.401009265275206e-06,2.1237567125353962e-05,0.00028288099565543234,8.776278991717845e-05,2.118610791512765e-05,1.9009683455806226e-05,3.805246478805202e-06,0.00016549926658626646,0.00041029893327504396,0.0011504821013659239,8.40206048451364e-05,0.0003428255149628967,0.0003579780168365687,0.0035765536595135927,0.0,8.753528527449816e-05,9.778373168956023e-06,0.0,0.0,7.71156010159757e-06,0.00012938685540575534,6.63445025566034e-05,0.0001678411936154589,9.298363147536293e-05,0.0005945441080257297,0.0019511190475896,0.00018489222566131502,0.0022626270074397326,0.0011455052299425006,0.0009735074709169567,0.0018288081046193838,2.3224608867167262e-06,0.0006653282907791436,0.0009359300602227449,3.594331064959988e-05,0.0006643800297752023,7.198111416073516e-05,0.0,1.0935437785519753e-05,3.574282800400397e-06,0.0,1.9383442122489214e-05,8.46815873956075e-06,2.72429570031818e-05,0.0007410164689645171,0.00022290971537586302,0.0009078828734345734,3.2886266126297414e-05,1.2137761586927809e-05,0.005876630544662476,2.6083887860295363e-05,1.895717559818877e-06,0.0005772929871454835,2.0984947695978917e-05,7.188795279944316e-05,0.000591944030020386,0.0003588699037209153,5.891420187253971e-06,0.00019951911235693842,0.0004455425951164216,3.032385848200647e-06,0.0005496555822901428,0.0004369759699329734,0.00044917312334291637,0.0015492921229451895,0.0007402224582619965,0.0002476427471265197,6.055157882656204e-06,5.387202327256091e-05,5.7310855481773615e-05,9.554188000038266e-05,0.0,9.531631076242775e-05,0.00012426931061781943,0.0007229770417325199
200401,1.8868046026909724e-05,0.0,1.4389877378562232e-06,0.0,0.0,8.406746928812936e-05,3.94878770748619e-06,3.20602879355647e-07,0.0,5.55964879822568e-06,0.0,5.308385198077303e-07,0.0008022361434996128,8.167879059328698e-06,3.467237320364802e-06,4.301511125959223e-06,7.766499038552865e-06,0.0,0.0,1.302309556194814e-05,5.698509085050318e-06,6.5616509346000385e-06,0.0,2.4559190933359787e-05,0.0,5.078869435237721e-06,0.0,0.00011552983778528869,0.0,0.0,1.6583153410465457e-05,0.0,2.1819392713950947e-05,0.0,1.0050083801615983e-05,1.2782552403223235e-06,4.113989689358277e-06,0.0,0.0,0.0,3.418822234380059e-05,1.0882770766329486e-05,0.0,8.372803677048068e-06,0.0,0.0,2.0260408746253233e-06,1.2939308362547308e-05,6.209734419826418e-05,8.634103141957894e-05,6.090341048547998e-05,0.0004786263743881136,0.0,1.6967069313977845e-05,0.0,0.0,0.0,0.0,0.0,0.0,0.0,3.937938345188741e-06,1.201640407089144e-05,0.00036202825140208006,7.965624035932706e-07,0.0003025533223990351,0.00018196289602201432,0.0001448036782676354,0.00016299275739584118,0.0,7.463278507202631e-06,0.0,0.0,3.267061856604414e-06,4.843703209189698e-06,0.0,0.0,0.0,0.0,7.249374448292656e-06,0.0,3.376109134478611e-06,2.5340905267512426e-05,3.1830219086259604e-05,8.361511390830856e-06,5.76060210732976e-06,0.0,0.000831152661703527,3.3000760595314205e-06,0.0,3.818064215010963e-06,0.0,0.0,3.4187902201665565e-05,1.0540995390329044e-05,0.0,7.548138000856852e-06,6.581403340533143e-06,0.0,9.529398994345684e-06,1.2730022717732936e-05,2.159140058211051e-05,2.1705696781282313e-05,5.132700243848376e-05,1.854213587648701e-05,3.4951622183143627e-06,0.0,3.230977654311573e-06,1.3474674460667302e-06,0.0,1.370748123008525e-06,3.956131877203006e-06,6.475871487054974e-06
200402,2.0833491362282075e-05,0.0,0.0,4.329141120251734e-06,0.0,6.97689174558036e-05,1.446886358280608e-06,1.8348974890614045e-06,0.0,5.1460428949212655e-06,0.0,0.0,0.0008024934795685112,4.624183475243626e-06,4.2465203478059266e-06,1.4388598401637864e-06,1.4912306141923182e-05,0.0,0.0,2.5244216885766946e-05,2.6558440367807634e-05,0.0,0.0,2.0418898202478886e-05,0.0,5.465440153784584e-06,7.994413522283139e-07,9.48672677623108e-05,0.0,0.0,1.1259917300776578e-05,0.0,1.4771672795177437e-05,0.0,7.512399406550685e-06,7.829703463357873e-07,1.2375398910080548e-05,0.0,0.0,2.4023613605095306e-06,3.094419662375003e-05,1.2159195648564491e-05,0.0,2.485103323124349e-07,0.0,7.558279321528971e-06,4.317057573643979e-06,1.904579039546661e-05,6.958148878766224e-05,0.0001068732381099835,6.05099048698321e-05,0.000499495945405215,0.0,1.705250542727299e-05,0.0,0.0,0.0,0.0,0.0,0.0,0.0,3.800373633566778e-06,1.3064603081147652e-05,0.00033267034450545907,3.2955997539829696e-06,0.0003173738077748567,0.000196143111679703,0.0001450188719900325,0.00017781017231754959,0.0,9.048780157172587e-06,0.0,0.0,0.0,0.0,0.0,0.0,0.0,0.0,3.1029790079628583e-06,0.0,1.0596919537420035e-06,3.963057679357007e-05,3.475409539532848e-05,1.5319801605073735e-05,5.936025445407722e-06,0.0,0.0008605836774222553,1.977477495529456e-06,0.0,1.8321853758607176e-06,0.0,0.0,2.9642063964274712e-05,0.0,0.0,2.7897733616555342e-06,2.8799031497328542e-06,4.810265750165854e-07,5.6756425692583434e-06,2.2594698748434894e-05,0.0,2.3444412363460287e-05,4.77626635984052e-05,2.918014070019126e-05,0.0,0.0,1.0761263183667324e-05,2.1786056549899513e-06,0.0,0.0,2.087057737298892e-06,1.1715793334587943e-05
200403,1.9017068552784622e-05,1.9488790314881044e-07,0.0,0.0,0.0,8.788468403508887e-05,0.0,0.0,0.0,0.0,0.0,0.0,0.0008320896304212511,4.348014044808224e-06,2.3034444893710315e-06,6.15699991612928e-06,4.319911386119202e-05,0.0,0.0,8.671063369547483e-06,1.2044209825035068e-06,2.814136223605601e-06,4.6301278189275763e-07,2.393026625213679e-05,0.0,6.49644061923027e-06,0.0,8.147845073835924e-05,0.0,0.0,1.161965792562114e-05,0.0,7.317921244975878e-06,0.0,8.261536095233168e-06,0.0,2.347741428820882e-06,0.0,1.1466916021163343e-06,0.0,3.555829971446656e-05,1.0546044904913288e-05,9.501134741185524e-07,1.344447628071066e-05,0.0,6.876414772705175e-06,4.5015872274234425e-06,2.6865120162256062e-05,5.088163015898317e-05,9.873219096334651e-05,6.040749576641247e-05,0.00046953101991675794,0.0,2.004882480832748e-05,0.0,0.0,0.0,0.0,0.0,0.0,0.0,7.297932825167663e-06,1.413694644725183e-05,0.00039344315882772207,4.400591478770366e-06,0.0003062780015170574,0.00016617230721749365,0.00015811707999091595,0.00016173500625882298,5.322112315298e-07,7.661757081223186e-06,2.8714993050016346e-07,0.0,6.146496161818504e-06,2.3241252620209707e-06,0.0,0.0,0.0,7.284639309546037e-07,1.1683040611387696e-05,0.0,2.2111391899670707e-06,2.104599479935132e-05,3.439196734689176e-05,1.483383857703302e-05,1.570358449498599e-06,0.0,0.0008562243892811239,4.5237626977723266e-07,0.0,8.491979315294884e-06,2.2684444900278322e-07,0.0,4.724466270999983e-05,1.0168954759137705e-05,0.0,1.3082897567073815e-05,3.2943692076514708e-06,0.0,5.390636488300515e-06,1.5888370398897678e-05,7.860872756282333e-06,1.4280582036008127e-05,5.299107215250842e-05,1.886856261990033e-05,2.4225716970249778e-06,0.0,3.261053279857151e-06,1.4500396900984924e-06,0.0,3.4851229884225177e-06,7.414605079247849e-06,1.6138176306412788e-06
200404,1.5794465070939623e-05,2.072721088097751e-07,0.0,0.0,0.0,0.0001082359958672896,0.0,7.47622209473775e-07,0.0,4.9825339374365285e-06,0.0,9.661055173637578e-07,0.0007978823850862682,2.406489102213527e-06,0.0,4.464395260583842e-06,1.8991318938788027e-05,2.8796910100936657e-06,0.0,1.6311862054863013e-05,5.831197995576076e-06,3.169401907143765e-06,7.589280812680954e-07,2.050320472335443e-05,0.0,4.4339171836327296e-06,2.186738896625684e-07,3.8314650737447664e-05,0.0,0.0,1.3156810382497497e-05,0.0,1.6710877389414236e-05,0.0,1.792401963029988e-05,0.0,4.476651156437583e-06,0.0,0.0,0.0,2.434135058138054e-05,1.9650004105642438e-05,0.0,0.0,0.0,4.654745680454653e-06,0.0,3.965912037529051e-05,7.991811435203999e-05,0.00011772750440286472,5.822157618240453e-05,0.0004932224983349442,0.0,1.3267093891045079e-05,0.0,0.0,0.0,0.0,0.0,0.0,0.0,0.0,9.646380931371823e-06,0.0003596012538764626,3.1178149129118538e-06,0.00031643122201785445,0.00016953871818259358,0.0001471533760195598,0.00014933239435777068,3.8080322610767325e-06,1.1808546332758851e-05,0.0,0.0,5.808682544738986e-06,4.974315743311308e-06,0.0,0.0,0.0,0.0,0.0,0.0,2.2538310986419674e-06,2.453759043419268e-05,3.150707925669849e-05,1.567947765579447e-05,5.140610483067576e-06,0.0,0.000844122376292944,0.0,0.0,6.32006413070485e-06,0.0,0.0,5.326847895048559e-05,1.0703859516070224e-05,0.0,9.904591024678666e-06,9.193726327794138e-06,0.0,2.39494056586409e-05,2.876949838537257e-05,4.1163280002365354e-06,1.539779987069778e-05,5.110989877721295e-05,1.4357873624248896e-05,0.0,0.0,5.389411853684578e-06,0.0,0.0,0.0,6.548116289195605e-06,2.6847050321521237e-05
200405,1.671790778345894e-05,3.044218829018064e-06,0.0,5.957996108918451e-06,0.0,0.0001088611752493307,3.1750569178257138e-06,0.0,0.0,1.0342592986489763e-06,0.0,0.0,0.0007367718499153852,5.3068124543642625e-06,2.281853994645644e-06,0.0,1.9758195776375942e-05,1.2676083542828565e-06,0.0,2.3398673874908127e-05,5.0420567276887596e-06,4.949971298628952e-06,0.0,1.7772017599781975e-05,0.0,4.013317266071681e-06,0.0,3.1171053706202656e-05,0.0,0.0,2.735485031735152e-05,0.0,8.284676368930377e-06,0.0,1.068907840817701e-05,2.5842543891485548e-06,9.297314136347268e-06,0.0,0.0,0.0,3.1272189517039806e-05,1.6957177422227687e-06,0.0,4.798809641215485e-06,0.0,5.033134584664367e-06,4.226691999065224e-06,4.0821381844580173e-05,6.645662506343797e-05,7.78297835495323e-05,6.244651012821123e-05,0.00047791784163564444,0.0,1.5737430658191442e-05,0.0,0.0,0.0,0.0,0.0,0.0,0.0,6.415455118258251e-06,8.026041541597806e-06,0.00036878621904179454,1.4575334716937505e-06,0.0002536324318498373,0.00017484163981862366,0.00014383465168066323,0.00014817580813542008,8.150849453159026e-07,7.149645171011798e-06,0.0,0.0,6.424122148018796e-06,0.0,0.0,0.0,3.399366505618673e-06,0.0,5.3622338782588486e-06,0.0,3.1267309168470092e-06,2.695406692510005e-05,3.319196912343614e-05,9.295828931499273e-06,3.6537910546030616e-06,0.0,0.000851100601721555,1.5252867342496756e-06,0.0,0.0,9.508607377028966e-07,0.0,2.8532504074973986e-05,7.037990144453943e-06,0.0,3.307221277282224e-06,7.375017048616428e-06,0.0,2.891848998842761e-05,2.1314219338819385e-05,1.2977277947356924e-05,1.6247722669504583e-05,4.297826671972871e-05,2.8299196856096387e-05,0.0,2.0696370484074578e-06,5.668241101375315e-06,0.0,0.0,0.0,2.7557962312130257e-06,2.847450787157868e-06
200406,1.8459690181771293e-05,1.4364092066898593e-06,0.0,0.0,0.0,0.00011169682693434879,1.9371034341020277e-06,9.189800493913935e-07,0.0,5.175263140699826e-06,0.0,4.6173866508070205e-07,0.0006795519730076194,5.418422119873867e-07,2.4268499601021176e-06,0.0,1.9340459402883425e-05,0.0,0.0,1.9690052795340307e-05,1.5636915122740902e-05,2.7518472052179277e-06,0.0,1.91735707630869e-05,0.0,6.106805358285783e-06,0.0,3.565575752872974e-05,0.0,4.082598024979234e-06,9.404261618328746e-06,0.0,1.2118389349780045e-05,0.0,1.3193077393225394e-05,9.02516774203832e-07,4.693732535088202e-06,0.0,0.0,0.0,3.0001154300407507e-05,1.4476190699497238e-05,1.0338897027395433e-06,0.0,0.0,5.566480922425399e-06,0.0,1.606178739166353e-05,7.601761171827093e-05,7.234127406263724e-05,7.097990601323545e-05,0.0004289050411898643,0.0,1.2251124644535594e-05,0.0,0.0,0.0,0.0,0.0,0.0,0.0,1.054758467944339e-05,1.2807621715182904e-05,0.0003746576840057969,2.9254974833747838e-06,0.00027485130704008043,0.00017518462846055627,0.00016460043843835592,0.00013442823546938598,6.591772034880705e-07,1.1578625162655953e-05,0.0,0.0,2.612183834571624e-06,0.0,0.0,0.0,0.0,7.913045578789024e-07,4.706685103883501e-06,0.0,1.18549451144645e-06,2.2133264792500995e-05,1.776415047061164e-05,2.144263817172032e-05,1.764021476446942e-06,0.0,0.0008557081455364823,1.7131078493548557e-06,0.0,1.5292293937818613e-06,5.324330913936137e-07,0.0,3.61033744411543e-05,0.0,0.0,1.346744829788804e-05,1.2113811862946022e-05,0.0,1.153293123934418e-05,2.8213706173119135e-05,8.281000191345811e-06,2.075126758427359e-05,6.111732363933697e-05,2.3610526113770902e-05,0.0,0.0,2.77608455689915e-06,2.9835730401828187e-06,0.0,0.0,1.9623275875346735e-06,1.5158072528720368e-05
200407,1.721713488223031e-05,4.069358055858174e-06,0.0,0.0,0.0,9.14326446945779e-05,0.0,0.0,0.0,4.653508312912891e-06,1.3259794968689675e-06,0.0,0.0006315798964351416,1.0983293350363965e-06,2.4495625439158175e-06,0.0,2.515941741876304e-05,0.0,0.0,3.4202126698801294e-05,1.4963232388254255e-05,3.356172328494722e-06,6.571366384378052e-07,1.694993807177525e-05,0.0,3.285144202891388e-06,0.0,2.253135244245641e-05,0.0,0.0,1.5324880223488435e-05,0.0,1.097422318707686e-05,0.0,2.3118589524528943e-05,1.9029149598281947e-06,7.963908501551487e-06,0.0,0.0,0.0,4.279539643903263e-05,3.5192751965951174e-06,6.982304512348492e-07,0.0,0.0,1.981521791094565e-06,1.1261402050877223e-06,3.14533244818449e-05,6.773243512725458e-05,3.26820372720249e-05,7.579547673230991e-05,0.00048503841389901936,0.0,1.0280417882313486e-05,0.0,0.0,0.0,0.0,0.0,0.0,0.0,1.4532511158904526e-05,1.5853684089961462e-05,0.0004146740830037743,2.6232398795400513e-06,0.0002746051468420774,0.0001890622079372406,0.00014490621106233448,0.00017258102889172733,0.0,7.6207247730053496e-06,2.8983242827962385e-07,0.0,6.004329407005571e-06,3.384765932423761e-06,0.0,0.0,0.0,0.0,1.9040670622416656e-06,0.0,2.457163191138534e-06,3.122436100966297e-05,2.711092383833602e-05,9.463175956625491e-06,3.0020182748558e-06,0.0,0.0008433946641162038,3.0815726859145798e-06,0.0,2.710793751248275e-06,5.368693223317678e-07,0.0,3.339871182106435e-05,0.0,0.0,3.2411905976914568e-06,1.224211428052513e-05,0.0,7.450145858456381e-06,1.8579248717287555e-05,1.480866558267735e-05,1.6689929907443002e-05,3.1016781576909125e-05,2.7099200451630168e-05,2.4089792987069814e-06,0.0,6.9721877480333205e-06,3.134520056846668e-06,0.0,1.3253666963919386e-07,4.967438599123852e-06,7.683856892981566e-06
200408,1.6854197383509018e-05,4.130399702262366e-06,0.0,3.8114455946924863e-06,0.0,0.00010679871775209904,0.0,0.0,0.0,0.0,0.0,0.0,0.0006472624954767525,5.259985755401431e-06,5.633689397654962e-06,6.7379287429503165e-06,3.7153611629037187e-05,0.0,0.0,3.919880327885039e-05,6.452308753068792e-06,0.0,1.1541023923200555e-06,1.989311567740515e-05,2.5482413548161276e-06,4.122131031181198e-06,5.376410285862221e-07,1.087305190594634e-05,0.0,6.121846922724217e-07,2.0123208742006682e-05,0.0,1.0499390555196442e-05,0.0,1.792724651750177e-05,1.990591044886969e-06,2.6735990559245693e-06,0.0,0.0,0.0,4.606798756867647e-05,8.359679668501485e-06,7.039067781988706e-07,3.2234137847808597e-07,0.0,1.0325949006073643e-05,1.0526464393478818e-05,1.8327345969737507e-05,8.834329491946846e-05,3.6533467209665105e-05,6.228447455214337e-05,0.000489730155095458,0.0,1.0812233085744083e-05,0.0,0.0,0.0,0.0,0.0,0.0,1.891550368782191e-06,1.2491751476773061e-05,1.9116769180982374e-05,0.0003836436662822962,1.5696491573180538e-06,0.00025803627795539796,0.00018202753562945873,0.00014578059199266136,0.00014598654524888843,7.359977303167398e-07,9.263359061151277e-06,0.0,0.0,2.480800276316586e-06,2.2134122446004767e-06,0.0,0.0,0.0,8.010256919988024e-07,3.830771220236784e-06,0.0,2.154124103981303e-06,3.1907711672829464e-05,2.0601240976247936e-05,5.029290605307324e-06,3.869176453008549e-06,0.0,0.0007964778342284262,0.0,0.0,5.692089416697854e-06,0.0,0.0,3.792446659645066e-05,0.0,0.0,7.832158189557958e-06,1.8368849623584538e-06,0.0,1.3318222045199946e-05,2.467124431859702e-05,1.613105632713996e-05,1.3544715329771861e-05,2.8013870178256184e-05,2.7797419534181245e-05,0.0,0.0,1.2145668733865023e-05,0.0,0.0,0.0,6.078870228520827e-06,1.8568009181763045e-05
200409,1.736961530696135e-05,4.243591774866218e-06,0.0,0.0,0.0,0.0001012494249152951,4.898978204437299e-06,1.4824732943452545e-06,0.0,0.0,0.0,3.6284788507146004e-07,0.0006457257550209761,4.676388925872743e-06,6.780912372050807e-06,0.0,2.805952863127459e-05,4.066082055942388e-06,0.0,2.5140454454231076e-05,8.364447239728179e-06,0.0,6.120293960520939e-07,2.0140791093581356e-05,0.0,3.7856996186746983e-06,6.247013288884773e-07,2.347552072023973e-05,0.0,0.0,2.899020728364121e-05,0.0,2.0778586986125447e-05,0.0,1.8787774024531245e-05,3.174222911184188e-06,1.0642713277775329e-05,0.0,7.065513614179508e-07,0.0,4.171332693658769e-05,6.298796506598592e-06,0.0,0.0,0.0,0.0,0.0,3.828236731351353e-05,6.158084579510614e-05,2.5928569812094793e-05,5.2523559133987874e-05,0.00047073414316400886,0.0,1.3844210116076283e-05,0.0,0.0,0.0,0.0,0.0,0.0,0.0,1.2418335245456547e-05,7.855534931877628e-06,0.0003750607429537922,7.438382567670487e-07,0.00025603765971027315,0.00015944195911288261,0.00016296144167426974,0.000129349748021923,7.352990678555216e-07,5.821901140734553e-06,1.9395243100461812e-07,0.0,6.640405445068609e-06,8.171193258021958e-06,0.0,0.0,0.0,7.018290489213541e-06,3.3662713576632086e-06,0.0,3.449446239756071e-06,2.993745874846354e-05,2.7789128580479883e-05,1.4543430552294012e-05,5.1858241931768134e-06,0.0,0.000791995320469141,0.0,0.0,0.0,0.0,0.0,3.291288885520771e-05,4.924891982227564e-06,0.0,3.6096460007684072e-06,8.967855364971911e-07,2.733622750383802e-07,3.343525168020278e-05,1.7709791791276075e-05,7.159329470596276e-06,1.8537568394094706e-05,5.73418856220087e-06,2.693309033929836e-05,0.0,0.0,1.663775219640229e-05,1.714514610284823e-06,0.0,0.0,0.0,3.4823537134798244e-05
200410,1.9569290088838898e-05,0.0,0.0,0.0,0.0,9.68917302088812e-05,2.6413813429826405e-06,0.0,0.0,6.014842256263364e-06,0.0,6.499345772681409e-07,0.0005561605212278664,5.303420948621351e-06,0.0,3.423445832595462e-06,3.786007800954394e-05,0.0,0.0,3.081442991970107e-05,1.6669935575919226e-05,2.9905495466664433e-06,1.6258849200312397e-06,1.7862948880065233e-05,2.511577577024582e-06,2.950892621811363e-06,0.0,2.9303917472134344e-05,0.0,0.0,1.1598483979469165e-05,0.0,1.9594261175370775e-05,0.0,1.3981379197502974e-05,2.63572792391642e-06,2.062829707938363e-06,0.0,0.0,0.0,2.384768595220521e-05,5.043946202931693e-06,0.0,5.844885436090408e-06,0.0,0.0,0.0,2.693474743864499e-05,5.4693908168701455e-05,2.9644370442838408e-05,5.110167330713011e-05,0.0004548115248326212,0.0,1.3760239198745694e-05,0.0,0.0,0.0,0.0,0.0,0.0,0.0,1.6894688087631948e-05,2.0700961613329127e-05,0.0004325884219724685,3.0983169381215703e-06,0.00024601721088401973,0.00016026444791350514,0.00016228707681875676,0.00014293666754383594,0.0,8.085747140285093e-06,1.5094067862264637e-07,0.0,9.896803021547385e-06,8.918519597500563e-06,0.0,0.0,0.0,0.0,2.6769814667204628e-06,0.0,4.124919996684184e-06,3.167214526911266e-05,2.0747427697642706e-05,9.981922630686313e-06,3.1760951060277876e-06,0.0,0.0008239082526415586,1.3230493323135306e-06,0.0,1.8065097719954792e-06,5.597783570010506e-07,0.0,4.542792885331437e-05,3.2583238862571307e-06,0.0,4.5520864659920335e-06,7.816491915946244e-07,0.0,2.434947782603558e-05,1.3950782886240631e-05,1.722945671644993e-05,2.0470000890782103e-05,3.467781061772257e-05,3.4583135857246816e-05,0.0,1.0249957540509058e-06,6.22068773736828e-06,2.4045477857725928e-06,0.0,2.8959680093976203e-06,1.4421936612052377e-05,2.341337858524639e-05
200411,1.2933337529830169e-05,4.440224529389525e-06,0.0,0.0,0.0,9.271017188439146e-05,1.6690075426595286e-05,1.5457201243407326e-06,0.0,4.458238890947541e-06,0.0,1.924847765621962e-07,0.000601194566115737,5.6658736866666e-06,2.1978141830913955e-06,3.7133784189791186e-06,2.580918589956127e-05,0.0,0.0,4.4804171920986846e-05,1.5305738997994922e-05,2.7555313408811344e-06,0.0,1.1149687452416401e-05,0.0,7.584712420793949e-06,5.645005103360745e-07,2.0411885998328216e-05,0.0,0.0,1.3114001376379747e-05,0.0,2.0072669940418564e-05,0.0,1.3505208698916249e-05,7.833984454919118e-06,7.375153018074343e-06,0.0,0.0,0.0,2.9392229407676496e-05,1.4970461961638648e-05,0.0,5.083745691081276e-06,0.0,1.132729903474683e-05,0.0,4.105072366655804e-05,2.6549458198132925e-05,4.6440763981081545e-05,5.557004624279216e-05,0.00044263029121793807,0.0,9.295999916503206e-06,0.0,0.0,0.0,0.0,2.4820096768962685e-06,0.0,0.0,1.4864184777252376e-05,1.4388170711754356e-05,0.00037083018105477095,5.883946414542152e-06,0.00025915371952578425,0.00017122566350735724,0.00017239092267118394,0.00015826603339519352,8.113401008813526e-07,7.939114766486455e-06,0.0,0.0,4.234551397530595e-06,0.0,0.0,0.0,0.0,8.184734952010331e-07,1.7886360410557245e-06,0.0,1.467898755436181e-06,1.4317769455374219e-05,3.172742799506523e-05,2.0414197933860123e-05,7.338695468206424e-06,0.0,0.000794344290625304,0.0,0.0,3.0232772587623913e-06,0.0,0.0,1.9641067410702817e-05,0.0,0.0,1.4018391084391624e-05,1.8419004845782183e-06,2.3008406060398556e-06,2.3664935724809766e-05,8.23316895548487e-06,7.934893801575527e-06,2.507972385501489e-05,2.304585541423876e-05,4.159210220677778e-05,0.0,0.0,6.460163604060654e-06,1.6406959275627742e-06,0.0,0.0,4.3194095269427635e-06,1.3338980352273211e-05
200412,1.133484056481393e-05,2.0454154991966789e-07,0.0,0.0,0.0,0.00011609632201725617,4.189818412214663e-07,6.473318308053422e-07,0.0,4.724062364402926e-06,0.0,0.0,0.0006386791937984526,3.803492518272833e-06,0.0,3.5880257200915366e-06,1.732968848955352e-05,4.308833013055846e-06,0.0,4.211580380797386e-05,1.006762158795027e-05,3.708448730321834e-06,6.736808586538245e-07,1.9041635823668912e-05,0.0,4.181213625997771e-06,0.0,2.2460075342678465e-05,0.0,0.0,2.0885450794594362e-05,0.0,5.175006663193926e-05,0.0,1.2444917047105264e-05,6.236181434360333e-06,0.0,0.0,0.0,0.0,4.117415664950386e-05,3.4125450838473625e-06,0.0,6.405239673767937e-06,0.0,0.0,1.2906541542179184e-06,3.932411709683947e-05,4.800576061825268e-05,1.8668335542315617e-05,5.2352770580910146e-05,0.0005383595125749707,0.0,1.4177459888742305e-05,0.0,0.0,0.0,0.0,0.0,0.0,0.0,1.4657898645964451e-05,1.3132055755704641e-05,0.0003712936886586249,2.3029267595120473e-06,0.0002777304034680128,0.00015997712034732103,0.00012837318354286253,0.000158810566063039,0.0,9.815936209633946e-06,0.0,0.0,1.9440927644609474e-05,2.782209094220889e-06,0.0,0.0,0.0,7.953867680043913e-07,3.6757937778020278e-06,0.0,3.4606650842761155e-06,3.330901745357551e-05,4.034056473756209e-05,1.477812202210771e-05,1.1808070667029824e-05,0.0,0.0007896852330304682,1.570995891597704e-06,0.0,0.0,7.274700806192413e-07,7.338605314544111e-07,3.87465552194044e-05,7.478337465727236e-06,0.0,3.078095232922351e-06,2.7337591745890677e-06,0.0,3.3483320294180885e-05,1.5521109162364155e-05,4.1841776692308486e-06,2.2014270143699832e-05,3.0273495212895796e-05,2.7005035008187406e-05,0.0,0.0,1.123861329688225e-05,0.0,0.0,0.0,5.971408882032847e-06,5.813458756165346e-06
200501,2.208686782978475e-05,4.176833954261383e-06,4.730880505121604e-07,2.2237292796489783e-05,4.015812919533346e-06,0.0001423673384124413,2.2525713575305417e-05,2.3397815311909653e-06,3.584671503631398e-05,8.837388122628909e-06,4.105540028831456e-06,2.4255878088297322e-05,0.0005738561740145087,6.006744570186129e-06,4.145334241911769e-05,1.3774865692539606e-05,6.00983839831315e-05,1.3405290701484773e-05,1.8867116295950837e-06,5.634465196635574e-05,4.725251710624434e-05,9.625026905268896e-06,1.911611661853385e-06,1.901062023534905e-05,6.225137440196704e-06,6.367788500938332e-06,1.6054858633651747e-06,2.4958077119663358e-05,9.826737823459553e-07,1.249991782970028e-06,3.708147778525017e-05,6.841156846348895e-06,0.00018993050616700202,8.399631042266265e-06,4.0191600419348106e-05,6.88625641487306e-06,1.017944759951206e-05,0.0,2.7597409371082904e-06,8.766522796577192e-07,5.9173646150156856e-05,9.738161679706536e-06,2.953423745566397e-06,1.6669073374941945e-05,5.7499851209286135e-06,7.489961262763245e-06,3.0423432690440677e-05,6.979592581046745e-05,0.0002026037691393867,4.9620743084233254e-05,5.3362000471679494e-05,0.0005550948553718626,0.0,2.006045360758435e-05,2.0255588424333837e-06,5.913895506637346e-07,3.029284698641277e-06,1.020132685880526e-06,4.412374437379185e-06,5.230102033237927e-06,7.490290499845287e-06,5.058820897829719e-05,4.7180936235236004e-05,0.00040034137782640755,2.399001459707506e-05,0.0003733321209438145,0.0002550029312260449,0.00015393945795949548,0.000181049297680147,3.2710388495615916e-06,4.182015618425794e-05,6.780858529964462e-05,3.9689080040261615e-06,3.523632403812371e-05,5.039953248342499e-05,7.732278390903957e-07,2.557541620262782e-06,1.359507791676151e-06,6.278279670368647e-06,9.756044164532796e-06,1.9391357000131393e-06,7.498093509639148e-06,4.9022048187907785e-05,5.212083851802163e-05,5.1166629418730736e-05,1.0069332347484306e-05,5.537307060876628e-06,0.0006328499293886125,4.06679100706242e-06,1.1161983820784371e-05,4.3603840822470374e-06,2.728095978454803e-06,8.515085028193425e-06,6.460087024606764e-05,2.4800176106509753e-05,8.31172542348213e-07,4.807838922715746e-05,1.6067791875684634e-05,4.872808858635835e-06,4.048310802318156e-05,4.7996236389735714e-05,4.928843554807827e-05,4.310474469093606e-05,4.2501113057369366e-05,4.942230589222163e-05,1.0164288823943934e-06,2.6086732418661995e-07,2.4884342565201223e-05,8.014638297026977e-06,0.0,4.613365945260739e-06,2.9127624657121487e-05,8.220666495617479e-05
200502,1.9242756025050767e-05,1.8000142745222547e-06,1.508950504103268e-06,1.681426692812238e-05,7.87892804510193e-06,0.00014213468239177018,5.6747489907138515e-06,6.402902272384381e-06,2.9363500289036892e-05,8.058742423600052e-06,7.730482138867956e-06,2.3371016141027212e-05,0.0006135582225397229,9.47770786297042e-06,5.3043593652546406e-05,1.1299678590148687e-05,4.7755249397596344e-05,1.2804851394321304e-05,1.0561606131886947e-06,4.863651702180505e-05,3.5721732274396345e-05,9.798931387194898e-06,2.6314010028727353e-06,1.6358273569494486e-05,2.07167477128678e-06,7.785450179653708e-06,7.784108220221242e-07,2.6280929887434468e-05,3.1395316000271123e-06,1.832717316574417e-06,2.861842767742928e-05,4.950530865244218e-07,0.0002428140287520364,1.0484161066415254e-05,4.510605867835693e-05,4.6208256208046805e-06,2.0124938600929454e-05,2.8552568664963474e-07,3.5250925520813325e-06,1.7804295566747896e-06,7.659356197109446e-05,1.2407147551130038e-05,2.990895609400468e-06,1.8881948562921025e-05,5.924745437368983e-06,2.8494646358012687e-06,1.6745683751651086e-05,7.810948591213673e-05,0.00025701860431581736,6.785822188248858e-05,5.969995982013643e-05,0.0005063665448687971,0.0,1.207324839924695e-05,0.0,4.890476361651963e-07,1.3371018212637864e-06,1.148700107478362e-06,4.930366685584886e-06,6.205368663358968e-06,1.1440707567089703e-05,3.910056329914369e-05,5.035775757278316e-05,0.00037961016641929746,2.234723979199771e-05,0.0003412156365811825,0.0002475055225659162,0.00017628293426241726,0.00020347238751128316,8.953839824243914e-06,3.4370135836070403e-05,4.6492612455040216e-05,1.5344394341809675e-06,2.8867383662145585e-05,5.663998672389425e-05,1.402947759743256e-06,4.796164603249053e-07,2.9428065317915753e-06,3.0520284326485125e-06,1.1343496225890703e-05,1.3519268122763606e-06,5.69935127714416e-06,5.29483295395039e-05,3.5740784369409084e-05,6.318889791145921e-05,3.644422577053774e-06,7.687410288781393e-06,0.0005870613385923207,5.097586381452857e-06,1.0663154171197675e-05,7.1832400863058865e-06,4.387175977171864e-06,6.633945304201916e-06,8.737793541513383e-05,1.645133124839049e-05,1.4699107850901783e-06,4.8744597734184936e-05,2.954150113509968e-05,4.520186394074699e-06,3.79243865609169e-05,3.9754613680997863e-05,5.252011396805756e-05,3.884797843056731e-05,2.6864840037887916e-05,4.863878712058067e-05,3.983891019743169e-06,3.374183563664701e-07,2.5278093744418584e-05,6.35854348729481e-06,0.0,6.001614565320779e-06,2.361779479542747e-05,6.896212289575487e-05
200503,1.5117047951207496e-05,5.811815753986593e-06,8.858528985911107e-07,1.6707224858691916e-05,3.160218284392613e-06,0.00011063704005209729,2.3564825823996216e-05,2.226973720098613e-06,3.068423757213168e-05,5.811061782878824e-06,8.690152753842995e-06,2.3735126887913793e-05,0.0005714351427741349,4.608926701621385e-06,4.5740023779217154e-05,7.619081770826597e-06,4.957017154083587e-05,1.3751231563219335e-05,1.5426079471581033e-06,5.893786874366924e-05,3.2683819881640375e-05,1.4873592590447515e-05,1.7915057242134935e-06,1.1430350241425913e-05,2.1171854314161465e-06,7.850732799852267e-06,2.372039716647123e-06,2.3055088604451157e-05,3.824020495812874e-06,2.17278511627228e-06,3.379478948772885e-05,2.4095338631013874e-06,0.00027487101033329964,1.4185755389917176e-05,3.747678056242876e-05,5.149110620550346e-06,1.1590223039092962e-05,6.708774549224472e-07,1.3115786714479327e-06,7.896668989815225e-07,6.657173798885196e-05,1.226547101396136e-05,2.3691502519795904e-06,1.9837620129692368e-05,3.479128963590483e-06,1.072808026947314e-05,2.511714046704583e-05,5.481571133714169e-05,0.0002801983500830829,7.260178244905546e-05,7.832855771994218e-05,0.0004644541477318853,0.0,1.6784244508016855e-05,0.0,3.104203472048539e-07,8.742972568143159e-08,5.957989515081863e-07,4.010810243926244e-06,2.7748060347221326e-06,1.4666161405330058e-05,4.9019206926459447e-05,4.815712236450054e-05,0.0004011219134554267,2.1279178326949477e-05,0.00035476338234730065,0.00025212622131220996,0.00014906776777934283,0.0002306022506672889,1.6699677871656604e-06,2.7864909498021007e-05,4.5946821046527475e-05,1.8050751577902702e-06,2.5658409867901355e-05,5.5613658332731575e-05,4.018207278022601e-07,0.0,5.670325208484428e-06,3.263356575189391e-06,2.091673741233535e-05,4.813995928998338e-06,5.995005722070346e-06,5.491965566761792e-05,3.6771540180779994e-05,6.686885899398476e-05,8.972225259640254e-06,6.913222023285925e-06,0.0005953523796051741,7.403785275528207e-06,1.601225812919438e-05,4.470327894523507e-06,3.0391970540222246e-06,1.198107929667458e-05,8.324124792125076e-05,1.7493484847364016e-05,1.7895603150464012e-06,4.220838309265673e-05,1.9374587282072753e-05,4.023381279694149e-06,3.550463225110434e-05,4.612507109413855e-05,2.8200587621540762e-05,4.549572986434214e-05,4.513794192462228e-05,4.201814590487629e-05,8.948172194322979e-07,0.0,2.2041424017515965e-05,7.728464879619423e-06,0.0,9.960691386368126e-06,3.167072281939909e-05,5.0505379476817325e-05
200504,1.9568400603020564e-05,3.7822078411409166e-06,6.379455186333871e-08,1.4568508959200699e-05,4.688026365329279e-06,0.0001046187462634407,2.5231858671759255e-05,4.872124463872751e-06,3.0722181691089645e-05,1.3315409887582064e-05,5.900270934944274e-06,2.807598684739787e-05,0.0005846895510330796,5.971211976429913e-06,4.033106961287558e-05,7.672270839975681e-06,6.453371315728873e-05,1.7850268704933114e-05,1.1040552863050834e-06,5.6788430811138824e-05,3.698621367220767e-05,9.05240904103266e-06,2.194073658756679e-06,8.992504263005685e-06,8.349450581590645e-06,7.104904852894833e-06,2.9834909582859837e-06,3.305013888166286e-05,4.856735358771402e-06,1.89582817711198e-06,3.0369999876711518e-05,7.453830903614289e-07,0.0002034900098806247,9.030058208736591e-06,4.812922634300776e-05,4.1183143366652075e-06,1.0587476936052553e-05,0.0,2.9783773243252654e-06,1.5136167803575518e-06,7.58831956773065e-05,1.5806092051207088e-05,2.9263940177770564e-06,2.3734779460937716e-05,2.2357539819495287e-06,1.7727525118971244e-05,1.594680179550778e-05,6.788945029256865e-05,0.000303850945783779,6.368022877722979e-05,6.33184754406102e-05,0.00047142631956376135,2.7287362058814324e-07,1.803711347747594e-05,9.373060834150237e-07,1.175350689663901e-06,5.93833135553723e-07,5.73491661270964e-07,2.696544015634572e-06,3.180406565661542e-06,8.939188774093054e-06,4.864675793214701e-05,3.940064198104665e-05,0.0004295747203286737,1.546694511489477e-05,0.0003465343324933201,0.00025529455160722136,0.00017224781913682818,0.00019745228928513825,4.53670008937479e-06,3.978371387347579e-05,4.641173654817976e-05,1.6467614614157355e-06,3.480111627141014e-05,5.3125291742617264e-05,7.478499242097314e-07,5.170513759367168e-07,5.681136826751754e-06,5.722001787944464e-06,1.08711328721256e-05,2.5917797756846994e-06,7.197882041509729e-06,5.993486047373153e-05,3.100588219240308e-05,2.958159711852204e-05,1.2272614185349084e-05,3.843884314846946e-06,0.0006264350959099829,6.217935606400715e-06,1.4090323929849546e-05,5.128149041411234e-06,2.9069472020637477e-06,1.7616688637644984e-05,8.857896318659186e-05,1.5418798284372315e-05,7.659735388187983e-07,3.166946044075303e-05,2.3251966922543943e-05,3.6972664929635357e-06,3.0329343644552864e-05,3.377675238880329e-05,3.6958834243705496e-05,3.882026067003608e-05,2.53784437518334e-05,4.9704929551808164e-05,1.7117769175456488e-06,7.292526333912974e-07,3.240090882172808e-05,5.548382432607468e-06,8.829579201119486e-07,9.689811122370884e-06,2.1027584807598032e-05,7.363341137534007e-05
200505,1.686687392066233e-05,2.6952177449857118e-06,6.740141884620243e-07,2.7903439331566915e-05,5.191898708289955e-06,0.00013301635044626892,1.6645295545458794e-05,3.3245287340832874e-06,4.3996780732413754e-05,7.477931831090245e-06,4.4244129639992025e-06,3.9181948523037136e-05,0.0005831786547787488,1.0219335308647715e-05,5.7688426750246435e-05,1.553159199829679e-05,4.697008989751339e-05,1.630638143979013e-05,1.496890604357759e-06,5.683657946065068e-05,4.147522122366354e-05,1.3152946849004366e-05,2.411682544334326e-06,1.3340450095711276e-05,3.930218554160092e-06,5.819373654958326e-06,2.1659832327713957e-06,3.1529099942417815e-05,8.552847816645226e-07,3.590749884097022e-06,1.5861684005358256e-05,2.2370932128978893e-06,0.00021268137788865715,1.1128619917144533e-05,3.5174387448932976e-05,3.8012865388736827e-06,1.8811078916769475e-05,4.854156486544525e-06,4.217613877699478e-06,6.15853878116468e-07,6.768533057766035e-05,1.2901880836579949e-05,3.575445816750289e-06,1.2725155102089047e-05,3.1551983283861773e-06,1.6424319255747832e-05,1.6101244909805246e-05,7.799745071679354e-05,0.00022215633362066,7.849730172893032e-05,7.721578003838658e-05,0.000526386545971036,1.4571162409993121e-07,2.061826853605453e-05,2.5099814138229704e-06,2.9419092584248574e-07,3.0221867746149655e-06,7.942945217109809e-07,2.51894311986689e-06,1.1595334825642567e-07,1.0532343367231078e-05,3.4890421375166625e-05,3.6971807276131585e-05,0.000432473054388538,8.125278327497654e-06,0.00034585135290399194,0.00027261878130957484,0.00016754271928220987,0.0002015967620536685,4.229206751915626e-06,3.0180155590642244e-05,5.216857971390709e-05,4.133889433433069e-06,4.075294782523997e-05,3.508853114908561e-05,2.3777511160005815e-06,0.0,5.329460236680461e-06,3.7793047340528574e-06,1.1722207091224845e-05,2.798808509396622e-06,5.794162916572532e-06,6.378592661349103e-05,5.0962909881491214e-05,4.678785990108736e-05,7.283515515155159e-06,7.395291959255701e-06,0.0005620337324216962,5.0780208766809665e-06,5.340191819414031e-06,9.810451047087554e-06,3.197010528310784e-06,1.577616967551876e-05,6.483680772362277e-05,1.1915138202311937e-05,1.0011340236815158e-06,3.1819370633456856e-05,2.297940409334842e-05,3.818979621428298e-06,3.9348618884105235e-05,3.304957863292657e-05,2.524331102904398e-05,3.5983572161057964e-05,3.0944906029617414e-05,3.1866304198047146e-05,4.695246389019303e-06,3.0154851629049517e-06,2.069123183900956e-05,6.31956163488212e-06,0.0,1.2236484508321155e-05,2.5742830985109322e-05,6.509422382805496e-05
200506,2.013366793107707e-05,1.1485466302474379e-06,1.6413312096119625e-06,2.541247522458434e-05,1.8107139112544246e-06,0.0001343647309113294,1.9713957954081707e-05,2.590475560282357e-06,4.484175951802172e-05,3.589979314710945e-06,5.148194304638309e-06,3.7816502299392596e-05,0.0006583495414815843,6.014197879267158e-06,4.833263665204868e-05,2.047828456852585e-05,5.377220077207312e-05,2.346609289816115e-05,4.281842393538682e-06,6.876249244669452e-05,2.8922402634634636e-05,1.3346740161068738e-05,2.910740477091167e-06,1.012809752864996e-05,4.429174623510335e-06,1.1181817171745934e-05,5.128524662723066e-07,2.0532601411105134e-05,4.407052983879112e-06,2.4566668344050413e-06,2.170042171201203e-05,5.867473760190478e-07,0.00012306285498198122,1.0889973054872826e-05,4.594829078996554e-05,4.433876711118501e-06,1.555043490952812e-05,1.272503027394123e-06,3.971804744651308e-06,6.093322895139863e-07,7.875703158788383e-05,2.064753425656818e-05,3.9151127566583455e-06,1.3987446436658502e-05,2.1147068309801398e-06,1.037661604641471e-05,1.4173695490171667e-05,9.231657168129459e-05,0.00021232166909612715,7.483784429496154e-05,8.455495844827965e-05,0.0004757680871989578,3.390081531051692e-07,1.3696683708985802e-05,0.0,2.879497742469539e-07,2.9189050110289827e-06,1.632970878517881e-07,3.917664344044169e-06,6.962742986615922e-07,9.226982001564465e-06,4.758013892569579e-05,5.229608359513804e-05,0.00037111082929186523,1.4955106962588616e-05,0.0003535599971655756,0.00024783730623312294,0.00018249463755637407,0.00018514477415010333,4.415710918692639e-06,2.4777837097644806e-05,2.6149255063501187e-05,4.2403567022120114e-06,4.173042907495983e-05,4.2257011955371127e-05,4.7327887386927614e-07,0.0,5.703240276488941e-06,1.6750195754866581e-06,2.236920227005612e-05,2.9689199436688796e-06,5.614102974504931e-06,5.831592352478765e-05,3.61647798854392e-05,4.853477730648592e-05,1.2877877452410758e-05,4.550754511001287e-06,0.0006186569225974381,8.9492159531801e-06,2.4794144337647595e-06,9.550031791150104e-06,4.949743015458807e-06,1.0572653081908356e-05,7.425678631989285e-05,1.711079676169902e-05,2.7298285658616805e-06,5.328897896106355e-05,2.155713809770532e-05,6.96476445227745e-06,4.8100286221597344e-05,3.0475388484774157e-05,2.8228347218828276e-05,4.506615368882194e-05,4.0212427848018706e-05,4.2956879042321816e-05,7.017100642769947e-07,1.5473470966753666e-06,3.0358460207935423e-05,8.435355084657203e-06,0.0,7.929300409159623e-06,2.7406336812418886e-05,9.705190313979983e-05
200507,1.314864493906498e-05,1.9251367575634504e-06,1.564958580502207e-07,2.8183132599224336e-05,2.8007580112898722e-06,0.00015178413013927639,2.332029544049874e-05,2.0422980924195144e-06,3.5284669138491154e-05,1.5078104297572281e-05,9.925352060236037e-06,2.6356421585660428e-05,0.0006978074088692665,8.195865120796952e-06,5.740793130826205e-05,1.0001976988860406e-05,3.868484782287851e-05,2.780733848339878e-05,3.2996440495480783e-06,6.50297588435933e-05,3.74902956536971e-05,1.535322007839568e-05,3.578802306947182e-06,8.583534508943558e-06,2.1929427020950243e-06,5.73368060940993e-06,1.04739376638463e-06,3.6604207707569e-05,8.661423862577067e-07,4.245800937496824e-06,3.5171684430679306e-05,5.992203114146832e-06,8.258899470092729e-05,1.5857132893870585e-05,4.283015732653439e-05,4.672898285207339e-06,2.3220645744004287e-05,1.6913450053834822e-06,2.8946785732841818e-06,5.853175935044419e-07,6.605776434298605e-05,1.3941285033070017e-05,4.532605998974759e-06,3.0203322239685804e-05,4.055308181705186e-06,1.1638711839623284e-05,2.5981682483688928e-05,0.00010593720799079165,0.00020477121870499104,0.00011998195986961946,6.235786713659763e-05,0.0005847321590408683,8.575354968343163e-07,1.9221954062231816e-05,8.485791340717697e-07,1.5877519388141081e-07,3.576774361135904e-07,1.68611779827188e-06,3.6539324810291873e-06,6.559963026120386e-07,3.1066110750543885e-06,3.1376141123473644e-05,3.863579695462249e-05,0.00036460591945797205,1.4980940250097774e-05,0.0003742245608009398,0.00025998856290243566,0.0001801092439563945,0.0001873973524197936,3.480492978269467e-06,2.3842918380978517e-05,2.9917411666247062e-05,5.970031907054363e-06,3.216606637579389e-05,5.059540853835642e-05,1.2544742276077159e-06,0.0,4.787220859725494e-06,2.5669576189102372e-06,2.5239070964744315e-05,1.4265469872043468e-06,4.434096354088979e-06,6.38760975562036e-05,4.391110269352794e-05,4.937097764923237e-05,1.2641832654480822e-05,7.367277703451691e-06,0.0007067698752507567,2.6290747427992756e-06,8.052818884607404e-06,8.008528311620466e-06,5.85995803703554e-06,1.03255169960903e-05,6.79426739225164e-05,1.2649858945223968e-05,3.995151587332657e-07,4.503701347857714e-05,2.235999818367418e-05,4.972033366357209e-06,2.583298737590667e-05,2.8451106118154712e-05,3.5053351894021034e-05,3.908685175701976e-05,4.8511919885640964e-05,3.888022183673456e-05,2.9973907658131793e-06,1.592210082890233e-06,1.4600336726289243e-05,7.860056939534843e-06,9.362838682136498e-06,1.1270930372120347e-05,3.279958400526084e-05,7.657673995709047e-05
200508,1.8747616195469163e-05,1.6167136891453993e-06,1.3745982414548052e-06,2.3135426090448163e-05,5.426017651188886e-06,0.00011361450015101582,3.143589856335893e-05,2.7571652481128694e-06,1.6795474948594347e-05,1.230278121511219e-05,8.552558938390575e-06,1.8900293071055785e-05,0.0006345026195049286,8.234556844399776e-06,5.208698712522164e-05,1.5687055565649644e-05,4.000894114142284e-05,1.7861730157164857e-05,1.925214974107803e-06,6.494171975646168e-05,4.414610157255083e-05,1.1219204679946415e-05,2.3234388208948076e-06,1.1598396667977795e-05,5.99492068431573e-06,7.164368071244098e-06,3.2850659863470355e-06,3.417714106035419e-05,1.6208521174121415e-06,4.137597898079548e-06,1.9356048142071813e-05,7.036136366878054e-07,7.470281707355753e-05,1.0022728019976057e-05,4.157789226155728e-05,7.913045010354836e-06,1.5293368051061407e-05,8.244160767389985e-07,1.4231363820726983e-06,5.482219762598106e-07,6.379021215252578e-05,1.5318646546802483e-05,2.7494754704093793e-06,7.36573274480179e-05,4.095382792002056e-06,9.089086233871058e-06,1.497088851465378e-05,7.113087485777214e-05,0.0002487938036210835,9.106264769798145e-05,6.066617788746953e-05,0.0005335245514288545,0.0,3.921138704754412e-05,1.6331248389178654e-06,0.0,2.960323399747722e-06,1.0749866987680434e-06,3.8112598303996492e-06,4.816057298739906e-06,4.828827968594851e-06,3.271579771535471e-05,4.437933603185229e-05,0.00042514558299444616,1.3248864888737444e-05,0.0003613556327763945,0.00026894392794929445,0.0001719954889267683,0.00018704919784795493,2.041626430582255e-06,3.421870496822521e-05,3.0303164749057032e-05,3.805368578468915e-06,2.9334398277569562e-05,4.0692561015021056e-05,1.7718209619488334e-06,7.479508781216282e-07,9.442389455216471e-06,3.979030225309543e-06,1.7775804735720158e-05,7.101444339241425e-07,6.020829914632486e-06,6.056085112504661e-05,3.7773061194457114e-05,4.66225974378176e-05,1.5200640518742148e-05,6.333575129247038e-06,0.0006396163371391594,6.5928484218602534e-06,9.564030733599793e-06,5.609931577055249e-06,4.067338068125537e-06,1.817146585381124e-05,8.607283234596252e-05,8.336027349287178e-06,2.3599245650984813e-06,4.491018989938311e-05,2.9337441446841694e-05,3.620720917751896e-06,3.830108471447602e-05,2.8503718567662872e-05,4.073842501384206e-05,4.266553878551349e-05,7.468334661098197e-05,3.7627716665156186e-05,1.6865649286046391e-06,9.405960668118496e-07,1.1532681128301192e-05,5.4326715144270565e-06,0.0,8.058075763983652e-06,2.492028033884708e-05,7.606359577039257e-05
200509,1.8704422473092563e-05,3.6374008232087363e-06,3.212749675185478e-07,3.200864011887461e-05,2.798169816742302e-06,0.00011792748409789056,1.8614520740811713e-05,3.7421514207380824e-06,2.8553722586366348e-05,7.94624793343246e-06,8.85456393007189e-06,2.118278825946618e-05,0.0006418570410460234,6.731986104568932e-06,3.3139433071482927e-05,6.708252385578817e-06,4.149167216382921e-05,1.3235478036222048e-05,1.7258383877560846e-06,5.58770916541107e-05,4.111864836886525e-05,1.2428065019776113e-05,2.492281055310741e-06,6.2382091527979355e-06,3.272547246524482e-06,7.3593300840002485e-06,1.497505650149833e-06,3.925802229787223e-05,1.760343138812459e-06,5.649069862556644e-06,2.624277476570569e-05,3.6408066534932004e-06,5.2929874073015526e-05,9.358488568977918e-06,3.443817695369944e-05,5.092929313832428e-06,1.9402803445700556e-05,1.7863045513877296e-06,1.5215465509754722e-06,5.570997245740728e-07,5.874699854757637e-05,8.966028872237075e-06,2.8196377570566256e-06,4.5279615733306855e-05,2.3584466362081002e-06,5.425909876066726e-06,2.000260974455159e-05,7.471098797395825e-05,0.00023066734138410538,0.00010522803495405242,7.487038237741217e-05,0.0005604053731076419,0.0,1.7255621060030535e-05,6.228430038390798e-08,6.277052762015956e-07,2.67224777417141e-07,6.832667622802546e-07,3.013770992765785e-06,1.4467648270510836e-06,3.3108551633631578e-06,4.4913238525623456e-05,3.143905632896349e-05,0.0003767067682929337,1.9108152628177777e-05,0.00035671741352416575,0.00027046576724387705,0.00018409655604045838,0.00020886452693957835,2.732159828156e-06,1.9895374862244353e-05,2.8884880521218292e-05,4.163337507634424e-06,2.921410668932367e-05,6.160677003208548e-05,0.0,0.0,3.3357525808241917e-06,2.756088179012295e-06,1.9032946511288173e-05,1.8169763507103198e-06,6.457934887293959e-06,4.871262353844941e-05,4.536241976893507e-05,4.5643566409125924e-05,3.998185093223583e-06,7.320351414819015e-06,0.0006474716356024146,4.138641997997183e-06,4.398465989652323e-06,5.99900931774755e-06,4.368769168650033e-06,1.447737668058835e-05,7.242847641464323e-05,2.1013272998970933e-05,1.2990809636903577e-06,2.9358046958805062e-05,3.8290632801363245e-05,4.85738564748317e-06,3.847592597594485e-05,3.533830386004411e-05,3.9752834709361196e-05,3.172456854372285e-05,5.642325049848296e-05,5.07802797073964e-05,2.6985023851011647e-06,8.491784342368192e-07,2.2929312763153575e-05,1.0189652130065951e-05,5.630711712001357e-06,6.456838946178323e-06,3.170933268847875e-05,7.688826735829934e-05
200510,1.423454796167789e-05,2.8273434509173967e-06,8.302516789626679e-07,3.722378096426837e-05,3.610979092627531e-06,0.0001360950554953888,1.3041357306065038e-05,3.2141249448613962e-06,2.7786076316260733e-05,1.4339593690237962e-05,5.339513336366508e-06,2.4125431082211435e-05,0.0006069819792173803,7.2087018452293705e-06,3.247319546062499e-05,8.804517165117431e-06,2.768195372482296e-05,2.3166934624896385e-05,1.8525029190641362e-06,6.930094968993217e-05,3.966687654610723e-05,7.408973488054471e-06,2.291012378918822e-06,9.76115552475676e-06,5.98127007833682e-06,9.194229278364219e-06,5.140112079971004e-06,2.5487101083854213e-05,2.05965284294507e-06,2.3257553039002232e-06,3.0269160561147146e-05,2.241548372694524e-06,4.5533684897236526e-05,7.651246960449498e-06,3.615815512603149e-05,2.3358527414529817e-06,1.099396376957884e-05,1.5948619420669274e-06,2.2414774321077857e-06,9.641649967306876e-07,5.969237463432364e-05,1.0106986337632407e-05,1.7965891174753779e-06,3.0998882721178234e-05,2.8579966055986006e-06,5.308119852998061e-06,1.1843800166388974e-05,7.65932782087475e-05,0.00021738847135566175,9.663250239100307e-05,6.811218190705404e-05,0.0006289419252425432,3.7601606095449824e-07,1.7670090528554283e-05,7.207170824585774e-07,8.851241091178963e-07,0.0,4.054078601711808e-07,6.75199180477648e-06,3.5731950447370764e-06,2.5563510916981613e-06,3.751490294234827e-05,3.93897425965406e-05,0.0003868415951728821,2.074522853945382e-05,0.00033260154305025935,0.000255250750342384,0.00019122959929518402,0.00021458843548316509,3.6455903682508506e-06,2.3088843590812758e-05,2.460790165059734e-05,5.153091933607357e-06,4.463950244826265e-05,6.482105527538806e-05,4.3973850551992655e-06,4.350823701315676e-07,2.025251205850509e-06,4.553836333798245e-06,1.730026451696176e-05,3.905254743585829e-06,3.848991582344752e-06,7.918730261735618e-05,3.9837719668867067e-05,4.3167619878659025e-05,9.671119187260047e-06,8.266360055131372e-06,0.0006653701420873404,5.6494195632694755e-06,4.436889867065474e-06,1.308210994466208e-05,6.226232017070288e-06,1.4978228136897087e-05,7.753977843094617e-05,1.1674097549985163e-05,7.526860485995712e-07,3.382006616448052e-05,3.695497434819117e-05,4.396948952489765e-06,3.920005838153884e-05,4.056492616655305e-05,3.126571755274199e-05,4.193958739051595e-05,7.077853661030531e-05,3.3520347642479464e-05,2.4788173504930455e-06,1.2380322687022272e-06,2.871352990041487e-05,6.64885510559543e-06,0.0,6.016440238454379e-06,3.3212749258382246e-05,3.914233093382791e-05
200511,1.3042225873505231e-05,2.7615096769295633e-06,1.981761243996516e-07,2.5904884751071222e-05,2.9980162707943236e-06,0.00012703309766948223,1.997415893129073e-05,5.554486506298417e-06,3.25171640724875e-05,8.930754120228812e-06,4.701902071246877e-06,3.7937079468974844e-05,0.0006300482200458646,7.91486854723189e-06,3.9874885260360315e-05,1.8720396838034503e-05,3.58510842488613e-05,1.3554487850342412e-05,1.1547211897777743e-06,7.673426443943754e-05,2.054871765722055e-05,7.963347343320493e-06,2.167605543945683e-06,8.748274922254495e-06,2.5408394321857486e-06,8.300150511786342e-06,1.4217109765013447e-06,1.9921100829378702e-05,5.713730502066028e-07,2.3979741854418535e-06,2.9189312044763938e-05,7.474815220120945e-07,6.159376789582893e-05,9.792505807126872e-06,4.1699648136273026e-05,5.4331885621650144e-06,1.4792195543122943e-05,0.0,1.557649625283375e-06,8.745672630539048e-07,7.007105159573257e-05,1.3437488632916939e-05,3.2196085157920606e-06,3.311856562504545e-05,2.3075185708876234e-06,1.2031686082991655e-06,1.8485096006770618e-05,7.747004565317184e-05,0.00020214608230162412,0.00010054292943095788,6.78556170896627e-05,0.0005831371527165174,0.0,2.2694805011269636e-05,3.457189379219017e-08,3.6987160001444863e-07,6.670079528703354e-07,1.1765206409108941e-06,3.512003331707092e-06,4.712700501841027e-06,7.521975021518301e-06,4.4010052079102024e-05,4.8610840167384595e-05,0.0003739007515832782,1.411787889082916e-05,0.0003240659716539085,0.00023610667267348617,0.0002166363556170836,0.00023784626682754606,2.5408508008695208e-06,2.5044415451702662e-05,1.744164364936296e-05,3.316398078823113e-06,2.9886516131227836e-05,5.6997654610313475e-05,6.317264933386468e-07,0.0,3.976246262027416e-06,4.575975253828801e-06,7.626807018823456e-06,7.300978950297576e-07,2.714944912440842e-06,6.822951399954036e-05,4.860807894147001e-05,4.8857167712412775e-05,7.774076948408037e-06,5.6177095757448114e-06,0.0006372571224346757,6.2695226006326266e-06,7.38420067136758e-06,7.52808409743011e-06,5.181399501452688e-06,9.54187817114871e-06,6.834990927018225e-05,1.4029713383933995e-05,2.3425568542734254e-06,4.302638990338892e-05,3.618163464125246e-05,6.412747552531073e-06,2.6770501790451817e-05,3.8227935874601826e-05,3.959791501984e-05,4.3035575799876824e-05,6.317890802165493e-05,4.288547643227503e-05,1.858814584920765e-06,2.0868419596808963e-06,1.7696809663902968e-05,7.041509434202453e-06,0.0,6.582251899089897e-06,3.2659052521921694e-05,5.156591578270309e-05
200512,1.4963790818001144e-05,2.391180487393285e-06,1.1676046369757387e-06,2.5790493964450434e-05,2.283902858835063e-06,0.00012376491213217378,2.625865636218805e-05,4.913559678243473e-06,3.498770820442587e-05,1.0584893971099518e-05,5.18785918757203e-06,2.6998797693522647e-05,0.0006206877296790481,7.904906851763371e-06,4.577798245009035e-05,1.0768061656563077e-05,5.2655490435427055e-05,1.8054455722449347e-05,1.2746909305860754e-06,5.9842350310646e-05,1.939029425557237e-05,8.535589586244896e-06,2.454230525472667e-06,1.1209474905626848e-05,8.770362001087051e-06,9.850050446402747e-06,2.5601991637813626e-06,2.6129169782507233e-05,8.727968747734849e-07,2.054509195659193e-06,2.7100846637040377e-05,1.2526550108304946e-06,7.289015775313601e-05,1.2268404134374578e-05,4.967253698850982e-05,4.350186827650759e-06,1.673046608630102e-05,1.6090307326521724e-06,1.787521341611864e-06,3.067217164698377e-07,6.873463280498981e-05,9.597724783816375e-06,3.4989950563613093e-06,1.3830313037033193e-05,3.4498830245865975e-06,9.914599104376975e-06,2.6777588573168032e-05,5.881649849470705e-05,0.00022954624728299677,0.00010745304462034255,7.106340490281582e-05,0.0005614111432805657,4.4683307010018325e-07,1.2332112419244368e-05,0.0,7.940134310047142e-07,2.1733529820266995e-07,9.732331136547145e-07,9.833627700572833e-06,4.397770680952817e-06,6.087273504817858e-06,5.072526982985437e-05,4.171164982835762e-05,0.0003742206026799977,2.372603557887487e-05,0.00032541583641432226,0.0002407078427495435,0.00020124873844906688,0.00022025425278116018,3.50245045410702e-06,1.7771053535398096e-05,3.549419125192799e-05,5.042556495027384e-06,3.933850530302152e-05,4.301883382140659e-05,1.6699123079888523e-06,0.0,4.4860307752969675e-06,4.015254035039106e-06,1.7359543562633917e-05,2.2604076548304874e-06,3.6961885143682593e-06,4.9328333261655644e-05,4.757165152113885e-05,4.020854248665273e-05,1.5508294382016174e-05,5.178336323297117e-06,0.0006114437128417194,4.5319557102629915e-06,8.34604725241661e-06,1.4294686479843222e-05,3.3694698231556686e-06,1.629873804631643e-05,7.026710954960436e-05,5.487104772328166e-06,1.1975330380664673e-06,3.345843651914038e-05,5.204958870308474e-05,2.7308597054798156e-06,2.69341362582054e-05,3.421184010221623e-05,3.1358413252746686e-05,4.1639683331595734e-05,8.407932909904048e-05,3.757392187253572e-05,2.2952067411097232e-06,9.67090500125778e-07,1.8057742636301555e-05,1.1960802112298552e-05,5.79562254188204e-07,5.2077011787332594e-06,2.930785558419302e-05,7.467730029020458e-05
200601,4.3525200453586876e-05,1.7798059843698866e-06,1.4106157095739036e-06,6.978839519433677e-05,5.870932454854483e-06,0.0003678675275295973,2.8145628675702028e-05,8.321601853822358e-06,3.356566958245821e-05,4.4927155613549985e-06,1.6368030628655106e-05,6.273511826293543e-05,0.001713193953037262,9.106033758143894e-06,8.341254579136148e-05,1.5324716514442116e-05,8.157382399076596e-05,6.386628228938207e-05,1.4559469718733453e-06,0.00014870802988298237,0.0001065303513314575,1.9893730495823547e-05,3.731084916580585e-06,2.8962393116671592e-05,6.141826816019602e-06,8.928782335715368e-06,6.287017640715931e-06,5.141268047736958e-05,1.1152498018418555e-06,7.712415936111938e-06,4.766718848259188e-05,4.598406576405978e-06,0.00016510477871634066,1.1345734492351767e-05,0.00011476344661787152,6.607614523090888e-06,4.727707346319221e-05,9.37263109790365e-07,3.4007412068604026e-06,6.018140084051993e-07,0.00014214467955753207,2.2762702428735793e-05,6.893466888868716e-06,3.672266029752791e-05,1.9330589111632435e-06,5.002660145692062e-06,4.029233969049528e-05,0.00016684923321008682,0.0004323502362240106,0.00018727635324466974,0.00022793066455051303,0.0015395726077258587,0.0,4.8721180064603686e-05,0.0,2.0494893249178858e-07,0.0,0.0,1.1488320524222218e-05,3.665710664790822e-06,6.941544597793836e-06,7.226828165585175e-05,0.00011122388241346925,0.0008819273207336664,2.779434362309985e-05,0.0008571388316340744,0.0006298361695371568,0.0005585822509601712,0.0007169838063418865,4.687727596319746e-06,6.246590783121064e-05,2.4930639483500272e-05,2.207793158959248e-06,9.206764661939815e-05,5.0771646783687174e-05,0.0,0.0,4.059124421473825e-06,5.940096798440209e-06,2.0624427634174936e-05,5.0918670240207575e-06,1.8273663954460062e-05,0.000130327302031219,9.94294896372594e-05,8.1043312093243e-05,2.0965069779776968e-05,9.23698280530516e-06,0.0019222102127969265,7.616618859174196e-06,1.0983034371747635e-05,2.708426291064825e-05,7.634699613845441e-06,2.7110218070447445e-05,0.00019433084526099265,1.2146627341280691e-05,6.644351628892764e-07,8.934221841627732e-05,0.00014127962640486658,2.559856739026145e-06,9.83316931524314e-05,8.378284110222012e-05,8.427447028225288e-05,0.00011789885320467874,9.691463492345065e-05,7.492874283343554e-05,3.4769750527630094e-06,4.784241696142999e-07,4.42995187768247e-05,1.791970498743467e-05,2.8502283839770826e-06,6.8819958869426046e-06,8.537180110579357e-05,9.998587484005839e-05
200602,5.458046143758111e-05,5.187533133721445e-06,3.3603917870550504e-08,5.7674740673974156e-05,5.0120734158554114e-06,0.00042548932833597064,3.6922683648299426e-05,8.724948202143423e-06,2.1748928702436388e-05,1.2794335816579405e-05,1.0878131433855742e-05,2.6446865376783535e-05,0.0017845256952568889,1.2333925951679703e-05,6.767972081433982e-05,2.3984144718269818e-05,8.49043281050399e-05,7.133148756111041e-05,2.6713139504863648e-06,0.00014562600699719042,5.8179619372822344e-05,1.3812093129672576e-05,6.523062438645866e-06,3.71089881809894e-05,7.40342738936306e-06,1.4846166777715553e-05,9.125984433921985e-06,6.994169962126762e-05,3.583891157177277e-06,2.187726522606681e-06,5.6288718042196706e-05,4.608212293533143e-06,0.0001651806669542566,1.855634582170751e-05,9.874917304841802e-05,1.0596183528832626e-05,4.586072827805765e-05,4.700239514932036e-06,4.977660864824429e-06,1.8659666523035412e-07,0.0001460816856706515,3.0853174393996596e-05,8.584422175772488e-06,2.665476677066181e-05,1.5250099067998235e-06,4.801809154741932e-06,5.047332160756923e-05,0.00016807857900857925,0.0003677722706925124,0.00019746045290958136,0.0002314184239367023,0.0014169432688504457,0.0,4.3482872570166364e-05,0.0,5.035516323914635e-07,0.0,0.0,1.473310203436995e-05,3.7209867969068e-06,6.147518888610648e-06,9.108053200179711e-05,9.692413732409477e-05,0.0007269252091646194,3.4031465474981815e-05,0.0008875143830664456,0.0006130885449238122,0.0005547611508518457,0.0007099282229319215,5.23011385666905e-06,6.76878189551644e-05,2.9317143344087526e-05,7.962050403875764e-06,7.762102904962376e-05,2.4388780730077997e-05,5.779330081168155e-07,0.0,1.3801526620227378e-05,7.610688044223934e-06,1.8261958757648245e-05,2.5596241357561667e-06,7.825628017599229e-06,0.00015060603618621826,9.580090409144759e-05,7.605880091432482e-05,1.7212918464792892e-05,7.411119895550655e-06,0.00189987663179636,1.2182606042188127e-05,9.599767508916557e-06,1.601351505087223e-05,8.425209671258926e-06,4.1533130570314825e-05,0.0001627969031687826,4.177320079179481e-05,7.047518124636554e-07,5.076168235973455e-05,0.00014622464368585497,6.05281684329384e-06,8.292832353617996e-05,8.749208063818514e-05,9.125934593612328e-05,0.0001073233870556578,7.936196925584227e-05,0.00011633537360467017,0.0,4.6383783569581283e-07,2.734076952037867e-05,1.6204316125367768e-05,0.0,4.87663282910944e-06,7.505822577513754e-05,0.00012049418728565797
200603,5.2457286074059084e-05,1.0921770581262535e-06,9.471451676290599e-07,4.770599116454832e-05,2.5799686227401253e-06,0.00039272732101380825,3.366563032614067e-05,5.90214131079847e-06,3.707102223415859e-05,6.874235623399727e-06,7.704081326664891e-06,3.045865560125094e-05,0.001682869391515851,1.2499187505454756e-05,5.272905036690645e-05,2.5445087885600515e-05,8.638105646241456e-05,6.497938738903031e-05,1.990875716728624e-06,0.00017590043717063963,8.980317215900868e-05,1.790029818948824e-05,6.735198894602945e-06,3.550222754711285e-05,9.035236871568486e-06,1.5905061445664614e-05,8.036978215386625e-06,8.144345338223502e-05,1.1996557987004053e-06,8.835021617414895e-06,5.6084845709847286e-05,0.0,0.00014679158630315214,1.0418538295198232e-05,6.859983841422945e-05,2.5692994313430972e-05,3.9162248867796734e-05,2.736165242822608e-06,8.499503564962652e-06,2.959536459457013e-06,0.00013539186329580843,2.4334627596545033e-05,6.0416805354179814e-06,2.6882849851972423e-05,2.897067588492064e-06,5.662859166477574e-06,3.333362110424787e-05,0.00019295532547403127,0.0004034627345390618,0.000200639886315912,0.00021065224427729845,0.0015045530162751675,4.2204982264593127e-07,5.171254088054411e-05,0.0,4.031748801480717e-07,1.1004256066371454e-06,8.535918141205912e-07,4.6595250751124695e-06,5.470443738886388e-06,6.878869953652611e-06,7.256074604811147e-05,9.976194269256666e-05,0.0007376769208349288,4.1813720599748194e-05,0.000875594443641603,0.0005812254967167974,0.0005663642077706754,0.0007343405159190297,6.746206508978503e-06,6.154087895993143e-05,4.3499658204382285e-05,6.1590803852595855e-06,6.834616215201095e-05,3.3481217542430386e-05,6.414329050130618e-07,0.0,9.186029274133034e-06,5.818785211886279e-06,7.256475328176748e-06,3.056121386180166e-06,5.27524161952897e-06,0.00014855754852760583,9.341005352325737e-05,7.349328370764852e-05,1.9634633645182475e-05,9.169836630462669e-06,0.0018365220166742802,7.077671398292296e-06,7.933411325211637e-06,1.901352334243711e-05,8.373109267267864e-06,2.5215873392880894e-05,0.0001817767770262435,4.08961896027904e-05,7.505458370360429e-07,7.297927368199453e-05,0.00014315408770926297,1.2095721103833057e-05,7.521208317484707e-05,9.792003402253613e-05,8.707356755621731e-05,0.00011437462671892717,9.141051850747317e-05,8.44496680656448e-05,2.142028733942425e-06,4.788746537087718e-07,2.7766116545535624e-05,1.5251589502440766e-05,0.0,6.484495315817185e-06,7.840276521164924e-05,0.00014521706907544285
200604,4.5592227252200246e-05,4.113931936444715e-06,3.6441144857235486e-06,4.9781869165599346e-05,6.7927053351013456e-06,0.0003760939871426672,4.316026752348989e-05,7.1161553023557644e-06,2.186775418522302e-05,2.2491769414045848e-05,1.1793837074947078e-05,2.7945468900725245e-05,0.001783267012797296,1.0167404980165884e-05,6.786638550693169e-05,1.8268765415996313e-05,0.00010582958930172026,4.722656012745574e-05,2.385314473940525e-06,0.00014259206363931298,8.561350114177912e-05,2.03030722332187e-05,4.674883712141309e-06,3.5040891816606745e-05,8.422012797382195e-06,1.8980028471560217e-05,2.6354932742833626e-06,7.019102486083284e-05,1.2034427072649123e-06,4.635359800886363e-06,5.976567990728654e-05,0.0,0.00016264268197119236,1.4392792763828766e-05,7.866589294280857e-05,1.6818321455502883e-05,3.402213769732043e-05,2.3961890747159487e-06,8.398958925681654e-06,3.5659470540849725e-06,0.00013777235290035605,2.763972952379845e-05,5.992828846501652e-06,4.544282637652941e-05,1.6420980273323948e-06,8.37298375699902e-06,4.4467193220043555e-05,0.00016996882914099842,0.0004249479970894754,0.0001539326476631686,0.00019123865058645606,0.0014185851905494928,0.0,3.90119239455089e-05,0.0,1.962670665989208e-07,7.389133429569483e-07,1.2124841077820747e-06,1.3960542673885357e-05,1.8430320096740616e-06,8.903153684514109e-06,7.195499347290024e-05,0.00010692395153455436,0.0007665206212550402,5.162834713701159e-05,0.0008961862185969949,0.0006144417566247284,0.000556300044991076,0.0006629077834077179,6.672803010587813e-06,7.05832353560254e-05,4.2508796468609944e-05,4.558047749014804e-06,6.528948142658919e-05,4.283103044144809e-05,3.8914862443562015e-07,0.0,1.0987773748638574e-05,3.919964910892304e-06,3.0204375434550457e-05,5.157743999006925e-06,7.92647733760532e-06,0.00012547161895781755,8.641339809400961e-05,6.671814480796456e-05,1.941859045473393e-05,1.0001834198192228e-05,0.0018317674985155463,1.3710544408240821e-05,7.458751497324556e-06,3.228023706469685e-05,8.115212040138431e-06,3.986882802564651e-05,0.00016624473209958524,2.9100328902131878e-05,3.1703430636298435e-07,4.9150818085763603e-05,0.000146060498082079,7.879310032876674e-06,6.705926352879032e-05,9.335053618997335e-05,6.529396341647953e-05,0.00010668196773622185,7.304076279979199e-05,8.330099080922082e-05,1.3509855989468633e-06,0.0,4.300820728531107e-05,1.8992626792169176e-05,0.0,7.1422814471588936e-06,7.099752110661939e-05,0.0002502709976397455
200605,4.45654040959198e-05,4.915502245239622e-07,4.357306693236751e-07,5.6423592468490824e-05,8.183019417629112e-06,0.00040006558992899954,4.0733866626396775e-05,7.636652298970148e-06,3.414868479012512e-05,1.1490961696836166e-05,8.536706445738673e-06,3.425694740144536e-05,0.0015539920423179865,9.074863555724733e-06,6.26142937107943e-05,3.2696003472665325e-05,7.134350016713142e-05,4.061913205077872e-05,1.8976436422235565e-06,0.00015672639710828662,0.00010236023081233725,2.0261624740669504e-05,2.1591699805867393e-06,3.1226543796947226e-05,7.669073056604248e-06,2.3059054001350887e-05,6.168986146803945e-06,6.279181252466515e-05,1.5219753777273581e-06,8.845723641570657e-06,6.071443931432441e-05,1.4034077366886777e-06,0.0001475245226174593,1.2432768016878981e-05,6.90325687173754e-05,1.2232323570060544e-05,3.441313674557023e-05,2.7449439130577957e-06,3.960887170251226e-06,8.109867053462949e-07,0.00011935635848203674,2.303322617080994e-05,5.0047351578541566e-06,2.3808706828276627e-05,9.7603560789139e-07,6.896501872688532e-06,4.157270086579956e-05,0.0001869962434284389,0.0004645150329452008,0.00013683721772395074,0.00018918263958767056,0.0013023421633988619,3.166131534726446e-07,3.586791717680171e-05,2.8378565275488654e-07,1.8098283760537015e-07,3.684293687911122e-07,2.9758592745565693e-07,1.1303867722745053e-05,2.8098399980081012e-06,1.3634371498483233e-05,9.540281462250277e-05,8.722744678379968e-05,0.0006998799508437514,3.686141280923039e-05,0.0008717902819626033,0.0006319127278402448,0.000516006606630981,0.0007242507417686284,1.0487367944733705e-05,7.346714119194075e-05,2.534250779717695e-05,1.0657212442310993e-05,6.551796104758978e-05,2.8262818887014873e-05,0.0,0.0,3.5724183362617623e-06,2.464963699821965e-06,1.510968377260724e-05,3.4547889526947984e-07,8.00303132564295e-06,0.0001445788366254419,9.418699482921511e-05,5.828960638609715e-05,2.557604238972999e-05,9.490217962593306e-06,0.0018593992572277784,1.2515438356786035e-05,4.4351309043122455e-06,2.698896059882827e-05,1.0258567272103392e-05,2.9865266697015613e-05,0.00016226113075390458,3.0508663257933222e-05,1.258316615349031e-06,5.6482473155483603e-05,0.00014542862481903285,5.321490789356176e-06,6.385975575540215e-05,0.00010208509775111452,7.699399429839104e-05,7.515803736168891e-05,6.569042307091877e-05,0.00010566478158580139,2.929527227024664e-06,1.2024898978779675e-06,2.8325177481747232e-05,1.4814507267146837e-05,0.0,9.602815225662198e-06,8.421464008279145e-05,0.00012853981752414256
200606,4.514043030212633e-05,3.3718499707902083e-06,0.0,6.584102811757475e-05,2.3708730623184238e-06,0.00044496331247501075,3.333796121296473e-05,5.137002517585643e-06,2.5262505005230196e-05,1.2370652257231995e-05,1.3002225387026556e-05,2.5904470021487214e-05,0.0016039119800552726,6.773108907509595e-06,5.694905121345073e-05,1.9695493392646313e-05,5.972197686787695e-05,2.987223160744179e-05,1.4956757468098658e-06,0.00012701109517365694,0.00023774831788614392,1.2784531463694293e-05,5.088545094622532e-06,4.032820288557559e-05,3.6869830637442647e-06,1.0985037988575641e-05,3.828678927675355e-06,5.63150824746117e-05,1.2036180407903885e-07,5.452479399536969e-06,5.521409912034869e-05,1.3352628229768015e-06,0.00017677071446087211,8.153363523888402e-06,9.252109884982929e-05,1.4006044693815056e-05,3.42849270964507e-05,4.050717052450636e-06,6.639693310717121e-06,3.764833422792435e-07,0.00010578634100966156,3.876387563650496e-05,1.0518735507503152e-05,2.298300023539923e-05,4.60548699265928e-06,5.613403118331917e-06,4.913752127322368e-05,0.00013923842925578356,0.00048319072811864316,0.0001266585022676736,0.00019983362290076911,0.0012130513787269592,3.588129686704633e-07,3.65273081115447e-05,0.0,1.0400251539977035e-06,0.0,6.782167929486604e-07,1.3279515769681893e-05,3.1785095870873192e-06,7.3110177254420705e-06,0.00014252556138671935,9.099759336095303e-05,0.0006792666390538216,5.1024439017055556e-05,0.0008554860251024365,0.0005582525627687573,0.0005357922054827213,0.0006846815813332796,6.314139682217501e-06,5.2050490921828896e-05,3.3187643566634506e-05,8.119583981169853e-06,9.10441012820229e-05,1.4127987924439367e-05,3.845329047180712e-06,0.0,5.139549557497958e-06,9.90987155091716e-06,2.0218632926116697e-05,5.476111937241512e-07,5.895427875657333e-06,0.0001427168899681419,0.00012584890646394342,4.0889768570195884e-05,1.3847485206497367e-05,1.4744688087375835e-05,0.0018044629832729697,1.3719447451876476e-05,1.1095831723650917e-05,2.2528185581904836e-05,1.1176938642165624e-05,2.826932177413255e-05,0.000151422165799886,3.171942080371082e-05,1.5501427697017789e-06,5.521037383005023e-05,5.9475212765391916e-05,6.942030267964583e-06,7.925869431346655e-05,8.469371823593974e-05,7.493181328754872e-05,6.908860814291984e-05,7.626107253599912e-05,7.998177170520648e-05,3.063770918743103e-06,3.132122401439119e-07,2.5404284315300174e-05,1.457300822949037e-05,0.0,7.798138540238142e-06,4.441029523150064e-05,0.00014416452904697508
200607,6.071058305678889e-05,2.379506213401328e-06,2.4500113227077236e-07,6.155585288070142e-05,4.528401404968463e-06,0.0005131158977746964,3.31141272909008e-05,6.186032805999275e-06,2.6566960514173843e-05,8.909602911444381e-06,1.259427699551452e-05,1.3433425920084119e-05,0.0014887360157445073,8.368539056391455e-06,5.1648275984916836e-05,1.3208545169618446e-05,6.202980875968933e-05,5.4741016356274486e-05,1.947540340552223e-06,0.00017904836568050086,0.0002860617823898792,9.823383152252063e-06,4.597307452058885e-06,4.198441456537694e-05,6.4369451138190925e-06,1.4719753380632028e-05,5.946150395175209e-06,4.998957956559025e-05,9.537879464005528e-08,9.817797945288476e-06,7.576189091196284e-05,1.1699627293637604e-06,0.00025362311862409115,8.058940693445038e-06,7.306483894353732e-05,1.824023092922289e-05,2.771160870906897e-05,3.864475729642436e-06,1.828349695642828e-06,1.09549944227183e-07,7.895922317402437e-05,1.6205698557314463e-05,6.366728939610766e-06,2.078545730910264e-05,4.820979029318551e-06,3.3292076295765582e-06,3.6161938623990864e-05,0.00014700557221658528,0.00039110062061809003,0.00017361842037644237,0.00021552749967668205,0.0013158908113837242,0.0,4.2102528823306784e-05,7.436547377892566e-08,0.0,0.0,5.668193239216635e-07,8.652113137941342e-06,4.943940894008847e-06,1.0138674042536877e-05,0.00011348115367582068,7.751720113446936e-05,0.0007127149146981537,5.249988680589013e-05,0.0007854719297029078,0.0005208253860473633,0.0004887076793238521,0.0007005915394984186,8.326145689352416e-06,6.63298269500956e-05,3.9624155760975555e-05,3.566988198144827e-06,0.00010549382568569854,1.7517057131044567e-05,0.0,0.0,1.823625643737614e-05,7.606743565702345e-06,1.2227215847815387e-05,2.599047547846567e-06,7.815327080606949e-06,0.00015357148367911577,0.00010305071918992326,3.6552704841597006e-05,1.4307688616099767e-05,6.225997822184581e-06,0.0019887425005435944,1.0649760952219367e-05,1.3297420082380995e-05,2.302725079061929e-05,8.542048817616887e-06,3.0089469873928465e-05,0.00014913886843714863,3.6317887861514464e-05,2.963411589007592e-06,6.396022217813879e-05,5.309563493938185e-05,8.675678145664278e-06,5.825039988849312e-05,9.78537427727133e-05,0.00010182478581555188,6.073678741813637e-05,6.290759483817965e-05,6.390464113792405e-05,1.5531783219557838e-06,1.7295073462264554e-07,2.019095882133115e-05,1.3987905731482897e-05,0.0,8.35316677694209e-06,4.251507198205218e-05,0.00012288738798815757
200608,4.64369950350374e-05,1.7205070435011294e-06,3.7937829802103806e-06,1.831495865189936e-05,4.776168680109549e-06,0.00047493225429207087,3.900429146597162e-05,7.133889539545635e-06,3.881968223140575e-05,1.3311853763298132e-05,1.6646903532091528e-05,8.440842066193e-06,0.0015088922809809446,6.392404429789167e-06,4.89203812321648e-05,1.9963588783866726e-05,3.910101804649457e-05,5.066523954155855e-05,7.630019354110118e-07,0.00017201849550474435,0.00033032390638254583,1.6949546989053488e-05,5.334144134394592e-06,2.948988912976347e-05,1.070867438102141e-05,1.1137515684822574e-05,6.139556717243977e-06,5.679553942172788e-05,3.2378841297031613e-07,1.3070351997157559e-05,8.895666542230174e-05,3.174476887579658e-06,0.00022886130318511277,3.1407757887791377e-06,7.614418427692726e-05,1.9791381419054233e-05,3.1277642847271636e-05,3.27351585838187e-06,2.952765498775989e-06,1.6850108295329846e-06,0.0001013903965940699,1.80866463779239e-05,7.67619985708734e-06,2.7434489311417565e-05,2.793724206640036e-06,3.0056007744860835e-06,4.541435919236392e-05,0.00013251999916974455,0.00039463903522118926,0.00011160488065797836,0.0002322618820471689,0.0011980674462392926,0.0,4.298290514270775e-05,0.0,3.7958437815177604e-07,0.0,9.607083484297618e-07,1.5144222516028094e-06,1.7658385331742465e-06,1.2367846466077026e-05,0.0001031392312142998,8.68866263772361e-05,0.000715371803380549,5.248456363915466e-05,0.0007901162607595325,0.0005352195585146546,0.0005576757830567658,0.0006635409081354737,8.033277481445111e-06,5.00215137435589e-05,4.315935802878812e-05,1.944692712640972e-06,9.77624295046553e-05,2.9418262784020044e-05,6.789690587538644e-07,0.0,9.807470632949844e-06,7.50982690078672e-06,1.1551410352694802e-05,1.3689553668427834e-07,7.6260121204541065e-06,0.00017375584866385907,7.701591675868258e-05,3.889165600412525e-05,2.0279503587516956e-05,1.4217083844414447e-05,0.001809737179428339,1.8951213860418648e-05,4.672996965382481e-06,1.541782694403082e-05,9.026387488120236e-06,2.586185837571975e-05,0.00015802557754795998,2.1881389329792e-05,2.3176052366125077e-07,5.206836431170814e-05,7.499345520045608e-05,5.997304015181726e-06,6.852871592855081e-05,8.481116674374789e-05,9.943982149707153e-05,7.280174759216607e-05,6.221399962669238e-05,5.662886178470217e-05,5.603525323749636e-07,1.1327018683005008e-06,3.77728501916863e-05,1.772790892573539e-05,0.0,4.383360646897927e-06,4.082090890733525e-05,0.00012877244444098324
200609,5.9827954828506336e-05,7.262499821081292e-06,1.5995590274542337e-06,2.7309990400681272e-05,3.1262379707186483e-06,0.0005172417149879038,4.5342385419644415e-05,7.3222608989453875e-06,2.44883030973142e-05,7.239941623993218e-06,1.5936298950691707e-05,1.0665212357707787e-05,0.0015133157139644027,1.554255504743196e-05,3.946775905205868e-05,1.9743334632948972e-05,6.23144005658105e-05,4.8085297748912126e-05,1.9259791770309675e-06,0.00015686219558119774,0.00010076617763843387,2.1080610167700797e-05,4.791539140569512e-06,4.291130608180538e-05,8.940743100538384e-06,2.660460813785903e-05,7.933261258585844e-06,4.866141898673959e-05,1.1822858425603044e-07,3.931329047190957e-06,7.098451169440523e-05,3.4109307307517156e-06,0.00027834984939545393,9.253980351786595e-06,8.563364099245518e-05,1.296038317377679e-05,2.9036347768851556e-05,2.2019048628862947e-06,2.531396603444591e-06,1.213312202708039e-06,9.265739208785817e-05,3.5490542359184474e-05,8.313041689689271e-06,1.9106464606011286e-05,6.890506938361796e-06,1.1798255172834615e-06,2.4916333131841384e-05,0.00010133402975043282,0.00038837603642605245,0.00012861938739661127,0.00019419981981627643,0.0012529995292425156,0.0,3.83569386031013e-05,0.0,3.557617560545623e-07,7.172508276198641e-07,4.2240435504936613e-07,4.5036431401968e-06,2.736157966864994e-06,1.2160977348685265e-05,9.9967721325811e-05,8.783757220953703e-05,0.0006521324394270778,6.607672548852861e-05,0.0007807784131728113,0.0005020847311243415,0.0005665098433382809,0.0007226839079521596,8.323377187480219e-06,6.413696246454492e-05,4.080373764736578e-05,5.464640707941726e-06,7.849329995224252e-05,1.3790551747661084e-05,2.0385855350468773e-06,0.0,4.678112873079954e-06,3.7826725929335225e-06,8.991845788841601e-06,2.461088115524035e-06,6.541621587530244e-06,0.00012786174193024635,9.845561726251617e-05,6.849066994618624e-05,2.388087523286231e-05,7.906746759545058e-06,0.0018759241793304682,1.042480562318815e-05,9.817633326747455e-06,1.6439798855572008e-05,1.0482121979293879e-05,1.4602606825064868e-05,0.00012128649541409686,4.4481279473984614e-05,8.153515409503598e-07,5.548947228817269e-05,8.813131717033684e-05,1.1032382644771133e-05,6.586083327420056e-05,7.039881165837869e-05,7.913046283647418e-05,8.197122951969504e-05,7.667957834200934e-05,7.748483767500147e-05,3.0779451662965585e-06,1.2539154568003141e-06,3.597676186473109e-05,1.1287183951935731e-05,0.0,5.335900823411066e-06,4.1887760744430125e-05,0.00015042060113046318
200610,4.3999643821734935e-05,2.6402342427900294e-06,2.1739056137448642e-06,3.4768559999065474e-05,4.799632733920589e-06,0.0004893571021966636,2.646898246894125e-05,6.815472261223476e-06,3.899841249221936e-05,7.477544841094641e-06,1.4378586456587072e-05,2.0191795556456782e-05,0.0015801757108420134,1.4986033420427702e-05,4.989491935702972e-05,1.4281745279731695e-05,3.7737434467999265e-05,7.798470323905349e-05,2.9132856980140787e-06,0.00015821951092220843,0.0001024984594550915,2.022625267272815e-05,3.9844849197834264e-06,3.834742892649956e-05,8.209701263695024e-06,1.9357963537913747e-05,3.5632410799735226e-06,5.325895835994743e-05,2.0222244074830087e-06,6.145568931970047e-06,7.707392796874046e-05,1.013561018226028e-06,0.000273203564574942,7.114050731615862e-06,9.801414125831798e-05,1.3587750800070353e-05,2.199477967224084e-05,1.0115428494827938e-06,3.070688762818463e-06,0.0,0.00010450115223648027,3.0217221137718298e-05,4.738535153592238e-06,2.3610336938872933e-05,4.152518613409484e-06,1.1878122450070805e-06,3.3342043025186285e-05,8.18443950265646e-05,0.00043358790571801364,0.00012339235399849713,0.00022135759354569018,0.001138044404797256,0.0,2.796887929434888e-05,0.0,0.0,1.8691944205784239e-06,1.226464519277215e-06,7.1324884629575536e-06,5.938148660789011e-06,8.092138159554452e-06,0.00012442479783203453,8.744590741116554e-05,0.0006635826430283487,4.9300473619950935e-05,0.0008044036803767085,0.0005007799481973052,0.0006057634600438178,0.0007341101299971342,1.2062522728228942e-05,6.0785383539041504e-05,3.653413659776561e-05,4.438748419488547e-06,0.00011381554213585332,1.4620137335441541e-05,0.0,4.247779941124463e-07,8.872926628100686e-06,4.807660388905788e-06,1.1690838618960697e-05,2.4247285637102323e-06,7.976435881573707e-06,0.00016329259960912168,9.907719504553825e-05,5.16113213961944e-05,2.7376463549444452e-05,9.579677680449095e-06,0.0017356602475047112,1.2453982890292536e-05,9.260998012905475e-06,1.3670190128323156e-05,1.2979414350411389e-05,2.3119107936508954e-05,9.908202628139406e-05,4.305052061681636e-05,1.5159404256337439e-06,5.846122439834289e-05,4.529502257355489e-05,1.023625100060599e-05,6.33895251667127e-05,6.59596043988131e-05,6.768853199901059e-05,8.4696315752808e-05,5.938749745837413e-05,6.166737148305401e-05,1.1264683763556604e-07,0.0,2.8805870897485875e-05,1.579056515765842e-05,0.0,8.701389560883399e-06,6.265562115004286e-05,8.478792733512819e-05
200611,4.95372005389072e-05,5.491834599524736e-06,1.3284903843668872e-06,3.508864756440744e-05,5.174017587705748e-06,0.0005178365390747786,5.64396868867334e-05,8.727169188205153e-06,2.439501440676395e-05,1.2824672921851743e-05,1.6645100913592614e-05,1.9208293451811187e-05,0.0014219096628949046,5.932324711466208e-06,3.987106174463406e-05,1.6699103071005084e-05,3.4255852369824424e-05,4.7129509766818956e-05,2.2068500129535096e-06,0.00016392870747949928,8.978909318102524e-05,1.2330001482041553e-05,4.235144842823502e-06,4.310110307415016e-05,1.544276710774284e-05,1.137691560870735e-05,6.183413461258169e-06,5.5292588513111696e-05,1.622597324058006e-06,5.241320650384296e-06,7.356700371019542e-05,1.6094060129034915e-06,0.0002535164821892977,4.445359081728384e-06,8.863709081197158e-05,1.0476401257619727e-05,3.032801214430947e-05,3.3225285278604133e-07,1.4691046999359969e-05,3.7559882457571803e-06,0.0001143105182563886,3.059418668271974e-05,1.1805740541603882e-05,3.242342791054398e-05,3.9065171222318895e-06,7.356080914178165e-06,3.605970778153278e-05,0.00012763688573613763,0.0003915323759429157,8.652552060084417e-05,0.0002130348584614694,0.0012702408712357283,0.0,2.594444595160894e-05,0.0,3.6569764461091836e-07,0.0,3.5230502248850826e-07,1.5569295328532462e-06,2.975551069539506e-06,6.528536687255837e-06,0.00010884560470003635,9.648787090554833e-05,0.0007108190329745412,6.660859799012542e-05,0.0008428884320892394,0.0005030965548940003,0.0005559747805818915,0.0007328600622713566,6.384751486621099e-06,6.236744957277551e-05,3.493174153845757e-05,2.317448888788931e-06,0.00011715418077073991,2.072104689432308e-05,2.6446508627486764e-07,0.0,6.0268889683356974e-06,7.751013072265778e-06,9.30727219383698e-06,3.0443652576650493e-06,8.773678018769715e-06,0.00016137509373947978,8.608071220805869e-05,4.9468049837742e-05,1.3962588127469644e-05,7.89924251876073e-06,0.0017385026440024376,7.687624929531012e-06,7.817631740181241e-06,1.078079003491439e-05,1.1084021025453694e-05,1.820295801735483e-05,0.00010982047388097271,3.720213862834498e-05,0.0,4.470990825211629e-05,6.281185778789222e-05,3.5363541428523604e-06,8.007870201254264e-05,8.106309542199597e-05,9.597413009032607e-05,8.011668251128867e-05,6.0443624533945695e-05,7.828064553905278e-05,6.47727233626938e-07,1.697484321994125e-07,5.784300446975976e-05,1.160941792477388e-05,1.5676670273023774e-06,4.75929664389696e-06,7.631335756741464e-05,9.410290658706799e-05
200612,3.834388917312026e-05,3.952409770136001e-06,9.913464964483865e-07,3.0310948204714805e-05,4.148761945543811e-06,0.00040280178654938936,5.421438254415989e-05,7.8027342169662e-06,2.3726417566649616e-05,4.140626515436452e-06,1.3335159565031063e-05,2.7561643946683034e-05,0.001525140949524939,6.440620836656308e-06,7.701994036324322e-05,2.0882671378785744e-05,2.8512071367003955e-05,6.69695800752379e-05,6.021888339091674e-07,0.00012288655852898955,8.85459448909387e-05,9.703328942123335e-06,5.9637368394760415e-06,4.14705318689812e-05,3.682573151309043e-06,1.6177069483092055e-05,4.170475222053938e-06,4.657544559449889e-05,3.124004308574513e-07,3.2597954486845993e-06,6.493251567007974e-05,8.758202625358535e-07,0.00022321843425743282,9.949342711479403e-06,8.0768862972036e-05,9.25518361327704e-06,2.751630927377846e-05,2.8645526981563307e-06,6.7555124587670434e-06,4.916286684419902e-07,0.00014912498591002077,1.9284667359897867e-05,4.646709385269787e-06,3.094444764428772e-05,3.6942262795491843e-06,4.0763225115370005e-06,2.909388604166452e-05,0.0001341370225418359,0.0003169015690218657,0.00010100450890604407,0.00018893789092544466,0.001275091664865613,0.0,4.39956238551531e-05,0.0,9.73259489001066e-07,0.0,1.1393007071092143e-06,1.2960920685145538e-05,2.793512521748198e-06,3.178365886924439e-06,9.915651025949046e-05,0.00011529713810887188,0.0005943849100731313,3.892489257850684e-05,0.0008973011281341314,0.0005801258375868201,0.0005552796646952629,0.0007878689211793244,3.82221787731396e-06,7.274781091837212e-05,3.649255450000055e-05,1.702518375168438e-06,0.00011721473129000515,1.2530767889984418e-05,1.704352825981914e-06,3.730609421381814e-07,6.021939043421298e-06,7.089576229191152e-06,1.4314162399386987e-05,1.4352684729601606e-06,4.405670097185066e-06,0.00013923022197559476,0.00010771700908662751,6.612059951294214e-05,2.088918881781865e-05,1.0495063179405406e-05,0.0016826051287353039,5.894432433706243e-06,1.4022138202562928e-05,1.4102653949521482e-05,1.1625063052633777e-05,2.3046588466968387e-05,8.95877747097984e-05,2.9903028917033225e-05,5.732314320994192e-07,5.7030916650546715e-05,9.426533506484702e-05,7.582187208754476e-06,8.12852886156179e-05,5.0764352636178955e-05,6.832489452790469e-05,9.106576180784032e-05,5.674765634466894e-05,0.00010324890172341838,7.474562266907014e-07,0.0,6.182868673931807e-05,1.73788739630254e-05,0.0,6.841275535407476e-06,9.11294118850492e-05,9.493042307440192e-05
200701,1.2118573067709804e-05,1.6125995898619294e-06,0.0,0.0,0.0,0.00011943933350266889,1.4377363186213188e-05,1.7209268889928353e-06,0.0,8.583451176491508e-07,0.0,4.056586533351947e-07,0.000448120990768075,0.0,0.0,1.1703862583090086e-05,6.6185621108161286e-06,2.62541948359285e-06,0.0,4.3934109271503985e-05,1.0227506663795793e-06,2.928336471086368e-06,1.1632096175162587e-06,2.959413905045949e-06,1.9517087821441237e-06,6.0071101870562416e-06,0.0,2.0195735487504862e-05,0.0,0.0,2.33781411225209e-05,0.0,3.7444142435560934e-06,0.0,1.4465308595390525e-05,0.0,6.196128197188955e-06,0.0,0.0,0.0,5.0770919187925756e-05,2.7200781005376484e-06,1.1179718057974242e-06,0.0,0.0,0.0,2.065968828901532e-06,3.047341488127131e-05,2.5200437448802404e-05,1.2457951015676372e-05,3.2450625440105796e-05,0.0004841490590479225,0.0,1.746384077705443e-05,0.0,0.0,0.0,0.0,0.0,0.0,0.0,2.9984737921040505e-05,2.3651537048863247e-05,0.000235846804571338,7.913055924291257e-06,0.00030141553725115955,0.00021404687140602618,0.0001815817813621834,0.00020554166985675693,6.152508831291925e-07,6.729336291755317e-06,2.2697545887240267e-07,0.0,2.1423204088932835e-05,0.0,0.0,0.0,0.0,7.591495432279771e-07,0.0,0.0,3.6107371670368593e-06,2.7782311008195393e-05,3.678137363749556e-05,1.4043764622329036e-06,6.609987394767813e-06,0.0,0.0006971085094846785,4.744567377201747e-06,0.0,0.0,8.367817940779787e-07,0.0,8.074084689724259e-06,5.75415378989419e-06,0.0,5.173368663236033e-06,1.0356874554418027e-05,0.0,1.7469516023993492e-05,6.900343578308821e-06,1.1106955753348302e-05,3.612819637055509e-05,2.3655582481296733e-05,4.102957245777361e-05,0.0,0.0,1.56096230057301e-05,0.0,0.0,1.2089577694496256e-07,2.356667391723022e-05,1.8555836504674517e-05
200702,9.561716979078483e-06,2.7650842184812063e-06,0.0,0.0,0.0,0.00012391549535095692,6.824311185482657e-06,1.6128631159517681e-06,0.0,0.0,0.0,6.323469960989314e-07,0.0004534139879979193,5.435286425381491e-07,2.9950178941362537e-06,3.317205482744612e-06,7.497941169276601e-06,0.0,0.0,3.579955591703765e-05,4.983845883543836e-06,0.0,1.0092151114804437e-06,1.0127282621397171e-05,0.0,6.1678078964177985e-06,0.0,1.271457313123392e-05,0.0,1.200569045067823e-06,3.498698788462207e-05,0.0,2.0889465304207988e-05,0.0,1.7073236449505202e-05,1.2774669357895618e-06,1.6524820239283144e-05,0.0,0.0,0.0,3.974661376560107e-05,7.434139206452528e-06,0.0,0.0,0.0,0.0,8.935229516282561e-07,1.795798380044289e-05,1.8296766938874498e-05,2.9820179406669922e-05,6.104641943238676e-05,0.0004822663322556764,0.0,1.1407579222577624e-05,0.0,0.0,0.0,0.0,0.0,0.0,0.0,1.419251839251956e-05,2.2361149603966624e-05,0.0003083233896177262,3.4298732316528913e-06,0.0002572367375250906,0.00015768081357236952,0.00016400209278799593,0.00017595358076505363,2.925756234617438e-06,7.068354989314685e-06,0.0,0.0,6.107188255555229e-06,0.0,0.0,0.0,0.0,0.0,1.9160470401402563e-06,0.0,2.349581563976244e-06,3.80315505026374e-05,3.7457870348589495e-05,1.3598086070487625e-06,6.00258499616757e-06,9.127186331170378e-07,0.0006956643192097545,4.759365310746944e-06,0.0,1.145473902397498e-06,1.0854046195163392e-06,0.0,5.505034096131567e-06,4.794571850652574e-06,0.0,2.224301169917453e-06,2.7108608264825307e-05,0.0,2.1925248802290298e-05,6.717570613545831e-06,1.876135684142355e-05,1.6076137399068102e-05,6.75593128107721e-06,3.3717813494149595e-05,0.0,0.0,1.0389452654635534e-05,6.1609266595041845e-06,0.0,0.0,2.6607713152770884e-05,3.152976933051832e-05
200703,7.657565220142715e-06,1.3544188277592184e-06,0.0,0.0,2.50936318479944e-06,0.00010898232721956447,7.303085112653207e-06,1.8899980886999401e-06,0.0,8.4644398157252e-07,0.0,0.0,0.0004576233623083681,4.324514975451166e-06,0.0,1.7297707017860375e-05,1.4423073480429593e-05,0.0,0.0,1.8087983335135505e-05,1.5774012354086153e-05,1.0322410162189044e-05,2.4888026928238105e-07,7.077596364979399e-06,4.36274063986275e-07,4.102938419237034e-06,0.0,1.3378798939811531e-05,0.0,0.0,2.8145848773419857e-05,0.0,4.4032167352270335e-06,0.0,1.2409110240696464e-05,1.0282715265930165e-06,1.0768725587695371e-05,0.0,0.0,0.0,3.094632120337337e-05,6.738793217664352e-06,1.042618123392458e-06,0.0,0.0,2.0156528535153484e-06,8.732054993743077e-06,1.8172027921536937e-05,7.871608431742061e-06,1.0220745025435463e-05,4.465618258109316e-05,0.000566863629501313,0.0,1.4199437828210648e-05,0.0,0.0,0.0,0.0,0.0,0.0,0.0,2.0421333829290234e-05,2.0001631128252484e-05,0.00029090652242302895,1.0480897799425293e-05,0.0002843546390067786,0.00018407442257739604,0.000168113736435771,0.00020304258214309812,2.24610926125024e-06,1.2030900506942999e-05,2.666527620931447e-07,0.0,9.907914318318944e-06,1.0965004548779689e-06,0.0,0.0,0.0,0.0,2.664632802407141e-06,0.0,4.816075943381293e-06,2.21286500163842e-05,3.383208968443796e-05,4.484285909711616e-06,8.506908670824487e-06,0.0,0.0006901828455738723,4.281488600099692e-06,0.0,1.0045064300356898e-06,1.4196471056493465e-06,0.0,2.4083499283733545e-06,6.7543505792855285e-06,0.0,7.134544375730911e-06,1.3456313354254235e-05,0.0,1.6267449609586038e-05,1.6120293366839178e-05,1.2734986739815213e-05,2.790247162920423e-05,1.2064646398357581e-05,2.350631621084176e-05,0.0,0.0,1.4039424968359526e-05,0.0,0.0,0.0,2.304990448465105e-05,2.637391480675433e-05
200704,1.2687189155258238e-05,0.0,0.0,0.0,0.0,0.00014087055751588196,1.3420010418485617e-06,0.0,0.0,2.3489949398936005e-06,0.0,1.0141801567442599e-06,0.0004120475787203759,4.088426067028195e-06,2.933343239419628e-06,0.0,3.7049464935989818e-06,0.0,0.0,2.8978436603210866e-05,1.1271757102804258e-05,0.0,1.4139155837256112e-06,1.0461168130859733e-05,0.0,4.656410510506248e-06,1.7068886108972947e-06,1.1698118214553688e-05,0.0,2.8908950753248064e-06,2.6926001737592742e-05,0.0,2.6464231268619187e-05,0.0,1.793129922589287e-05,3.0503288144245744e-06,8.598359272582456e-06,0.0,0.0,0.0,5.197838254389353e-05,4.134217761020409e-06,8.392253221245483e-07,3.116254845281219e-07,0.0,0.0,1.119980311159452e-06,1.6361114830942824e-05,2.0125158698647283e-05,2.822017813741695e-05,6.0920403484487906e-05,0.00046821089927107096,0.0,1.046863053488778e-05,0.0,0.0,0.0,0.0,2.5022188765433384e-06,0.0,0.0,2.3648899514228106e-05,1.2168031389592215e-05,0.00030553617398254573,9.215189493261278e-06,0.00027215597219765186,0.00018385201110504568,0.00017461752577219158,0.00018773844931274652,6.346943450807885e-07,6.637678325205343e-06,4.448361892173125e-07,0.0,6.484357527369866e-06,0.0,0.0,0.0,0.0,1.2657058050535852e-06,0.0,0.0,1.0421903198221116e-06,2.3090473405318335e-05,4.197867019684054e-05,2.334009650439839e-06,5.1504980547179e-06,0.0,0.0007258955738507211,4.4068092392990366e-06,0.0,0.0,1.3364950746108661e-06,0.0,8.408976100326981e-06,3.0599530873587355e-06,0.0,4.260796231392305e-06,1.928652636706829e-05,0.0,1.9749651983147487e-05,1.5485267795156687e-05,1.578048977535218e-05,2.1548090444412082e-05,1.9189512386219576e-05,2.761425457720179e-05,9.225253165823233e-07,0.0,3.045669109269511e-05,1.218939701175259e-06,0.0,0.0,1.7515651052235626e-05,1.2681436601269525e-05
200705,5.184823294257512e-06,1.5152237438087468e-06,0.0,2.4776588816166623e-06,0.0,0.00015304413682315499,1.8724983874562895e-06,2.0533238966891076e-06,0.0,0.0,0.0,0.0,0.0004170041356701404,9.358616352983518e-07,0.0,7.77689456299413e-06,1.407714171364205e-05,2.6057712148030987e-06,0.0,4.442992576514371e-05,2.4902374207158573e-05,2.9002028441027505e-06,2.5154124614346074e-06,3.937776909879176e-06,0.0,4.127810370846419e-06,1.125946369029407e-06,1.465622062823968e-05,0.0,0.0,2.3868207790656015e-05,0.0,2.2434924176195636e-05,0.0,2.0983514332328923e-05,2.90485286313924e-06,4.294267455406953e-06,0.0,0.0,0.0,4.292568701202981e-05,0.0,0.0,0.0,0.0,0.0,2.282548166476772e-06,2.439759555272758e-05,3.0257546313805506e-05,1.2484981198213063e-05,4.741397424368188e-05,0.0004534933250397444,0.0,1.2794098438462242e-05,0.0,0.0,0.0,0.0,0.0,0.0,0.0,2.180585215683095e-05,2.1336858480935916e-05,0.00030178451561369,5.867526397196343e-06,0.00025092752184718847,0.0001619251270312816,0.00018284085672348738,0.0001817998563637957,1.2866419183410471e-06,1.0403159649285953e-05,0.0,0.0,1.725852484923962e-06,0.0,0.0,0.0,0.0,7.514433377764362e-07,0.0,0.0,1.1438535238994518e-06,4.018004619865678e-05,2.6958394300891086e-05,4.6995464799692854e-06,8.848329571264912e-07,0.0,0.0007040688069537282,2.4061462227109587e-06,0.0,0.0,1.6769438389019342e-06,0.0,3.411171974221361e-06,0.0,0.0,3.178013457727502e-06,3.2889067369978875e-05,3.4490710731915897e-07,1.2572222658491228e-05,2.175226472900249e-05,1.1631129382294603e-05,1.89451366168214e-05,2.6092164262081496e-05,2.1415940864244476e-05,0.0,0.0,1.541120400361251e-05,1.7720691403155797e-06,0.0,0.0,1.802785300242249e-05,2.6324487407691777e-05
200706,1.05599019661895e-05,5.597215931629762e-06,1.1917344409084762e-06,0.0,0.0,0.00013767524797003716,1.0243375072604977e-05,2.7672342639561975e-06,0.0,0.0,0.0,5.780993888038211e-07,0.0003864807076752186,2.3656336907151854e-06,0.0,1.4702712178404909e-05,1.1618370990618132e-05,5.048744696978247e-06,0.0,3.550011388142593e-05,0.0,5.9804269767482765e-06,9.430142995370261e-07,6.637464593950426e-06,0.0,6.35602464171825e-06,0.0,1.3910617781220935e-05,0.0,1.4127080021353322e-06,3.355745138833299e-05,1.5141544054131373e-06,1.8777451259666122e-05,0.0,1.5508803699049167e-05,0.0,3.2934722185018472e-06,0.0,0.0,0.0,4.364943379187025e-05,6.994320301600965e-06,6.697450771753211e-07,0.0,0.0,0.0,6.6035504460160155e-06,2.1738365830969997e-05,3.269889930379577e-05,4.78905531053897e-06,5.090355625725351e-05,0.0004880192573182285,0.0,1.5348519809776917e-05,0.0,0.0,0.0,0.0,0.0,0.0,0.0,2.27904074563412e-05,1.1128412552352529e-05,0.00032563647255301476,4.6694672164449e-06,0.00025174979236908257,0.0001892812579171732,0.00015220050408970565,0.0002248289529234171,1.373964096273994e-06,7.2101120167644694e-06,3.1330324645750807e-07,0.0,3.935789663955802e-06,0.0,0.0,0.0,0.0,2.5612480385461822e-06,1.3849384004060994e-06,0.0,0.0,3.0798735679127276e-05,4.4194221118232235e-05,4.12104463975993e-06,5.4850133892614394e-06,8.020186896828818e-07,0.0006797865498811007,3.471823447398492e-06,0.0,0.0,2.5493321231806476e-07,0.0,3.7622903619194403e-06,0.0,0.0,7.970636943355203e-06,1.740600600896869e-05,0.0,1.8297094356967136e-05,1.816922349462402e-06,1.2435513099262607e-06,1.5959079973981716e-05,2.364436659263447e-05,3.3465395972598344e-05,0.0,0.0,0.0,7.925435738798114e-07,0.0,5.167095196156879e-07,1.7116848539444618e-05,1.7099549950216897e-05
200707,5.324453468347201e-06,4.857979092776077e-06,0.0,0.0,0.0,0.00010059749911306426,3.5653047234518453e-06,1.3725710914513911e-06,0.0,0.0,7.344583536905702e-07,4.03511876356788e-07,0.00047995688510127366,6.48189086405182e-07,2.8498147912614513e-06,0.0,3.2895470667426707e-06,3.86330242463373e-07,0.0,4.2230643884977326e-05,5.975594831397757e-06,3.120330802630633e-06,1.619779936845589e-06,2.8121824016125174e-06,0.0,7.493553312087897e-06,0.0,2.5301218556705862e-05,0.0,4.856769351135881e-07,2.458533526805695e-05,0.0,1.766705645422917e-05,0.0,2.4201390260714106e-05,2.420555347271147e-06,1.1933050700463355e-05,0.0,0.0,0.0,3.535972791723907e-05,7.648259270354174e-06,0.0,2.5440147055633133e-07,1.7294637189024797e-07,0.0,9.035078619490378e-06,1.95586726476904e-05,2.0499282982200384e-05,1.1973164873779751e-05,4.385914508020505e-05,0.0005622688331641257,0.0,2.5486418962827884e-05,0.0,0.0,0.0,0.0,0.0,0.0,0.0,1.3175606909499038e-05,2.4516610210412182e-05,0.0003126880037598312,6.0790498537244275e-06,0.00024947282508946955,0.00019685561710502952,0.00015735918714199215,0.00019193872867617756,4.444372336820379e-07,5.338305527402554e-06,8.856634394760476e-07,0.0,1.93498344742693e-05,0.0,0.0,0.0,0.0,4.399590579851065e-06,3.7164768400543835e-06,0.0,0.0,1.5979027011781e-05,4.2032988858409226e-05,4.200398507236969e-06,2.807152895911713e-06,0.0,0.0006627600523643196,3.5751613722823095e-06,0.0,0.0,1.8313862710783724e-06,3.1511123665950436e-07,9.418478725820023e-07,0.0,0.0,4.668199380830629e-06,1.6448117094114423e-05,2.126925892298459e-06,2.3182061340776272e-05,1.8835671653505415e-05,1.2406373571138829e-05,2.8139902497059666e-05,1.905288445414044e-05,2.4037530238274485e-05,0.0,0.0,6.146151918073883e-06,2.36276082432596e-06,0.0,0.0,1.8928411009255797e-05,9.666328878665809e-06
200708,7.876999916334171e-06,4.352867563284235e-06,0.0,0.0,0.0,0.00011741378693841398,4.303834884922253e-06,1.2002575431324658e-06,0.0,0.0,0.0,6.849741112091579e-07,0.00041614321526139975,3.9579506960762956e-07,0.0,1.892074942588806e-05,0.0,3.1481047244596994e-06,0.0,3.395889143575914e-05,1.620032162463758e-05,2.937955059678643e-06,1.1568532727324055e-06,4.4950147639610805e-06,1.048194235409028e-06,4.026158876513364e-06,0.0,9.342679732071701e-06,0.0,0.0,2.7266376491752453e-05,0.0,1.6653930288157426e-05,0.0,1.4885156815580558e-05,9.566222161083715e-07,4.0904333218350075e-06,0.0,0.0,0.0,4.495304528973065e-05,0.0,6.862792929496209e-07,2.9263478040775226e-07,0.0,0.0,6.942461368453223e-06,1.8738304788712412e-05,1.4305986042018048e-05,1.0938450941466726e-05,4.472309956327081e-05,0.0005367011181078851,0.0,2.388089706073515e-05,0.0,0.0,0.0,0.0,0.0,0.0,0.0,1.0984265827573836e-05,3.063871918129735e-05,0.0003333461645524949,7.841617843951099e-06,0.00025174100301228464,0.00018653021834325045,0.00014428512076847255,0.00020346678502392024,9.68799099609896e-07,7.61616956879152e-06,2.2057572834910388e-07,0.0,1.0684421795303933e-05,1.8749500441117561e-06,0.0,0.0,0.0,6.122497211435984e-07,0.0,0.0,0.0,2.7977150239166804e-05,3.970954639953561e-05,2.6830412025447004e-06,5.652513209497556e-06,5.356100700737443e-07,0.0007034521549940109,0.0,0.0,0.0,6.499665232695406e-07,1.2067899888279499e-06,0.0,0.0,0.0,4.502885985857574e-06,3.283116893726401e-05,2.262013595100143e-06,1.4187603483151179e-05,1.0745077815954573e-05,1.1880352758453228e-05,1.8579277821118012e-05,6.472993391071213e-06,2.9861772418371402e-05,0.0,0.0,9.735267667565495e-06,2.697841864574002e-06,0.0,3.2102705063152825e-06,2.844056871253997e-05,1.9912788047804497e-05
200709,1.182668529509101e-05,7.444699804182164e-06,0.0,8.180338681995636e-07,0.0,0.00014760166232008487,9.343029887531884e-06,6.067110689400579e-07,0.0,0.0,0.0,4.994832352167577e-07,0.00037850759690627456,0.0,2.954367573693162e-06,0.0,0.0,0.0,0.0,4.619619357981719e-05,2.576727456471417e-05,0.0,0.0,5.083859832666349e-06,0.0,6.87711008140468e-06,0.0,1.115115901484387e-05,0.0,8.263452855317155e-07,1.7548141840961762e-05,0.0,1.3361689525481779e-05,8.302453693431744e-07,2.276098712172825e-05,0.0,6.264678177103633e-06,0.0,0.0,0.0,4.55465487902984e-05,1.6661902009218466e-06,0.0,2.6469282943253347e-07,0.0,2.5075967187149217e-06,7.869513865443878e-06,2.089089684886858e-05,3.499422382446937e-05,1.0562323950580321e-05,4.963676838087849e-05,0.0004760637239087373,0.0,1.7879514416563325e-05,0.0,0.0,0.0,0.0,0.0,0.0,0.0,2.207649959018454e-05,2.037314152403269e-05,0.0002923111605923623,7.923340490378905e-06,0.00023275430430658162,0.00017674248374532908,0.00018976794672198594,0.0001785916683729738,8.718358799342241e-07,8.156855074048508e-06,7.54102018163394e-07,0.0,5.908156708755996e-06,1.034854790304962e-06,0.0,0.0,0.0,1.291029207095562e-06,0.0,0.0,2.121473698935006e-06,1.630940823815763e-05,3.127738455077633e-05,0.0,4.5764386413793545e-06,0.0,0.0007405937649309635,1.6497640444868011e-06,0.0,0.0,8.586814601585502e-07,0.0,7.280400495801587e-06,0.0,0.0,0.0,3.9249935070984066e-05,0.0,1.6470545233460143e-05,4.953970346832648e-06,8.01977512310259e-06,2.0802641301997937e-05,1.869524385256227e-05,1.2585311196744442e-05,0.0,0.0,9.747875083121471e-06,0.0,0.0,4.961999593433575e-07,2.2411410100176e-05,6.380210379575146e-06
200710,6.805439170420868e-06,3.381704345883918e-06,0.0,0.0,0.0,0.00015078989963512868,7.133529379643733e-06,1.6972097682810272e-06,0.0,0.0,6.20914534010808e-07,7.226954039651901e-07,0.00034885993227362633,1.0688166867112159e-06,1.6873132153705228e-06,7.794429620844312e-06,1.2461097867344506e-05,0.0,0.0,3.979827670264058e-05,1.0492276487639174e-05,0.0,2.864814803160698e-07,9.206913091475144e-06,1.19691367217456e-06,8.750876077101566e-06,1.229559643434186e-06,1.1899146556970663e-05,0.0,1.2816038861274137e-06,2.1823438146384433e-05,0.0,6.457823019445641e-06,0.0,1.5656303730793297e-05,1.909747879835777e-06,8.57968825584976e-06,0.0,0.0,0.0,5.622792014037259e-05,1.524712388345506e-06,1.2475020412239246e-06,0.0,1.8542779400831932e-07,0.0,4.044001798320096e-06,3.3092190278694034e-05,1.8876791727961972e-05,2.0400466382852755e-06,3.9996033592615277e-05,0.00048811742453835905,0.0,1.6414265701314434e-05,0.0,0.0,0.0,0.0,0.0,0.0,0.0,1.2610834346560296e-05,2.7095111363450997e-05,0.00023467240680474788,4.281437213649042e-06,0.00024014183145482093,0.0001817433221731335,0.00014388370618689805,0.00017898970691021532,0.0,1.1292725503153633e-05,3.63317826668208e-06,0.0,0.0,0.0,0.0,0.0,0.0,5.033964043832384e-06,0.0,0.0,0.0,2.3581036657560617e-05,3.155375816277228e-05,0.0,1.0103375643666368e-05,0.0,0.0006819614209234715,1.7621958932068083e-06,0.0,1.9408435036893934e-06,5.81726226300816e-07,0.0,1.588153281772975e-05,0.0,0.0,2.7974099339189706e-06,3.239823126932606e-05,0.0,2.6573132345220074e-05,2.0915647837682627e-05,1.542596146464348e-05,2.3938440790516324e-05,1.376059663016349e-05,3.0532821256201714e-05,0.0,0.0,1.1393102795409504e-05,0.0,0.0,5.934689966125006e-07,1.5584566426696256e-05,1.0362353350501508e-05
200711,6.17979230810306e-06,5.782174412161112e-06,0.0,0.0,0.0,0.00017816621402744204,2.3602165128977504e-06,7.948007691993553e-07,0.0,0.0,0.0,7.709201099714846e-07,0.00028409415972419083,4.451947859251959e-07,0.0,6.0467868934210856e-06,4.9334485083818436e-06,0.0,0.0,5.1945255108876154e-05,0.0,2.63238575826108e-06,4.954646328769741e-07,5.738953404943459e-06,0.0,5.585042345046531e-06,1.0856177823370672e-06,4.772894953930518e-06,0.0,5.058829628978856e-06,3.3885797165567055e-05,0.0,2.336734178243205e-05,0.0,1.717041050142143e-05,9.187239129460067e-07,8.870321835274808e-06,0.0,0.0,0.0,4.498298585531302e-05,4.983117833035067e-06,5.28597865923075e-07,2.6726033297563845e-07,0.0,0.0,4.491951585805509e-06,1.0557364475971553e-05,7.165474016801454e-06,2.8214137728355126e-06,4.342418833402917e-05,0.00039365640259347856,0.0,1.732246164465323e-05,0.0,0.0,0.0,0.0,0.0,0.0,0.0,1.854780020948965e-05,2.785506694635842e-05,0.0002801345253828913,6.452422894653864e-06,0.000284096400719136,0.00020207847410347313,0.000150588050018996,0.0002091207425110042,0.0,9.939616575138643e-06,0.0,0.0,8.279303983727004e-06,0.0,0.0,0.0,0.0,1.891206920845434e-06,0.0,0.0,1.2933012385474285e-06,2.2102432922110893e-05,3.5467088309815153e-05,1.1157150083818124e-06,5.398599114414537e-06,0.0,0.000646195316221565,0.0,0.0,0.0,1.214194298881921e-06,3.3484593586763367e-07,3.3686396818666253e-06,0.0,0.0,6.141570338513702e-06,3.8522222894243896e-05,0.0,1.3500625755114015e-05,7.563904546259437e-06,4.0067220652417745e-06,3.0385499485419132e-05,6.768054390704492e-06,2.829306868079584e-05,0.0,1.3810732752972399e-06,1.0571430721029174e-05,3.7839708966203034e-06,0.0,6.06334083386173e-07,2.4232536816271022e-05,1.967816388059873e-05
200712,6.450902674259851e-06,1.127492851082934e-06,1.374363137074397e-06,9.302599437432946e-07,0.0,0.0001381389593007043,5.019348463974893e-06,0.0,0.0,0.0,6.349299042085477e-07,6.298412245087093e-07,0.0003038570284843445,3.9257159301087086e-07,2.7946798581979237e-06,1.8497836208553053e-05,6.13306883678888e-06,6.908640557412582e-07,0.0,4.689974230132066e-05,4.5822425818187185e-06,0.0,4.370752719751181e-07,4.658577381633222e-06,0.0,5.276621322991559e-06,6.243107009140658e-07,5.618427621811861e-06,0.0,0.0,2.8884569474030286e-05,1.4673750001747976e-06,1.4398857274500187e-05,0.0,2.079038677038625e-05,8.374712479053414e-07,7.759241270832717e-06,0.0,0.0,0.0,3.642059527919628e-05,4.547343451122288e-06,0.0,0.0,0.0,0.0,1.1204036809431273e-06,2.9856648325221613e-05,6.249232683330774e-06,8.032185178308282e-06,3.5597866371972486e-05,0.0004429670225363225,0.0,2.3305190552491695e-05,0.0,0.0,0.0,0.0,0.0,0.0,0.0,2.6018586140708067e-05,2.298027538927272e-05,0.00024005358864087611,5.077451078250306e-06,0.00026613945374265313,0.0002153774257749319,0.00014925902360118926,0.0002053648349829018,1.0181388461205643e-06,7.986034688656218e-06,1.495891694958118e-07,0.0,5.656006123899715e-06,0.0,0.0,0.0,0.0,1.8621774415805703e-06,0.0,0.0,0.0,2.0342631614767015e-05,2.8266535082366318e-05,6.2846347645972855e-06,6.2902781792217866e-06,0.0,0.000696084403898567,1.6462355461044353e-06,0.0,0.0,8.870133569871541e-07,4.2207616957057326e-07,4.105595508008264e-06,0.0,0.0,5.768841219833121e-06,3.1767158361617476e-05,3.63837415306989e-07,2.5383245883858763e-05,1.568277002661489e-05,9.341138138552196e-06,2.6616935429046862e-05,1.2108746886951849e-05,2.8284348445595242e-05,0.0,0.0,1.478584817959927e-05,1.3754033716395497e-06,0.0,0.0,1.8234253730042838e-05,2.638173828017898e-05
200801,1.901822724903468e-05,3.8939683690841775e-06,0.0,0.0,0.0,0.00019004287605639547,2.1160831238375977e-06,6.838832291578001e-07,0.0,7.393779810627166e-07,1.0132112038263585e-06,2.689245945930452e-07,0.0002679350436665118,1.7983511497732252e-06,0.0,9.89926775218919e-06,2.1598832518066047e-06,0.0,0.0,3.8380909245461226e-05,1.633431384107098e-05,2.8744357223331463e-06,2.352029611074613e-07,7.140103207348147e-06,0.0,9.178114851238206e-06,0.0,1.009217794489814e-05,0.0,1.525738298369106e-06,2.773219057417009e-05,1.5133211945794756e-06,1.576953218318522e-05,0.0,1.647259523451794e-05,0.0,8.767573490331415e-06,0.0,0.0,0.0,3.628432750701904e-05,3.2366217510571005e-06,2.4061989734036615e-07,3.4922987879326683e-07,0.0,0.0,7.3319615694344975e-06,1.7976442904910073e-05,1.4644745533587411e-05,4.5596402742376085e-06,5.4836797062307596e-05,0.000384616811061278,0.0,1.4430072951654438e-05,0.0,0.0,0.0,0.0,0.0,0.0,0.0,3.332617779960856e-05,1.381663514621323e-05,0.00026055314810946584,4.9639174903859384e-06,0.00024313631001859903,0.0002168415958294645,0.0001467150723328814,0.0001771317474776879,5.903168585064122e-07,1.0011907761509065e-05,4.892106062470702e-07,0.0,8.67543803906301e-06,3.295865099062212e-06,0.0,0.0,0.0,6.175185376378067e-07,0.0,0.0,1.4400509371625958e-06,1.1004884072463028e-05,3.421356086619198e-05,5.868050720891915e-06,9.786695045477245e-06,0.0,0.0006878144922666252,1.4029758403921733e-06,0.0,0.0,2.4127432425302686e-06,0.0,5.197990958549781e-06,0.0,5.881827860321209e-07,1.995778347918531e-06,2.6725378120318055e-05,0.0,1.0357651262893341e-05,1.3486725038092118e-05,1.1665455531328917e-05,1.4658927284472156e-05,0.0,3.388418917893432e-05,0.0,0.0,1.5957421055645682e-05,5.730096745537594e-06,0.0,0.0,1.1883110346389003e-05,2.0149998817942105e-05
200802,1.2590305232151877e-05,4.903720764559694e-06,0.0,4.323843825204676e-07,0.0,0.00014039830421097577,6.935060355317546e-06,0.0,0.0,9.03901195670187e-07,0.0,3.35912687887685e-07,0.0002812274906318635,2.344063886994263e-06,0.0,5.366972800402436e-06,7.34317700334941e-06,0.0,0.0,2.778270390990656e-05,8.125797648972366e-06,4.5817847649232135e-07,0.0,1.0892787031480111e-05,0.0,8.292446182167623e-06,2.590661324575194e-06,1.3029103683948051e-05,0.0,9.005261176753265e-07,1.5573594282614067e-05,0.0,4.494849235925358e-06,0.0,1.2401481399137992e-05,2.4832304461597232e-06,9.051042979990598e-06,0.0,0.0,0.0,4.934986645821482e-05,1.8100914758178988e-06,0.0,0.0,0.0,0.0,1.3541847692977171e-05,2.6857129341806285e-05,7.260155598487472e-06,1.1145143616886344e-05,4.633504067896865e-05,0.00047040049685165286,0.0,1.800413701857906e-05,0.0,0.0,0.0,0.0,0.0,0.0,0.0,1.8842929421225563e-05,2.546350697230082e-05,0.00025877630105242133,3.6516119052976137e-06,0.0003017372509930283,0.00023880612570792437,0.00016931979916989803,0.00021094721159897745,5.554589961320744e-07,5.179560048418352e-06,0.0,0.0,8.656714271637611e-06,0.0,0.0,0.0,0.0,1.98489215108566e-06,0.0,0.0,9.008498977891577e-07,8.201408491004258e-06,3.644488606369123e-05,9.339392818219494e-06,4.3438376451376826e-06,0.0,0.0006598033360205591,3.7775287182739703e-06,0.0,0.0,9.607468882677495e-07,0.0,3.3212170365004567e-06,5.610374500975013e-06,0.0,6.7305427364772186e-06,2.3360176783171482e-05,0.0,1.891409556264989e-05,1.8341072063776664e-05,0.0,2.6115551008842885e-05,6.211847448867047e-06,2.589191535662394e-05,0.0,0.0,9.534184755466413e-06,1.5065319303175784e-06,0.0,2.8495169317466207e-06,1.72459585883189e-05,6.778660008421866e-06
200803,1.0386498615844175e-05,5.571805104409577e-06,0.0,6.73533634198975e-07,0.0,9.538992890156806e-05,1.4142825648377766e-06,5.621918717224617e-07,0.0,8.010346732589824e-07,4.863064191340527e-07,2.8288928888287046e-07,0.00031056307489052415,0.0,2.774329686872079e-06,8.282469934783876e-06,2.376250904490007e-06,2.628358288347954e-06,0.0,3.814527008216828e-05,2.537574437155854e-05,3.117103460681392e-06,3.7408310049613647e-07,6.295842467807233e-06,0.0,5.529165719053708e-06,1.403307123837294e-06,1.4454788470175117e-05,0.0,8.242507192335324e-07,1.5730500308563933e-05,0.0,2.3553760911454447e-05,0.0,1.7519238099339418e-05,2.872363211281481e-06,6.963154646655312e-06,0.0,0.0,0.0,5.052480264566839e-05,1.7976674371311674e-06,0.0,0.0,0.0,0.0,2.4344288249267265e-05,2.572343328210991e-05,3.1917104479362024e-06,1.3059180673735682e-05,2.878676968975924e-05,0.0005655271816067398,0.0,2.0868968931608833e-05,0.0,0.0,0.0,0.0,0.0,0.0,0.0,2.9465867555700243e-05,2.6960076866089366e-05,0.00026662193704396486,3.017961489604204e-06,0.0002656901197042316,0.00022373876709025353,0.0001630517072044313,0.0002063083229586482,4.091862138011493e-07,4.881947006651899e-06,0.0,0.0,1.336852801614441e-05,2.2343299406202277e-06,0.0,0.0,0.0,4.498392627283465e-06,0.0,0.0,1.148733190348139e-06,1.7620342987356707e-05,3.2586973247816786e-05,4.76449349662289e-06,2.1374692096287617e-06,0.0,0.0006417576223611832,1.9053228470511385e-06,4.7144243353614e-07,0.0,1.0528871143833385e-06,0.0,0.0,0.0,0.0,3.1094211863091914e-06,1.7705548088997602e-05,0.0,7.062286385917105e-06,2.2374781110556796e-05,6.01074634687393e-06,3.5780023608822376e-05,1.2695424629782792e-05,2.782850970106665e-05,0.0,0.0,1.9696392428159015e-06,0.0,0.0,0.0,2.4059307179413736e-05,1.3211641089583281e-05
200804,9.46755062614102e-06,3.521450025800732e-06,0.0,0.0,0.0,0.00011321687634335831,6.664123247901443e-06,8.197453666980437e-07,0.0,0.0,0.0,7.081202397785091e-07,0.0003324858844280243,3.974574838139233e-07,1.3301789749675663e-06,1.3226311239122879e-05,0.0,0.0,0.0,2.9973334676469676e-05,1.452797278034268e-05,0.0,0.0,6.812926585553214e-06,0.0,3.4446850349922897e-06,0.0,1.1233910299779382e-05,0.0,8.173655032805982e-07,2.591257361928001e-05,0.0,6.616668542847037e-06,0.0,1.614736538613215e-05,0.0,2.3998532014957163e-06,0.0,0.0,0.0,4.8888763558352366e-05,0.0,0.0,5.639468326990027e-06,0.0,0.0,3.027643651876133e-05,4.3193689634790644e-05,6.716537427564617e-06,4.579199412546586e-06,3.7492220144486055e-05,0.000558906642254442,0.0,1.4840601579635404e-05,0.0,0.0,0.0,0.0,0.0,0.0,0.0,3.228673813282512e-05,2.6339916075812653e-05,0.0002652996336109936,3.6959197586838854e-06,0.00027004588628187776,0.00022776280820835382,0.00013494928134605289,0.00019427000370342284,1.0961999805658706e-06,1.1313089999021031e-05,4.545493652585719e-07,0.0,6.229629434528761e-06,2.5072529297176516e-06,0.0,0.0,0.0,1.9349324702488957e-06,4.19286834585364e-06,0.0,1.074988517757447e-06,1.8193095456808805e-05,2.5432755137444474e-05,1.2641770808841102e-05,7.282028946065111e-06,0.0,0.0006468053907155991,2.509342493794975e-06,8.19345416402939e-07,0.0,1.3047584843661753e-06,0.0,0.0,0.0,0.0,1.948991666722577e-06,4.1722541936906055e-05,0.0,1.1917029951291624e-05,1.790287933545187e-05,1.0742380254669115e-05,2.791009501379449e-05,0.0,1.78676000359701e-05,0.0,0.0,1.0846127224795055e-05,4.9349546316079795e-06,0.0,0.0,2.152097840735223e-05,1.6591980966040865e-05
200805,4.321793767303461e-06,8.536497261957265e-06,0.0,3.068135185912979e-07,0.0,0.00012267414422240108,2.1345701952668605e-06,1.5498501397814834e-06,0.0,0.0,7.478997758880723e-07,3.5986241186947154e-07,0.00025344619643874466,1.9566441551432945e-06,1.7309357644990087e-06,9.657216651248746e-06,0.0,0.0,0.0,1.4355458915815689e-05,1.5702307791798376e-05,0.0,2.406768544460647e-07,4.66474739369005e-06,0.0,8.965611414168961e-06,4.996351208319538e-07,7.566375188616803e-06,0.0,1.8609080143505707e-06,2.4453414880554192e-05,0.0,2.9660754080396146e-05,0.0,1.3513064914150164e-05,9.19417630029784e-07,1.2842465366702527e-05,0.0,0.0,0.0,5.312202119966969e-05,1.5290298733816599e-06,1.2519128631538479e-06,2.198007962306292e-07,0.0,0.0,2.8502325221779756e-05,3.337463203934021e-05,2.1672733510058606e-06,7.317134986806195e-06,4.030627678730525e-05,0.0005360568757168949,0.0,2.1299856598488986e-05,0.0,0.0,0.0,0.0,0.0,0.0,0.0,1.916121800604742e-05,2.4727019990677945e-05,0.0003186304238624871,2.340773562536924e-06,0.0002777715271804482,0.00022368562349583954,0.00013992091407999396,0.00022519257618114352,1.1209797321498627e-06,6.671940354863182e-06,1.4375054036008805e-07,0.0,0.0,2.116468976964825e-06,0.0,0.0,0.0,3.933105290343519e-06,2.5115696189459413e-06,0.0,0.0,2.4288470740430057e-05,2.4740014850976877e-05,7.11872326064622e-06,9.246849003829993e-06,0.0,0.0006826544995419681,2.6699615318648284e-06,0.0,0.0,6.738360411873145e-07,0.0,0.0,0.0,0.0,5.320325271895854e-06,2.5777160772122443e-05,0.0,2.455033791193273e-05,2.100823803630192e-05,4.71728299089591e-06,3.0844894354231656e-05,6.512003892567009e-06,2.9703245672862977e-05,0.0,0.0,6.694825060549192e-06,2.6466211693332298e-06,0.0,8.792805488155864e-07,2.3841630536480807e-05,1.4334243132907432e-05
200806,7.703737537667621e-06,4.528168574324809e-06,0.0,0.0,0.0,0.0001423328067176044,0.0,3.5477552273732726e-07,0.0,0.0,9.465254038332205e-07,0.0,0.0002542234433349222,2.064971113213687e-06,1.2549166967801284e-06,1.2376479389786255e-05,3.5592413496488007e-06,0.0,0.0,3.914190529030748e-05,2.604211840662174e-05,0.0,0.0,3.840245881292503e-06,0.0,9.766122275323141e-06,0.0,5.343169959814986e-06,0.0,9.255552413378609e-07,2.0102692360524088e-05,0.0,1.2113086086174008e-05,0.0,1.0178065167565364e-05,9.855061762209516e-07,6.647110240010079e-06,0.0,0.0,0.0,5.499508188222535e-05,9.930096894095186e-06,1.7236428675460047e-06,4.712878308055224e-06,0.0,0.0,1.7726495570968837e-05,3.50893969880417e-05,1.6320143913617358e-05,8.889935088518541e-06,3.291466418886557e-05,0.00046837812988087535,0.0,1.6652262274874374e-05,0.0,0.0,0.0,0.0,0.0,0.0,0.0,2.1730043954448774e-05,3.356498200446367e-05,0.00026344918296672404,2.010177013289649e-06,0.00030915290699340403,0.00023771431006025523,0.00013999445945955813,0.00022705386800225824,3.8732017060283397e-07,9.460772162128706e-06,1.527078552499006e-07,0.0,6.813928848714568e-06,0.0,0.0,0.0,0.0,1.8974993736264878e-06,3.293446525276522e-06,0.0,1.0513836059544701e-06,1.678753505984787e-05,2.555172068241518e-05,5.7809661484498065e-06,4.707063453679439e-06,0.0,0.0006943662301637232,0.0,0.0,0.0,0.0,0.0,7.173600351961795e-06,3.5744421893468825e-06,0.0,0.0,1.725586480461061e-05,0.0,2.027381742664147e-05,1.1662539691315033e-05,3.478819053270854e-06,2.2566555344383232e-05,1.3891924027120695e-05,1.732685268507339e-05,0.0,0.0,2.455479716445552e-06,6.2565136431658175e-06,0.0,0.0,2.590464828244876e-05,6.73136946716113e-06
200807,1.383557992085116e-05,2.4453945570712676e-06,0.0,6.733831128258316e-07,0.0,0.0001476346660638228,2.4673709049238823e-06,0.0,0.0,0.0,8.376287041755859e-07,8.180745112440491e-07,0.00022062761127017438,4.6334389480762184e-07,0.0,1.2935109225509223e-05,2.2296107999864034e-06,0.0,0.0,3.633092637755908e-05,1.2089682968507987e-05,5.207725735090207e-07,1.6758897345425794e-06,3.858218860841589e-06,0.0,5.984464678476797e-06,0.0,6.52237713438808e-06,0.0,6.136555839475477e-06,2.188124017266091e-05,0.0,4.4205506128491834e-05,0.0,9.34923536988208e-06,3.717332219821401e-06,2.2901615466253133e-06,0.0,0.0,0.0,3.339577233418822e-05,0.0,0.0,4.892835931968875e-06,0.0,0.0,2.7348549338057637e-05,1.9024781067855656e-05,1.5060301848279778e-05,6.490409759862814e-06,5.499487815541215e-05,0.0004947392153553665,0.0,1.2372709534247406e-05,0.0,0.0,3.428415311645949e-07,0.0,0.0,0.0,0.0,3.0101857191766612e-05,1.1221670320082922e-05,0.0002532668295316398,0.0,0.0002376553456997499,0.00018358006491325796,0.00013780353765469044,0.00018616835586726665,1.8162908190788585e-06,1.0870991900446825e-05,1.8484215047465113e-07,0.0,2.27891769100097e-06,0.0,0.0,0.0,0.0,6.234527063497808e-07,0.0,0.0,3.1328454497270286e-06,1.5861067367950454e-05,3.9976657717488706e-05,2.7268756639386993e-06,4.807370714843273e-06,0.0,0.0006043171160854399,0.0,0.0,0.0,1.2251585985723068e-06,1.778734457502651e-07,6.875406143080909e-06,0.0,0.0,0.0,4.0584791349829175e-06,0.0,3.484474655124359e-05,2.362695158808492e-05,9.219263120030519e-06,2.103352926496882e-05,1.700035500107333e-05,3.335037763463333e-05,0.0,0.0,1.3725351891480386e-05,2.8643135010497645e-06,0.0,0.0,2.2565864128409885e-05,1.627825986361131e-05
200808,1.0991308954544365e-05,5.617120223178063e-06,0.0,0.0,0.0,0.00014097191160544753,4.054888904647669e-06,1.3487297110259533e-06,0.0,0.0,2.7626015253190417e-06,8.733510981073778e-07,0.00026299135060980916,7.208174679362855e-07,0.0,4.874254955211654e-06,0.0,4.333870492700953e-06,0.0,3.340440525789745e-05,6.654893695667852e-06,1.4124547078608884e-06,2.580392219897476e-06,3.5626962926471606e-06,0.0,6.075546480133198e-06,0.0,1.982280627998989e-05,0.0,4.0697818803892005e-06,2.810673504427541e-05,0.0,2.3696704374742694e-05,0.0,1.924263960972894e-05,2.002902192543843e-06,4.4183407226228155e-06,0.0,0.0,0.0,3.0722530937055126e-05,0.0,0.0,3.1055080285113945e-07,0.0,0.0,3.064903285121545e-05,2.531465179345105e-05,2.960665597129264e-06,4.5223587221698835e-06,3.0819639505352825e-05,0.0005265535437501967,0.0,1.0921850844169967e-05,0.0,0.0,0.0,0.0,2.7252203835814726e-06,0.0,0.0,3.2044357794802636e-05,1.78246118593961e-05,0.00023825152311474085,1.4226918665372068e-06,0.0002552233636379242,0.00017369483248330653,0.00016712603974156082,0.00018086178170051426,9.127897442340327e-07,9.69150732998969e-06,0.0,0.0,0.0,2.258244194308645e-06,0.0,0.0,0.0,2.1121165900694905e-06,0.0,0.0,2.181572199333459e-06,2.837602369254455e-05,2.3124957806430757e-05,4.5711876737186685e-06,6.8533022385963704e-06,0.0,0.0006741449469700456,0.0,0.0,0.0,9.52568427692313e-07,0.0,6.841012691438664e-06,0.0,0.0,1.6563701592531288e-06,1.7546564777148888e-05,0.0,1.2949190931976773e-05,1.6859326933627017e-05,6.184158337418921e-06,2.2213720512809232e-05,1.0146922249987256e-05,2.9936920327600092e-05,0.0,0.0,1.3195370229368564e-05,5.890591182833305e-06,0.0,6.002109671499056e-07,1.8473941963748075e-05,2.781017974484712e-05
200809,1.628067002457101e-05,5.565174433286302e-06,0.0,3.9895536474432447e-07,0.0,0.00010342059977119789,2.0233062514307676e-06,6.290002829700825e-07,0.0,4.214323894302652e-07,5.040892006036302e-07,0.0,0.0001964822004083544,0.0,9.813024917093571e-07,1.3244196452433243e-05,5.207725280342856e-06,4.397596512717428e-06,0.0,4.092843664693646e-05,4.205024197290186e-06,2.4951150408014655e-06,5.830848976984271e-07,6.343716904666508e-06,9.089808372664265e-07,6.197185030032415e-06,0.0,8.990561582322698e-06,0.0,1.3320906191438553e-06,2.8168264179839753e-05,0.0,4.780460585607216e-05,0.0,1.7333924915874377e-05,3.4128913739550626e-06,6.92474623065209e-06,0.0,0.0,0.0,3.232589006074704e-05,2.8354700134514133e-06,0.0,2.0702211145362526e-07,0.0,0.0,3.742331682587974e-05,2.521086389606353e-05,7.286390882654814e-06,4.609832103597e-06,3.077930159633979e-05,0.0005722919013351202,0.0,6.950312126718927e-06,0.0,0.0,0.0,0.0,2.5106232897087466e-06,0.0,0.0,1.1111204912594985e-05,2.095141462632455e-05,0.0002953873190563172,1.3584875659944373e-06,0.00024889351334422827,0.00019514687301125377,0.00015723046089988202,0.0002279851760249585,1.0047883733932395e-06,6.317016413959209e-06,0.0,0.0,8.036578037717845e-06,0.0,0.0,0.0,0.0,6.160281031952763e-07,1.0651066304490087e-06,0.0,0.0,2.0858129573753104e-05,3.2694377296138555e-05,6.852843398519326e-06,3.4266465718246764e-06,0.0,0.0006107295630499721,0.0,0.0,1.415646011082572e-06,1.6647711618134053e-06,5.516674832506396e-07,6.0154011407576036e-06,0.0,0.0,4.969961992173921e-06,2.3340675397776067e-05,7.095092655617918e-07,2.0103079805267043e-05,1.0800325981108472e-05,0.0,2.806626980600413e-05,1.4364270100486465e-05,4.176364382146858e-05,0.0,0.0,1.2284299373277463e-05,1.90672540156811e-06,0.0,0.0,1.569244523125235e-05,1.4792627553106286e-05
200810,1.0915567145275418e-05,9.132364539254922e-06,0.0,0.0,0.0,0.00010936029866570607,2.0708671399916057e-06,0.0,0.0,0.0,0.0,0.0,0.00025608879514038563,0.0,1.7841036878962768e-06,1.721623630146496e-05,4.009491476608673e-06,0.0,0.0,1.7006001144181937e-05,5.742962457588874e-06,0.0,0.0,7.194511908892309e-06,0.0,8.04873798188055e-06,0.0,1.2878785128123127e-05,0.0,5.967402557871537e-06,3.904108234564774e-05,0.0,2.9766877560177818e-05,0.0,1.119504031521501e-05,3.4532672543718945e-06,0.0,0.0,0.0,0.0,5.300467091728933e-05,1.3061624031251995e-06,0.0,5.204384478929569e-07,0.0,9.966794323190697e-07,2.0941737602697685e-05,2.437500916130375e-05,7.639494469913188e-06,9.599734767107293e-06,2.5867067961371504e-05,0.0006310346070677042,0.0,1.2902864909847267e-05,0.0,0.0,0.0,0.0,0.0,0.0,0.0,2.8201649911352433e-05,2.041193874902092e-05,0.0002423795813228935,1.1517918210302014e-06,0.00031782788573764265,0.00021545536583289504,0.00015759757661726326,0.00022314510715659708,1.1264129398114164e-06,8.162197445926722e-06,0.0,0.0,6.2783146859146655e-06,1.2339960449025966e-05,0.0,0.0,4.679365247284295e-06,6.059757424736745e-07,0.0,0.0,2.3522882202087203e-06,2.4480523279635236e-05,1.9367387722013518e-05,4.468209226615727e-06,4.963862465956481e-06,0.0,0.0006766783189959824,1.4568615824828157e-06,0.0,2.7990058697469067e-06,1.278081867894798e-06,0.0,3.2616967473586556e-06,1.00667000424437e-06,0.0,2.5010785975609906e-06,2.9721122700721025e-05,0.0,2.650723581609782e-05,1.4007950994709972e-05,4.681628979597008e-06,3.6312732845544815e-05,6.591527835553279e-06,3.3042953873518854e-05,0.0,0.0,9.685451004770584e-06,1.1220710803172551e-05,0.0,0.0,2.6372385036665946e-05,4.125951818423346e-05
200811,5.66798689760617e-06,6.662227406195598e-06,0.0,0.0,0.0,8.456681098323315e-05,4.589993295667227e-06,0.0,0.0,0.0,0.0,5.964558908999607e-07,0.0002958896802738309,1.1732080338333617e-06,1.6255659147645929e-06,9.31434624362737e-06,0.0,3.5446678339212667e-06,0.0,3.128033131361008e-05,4.630525381799089e-06,0.0,2.749230532117508e-07,7.090964572853409e-06,0.0,2.5927888600563165e-06,0.0,7.650930456293281e-06,0.0,1.8363659819442546e-06,2.7883359507541172e-05,0.0,0.00022683072893414646,1.7291761196247535e-06,9.189312550006434e-06,1.0427889662878442e-07,1.1392065971449483e-05,0.0,0.0,0.0,3.381833448656835e-05,4.642977273761062e-06,0.0,2.032565760146099e-07,0.0,2.4440203105768887e-06,2.7294330720906146e-05,2.286009657836985e-05,4.886119313596282e-06,1.7395061149727553e-05,2.9117629310349002e-05,0.000634761294350028,0.0,1.3436302651825827e-05,0.0,0.0,0.0,0.0,0.0,0.0,0.0,2.119873352057766e-05,1.1556050594663247e-05,0.00029729801462963223,2.537983391448506e-06,0.00027899062843061984,0.0002234217681689188,0.00016732914082240313,0.00023339515610132366,3.824140719643765e-07,5.706001502403524e-06,0.0,0.0,6.7493679125618655e-06,0.0,0.0,0.0,0.0,0.0,0.0,0.0,0.0,1.9522300135577098e-05,2.351594957872294e-05,8.88939030119218e-06,8.015393177629448e-06,0.0,0.0006725589046254754,0.0,0.0,0.0,2.6308341602998553e-06,0.0,9.208641131408513e-06,0.0,0.0,0.0,1.9587161659728736e-05,0.0,3.2446685509057716e-05,1.6067197066149674e-05,2.4308296815434005e-06,2.1523395844269544e-05,6.1091541283531114e-06,2.1482634110725485e-05,0.0,0.0,3.555217517714482e-06,1.2148988162152818e-06,0.0,3.940947863156907e-06,3.375972301000729e-05,2.2324373276205733e-05
200812,8.211706699512433e-06,2.899100081776851e-06,0.0,0.0,0.0,0.00011243359767831862,2.0162947294011246e-06,1.1081501725129783e-06,0.0,0.0,1.0711087270465214e-06,1.3803619935970346e-07,0.00019529720884747803,3.2491652746102773e-06,2.855477987395716e-06,9.404742741025984e-06,4.049143626616569e-06,5.675624834111659e-06,0.0,2.116521318384912e-05,1.9755323592107743e-05,0.0,2.796943476823799e-07,9.699163456389215e-06,0.0,4.188638740743045e-06,0.0,5.898342806176515e-06,0.0,1.1017997394446866e-06,7.830680260667577e-06,0.0,0.0002229896344942972,0.0,1.3791544006380718e-05,8.685219654580578e-07,6.9522652665909845e-06,0.0,0.0,0.0,6.605608359677717e-05,0.0,0.0,1.9182935773187637e-07,0.0,0.0,2.0138522813795134e-05,1.9883433196810074e-05,1.2960067579115275e-05,9.51111451286124e-06,3.1305175070883706e-05,0.0006227342528291047,0.0,1.459118902857881e-05,0.0,0.0,0.0,0.0,0.0,0.0,0.0,2.8043921702192165e-05,2.0545699953800067e-05,0.00023215867986436933,3.5778996334556723e-06,0.0003392464714124799,0.00023646641056984663,0.0001689022028585896,0.0002087676402879879,4.369837540707522e-07,8.355574209417682e-06,3.3556722200955846e-07,0.0,1.9588058421504684e-05,5.4751603784097824e-06,0.0,0.0,0.0,0.0,0.0,0.0,0.0,2.2102300135884434e-05,2.4862818463589065e-05,3.728855972440215e-06,2.1022271994297625e-06,0.0,0.000640254293102771,1.2265080613360624e-06,0.0,0.0,8.595825988777506e-07,0.0,8.361962500202935e-06,5.440402674139477e-06,6.227281232895621e-07,0.0,1.0997860954375938e-05,1.276984562537109e-06,3.582721546990797e-05,1.9576178601710126e-05,3.607137841754593e-06,3.2913634640863165e-05,2.4775163183221593e-05,2.7425947337178513e-05,0.0,0.0,8.12949292594567e-06,5.851150490343571e-06,0.0,5.561875013881945e-07,2.7268286430626176e-05,3.2068739528767765e-05
200901,3.2460546208312735e-05,8.322289431816898e-06,6.658481652266346e-06,3.5834143545798725e-06,1.0775595455925213e-06,0.0002897022641263902,1.217765202454757e-05,3.4764436804834986e-06,0.0,3.492840505714412e-06,1.1960222536799847e-06,1.1228330549784005e-06,0.0005796844488941133,2.8486945211625425e-06,2.5687895686132833e-06,2.042144478764385e-05,1.5949322914821096e-05,8.646831702208146e-06,5.669815550390922e-07,5.271829286357388e-05,4.4693893869407475e-05,0.0,2.5993776944233105e-06,4.6207071136450395e-05,0.0,1.639995025470853e-05,4.6600061409662885e-07,2.015486461459659e-05,0.0,2.9861544135201257e-06,3.619960625655949e-05,1.5236026911225053e-06,0.0009401280549354851,0.0,6.297586514847353e-05,3.256555828556884e-06,2.838865293597337e-05,0.0,0.0,0.0,0.00012404387234710157,1.2914936633023899e-05,9.54896563598595e-07,5.347301794245141e-06,7.222678277685191e-07,2.7985804536001524e-06,0.00010344954353058711,0.00012344506103545427,2.316722384421155e-05,2.9992079362273216e-05,0.00011945587175432593,0.0016935942694544792,0.0,4.08735650125891e-05,0.0,4.3470242871990195e-07,0.0,0.0,0.0,0.0,0.0,9.635352762416005e-05,0.00013793476682621986,0.0005191175150685012,1.0158621080336161e-05,0.0008841413073241711,0.0005927613819949329,0.00045574791147373617,0.0007966859266161919,2.0660761492763413e-06,3.991146513726562e-05,2.3015111310087377e-06,0.0,1.5177704881352838e-05,5.352770585886901e-06,0.0,0.0,0.0,1.3396598887993605e-06,1.4458149735219195e-06,0.0,2.070477876259247e-06,3.2749903766671196e-05,5.553695518756285e-05,4.7300504775193986e-06,7.184699825302232e-06,1.3746232241373946e-07,0.0017934930510818958,1.7907649407788995e-06,6.109810897214629e-07,5.019805030315183e-06,9.942414180841297e-07,5.056804184278008e-07,7.115202606655657e-06,8.877504114934709e-06,0.0,2.0028182916576043e-06,6.241769006010145e-05,5.96925065110554e-06,8.461718971375376e-05,7.248601468745619e-05,1.147362490883097e-05,6.842972652520984e-05,2.215968197560869e-05,5.3699390264227986e-05,0.0,0.0,2.411308560112957e-05,4.965053904015804e-06,0.0,3.2241982808045577e-06,6.617133476538584e-05,7.014400034677237e-05
200902,3.512372131808661e-05,2.5421866212127497e-06,5.594280082732439e-06,3.47093487107486e-06,2.4130217752826866e-06,0.00027557797147892416,1.1879241355927661e-05,2.6830268780031474e-06,0.0,3.230469701520633e-06,0.0,1.697630523267435e-06,0.0005557091208174825,1.5154461152633303e-06,0.0,2.5714587536640465e-05,1.053878713719314e-05,3.360988330314285e-06,0.0,5.347595288185403e-05,3.361469862284139e-05,5.190530600884813e-07,1.3932780120740063e-06,4.769868610310368e-05,7.795597980475577e-07,1.0782482604554389e-05,1.1046383860957576e-06,2.4463752197334543e-05,0.0,7.031924837974657e-07,4.155463830102235e-05,0.0,0.0013535416219383478,0.0,4.673619696404785e-05,3.833005393971689e-06,4.0694150811759755e-05,0.0,4.208385234960588e-06,0.0,0.00013310316717252135,1.7104854123317637e-05,2.401948677288601e-06,1.7163831671496155e-06,3.831619039829093e-07,0.0,0.00010578735236776993,0.00011565730528673157,4.3626823753584176e-05,2.7109170332551003e-05,0.0001419260515831411,0.0017717384034767747,0.0,2.8756910978700034e-05,0.0,0.0,0.0,0.0,0.0,0.0,0.0,0.00010702663712436333,0.00010978316277032718,0.0005238784942775965,1.3843447050021496e-05,0.0008666390785947442,0.0005188666400499642,0.00045541810686700046,0.0008100838749669492,2.5883541638904717e-06,3.207601184840314e-05,1.7763949244908872e-06,0.0,2.6409679776406847e-05,1.4107692550169304e-05,0.0,0.0,0.0,2.5364975044794846e-06,2.76537844001723e-06,0.0,2.8543195185193326e-06,2.8764150556526147e-05,5.4786498367320746e-05,3.2311850191035774e-06,2.0751838746946305e-05,0.0,0.0018843915313482285,4.558801720122574e-06,0.0,2.529081939428579e-06,3.144574066027417e-06,0.0,8.896146027836949e-06,2.5007657313835807e-06,0.0,6.078419573896099e-06,6.505286728497595e-05,5.072126441518776e-06,8.079761028056964e-05,6.391209171852097e-05,0.0,7.351106614805758e-05,1.697090920060873e-05,3.9890983316581696e-05,0.0,0.0,2.318507176823914e-05,1.7297397789661773e-05,0.0,4.688332865043776e-06,7.012626883806661e-05,3.632464722613804e-05
200903,3.7398953281808645e-05,7.675900633330457e-06,4.744848411064595e-06,3.4424513728481543e-07,0.0,0.0002964380255434662,1.0004581781686284e-05,3.786619799939217e-06,0.0,7.939244142107782e-07,2.2724066184309777e-06,2.041397010543733e-06,0.0005448226584121585,7.6670545468005e-07,1.1730686310329475e-05,2.040210529230535e-05,7.82169900048757e-06,6.493859018519288e-06,0.0,4.644767250283621e-05,5.123778828419745e-05,2.4906310045480495e-06,1.448922148483689e-06,3.4475309803383425e-05,0.0,8.003024049685337e-06,0.0,2.0990830307709984e-05,0.0,1.620226726117835e-06,4.301975423004478e-05,0.0,0.0011789827840402722,0.0,4.233622894389555e-05,2.46840090767364e-06,2.7926553229917772e-05,0.0,0.0,0.0,0.00013373245019465685,7.7089589467505e-06,2.6215261641482357e-06,5.5142158998933155e-06,3.528897991600388e-07,1.5887272297732125e-07,9.564174251863733e-05,7.159578672144562e-05,2.1029967683716677e-05,2.5306457246188074e-05,0.00014152166841086,0.0016348022036254406,0.0,5.18636625201907e-05,0.0,0.0,0.0,0.0,0.0,0.0,1.124412051467516e-06,7.123154500732198e-05,0.00011527223250595853,0.00053951027803123,1.1513690878928173e-05,0.0008651860989630222,0.0005848649889230728,0.0004175366193521768,0.000799520465079695,3.6768021800526185e-06,4.4695494580082595e-05,8.41015776131826e-07,0.0,3.5010369174415246e-05,6.346031113935169e-06,0.0,0.0,0.0,6.834915780018491e-07,1.4479468291028752e-06,6.894334205753694e-07,3.3636561056482606e-06,3.276115239714272e-05,7.888871186878532e-05,1.1368387276888825e-05,8.442474609182682e-06,0.0,0.0018539108568802476,6.566806860064389e-06,6.313945277724997e-07,2.6633952074917033e-06,1.7379671817252529e-06,1.3949447748018429e-06,1.9586048438213766e-05,0.0,0.0,5.258613327896455e-06,3.999390537501313e-05,2.6148729830310913e-06,8.140270074363798e-05,7.002229540375993e-05,5.763299668615218e-06,7.308307976927608e-05,6.357142410706729e-06,5.8206074754707515e-05,0.0,0.0,2.5118411940638907e-05,8.897306543076411e-06,0.0,1.428289920113457e-06,9.932888497132808e-05,1.851693741627969e-05
200904,3.6295594327384606e-05,3.012565912285936e-06,4.929107944917632e-06,1.6926904891079175e-06,2.5854233172140084e-06,0.00025344634195789695,1.363297451462131e-05,2.159892574127298e-06,0.0,0.0,2.623128466439084e-06,2.3539489575341577e-06,0.0005121162394061685,1.2336032568782684e-06,4.635355708160205e-06,1.4678847946925089e-05,2.0175632016616873e-05,1.4142711961540044e-06,0.0,5.2617149776779115e-05,6.356732046697289e-05,0.0,3.518705682381551e-07,9.849095476965886e-06,9.887568239719258e-07,1.4409039977181237e-05,9.604189017409226e-07,1.3605819731310476e-05,0.0,4.668792826123536e-06,3.607964390539564e-05,0.0,0.001634027692489326,2.9569805519713555e-06,4.510737198870629e-05,3.3041242204490118e-06,1.4641815141658299e-05,0.0,0.0,0.0,0.00013149456935934722,1.6984080502879806e-05,3.4077479540428612e-06,4.41539350504172e-06,5.798789288746775e-07,1.4958456517888408e-07,8.929425530368462e-05,0.00013446681259665638,4.0123228245647624e-05,3.6944387829862535e-05,0.00012357094965409487,0.0016367046628147364,0.0,3.0324157705763355e-05,0.0,0.0,0.0,0.0,0.0,0.0,0.0,7.97212342149578e-05,9.677372145233676e-05,0.0004590912431012839,8.740837074583396e-06,0.0008972441428340971,0.0005517391837202013,0.00040363596053794026,0.000851736287586391,2.8327451673249016e-06,4.233445361023769e-05,3.634755785242305e-07,0.0,2.7266965844319202e-05,5.117177806823747e-06,0.0,0.0,0.0,2.0499348920566263e-06,1.8181707446274231e-06,1.4673140640297788e-06,1.2078215831934358e-06,3.9813330658944324e-05,6.020701039233245e-05,1.1713528692780528e-05,8.14766372059239e-06,1.3323635812412249e-06,0.001628885162062943,8.659778359287884e-06,0.0,5.573016551352339e-06,3.020219764948706e-06,0.0,2.124560523952823e-05,1.3513656995201018e-05,0.0,4.286660896468675e-06,7.062511576805264e-05,2.07326752388326e-06,0.00011331625864841044,5.237887307885103e-05,8.861029527906794e-06,6.660372309852391e-05,4.956528414368222e-07,5.5311851610895246e-05,0.0,0.0,2.2595253540202975e-05,1.5867326510488056e-05,0.0,4.7806902330194134e-06,6.214692984940484e-05,8.944910950958729e-05
200905,2.9379874831647612e-05,8.902186891646124e-06,5.6522471822972875e-06,1.582892082296894e-06,0.0,0.0002219037851318717,2.12272243516054e-05,4.018898835056461e-06,0.0,1.6705325833754614e-06,5.382215022109449e-06,8.643763976579066e-06,0.0005448686424642801,1.484681206420646e-06,6.25762822892284e-06,3.3234227885259315e-05,2.464812496327795e-05,2.9900652407377493e-06,0.0,4.9508096708450466e-05,3.36432785843499e-05,2.2997530777502107e-06,3.916742059573153e-07,1.1641171113296878e-05,1.2186451385787223e-06,1.7886672139866278e-05,3.433110123296501e-06,1.2778485142916907e-05,0.0,4.263516530045308e-06,5.8383226132718846e-05,0.0,0.0010686882305890322,0.0,4.9709291488397866e-05,4.552530299406499e-06,1.0784950063680299e-05,0.0,0.0,0.0,0.0001304823817918077,9.509389201411977e-06,4.228622856317088e-06,4.057620799358119e-07,3.7939591379654303e-07,0.0,0.00012043292372254655,0.0001131481840275228,2.1934984033578075e-05,3.4705888538155705e-05,9.411290375282988e-05,0.001794272568076849,0.0,5.316271563060582e-05,0.0,0.0,0.0,0.0,2.4558148652431555e-06,0.0,0.0,0.00010899929475272074,9.77267773123458e-05,0.00040614212048240006,1.1419618203944992e-05,0.0009040909935720265,0.0006391759961843491,0.0004389577079564333,0.0008158100536093116,1.8118627167496015e-06,4.622767664841376e-05,5.836304808326531e-07,0.0,1.4875584383844398e-05,1.464857177779777e-05,1.2513052070062258e-06,0.0,0.0,1.5257132872648071e-06,1.208417302223097e-06,0.0,6.0362613112374675e-06,3.201564322807826e-05,7.10786844138056e-05,5.568104825215414e-06,1.514570067229215e-05,0.0,0.0016690101474523544,8.631768650957383e-06,0.0,2.6102279662154615e-06,5.103498097014381e-06,0.0,2.7113117084809346e-06,0.0,0.0,7.909925443527754e-06,6.077696161810309e-05,7.926193461571529e-07,9.624502126825973e-05,4.988948785467073e-05,2.2988122509559616e-05,8.879776578396559e-05,1.31448596221162e-05,7.718386041233316e-05,0.0,0.0,1.0329116776119918e-05,5.586643055721652e-06,0.0,3.909648512490094e-06,7.226090383483097e-05,5.896237416891381e-05
200906,4.703903687186539e-05,3.4510346722527174e-06,1.3950910897619906e-06,5.558793532145501e-07,2.2127996999188326e-06,0.00018722558161243796,1.282409721170552e-05,2.478109763615066e-06,0.0,1.2123981605327572e-06,2.4747380393819185e-06,6.910909633006668e-06,0.0005267298547551036,4.5083280042490514e-07,4.979752702638507e-06,4.054151941090822e-05,1.1875851669174153e-05,5.0754533731378615e-06,0.0,4.460544005269185e-05,3.55308256985154e-05,3.140598892059643e-06,1.8956704934680602e-06,6.748447503923671e-06,2.6864179858421267e-07,1.3072497495159041e-05,2.652114972079289e-06,8.21799403638579e-06,0.0,5.658977215716732e-07,4.2149724322371185e-05,0.0,0.00018165484652854502,1.2615370224011713e-06,3.437310078879818e-05,8.77183902048273e-06,1.926269760588184e-05,0.0,0.0,0.0,0.00014123512664809823,2.610539559100289e-05,1.9330070699652424e-06,4.565970812109299e-06,3.9935869722285133e-07,7.861506787776307e-07,9.362897981191054e-05,7.647492020623758e-05,1.967529533430934e-05,3.2046445994637907e-05,0.00010633622150635347,0.0014658179134130478,0.0,4.8332964070141315e-05,0.0,0.0,0.0,0.0,0.0,0.0,0.0,0.00012256894842721522,0.00014350794663187116,0.00037771102506667376,1.399679240421392e-05,0.0009572693961672485,0.000613361073192209,0.00038863474037498236,0.0007979703950695693,5.127654389980307e-07,4.654965960071422e-05,1.2061776999416907e-07,0.0,4.2930187191814184e-05,1.1517281564010773e-05,0.0,0.0,0.0,3.220523922209395e-06,1.2098661272830213e-06,0.0,7.955120054248255e-06,4.042434738948941e-05,5.984346353216097e-05,9.620598575565964e-06,1.4995535821071826e-05,9.841327255344368e-07,0.0015972803812474012,1.2372010132821742e-05,0.0,5.450997832667781e-06,2.1806561107950984e-06,0.0,6.383434993040282e-06,5.5298046390817035e-06,0.0,1.1360081771272235e-05,8.62155357026495e-05,2.1959540390525945e-06,9.185564704239368e-05,4.6420162107096985e-05,1.3814421436109114e-05,8.327607793034986e-05,5.542676262848545e-06,6.13641386735253e-05,0.0,0.0,7.213727712951368e-06,5.029715339333052e-06,0.0,3.7663569401047425e-06,6.261420639930293e-05,8.733775757718831e-05
200907,4.431250272318721e-05,3.2343220937036676e-06,9.407622201251797e-07,2.2312508463073755e-06,4.968062057741918e-06,0.00021394461509771645,2.3369590053334832e-05,3.6397900657902937e-06,0.0,3.1904733077681158e-06,0.0,5.25022824149346e-06,0.0004941733204759657,2.4961461804196006e-06,3.4141523883590708e-06,6.285052950261161e-05,1.4179363461153116e-05,5.80574032937875e-06,0.0,2.6196976250503212e-05,4.5991928345756605e-05,0.0,2.3925676941871643e-06,3.1726431188872084e-06,1.5896424656602903e-06,6.315302471193718e-06,3.6142891985946335e-06,8.272349987237249e-06,0.0,0.0,6.718286749674007e-05,1.5649385431970586e-06,0.00020152164506725967,0.0,4.6708082663826644e-05,4.754687779495725e-06,2.627646790642757e-05,0.0,0.0,0.0,0.00013424246571958065,1.4846121302980464e-05,8.68493316374952e-07,1.429780968464911e-05,3.621201187797851e-07,1.0115210216099513e-06,8.47334013087675e-05,9.71349363680929e-05,1.7118351024691947e-05,3.387948527233675e-05,0.00011029861343558878,0.0016257558017969131,0.0,4.935874312650412e-05,0.0,0.0,0.0,0.0,2.4843857318046503e-06,0.0,0.0,9.583277278579772e-05,0.0001262634905287996,0.0003727383736986667,1.8656572137842886e-05,0.0008886355790309608,0.0005419551162049174,0.00040551653364673257,0.0007951547740958631,2.7667708764056442e-06,4.2937517719110474e-05,5.084904159957659e-07,0.0,3.616290268837474e-05,4.237597295286832e-06,0.0,0.0,0.0,1.5465901697098161e-06,2.7356925329513615e-06,0.0,5.356062956707319e-06,3.263691542088054e-05,5.818712088512257e-05,1.1358503797964659e-05,9.251473784388509e-06,0.0,0.001606108620762825,4.699827513832133e-06,0.0,1.7340327076453832e-06,2.244530833195313e-06,0.0,1.2371564480417874e-05,0.0,0.0,3.434911150179687e-06,6.69828150421381e-05,0.0,8.086577872745693e-05,4.8834277549758554e-05,1.323764900007518e-05,6.996362935751677e-05,2.4126595121742866e-07,6.273063627304509e-05,0.0,0.0,1.2740149941237178e-05,6.235255568753928e-06,0.0,1.291297962779936e-06,7.369294326053932e-05,0.00017446259153075516
200908,4.432677451404743e-05,5.139901986694895e-06,0.0,3.4816478091670433e-06,4.4687288891509525e-07,0.00022551238362211734,7.260501661221497e-06,1.0190399734710809e-05,0.0,1.2167749900982017e-06,1.936409489644575e-06,1.5267029084498063e-05,0.0006349773029796779,7.347491077780433e-07,4.5830634007870685e-06,2.776484689093195e-05,1.7358661352773197e-05,5.053383119957289e-06,0.0,7.317293784581125e-05,2.2523192455992103e-05,2.9383040782704484e-06,3.1841532290854957e-06,8.424044608545955e-06,0.0,2.3506901925429702e-05,3.1742581541038817e-06,9.539371603750624e-06,0.0,4.50235529569909e-06,6.690264854114503e-05,0.0,0.0001029692793963477,0.0,4.2406845750520006e-05,2.153988589270739e-06,4.2184037738479674e-05,0.0,4.5190263335825875e-06,0.0,0.00014623193419538438,1.3265226698422339e-05,5.146640887687681e-06,4.892351057605993e-07,5.000275677957688e-07,3.0209196211217204e-06,8.943651482695714e-05,7.467359682777897e-05,1.0040808774647303e-05,1.6455669538117945e-05,0.00010291189391864464,0.0019588875584304333,0.0,3.6699086194857955e-05,0.0,4.707916048118932e-07,0.0,0.0,0.0,0.0,7.628910907442332e-07,0.00014001040835864842,0.00011761351197492331,0.00033122493186965585,1.0087941518577281e-05,0.000828780117444694,0.0006060208543203771,0.0005013631889596581,0.0008442405960522592,1.21140953979193e-06,4.799773887498304e-05,0.0,0.0,7.3877595241356175e-06,5.387979626902961e-07,0.0,0.0,0.0,2.4090859369607642e-06,1.0897002766796504e-06,0.0,3.4266845432284754e-06,3.942966941394843e-05,5.5786258599255234e-05,1.7542050045449287e-05,1.4196836673363578e-05,1.4015422493685037e-06,0.0016086819814518094,8.011863428691868e-06,0.0,2.469653054504306e-06,9.111795407079626e-07,7.423322472277505e-07,1.3294895325088874e-05,0.0,0.0,6.586635208805092e-06,4.129249646211974e-05,6.086817734285432e-07,7.532441668445244e-05,5.545114981941879e-05,4.088804416824132e-06,5.1943741709692404e-05,6.131111604190664e-06,0.00010504916281206533,0.0,0.0,7.836048098397441e-06,7.454365004377905e-06,0.0,4.1579587559681386e-06,8.499227988068014e-05,0.00016156064521055669
200909,3.0269527997006662e-05,9.550853974360507e-06,3.6337073083814175e-07,2.3314694772125222e-05,1.7685094917396782e-06,0.00021755720081273466,2.5550511054461822e-05,4.0959689613373484e-06,0.0,7.121384442143608e-06,0.0,1.1557269317563623e-05,0.0007448018295690417,5.739647122027236e-07,1.5679731859563617e-06,4.1370938561158255e-05,1.9563143723644316e-05,6.498368634311191e-07,0.0,4.21396252932027e-05,5.451908691611607e-06,0.0,1.6349284805983189e-06,3.4642714581423206e-06,1.0870677442653687e-06,4.526505563262617e-06,3.3182764127559494e-06,1.1434564839873929e-05,0.0,0.0,5.03884039062541e-05,1.4954312064219266e-06,0.0001463806547690183,8.172410730367119e-07,7.46868463465944e-05,3.5365942494536284e-06,2.337723708478734e-05,0.0,0.0,0.0,9.98398318188265e-05,8.585540854255669e-06,1.9709273146872874e-06,3.530761034653551e-07,8.19305398636061e-07,2.6894449547398835e-06,0.00010357093560742214,5.2769461035495624e-05,3.99745522372541e-06,2.1352730982471257e-05,0.0001359458256047219,0.0017177072586491704,0.0,4.734880349133164e-05,0.0,0.0,0.0,0.0,0.0,0.0,0.0,0.00018209603149443865,8.56638143886812e-05,0.0003523552149999887,1.8536911738920026e-05,0.0006925317575223744,0.000514930346980691,0.00048118247650563717,0.0008417180506512523,3.158909748890437e-06,3.9790273149264976e-05,2.663546467829292e-07,0.0,1.9266773961135186e-05,1.3552801647165325e-05,0.0,0.0,1.4214044767868472e-06,3.1968997973308433e-06,9.784084795683157e-06,0.0,4.589978743751999e-06,5.887083534616977e-05,3.0974413675721735e-05,1.0639676474966109e-05,3.192485019098967e-05,0.0,0.001660335692577064,1.4724423635925632e-05,1.9044546206714585e-06,5.4898664529901e-06,2.141653794751619e-06,0.0,3.807583561865613e-05,2.5679287318780553e-06,0.0,1.079134290193906e-05,1.4993762306403369e-05,1.1164883062519948e-06,3.409974306123331e-05,6.97516807122156e-05,6.906053386046551e-06,5.035057256463915e-05,1.2513520232459996e-05,8.70975709403865e-05,0.0,0.0,3.281808676547371e-05,8.94268487172667e-06,0.0,6.603225983781158e-07,9.049085929291323e-05,0.00018041844305116683
200910,3.0252025680965744e-05,9.441308066016063e-06,0.0,1.595651156094391e-05,0.0,0.00020602281438186765,5.366429377318127e-06,8.602657544543035e-06,0.0,2.8785757422156166e-06,2.9600053608191956e-07,4.437356437847484e-06,0.0008614350808784366,2.4631583528389456e-06,7.082312549755443e-06,3.492895484669134e-05,4.012653516838327e-05,2.1317437131074257e-06,0.0,1.8699771317187697e-05,1.4757712960999925e-05,0.0,4.318228548072511e-06,2.4614178073534276e-06,4.291657660360215e-06,7.031388122413773e-06,2.333999418624444e-06,9.560196303937119e-06,0.0,8.301813636535371e-07,4.909170456812717e-05,0.0,0.00015855628589633852,4.4376547521096654e-06,9.543226769892499e-05,0.0,1.9617444195318967e-05,0.0,3.0034395877009956e-06,0.0,9.587359090801328e-05,1.0547140846028924e-05,0.0,0.0,5.535837885872752e-07,2.9556651952589164e-06,0.00013189033779781312,7.07879225956276e-05,1.613715176063124e-05,1.2762786354869604e-05,0.0001310429215664044,0.001997024519369006,0.0,4.453877409105189e-05,0.0,0.0,0.0,0.0,2.7402816158428323e-06,0.0,0.0,0.0001657008397160098,7.57723391870968e-05,0.0004128142900299281,1.4979745174059644e-05,0.0007596074719913304,0.00048363948008045554,0.0005186646012589335,0.0008766497485339642,0.0,4.599026942742057e-05,5.622130174742779e-07,1.0505809768801555e-06,1.2951664757565595e-05,6.970153663132805e-06,0.0,0.0,0.0,6.481942818936659e-06,1.6408381270593964e-05,0.0,8.038248779485002e-06,5.5475957196904346e-05,3.680428199004382e-05,2.2680764232063666e-05,1.9199367670807987e-05,1.5627107075033564e-07,0.0018577482551336288,3.6961480418540305e-06,0.0,4.360281309345737e-06,2.3023005724098766e-06,0.0,5.847124339197762e-05,0.0,0.0,2.1522888346225955e-05,1.4010039194545243e-05,2.0673710423579905e-06,2.0835219402215444e-05,6.764994759578258e-05,8.604171853221487e-06,3.807847679127008e-05,1.6000662071746774e-05,5.4641306633129716e-05,0.0,0.0,2.410991510259919e-05,9.61298383117537e-07,0.0,1.9581389096856583e-06,9.338247764389962e-05,0.00023652486561331898
200911,1.7759110050974414e-05,0.0,0.0,1.4636976629844867e-05,1.4629806173616089e-05,0.00015510583762079477,1.4701779946335591e-05,5.909403171244776e-06,0.0,7.537024885095889e-06,0.0,3.1712083909951616e-06,0.0009821262210607529,3.000833885380416e-06,1.4048223420104478e-05,6.321534601738676e-05,2.6709676603786647e-05,9.535405069982517e-07,0.0,2.3002330635790713e-05,6.6767875068762805e-06,0.0,2.159952600777615e-06,3.7653780964319594e-06,3.3124133551609702e-06,8.584513125242665e-06,0.0,1.1179463399457745e-05,0.0,1.1026660331481253e-06,3.810420457739383e-05,9.445013233744248e-07,0.0001599701208760962,3.213442596461391e-06,6.523235788336024e-05,1.0548170621405006e-06,2.0283587218727916e-05,0.0,0.0,9.458621264002431e-08,4.8848185542738065e-05,6.02644377067918e-06,0.0,3.6423588767320325e-07,7.607461043335206e-07,2.5402264327567536e-06,0.00012451651855371892,3.3660235203569755e-05,1.8603870557853952e-05,2.8753900551237166e-05,0.000155000583617948,0.0018969957018271089,0.0,4.37060407421086e-05,0.0,0.0,0.0,3.8898062371117703e-07,0.0,0.0,0.0,0.00015361799160018563,9.418903209734708e-05,0.0004617615486495197,2.0023155229864642e-05,0.0006484448094852269,0.00046664488036185503,0.00043907720828428864,0.0007469795527867973,5.997426342219114e-07,3.701257810462266e-05,2.8092792945244582e-06,0.0,1.0160394595004618e-05,1.0684904736990575e-05,0.0,0.0,0.0,3.0710598366567865e-06,2.4974768166430295e-05,0.0,3.885639671352692e-06,4.7909372369758785e-05,4.6323766582645476e-05,1.8496410120860673e-05,7.941314834170043e-05,0.0,0.001977004110813141,1.0642666893545538e-05,1.080316224033595e-06,3.684806642922922e-06,2.211651917605195e-06,1.9165345293004066e-06,0.00010127905261470005,3.930778802896384e-06,3.1822883101995103e-06,2.0765328372363e-05,1.115888426284073e-05,1.4188650538926595e-06,3.1852581741986796e-05,7.771825039526448e-05,1.6671976482030004e-05,4.284289389033802e-05,3.618035009367304e-07,8.538819383829832e-05,0.0,4.2044635506499617e-07,2.7418554964242503e-05,7.568821274617221e-06,0.0,6.69061080316169e-07,0.00011225099297007546,0.00011685849312925711
200912,4.3049873056588694e-05,0.0,0.0,3.29053436871618e-05,8.383273780054878e-06,0.00018510446534492075,2.1539981389651075e-05,6.086780786063173e-07,0.0,7.264288342412328e-06,4.1631260501162615e-06,3.920958988601342e-07,0.0007586715510115027,7.329996378757642e-07,1.1983785952907056e-05,2.3517230147263035e-05,3.29341200995259e-05,7.824594831618015e-06,0.0,1.7446309357183054e-05,4.2150386434514076e-06,9.940523568729986e-07,0.0,0.0,4.669000645662891e-06,1.700330358289648e-05,1.2799556259324163e-07,1.0529926839808468e-05,0.0,0.0,2.532403050281573e-05,3.240961859773961e-06,0.000143358382047154,4.800561328011099e-06,0.0001285394246224314,2.724858859437518e-06,2.7540256269276142e-05,0.0,2.499421270840685e-06,7.912601063253533e-08,7.640337571501732e-05,5.177967068448197e-06,1.040911712379966e-07,5.74773639527848e-06,2.105470002788934e-07,0.0,0.00011393810564186424,5.425892595667392e-05,1.2676898222707678e-05,6.833114184701117e-06,0.0002175504487240687,0.0014784575905650854,0.0,4.309925498091616e-05,0.0,4.5911841084489424e-07,4.4690497702504217e-07,2.688128120098554e-07,1.8257713918501395e-07,0.0,1.638389448999078e-06,0.00016625695570837706,8.00230773165822e-05,0.000342801766237244,3.9170728996396065e-05,0.0005214332486502826,0.0003484039334580302,0.00024232588475570083,0.000761786533985287,5.198733106226427e-07,7.302338781300932e-05,9.336216635347228e-07,0.0,6.883778041810729e-06,8.213607543439139e-06,0.0,0.0,2.872652885343996e-06,1.2998631291338825e-06,1.594231252965983e-05,0.0,4.763797278428683e-06,3.746318179764785e-05,5.5704047554172575e-05,1.4886218195897527e-05,0.00011223073670407757,0.0,0.0016992907039821148,1.7623386838749866e-06,7.015944447630318e-06,3.7500833514059195e-06,1.9610290564742172e-06,0.0,8.459984383080155e-05,0.0,0.0,4.013838042737916e-05,9.516120371699799e-06,1.1169665867782896e-06,1.2944591617269907e-05,0.00010650759941199794,9.425567441212479e-06,2.3354274162556976e-05,6.39191375739756e-06,5.257023804006167e-05,0.0,0.0,3.399089109734632e-05,1.3036276868660934e-05,0.0,1.9484537006064784e-06,5.449199306895025e-05,2.226506512670312e-05
201001,4.181430995231494e-06,0.0,0.0,5.422725280368468e-06,4.868084943154827e-06,7.828827074263245e-05,1.0450185072841123e-05,0.0,0.0,1.8027432133749244e-06,9.5008335847524e-06,0.0,0.0003133108839392662,7.659066341147991e-07,1.1845213521155529e-06,1.0350228876632173e-05,5.0573012231325265e-06,1.7282995941059198e-06,0.0,9.717587090563029e-06,1.1832842119474662e-06,9.430742693439242e-07,0.0,0.0,1.0027960342995357e-05,2.067105015157722e-06,0.0,5.509376933332533e-06,0.0,0.0,1.2277648238523398e-05,0.0,3.564900907804258e-05,8.480649853481736e-07,4.3419175199232996e-05,0.0,1.8832616888175835e-06,0.0,0.0,0.0,1.3048143046034966e-05,1.3321935057319934e-06,0.0,0.0,2.1033345376508805e-07,1.1554922139112023e-06,1.4314342479337938e-05,5.125662482896587e-06,1.7729710179992253e-06,1.2664648920690524e-06,7.322540477616712e-05,0.00034740817500278354,0.0,6.7783425947709475e-06,0.0,3.94807216252957e-07,0.0,1.5166922651133063e-07,0.0,0.0,3.977754658990307e-06,5.42178750038147e-05,2.875203972507734e-05,0.00018981238827109337,1.67868838616414e-05,0.00012674950994551182,5.794199387310073e-05,4.132620233576745e-05,0.00017389742424711585,6.550224611601152e-07,8.120791790133808e-07,0.0,0.0,2.26486940846371e-06,9.970688097382663e-07,0.0,0.0,0.0,2.9671243737539044e-06,1.8020977222477086e-05,0.0,1.044925511450856e-06,8.12039252195973e-06,2.2425823772209696e-05,2.00451404452906e-06,4.5404867705656216e-05,0.0,0.0006022184388712049,1.1026140782632865e-06,0.0,0.0,0.0,1.0813924973263056e-06,2.5250490580219775e-05,1.4737728406544193e-06,5.754534413426882e-07,2.0200097424094565e-05,0.0,1.379422542413522e-06,3.2606224067421863e-06,7.044491940177977e-05,3.4080851492035436e-06,2.111949697791715e-06,1.2194615010230336e-05,3.849001586786471e-06,0.0,0.0,2.6011855879914947e-05,1.0766848390630912e-06,0.0,8.260504387180845e-07,6.988218956394121e-06,1.2117206097173039e-05
201002,1.5244360838551074e-05,0.0,0.0,9.268717803934123e-06,5.3899711929261684e-06,5.4854597692610696e-05,1.449190494895447e-05,5.162025900062872e-07,0.0,0.0,0.0,0.0,0.0003787814930547029,3.4368740671197884e-06,2.185547828048584e-06,4.456596343516139e-06,1.2504625601650332e-06,2.3156505903898505e-06,7.837257385290286e-07,1.0032202226284426e-05,0.0,0.0,0.0,0.0,3.3258886560361134e-06,5.602821147476789e-06,0.0,1.0881714842980728e-05,0.0,0.0,4.0302134038938675e-06,1.6798981050669681e-06,4.848765456699766e-05,1.2555651665024925e-06,3.915198249160312e-05,1.9868834897351917e-06,1.9761578187171835e-06,0.0,0.0,0.0,1.821813202695921e-05,1.0065005881187972e-05,0.0,0.0,0.0,0.0,2.8934791771462187e-05,1.162472563009942e-05,1.0469332210050197e-06,0.0,8.982959116110578e-05,0.00044719106517732143,0.0,1.4217206626199186e-05,0.0,0.0,0.0,4.187122328858095e-07,4.084750173660723e-07,0.0,0.0,5.042912016506307e-05,1.5636189345968887e-05,0.00022486726811621338,1.7251077224500477e-05,0.00017861822561826557,0.0001222480641445145,4.5979155402164906e-05,0.0001531767047708854,5.823940796290117e-07,0.0,0.0,0.0,1.6850632391651743e-06,5.42708676221082e-06,0.0,0.0,0.0,0.0,3.761449261219241e-05,0.0,8.332152106049762e-07,1.5047992746985983e-05,3.317582741146907e-05,5.016784598410595e-06,3.155960439471528e-05,0.0,0.0006379428668878973,1.0938058494502911e-06,0.0,0.0,1.391798150507384e-06,0.0,2.901710831793025e-05,0.0,0.0,1.820178840716835e-05,0.0,8.205173571695923e-07,5.649159902532119e-06,3.413802187424153e-05,1.899415792649961e-06,3.051874273296562e-06,5.374709417083068e-06,1.1773886399168987e-06,0.0,0.0,1.2667328519455623e-05,4.655825250665657e-06,0.0,0.0,3.673996388897649e-06,2.6294630970369326e-06
201003,1.684036760707386e-05,1.0475927183506428e-06,0.0,8.822223207971547e-06,8.594576001996757e-07,6.758878589607775e-05,3.2675099646439776e-05,0.0,0.0,1.3468009001371684e-06,3.0144638003548607e-06,3.0212372621463146e-06,0.00034410893567837775,1.1989760650976677e-06,5.873108875675825e-06,7.869196451792959e-06,6.68846814733115e-06,5.323853201844031e-06,0.0,1.3392133951128926e-05,1.0318036629541893e-06,2.573925485194195e-06,0.0,0.0,1.7591291907592677e-05,7.925863769742136e-07,0.0,1.7540095313961501e-06,0.0,0.0,7.990631274878979e-06,7.345275889747427e-07,5.900101314182393e-05,1.014507233776385e-06,3.3395008358638734e-05,8.84919643340254e-07,4.4143757804704364e-06,0.0,0.0,0.0,1.315251847699983e-05,9.203354238707107e-07,2.0642198705900228e-06,0.0,0.0,0.0,2.3951934053911828e-05,7.430053756252164e-06,2.887848722821218e-06,3.5331531762494706e-06,7.837590965209529e-05,0.0003801866841968149,0.0,1.366873038932681e-05,0.0,3.219026041278994e-07,0.0,0.0,0.0,0.0,0.0,8.203380275517702e-05,2.0471950847422704e-05,0.00016341105219908059,4.943656676914543e-06,9.829833288677037e-05,6.936176941962913e-05,1.8002769138547592e-05,0.00019808884826488793,0.0,6.075846158637432e-06,0.0,0.0,3.7928641631879145e-06,0.0,0.0,0.0,0.0,1.471116434004216e-06,1.344617430731887e-05,0.0,2.0491172563197324e-06,1.599014285602607e-05,2.9539605748141184e-05,5.180609605304198e-06,4.597153383656405e-05,0.0,0.0006183904479257762,1.5814429161764565e-06,0.0,0.0,7.322171313717263e-07,0.0,1.606558907951694e-05,0.0,0.0,2.263215537823271e-05,0.0,3.5524516306395526e-07,8.359577805094887e-06,5.449720993055962e-05,1.3574041076935828e-05,0.0,6.236030912987189e-06,6.853993454569718e-06,0.0,0.0,2.0922152543789707e-06,1.744389192026574e-05,0.0,4.518826699495548e-06,2.394499006186379e-06,1.0198431482422166e-05
201004,1.8692768207984045e-05,0.0,0.0,3.763707582038478e-06,2.607422629807843e-06,8.040281682042405e-05,4.345984780229628e-05,0.0,0.0,6.823777312092716e-06,2.6090885967278155e-06,6.305247666205105e-07,0.00024671334540471435,0.0,4.878682830167236e-06,1.5368739695986733e-05,5.719985892937984e-06,1.2477693417167757e-05,0.0,1.740808875183575e-05,2.2315171008813195e-06,0.0,0.0,0.0,4.580118911690079e-06,3.588118261177442e-06,0.0,3.691033725772286e-06,0.0,0.0,2.640637831063941e-06,0.0,6.639197818003595e-05,4.312282158025482e-07,4.448373874765821e-05,0.0,2.407426336503704e-06,0.0,0.0,0.0,1.5612446077284403e-05,2.647756446094718e-06,0.0,4.634669039660366e-06,2.0175349391138298e-07,0.0,8.678835911268834e-06,1.9017290469491854e-05,9.906057130137924e-06,2.4742023470025742e-06,7.013754657236859e-05,0.00028011490940116346,0.0,9.880330253508873e-06,0.0,0.0,0.0,0.0,1.9413416794122895e-06,0.0,0.0,5.134536331752315e-05,3.375704909558408e-05,9.118257003137842e-05,5.821374543302227e-06,8.140892896335572e-05,5.295919982017949e-05,1.3788262549496721e-05,0.00021092747920192778,0.0,6.0992006183369085e-06,0.0,0.0,5.8542836995911784e-06,0.0,0.0,0.0,0.0,5.0236485549248755e-06,8.200458978535607e-06,3.1944637157721445e-07,4.918155696032045e-07,1.1744234143407084e-05,2.444078381813597e-05,8.880794666765723e-06,4.564495975500904e-05,0.0,0.0006120281759649515,1.0192028412348009e-06,0.0,0.0,1.3719317166760447e-06,1.235345962413703e-06,1.0714937161537819e-05,0.0,0.0,8.61668013385497e-06,3.2603813906462165e-06,9.265062885788211e-07,4.479625658859732e-06,3.7063135096104816e-05,1.174018416350009e-05,0.0,3.462689164734911e-06,1.8391452613286674e-05,0.0,0.0,1.0468002983543556e-05,3.51890703313984e-05,0.0,1.226097424478212e-06,7.292027817129565e-07,2.1206809833529405e-05
201005,6.641779691562988e-06,0.0,0.0,9.598803444532678e-06,0.0,0.00011623317550402135,3.0431798222707585e-05,0.0,0.0,2.8825620574934874e-06,1.0790652595460415e-05,0.0,0.00020281091565266252,3.466582825240039e-07,7.359335086221108e-06,7.3983978836622555e-06,1.0976294106512796e-05,1.432388785360672e-06,3.6594937569134345e-07,3.8256581319728866e-05,4.968779194314266e-06,0.0,0.0,0.0,3.451103793850052e-06,1.2329334140304127e-06,0.0,9.465874427405652e-06,0.0,0.0,1.5369965694844723e-05,0.0,5.134341336088255e-05,0.0,1.6754594980739057e-05,0.0,2.340371338505065e-06,0.0,0.0,0.0,2.313844561285805e-05,1.188128771900665e-05,0.0,0.0,0.0,0.0,8.006824828044046e-06,1.29634663608158e-05,1.2352168141660513e-06,4.795038421434583e-06,4.1147741285385564e-05,0.0002785857650451362,0.0,5.927819529460976e-06,0.0,0.0,0.0,0.0,0.0,0.0,0.0,5.016607974539511e-05,2.78202751360368e-05,5.3414762078318745e-05,3.031791720786714e-06,0.0001216778255184181,5.5843422160251066e-05,1.6310455976054072e-05,0.00018798367818817496,0.0,9.714223097034846e-07,0.0,0.0,1.3767278232990066e-06,4.237117991578998e-06,0.0,0.0,0.0,1.0195251434197417e-06,1.1291493819953757e-06,0.0,2.185852963521029e-06,1.316919042437803e-05,5.5131862609414384e-05,6.182872766657965e-06,2.9814262234140188e-05,0.0,0.0005218708538450301,0.0,0.0,0.0,4.5673206727769866e-07,0.0,2.509703153918963e-05,0.0,0.0,1.4056940926820971e-05,3.3581225125089986e-06,3.664154064608738e-07,3.238049202991533e-06,3.912422835128382e-05,8.2742744780262e-06,2.3641523512196727e-06,6.180619038786972e-07,1.0440016922075301e-05,0.0,2.0827083062613383e-06,2.013320590776857e-05,1.718250678095501e-05,0.0,2.0812285583815537e-06,2.7187900286662625e-06,4.492052084970055e-06
201006,1.114233054977376e-05,0.0,0.0,1.7073063645511866e-05,2.1238338376861066e-06,6.254766776692122e-05,3.3697699109325185e-05,2.1884986836084863e-06,0.0,0.0,1.9673261704156175e-06,0.0,0.0002845277776941657,1.7700330090519856e-06,1.5124149967959966e-06,5.475264970300486e-06,4.022152552352054e-06,1.3637137499245e-06,8.729932119422301e-07,2.2652195184491575e-05,5.358746875572251e-06,0.0,0.0,0.0,2.4392340947088087e-06,1.384923848490871e-06,0.0,6.2041240198595915e-06,1.3005278560740408e-06,6.454919798670744e-07,7.5029447543784045e-06,0.0,2.4306338673341088e-05,0.0,1.9978691852884367e-05,0.0,8.135601092362776e-06,0.0,0.0,0.0,1.5590121620334685e-05,1.252337142432225e-06,0.0,0.0,2.0012456047879823e-07,0.0,6.694884632452158e-06,6.0781326283176895e-06,4.3019299482693896e-06,3.1382785437017446e-07,3.931436367565766e-05,0.0002489826292730868,0.0,1.2617477295862045e-05,0.0,0.0,0.0,0.0,0.0,0.0,0.0,6.910558295203373e-05,2.6778832761920057e-05,4.214797809254378e-05,1.405958755640313e-05,4.249843186698854e-05,3.323832788737491e-05,1.8390283003100194e-05,0.0002164363395422697,0.0,7.5135590122954454e-06,0.0,0.0,0.0,1.8468488178768894e-06,0.0,0.0,0.0,0.0,0.0,0.0,0.0,1.430648990208283e-05,7.005093357292935e-05,6.540704816870857e-06,5.912279084441252e-05,0.0,0.0005191043019294739,0.0,0.0,0.0,1.2593083056344767e-06,1.391985165355436e-06,1.728836832626257e-05,0.0,0.0,5.953898835286964e-06,3.347092842886923e-06,2.716026756388601e-06,2.874697202059906e-06,1.9635406715678982e-05,6.012488938722527e-06,0.0,0.0,1.817166048567742e-05,0.0,0.0,2.910376133513637e-05,2.3332962882705033e-05,0.0,0.0,3.3495166462671477e-06,3.948304083678522e-07
201007,1.1348169209668413e-05,0.0,0.0,1.0922000001301058e-05,5.024299412070832e-07,4.7660603740951046e-05,2.5492006898275577e-05,0.0,0.0,1.4053420045456733e-06,4.000308763352223e-06,6.97274913363799e-07,0.00019675749354064465,2.381390800110239e-07,6.966613455006154e-06,4.861467459704727e-06,4.718563104688656e-06,1.7051644363164087e-06,4.1997910216196033e-07,1.9200997485313565e-05,5.020070602768101e-06,0.0,0.0,0.0,8.901776595848787e-07,9.226940278495022e-07,0.0,1.1673455446725711e-05,0.0,0.0,1.3848217349732295e-05,0.0,5.518529360415414e-05,0.0,5.717510248359758e-06,0.0,2.087298298647511e-06,0.0,0.0,0.0,3.001126242452301e-05,1.2936692428411334e-06,5.049041192251025e-06,0.0,0.0,0.0,9.952122127288021e-06,6.0816373661509715e-06,6.25835673417896e-06,0.0,4.163695848546922e-05,0.000343055697157979,0.0,7.391193776129512e-06,0.0,0.0,0.0,0.0,0.0,0.0,0.0,4.853765858570114e-05,2.325914647371974e-05,8.288486424135044e-05,8.57435861689737e-06,3.999317777925171e-05,1.9548215277609415e-05,1.9671464542625472e-05,0.00018974267004523426,1.137883714363852e-06,5.772693839389831e-06,0.0,1.7834801155913738e-06,2.2642934709438123e-06,4.067932422913145e-06,0.0,0.0,0.0,0.0,1.965934188774554e-06,0.0,0.0,1.9962717487942427e-05,7.682738214498386e-05,5.585322014667327e-06,3.984693830716424e-05,7.51758307160344e-07,0.0004259325214661658,0.0,0.0,0.0,1.176192768070905e-06,0.0,2.3557586246170104e-05,0.0,0.0,6.000384928483982e-06,8.75381283549359e-06,3.519152471653797e-07,2.9950699627079302e-06,1.8753380572889e-05,6.315414339042036e-06,3.0607595817855326e-06,6.4290984482795466e-06,2.3994423827389255e-05,0.0,0.0,6.758196377631975e-06,1.4652800018666312e-05,0.0,1.9019291812583106e-06,5.3526014198723715e-06,8.709824328434479e-07
201008,1.3152501196600497e-05,0.0,0.0,1.4441846360568888e-05,8.180432473636756e-07,5.50239383301232e-05,3.942480907426216e-05,3.3055850963137345e-06,2.660232439666288e-06,3.7254264952935046e-06,0.0,0.0,0.00022250908659771085,4.052450890412729e-07,6.725491061843059e-07,7.697154615016188e-06,6.325011781882495e-06,0.0,4.737741789995198e-07,2.6421525035402738e-05,4.191018433630234e-06,0.0,0.0,0.0,0.0,4.4457974581746385e-06,0.0,1.7243921320186928e-05,0.0,0.0,6.817729172325926e-06,0.0,5.2084902563365176e-05,4.0955103486339794e-07,9.983155905501917e-06,0.0,4.47552611149149e-06,0.0,0.0,0.0,2.7419238904258236e-05,1.459942723158747e-06,0.0,4.6250875129771885e-07,0.0,0.0,1.0826479410752654e-05,1.7555959857418202e-05,0.0,2.0735130874527385e-06,3.3135744160972536e-05,0.0003079441958107054,0.0,5.67178312849137e-06,0.0,0.0,0.0,0.0,0.0,0.0,0.0,6.879056309117004e-05,2.818450957420282e-05,4.0256272768601775e-05,7.65332060836954e-06,4.0549031837144867e-05,2.5405694032087922e-05,2.5341265427414328e-05,0.00025239927344955504,5.420990873972187e-07,4.074137905263342e-06,0.0,0.0,0.0,3.992765869043069e-06,0.0,0.0,0.0,0.0,0.0,0.0,1.1524070941959508e-06,1.3503108675649855e-05,7.088168058544397e-05,3.1676881917519495e-06,3.191442010574974e-05,0.0,0.0003927794750779867,0.0,0.0,4.265917141310638e-06,1.3166148846721626e-06,0.0,1.8588121747598052e-05,0.0,0.0,7.839172212698031e-06,5.831678663525963e-06,2.817801487253746e-06,6.145136012492003e-06,1.8526827261666767e-05,6.185213806020329e-06,4.149168034928152e-06,0.0,1.4971518794482108e-05,0.0,0.0,9.975495231628884e-06,7.170802746259142e-06,0.0,1.4672722272734973e-06,3.97894655179698e-06,1.1449016028564074e-06
201009,1.8620838091010228e-05,0.0,0.0,7.485171408916358e-06,8.445305184068275e-07,5.339707786333747e-05,3.7699293898185715e-05,0.0,0.0,2.900489334933809e-06,5.552142738451948e-06,0.0,0.00022792250092606992,1.2395973953971406e-06,2.631968754940317e-06,2.023395245487336e-05,1.8415786371406284e-06,2.898598552292242e-07,8.818165042612236e-07,2.2962114599067718e-05,0.0,2.0737650174851296e-06,0.0,0.0,5.083529117655416e-07,2.1433447727758903e-06,0.0,1.1338684089423623e-05,0.0,0.0,1.8919869035016745e-05,0.0,8.35952305351384e-05,0.0,1.4396974620467518e-05,0.0,6.525973731186241e-06,0.0,0.0,0.0,3.025417390745133e-05,1.514897803644999e-06,0.0,0.0,1.8055887096579681e-07,3.2983689379761927e-07,8.122282451950014e-06,2.317406870133709e-05,0.0,6.2562489802076016e-06,4.287835326977074e-05,0.0003145156370010227,0.0,3.3068687343984493e-07,0.0,0.0,0.0,0.0,0.0,0.0,0.0,7.122136594261974e-05,2.7630696422420442e-05,3.012310480698943e-05,9.534871423966251e-06,3.375481901457533e-05,2.3825019525247626e-05,2.6889882065006532e-05,0.00024103136092890054,0.0,0.0,0.0,2.498004505468998e-06,1.8126075929103536e-06,2.3397137738356832e-06,0.0,0.0,0.0,0.0,0.0,3.45122714406898e-07,0.0,1.2568713827931788e-05,7.763085886836052e-05,5.175265414436581e-06,5.700994370272383e-05,0.0,0.0004451214335858822,0.0,2.2891458684171084e-07,0.0,1.82608971499576e-06,2.491582336006104e-06,1.261261149920756e-05,0.0,0.0,1.4677508261229377e-05,2.4204928195104003e-07,0.0,3.077311475863098e-06,1.5432464351761155e-05,4.98229883305612e-06,0.0,4.430036824487615e-06,1.5353083654190414e-05,0.0,0.0,9.252812560589518e-06,2.098467666655779e-05,0.0,1.340885660283675e-06,6.058359758753795e-06,8.242183866968844e-06
201010,1.3415517059911508e-05,0.0,0.0,8.225050805776846e-06,6.703696158183448e-07,4.4292853999650106e-05,4.531335798674263e-05,0.0,0.0,2.0262430098227924e-06,5.875592250959016e-06,0.0,0.00030155916465446353,1.7515012586954981e-06,2.295532794960309e-06,1.482646621298045e-05,1.9230974430684e-06,2.929800530182547e-06,0.0,1.9296197933726944e-05,0.0,0.0,0.0,0.0,9.715565738588339e-07,1.3391221500569372e-06,0.0,1.0503803423489444e-05,0.0,0.0,1.3441222108667716e-05,1.7094964732677909e-06,3.905465200659819e-05,1.9034973774978425e-06,1.4699690837005619e-05,0.0,7.4736935857799836e-06,0.0,0.0,0.0,2.26736519834958e-05,2.2559436274605105e-06,0.0,2.5508472845103825e-07,0.0,0.0,5.747426257585175e-06,2.5143417587969452e-06,0.0,1.9368524135643383e-06,5.6792592658894137e-05,0.00034585874527692795,0.0,9.163158551928063e-07,0.0,0.0,3.537130623953999e-06,0.0,0.0,0.0,0.0,7.113184983609244e-05,4.375112985144369e-05,9.419452544534579e-05,6.010930064803688e-06,3.065476266783662e-05,1.707036790321581e-05,1.9426925064180978e-05,0.00024337359354831278,0.0,5.703556780645158e-06,0.0,1.2344877404757426e-06,0.0,1.9107319531030953e-06,0.0,0.0,0.0,0.0,0.0,0.0,9.102413969230838e-07,1.7320728147751652e-05,7.730105426162481e-05,7.122836450434988e-06,5.2690491429530084e-05,0.0,0.0005208170623518527,0.0,0.0,0.0,0.0,1.3930109616921982e-06,9.660191608418245e-06,2.2595797872781986e-06,0.0,2.0261461031623185e-05,0.0,5.094369726066361e-07,3.280429382357397e-06,3.099202876910567e-05,6.5021399677789304e-06,0.0,9.300848432758357e-06,2.9004943371546688e-06,0.0,1.1505890142871067e-06,1.1691937288560439e-05,1.5021050785435364e-05,0.0,3.936210760002723e-06,9.58454393185093e-07,2.9657990125997458e-06
201011,2.0849443899351172e-05,0.0,2.4505206397407164e-07,2.761012410701369e-06,2.283918320244993e-06,4.8004541895352304e-05,5.1398059440543875e-05,0.0,0.0,3.0209828310034936e-06,1.9846365830744617e-06,0.0,0.00031705116271041334,2.255981826237985e-06,3.3391115721315145e-06,6.979644695093157e-06,0.0,3.481188969089999e-06,0.0,3.0487264666589908e-05,0.0,0.0,0.0,0.0,9.318848128714308e-07,6.217802820174256e-06,0.0,1.0259208465868142e-05,1.9100023962437263e-07,0.0,1.5306166460504755e-05,0.0,4.362973049865104e-05,1.3776626701655914e-06,1.6678208339726552e-05,0.0,5.640828931063879e-06,0.0,2.425197465072415e-07,0.0,1.059532405633945e-05,7.270200967468554e-06,0.0,1.350185448245611e-05,0.0,1.2562901474666432e-06,3.1312345072365133e-06,8.448083463008516e-06,8.914233148971107e-06,2.7506512196850963e-06,5.231981776887551e-05,0.00015648898261133581,0.0,0.0,0.0,0.0,0.0,0.0,0.0,0.0,0.0,0.00010848211968550459,6.161829514894634e-05,0.00011290278780506924,8.500439321323938e-07,6.332307293632766e-06,5.292702553560957e-06,2.284882248204667e-05,0.0002501816488802433,0.0,6.1122182160033844e-06,0.0,3.0763312679482624e-06,0.0,0.0,0.0,0.0,4.7116745918174274e-06,0.0,7.28688007711753e-07,2.270388677061419e-07,0.0,9.507059075986035e-06,4.816466389456764e-05,9.690793376648799e-06,4.078272104379721e-05,1.4414462157219532e-07,0.0005378833739086986,2.2310668157388136e-07,6.447467626458092e-07,0.0,0.0,7.5752363954961766e-06,7.44869885238586e-06,0.0,0.0,1.7748472600942478e-05,0.0,6.757378514521406e-07,1.2847482366851182e-06,2.958753793791402e-05,2.2368669306160882e-05,2.4362493604712654e-06,4.497156169236405e-06,3.353598231115029e-06,0.0,0.0,2.090063935611397e-05,3.670374280773103e-05,0.0,1.894323304441059e-06,1.263375679627643e-06,4.19485877500847e-06
201012,9.920946467900649e-05,0.0,0.0,2.9379721127043013e-06,2.5465894282206136e-07,1.850321496021934e-05,6.002888403600082e-05,3.5196835597162135e-06,1.1831459232780617e-05,0.0,0.0,0.0,0.00012402384891174734,1.2155045396866626e-06,0.0,8.051799522945657e-05,0.0,6.587327447959979e-07,0.0,4.976276613888331e-06,0.0,0.0,0.0,0.0,0.0,1.8471002476871945e-05,0.0,1.8485403415979818e-05,0.0,0.0,1.725127367535606e-05,0.0,4.3588538574113045e-06,3.1701576972409384e-06,1.6404805137426592e-05,2.5211547836079262e-06,1.1103621545771603e-05,0.0,0.0,0.0,5.668952871928923e-05,2.2670872112939833e-06,0.0,7.009374530753121e-05,2.2564756818610476e-07,0.0,0.0,0.0,2.951567330455873e-05,4.4936928134120535e-06,2.955582931463141e-05,6.270772428251803e-05,0.0,2.5856434149318375e-06,0.0,7.498970717279008e-06,0.0,0.0,0.0,0.0,0.0,8.184502803487703e-05,0.00013700603449251503,0.0001209727197419852,0.0,1.6578034092162852e-06,8.330855507665547e-07,7.563692747680761e-07,0.0002601474116090685,0.0,1.15441253001336e-05,0.0,9.978721209336072e-07,2.222769353465992e-06,1.8033958895102842e-06,0.0,0.0,0.0,1.564475269333343e-06,0.0,0.0,0.0,1.4853241737000644e-05,6.925121124368161e-05,1.1866881322930567e-05,4.335215635364875e-05,0.0,0.0006017443374730647,0.0,5.342529902918614e-07,0.0,0.0,5.0008588914352e-06,1.742806489346549e-06,0.0,0.0,1.7760781702236272e-05,0.0,5.515462362382095e-07,9.291563401347958e-06,8.940709085436538e-05,1.7220236259163357e-05,0.0,5.203349792282097e-05,0.0,0.0,0.0,3.834251401713118e-06,4.209770486340858e-05,0.0,4.442075351107633e-06,1.4821758043126465e-07,6.872601716167992e-06
201101,0.0008869637968018651,0.00013673058128915727,0.00018282359815202653,0.000872987206093967,0.0005493173957802355,0.00015780908870510757,0.0003221163060516119,0.0002231131657026708,0.0007420347537845373,0.00034592271549627185,0.0010546622797846794,0.00044656640966422856,0.004275197628885508,0.00017382396617904305,0.0003590102423913777,0.000335134711349383,0.0011891911271959543,0.000345657259458676,0.00022231490584090352,9.739564848132432e-05,3.855037721223198e-05,0.0002508228935766965,9.011698421090841e-05,0.0001918016787385568,0.0006739475065842271,0.0005829754518344998,0.00020274429698474705,0.0008901358232833445,0.0003315825015306473,0.00013733070227317512,0.00034222230897285044,0.00020033723558299243,0.00205631204880774,0.00013387942453846335,0.0009299883968196809,0.0006636430625803769,0.000182963369297795,0.0004427907115314156,0.0004592043405864388,0.000249564676778391,0.0006563339265994728,0.00016730731294956058,0.00018855108646675944,0.0017290498362854123,0.0001543918187962845,0.00033732931478880346,0.000427007646067068,0.00040033445111475885,0.0004969253204762936,0.0008124949526973069,0.001143653062172234,0.002382222330197692,0.0007169790333136916,0.00026906124548986554,0.0002759713679552078,0.00037020008312538266,0.0003665226686280221,7.321979501284659e-05,7.108209683792666e-05,5.061766569269821e-05,0.00011137208639411256,0.0005964400479570031,0.0007660773699171841,0.0019095120951533318,0.0006149493856355548,0.0008471567998640239,0.0004891558783128858,0.0007207145099528134,0.0016713733784854412,0.0006903695757500827,0.002084778854623437,0.000488094927277416,0.00021343537082429975,0.0005868999287486076,0.00014642090536653996,5.449630771181546e-05,7.281948637682945e-05,5.6097094784490764e-05,0.00016108035924844444,0.0004294163372833282,0.0002455861249472946,0.0001748417562339455,0.005179487634450197,0.0003251477610319853,0.000344902859069407,0.0007617861847393215,0.0006172411958687007,0.004106349777430296,0.0004596334765665233,0.0003661045921035111,0.0007921898504719138,0.0003083936753682792,0.00022336342954076827,0.0006316102808341384,2.3148555555962957e-05,9.139641042565927e-05,0.0021402158308774233,0.00017461393144913018,0.00010128982103196904,0.0003535400901455432,0.0009764798451215029,0.00027311398298479617,0.0007836989825591445,0.0009946842910721898,0.00021301672677509487,0.00018560692842584103,0.0001633702777326107,0.0003488463116809726,0.0015975591959431767,0.0,0.0004415763833094388,0.0005735864397138357,0.00021684438979718834
201102,0.0005555795505642891,8.70301591930911e-05,0.00012725091073662043,0.0010683821747079492,0.0006155337323434651,0.00016927975229918957,0.00045209447853267193,0.0003346760349813849,0.001148137147538364,0.00017777690663933754,0.0008052031043916941,0.000790528254583478,0.0040697697550058365,0.0006271013990044594,0.0001650949998293072,0.0004834178544115275,0.0007184681016951799,0.00025143485981971025,0.00022703554714098573,0.0003057157446164638,0.00014513857604470104,0.00018816233205143362,6.918801227584481e-05,0.0004320782609283924,0.0005737171159125865,0.0010749989887699485,0.00012437524856068194,0.0011667190119624138,0.00014462799299508333,0.00015419625560753047,0.00016298283298965544,0.00022116635227575898,0.001681295339949429,0.0001335662673227489,0.0008068107417784631,0.0007743468740954995,0.00018088944489136338,0.00027119016158394516,0.00023716423311270773,0.0002735816524364054,0.0006953210104256868,6.439365824917331e-05,0.00013791932724416256,0.0020962953567504883,0.0002494275977369398,0.00011031363828806207,0.0005699113826267421,0.00029580265982076526,0.000579521176405251,0.0009474133257754147,0.0020264817867428064,0.0020267730578780174,0.0,0.00020621110161300749,0.0001672648504609242,0.00015186701784841716,0.00019789987709373236,7.02014149283059e-05,5.7985565945273265e-05,4.0376460674451664e-05,7.449711847584695e-05,0.0005620084120891988,0.0009441034053452313,0.001799134653992951,0.00043329736217856407,0.0009562931372784078,0.0006529483362101018,0.0006573272403329611,0.0018105129711329937,0.0007698287372477353,0.002172707812860608,0.0006587516400031745,0.0002945446758531034,0.0007491472060792148,0.00010515918984310701,6.615567690460011e-05,6.17034820606932e-05,0.00029145111329853535,0.0002409192529739812,0.0002369586582062766,0.0001682243891991675,0.00015395961236208677,0.007388970348984003,0.0006692540482617915,0.0002980839926749468,0.0005683852941729128,0.0005048198509030044,0.005953188985586166,0.000307392212562263,0.00038161888369359076,0.0009105972130782902,0.00022277305833995342,0.0004899087361991405,0.0006176815368235111,8.068817260209471e-05,9.39068995648995e-05,0.0029958514496684074,0.0002913480857387185,0.00013831637625116855,0.0005799299106001854,0.0018144050845876336,0.00021332413598429412,0.0008486499427817762,0.0011644449550658464,6.028840289218351e-05,8.476430230075493e-05,0.00010316332190996036,0.00032185111194849014,0.001893880544230342,2.3624805180588737e-05,0.00034114476875402033,0.0012414655648171902,0.00019621948013082147
201103,0.0005964766023680568,0.00013714907981920987,0.00011673809785861522,0.0030000414699316025,0.0005555724492296576,4.666534732677974e-05,0.0005684879142791033,0.0002895587822422385,0.0009974968852475286,0.0004614459176082164,0.0008651642128825188,0.0004925915854983032,0.004360106773674488,0.0003953805426135659,0.0002864668203983456,0.0008825098630040884,0.0008739394834265113,0.0006827263277955353,0.0001765097549650818,0.00010779950389405712,4.840903784497641e-05,0.00017701907199807465,0.00031473333365283906,0.0001263724552700296,0.00019906139641534537,0.0007168176234699786,0.0001445199886802584,0.0014764383668079972,0.00038910791045054793,0.00013897562166675925,0.0003479351580608636,0.00018619598995428532,0.004229068290442228,0.00047377272858284414,0.0004875337763223797,0.0005998675478622317,0.00020283731282688677,9.719550871523097e-05,0.0003721024841070175,0.00034422180033288896,0.0010242466814815998,9.87891253316775e-05,0.0003024959587492049,0.0018999048043042421,0.00014014488260727376,0.00018383256974630058,0.0008123989100567997,0.0005463879788294435,0.00047353008994832635,0.0008038809755817056,0.0006951808463782072,0.0021515199914574623,2.204831162089249e-06,0.00047256588004529476,9.54702336457558e-05,0.0002896029909607023,0.0003412497171666473,6.117620796430856e-05,5.6383425544481725e-05,5.996767140459269e-05,0.00022176933998707682,0.0010769354412332177,0.0010100463405251503,0.0017934561474248767,0.00042958909762091935,0.0007313470123335719,0.0006871938821859658,0.000507750955875963,0.002234124345704913,0.001211295835673809,0.002117516938596964,0.0005036524962633848,0.0002045689761871472,0.0007445471128448844,9.569310350343585e-05,7.511061994591728e-05,6.584166112588719e-05,0.0001594066561665386,8.742873615119606e-05,0.00021817843662574887,0.00019998852803837508,0.00018565055506769568,0.006352955475449562,0.0010326654883101583,0.00044598549720831215,0.00043723327689804137,0.0005578201380558312,0.004742981866002083,0.00020794931333512068,0.00031726996530778706,0.0008358796476386487,0.0002543861046433449,0.00041285986662842333,0.00074826052878052,3.95666211261414e-05,0.0001604797871550545,0.0031263346318155527,0.0005198151920922101,0.0001251920621143654,0.00072526338044554,0.0015662380028516054,0.00014381218352355063,0.0007146674324758351,0.0007941810181364417,0.00010235580703010783,3.80232922907453e-05,0.0001830411929404363,0.00044765419443137944,0.0016533982707187533,1.9382900063646957e-05,0.00032925361301749945,0.0007981678936630487,0.00016859735478647053
201104,0.0006040714797563851,7.827276567695662e-05,0.0001572650799062103,0.0007779418374411762,0.0005763682420365512,0.00015729757433291525,0.0007140601519495249,0.00022675373475067317,0.0010067204711958766,0.0004650443443097174,0.0008483981364406645,0.00032465870026499033,0.004372699651867151,0.0002843258553184569,0.0004336787387728691,0.0007624371792189777,0.0009259232319891453,0.000371847563656047,0.0002058792015304789,1.3089529602439143e-05,6.269096047617495e-05,0.00024809580645523965,8.621007873443887e-05,6.982208287809044e-05,0.00020129737094976008,0.0005641778116114438,0.0001599679235368967,0.0012820521369576454,0.0002572645607870072,0.000183419935638085,0.00017391705478075892,0.00013866023800801486,0.0013027505483478308,4.8804540710989386e-05,0.0006333286291919649,0.0004378613084554672,0.00012908282224088907,0.0004593392077367753,0.000240655877860263,0.000371973670553416,0.0007295579998753965,8.205112681025639e-05,0.0004347021458670497,0.0010332918027415872,4.8733789299149066e-05,0.0001409410615451634,0.0006901865126565099,0.0006996799493208528,0.0008108217152766883,0.000517721229698509,0.0011215994600206614,0.002918330952525139,3.982611815445125e-05,0.00027693514130078256,0.00016361627785954624,0.00010560808732407168,0.0003012082015629858,6.073790427763015e-05,2.215659878856968e-05,5.965161108179018e-05,2.5384702894371003e-05,0.0009179303888231516,0.0008433698676526546,0.001176872756332159,0.000391064997529611,0.0005508544854819775,0.0005922873970121145,0.0007705371244810522,0.002810399979352951,0.0012006900506094098,0.0019859126769006252,0.0006386272143572569,0.00033088098280131817,0.0008601516019552946,0.000256605155300349,8.889018499758095e-05,0.00013997810310684144,0.00014266867947299033,0.00016319648420903832,0.00025429297238588333,0.00012038471322739497,0.00012413712101988494,0.004775244742631912,0.0006328045274131,0.00034622687962837517,0.0006982604973018169,0.0009384405566379428,0.005221153609454632,0.00022063066717237234,0.00034554515150375664,0.000786295160651207,0.00036522207665257156,0.00043611289584077895,0.0007463913643732667,7.939408533275127e-05,0.0001432798453606665,0.0017664906335994601,0.0001534355542389676,0.0001414591388311237,0.0003508783702272922,0.0013116600457578897,9.29173911572434e-05,0.0007606280851177871,0.0008740478660911322,0.00015622576756868511,5.778056583949365e-05,0.00024040655989665538,0.00031359217246063054,0.0012761958641931415,0.0,0.00033721694489941,0.0008850558660924435,0.00024732277961447835
201105,0.0007355044363066554,0.0001642899587750435,0.00011924686987185851,0.0009843267034739256,0.0003889173094648868,0.00011030135647160932,0.0006624924717471004,0.0003523092600516975,0.0009242273517884314,0.00035387909156270325,0.0009845109889283776,0.00028891678084619343,0.003465956076979637,0.00016963497910182923,0.0005104545853100717,0.0006153762806206942,0.0011686233337968588,0.00040536996675655246,0.0001998989755520597,8.350573625648394e-05,3.3394157071597874e-05,0.00010287499753758311,0.00016807930660434067,6.666564149782062e-05,0.0002433350309729576,0.0005932854837737978,0.00014168799680192024,0.0013205338036641479,0.00017550276243127882,0.0003722798137459904,0.00013340891746338457,2.2763097149436362e-05,0.000773494248278439,0.00012275550398044288,0.0006591677665710449,0.0003679422661662102,0.00018639466725289822,0.00018084504699800164,0.0003803559811785817,0.000368452921975404,0.00069379189517349,0.00012146643712185323,0.00029975359211675823,0.0006619130726903677,6.649601709796116e-05,0.00027423276333138347,0.001171989249996841,0.0006821632268838584,0.0006214769673533738,0.0005762611981481314,0.0007669223705306649,0.003731653792783618,6.306170234893216e-06,0.00026679644361138344,0.00028823400498367846,0.00017349226982332766,0.00025136859039776027,0.00019294476078357548,3.510994429234415e-05,2.6639901989256032e-05,6.87537103658542e-05,0.0009639269555918872,0.0005172360106371343,0.0018259644275531173,0.0005700986948795617,0.0008873402839526534,0.0006529989186674356,0.0007174524944275618,0.0022507458925247192,0.0010503425728529692,0.001991393743082881,0.0005790558061562479,0.00046256903442554176,0.0007216873927973211,0.00020801785285584629,6.124046194599941e-05,4.673102739616297e-05,0.00016148183203767985,8.769606210989878e-05,0.0005026704166084528,0.00016284811135847121,9.165411756839603e-05,0.003710508579388261,0.0004716616531368345,0.00025053645367734134,0.0007639804389327765,0.0007653656066395342,0.003537289798259735,0.00025638629449531436,0.00022336530673783273,0.0009008365450426936,0.0005123965092934668,0.000538637803401798,0.0006600504275411367,7.07511353539303e-05,0.0001867823739303276,0.002269656164571643,0.00012129166861996055,8.132828952511773e-05,0.0005581947043538094,0.0011790493736043572,0.00015222564979922026,0.000674583250656724,0.0006907550850883126,1.7690688764560036e-05,2.6630914362613112e-05,0.00024096525157801807,0.0002785645192489028,0.001701101427897811,0.0,0.00026708978111855686,0.0002120794088114053,0.00024018640397116542
201106,0.000839868385810405,0.00012325368879828602,0.00011848894064314663,0.0010883854702115059,0.000861148873809725,0.00011594401439651847,0.00041844596853479743,0.00015747410361655056,0.0008395235054194927,0.0005617410060949624,0.0009858778212219477,0.0002542281581554562,0.004416405688971281,0.00036929818452335894,0.0003617854090407491,0.0005169064970687032,0.0006435695104300976,0.000309001567075029,0.00016804163169581443,4.980193261872046e-05,6.662907253485173e-05,0.00017964508151635528,0.00022726306633558124,0.00012830152991227806,0.0003119134053122252,0.0008826787234283984,0.00032030281727202237,0.0017125833546742797,0.00033609214005991817,0.0003358151880092919,0.0006083802436478436,0.00032731081591919065,0.001410756609402597,7.701178401475772e-05,0.0005604698089882731,0.0006035842816345394,0.00016035397129599005,0.00011107694444945082,0.00028818967984989285,0.00042673610732890666,0.0009729792946018279,0.00010940882202703506,0.00026771132252179086,0.0015263677341863513,8.483968849759549e-05,0.00020730250980705023,0.0007504060049541295,0.0006194979068823159,0.001562198856845498,0.0004476973554119468,0.0008419952355325222,0.002255489816889167,5.396334745455533e-05,0.00020384215167723596,0.0001698662235867232,0.000257850275374949,0.00018926328630186617,6.514968845294788e-05,6.587432289961725e-05,5.616058479063213e-05,2.8782369554392062e-05,0.0009709566365927458,0.0007042212528176606,0.002337932586669922,0.0005084010772407055,0.0006212964653968811,0.00046804657904431224,0.0006907544448040426,0.002144766505807638,0.0009563397034071386,0.001960937399417162,0.0009067155770026147,0.00044232828076928854,0.0006743115372955799,0.00015810539480298758,3.322086195112206e-05,0.0002152644156012684,0.00022676230582874268,0.00011740301852114499,0.0003936033754143864,0.00021960695448797196,7.151530007831752e-05,0.005377259571105242,0.0009922452736645937,0.0002780532231554389,0.0005985277239233255,0.00028514390578493476,0.005310176871716976,0.00029451039154082537,0.00029044350958429277,0.0008480634423904121,0.00047550193266943097,0.0006108256638981402,0.0007503682863898575,0.0001418973261024803,0.0002327148977201432,0.002328040311113,0.00047495809849351645,0.00012183626677142456,0.0006143331411294639,0.0012555086286738515,0.0004220728878863156,0.00103794876486063,0.0008888215525075793,1.1879226804012433e-05,0.00014407114940695465,0.00020069167658220977,0.00043701016693376005,0.001316348323598504,2.3335907826549374e-05,0.0003784022992476821,0.0002860229287762195,0.0003025090554729104
201107,0.0006364433793351054,0.00014148633636068553,6.859246786916628e-05,0.0060400827787816525,0.0009096423164010048,0.00016105140093714,0.0004992189351469278,0.00029560955590568483,0.0006777273956686258,0.0006270618177950382,0.0014272811822593212,0.00037836036062799394,0.003480413230136037,0.0003729628515429795,0.00024690793361514807,0.001013837056234479,0.0007768552750349045,0.00033622849150560796,0.00013343064347282052,5.1605471526272595e-05,0.0002210863895015791,0.0004285392351448536,0.00017024723638314754,0.00033614260610193014,0.0004153662302996963,0.0009064443875104189,0.00013152083556633443,0.001581733813509345,0.00031279356335289776,0.0002703081408981234,0.0004349275550339371,0.00028801383450627327,0.0008928989991545677,0.00013486060197465122,0.0005443143891170621,0.0004059744824189693,0.00020160048734396696,0.0001480146311223507,0.00024533618125133216,0.00031660962849855423,0.0006757095688953996,6.936514546396211e-05,0.00016738168778829277,0.0018932420061901212,8.786991384113207e-05,0.00016606171266175807,0.0007196909282356501,0.0007576587377116084,0.001044300151988864,0.0008683849591761827,0.0007307985215447843,0.00205599213950336,1.4173202544043306e-05,0.00032525311689823866,0.00017320597544312477,0.00013423337077256292,0.00019438572053331882,4.009191980003379e-05,7.662150164833292e-05,7.433212158503011e-05,4.538289431366138e-05,0.0010182729456573725,0.0007894280133768916,0.0017419990617781878,0.00035299593582749367,0.00048386468552052975,0.0005087057943455875,0.0006573903374373913,0.0021532149985432625,0.0009761522524058819,0.0019568779971450567,0.0009155049920082092,0.00044305570190772414,0.0006309590535238385,0.0001589274761499837,7.722349255345762e-05,3.805266533163376e-05,0.00023032014723867178,0.00011481173714855686,0.00040615216130390763,0.00016789404617156833,0.00025187089340761304,0.006881190463900566,0.0004798013251274824,0.00022814195835962892,0.0005263315979391336,0.00023836951004341245,0.004297287669032812,0.00026311862166039646,0.0002664998173713684,0.0009555318974889815,0.00045154071995057166,0.0006683046813122928,0.0009350719046778977,0.00015122719923965633,0.00015223950322251767,0.0017076331423595548,0.0002075421652989462,0.0001341272727586329,0.00036872091004624963,0.0010755030671134591,0.00027590969693847,0.0007214048528112471,0.0008106675813905895,4.9017457058653235e-05,6.15624085185118e-05,8.838609210215509e-05,0.00035846783430315554,0.001245492254383862,4.8724810767453164e-05,0.0004702582082245499,0.0006904481560923159,0.00019692718342412263
201108,0.0008111547213047743,0.00011714138963725418,0.00015381241973955184,0.0012022656155750155,0.0009103307966142893,0.0001442807842977345,0.0006803361466154456,0.00021152716362848878,0.0009648274281062186,0.00042023550486192107,0.0012463408056646585,0.0005601644515991211,0.0038973032496869564,0.00025722073041833937,0.00036360445665195584,0.0007514631142839789,0.0007265890017151833,0.0003391469654161483,0.0001970947632798925,0.0002134943351848051,0.00014205669867806137,0.00025757119874469936,0.0002549750206526369,0.00026249498478136957,0.0003310680913273245,0.0009185568778775632,0.00016015158325899392,0.0023050170857459307,0.00016260729171335697,8.531667845090851e-05,0.00016190437600016594,0.00017240010492969304,0.0012541166506707668,9.481661254540086e-05,0.0009089455124922097,0.0004789372906088829,0.00016362812311854213,0.00011653282854240388,0.00014648523938376456,0.00029931182507425547,0.0010986999841406941,8.13230435596779e-05,0.00010738587297964841,0.002159746130928397,0.00013897177996113896,0.00020347801910247654,0.0009195200982503593,0.00030515945400111377,0.0016268232138827443,0.000779486377723515,0.0013687927275896072,0.0014080185210332274,0.0,0.0003284364065621048,0.00016228272579610348,0.00016076810425147414,0.0002284364600200206,0.0001484098902437836,3.990946788690053e-05,0.00013012895942665637,8.030165190575644e-05,0.0008171747322194278,0.0007462945068255067,0.0018776952056214213,0.0003702667308971286,0.0004437446768861264,0.000531875470187515,0.0005704564391635358,0.0019592889584600925,0.0009754925849847496,0.0022397683933377266,0.0007458800100721419,0.0004211179038975388,0.0008296587620861828,0.00013449408288579434,8.984431042335927e-05,1.6570143998251297e-05,0.00021013618970755488,8.751814311835915e-05,0.0003094663261435926,0.0001639198453631252,0.00012744052219204605,0.005583460908383131,0.001195821212604642,0.0003544751671142876,0.000571477401535958,0.00016110317665152252,0.00597368273884058,0.00037829705979675055,0.0002351138391532004,0.0006688113207928836,0.00047542343963868916,0.0004334242839831859,0.0006957537843845785,0.00013986848352942616,0.00012239516945555806,0.002271023578941822,0.00026682286988943815,0.00011672633263515308,0.0006296799401752651,0.0019275187514722347,0.00033442702260799706,0.000801776594016701,0.0010693504009395838,7.929692219477147e-05,0.00010417613520985469,0.00010067289258586243,0.0005014700582250953,0.0011375516187399626,3.5399625630816445e-06,0.0003416831896174699,0.0006890418007969856,0.0003957313019782305
201109,0.0012000080896541476,0.00015858278493396938,8.763265213929117e-05,0.0020226812921464443,0.0007679089321754873,0.00010476081661181524,0.0008347861585207283,0.0002079702535411343,0.0007333098328672349,0.0002752806176431477,0.0013524560490623116,0.00036110967630520463,0.0028417727444320917,0.00026630909997038543,0.0003238656499888748,0.0011374393943697214,0.0009117741137742996,0.0003311411419417709,0.0002678922319319099,0.00015766506840009242,9.655117173679173e-05,0.00035077668144367635,0.00013887691602576524,0.00012404145672917366,0.0005328855477273464,0.0007208429160527885,8.68088100105524e-05,0.0016483573708683252,0.00026308948872610927,0.00015571869153063744,0.00025108380941674113,0.0002090216730721295,0.0024389836471527815,0.0001687712356215343,0.0005919737741351128,0.0002682593185454607,0.00020118328393436968,0.0001732577511575073,0.0002019042440224439,0.00024876202223822474,0.0005232904804870486,0.00013964690151624382,0.000259928812738508,0.0024096621200442314,0.000168829777976498,0.00022604891273658723,0.0006084874621592462,0.00023403449449688196,0.0014666082570329309,0.0005969658377580345,0.0008253940613940358,0.0014394103782251477,1.0054677659354638e-05,0.0002943140862043947,0.00020900779054500163,0.00017889327136799693,0.0002464743156451732,8.431832975475118e-05,3.290350650786422e-05,0.00014930895122233778,0.00012237629562150687,0.000875049561727792,0.0006505953497253358,0.001993710407987237,0.0003684957337100059,0.0005595412221737206,0.00045592099195346236,0.0007812654366716743,0.001729214913211763,0.0011407691054046154,0.002278036205098033,0.00068605353590101,0.0004149732703808695,0.0008790373685769737,0.00016789729124866426,2.420871715003159e-05,7.879660552134737e-05,0.0003395318635739386,0.00011052616173401475,0.0004733091336674988,9.599413169780746e-05,8.247126243077219e-05,0.006356000434607267,0.001197745674289763,0.00031225496786646545,0.0005663336487486959,0.00017863669199869037,0.006179722957313061,0.000194223815924488,0.00028921765624545515,0.0005432226462289691,0.00038622738793492317,0.00021241528156679124,0.0007206184673123062,4.644818545784801e-05,0.0002017610240727663,0.004118781071156263,0.0002517667890060693,0.00017494216444902122,0.0004268928023520857,0.0027751841116696596,0.0002759100461844355,0.0007427827222272754,0.0006638510967604816,0.00010869013203773648,5.538004916161299e-05,0.00011154075036756694,0.00028742727590724826,0.0016478733159601688,0.0,0.0007030217093415558,0.0007919960771687329,0.00014884430856909603
201110,0.0008400867809541523,0.0002017264923779294,0.00012052171950927004,0.002497245091944933,0.0006833423976786435,8.014036575332284e-05,0.0005381747032515705,0.00017331716662738472,0.0008445642306469381,0.0006051459349691868,0.001300910022109747,0.00026973625062964857,0.003019854659214616,0.00022318557603284717,0.0002464169810991734,0.0008440174860879779,0.0005250857793726027,0.0003338968090247363,0.00010766807827167213,6.201280484674498e-05,0.00013332976959645748,0.00018994184210896492,0.00020192749798297882,0.0002896048245020211,0.0004987023421563208,0.0008833830943331122,0.00012790641630999744,0.0015876727411523461,0.00024406093871220946,0.0001652465434744954,0.00026113848434761167,0.000303850305499509,0.002161560347303748,0.0001509233406977728,0.0010549852158874273,0.000529622717294842,0.00010227662278339267,0.0004004520596936345,0.00035256086266599596,0.0002959669509436935,0.0006703279796056449,8.312480349559337e-05,0.0005960707203485072,0.0017528668977320194,0.00011250260286033154,4.9291506002191454e-05,0.0004187278973404318,0.0002679605968296528,0.0014511351473629475,0.0005576771218329668,0.0007973574101924896,0.0015683835372328758,8.426751264778432e-06,0.00035159505205228925,0.0002610718074720353,0.00020574533846229315,0.0002571786171756685,2.801907066896092e-05,3.571952038328163e-05,8.665787754580379e-05,5.208454604144208e-05,0.000693750916980207,0.0007073478773236275,0.0016199442325159907,0.0004368852823972702,0.0004107764398213476,0.00032740054302848876,0.0008856735657900572,0.001763939973898232,0.0012673872988671064,0.0020273481495678425,0.0006571062840521336,0.00039820963866077363,0.0008626040653325617,0.00024159484019037336,7.940099749248475e-05,2.3830354621168226e-05,5.772324584540911e-05,4.6211738663259894e-05,0.00052639254136011,0.00012937249266542494,0.00013349062646739185,0.005664100404828787,0.0010418874444440007,0.0003023762837983668,0.0004703712183982134,0.0001592223852640018,0.005948690697550774,0.0004956100601702929,0.00030187316588126123,0.0007878003525547683,0.0004136570496484637,0.0005817893543280661,0.0007824634667485952,9.644402598496526e-05,8.388132118852809e-05,0.001665385439991951,0.0001982231915462762,0.00022131770674604923,0.00056487787514925,0.0010871817357838154,0.00021988447406329215,0.0009396568639203906,0.0010376079007983208,0.00010348774958401918,4.9912589020095766e-05,0.00010042204667115584,0.00045151697122491896,0.0011157619301229715,4.812497536477167e-06,0.0004251501231919974,0.0008973751682788134,0.00037664451519958675
201111,0.001447205082513392,8.779419295024127e-05,0.00019071155111305416,0.0012812213972210884,0.0006185125093907118,0.0001566786231705919,0.00043687218567356467,0.00016925980162341148,0.0008488003513775766,0.000685333099681884,0.000994181726127863,0.0002701522607821971,0.002706039696931839,0.0002611763484310359,0.00015552561671938747,0.0007832859409973025,0.0008889663149602711,0.00029208307387307286,5.6998891523107886e-05,2.435438182146754e-05,6.090761598898098e-05,0.00021007400937378407,0.000164953205967322,0.00020346119708847255,0.0006286553689278662,0.0008707130327820778,0.0002496671804692596,0.0014078476233407855,0.00018185086082667112,0.00024832654162310064,0.00016887355013750494,0.0002451402833685279,0.002726796781644225,5.749978663516231e-05,0.0004902937216684222,0.00034749109181575477,0.0002679302415344864,0.00015052816888783127,0.0002528307377360761,0.0003603767545428127,0.0005159431020729244,4.924107633996755e-05,0.000250854529440403,0.0010723668383434415,0.00011005944543285295,0.00019870104733854532,0.00029873978928662837,0.00028444058261811733,0.001463737920857966,0.0003707916184794158,0.0011653031688183546,0.0029379611369222403,2.5690727852634154e-05,0.0001818497257772833,0.0003010645741596818,0.00011779662600019947,0.00027352108736522496,0.00010768329229904339,9.028361091623083e-05,6.639696948695928e-05,6.568631215486676e-05,0.0007212153286673129,0.0003074830456171185,0.0013971877051517367,0.0003711920289788395,0.0006617885082960129,0.0004867210518568754,0.0009375644149258733,0.0013313995441421866,0.0009419335401616991,0.002563429530709982,0.0006639323546551168,0.0003091585240326822,0.0007884594961069524,0.0001727720518829301,6.727600703015924e-05,4.91506625621696e-07,0.00015218730550259352,0.00014129787450656295,0.0007279387791641057,0.00012206684186821803,0.00016142759704962373,0.0026470287702977657,0.00033457038807682693,0.00026274347328580916,0.0005643990007229149,0.00012406626774463803,0.004518846049904823,0.00027536111883819103,0.00027411276823841035,0.0005350794526748359,0.0004414865979924798,0.0002400437369942665,0.0007375523564405739,6.97945652063936e-05,0.00012591305130627006,0.0025803230237215757,0.00020369674894027412,0.00038336007855832577,0.0003155136073473841,0.000963526894338429,0.00017940867110155523,0.001282264362089336,0.0006527486257255077,0.00014402615488506854,0.00013029846013523638,4.5989825594006106e-05,0.0002997845003847033,0.0013716587563976645,0.00014006572018843144,0.00038222872535698116,0.0004675338859669864,0.00037051690742373466
201112,0.0009607707033865154,0.0002362793602515012,6.38960482319817e-05,0.013389005325734615,0.000498849549330771,0.00010788950021378696,0.0005339017952792346,0.0002948242181446403,0.0008172146626748145,0.0012074703117832541,0.0013996446505188942,0.0003784664731938392,0.00271428469568491,0.00023670477094128728,0.00010811043466674164,0.0010772673413157463,0.000737864407710731,0.00030870901537127793,0.00013508058327715844,0.00021197590103838593,8.916143997339532e-05,0.00035455881152302027,0.00019185208657290787,0.00023606180911883712,0.0007376585272140801,0.0008180729346349835,0.00017191882943734527,0.0014731576666235924,0.0001707465562503785,0.0003334496868774295,0.00015480614092666656,0.00011196402192581445,0.002413136651739478,0.00032332431874237955,0.0006158517790026963,0.0003813446674030274,0.00018560723401606083,0.000131282489746809,0.00021124632621649653,0.00021438203111756593,0.0004366048669908196,0.00017600221326574683,0.00020432159362826496,0.0022695432417094707,0.00016346279880963266,9.823857544688508e-05,0.00023622620210517198,0.00034999713534489274,0.0013440825277939439,0.0008372245938517153,0.00046088921953924,0.0023556090891361237,1.341502593277255e-05,0.00024809292517602444,0.0004036824684590101,0.00020261076861061156,0.00022042347700335085,0.00012322579277679324,0.0001010088890325278,0.00011222175089642406,9.262123057851568e-05,0.0007680890266783535,0.0009841155260801315,0.0013763047754764557,0.00033804282429628074,0.0006236898479983211,0.0003928338992409408,0.0008841786184348166,0.00154460861813277,0.0013003813801333308,0.0021653547883033752,0.000788847915828228,0.0005098824622109532,0.0008513607899658382,0.00016199452511500567,0.0001084398027160205,5.4220505262492225e-05,0.00016232214693445712,0.00027451716596260667,0.0007073411252349615,0.00017590788775123656,0.0001368718221783638,0.005053902044892311,0.0003913249238394201,0.000232688122196123,0.00042245761142112315,0.00018961455498356372,0.0082751689478755,0.00018548032676335424,0.00026745101786218584,0.0005654257256537676,0.0004908946575596929,0.00032562841079197824,0.0006305631250143051,3.777434176299721e-05,7.777960854582489e-05,0.001757826074026525,0.0001781489118002355,0.0003762359847314656,0.0005806782282888889,0.000894276425242424,6.945755012566224e-05,0.0013498563785105944,0.0005998940323479474,0.00010507258411962539,2.2542979422723874e-05,5.182958921068348e-05,0.00023225344193633646,0.0008465065038762987,0.0,0.00014187581837177277,0.0008576172986067832,0.0003819456323981285
201201,0.00015441463619936258,3.090147401962895e-06,8.43318866827758e-06,4.0635408367961645e-05,4.7364792408188805e-05,5.61393317184411e-05,0.00019956981122959405,1.7690661479718983e-05,8.912152406992391e-05,8.382531814277172e-05,0.00013477970787789673,2.8461670353863155e-06,0.0005932627827860415,1.846227314672433e-05,1.3534812751458958e-05,0.00025426034699194133,4.4729658839059994e-05,2.49429140239954e-05,3.3310730032098945e-06,3.1570216378895566e-05,1.0688988368201535e-05,1.8569675376056693e-05,1.974794031411875e-06,7.314760750887217e-06,1.424546462658327e-05,9.35615025809966e-05,1.0444985491631087e-05,7.133492908906192e-05,4.112563146918546e-06,4.21735876443563e-06,3.2446121622342616e-05,7.163308055169182e-06,0.00012331992911640555,2.2029687443136936e-06,0.00011865834676427767,2.5948245820472948e-05,5.392231105361134e-05,6.504607881652191e-06,5.1210674428148195e-05,8.971271199698094e-06,0.00026196867111139,1.4770834241062403e-05,1.606574733159505e-05,0.0001225608866661787,7.482558885385515e-06,1.8963561387863592e-06,6.752179615432397e-05,5.674234125763178e-05,3.797103272518143e-05,8.394520409638062e-05,0.00022259337129071355,0.0005258481833152473,3.839226792479167e-06,1.9510052879923023e-05,1.6035064618336037e-05,7.254742740769871e-06,2.77764665952418e-05,5.017736384616001e-06,3.563834752640105e-06,8.108417205221485e-06,1.4797586800341378e-06,0.00024212480639107525,0.00013207473966758698,7.039810589049011e-05,3.7387303564173635e-06,2.858911466319114e-05,2.1534959159907885e-05,6.406704778783023e-05,0.000709141546394676,9.970398241421208e-05,0.00029021978843957186,6.331108306767419e-05,3.2547057344345376e-05,6.823345756856725e-05,3.190289135091007e-05,7.3294982030347455e-06,1.4222722484191763e-06,1.5795600120327435e-05,2.5189845018758206e-06,4.745783735415898e-05,5.286231953505194e-06,7.601883226016071e-06,0.0003772443742491305,0.0002736110473051667,2.6935613277601078e-05,0.00014342069334816188,1.1784805792558473e-05,0.0016322990413755178,1.4341648238769267e-05,1.2567516023409553e-05,3.1226413739204872e-06,9.257083547709044e-06,1.6988307834253646e-05,0.00015857222024351358,3.991820904047927e-06,9.947316357283853e-07,0.00025224348064512014,7.079996066750027e-06,3.3247313695028424e-05,3.334112261654809e-05,0.00015934757539071143,4.527388227870688e-05,8.626138878753409e-05,6.952343392185867e-05,1.923842319229152e-05,4.0074951357382815e-06,5.035769845562754e-06,3.5644814488478005e-05,9.29545858525671e-05,0.0,6.63863611407578e-05,3.347500387462787e-05,1.841073935793247e-05
201202,0.00010563125397311524,1.726005621094373e-06,1.8354940038989298e-05,6.009902790538035e-05,4.9649686843622476e-05,3.374524385435507e-05,0.0001048915073624812,1.8496381017030217e-05,7.456598541466519e-05,5.148947093402967e-05,0.00019251070625614375,7.322830697376048e-06,0.0008041533874347806,7.453450052707922e-06,5.541684913623612e-06,0.0001365406351396814,3.609361010603607e-05,1.1016659300366882e-05,2.4540424874430755e-06,1.2653677003982011e-05,4.763517608807888e-06,2.1251245925668627e-05,5.621471700578695e-06,3.6661990634456743e-06,1.1794089004979469e-05,5.29854187334422e-05,2.0651688828365877e-05,0.00010228054452454671,6.30061140327598e-06,3.6233777791494504e-06,1.9819961380562745e-05,6.033464615029516e-06,3.993096834165044e-05,1.9464582692307886e-06,8.951973723014817e-05,1.867179526016116e-05,2.1259907953208312e-05,1.6154250261024572e-05,6.470172957051545e-05,8.49353182275081e-06,0.00011615959374466911,8.427224202023353e-06,1.0346735507482663e-05,9.374693036079407e-05,9.358373063150793e-06,7.804502274666447e-06,6.751341970812064e-06,4.8913334467215464e-05,7.5508352892939e-05,0.00012817767856176943,0.0002786296245176345,0.00017369180568493903,2.5806693884078413e-05,1.9435645299381576e-05,1.1733964129234664e-05,9.504170520813204e-06,2.3412816517520696e-05,4.828465989703545e-06,1.8707445406107581e-06,8.601435183663853e-06,5.7526808632246684e-06,0.0001114570113713853,3.4942731872433797e-05,2.2861571778776124e-05,6.383299478329718e-06,2.6393874577479437e-05,2.2792975869379006e-05,5.918765964452177e-05,0.0004503109958022833,0.0001318620052188635,0.0002447775914333761,0.00012080188025720417,4.020012420369312e-05,6.859113636892289e-05,4.749003710458055e-05,3.20816343446495e-06,2.778466978270444e-06,1.9705163140315562e-05,2.3994321054487955e-06,5.752109791501425e-05,7.513255241065053e-06,7.345787253143499e-06,0.00031689315801486373,0.00011934003850910813,1.682851325313095e-05,0.00012385887384880334,8.461078323307447e-06,0.001122852903790772,1.4683135304949246e-05,1.8608474420034327e-05,1.4127413123787846e-05,2.0456531274248846e-05,4.15295289712958e-06,0.00028961070347577333,6.391853730747243e-06,7.235477823996916e-06,0.0002530895872041583,4.420217464939924e-06,1.6331730876117945e-05,4.119426739634946e-05,0.00018149096285924315,1.1807707778643817e-05,0.00010252618812955916,2.804579708026722e-05,4.3275245843688026e-05,7.374373581114924e-06,9.822583706409205e-06,3.7712627090513706e-05,9.580060577718541e-05,0.0,6.396406388375908e-05,3.7898473237873986e-05,2.3301836336031556e-05
201203,3.409303826629184e-05,2.3818097361072432e-06,1.0098504390043672e-05,5.7769160775933415e-05,6.57046475680545e-05,1.2670362593780737e-05,1.9686443920363672e-05,1.9856215658364818e-05,5.203312321100384e-05,5.3816751460544765e-05,0.00015238788910210133,7.729650860710535e-06,0.0010022525675594807,1.1047949556086678e-05,2.5049553187272977e-06,6.285872223088518e-05,6.013713209540583e-05,6.7298819885763805e-06,1.6081355624919524e-06,8.302788955916185e-06,4.341965905041434e-06,7.76001179474406e-05,9.378036338603124e-06,9.011929250846151e-06,2.845616836566478e-05,5.1636230637086555e-05,1.3255588783067651e-05,0.00015710301522631198,1.9480254195514135e-05,7.87529643275775e-06,1.24175930977799e-05,3.7136251194169745e-06,8.839654765324667e-05,7.058566097839503e-06,9.822779247770086e-05,1.1114973858639132e-05,6.28131283519906e-06,0.00010204889986198395,0.00010523722448851913,5.507612058863742e-06,5.292336572892964e-05,6.449803549912758e-06,2.192108877352439e-05,9.661191143095493e-05,1.4522815035888925e-05,4.99189172842307e-06,1.2890597645309754e-05,3.241289232391864e-05,7.524500688305125e-05,0.00011799114145105705,0.00027177404263056815,0.00012152270210208371,4.11861838074401e-05,1.392078229400795e-05,1.202308339998126e-05,1.062355386238778e-05,1.6171257811947726e-05,6.756738912372384e-06,2.863898316718405e-06,2.261439476569649e-06,7.858356184442528e-06,3.227144406992011e-05,2.3020626031211577e-05,2.3008584321360104e-05,6.292100351856789e-06,4.2553514504106715e-05,3.64160914614331e-05,6.954617128940299e-05,0.00022448621166404337,0.00011552844080142677,0.00017604335153009742,0.00012579061149153858,4.7940207878127694e-05,9.152337588602677e-05,5.472807242767885e-05,5.0961007218575105e-06,2.039275841525523e-06,4.629520844900981e-06,1.6363383110729046e-06,8.491885819239542e-05,1.0050734999822453e-05,2.275181577715557e-05,0.0002821608504746109,2.7691345167113468e-05,1.6174488337128423e-05,0.0001574022462591529,1.0084673704113811e-05,0.0006168015534058213,3.897180431522429e-05,2.6360035917605273e-05,1.0774479051178787e-05,3.947572622564621e-05,2.4365747322008247e-06,3.790575283346698e-05,4.810299287782982e-06,1.5541858374490403e-05,0.0002697121526580304,4.966247615811881e-06,3.6854249628959224e-05,8.015213825274259e-05,0.00023405812680721283,8.526053534296807e-06,9.195467282552272e-05,1.8892558728111908e-05,7.122969691408798e-05,1.396700281475205e-05,2.5436773285036907e-05,2.9282566174515523e-05,0.00014636473497375846,2.680195393622853e-06,3.169398769387044e-05,4.067577174282633e-05,4.463852383196354e-05
201204,7.532871677540243e-05,2.144460950148641e-06,9.026934094436001e-06,3.737739461939782e-05,2.917080382758286e-05,3.8086949643911794e-05,4.998360964236781e-05,2.391070120211225e-05,7.069463026709855e-05,6.971829134272411e-05,0.0002038545353570953,4.012668341601966e-06,0.0011900704121217132,1.222834089276148e-05,4.896775408269605e-06,0.00016707910981494933,2.7076834157924168e-05,1.0064621164929122e-05,4.656472356145969e-06,2.2926120436750352e-05,6.563819624716416e-06,3.568706597434357e-05,2.940454351119115e-06,7.424026989610866e-06,2.590274925751146e-05,7.78271205490455e-05,1.5134246496018022e-05,9.227237751474604e-05,1.1913612070202362e-05,2.9770667424600106e-06,1.5698116840212606e-05,1.0079708772536833e-05,0.00020767172100022435,1.7340354361294885e-06,0.0001679080887697637,2.2865113351144828e-05,6.870679953863146e-06,8.270793478004634e-05,8.037583756959066e-05,2.8787060273316456e-06,0.0001073857129085809,6.616555310756667e-06,2.9305047064553946e-05,6.446755287470296e-05,6.233915883058216e-06,5.228993813943816e-06,4.4401771447155625e-05,5.462886474560946e-05,8.261619950644672e-05,0.00014463928528130054,0.0003461710875853896,0.00012803394929505885,5.213716940488666e-05,1.5455021639354527e-05,1.73088010342326e-05,7.5616508183884434e-06,2.1478877897607163e-05,5.960102043900406e-06,2.6624802558217198e-06,2.0463377950363792e-05,3.6234041544958018e-06,9.030312503455207e-05,2.8509064577519894e-05,4.296711995266378e-05,4.148649622948142e-06,7.033415022306144e-05,2.6627492843545042e-05,4.568944132188335e-05,0.0005974079831503332,0.00015100538439583033,0.00017793061851989478,0.00011677556904032826,4.049909330205992e-05,6.640133506152779e-05,4.282514055375941e-05,5.393877927417634e-06,1.7989993921219138e-06,1.6872923879418522e-05,3.460205107330694e-06,7.661903509870172e-05,6.805882094340632e-06,5.507008154381765e-06,0.0004606457077898085,0.00013479245535563678,1.859698568296153e-05,0.0001925397227751091,1.5890635040705092e-05,0.000978911411948502,1.2938779036630876e-05,2.9284725314937532e-05,2.3491809770348482e-05,2.3065473214956e-05,8.677247933519538e-06,0.00019557483028620481,5.359914666769328e-06,1.0310191100870725e-05,0.00026942772092297673,4.561728019325528e-06,3.4061798942275345e-05,9.844454325502738e-05,0.00026736839208751917,6.618994120799471e-06,3.177042890456505e-05,2.4169952666852623e-05,3.644963726401329e-05,7.102503786882153e-06,1.4457080396823585e-05,3.8428155676228926e-05,4.6453649702016264e-05,0.0,6.441378354793414e-05,3.2777010346762836e-05,1.996933679038193e-05
201205,7.616372022312135e-05,1.8022739141088095e-06,2.2309788619168103e-05,2.8648735678871162e-05,3.85774728783872e-05,3.8492453313665465e-05,4.8746012907940894e-05,1.0840729373740032e-05,6.83459293213673e-05,6.352670607157052e-05,0.0001834212162066251,5.9838835113623645e-06,0.001144079607911408,1.4857727364869788e-05,8.652525139041245e-06,0.000177089124917984,5.580826473305933e-05,6.031180873833364e-06,1.7186202967423014e-06,1.0908092008321546e-05,4.075238848599838e-06,5.03319752169773e-05,3.426626790314913e-06,2.67586688096344e-06,1.6285319361486472e-05,7.058036862872541e-05,8.171628905984107e-06,7.182911213021725e-05,9.35706339078024e-06,6.226490768312942e-06,2.5949813789338805e-05,4.464232915779576e-06,0.00023206583864521235,2.394457396803773e-06,0.00011166727927047759,2.876675353036262e-05,1.3261677850096021e-05,5.523561412701383e-05,8.165464532794431e-05,5.3200660659058485e-06,0.00010863832721952349,7.893216206866782e-06,2.3149812477640808e-05,7.188394374679774e-05,5.924830475123599e-06,4.606050879374379e-06,1.8934901163447648e-05,4.302759043639526e-05,7.55720684537664e-05,0.00012589326070155948,0.0003281522076576948,0.00015667635307181627,2.90612497337861e-05,1.0252981155645102e-05,1.249417709914269e-05,1.4906033356965054e-05,1.872779830591753e-05,6.020055934641277e-06,2.733918336161878e-06,7.384424861811567e-06,5.018874617235269e-06,7.13562621967867e-05,3.8084821426309645e-05,4.6130189730320126e-05,5.681403763446724e-06,6.037994535290636e-05,2.941492675745394e-05,5.5665219406364486e-05,0.0005240147584117949,0.0001369201490888372,0.00015507425996474922,0.00010808966908371076,5.032624176237732e-05,5.667825462296605e-05,6.276016210904345e-05,3.207079998901463e-06,2.824396005962626e-06,1.6121421140269376e-05,3.4768365821946645e-06,7.951218140078709e-05,5.998965662001865e-06,7.487185030186083e-06,0.0003638510825112462,0.00010488810221431777,1.5143211385293398e-05,0.00017863752145785838,1.0667483365978114e-05,0.0008611776866018772,1.0939676940324716e-05,3.0251576390583068e-05,2.2666852601105347e-05,1.8095784980687313e-05,5.447001512948191e-06,0.0002487566089257598,4.837518190470291e-06,1.2461215192161035e-05,0.00026213371893391013,2.503750465621124e-06,5.2747807785635814e-05,8.510247425874695e-05,0.00020098485401831567,2.4848804969224147e-06,1.6975180187728256e-05,2.43748290813528e-05,5.968143523205072e-05,1.0158383702218998e-05,1.4205104889697395e-05,2.3788950784364715e-05,8.696440636413172e-05,2.2262563561525894e-06,4.923500455333851e-05,3.4268759918631986e-05,3.402303991606459e-05
201206,0.00010021134949056432,1.967506932487595e-06,3.096579894190654e-05,3.1738461984787136e-05,3.447900962783024e-05,5.651312676491216e-05,3.2795400329632685e-05,2.3038106519379653e-05,5.1686118240468204e-05,4.400910984259099e-05,0.00022573790920432657,2.77155481853697e-06,0.0011565007735043764,8.870362762536388e-06,5.804830834676977e-06,0.00013513279554899782,7.953790918691084e-05,6.622458840865875e-06,8.724700819584541e-06,2.2776230252929963e-05,2.571037384768715e-06,4.9090809625340626e-05,5.864674676558934e-06,3.979705070378259e-06,3.559113611117937e-05,6.536763248732314e-05,1.6261195924016647e-05,6.952279363758862e-05,1.3764599316345993e-05,8.363264896615874e-06,2.3450722437701188e-05,6.109562036726857e-06,0.0001258471020264551,2.2351778170559555e-06,0.0001372851838823408,1.135764796345029e-05,1.3385464626480825e-05,3.327815284137614e-05,8.195436384994537e-05,4.7173939492495265e-06,9.408702317159623e-05,8.76651938597206e-06,2.5938568796846084e-05,6.011514778947458e-05,9.640593816584442e-06,5.064231572760036e-06,3.0502442314173095e-05,4.7944158723112196e-05,7.776285201543942e-05,0.0001341002353001386,0.0002558256674092263,4.3638770875986665e-05,2.6550935217528604e-05,1.1516568520164583e-05,8.951175914262421e-06,1.087966393242823e-05,1.771779716364108e-05,7.772422577545512e-06,2.7943590339418733e-06,9.806294656300452e-06,4.6409882088482846e-06,7.37249429221265e-05,3.185241439496167e-05,3.9707065297989175e-05,7.242749688884942e-06,8.384283137274906e-05,3.5769116948358715e-05,5.628444705507718e-05,0.0004856579180341214,0.00012390725896693766,0.00017882470274344087,8.722437632968649e-05,4.38948227383662e-05,6.206097896210849e-05,5.980797141091898e-05,6.057203790987842e-06,2.3616339603904635e-06,1.208950016007293e-05,2.122641944879433e-06,7.374488632194698e-05,5.322609922586707e-06,6.809322712797439e-06,0.0003294827474746853,0.00010743582242866978,1.1350384738761932e-05,0.00018436170648783445,1.1958869436057284e-05,0.000854219077154994,1.1135957720398437e-05,1.8032216758001596e-05,2.0982304704375565e-05,1.4525774531648494e-05,3.4907779991044663e-06,0.0002490268961992115,2.4547841803723713e-06,8.345468813786283e-06,0.0003260306839365512,2.603694838398951e-06,4.718444324680604e-05,7.945999823277816e-05,0.0001748954673530534,3.034126393686165e-06,1.6487540051457472e-05,2.2075118977227248e-05,3.364705480635166e-05,6.8784834184043575e-06,2.8626138373510912e-05,3.2069452572613955e-05,0.00010146138083655387,3.7363245155574987e-06,4.795634959009476e-05,3.4767508623190224e-05,2.2167698261910118e-05
201207,5.604883699561469e-05,1.7037488078130991e-06,3.376813037903048e-05,9.539325401419774e-05,4.2616884456947446e-05,3.065707642235793e-05,2.0602821678039618e-05,1.6852001863298938e-05,4.948705463903025e-05,4.8642614274285734e-05,0.00020245305495336652,6.699631285300711e-06,0.0009589361725375056,1.104743751056958e-05,1.419178033756907e-06,9.22191611607559e-05,7.580982492072508e-05,4.7151388571364805e-06,2.6684856493375264e-06,9.244601642421912e-06,2.1751784515799955e-06,2.166764716093894e-05,4.3099121285195e-06,2.483997150193318e-06,3.84690792998299e-05,5.099586633150466e-05,5.448150659503881e-06,0.00010520383511902764,1.360517035209341e-05,6.248252702789614e-06,2.235463216493372e-05,4.641188297682675e-06,0.00020290749671403319,3.511487875584862e-06,0.00010615283099468797,1.6036414308473468e-05,1.0265025593980681e-05,5.442718247650191e-05,0.00012002998118987307,3.6126414215686964e-06,5.985427924315445e-05,3.1552872314932756e-06,2.7786010832642205e-05,4.8937086830846965e-05,1.3067641702946275e-05,3.4522843179729534e-06,3.27845336869359e-05,1.3191960533731617e-05,5.237325240159407e-05,0.00013915578892920166,0.0002404781262157485,3.5490651498548687e-05,2.4228244001278654e-05,1.280528522329405e-05,1.3865865184925497e-05,8.722447091713548e-06,1.3771110388915986e-05,5.3484718591789715e-06,2.819972451106878e-06,9.806828529690392e-06,3.502835625113221e-06,3.922488394891843e-05,3.633879896369763e-05,3.7665467971237376e-05,9.711051461636089e-06,6.875574763398618e-05,3.8585843867622316e-05,0.00011898259253939614,0.0003155093581881374,6.935332930879667e-05,0.00012857999536208808,8.691297261975706e-05,5.2274201152613387e-05,5.629646693705581e-05,3.884517354890704e-05,8.516109119227622e-06,2.946440417872509e-06,2.123530430253595e-05,1.0538188917053048e-06,6.554748688358814e-05,9.602754289517179e-06,5.470878932101186e-06,0.00030556978890672326,6.237659545149654e-05,1.1369561434548814e-05,0.00016198788944166154,1.4270334759203251e-05,0.0007760590524412692,1.1041744073736481e-05,1.3237580787972547e-05,2.5700566766317934e-05,1.3948076230008155e-05,5.726429208152695e-06,0.0002501269627828151,5.2875348046654835e-06,1.4848504179099109e-05,0.00020857155323028564,1.4518643638439244e-06,7.019330223556608e-05,7.201291737146676e-05,0.0002065995940938592,3.45993385053589e-06,1.7274849597015418e-05,1.1164082934556063e-05,4.772610554937273e-05,5.70717429582146e-06,7.720032044744585e-06,2.7963711545453407e-05,0.0001231762726092711,2.37276140069298e-06,4.730836735689081e-05,2.475632390996907e-05,2.3763161152601242e-05
201208,4.313100362196565e-05,4.105483185412595e-06,3.209259011782706e-05,0.00011063595593441278,4.331095624365844e-05,2.2318658011499792e-05,1.2688796232396271e-05,1.1657857612590306e-05,4.484362216317095e-05,3.532812843332067e-05,0.00012531131505966187,5.204312856221804e-06,0.0009192568832077086,2.005322130571585e-05,9.496512802797952e-07,5.543649604078382e-05,5.4585492762271315e-05,1.0309874596714508e-05,3.5437180940789403e-06,9.110367500397842e-06,4.104945219296496e-06,3.938006921089254e-05,8.333518053404987e-06,6.9991679083614144e-06,1.842541496444028e-05,4.537877248367295e-05,1.5402876670123078e-05,0.000336886674631387,1.7065973224816844e-05,7.811958312231582e-06,1.5530449672951363e-05,4.37983817391796e-06,0.00030757844797335565,1.4271248574004858e-06,0.00010026144445873797,8.807355698081665e-06,1.953281207534019e-05,3.591662971302867e-05,0.00012225307000335306,6.365202807501191e-06,4.0987775719258934e-05,8.095729754131753e-06,7.130148333089892e-06,4.606661241268739e-05,8.947090464062057e-06,3.059846221731277e-06,4.9144673539558426e-05,9.570252586854622e-06,3.834736344288103e-05,0.0001285588659811765,0.00021514209220185876,2.8416787245078012e-05,9.850122296484187e-06,1.2551792679005302e-05,8.296711712318938e-06,1.4065568393561989e-05,6.4560504142718855e-06,6.340219897538191e-06,1.4615396821682225e-06,5.664371656166622e-06,3.3192552564287325e-06,1.2854853594035376e-05,4.12544613936916e-05,2.5469444153713994e-05,1.1607909073063638e-05,8.595005056122318e-05,6.65462575852871e-05,0.0001738636929076165,0.00014765176456421614,7.611155888298526e-05,0.00012338075612206012,0.00013938682968728244,5.6476292229490355e-05,0.00010363152978243306,2.3711916583124548e-05,9.042862984642852e-06,2.2065749760713516e-07,9.013720955408644e-06,1.4147545925879967e-06,7.13622648618184e-05,1.3558800674218219e-05,1.0130863302038051e-05,0.00015497604908887297,5.048681850894354e-05,9.563765161146875e-06,0.000104076876596082,1.9107012121821754e-05,0.0006046444759704173,2.125642822647933e-05,1.2209582564537413e-05,1.5299106962629594e-05,1.2133004020142835e-05,3.317435812277836e-06,0.0002074380754493177,4.368283953226637e-06,1.2936319762957282e-05,0.00021062888845335692,6.400115580618149e-06,3.434889003983699e-05,6.757737719453871e-05,0.00020228759967722,3.0015644369996153e-06,1.5022092156868894e-05,1.9834111299132928e-05,2.3132539354264736e-05,4.71260455014999e-06,1.1869486115756445e-05,1.7945632862392813e-05,0.00012388323375489563,3.4071663321810775e-06,3.856968032778241e-05,1.9151751985191368e-05,2.6007846827269532e-05
201209,4.789152808371e-05,2.278281954204431e-06,1.9428498490015045e-05,0.00011065246508223936,3.915793786291033e-05,2.1700214347220026e-05,1.0536898116697557e-05,4.428958345670253e-05,5.949781552772038e-05,8.058620005613193e-05,9.599191253073514e-05,7.034922418824863e-06,0.0010858934838324785,2.3294915081351064e-05,3.2771808946563397e-06,2.2533462470164523e-05,5.8529858506517485e-05,8.843007890391164e-06,5.8226496548741125e-06,4.7055659706529696e-06,1.7055799617082812e-06,1.8069766156258993e-05,6.726687388436403e-06,4.585830083669862e-06,1.8713657482294366e-05,4.039466875838116e-05,1.3773037608189043e-05,0.0006778233801014721,8.175066795956809e-06,1.4283537893788889e-05,2.1399318939074874e-06,3.67452776117716e-06,9.867154585663229e-05,3.8603079701715615e-06,0.00010972640302497894,6.631308679061476e-06,6.210611900314689e-06,4.4803186028730124e-05,0.00011446388816693798,6.595265858777566e-06,3.188327173120342e-05,7.532951258326648e-06,8.671204341226257e-06,5.019373202230781e-05,9.163833965430968e-06,4.273105787433451e-06,1.3977316484670155e-05,1.5521549357799813e-05,6.893832323839888e-05,0.0001656357489991933,0.00022533556330017745,2.0392406440805644e-05,2.5173951144097373e-05,2.6187804905930534e-05,3.319763345643878e-05,1.2106225767638534e-05,5.8239952522853855e-06,1.498415440437384e-05,3.2897951314225793e-06,6.924716444700607e-07,7.0064215833554044e-06,2.548454904172104e-05,5.8391782658873126e-05,1.5248073395923711e-05,9.951158062904142e-06,0.00010787597420858219,0.00022355305554810911,0.00017077068332582712,6.092416515457444e-05,4.7339373850263655e-05,0.00027160861645825207,9.442774899071082e-05,3.9045124140102416e-05,3.628028935054317e-05,1.5322682884288952e-05,9.484072506893426e-06,7.614070796080341e-07,5.540437996387482e-06,2.0090947145945393e-06,7.620052201673388e-05,8.173594324034639e-06,1.0093189303006511e-05,9.53995986492373e-05,2.8422860850696452e-05,1.2324711860856041e-05,4.121804522583261e-05,3.1448642403120175e-05,0.0005460652755573392,2.1760188246844336e-05,1.307864295085892e-05,1.2976017387700267e-05,3.120930341538042e-05,3.279136080891476e-06,0.00010432863200549036,1.95004736269766e-06,1.901270297821611e-05,0.0002818281063809991,1.495280048402492e-05,2.0085602955077775e-05,0.0001519156649010256,0.00016548903658986092,2.040957951976452e-06,1.2930960110679734e-05,3.1196712370729074e-05,6.4902519625320565e-06,6.5858948801178485e-06,3.9834794733906165e-06,7.369408194790594e-06,7.23165794624947e-05,2.1530777303269133e-06,3.409969576750882e-05,3.656863918877207e-05,4.30744476034306e-05
201210,4.418570824782364e-05,3.522741280903574e-06,4.3104148062411696e-05,0.00011721570626832545,4.507264384301379e-05,2.8308137189014815e-05,9.032799425767735e-06,3.263168400735594e-05,3.322658085380681e-05,5.6956214393721893e-05,9.341651457361877e-05,9.449766366742551e-06,0.0012840611161664128,1.6973297533695586e-05,1.1494581713122898e-06,4.6684239350724965e-05,5.4460313549498096e-05,1.02464646261069e-05,2.073156792903319e-06,5.792788670078153e-06,4.370951501186937e-06,1.7787580873118713e-05,4.8038705244835e-06,7.812703188392334e-06,3.8313337427098304e-05,2.998682793986518e-05,1.0433987881697249e-05,0.00044403443462215364,1.2564732060127426e-05,8.332337529282086e-06,1.0865123840630986e-05,3.588505023799371e-06,3.642672163550742e-05,3.876642949762754e-06,0.0001189698523376137,7.664748409297317e-06,6.756900347681949e-06,3.152953286189586e-05,7.426623051287606e-05,2.3471282020182116e-06,4.6825040044495836e-05,6.01320380155812e-06,1.4040928363101557e-05,6.521035538753495e-05,1.3541660337068606e-05,1.7087558035200345e-06,2.6785217414726503e-05,8.829220860206988e-06,5.94723314861767e-05,0.00010417062730994076,0.0002135294198524207,3.0377350412891246e-05,5.1194623665651307e-05,2.6691213861340657e-05,2.5124325475189835e-05,1.4774235751247033e-05,5.58620604351745e-06,9.92730838333955e-06,5.755362053605495e-06,1.879298565654608e-06,4.006517428933876e-06,2.9702490792260505e-05,5.4355263273464516e-05,1.263742524315603e-05,8.566609722038265e-06,5.616437192657031e-05,6.063752880436368e-05,0.00016448154929094017,0.00010329770884709433,9.260684601031244e-05,0.0001965612464118749,7.83455980126746e-05,2.5745488528627902e-05,3.2566185836913064e-05,2.7160511308466084e-05,1.0007089258579072e-05,1.9482915831758874e-06,3.597741851990577e-06,1.6162491647264687e-06,6.399557605618611e-05,8.801213880360592e-06,1.0337501407775562e-05,4.579808592097834e-05,3.0335912015289068e-05,1.8335371350985952e-05,3.8372614653781056e-05,3.053065302083269e-05,0.0003634189779404551,2.0380002752062865e-05,2.044163557002321e-05,1.067973153112689e-05,1.6172081814147532e-05,4.330569481680868e-06,0.00012683063687290996,1.6335259260813473e-06,2.2173169782035984e-05,0.0003154819714836776,7.910727617854718e-06,2.2797214114689268e-05,0.00010025880328612402,0.0002155396359739825,2.7485507416713517e-06,1.4399473002413288e-05,2.2458336388808675e-05,1.639492438698653e-05,4.529352736426517e-06,6.127633696451085e-06,1.2519325537141412e-05,0.00015768833691254258,2.169608251278987e-06,6.363431748468429e-05,5.491464617080055e-05,2.494934778951574e-05
201211,5.362021329347044e-05,2.149404508600128e-06,4.52260828751605e-05,0.0003040941955987364,5.308390245772898e-05,5.3127107094042e-05,1.1818507118732668e-05,1.2798425814253278e-05,5.0832601118599996e-05,3.2418491173302755e-05,0.00010377618309576064,8.094359145616181e-06,0.0012067698407918215,1.1534408258739859e-05,1.173043301605503e-06,6.912997923791409e-05,8.041853288887069e-05,6.79843788020662e-06,1.4288365264292224e-06,8.670550414535683e-06,8.671941941429395e-06,4.432056812220253e-05,8.23032678454183e-06,2.7073022010881687e-06,0.00011480705143185332,3.5399702028371394e-05,1.059874557540752e-05,0.00022502834326587617,8.815215551294386e-06,9.886396583169699e-06,1.3793823200103361e-05,6.812508217990398e-06,2.1994273993186653e-05,2.9941384127596393e-06,0.00013528682757169008,7.6812575571239e-06,7.276352789631346e-06,3.720599852385931e-05,7.797421130817384e-05,3.988790012954269e-06,9.891072841128334e-05,8.359480489161797e-06,8.904179594537709e-06,6.349929026328027e-05,1.314587007072987e-05,4.471522061066935e-06,4.3110529077239335e-05,1.4051613106857985e-05,6.30962967989035e-05,0.00011964280565734953,0.0002324885135749355,3.4117925679311156e-05,3.489915616228245e-05,6.436248804675415e-05,1.5753754269098863e-05,1.2767594853357878e-05,1.7465425116824917e-05,8.636679922346957e-06,9.1940655693179e-06,3.890108928317204e-06,5.122233233123552e-06,4.922830703435466e-05,6.627409311477095e-05,1.5790003089932725e-05,4.183804321655771e-06,3.742664557648823e-05,2.947935354313813e-05,5.806441549793817e-05,0.00022815582633484155,0.00012864464952144772,8.188537321984768e-05,3.94503767893184e-05,2.766728721326217e-05,7.014825678197667e-05,2.627471440064255e-05,7.146249117795378e-06,4.384687144920463e-06,1.4450981325353496e-05,3.7307004276954103e-06,7.468997500836849e-05,6.570314781129127e-06,9.16941644391045e-06,0.0001144150664913468,4.575501225190237e-05,1.6970328942989e-05,0.00011266901128692552,2.42479673033813e-05,0.000442016200395301,2.98552058666246e-05,3.1905547075439245e-05,2.3365739252767526e-05,2.7490363208926283e-05,2.529687208152609e-06,4.409169196151197e-05,5.72970975554199e-06,1.7980131815420464e-05,0.0003761224797926843,2.840213937815861e-06,4.580183303914964e-05,0.00010740082507254556,0.00021545650088228285,1.819607859943062e-06,4.905539390165359e-05,1.900960887724068e-05,3.511372779030353e-05,1.320404317084467e-05,7.2911552706500515e-06,2.208620571764186e-05,0.00036622764309868217,3.877862582157832e-06,5.8154637372354046e-05,4.121249367017299e-05,2.535051135055255e-05
201212,5.112657891004346e-05,2.820225972754997e-06,3.0239862098824233e-05,0.0003043641918338835,6.62310267216526e-05,4.293572055757977e-05,2.6142317437916063e-05,1.976542807824444e-05,2.8557367841131054e-05,2.7921481887460686e-05,9.903965838020667e-05,4.304227786633419e-06,0.0012366308365017176,1.930117105075624e-05,9.834201364355977e-07,5.034016430727206e-05,5.29893659404479e-05,9.550073627906386e-06,1.659013946664345e-06,1.2408673683239613e-05,1.0328819371352438e-05,5.704519207938574e-05,1.0209066203969996e-05,1.1175359759363346e-05,7.717057451372966e-05,3.0809431336820126e-05,1.7565913367434405e-05,0.00024988403310999274,8.659005288791377e-06,1.479015190852806e-05,1.655219602980651e-05,8.738486940274015e-06,4.809288657270372e-05,6.010553079249803e-06,0.00011997656838502735,6.8629306042566895e-06,8.043432899285108e-06,1.9066927052335814e-05,6.727191066602245e-05,2.68986127593962e-06,8.222790347645059e-05,6.389534519257722e-06,1.2693692042375915e-05,4.836304287891835e-05,1.566829450894147e-05,2.0919339931424474e-06,4.109838846488856e-05,2.0599412891897373e-05,4.136635106988251e-05,0.00012324760609772056,0.00018813215137925,4.813113628188148e-05,9.244141438102815e-06,4.5136323024053127e-05,1.3120721632731147e-05,1.4093958270677831e-05,1.527154199720826e-05,9.046189916261937e-06,6.192659839143744e-06,2.04766433853365e-06,5.938822596363025e-06,6.810726335970685e-05,5.725987648474984e-05,2.011055221373681e-05,4.236674612911884e-06,2.478254828019999e-05,1.785078893590253e-05,6.72115565976128e-05,0.00023316153965424746,0.00017648685025051236,7.530440052505583e-05,3.7103640352142975e-05,2.3887496354291216e-05,4.888614421361126e-05,2.493453212082386e-05,1.1637705938483123e-05,4.50542898988715e-07,1.6191494069062173e-05,2.473363565513864e-06,7.627469312865287e-05,9.037789823196363e-06,8.307661119033583e-06,5.1401962991803885e-05,4.9572445277590305e-05,1.5768970115459524e-05,9.906508785206825e-05,1.9450812033028342e-05,0.0005691153928637505,5.189488365431316e-05,2.6143376089748926e-05,1.4739222933712881e-05,2.4647782993270084e-05,4.856879513681633e-06,4.655186421587132e-05,3.6979106425860664e-06,2.0515684809652157e-05,0.00027697053155861795,3.64525908480573e-06,5.259765748633072e-05,0.00011726105731213465,0.0002015394566114992,2.940074637081125e-06,5.8988549426430836e-05,1.3260830201033968e-05,1.6716046957299113e-05,9.076354217540938e-06,5.340928055375116e-06,2.188056350860279e-05,0.0002799570793285966,5.196564529796888e-07,6.747853331035003e-05,3.3804139093263075e-05,3.777477832045406e-05
201301,0.00011671094398479909,1.9255601728218608e-05,6.46400440018624e-05,0.0003888574428856373,0.00012110854004276916,4.990411252947524e-05,7.431967969750986e-05,5.818102363264188e-05,0.00010098375787492841,0.0002280522749060765,0.00024951613158918917,2.5421331883990206e-05,0.002697547897696495,4.785384953720495e-05,1.679196793702431e-05,0.00014901305257808417,0.00010858664609258994,3.22892919939477e-05,1.2817067727155518e-05,1.8426941096549854e-05,3.595962334657088e-05,6.681518425466493e-05,1.1193516002094839e-05,9.022105587064289e-06,0.0002976268879137933,6.395459058694541e-05,2.9703773179790005e-05,0.0005419505177997053,2.4736480554565787e-05,2.496954402886331e-05,7.357057620538399e-05,9.974641216103919e-06,0.00021204778749961406,1.8326545614399947e-05,0.00033258605981245637,3.455543992458843e-05,2.262357338622678e-05,9.435305400984362e-06,0.0001424210931872949,1.4469637790170964e-05,0.00019933520525228232,1.913799496833235e-05,4.113058457733132e-05,9.5910276286304e-05,4.3551208364078775e-05,5.543673523789039e-06,0.00010849837417481467,4.005169466836378e-05,0.0001995793718378991,0.00042932204087264836,0.0004883665242232382,0.000280145148281008,8.549943595426157e-05,0.0002187801874242723,5.097584653412923e-05,4.8866786528378725e-05,8.663738117320463e-05,3.2169260521186516e-05,1.1489848475321196e-05,1.894242814159952e-05,1.4420566913031507e-05,8.997768600238487e-05,0.00016938526823651046,0.00010332752572139725,4.910006464342587e-05,0.00014380455831997097,7.816468132659793e-05,0.0001518249191576615,0.0002987711050081998,0.00047242053551599383,0.0001139834857895039,0.00015870280913077295,4.6166966058081016e-05,0.00017275371646974236,8.764653466641903e-05,1.297688595514046e-05,6.564555860677501e-06,5.068535392638296e-05,1.2603441064129584e-05,0.00016682753630448133,4.363816697150469e-05,3.609442865126766e-05,0.0002627417561598122,0.0002613244578242302,6.405999738490209e-05,0.00021048265625722706,0.0001028997139655985,0.0012618134496733546,5.846536441822536e-05,5.245590364211239e-05,0.0001755031116772443,4.757369606522843e-05,2.4266964828711934e-05,8.025652641663328e-05,1.1240059393458068e-05,6.232177111087367e-05,0.000803364091552794,1.4157412806525826e-05,0.0001299589785048738,0.00037951197009533644,0.00046630165888927877,2.0752642740262672e-05,5.992426667944528e-05,7.291659130714834e-05,3.363237192388624e-05,1.819256976887118e-05,4.260484274709597e-05,7.406403892673552e-05,0.00028381813899613917,0.0,0.00013321249571163207,8.901202818378806e-05,0.00015452543448191136
201302,0.00016447239613626152,1.5803409041836858e-05,6.387934990925714e-05,0.0005116270040161908,0.00012593920109793544,1.6561185475438833e-05,5.137125481269322e-05,4.3621483200695366e-05,6.773252243874595e-05,0.00023184125893749297,0.0002862907713279128,1.3513845260604285e-05,0.0025204974226653576,3.614344313973561e-05,2.28401167987613e-05,6.012813173583709e-05,7.362466567428783e-05,6.250218575587496e-05,9.265477274311706e-06,2.1171250409679487e-05,4.516418630373664e-05,5.545553722186014e-05,1.7821193978306837e-05,9.286772183259018e-06,0.00023092365881893784,7.135397027013823e-05,1.972136124095414e-05,0.0005397455533966422,5.297386087477207e-05,9.459541615797207e-05,4.288624404580332e-05,5.764877187175443e-06,0.00016748593770898879,7.091464340192033e-06,0.00017199796275235713,3.324261342640966e-05,1.2322035217948724e-05,3.4351134672760963e-05,0.0001490914582973346,1.718172279652208e-05,0.00022462672495748848,2.620041777845472e-05,2.2139989596325904e-05,0.00011032854672521353,5.08359371451661e-05,7.653631655557547e-06,0.00014851657033432275,4.8664489440852776e-05,0.00017019917140714824,0.0003086178039666265,0.0004490845021791756,0.0003074294072575867,3.520163545545074e-06,9.133991989074275e-05,5.0188489694846794e-05,5.374037937144749e-05,6.997686432441697e-05,2.1174142602831125e-05,4.21092045144178e-06,1.1201949746464379e-05,1.7231150195584632e-05,0.0001069655263563618,0.0001547576830489561,6.925038178451359e-05,3.5836277675116435e-05,0.00011650930537143722,6.176525494083762e-05,0.00021061947336420417,0.00021006369206588715,0.0004903388908132911,0.00017858781211543828,0.0001682022848399356,8.37880652397871e-05,8.308447286253795e-05,1.9071112546953373e-05,3.180843486916274e-05,1.00012557595619e-05,4.102995808352716e-05,3.065554847125895e-05,0.0001830072869779542,2.516103268135339e-05,4.162213735980913e-05,0.00042064112494699657,0.0005862658144906163,5.32902377017308e-05,6.48189743515104e-05,9.804114233702421e-05,0.0010060433996841311,2.6779431209433824e-05,0.0001047636178554967,0.00015764780982863158,6.187274266267195e-05,2.6533656637184322e-05,5.4013693443266675e-05,1.957457061507739e-05,6.244870746741071e-05,0.0006860402645543218,9.676979971118271e-06,7.674322841921821e-05,0.0004958499921485782,0.0004259649431332946,2.0514771676971577e-05,7.357960566878319e-05,7.949394057504833e-05,1.2192933354526758e-05,8.008385520952288e-06,2.395749106653966e-05,3.517545701470226e-05,4.646733941626735e-05,0.0,8.019866800168529e-05,9.216638136422262e-05,6.990497786318883e-05
201303,0.00014626496704295278,1.5003245607658755e-05,5.5079024605220184e-05,0.0005262121558189392,0.00012314124614931643,5.141302244737744e-05,7.428291428368539e-05,7.320734584936872e-05,0.00012054140097461641,0.0002209688100265339,0.00016667104500811547,2.9469054425135255e-05,0.0026514390483498573,4.0768292819848284e-05,1.001742475637002e-05,0.00011776993778767064,8.588236960349604e-05,5.459450767375529e-05,1.0597010259516537e-05,2.7787364160758443e-05,1.958397842827253e-05,0.00012791187327820808,5.9314020290912595e-06,2.30966106755659e-05,0.0003103282069787383,5.3021653002360836e-05,2.955185846076347e-05,0.0005405521369539201,6.607345858355984e-05,5.503569991560653e-05,1.7699743693810888e-05,1.9805227566394024e-05,9.729895828058943e-05,1.0144529369426891e-05,0.0003243352402932942,5.431156023405492e-05,2.5757852199603803e-05,7.017367170192301e-05,0.00011341249773977324,2.1795634893351234e-05,0.0003002426237799227,1.484146650909679e-05,3.698732325574383e-05,0.00011439254740253091,4.3035750422859564e-05,5.02640068589244e-06,9.421438880963251e-05,6.304922135313973e-05,0.00015263078967109323,0.0002275013830512762,0.000510997895617038,0.00036316082696430385,7.983107934705913e-06,8.424273255513981e-05,9.226197289535776e-05,6.239965296117589e-05,5.479158789967187e-05,3.209044007235207e-05,1.770242852217052e-05,7.931096661195625e-06,1.726447226246819e-05,0.00014553937944583595,0.00014599031419493258,0.00010278703121002764,8.335003076354042e-05,0.00012452603550627828,9.25062777241692e-05,8.748117397772148e-05,0.0002448389132041484,0.0006243261741474271,0.00013778387801721692,0.00022948200057726353,5.36022889718879e-05,8.216406422434375e-05,6.21501385467127e-05,3.229361027479172e-05,5.13468989993271e-07,2.9586797609226778e-05,3.6691469631477958e-06,0.0001736800477374345,4.109455767320469e-05,3.662460221676156e-05,0.0002110807254211977,0.0007833217969164252,4.726871338789351e-05,0.0001756659767124802,8.447483560303226e-05,0.0010818904265761375,2.6065599740832113e-05,7.352981629082933e-05,0.00023228950158227235,5.755763777415268e-05,1.2186062122054864e-05,0.00011990771599812433,6.588975793420104e-06,3.953463237849064e-05,0.0005389205762185156,6.336714704957558e-06,9.333602793049067e-05,0.00033132400130853057,0.00048146856715902686,1.4777922842768021e-05,3.1532941648038104e-05,4.24619902332779e-05,3.343219214002602e-05,2.016008147620596e-05,1.3404242963588331e-05,6.972016126383096e-05,0.00022191382595337927,8.61857824929757e-06,0.00011959249968640506,0.0001759058068273589,0.0001355253189103678
201304,9.155736916000023e-05,5.232484909356572e-06,6.532290717586875e-05,0.0006260453374125063,0.0001648387551540509,1.997849904000759e-05,3.3054584491765127e-05,3.1612558814231306e-05,9.018421405926347e-05,0.0002549232158344239,0.00013088072591926903,3.707286305143498e-05,0.0025898320600390434,2.8395277695381083e-05,7.1217864388017915e-06,0.0001223793951794505,0.0001530291192466393,3.878505958709866e-05,5.016439899918623e-06,8.652507858641911e-06,5.4098480177344754e-05,7.311285298783332e-05,2.519665395084303e-05,8.875636558514088e-05,0.00012280432565603405,7.713093509664759e-05,1.316245015914319e-05,0.0006904336623847485,5.0043432565871626e-05,1.0998362995451316e-05,1.15779312181985e-05,1.887491816887632e-05,0.0002340915089007467,7.605631253682077e-06,0.00024136128195095807,2.6821557185030542e-05,3.8266050978563726e-05,4.977878688805504e-06,0.00013175747881177813,2.242830305476673e-05,0.00020113339996896684,1.0433100214868318e-05,4.8682479246053845e-05,8.458692900603637e-05,5.307655374053866e-05,8.822133167996071e-06,4.971620364813134e-05,6.539973401231691e-05,0.0002887945738621056,0.0002636544522829354,0.0003160836931783706,0.0002865044225472957,0.0,3.9731632568873465e-05,5.189348667045124e-05,6.0474296333268285e-05,5.176175181986764e-05,4.969756992068142e-05,1.585432983119972e-05,1.046905617840821e-05,1.2709826478385366e-05,0.00011672397522488609,0.00012616964522749186,6.11371870036237e-05,0.00010591936734272167,0.00012757355580106378,0.00014053309860173613,0.00016887164383661002,0.00016481343482155353,0.0005268435343168676,0.00014271131658460945,0.00013304776803124696,0.0002119532146025449,0.0003306333383079618,3.472126991255209e-05,6.73728436595411e-06,3.282535089965677e-06,3.7677717045880854e-05,6.007622687320691e-06,0.000222579954424873,3.1200237572193146e-05,5.302649879013188e-05,0.0002061595005216077,0.001020181691274047,0.00010392121475888416,0.00011126252502435818,0.00013164857227820903,0.0007316331029869616,2.1114892660989426e-05,0.00012481228623073548,6.585730443475768e-05,5.4108237236505374e-05,3.548249515006319e-05,0.0001952396414708346,6.819461759732803e-06,3.683234172058292e-05,0.0005852268659509718,2.2234995412873104e-05,2.1074662072351202e-05,0.0004682163707911968,0.0003568026586435735,4.037934104417218e-06,0.00012267530837561935,7.500381616409868e-05,4.415057446749415e-06,1.8421933418721892e-05,8.754529517318588e-06,4.238116889609955e-05,4.9009162466973066e-05,4.810198333871085e-06,9.075470006791875e-05,8.109745249385014e-05,0.00013436972221825272
201305,0.00015440983406733721,2.397668686171528e-05,3.617643960751593e-05,0.0002796627231873572,0.00013264580047689378,2.2202742911758833e-05,7.289665518328547e-05,5.418066939455457e-05,0.00014653001562692225,0.00022141200315672904,0.00011308868124615401,4.3000010919058695e-05,0.0024854945950210094,5.468991366797127e-05,6.292882517300313e-06,8.266999793704599e-05,0.0001484071690356359,4.361155515653081e-05,7.191007625806378e-06,3.3778283977881074e-05,2.4428387405350804e-05,3.7516485463129357e-05,1.3375728485698346e-05,2.6172348952968605e-05,0.00014993267541285604,6.577686144737527e-05,2.6904197511612438e-05,0.000737042457330972,1.6557960407226346e-05,4.387288208818063e-05,9.75447164819343e-06,1.7862967069959268e-05,0.0009188739932142198,1.2877757399110124e-05,0.0002463327837176621,3.087775257881731e-05,1.4820786418567877e-05,0.0,0.00015656508912798017,1.6557640265091322e-05,0.00011445987911429256,7.943656783027109e-06,5.1943377911811695e-05,8.716658339835703e-05,5.796359255327843e-05,8.070732292253524e-06,3.9231821574503556e-05,6.332917837426066e-05,0.00010508439299883321,0.0002153948153136298,0.00030537392012774944,0.00019369355868548155,1.1333409929648042e-05,6.366313755279407e-05,7.243664003908634e-05,2.9223157980595715e-05,5.212634277995676e-05,2.3868407879490405e-05,9.919314834405668e-06,9.977708941732999e-06,3.88125263270922e-05,0.00013214269711170346,0.00016860745381563902,0.00010335190017940477,7.76177694206126e-05,9.603444777894765e-05,0.00011140105925733224,0.00017890945309773088,4.0476432332070544e-05,0.00045793919707648456,0.0001107882198994048,0.00023479419178329408,0.0003869037900585681,0.0003027291386388242,4.935603647027165e-05,2.743267032201402e-05,0.0,1.9974664610344917e-05,3.763371205423027e-05,0.0001981665554922074,5.077592140878551e-05,3.1383744499180466e-05,0.00028941596974618733,0.0011395965702831745,5.854594201082364e-05,5.4397118219640106e-05,0.00014329193800222129,0.0007176040089689195,2.7910056815017015e-05,8.535402594134212e-05,7.069270213833079e-05,3.152214776491746e-05,2.4961595045169815e-05,0.0001578023802721873,2.4447690520901233e-05,1.6517173207830638e-05,0.0006086083012633026,2.9177469968999503e-06,2.547941039665602e-05,0.0004033304285258055,0.0002620960876811296,1.1806523616542108e-05,6.105468492023647e-05,5.328848055796698e-05,2.4301721168740187e-06,9.193550795316696e-06,1.4250525964598637e-05,3.0338511351146735e-05,3.579039184842259e-05,5.228043391980464e-06,0.00011440908565418795,0.00010807134822243825,7.265872409334406e-05
201306,0.00019374731346033514,5.824773325002752e-06,3.031875348824542e-05,0.0001948883436853066,0.00022271608759183437,6.274311999732163e-06,1.4889184058120009e-05,8.991982031147927e-05,0.00010161664977204055,0.00019372742099221796,0.00014077468949835747,6.273401959333569e-05,0.002254967112094164,4.8023364797700197e-05,8.829474609228782e-07,5.145760587765835e-05,0.0001403151691192761,4.3450134398881346e-05,9.692820412965375e-07,1.115175928134704e-05,2.099399898725096e-05,2.4455983293592e-05,6.861792826384772e-06,5.846904241479933e-05,5.706929005100392e-05,9.37539225560613e-05,2.9805780286551453e-05,0.0009454935789108276,1.1794224519690033e-05,6.212561129359528e-05,1.8497599739930592e-05,1.2470120964280795e-05,0.0006638971390202641,1.6078238331829198e-05,0.0001648005418246612,2.844106529664714e-05,1.4468822882918175e-05,2.277349449286703e-05,0.00013996296911500394,1.4521455341309775e-05,0.00012208722182549536,1.8737024220172316e-05,3.883533281623386e-05,4.236279346514493e-05,8.541074203094468e-05,3.739700105143129e-06,1.1192404599569272e-05,2.1875292077311315e-05,0.00024590076645836234,0.0002593804965727031,0.00011801095388364047,0.00025489809922873974,3.654894680948928e-05,4.6473174734273925e-05,4.419239121489227e-05,4.275997343938798e-05,4.336179335950874e-05,3.4163735108450055e-05,1.3231896446086466e-05,4.6944151108618826e-06,1.297073504247237e-05,8.76046615303494e-05,0.000117921968922019,0.00012169757974334061,5.723638241761364e-05,0.00016324310854543,0.00020521340775303543,0.00046314732753671706,4.132674803258851e-05,0.0003615816531237215,0.0002561984001658857,0.00020547857275232673,0.0003607574908528477,0.00024855625815689564,3.2814663427416235e-05,1.5156691915763076e-05,0.0,6.397513971023727e-06,1.5747695215395652e-05,0.0002289193798787892,2.4225068045780063e-05,2.6487530703889206e-05,0.00055936339776963,0.0008327523246407509,6.804223812650889e-05,5.218344813329168e-05,0.0002254978462588042,0.0005957583198323846,1.1466046998975798e-05,0.00018413727229926735,2.7610356482909992e-05,3.4887769288616255e-05,1.4827088307356462e-05,0.00011078125680796802,1.9994638932985254e-05,5.557689291890711e-06,0.00046383135486394167,9.356383088743314e-06,1.299220116379729e-06,0.0004285949107725173,0.0003528101369738579,7.33666684027412e-06,4.276122126611881e-05,8.561532013118267e-05,2.0654811123677064e-06,1.1544517292350065e-05,1.2465766303648707e-05,7.843242201488465e-06,1.7348329492961057e-05,9.04727403394645e-06,0.00010503515659365803,6.62940728943795e-05,0.00010687886242521927
201307,0.0001784160704119131,2.3880676963017322e-05,2.8519905754365027e-05,0.0011700266040861607,0.00022024674399290234,1.6371503079426475e-05,9.678143396740779e-05,0.00014782490325160325,9.405460878042504e-05,0.0002463806013111025,0.00016901807975955307,3.7076231819810346e-05,0.0024814466014504433,6.378615216817707e-05,6.78801870890311e-06,7.612066838191822e-05,6.0761401982745156e-05,6.084545748308301e-05,3.1301501621783245e-06,2.7891865101992153e-05,4.154988801019499e-06,9.339253665530123e-06,6.146353825897677e-06,9.72189923231781e-07,3.716354331118055e-05,2.978360680572223e-05,2.3103355488274246e-05,0.0009640750358812511,3.20146355079487e-05,5.364668686524965e-05,8.19161596155027e-06,3.8473839936159493e-07,0.001123952679336071,1.4346195712278131e-05,0.0001665776508161798,2.2612930479226634e-05,1.1003414329024963e-05,1.026033078233013e-05,0.0001567664003232494,1.5855343008297496e-05,5.8023269957629964e-05,1.3943419617135078e-05,3.750894029508345e-05,0.00014676102728117257,9.829756891122088e-05,6.29595888312906e-06,4.408336099004373e-05,1.9397990399738774e-05,0.00010132674651686102,0.00021841451234649867,0.00023088000307325274,0.00038564918213523924,0.0,3.598273542593233e-05,6.479550938820466e-05,2.776832479867153e-05,2.352165029151365e-05,1.1663375516945962e-05,2.514433435862884e-05,1.2469641660572961e-05,4.917109617963433e-05,5.980617424938828e-05,0.00020134681835770607,7.119555812096223e-05,5.192634489503689e-05,0.00016203314589802176,0.0003566606901586056,0.00031107556424103677,4.835451181861572e-05,0.00024109504010993987,0.00031911858241073787,0.0002763132215477526,0.00030510820215567946,0.00017765526717994362,3.38176942022983e-05,2.8699256290565245e-05,0.0,1.935506224981509e-05,2.4552577997383196e-06,0.00022611966414842755,4.1987656004494056e-05,2.84111374639906e-05,0.000261382112512365,0.0001571431348565966,8.775490277912468e-05,4.248677578289062e-05,0.00022621877724304795,0.0006879280554130673,4.469423583941534e-05,0.0001278758281841874,2.8853062758571468e-05,1.7891898096422665e-05,1.5988489394658245e-05,5.9354038967285305e-05,4.238327164785005e-05,5.927209713263437e-06,0.000458884343970567,1.0801057214848697e-05,3.8428806874435395e-06,0.00041160170803777874,0.0002877216611523181,1.2931895980727859e-06,3.679013025248423e-05,8.583160524722189e-05,1.978277623493341e-06,4.263744813215453e-06,3.898108388966648e-06,1.7652879250817932e-05,9.649166713643353e-06,6.312395271379501e-06,6.088968802941963e-05,0.00014364208618644625,0.00018663414812181145
201308,0.00017967108578886837,1.3945362297818065e-05,3.155762533424422e-05,0.0003888624778483063,0.00022426863142754883,1.455177607567748e-05,4.438735413714312e-05,5.923103526583873e-05,7.728505443083122e-05,0.0002997328992933035,0.00019541860092431307,2.123188642144669e-05,0.002467978512868285,6.314451457001269e-05,2.4693833893252304e-06,7.437036401825026e-05,0.0001169450260931626,5.632997999782674e-05,9.045819751918316e-06,9.4765182439005e-06,5.603930549114011e-05,2.039662649622187e-05,2.0302408302086405e-05,1.0651427146513015e-05,3.5324210330145434e-05,7.173865742515773e-05,3.1923733331495896e-05,0.0009103218908421695,4.172720218775794e-05,7.152620673878118e-05,1.581089418323245e-05,6.325756658043247e-06,0.0013711227802559733,6.466714694397524e-06,0.00013740664871875197,1.8611393898027018e-05,8.423512554145418e-06,0.0,0.00018406269373372197,1.8673459635465406e-05,5.321054777596146e-05,9.578317985869944e-06,2.9765415092697367e-05,0.00012157111632404849,5.483915447257459e-05,3.872365596180316e-06,3.425529212108813e-05,3.292742258054204e-05,0.0001583635894348845,0.00022746666218154132,0.00012078080180799589,0.0003032224776688963,1.201506529469043e-05,5.1909639296354726e-05,3.797887256951071e-05,3.5073866456514224e-05,2.9439814170473255e-05,3.256900527048856e-05,4.671564056479838e-06,1.9494638763717376e-05,2.7530208171810955e-05,8.667251677252352e-05,0.00015155371511355042,9.76052979240194e-05,5.885229256819002e-05,0.00014405156252905726,0.00028990890132263303,0.0004093537281733006,7.560157246189192e-05,0.00030443252762779593,0.0004110888403374702,0.00033607601653784513,0.00019345429609529674,0.0001162510525318794,3.23905551340431e-05,1.2149163012509234e-05,0.0,6.805749308114173e-06,2.327808715563151e-06,0.00019821649766527116,4.3562780774664134e-05,2.9718530640820973e-05,0.00027694558957591653,0.00025355411344207823,7.541060767835006e-05,4.643769352696836e-05,0.00021103063772898167,0.0005804828251712024,2.5381619707331993e-05,0.00018854360678233206,3.43465362675488e-05,3.6265049857320264e-05,1.0412430128781125e-05,9.828528709476814e-05,6.636659236392006e-05,1.228684777743183e-05,0.00043323379941284657,1.4195423318597022e-05,1.270301072509028e-05,0.0003849653876386583,0.00033197624725289643,1.3628249462271924e-06,5.306059028953314e-05,6.667806883342564e-05,1.0239826224278659e-05,5.634105036733672e-06,1.6773872630437836e-05,5.865838375029853e-06,3.0468523618765175e-05,1.4297993402578868e-06,0.00022805259504821151,8.096804231172428e-05,0.00017915201897267252
201309,0.00017605115135665983,1.186272220365936e-05,3.4384480386506766e-05,0.0004674856609199196,0.00018063395691569895,1.8321316019864753e-05,8.37747284094803e-05,0.00018836092203855515,7.303925667656586e-05,0.0002670776448212564,0.00024841775302775204,2.9804812584188767e-05,0.002351795556023717,5.791090370621532e-05,1.7439675730201998e-06,3.6468332837102935e-05,9.756298823049292e-05,5.2939270972274244e-05,1.0434190699015744e-05,8.381170118809678e-06,7.4129534368694294e-06,2.3074770069797523e-05,3.8850043893035036e-06,5.106966273160651e-05,3.103086419287138e-05,5.0783968617906794e-05,3.50043446815107e-05,0.001391181256622076,8.225523743021768e-06,5.382323797675781e-05,3.5356590615265304e-06,8.975978744274471e-06,0.0010786467464640737,5.476584647112759e-06,0.00014961708802729845,1.5305362467188388e-05,1.1360568350937683e-05,1.9368964785826392e-05,0.00022554628958459944,1.9070430425927043e-05,5.2810351917287335e-05,1.244099621544592e-05,2.7687487090588547e-05,0.0003016982809640467,8.528582111466676e-05,1.942012431754847e-06,6.154273432912305e-05,4.3567695684032515e-05,7.006146915955469e-05,0.00024002621648833156,0.00011709843238350004,0.0004242004652041942,2.4647338250360917e-06,6.529516394948587e-05,6.417400436475873e-05,3.783324427786283e-05,7.402999472105876e-05,6.02338659518864e-05,1.5308334695873782e-05,1.7472573745180853e-05,0.00011483126581879333,0.00011149010242661461,0.00014522677520290017,6.918141298228875e-05,9.248064452549443e-05,0.00029397846083156765,0.0005372036248445511,0.0004572946927510202,6.860612484160811e-05,0.0001422566274413839,0.00040195565088652074,0.0004141802783124149,0.00016996670456137508,0.00017542258137837052,2.2926014935364947e-05,1.1326233106956352e-05,0.0,2.4753500838414766e-05,1.537087155156769e-05,0.0002729123516473919,7.85239681135863e-05,4.1241968574468046e-05,0.00033462533610872924,0.00035666252369992435,7.541172089986503e-05,3.6303212255006656e-05,0.0002519256086088717,0.0005811874871142209,2.204746488132514e-05,0.00013601966202259064,2.0850657165283337e-05,3.981072222813964e-05,9.5386922112084e-06,0.00011777588952099904,8.086232264759019e-05,9.506760761723854e-06,0.00034428294748067856,1.8428205294185318e-05,5.24882807440008e-06,0.00033830810571089387,0.0004362091713119298,2.7614631108008325e-05,3.829155321000144e-05,7.392461702693254e-05,5.381540177040733e-06,5.6963658607855905e-06,1.151348897110438e-05,4.1087218960456084e-06,3.0318735298351385e-05,4.7362386794702616e-06,0.00020249906810931861,0.00016334954125341028,0.00010745022882474586
201310,0.00018066511256620288,1.1803406778199133e-05,3.2906118576647714e-05,0.0003679871733766049,0.00020695343846455216,5.594251888396684e-06,3.153557554469444e-05,7.554911280749366e-05,9.347098966827616e-05,0.00018328610167372972,0.00025080848718062043,2.8157775886938907e-05,0.0024164544884115458,5.7851408200804144e-05,7.40667474019574e-06,0.00013280172424856573,5.842149039381184e-05,2.3903854525997303e-05,9.05909942616745e-08,1.0170683708565775e-05,2.6074634661199525e-05,6.255061180127086e-06,7.013447884673951e-06,6.682988896500319e-05,5.48596799490042e-05,3.946918513975106e-05,2.82188175333431e-05,0.0012066364288330078,2.0261793906684034e-05,4.098396675544791e-05,1.2105235327908304e-05,1.63416598297772e-06,0.0011357683688402176,2.0014280380564742e-05,0.00017314802971668541,2.4154764105333015e-05,6.6896686803374905e-06,4.324000201449962e-06,0.00020193781529087573,1.4131114767224062e-05,3.0743747629458085e-05,1.3813923942507245e-05,4.26126534875948e-05,0.00018566343351267278,0.00010674641089281067,3.1625700103177223e-06,5.746782699134201e-05,2.9210184948169626e-05,7.456288585672155e-05,0.00021246017422527075,0.00018976913997903466,0.0002517601242288947,1.5601288396283053e-05,4.747940329252742e-05,4.5782639062963426e-05,2.4611597837065347e-05,2.3891592718428e-05,9.352203051093966e-06,6.882029992993921e-06,1.4888686564518139e-05,5.768624032498337e-05,7.175376231316477e-05,0.0001567127474118024,8.12938014860265e-05,2.510504418751225e-05,0.00030771270394325256,0.0002097769611282274,0.0005359156639315188,6.153772847028449e-05,0.00018714576435741037,0.000178687390871346,0.0002486836165189743,0.00024575641145929694,4.291260847821832e-05,4.5898759708506986e-05,2.674885035958141e-05,0.0,9.61116802500328e-06,7.0046389737399295e-06,0.00021810163161717355,6.741352990502492e-05,2.997799492732156e-05,0.00026302094920538366,0.0003449304786045104,8.472871559206396e-05,3.656584522104822e-05,0.00021509490034077317,0.000668546068482101,4.2218409362249076e-05,0.00016534315363969654,4.360367893241346e-05,1.7212380043929443e-05,3.296296563348733e-05,0.0001230836205650121,8.652935503050685e-05,1.4814438145549502e-05,0.0006186992977745831,3.298617457403452e-06,7.465958333341405e-06,0.0003251495654694736,0.00022936835011933,1.9817282009171322e-05,5.65353620913811e-05,0.00011141251161461696,6.550043963216012e-06,5.3040048442198895e-06,3.56495838786941e-05,1.4116392776486464e-05,2.530260280764196e-05,3.626658781286096e-06,9.497014252701774e-05,8.831165177980438e-05,0.00014949103933759034
201311,0.00014433186152018607,5.715807219530689e-06,2.6606978281051852e-05,0.00041713379323482513,0.0001875681191449985,9.133675121120177e-06,2.223764568043407e-05,7.722991722403094e-05,6.088572627049871e-05,0.00011708023521350697,6.190164276631549e-05,3.1583174859406427e-05,0.002574280370026827,3.789505353779532e-05,3.3361782243446214e-06,9.676262561697513e-05,0.0001180067120003514,3.3413820347050205e-05,6.083883477003837e-07,3.947841832996346e-06,3.824119403361692e-07,1.090726800612174e-05,8.368446287931874e-06,6.540281901834533e-05,4.612257907865569e-05,3.327647573314607e-05,4.840712335862918e-06,0.0009318456286564469,7.815963181201369e-05,6.145706720417365e-05,1.2344732567726169e-05,1.2241728654771578e-05,0.001147658214904368,8.572120350436307e-06,9.885472536552697e-05,1.217973476741463e-05,1.2365481779852416e-05,2.637977922859136e-05,0.00020985491573810577,2.2096159227658063e-05,6.541211769217625e-05,4.758314389619045e-06,4.958268618793227e-05,0.0001310189691139385,6.336540536722168e-05,1.1389351129764691e-05,4.714118767878972e-05,3.275795097579248e-05,8.610613440396264e-05,0.00018613311112858355,0.0003303757985122502,0.00019320171850267798,0.00015763060946483165,5.6455326557625085e-05,4.9922284233616665e-05,3.8494003092637286e-05,3.933445259463042e-05,1.3471094462147448e-05,3.4751067232718924e-06,2.0721357941511087e-05,1.0003011084336322e-05,4.77761568618007e-05,0.000178529488039203,7.05760539858602e-05,5.905261332372902e-06,0.00015916350821498781,0.00010695198579924181,0.0003107507945969701,3.862817902700044e-05,0.0003927137004211545,0.00019391252135392278,0.00022331836225930601,0.00030245157540775836,2.541974936320912e-05,4.017556057078764e-05,2.660116479091812e-05,5.880933258595178e-06,2.130845678038895e-05,8.98469897947507e-06,0.00016800628509372473,1.886402242234908e-05,1.4218587239156477e-05,4.9626207328401506e-05,0.0001139868181780912,9.285476699005812e-05,4.690154310083017e-05,0.00019959386554546654,0.0007481310167349875,4.964581967215054e-05,0.000296937272651121,5.4300424380926415e-05,2.2074067601352e-05,3.4571166906971484e-06,9.631898865336552e-05,0.00012058088759658858,1.2538061127997935e-05,0.0006432185764424503,1.7570049749338068e-05,7.192664270405658e-06,0.00029273939435370266,0.00042981788283213973,1.7916667047757073e-06,3.2973079214571044e-05,9.282971586799249e-05,1.249500837730011e-05,9.238558959623333e-06,7.2658540375414304e-06,7.780191481288057e-06,2.0217763449181803e-05,2.0468514776439406e-06,0.00019925030937884003,8.245810749940574e-05,8.860421075951308e-05
201312,0.00012680332292802632,9.600952580512967e-06,6.939254672033712e-05,0.00017527728050481528,0.0002277505409438163,7.63932075642515e-06,2.119006239809096e-05,9.898593998514116e-05,9.950416279025376e-05,0.00022604344121646136,5.2163337386446074e-05,4.493454616749659e-05,0.0024646385572850704,4.987470310879871e-05,1.2388023606035858e-05,8.462645928375423e-05,5.741017957916483e-05,2.5272116545238532e-05,3.338877377245808e-06,1.6213911294471473e-05,1.920299655466806e-05,2.3207399863167666e-05,1.1505469046824146e-05,5.2184612286509946e-05,2.9734117561019957e-05,5.3087052947375923e-05,2.8868302251794375e-05,0.0011831552255898714,2.6027597414213233e-05,5.899176903767511e-05,1.948016870301217e-05,1.2398019862303045e-05,0.0024385659489780664,1.3762251910520718e-05,0.0001557482173666358,3.843798367597628e-06,2.394285547779873e-05,2.1876394384889863e-05,0.00021012962679378688,2.094821320497431e-05,8.537616668036208e-05,1.8172986528952606e-05,3.643412492237985e-05,0.0001766410277923569,0.00014967695460654795,4.881052518612705e-06,2.784315074677579e-05,3.19613391184248e-05,6.810060585848987e-05,0.00025175747578032315,0.00025868104421533644,0.00013252519420348108,9.649932508182246e-06,8.419781079282984e-05,3.0420205803238787e-05,3.8464659155579284e-05,2.9878188797738403e-05,1.960557528946083e-05,3.7756883557449328e-06,2.570794640632812e-05,6.407285400200635e-05,5.5879962019389495e-05,0.0001577107614139095,7.13613408152014e-05,2.0972604033886455e-05,0.00021518112043850124,0.00023314490681514144,0.00032102601835504174,3.5670869692694396e-05,0.00020731770200654864,0.00041808545938692987,9.400925773661584e-05,0.00046253870823420584,3.595421731006354e-05,3.244099934818223e-05,5.958473138889531e-06,0.0,1.3649347238242626e-05,9.749722266860772e-06,0.00024146842770278454,2.559730455686804e-05,2.36330452025868e-05,8.785711543168873e-05,0.000210945654544048,8.981444261735305e-05,3.132522033411078e-05,0.0002245541982119903,0.0005457901861518621,6.741414108546451e-05,0.00017150847997982055,3.6952304071746767e-05,2.113553136950941e-06,2.2717918909620494e-05,0.00014706865476910025,0.00010764293983811513,1.5385401638923213e-05,0.000498936278745532,2.245505493192468e-05,1.2165200132585596e-05,0.0003412844962440431,0.00031118179322220385,1.1204589100088924e-05,4.581408211379312e-05,8.733873983146623e-05,1.52992633957183e-05,1.0051460776594467e-05,1.752169555402361e-05,1.7308269889326766e-05,3.193262455170043e-05,2.2166650524013676e-06,0.00010554343316471204,0.00012051533121848479,0.00020412183948792517
201401,2.9234823159640655e-05,1.4710002460560645e-06,7.002605343586765e-06,1.7036005374393426e-05,2.115092138410546e-05,1.7785087038646452e-06,1.904644705064129e-06,7.330180324061075e-06,1.462220461689867e-05,3.7966074160067365e-05,7.971878403623123e-06,3.769742306758417e-06,0.0006827393663115799,1.2875005268142559e-05,1.1501248309286893e-06,9.754552593221888e-06,1.4461777936958242e-05,2.6025406896224013e-06,7.927239380478568e-07,9.79975311565795e-07,2.321373131053406e-06,1.1466604519227985e-05,1.703344537418161e-06,1.8462507796357386e-05,7.307581654458772e-06,4.981017809768673e-06,6.507653779408429e-06,0.0003107834199909121,6.051361651771003e-06,1.043709744408261e-05,2.8885501706099603e-06,4.918271088172332e-07,0.00010086807742482051,3.879285486618755e-06,2.5750998247531243e-05,1.3338408280105796e-06,1.8075195384881226e-06,1.869398602138972e-06,5.4439085943158716e-05,3.1785277769813547e-06,6.71154248266248e-06,3.5916821161663393e-06,6.134106570243603e-06,4.5965836761752144e-05,2.834045335475821e-05,5.684055395249743e-07,3.891895630658837e-06,8.607829840912018e-06,2.9393590011750348e-05,6.760239921277389e-05,6.889804353704676e-05,1.7412708984920755e-05,1.8866558093577623e-06,2.772972220554948e-05,7.097767138475319e-06,6.681196282443125e-06,7.409782938339049e-06,6.702338396280538e-06,2.726050524870516e-06,4.3773971469818207e-07,2.6065104066219646e-06,3.686710897454759e-06,2.6964997232425958e-05,6.960422979318537e-06,7.663532414881047e-06,3.9783495594747365e-05,2.792951272567734e-05,7.759789878036827e-05,3.4207948829134693e-06,1.388445798511384e-05,4.919207640341483e-05,5.273340775602264e-06,3.137536987196654e-05,5.9051067182736006e-06,5.882291588932276e-06,1.8789829709930927e-06,2.5736827069522406e-07,1.942110884556314e-06,3.3658810139058915e-07,4.7571680624969304e-05,6.302635938482126e-06,7.68991230870597e-06,1.1134094165754505e-05,4.174737478024326e-05,2.025708272412885e-05,5.61230717721628e-06,5.2347844757605344e-05,0.00011356990580679849,3.5983371162728872e-06,1.385854102409212e-05,8.313992111652624e-06,2.3916181817185134e-06,5.131586931383936e-06,1.957599670276977e-05,9.122147275775205e-06,6.454947651945986e-06,0.0001455800811527297,1.1186789379280526e-06,4.5927881728857756e-06,4.8901860282057896e-05,8.604152390034869e-05,1.281642198591726e-06,5.37317146154237e-06,1.1122868272650521e-05,2.221132490376476e-06,1.6934247923927614e-06,2.027128857662319e-06,3.962049049732741e-06,3.2185018881136784e-06,1.2152104318374768e-06,1.4718409147462808e-05,2.4076332920230925e-05,3.120314431726001e-05
201402,2.879052044590935e-05,2.1052758256701054e-06,7.085857760102954e-06,1.5870413335505873e-05,2.5491430278634652e-05,8.268475539807696e-07,1.4625983340010862e-06,9.44664679991547e-06,1.4920208741386887e-05,2.678009150258731e-05,2.426904984531575e-06,4.006775270681828e-06,0.0006821876741014421,1.603628697921522e-05,1.681183334767411e-06,1.5864592569414526e-05,5.785645953437779e-06,3.3095157050411217e-06,1.3928038242738694e-06,1.2240888054293464e-06,4.354895281721838e-06,1.2157046512584202e-05,1.4184635119818267e-06,2.4246382963610813e-05,2.2196747977432096e-06,5.097719622426666e-06,4.516168246482266e-06,0.0003609225095715374,1.5091017075974378e-06,1.0276296961819753e-05,2.085827645714744e-06,1.0336532341170823e-06,0.00012402729771565646,3.98175779992016e-06,3.911613021045923e-05,2.0149147985648597e-06,2.0002728433610173e-06,5.509722541319206e-06,4.9969217798206955e-05,2.456846686982317e-06,4.951074515702203e-06,1.2215242577440222e-06,6.438572199840564e-06,2.52559402724728e-05,2.7174357455805875e-05,7.553248337899277e-07,3.533937842803425e-06,5.821534614369739e-06,2.5476740120211616e-05,6.04253655183129e-05,5.808004061691463e-05,1.6936512110987678e-05,3.6951375932403607e-06,2.089795088977553e-05,5.844611223437823e-06,5.378682999435114e-06,7.170542630774435e-06,4.276571871741908e-06,1.5643121287212125e-06,1.965657702385215e-06,4.07186416850891e-06,3.1403428693010937e-06,2.580945147201419e-05,8.209007319237571e-06,1.3302560546435416e-05,3.687001662910916e-05,2.907991802203469e-05,7.590128370793536e-05,4.557246029435191e-06,1.2820772099075839e-05,3.3376054489053786e-05,2.4418779958068626e-06,2.1686071704607457e-05,3.9485648812842555e-06,7.470443051715847e-06,1.1092653267041896e-06,7.32228571109772e-08,1.3569883776654024e-06,3.165356474710279e-07,4.950479342369363e-05,7.791894859110471e-06,4.92218669023714e-06,1.5218665794236585e-05,3.9174217818072066e-05,2.0634395696106367e-05,5.742464963987004e-06,4.8101199354277924e-05,0.00010719418060034513,6.223795026016887e-06,1.8215845557278953e-05,6.650772775174119e-06,2.3579439130116953e-06,6.6960974436369725e-06,2.4250133719760925e-05,1.530538975202944e-05,6.671129995083902e-06,0.00014500437828246504,1.2676966889557661e-06,1.0233325156150386e-05,2.786655204545241e-05,8.313786383951083e-05,2.716932158364216e-06,1.1298210665700026e-05,9.981474249798339e-06,3.332135918299173e-07,1.3576769788414822e-06,2.4439718799840193e-06,1.2780988072336186e-06,7.765605005261023e-06,4.031616072097677e-07,1.353817879135022e-05,1.9427807274041697e-05,2.738958937698044e-05
201403,2.004225279961247e-05,2.108225771735306e-06,4.202729542157613e-06,1.672164762567263e-05,2.1614652723656036e-05,2.76334458249039e-06,1.3593374887932441e-06,1.2572438208735548e-05,8.672328476677649e-06,2.954566116386559e-05,6.702776317979442e-06,5.809444701299071e-06,0.0006736082141287625,1.47732434925274e-05,1.1172518270541332e-06,1.3244188266980927e-05,7.172506684582913e-06,6.002865575283067e-06,1.102234932659485e-06,1.7730538957039244e-06,1.7833050378612825e-06,4.720727247331524e-06,5.3074023753652e-07,6.95109338266775e-06,3.2465579806739697e-06,3.6449762319534784e-06,1.4160896171233617e-06,0.00032860631472431123,2.872729282898945e-06,1.0061575267172884e-05,5.296670224197442e-06,2.4885334823920857e-06,0.0001268205523956567,1.2533610060927458e-06,2.6803327273228206e-05,1.581932792760199e-06,1.5003480484665488e-06,2.586632717793691e-06,5.3928608394926414e-05,2.147981604139204e-06,6.029409632901661e-06,1.1006297881976934e-06,5.322855940903537e-06,3.0097071430645883e-05,2.2087153411121108e-05,5.981907520435925e-07,2.5727802039909875e-06,3.833164555544499e-06,2.538489206926897e-05,5.62674758839421e-05,6.0334721638355404e-05,2.7270003556623124e-05,9.68785479926737e-06,2.6147274184040725e-05,1.0027076314145233e-05,4.114840521651786e-06,6.954486252652714e-06,7.219144663395127e-06,1.3654736221724306e-06,2.695065404623165e-06,5.211016741668573e-06,4.777905814989936e-06,2.6179402993875556e-05,1.052196603268385e-05,1.2994834833079949e-05,4.577480649459176e-05,3.593424480641261e-05,8.398873615078628e-05,7.7062404670869e-06,9.072735338122584e-06,4.552388782030903e-05,4.367555902717868e-06,1.3995861991134007e-05,4.2812384890567046e-06,6.368225513142534e-06,2.1765390556538478e-06,1.646363756435676e-07,1.0007228183894767e-06,2.4207377009588527e-06,4.455917951418087e-05,1.050945411407156e-05,4.595305199472932e-06,9.458061867917422e-06,3.904211916960776e-05,2.3924309061840177e-05,4.906862159259617e-06,5.0494971219450235e-05,0.00012123199121560901,6.522188868984813e-06,1.9880068066413514e-05,5.2832492656307295e-06,2.179944431190961e-06,1.6648908058414236e-05,2.3745731596136466e-05,7.509812803618843e-06,5.773281827714527e-06,0.0001460161292925477,2.6941593205265235e-06,2.794721012833179e-06,2.9972450647619553e-05,8.019131928449497e-05,1.305830210185377e-06,7.650166480743792e-06,6.093066986068152e-06,2.0583900095516583e-06,6.136605179563048e-07,3.2154143809748348e-06,3.15304760079016e-07,7.4351146395201795e-06,6.922201833958752e-08,1.6441259504063055e-05,2.720946395129431e-05,4.404628634802066e-05
201404,2.603076609375421e-05,2.308456714672502e-06,3.896326234098524e-06,2.552240403019823e-05,1.764919034030754e-05,1.6258114783340716e-06,4.971016096533276e-07,8.003716175153386e-06,9.59206408879254e-06,2.6711759346653707e-05,7.890349479566794e-06,5.212062205828261e-06,0.0006645615794695914,1.3894145013182424e-05,8.900622674445913e-07,1.9680688637890853e-05,4.294567588658538e-06,7.738089152553584e-06,2.95322450938329e-07,1.4162600336931064e-06,2.5113881747529376e-06,4.977303888153983e-06,1.7390173070452875e-06,1.617576890566852e-05,2.2114027160569094e-06,4.453891051525716e-06,3.3303322197753005e-06,0.0002883518463931978,4.437597908690805e-06,1.4272294720285572e-05,2.7407563720771577e-06,1.3758724435319891e-06,0.0005308928084559739,6.699353320982482e-07,3.9461312553612515e-05,3.5590032894106116e-06,1.6477640656376025e-06,5.768595201516291e-06,5.8316240028943866e-05,1.0418444844617625e-06,8.618207175459247e-06,1.3001383649680065e-06,8.26229097583564e-06,2.388937537034508e-05,2.9369453841354698e-05,1.0040777169706416e-06,2.155036781914532e-06,6.999890047154622e-06,3.78343065676745e-05,6.356095400406048e-05,8.237440488301218e-05,1.0929747986665461e-05,2.237753733425052e-06,1.5977793736965396e-05,7.947757694637403e-06,7.69151210988639e-06,8.56369297252968e-06,2.635793634908623e-06,9.915303280649823e-07,1.249884007847868e-06,7.600960543641122e-06,2.6267164230375784e-06,3.516381184454076e-05,1.4281769836088642e-05,1.6446630979771726e-05,2.1923642634646967e-05,2.9703212931053713e-05,7.213658682303503e-05,9.649301318859216e-06,1.6287151083815843e-05,1.6817890355014242e-05,2.92200979856716e-06,1.4099704458203632e-05,3.1494453196501127e-06,5.120074547448894e-06,1.569073219798156e-06,3.0704509867973684e-07,2.4941311949078226e-06,8.869457133187097e-07,4.914166856906377e-05,6.669492904620711e-06,5.217407760937931e-06,1.3036027667112648e-05,4.105113839614205e-05,2.2729436750523746e-05,7.403014933515806e-06,5.536754906643182e-05,0.00015008682385087013,4.1821472223091405e-06,2.0481980754993856e-05,8.338352927239612e-06,2.6735413030110067e-06,3.649497557489667e-06,2.4638378818053752e-05,9.569404028297868e-06,8.604983122495469e-06,0.00018038961570709944,1.7929889963852474e-06,3.749773213712615e-06,3.0506387702189386e-05,7.131201709853485e-05,2.489566895746975e-06,7.074613222357584e-06,6.565654985024594e-06,3.8559742279176135e-06,5.684099164682266e-07,2.3385782697005197e-06,2.104625764332013e-06,2.8524393655970925e-06,7.465003477591381e-07,1.0764691978693008e-05,2.2927044483367354e-05,1.1900703611900099e-05
201405,2.5889654352795333e-05,1.74878721281857e-06,3.798083525907714e-06,2.4572866095695645e-05,2.5058345272555016e-05,1.819335466279881e-06,1.377040462102741e-06,1.0020607078331523e-05,7.945442121126689e-06,3.004647442139685e-05,6.26185510554933e-06,4.260820333001902e-06,0.0006569279357790947,1.19441547212773e-05,2.3801635506970342e-06,1.4406369700736832e-05,3.442580918999738e-06,4.663763775170082e-06,9.096121971197135e-07,1.561659473736654e-06,2.7018315904570045e-06,3.6951732909074053e-06,2.6533089112490416e-06,1.853622234193608e-05,1.75604736796231e-06,4.1646239878900815e-06,2.4685728021722753e-06,0.0001976525818463415,5.07472395838704e-06,1.784647975000553e-05,5.677310127794044e-06,3.98354416120128e-07,0.00029532177723012865,1.6176970802916912e-06,2.1909281713305973e-05,1.7939566987479338e-06,8.071039019341697e-07,6.129114353825571e-06,6.4974301494658e-05,1.470688061999681e-06,7.081158400978893e-06,1.5922914826660417e-06,8.294759936688934e-06,1.3098300769343041e-05,3.447597555350512e-05,1.496671302447794e-06,3.2810974062158493e-06,3.866552560793934e-06,3.385460513527505e-05,5.239556048763916e-05,7.016667223069817e-05,9.15672990231542e-06,1.4423591210288578e-06,9.246038644050714e-06,6.506876161438413e-06,5.582009180216119e-06,1.1273910786258057e-05,3.6938852190360194e-06,5.542727649299195e-06,2.0775846678589005e-06,3.2809650747367414e-06,3.2563682452746434e-06,2.2843942133476958e-05,2.300973574165255e-05,2.8951671993127093e-06,2.5213754270225763e-05,2.38407556025777e-05,7.458993059117347e-05,6.1698583522229455e-06,3.9702776120975614e-05,3.5776720324065536e-05,3.327890681248391e-06,1.671013524173759e-05,4.8358670028392226e-06,8.890307981346268e-06,3.9995247789192945e-06,0.0,7.853170131966181e-07,1.6185636013688054e-06,5.091652201372199e-05,8.883078407961875e-06,4.87312945551821e-06,8.634785444883164e-06,3.0226796297938563e-05,2.7031304853153415e-05,7.191694294306217e-06,5.87315735174343e-05,0.0001520755613455549,4.976693162461743e-06,2.397400930931326e-05,1.2013521882181522e-05,2.5257379547838354e-06,1.7735080746206222e-06,1.8251323126605712e-05,8.206307029468007e-06,9.068256986211054e-06,0.00014865996490698308,1.5947264273563633e-06,7.608824034832651e-06,1.756867641233839e-05,8.91024392331019e-05,1.8471710063749924e-06,7.317324616451515e-06,6.393203875632025e-06,7.385684170913009e-07,2.261811005155323e-06,4.354842076281784e-06,1.878906118690793e-06,4.6764157559664454e-06,1.3200963167037116e-06,2.1294363250490278e-05,4.2489707993809134e-05,1.6552323359064758e-05
201406,2.6973202693625353e-05,1.189984232041752e-06,3.3674507449177327e-06,2.0167321054032072e-05,2.794766623992473e-05,1.9851709112117533e-06,1.8167204416386085e-06,5.126538781041745e-06,8.997260920295957e-06,2.3618084014742635e-05,5.3792164180777036e-06,3.110417765128659e-06,0.0006534543354064226,7.137758984754328e-06,2.837582997017307e-06,2.460729047015775e-05,1.3704197044717148e-05,5.083060841570841e-06,1.630724568713049e-06,4.6019886212889105e-06,4.5714277803199366e-06,3.1095792110136244e-06,3.648988013082999e-06,1.6865667930687778e-05,4.049788003612775e-06,4.467354756343411e-06,7.200444542831974e-07,0.00015881347644608468,3.0195180897862883e-06,1.6783178580226377e-05,6.939650120330043e-06,1.7846090258899494e-06,0.00035830505657941103,4.489569619181566e-06,2.8492548153735697e-05,3.7794434319948778e-06,1.33574042138207e-06,4.006466497230576e-06,5.282094207359478e-05,1.4038434983376646e-06,8.652246833662502e-06,1.2592794291776954e-06,7.881976671342272e-06,1.824689570639748e-05,3.4012377000181004e-05,6.942048003111267e-07,1.5035033129606745e-06,1.0959324754367117e-05,2.8392099920893088e-05,4.392241680761799e-05,8.280405018012971e-05,9.413945008418523e-06,1.0172424254051293e-06,1.705497743387241e-05,5.300929842633195e-06,9.51182209973922e-06,7.5073103289469145e-06,3.0638507269031834e-06,3.357904233780573e-06,2.0166451122349827e-06,1.5126605603654752e-06,2.946706672446453e-06,2.6221874577458948e-05,1.7963069694815204e-05,7.995247869985178e-06,2.19435114559019e-05,2.5111952709266916e-05,5.2083629270782694e-05,5.9698486438719556e-06,5.416932253865525e-05,3.5398923500906676e-05,3.6047110825165873e-06,1.4887386896589305e-05,5.166143182577798e-06,1.0563596333668102e-05,2.0987413336115424e-06,2.472205551384832e-07,2.4311066226800904e-06,3.4659001357795205e-07,4.7094908950384706e-05,7.084632670739666e-06,4.740085842058761e-06,8.779071322351228e-06,2.876856888178736e-05,0.00012102369510103017,8.373106538783759e-06,5.936158777331002e-05,0.0001753967662807554,6.110074082243955e-06,2.720922748267185e-05,1.0145568012376316e-05,3.541590558597818e-06,9.123777999775484e-07,1.805121064535342e-05,5.684447842213558e-06,4.293108304409543e-06,0.00016624879208393395,4.667761572818563e-07,6.593230864382349e-06,2.524952287785709e-05,7.301451842067763e-05,6.681880222458858e-07,7.572171853098553e-06,7.014533821347868e-06,1.8886454427047283e-06,8.156666240211052e-07,9.759573003975675e-06,1.0966754189212224e-06,1.8365207097303937e-06,3.9103139215512783e-07,1.624792093934957e-05,6.540681351907551e-05,7.516120149375638e-06
201407,2.0713328922283836e-05,2.1267044303385774e-06,2.3716384021099657e-06,1.8640499547473155e-05,2.3541870177723467e-05,1.9675769635796314e-06,9.149258062279841e-07,6.874744485685369e-06,1.0180355275224429e-05,2.2184332920005545e-05,6.487379323516507e-06,4.773637556354515e-06,0.0006336853257380426,9.301913451054133e-06,1.1499233778522466e-06,1.6813080947031267e-05,6.750799457222456e-06,2.970663217638503e-06,3.671118520287564e-07,4.15877502746298e-06,4.571134013531264e-06,2.4149151158781024e-06,2.514994093871792e-06,1.761105886544101e-05,4.201963292871369e-06,3.4021634292003e-06,3.125706825812813e-06,0.00014033586194273084,3.111322712356923e-06,2.1081044906168245e-05,6.264570401981473e-06,8.201654964068439e-07,0.00013807461073156446,3.3565499961696332e-06,2.5022716727107763e-05,1.773960661921592e-06,1.8653033748705639e-06,1.9106018953607418e-06,6.89247390255332e-05,1.247378122570808e-06,7.465157068509143e-06,1.3792628124065232e-06,8.921286280383356e-06,1.781688661139924e-05,3.656175613286905e-05,1.2696860949290567e-06,1.5450958699148032e-06,8.466020517516881e-06,3.324244971736334e-05,4.857486055698246e-05,8.73730459716171e-05,9.278235665988177e-06,3.2878037927730475e-06,1.5240037100738846e-05,5.473558303492609e-06,9.163698450720403e-06,9.604636943549849e-06,4.08871619583806e-06,3.755312036446412e-06,1.6636025748084649e-06,1.871168933575973e-06,1.965595174624468e-06,2.6058864023070782e-05,1.606991281732917e-05,3.3558376344444696e-06,2.1271676814649254e-05,3.442176239332184e-05,4.147772051510401e-05,6.09345579505316e-06,6.399177073035389e-05,2.401644451310858e-05,3.6784736039408017e-06,1.0062766705232207e-05,6.789931376260938e-06,8.942726708482951e-06,6.551109663632815e-07,5.217629706066873e-08,1.5533585155935725e-06,1.7342804312647786e-06,4.9471047532279044e-05,7.790017662046012e-06,5.811747996631311e-06,1.289474039367633e-05,2.576577026047744e-05,0.00013675593072548509,9.566857443132903e-06,5.826887718285434e-05,0.00017443949764128774,3.267625061198487e-06,2.659799974935595e-05,1.1312384231132455e-05,3.3830174288596027e-06,2.8791000659111887e-06,1.5824132788111456e-05,4.686959528044099e-06,4.288501713745063e-06,0.0001749763760017231,8.458343359052378e-07,4.277787866158178e-06,2.0846469851676375e-05,6.496657442767173e-05,1.7063433688235818e-06,7.906848622951657e-06,1.3081900760880671e-05,3.7417796647787327e-06,1.3838589438819326e-06,7.967332749103662e-06,9.64114178714226e-07,2.277312432852341e-06,0.0,2.666851651156321e-05,5.606231570709497e-05,1.4415149962587748e-05
201408,2.072984352707863e-05,1.2496444696807885e-06,3.7411537050502375e-06,1.7455147826694883e-05,3.477137943264097e-05,1.727988319544238e-06,7.938117505545961e-07,6.892370493005728e-06,1.4236480637919158e-05,2.6789331968757324e-05,9.597516509529669e-06,4.4621151573664974e-06,0.0006226642872206867,1.2269213584659155e-05,1.018116904560884e-06,3.14402423100546e-05,8.513528882758692e-06,4.3888494474231265e-06,3.369675880549039e-07,3.683308705149102e-06,2.475867404427845e-06,2.3466243419534294e-06,1.5549927638858208e-06,1.1958073628193233e-05,5.19002878718311e-06,2.657856384757906e-06,2.6251771032548277e-06,9.194936137646437e-05,1.2108216651540715e-05,1.5286432244465686e-05,3.7666497973987134e-06,5.740266715292819e-07,0.0001993451442103833,2.2522608560393564e-06,2.1768855731352232e-05,2.715194113989128e-06,1.375679744342051e-06,1.5598410755046643e-05,7.137053034966812e-05,1.08543451915466e-06,1.9178165530320257e-05,1.5296744777515414e-06,6.679494617856108e-06,2.0747453163494356e-05,4.214086220599711e-05,2.269224751216825e-06,3.0310070542327594e-06,1.5877763871685602e-05,3.2154763175640255e-05,4.725385952042416e-05,6.787405436625704e-05,1.233359580510296e-05,3.7617246562149376e-07,2.3632028387510218e-05,5.922568107052939e-06,6.528781341330614e-06,1.4598403140553273e-05,3.5225866668042727e-06,4.4668090595223475e-06,6.727547656737443e-07,2.6475324830244062e-06,1.5553519006061833e-06,1.9119996068184264e-05,1.8245291357743554e-05,3.542856120475335e-06,2.3650376533623785e-05,3.541083060554229e-05,4.0661088860360906e-05,6.1320565691858064e-06,6.461196608142927e-05,2.4452263460261747e-05,5.488700935529778e-06,1.874894769571256e-05,1.0404253771412186e-05,3.979678695031907e-06,2.224772515546647e-06,3.7257254348332935e-07,1.9116973817290273e-06,8.812374403532885e-07,3.808128894888796e-05,8.97728659765562e-06,2.323001353943255e-06,2.511122147552669e-05,2.596564809209667e-05,0.00011843656102428213,7.436767191393301e-06,5.136695835972205e-05,0.00020214056712575257,3.8036462228774326e-06,3.5110540920868516e-05,1.0244344593957067e-05,3.394638952158857e-06,2.309519459231524e-06,1.6914740626816638e-05,6.444546670536511e-06,3.294521093266667e-06,0.00015234733291435987,1.6707587064956897e-06,6.642280254709476e-07,1.7591002688277513e-05,8.877274376573041e-05,1.7061635162463062e-06,6.2355015870707575e-06,8.381742190977093e-06,4.200170224066824e-06,1.875761540759413e-06,5.214793418417685e-06,7.344129926423193e-07,8.771529792284127e-06,0.0,2.8670949177467264e-05,4.887015529675409e-05,2.4872026187949814e-05
201409,2.285489608766511e-05,1.915541133712395e-06,2.7196733753953595e-06,1.7688265870674513e-05,3.2252057280857116e-05,2.02289447770454e-06,8.784542160356068e-07,4.370355782157276e-06,9.825158485909924e-06,2.294467958563473e-05,1.0409548849565908e-05,5.354374025046127e-06,0.0006494086119346321,7.115359949239064e-06,8.896167855709791e-07,1.7512804333819076e-05,1.44035320772673e-05,3.053185537282843e-06,5.309938160280581e-07,4.358756996225566e-06,2.328648861293914e-06,3.3422991236875532e-06,2.333621978323208e-06,5.692651939170901e-06,5.381905793910846e-06,4.877986157225678e-06,3.0427872843574733e-06,0.00013858570309821516,4.125687610212481e-06,1.586734470038209e-05,4.508347956289072e-06,2.35940069615026e-06,0.00021188538812566549,7.082718980200298e-07,4.4678883568849415e-05,2.364535248489119e-06,1.4212132555257995e-06,3.124243903585011e-06,7.533893221989274e-05,3.205308075848734e-06,7.151257250370691e-06,1.964735247383942e-06,7.1532840593135916e-06,1.9526729374774732e-05,4.048869959660806e-05,1.5295421462724335e-06,2.255014805996325e-06,7.891230779932812e-06,2.5804694814723916e-05,5.992638398311101e-05,9.098800364881754e-05,5.47015224583447e-06,1.6725107343518175e-06,2.3583492293255404e-05,7.594897397211753e-06,8.449874258076306e-06,1.267901825485751e-05,2.086402218992589e-06,5.659914677380584e-06,5.208903530729003e-06,1.966782747331308e-06,3.6728335999214323e-06,2.7795045753009617e-05,1.2054715625708923e-05,4.558266937237931e-06,1.3404362107394263e-05,3.065672717639245e-05,5.2164712542435154e-05,9.004526873468421e-06,6.135383591754362e-05,2.0098090317333117e-05,3.905965058947913e-06,1.5183216419245582e-05,8.4545908975997e-06,9.67149026109837e-06,7.606490726175252e-07,3.706472568865138e-07,2.1996029317961074e-06,1.5093955880729482e-06,4.633617936633527e-05,5.482039796333993e-06,3.638575435616076e-06,1.7557951650815085e-05,2.093301372951828e-05,0.00012210522254463285,7.357641152339056e-06,5.253985364106484e-05,0.0001677703985478729,5.168740244698711e-06,2.5681396436993964e-05,1.0168037078983616e-05,3.814380306721432e-06,2.6433856419316726e-06,2.2691583581035957e-05,6.059536644897889e-06,5.586273800872732e-06,0.00018996070139110088,3.928046680812258e-06,2.253639650007244e-06,1.781272112566512e-05,8.061943663051352e-05,2.6785623958858196e-06,6.877752639411483e-06,5.152412541065132e-06,1.583741891408863e-06,1.518103545095073e-06,2.263238002342405e-06,2.1039909370301757e-06,5.644446900987532e-06,0.0,3.570183253032155e-05,5.690694524673745e-05,1.873817564046476e-05
201410,1.6970352589851245e-05,7.103014922904549e-07,1.560870941830217e-06,9.058497198566329e-06,3.061842289753258e-05,2.7036389838031027e-06,3.897330032032187e-07,3.716958190125297e-06,1.084515497495886e-05,2.1580501197604463e-05,4.241760052536847e-06,4.41575230070157e-06,0.0007256089011207223,7.061333235469647e-06,1.5279332501449971e-06,4.431349952938035e-05,7.645655387022998e-06,5.183403118280694e-06,4.2218954376949114e-07,8.936771678236255e-07,5.334475645213388e-06,5.160218279343098e-06,2.258507720398484e-06,1.1458601875347085e-05,5.997289918013848e-06,2.9707396151934518e-06,7.09463051862258e-07,6.730408495059237e-05,3.833483333437471e-06,1.8021812138613313e-05,2.258335371152498e-06,6.658399342995835e-07,4.983541293768212e-05,2.2221202016226016e-06,4.017899846076034e-05,5.463281013362575e-06,1.828497943279217e-06,5.468888957693707e-06,6.899848813191056e-05,1.257762050954625e-06,1.246221290784888e-05,2.716675226110965e-06,7.636035661562346e-06,2.3994223738554865e-05,4.1398594476049766e-05,2.2312194687401643e-06,2.364898364248802e-06,1.0268575351801701e-05,4.0256287320517004e-05,7.2390292189084e-05,5.472149496199563e-05,1.8930291844299063e-05,3.944216132367728e-06,3.146385643049143e-05,7.680654562136624e-06,7.808139343978837e-06,1.3631247384182643e-05,3.767372845686623e-06,1.142776818596758e-05,2.0101122117921477e-06,4.540011104836594e-06,3.125135435766424e-06,2.4227651010733098e-05,3.389158518984914e-05,4.196075224172091e-06,2.9816133974236436e-05,2.766775833151769e-05,4.65046578028705e-05,6.651651801803382e-06,6.918371946085244e-05,5.137933840160258e-06,5.215618330112193e-06,2.07307002710877e-05,4.680526672018459e-06,4.5527590373239946e-06,6.523588353957166e-07,1.3348635263810138e-07,8.657394232614024e-07,1.088682324734691e-06,5.358798443921842e-05,8.654854354972485e-06,2.929087941083708e-06,2.456173751852475e-05,1.5914187315502204e-05,0.00010359975567553192,1.2216390132380184e-05,5.791922376374714e-05,0.0001966545096365735,3.796612872974947e-06,3.5293174732942134e-05,1.120063734560972e-05,7.572932190669235e-06,9.763953130459413e-07,3.586029924917966e-05,2.5651634132373147e-06,1.5369954553534626e-06,0.0001517869532108307,2.2183655801200075e-06,1.8643481780600268e-06,1.9521268768585287e-05,8.469938620692119e-05,2.607759142847499e-06,7.487945367756765e-06,2.209336707892362e-05,1.9291062471893383e-06,5.124824156155228e-07,1.3087434354019933e-06,1.2697375950665446e-06,1.7143880540970713e-05,0.0,4.605015419656411e-05,3.4311102353967726e-05,1.3755275176663417e-05
201411,2.3467022401746362e-05,1.8577263745100936e-06,1.334234752903285e-06,9.40795689530205e-06,3.175723759341054e-05,2.038833599726786e-06,9.729063776831026e-07,5.551284630200826e-06,1.0166811989620328e-05,2.4728651624172926e-05,8.003141374501865e-06,4.877477749687387e-06,0.0006943799671716988,6.488890448963502e-06,2.476573854437447e-06,3.2393108995165676e-05,6.346541795210214e-06,2.270728373332531e-06,0.0,2.091325768560637e-06,2.6973157218890265e-06,3.149729764118092e-06,1.998768084376934e-06,1.4298555470304564e-05,3.5033328913414152e-06,3.916123660019366e-06,1.3660451259056572e-06,4.9865582695929334e-05,6.0032934925402515e-06,5.514030362974154e-06,3.4966635666933144e-06,8.291950166494644e-07,3.097677472396754e-05,1.1091248097727657e-06,4.293494566809386e-05,2.4720434339542408e-06,3.471373020147439e-06,7.568098681076663e-06,7.374890992650762e-05,3.047139443879132e-06,2.0884512196062133e-05,1.9487486042635283e-06,5.2482387218333315e-06,2.2199143131729215e-05,4.0686343709239736e-05,1.4523004665534245e-06,1.6659321318002185e-06,1.4969078620197251e-05,5.0679991545621306e-05,8.365158282686025e-05,6.348639726638794e-05,2.1591071345028467e-05,1.1567984984139912e-05,2.26412812480703e-05,6.629557901760563e-06,1.0992952411470469e-05,1.58424700202886e-05,3.889453182637226e-06,2.2752350560040213e-05,1.4326442396850325e-06,3.6486230783339124e-06,4.7940679905877914e-06,2.6683061150833964e-05,1.3920661331212614e-05,6.125795607658802e-06,2.429401320114266e-05,3.089423989877105e-05,4.898611950920895e-05,6.740723620168865e-06,6.143176142359152e-05,9.760204193298705e-06,5.12286305820453e-06,1.5237785191857256e-05,4.6267937250377145e-06,9.281072379963007e-06,2.0043198674102314e-06,0.0,3.706950337800663e-07,6.377621843967063e-07,5.210999370319769e-05,5.889945896342397e-06,2.4569285415054765e-06,2.367278648307547e-05,2.087385109916795e-05,0.00010425061191199347,6.9235275077517144e-06,5.676329237758182e-05,0.0001974986371351406,4.743286808661651e-06,2.241052243334707e-05,1.026906193146715e-05,7.871904927014839e-06,6.669502568001917e-07,4.365137283457443e-05,2.9168643322918797e-06,2.9567574983957456e-06,0.00012321655231062323,1.4278624576036236e-06,3.433616484471713e-06,1.758445614541415e-05,7.989662844920531e-05,1.1737207614714862e-06,5.448773663374595e-06,1.9372120732441545e-05,2.188250164181227e-06,1.1928088952117832e-06,2.4610169475636212e-06,6.034205739524623e-07,2.3918224542285316e-05,0.0,2.92979948426364e-05,4.6977387683000416e-05,2.0687239157268777e-05
201412,2.0858244170085527e-05,1.304351030739781e-06,3.416206027395674e-06,9.243463864549994e-06,2.44271031988319e-05,1.694929437690007e-06,1.3403499679043307e-06,3.583940042517497e-06,9.100802344619296e-06,1.9822120520984754e-05,7.89035766501911e-06,7.152198122639675e-06,0.0006133366841822863,1.277184856007807e-05,1.2584486057676258e-06,3.2425585231976584e-05,4.625603651220445e-06,2.896741534641478e-06,6.478008458543627e-07,2.0381423837534385e-06,2.8398915219440823e-06,4.191868811176391e-06,1.7625083046368673e-06,5.604337729891995e-06,1.7727506929077208e-06,4.4770627027901355e-06,1.1212608796995482e-06,4.522365270531736e-05,7.78119374444941e-06,8.109349437290803e-06,3.508791451167781e-06,1.2832709899157635e-06,2.929894981207326e-05,2.5181204819091363e-06,2.2644029741059057e-05,2.888489007091266e-06,3.3415205962228356e-06,4.153559984843014e-06,8.246219658758491e-05,1.4374513739312533e-06,2.1328316506696865e-05,2.0095785657758825e-06,5.765967671322869e-06,1.9015762518392876e-05,5.286534360493533e-05,1.692261548669194e-07,3.68214318768878e-06,2.8601787107618293e-06,4.190331674180925e-05,8.585150499129668e-05,5.5536325817229226e-05,2.7561742172110826e-05,8.073184289969504e-07,2.4130411475198343e-05,8.951047675509471e-06,8.906912626116537e-06,8.869110388332047e-06,3.978121185355121e-06,1.3901625607104506e-05,2.393617023699335e-06,9.221561754202412e-07,3.5169507555110613e-06,2.1580806787824258e-05,2.5105458917096257e-05,4.4967446228838526e-06,1.806887667044066e-05,3.7200359656708315e-05,2.9804310543113388e-05,2.5400272534170654e-06,6.535513239214197e-05,5.218652859184658e-06,5.9039493862655945e-06,3.238200952182524e-05,4.201605861453572e-06,3.879183168464806e-06,3.458698927261139e-07,0.0,2.82742462331953e-06,1.0449720093674841e-06,5.319764750311151e-05,5.241051894699922e-06,2.9163195449655177e-06,1.4770485904591624e-05,2.032358679571189e-05,0.00010893347644014284,8.921111657400616e-06,6.505752389784902e-05,0.00011170119978487492,4.434849870449398e-06,1.7231994206667878e-05,8.377223821298685e-06,4.45338537247153e-06,2.234697376479744e-06,4.397195516503416e-05,3.2447239846078446e-06,3.395236944925273e-06,0.0001584497804287821,1.6200533536903095e-06,2.511186721676495e-06,2.0184153981972486e-05,9.332517947768793e-05,5.614816132037959e-07,6.0707270677085035e-06,9.014419447339606e-06,1.43502450100641e-06,1.986448069146718e-06,2.107846285070991e-06,7.93583922131802e-07,2.022375338128768e-05,0.0,2.848939948307816e-05,4.9201804358744994e-05,1.1651305612758733e-05
201501,0.00020908843725919724,0.0,0.0,0.00020463445980567485,0.0004039153573103249,4.1942799725802615e-05,0.0,0.0001232741487910971,2.1811105398228392e-05,0.00014373683370649815,0.0,0.0,0.004585579968988895,0.00013784243492409587,0.0,0.0006128502427600324,0.0002385920670349151,2.5179599560942734e-06,0.0,1.368768516840646e-05,3.392762300791219e-05,2.3412509108311497e-05,5.480011532199569e-05,0.00018426250608172268,9.218973900715355e-06,4.465688471100293e-05,2.766266516118776e-05,0.0007130091544240713,9.621144272387028e-05,0.0001838919270085171,0.0,0.0,0.0020792593713849783,5.052485357737169e-05,0.00045299221528694034,0.0,0.00011436296335887164,0.0,0.0006759510724805295,3.852180816465989e-05,0.00028776918770745397,0.0,0.0001258211414096877,0.0002361859369557351,0.0003684342955239117,0.0,3.2047024433268234e-05,0.00010286486940458417,0.0003690531593747437,0.0005641430616378784,0.00035245466278865933,0.0004135316121391952,0.0,0.00039208782254718244,0.00025123622617684305,4.6532855776604265e-05,0.00015286081179510802,4.7324789193226025e-05,0.00014548822946380824,1.724113099044189e-05,0.0,0.00023573475482407957,0.00023853998573031276,0.00047233430086635053,6.792865315219387e-05,0.00032255452242679894,0.00017982226563617587,0.0005314137088134885,0.00019048110698349774,0.0010793926194310188,0.00014219596050679684,0.00016402231995016336,0.0005844768020324409,8.281815826194361e-05,0.00019299934501759708,0.0,0.0,0.0,2.2134910977911204e-05,0.0005134603707119823,9.418752597412094e-05,0.00021716253831982613,0.0002920336846727878,0.00034487919765524566,0.0005960178095847368,0.00018787450972013175,0.0004559434892144054,0.001076968153938651,4.98394547321368e-05,0.00025379317230544984,0.00013963732635602355,0.00019922287901863456,0.0,0.0005352403386496007,6.244399264687672e-05,9.187482646666467e-06,0.0010223672725260258,4.820284084416926e-05,2.776873043330852e-05,0.000270462449407205,0.0008233768166974187,0.0,8.3865679698647e-06,0.00019683287246152759,4.691880167229101e-05,0.0,4.7902103688102216e-05,0.0,2.4646733436384238e-05,1.4198782309904345e-06,8.605176844866946e-05,0.00010620392276905477,0.0002447698498144746
201502,0.00024203979410231113,6.527591904159635e-05,2.7504953322932124e-05,0.00025412457762286067,0.0004560411616694182,1.9058597899856977e-06,0.0,0.0,3.191882206010632e-05,0.0003223313542548567,0.00014800007920712233,0.0,0.004205431789159775,9.646161925047636e-05,0.0,0.00046886433847248554,0.0002387985441600904,1.726072332530748e-05,0.0,0.0,2.4195895093725994e-05,0.00011848756548715755,2.8839061997132376e-05,0.00013355736155062914,1.8789127352647483e-05,4.0311486372957006e-05,3.998055763076991e-05,0.0007561508100479841,0.0,0.0002336947654839605,7.215703226393089e-05,0.0,0.0008325214730575681,6.0495200159493834e-05,0.0005035173380747437,0.0,9.200845670420676e-05,0.0,0.0006057153805159032,8.523594260623213e-06,0.0002152253146050498,9.506865899311379e-05,5.9481732023414224e-05,0.0002882115659303963,0.00032487328280694783,1.8967895812238567e-05,0.00011847284622490406,5.805948967463337e-05,0.00022866429935675114,0.0005342129152268171,0.000299875158816576,0.0005082489224150777,0.0,0.00021405908046290278,0.00014848490536678582,4.89420817757491e-05,0.00018621319031808525,2.1784200725960545e-05,0.0001973799371626228,0.0,0.0,0.00024805855355225503,0.00035407996620051563,0.0004409550747368485,8.742819773033261e-05,0.00010004187060985714,0.0002282892819494009,0.0005612603272311389,0.00012183139187982306,0.0008967361063696444,0.00017895818746183068,0.0001983937545446679,0.00044445940875448287,9.112191764870659e-05,0.00012653993326239288,0.0,0.0,0.0,0.0,0.0004860386543441564,9.321122342953458e-05,0.0002172265521949157,0.0003868997737299651,0.0002256591251352802,0.0006126834196038544,0.0001071579972631298,0.00042101042345166206,0.000911290233489126,4.505215474637225e-05,0.00028444858617149293,0.00019699287076946348,0.00015507351781707257,1.886775680759456e-05,0.000401271041482687,6.744846905348822e-05,0.0,0.0013023903593420982,5.648187652695924e-05,6.849937199149281e-05,0.00025564682437106967,0.0004789612430613488,3.2113021006807685e-05,0.00011179076682310551,8.117929246509448e-05,4.6292181650642306e-05,7.407933935610345e-06,6.331848271656781e-05,9.146112461166922e-06,1.8303735487279482e-05,9.82606479738024e-07,0.00025062993518076837,0.00011139053094666451,0.00013234367361292243
201503,0.0003612646250985563,0.0,3.3153000913443975e-06,0.0001930679427459836,0.0004276151303201914,5.6835986470105127e-05,0.0,5.003782280255109e-05,5.774485180154443e-05,0.00035049126017838717,9.197929466608912e-05,4.064758832100779e-05,0.004019864369183779,6.207239493960515e-05,0.0,0.00040145122329704463,0.00020125180890318006,3.305024074506946e-05,0.0,1.8258639101986773e-05,0.0002822632377501577,3.204252789146267e-05,1.8797409211401828e-05,0.00021466823818627745,7.486977119697258e-05,4.3992225982947275e-05,5.749492265749723e-05,0.000705336278770119,6.771123298676684e-05,0.00020841736113652587,0.0,0.0,0.0015668089035898447,1.7366017345921136e-05,0.00039578526047989726,7.782344619045034e-05,7.81778508098796e-05,7.171414381446084e-06,0.0004877824685536325,0.0,0.0002795474138110876,4.700325371231884e-05,4.9140446208184585e-05,0.0001929059362737462,0.00045557841076515615,0.0,6.995468720560893e-05,0.0001505908148828894,0.00024466091417707503,0.00037709096795879304,0.00023071189934853464,0.0006805916782468557,0.0,0.00043499129242263734,0.0002203208568971604,0.0001368224766338244,0.00014266115613281727,5.0594429922057316e-05,3.518781522870995e-05,1.7398526324541308e-05,0.0,9.132873674388975e-05,0.00021462063887156546,0.0004218237299937755,6.113264680607244e-05,0.00021213534637354314,0.00025268419994972646,0.0004842642811127007,0.00010376151476521045,0.0008930101757869124,3.463799293967895e-05,0.00014320726040750742,0.0004788425867445767,0.00016293111548293382,0.00022392073879018426,0.0,0.0,0.0,0.0,0.00045680528273805976,0.00010620964894769713,0.00010609687160467729,0.0003171451680827886,0.0005787145346403122,0.0006499157170765102,0.00015886228356976062,0.0004995684721507132,0.0009254583856090903,4.533070750767365e-05,0.000243604343268089,0.00012426592002157122,0.00021304748952388763,0.0,0.00034655589843168855,7.97225657152012e-05,0.0,0.0009730835445225239,6.59842262393795e-05,0.0,0.00042930306517519057,0.0007105956901796162,7.044528956612339e-06,9.694272739579901e-05,7.497013575630262e-05,3.926748831872828e-05,6.755491085641552e-06,6.639045022893697e-05,7.3359028647246305e-06,0.0001613142085261643,0.0,0.0001119461448979564,0.00011001259554177523,0.0001596856745891273
201504,0.0002275241567986086,0.0,4.1487382986815646e-05,0.00033079623244702816,0.000392753048799932,0.0,0.0,4.913018346996978e-05,1.2149224858148955e-05,0.00020094194042030722,8.674703713040799e-05,0.0,0.004862771835178137,0.00013082186342217028,0.0,0.0004408103122841567,0.00043785592424683273,0.0,0.0,0.0,0.00015072833048179746,8.244544005719945e-05,0.0,0.0001312161039095372,3.2493480830453336e-05,2.1671679860446602e-05,1.860780866991263e-05,0.0006857980624772608,9.836905519478023e-06,0.00013014984142500907,3.665993790491484e-05,0.0,0.0007262562867254019,2.812881939462386e-05,0.0002640139136929065,0.0,4.014941441710107e-05,0.0,0.0005999182467348874,0.0,0.0001203273786813952,0.00015798996901139617,5.1057726523140445e-05,0.00028828109498135746,0.00028922001365572214,0.0,8.156877447618172e-05,0.00012202768994029611,0.00026299155433662236,0.0004858652246184647,0.0002078195393551141,0.0004803606716450304,0.0,0.00031537908944301307,0.00016575284826103598,0.00010869711695704609,0.00021180530893616378,6.1037148952891584e-06,6.69963555992581e-05,0.0,0.0,3.3788503060350195e-05,0.0002913190983235836,0.00039921075222082436,0.00010821329487953335,0.00021686172112822533,0.0004129825683776289,0.0005812893505208194,0.00013092915469314903,0.0007687658071517944,8.729180262889713e-05,0.0001136986757046543,0.0005037252558395267,0.0001632438215892762,0.0002902750566136092,0.0,0.0,0.0,0.0,0.0005723786307498813,0.00010121764353243634,9.222919470630586e-05,0.00026699539739638567,0.00043782315333373845,0.0008051223121583462,0.00027938286075368524,0.0005106861353851855,0.0006627646507695317,5.223861080594361e-05,0.0003096523869317025,0.00014556950191035867,0.00013592488539870828,0.0,0.0004235676024109125,0.00010922172077698633,0.0,0.001321636838838458,2.505201700842008e-05,4.4921296648681164e-05,0.0003393334336578846,0.0004156349168624729,0.0,0.00010381676838733256,0.00011381384683772922,0.00010107520211022347,4.912556687486358e-05,4.1787614463828504e-05,0.0,0.0,0.0,0.00011251023533986881,0.00013499763736035675,0.00010623904381645843
201505,0.00032496824860572815,1.6204125131480396e-05,6.562849739566445e-05,0.00029638787964358926,0.000468902726424858,0.0,0.0,0.0,4.033219738630578e-05,0.00022895248548593372,3.799350815825164e-05,0.0,0.005081055220216513,0.00014377581828739494,1.965529372682795e-05,0.0006041642627678812,0.00028330498025752604,6.375790690071881e-05,0.0,0.0,0.00023061958199832588,4.537027780315839e-05,0.0,0.0001633698702789843,7.121651287889108e-05,3.308359737275168e-05,3.785860462812707e-05,0.0005940493429079652,0.0,0.00016406226495746523,2.3420223442371935e-05,3.5413635487202555e-05,0.001698582898825407,7.477211329387501e-05,0.0003229264111723751,6.163195212138817e-05,9.10118906176649e-05,0.0,0.000702990626450628,0.0,9.871866495814174e-05,8.502282435074449e-05,3.538933742674999e-05,0.00023401436919812113,0.0003553051210474223,0.0,9.021408186526969e-05,6.0959871916566044e-05,0.00014112642384134233,0.0006310372264124453,0.00018233437731396407,0.00045457639498636127,0.0,0.0003796567616518587,0.0001296216360060498,5.950513150310144e-05,0.00011716673179762438,5.225498171057552e-05,0.00012596065062098205,3.038783324882388e-05,1.667745345912408e-05,0.0,0.00039109576027840376,0.00029876065673306584,2.8887528969789855e-05,0.0002093869843520224,0.0002584672183729708,0.0004948154673911631,0.0001248537009814754,0.000758606125600636,0.00020723474153783172,0.00017835649487096816,0.00042288415716029704,0.0001599179522600025,0.00017790694255381823,0.0,0.0,6.594851583940908e-05,0.0,0.0006519801099784672,8.304846414830536e-05,0.0001802304177545011,0.000256264116615057,0.00012527791841421276,0.000625993765424937,9.66966399573721e-05,0.0003824122832156718,0.00045709902769885957,1.622833042347338e-05,0.00021142674086149782,4.454774170881137e-05,0.00015145307406783104,2.0335923181846738e-05,0.000514551589731127,2.206564568041358e-05,0.0,0.001163487322628498,2.774607128230855e-05,1.636053275433369e-05,0.0004338481812737882,0.0005927489837631583,0.0,0.00017114404181484133,0.00024197809398174286,9.53974958974868e-05,0.0,7.580205419799313e-05,0.0,0.00013056694297119975,0.0,0.0001728511997498572,0.00011067857121815905,6.576791929546744e-05
201506,0.00022585563419852406,1.1169116987730376e-05,6.391925126081333e-05,0.00019507895922288299,0.0004751595261041075,1.3932892215962056e-05,0.00010343829490011558,2.826573654601816e-05,5.270731708151288e-05,0.0004260580171830952,9.123825293499976e-05,2.7014079023501836e-05,0.005001830868422985,0.00013970266445539892,0.0,0.0005832146853208542,0.0001645364536670968,1.2092151337128598e-05,0.0,0.0,3.0366505598067306e-05,0.0,1.0258242582494859e-05,0.00019695950322784483,6.928820948814973e-05,5.613671964965761e-05,6.871565710753202e-05,0.0006229542777873576,0.0,0.00020942209812346846,4.979139703209512e-05,0.0,0.0020060681272298098,3.954221756430343e-05,0.0002093220391543582,0.00010478373587829992,7.970602746354416e-05,0.0,0.0005709342076443136,2.876009966712445e-05,8.464263373753056e-05,7.737366831861436e-05,8.862886897986755e-05,0.00025200785603374243,0.0004016987804789096,0.0,0.0,0.0001425879745511338,0.00019888646784238517,0.00041010126005858183,0.00034933522692881525,0.0005689375684596598,0.0,0.0004071194853167981,0.00019586244889069349,6.781475531170145e-05,0.00023868981224950403,6.72636233502999e-05,8.280614565592259e-05,0.0,0.0,1.3848177331965417e-05,0.00037273415364325047,0.00026707188226282597,1.6293855878757313e-05,0.0003220981452614069,0.00028251507319509983,0.0007017398602329195,9.244309330824763e-05,0.000949032895732671,9.887242777040228e-05,0.00014229142107069492,0.00040806992910802364,4.3968422687612474e-05,0.0002662040351424366,0.0,0.0,3.4811702789738774e-05,3.184354136465117e-05,0.0005074056098237634,0.00017314072465524077,4.078902929904871e-05,0.00030028101173229516,0.0003589661791920662,0.0006738523952662945,0.00012371361663099378,0.00047566721332259476,0.0003988158132415265,8.6946702140267e-06,0.00015757833898533136,5.82052452955395e-05,6.499894516309723e-05,0.0,0.0005898213130421937,0.0001903019001474604,0.0,0.0009226283873431385,4.0475206333212554e-05,5.5948446970433e-05,0.0004744706384371966,0.0005297444295138121,0.0,0.00014423701213672757,2.5219860617653467e-05,5.461673572426662e-05,6.32238297839649e-05,3.269594526500441e-05,5.2396590035641566e-05,7.425963849527761e-05,1.2488872016547248e-05,0.00031363379093818367,0.00015442456060554832,0.00010968410060741007
201507,0.00036166145582683384,0.0,0.0,0.0002068477333523333,0.0003721358662005514,5.6885299272835255e-05,0.0,0.0,0.0,0.0004296351398807019,8.328519470524043e-05,0.0,0.0046788728795945644,0.00010726740583777428,0.0,0.00025831491802819073,0.00032792933052405715,0.0,0.0,2.0636209228541702e-05,3.768801980186254e-05,0.00010657246457412839,0.0,0.00022630993044003844,2.4313756512128748e-05,3.964985080529004e-05,0.000543896690942347,0.0005664618220180273,0.0,0.0002008662704611197,0.00011539765546331182,0.0,0.0004225533630233258,2.1553765691351146e-05,0.0004910047282464802,0.0,4.0032049582805485e-05,0.0,0.0007601057295687497,0.0,0.00010664493311196566,5.403758768807165e-05,4.845516741625033e-05,0.00021485677279997617,0.00043324384023435414,0.0,7.733430538792163e-05,0.00010393738193670288,0.00018186471424996853,0.0007467674440704286,0.00027692553703673184,0.0004013867874164134,0.0,0.0005560809513553977,0.0002604781184345484,0.00013464453513734043,7.432992424583063e-05,3.4352633520029485e-05,4.6696648496435955e-05,1.7373715309076943e-05,0.0,2.2630274543189444e-06,0.0005946063320152462,0.0002785608812700957,5.1438099035294726e-05,0.00030158873414620757,0.0004037099133711308,0.0006309207528829575,5.784983659395948e-05,0.0006237078341655433,9.865920583251864e-05,0.00015368135063908994,0.0005315563175827265,9.271370072383434e-05,0.00035535049391910434,0.0,0.0,0.0,1.4757816643395927e-05,0.0003981631889473647,4.659821934183128e-05,6.84610495227389e-05,0.0002295367739861831,5.0167396693723276e-05,0.0007421909831464291,0.00013209661119617522,0.0004097269265912473,0.0005963232251815498,1.759056976879947e-05,0.0002612995158415288,2.982770456583239e-05,7.653019565623254e-05,8.401048944506329e-06,0.0005080075934529305,0.00021338005899451673,0.0,0.001080979942344129,5.9279598644934595e-05,1.4130132512946147e-05,0.00036172501859255135,0.00045710429549217224,5.6180055253207684e-05,0.00024285331892315298,3.597543764044531e-05,0.00010177128569921479,5.014357157051563e-06,5.034115383750759e-05,6.369588663801551e-05,2.0220544683979824e-05,0.0,0.00017296003352385014,5.269336179480888e-05,0.00016549926658626646
201508,0.00037231636815704405,1.4309603102447e-05,6.6706670622807e-05,0.00015529025404248387,0.00033541032462380826,4.560495290206745e-05,0.0,0.00010260791896143928,7.466065289918333e-05,0.00019689809414558113,0.0002939118421636522,1.1994289707217831e-05,0.0046721757389605045,0.00020451915042940527,0.0,0.0005243428749963641,0.00047070218715816736,9.149494144367054e-05,0.0,1.6337965007551247e-06,0.0,1.7484420823166147e-05,7.694150099268882e-07,0.00022546907712239772,3.1194631446851417e-06,0.00011984961020061746,0.00015422057185787708,0.000770258717238903,5.743851943407208e-05,0.00015718562644906342,4.6196826588129625e-05,0.0,0.0004211918858345598,3.247013592044823e-05,0.0004466911777853966,0.0,3.9988219214137644e-05,0.0,0.001053046085871756,3.4735596727841767e-06,0.00017279679013881832,5.9833695559063926e-05,0.00010816087160492316,0.000292672571958974,0.00038489128928631544,0.0,0.0,0.0001304966863244772,0.00011533268116181716,0.0004885969683527946,0.0005181594169698656,0.0004017706378363073,0.0,0.0005191690870560706,0.00021880916028749198,5.097960092825815e-05,0.00019821544992737472,9.816078090807423e-06,7.323648605961353e-05,7.54643406253308e-05,0.0,2.4886725441319868e-05,0.0004197130911052227,0.00021426385501399636,2.368214336456731e-05,0.0001959292421815917,0.0003813715011347085,0.0007097478955984116,0.00011363344674464315,0.0005538257537409663,0.00012308814621064812,0.00023580626293551177,0.0005708941025659442,6.137078162282705e-05,0.00027181190671399236,0.0,0.0,0.0,0.0,0.0005805087857879698,0.00011711999832186848,0.0002957968390546739,0.00018630377599038184,0.00026023673126474023,0.000730310392100364,0.0001235906092915684,0.00048677375889383256,0.00034348396002314985,2.652539660630282e-05,0.00020019859948661178,2.1537576685659587e-05,6.506727368105203e-05,0.0,0.0003841968718916178,0.00010304804163752124,4.249214271112578e-06,0.0012096449499949813,4.695228562923148e-05,3.324403951410204e-05,0.0002980564604513347,0.0005423682741820812,5.8713499129225966e-06,0.00021003274014219642,1.5665345927118324e-05,0.00010794993431773037,0.0,4.367722794995643e-05,0.0,3.30687798850704e-05,0.0,5.34861974301748e-05,0.00014579239359591156,5.671360486303456e-05
201509,0.0002108749031322077,8.02892645879183e-06,0.0,0.0003128982789348811,0.0004427335225045681,0.0,0.0,2.7637075618258677e-05,2.898574894061312e-05,0.00043498617014847696,6.556984590133652e-05,4.3585307139437646e-05,0.004813325125724077,9.160712943412364e-05,2.560642133175861e-05,0.0002241843903902918,0.0004478470073081553,0.0,0.0,9.522264917904977e-06,4.0296014049090445e-05,3.89706801797729e-05,0.0,8.57668710523285e-05,3.300671960460022e-05,5.865540151717141e-05,0.0006328851450234652,0.000772052095271647,0.0,0.0001477520418120548,4.74712360301055e-05,0.0,0.0018998199375346303,4.673528383136727e-05,0.00030771951423957944,0.0,5.85407433391083e-05,0.0,0.0007987328572198749,4.239270310790744e-06,0.00011612382513703778,4.9837261030916125e-05,0.00024327066785190254,0.0003102909540757537,0.0004238128021825105,0.0,6.215380562935024e-05,4.593389530782588e-05,6.845736061222851e-05,0.00031725128064863384,0.00017588704940862954,0.0006022877641953528,0.0,0.0002602894965093583,0.00014454757911153138,0.0,0.00023209485516417772,2.390878216829151e-05,0.00016749509086366743,5.442802284960635e-05,0.0,2.670634785317816e-05,0.00037633508327417076,0.0003428769123274833,6.303063128143549e-05,0.00018608519167173654,0.0003970454272348434,0.0008170953369699419,0.0001674007944529876,0.000713738554622978,0.00012257712660357356,0.00016087513358797878,0.0005945934681221843,0.000245729461312294,0.00016797037096694112,0.0,0.0,0.0,0.0,0.00046133826253935695,0.0001266578328795731,0.0001839762117015198,0.0003000883152708411,0.00018676066247280687,0.0008495496585965157,0.0001585849968250841,0.0004979254445061088,0.0001958833308890462,7.643580465810373e-05,0.0001637279783608392,0.0,8.818111382424831e-05,2.227149707323406e-05,0.0006069859955459833,0.00019346167391631752,0.0,0.0011408757418394089,3.3204381907125935e-05,1.3039246368862223e-05,0.00035016206675209105,0.0007423870847560465,2.7407091693021357e-05,0.00019279478874523193,0.00017438831855542958,8.205438643926755e-05,0.0,0.0001014083536574617,1.1880883903359063e-05,0.00022777315462008119,2.299916377523914e-05,7.07300059730187e-05,0.00017963587015401572,0.00011012366303475574
201510,0.0003057369904126972,5.318062540027313e-05,0.00010517545888433233,0.0003386608441360295,0.00036768015706911683,4.150778477196582e-05,0.0,0.0,3.883995668729767e-05,0.00020422818488441408,0.0001228333276230842,6.21047911408823e-06,0.004575442522764206,4.563840775517747e-05,0.0,0.0004297917184885591,0.00037350080674514174,0.00011693400301737711,0.0,7.643885169272835e-07,3.0747576147405198e-06,6.791920895921066e-05,3.4745968150673434e-05,0.00015068137145135552,7.111391460057348e-05,4.9596048484090716e-05,0.0005040483665652573,0.0007132802857086062,0.0,0.00019339595746714622,6.711191963404417e-05,0.0,0.0006562055787071586,2.268513708258979e-05,0.0005924316355958581,8.367322152480483e-05,5.152677476871759e-05,0.0,0.0008577100234106183,2.1498788555618376e-05,5.963155854260549e-05,0.0,9.717798820929602e-05,0.00011798909690696746,0.0002907186280936003,0.0,8.162631274899468e-05,6.312808545771986e-05,0.00015967039507813752,0.0005439787055365741,0.0002758353075478226,0.0006232582964003086,0.0,0.0004917971673421562,0.00016373232938349247,5.175390833755955e-05,0.0001767208450473845,2.8340677090454847e-05,0.00027339247753843665,0.0,0.0,0.00010206976003246382,0.0002792529994621873,0.00021973189723212272,4.093386814929545e-05,0.00026842899387702346,0.00038483270327560604,0.000527470838278532,6.948842928977683e-05,0.0008221835014410317,7.443490176228806e-05,0.0002916787634603679,0.0004814491840079427,6.734297494404018e-05,0.00011183260357938707,0.0,0.0,5.1365448598517105e-05,0.0,0.0005885064019821584,0.00014024747360963374,0.00014866836136206985,0.00016082453657872975,0.0005970358033664525,0.000695608789101243,0.00015772176266182214,0.0004131422028876841,0.00019614135089796036,1.4492088666884229e-05,0.0001858869072748348,2.0531395421130583e-05,0.0001628593890927732,0.0,0.0005554007948376238,9.824884182307869e-05,0.00013320028665475547,0.0011643393663689494,4.99707784911152e-05,4.663586150854826e-05,0.00037493204581551254,0.0007699573179706931,0.0,0.00020146211318206042,3.468411523499526e-05,8.499727846356109e-05,0.0,0.00013604326522909105,0.0,0.0,0.0,0.00011539017577888444,0.00010140141966985539,0.00016359338769689202
201511,0.00021238246699795127,0.0,0.00013415838475339115,0.00024433096405118704,0.0004585194983519614,0.0,0.0,0.0,4.7470206482103094e-05,0.0004279159184079617,0.00021541216119658202,0.0,0.004728075582534075,4.386148793855682e-05,0.0,0.0004232159990351647,0.0004201137344352901,8.551603968953714e-05,0.0,1.4906745491316542e-06,2.682226477190852e-05,0.0,2.062524072243832e-05,8.446985884802416e-05,2.414666050754022e-05,0.00011052688932977617,0.00034130841959267855,0.0005250829271972179,0.0,0.0001821748592192307,2.9762806661892682e-05,0.0,0.0001800788741093129,2.7867370590684004e-05,0.0006651756702922285,0.0,0.00010105614637723193,0.0,0.0007729246281087399,1.1904962775588501e-05,7.850161637179554e-05,4.5934237277833745e-05,0.0001152825279859826,0.00021394052600953728,0.0002929187030531466,1.0558989743003622e-05,9.087652142625302e-05,0.0,0.0002526513999328017,0.000494658830575645,0.0002423286932753399,0.00040787807665765285,0.0,0.0003583620418794453,0.00013611787289846689,0.0,0.00013960371143184602,2.8151627702754922e-05,0.0002102969738189131,0.0,0.0,0.0001054073145496659,0.0003317752853035927,0.00031775585375726223,3.525515421642922e-05,0.0003295841161161661,0.0003971293044742197,0.0005675473948940635,0.0002072693023364991,0.0006539777386933565,0.00011069377796957269,0.00029432467999868095,0.0005733166472055018,0.00010886849486269057,0.00024815055076032877,0.0,0.0,0.0,0.0,0.0005356994224712253,9.184720693156123e-05,9.456749103264883e-05,0.00026229271315969527,0.00022054417058825493,0.0002806130505632609,0.00019565616094041616,0.00044164550490677357,0.0004052717122249305,5.8714504120871425e-05,0.0001623083371669054,4.115028787055053e-05,0.0001606813893886283,0.0,0.0006252078455872834,0.0,0.0,0.0010185737628489733,2.5215391360688955e-05,0.0,0.0002508800243958831,0.0006263250252231956,2.8549929993459955e-05,0.00011570758215384558,1.5581415937049314e-05,4.5535987737821415e-05,0.0,0.00017852496239356697,7.712890692346264e-06,0.0,0.0,0.0002097775141010061,0.0001807345834095031,0.00023735321883577853
201512,0.0001819735625758767,0.0,4.552239261101931e-05,0.00014976605598349124,0.0003542547347024083,1.7158577975351363e-05,0.0,0.0,1.3583699910668656e-05,0.00030366115970537066,8.06485622888431e-05,2.2898080715094693e-05,0.004783303942531347,7.238348916871473e-05,0.0,0.00031079541076906025,0.0003570294356904924,0.0,0.0,1.0786640814330895e-05,6.693421164527535e-05,0.0,4.460328273125924e-05,0.0001653224026085809,1.4121250387688633e-05,7.955862383823842e-05,0.0003166472597513348,0.00046962403575889766,3.965417272411287e-05,0.00021727464627474546,1.8251801520818844e-05,0.0,0.0013576848432421684,3.185121386195533e-05,0.0006173334550112486,0.0,0.00010151252354262397,0.0,0.0008232843829318881,1.1402263453419437e-06,5.823942046845332e-05,8.205536141758785e-05,5.61211709282361e-05,0.00015225134848151356,0.0004825789073947817,1.654958578001242e-05,2.0451976524782367e-05,0.000101983874628786,0.0002007659204537049,0.0004255998064763844,0.00032044429099187255,0.00022438688029069453,3.3650216209935024e-05,0.00027246077661402524,8.739584154682234e-05,7.697593537159264e-05,0.00013798754662275314,3.187185257047531e-06,0.00013749729259870946,0.0,5.474009594763629e-05,7.904892845544964e-05,0.0003602928190957755,0.0002458373492117971,0.00011318098404444754,0.00017330762057099491,0.0004352928954176605,0.000825713446829468,0.00015723709657322615,0.0009231743169948459,0.00017838325584307313,0.0002779625647235662,0.0006140278419479728,0.00016496620082762092,0.00015496404375880957,3.430104334256612e-05,0.0,0.0,0.0,0.0004958399222232401,6.344533176161349e-05,7.322477176785469e-05,0.00012976565631106496,0.00047383515629917383,0.00031651207245886326,0.00019057150348089635,0.00039087870391085744,0.0005027167499065399,4.014971636934206e-05,0.0001569721061969176,0.0,9.42111000767909e-05,0.0,0.000699408701620996,0.00012207507097627968,0.0,0.001030774787068367,1.3220507753430866e-05,2.970113928313367e-05,0.00028884116909466684,0.0006138784810900688,0.0,0.00014068401651456952,8.045010326895863e-05,0.00010450760601088405,0.0,0.00018894766981247813,1.1501385415613186e-05,0.00019422172044869512,0.0,0.00018051313236355782,0.0002008655428653583,0.00017001607920974493
201601,5.305693775881082e-05,0.0,1.4353968253999483e-05,3.697029751492664e-05,5.521588900592178e-05,0.0,0.0,0.0,5.7609518080425914e-06,5.273271381156519e-05,1.6094118109322153e-05,0.0,0.002512733917683363,2.8625252525671385e-05,0.0,3.8138468880788423e-06,5.455387508845888e-05,1.0931943506875541e-05,0.0,0.0,0.0,2.0582367142196745e-05,0.0,3.965833820984699e-05,0.0,8.550224265491124e-06,4.829041427001357e-05,0.00014032520994078368,0.0,8.129193884087726e-05,0.0,0.0,0.00029393177828751504,8.520139090251178e-06,0.0001245811436092481,1.8041368093690835e-05,2.9588602046715096e-05,0.0,0.0003687998978421092,2.432966994092567e-06,0.0,0.0,2.7926935217692517e-06,7.272752554854378e-05,0.00020356196910142899,0.0,0.0,2.9209513741079718e-05,0.0001305195182794705,0.0002765152894426137,0.00010538596689002588,2.0290210159146227e-05,0.0,2.5187916889990447e-06,1.8412394638289697e-05,4.033952336612856e-06,3.038037903024815e-05,6.798623871873133e-06,8.351583528565243e-05,0.0,8.282421731564682e-06,7.771121090627275e-06,5.4668889788445085e-05,4.321205778978765e-05,7.263053703354672e-06,3.089668825850822e-05,7.263895531650633e-05,0.00010515761823626235,0.0,0.0002770825813058764,6.674756605207222e-06,8.034345228224993e-05,0.0002603559987619519,4.012636509287404e-06,0.0,0.0,0.0,2.3804646843927912e-05,0.0,0.00024102808674797416,6.050761385267833e-06,0.0,1.530785084469244e-05,6.802666030125692e-05,5.684672942152247e-05,1.3407783626462333e-05,0.0002323034277651459,0.00020610923820640892,6.908809154992923e-06,1.0219622708973475e-05,0.0,2.0120020053582266e-05,0.0,0.0003978410968557,3.749187453649938e-05,3.2918651413638145e-05,0.0001952423044713214,8.437593351118267e-06,2.7376927391742356e-06,3.556947558536194e-05,0.00027393107302486897,2.7706296350515913e-06,0.0,9.872765986074228e-06,0.0,0.0,2.2607124265050516e-05,0.0,2.8861832106485963e-05,0.0,6.181978096719831e-05,4.895437814411707e-05,2.715450682444498e-05
201602,2.27326454478316e-05,3.797243834924302e-06,2.1782803742098622e-05,1.1358481060597114e-05,7.340218144236133e-05,0.0,1.8646292119228747e-06,1.5948244254104793e-06,6.488591225206619e-06,8.213465480366722e-05,2.5960880520869978e-05,0.0,0.002187246223911643,3.681732778204605e-05,0.0,4.497238023759564e-06,6.678943464066833e-05,0.0,0.0,0.0,0.0,2.158953429898247e-05,0.0,6.44984538666904e-05,7.253863259393256e-06,1.6890355254872702e-05,0.0,0.00012693747703451663,0.0,9.968053927877918e-05,0.0,0.0,0.00019710822380147874,1.9484618860587943e-06,0.00011746588279493153,4.3381736759329215e-05,3.593684232328087e-05,3.5218381526647136e-06,0.00037341861752793193,4.557899956125766e-06,0.0,4.09225049224915e-06,3.603287268560962e-06,4.032783908769488e-05,0.00016666496230755,0.0,6.287315500230761e-06,4.4812943087890744e-05,7.575774361612275e-05,0.00033548296778462827,8.862440881785005e-05,2.820578265527729e-05,0.0,3.6552417441271245e-05,2.3581224013469182e-05,8.73371391207911e-06,1.9734659872483462e-05,1.614889924894669e-06,8.240074384957552e-05,0.0,1.4147100955597125e-05,8.968477231974248e-06,6.034334728610702e-05,7.023142097750679e-05,4.1133327613351867e-05,0.0001058520283550024,0.00010217013186775148,9.91077977232635e-05,3.5439586554275593e-06,0.00023631974181625992,0.0,8.015819184947759e-05,0.00015317912038881332,1.4853036191198044e-05,4.823915787710575e-06,0.0,0.0,1.7390239008818753e-05,0.0,0.0002165304176742211,1.3790033335681073e-05,0.0,2.4489716452080756e-05,4.735363108920865e-05,0.0,3.572627974790521e-05,0.00027453043730929494,0.0001798243902157992,4.0935492506832816e-06,1.0557581845205277e-05,0.0,5.854750725120539e-06,0.0,0.00024234477314166725,5.927297388552688e-05,1.42385542858392e-05,0.00017298865714110434,9.987003068090416e-06,6.669584308838239e-06,2.881652289943304e-05,0.00024545760243199766,0.0,1.7606187611818314e-05,1.8685959730646573e-05,1.0294842468283605e-05,0.0,9.168731594400015e-06,0.0,0.0,0.0,6.770352047169581e-05,8.53526871651411e-05,2.283455069118645e-05
201603,8.568410703446716e-05,4.056874331581639e-06,6.40387661405839e-05,1.7660837329458445e-05,7.214437209768221e-05,0.0,0.0,1.3748677702096757e-05,3.1419854167324957e-06,9.895781113300472e-05,1.4522725905408151e-05,5.178259470994817e-06,0.0021905689500272274,2.872938603104558e-05,0.0,7.358529273915337e-06,6.194023444550112e-05,2.4042818040470593e-05,0.0,0.0,0.0,2.1814719730173238e-05,2.3713828340987675e-06,4.997650466975756e-05,0.0,7.046624432405224e-06,9.121034054260235e-06,7.044337689876556e-05,8.157039701472968e-06,6.385738379321992e-05,1.8555233509687241e-06,0.0,0.00018557673320174217,9.69174288911745e-06,8.454720227746293e-05,0.0,2.0016050257254392e-05,3.2342277336283587e-06,0.0003368130710441619,3.0355738545040367e-06,4.258561602910049e-06,0.0,0.0,6.00710955040995e-05,9.576918819220737e-05,0.0,3.2066507174022263e-06,1.5515795894316398e-05,0.00014979469415266067,0.00031047433731146157,3.469221337581985e-05,2.538004810048733e-05,0.0,1.705304930510465e-05,2.336599754926283e-05,9.965549907064997e-06,1.6353398677892983e-05,6.611383014387684e-06,6.683939864160493e-05,0.0,7.501303571189055e-06,6.706237400067039e-06,3.4607604902703315e-05,3.6148503568256274e-05,2.851879435183946e-05,8.789195271674544e-05,0.00010315203689970076,0.0001600764662725851,0.0,0.000254505081102252,4.327603619458387e-06,8.288399112643674e-05,0.00018036668188869953,3.5132157790940255e-05,5.530395810637856e-06,1.2814446563425008e-05,0.0,5.104599767946638e-05,0.0,0.00017796512111090124,1.0007866876549087e-05,1.4691969226987567e-05,2.5087329049711116e-05,6.95699272910133e-05,1.4992214346420951e-05,2.6927049475489184e-05,0.00026895274640992284,0.00017853450844995677,7.5632246989698615e-06,1.8064682080876082e-05,2.1068026399007067e-06,0.0,0.0,0.0002817775239236653,2.5117769837379456e-05,4.253782026353292e-05,0.00026812832220457494,1.1396036825317424e-05,1.0002352610172238e-05,5.89468254474923e-05,0.000275075261015445,1.2602267815964296e-06,1.9519440684234723e-05,9.872140253719408e-06,0.0,0.0,2.2961783542996272e-05,1.5595694549119798e-06,3.365660450072028e-05,0.0,1.5690467989770696e-05,0.00010792611283250153,3.3399785024812445e-05
201604,2.651570139278192e-05,8.162557605828624e-06,6.298687367234379e-05,2.024808964051772e-05,5.098347901366651e-05,0.0,0.0,2.3035465346765704e-05,1.1079450814577285e-05,0.00013503887748811394,4.94797459396068e-05,1.175376837636577e-05,0.0018949978984892368,4.565148628898896e-05,0.0,2.9846223696949892e-05,6.058235157979652e-05,0.0,1.541484562039841e-05,0.0,0.0,0.0,0.0,2.762763870123308e-05,3.4574584333313396e-06,4.681965492636664e-06,0.0,9.294522169511765e-05,0.0,6.077329453546554e-05,0.0,0.0,0.00022831394744571298,0.0,0.00011110831837868318,6.19236016063951e-05,2.418378062429838e-05,0.0,0.00035237573320046067,2.5820206701610005e-06,0.0,0.0,0.0,7.01208264217712e-05,0.000150505657074973,0.0,1.3698094335268252e-05,2.6115858418052085e-05,0.00015998662274796516,0.0003015900438185781,7.536957855336368e-05,1.0850434591702651e-05,0.0,1.1334889677527826e-05,5.852261892869137e-06,1.5944207916618325e-05,1.5858780898270197e-05,9.191529898089357e-06,0.00010298687993781641,6.906629550940124e-06,0.0,7.886368621257134e-06,7.118763460312039e-05,2.955027957796119e-05,1.6086125469882973e-05,6.917625432834029e-05,0.00010041404311778024,0.00015731202438473701,9.925473932526074e-06,0.00016745853645261377,4.83198236906901e-05,0.00013140069495420903,0.00014839129289612174,0.0,1.3249635230749846e-05,0.0,0.0,1.9375320334802382e-05,9.793337085284293e-06,0.00015878926205914468,9.712081009638496e-06,1.020369745674543e-05,3.0461655114777386e-05,3.48695284628775e-05,0.00011031800386263058,1.4153399206406903e-05,0.00021092807583045214,0.0002111543872160837,4.42552982349298e-06,1.5095543858478777e-05,0.0,5.792795491288416e-06,0.0,0.00018897037080023438,0.0,0.0,0.00017521780682727695,1.9903887732652947e-05,3.3154012726299698e-06,5.709216566174291e-05,0.00030108916689641774,4.2163806028838735e-06,6.135070179880131e-06,7.577169185424282e-07,1.1031544090656098e-05,0.0,8.811682164377999e-06,0.0,2.64762929873541e-05,0.0,3.0026834792806767e-05,4.945260297972709e-05,2.7934707759413868e-05
201605,6.420375575544313e-05,4.4321750465314835e-06,6.21821527602151e-05,1.1503641871968284e-05,6.106590444687754e-05,0.0,0.0,0.0,1.2154682735854294e-06,0.00010533813474467024,4.223860742058605e-05,1.0583824405330233e-05,0.002225619275122881,3.3513068046886474e-05,0.0,1.4437142453971319e-05,0.00012062915629940107,3.923938947991701e-06,0.0,0.0,0.0,0.0,0.0,0.0,0.0,8.94357799552381e-06,4.1191284253727645e-05,9.251096344087273e-05,0.0,0.0001014187146211043,1.2792655752491555e-06,0.0,0.00018535183335188776,1.2061774214089382e-05,0.00010580538219073787,0.0,2.4365876015508547e-05,0.0,0.00030455467640422285,0.0,1.0513436791370623e-05,0.0,0.0,3.750700125237927e-05,0.00019485647499095649,2.3754597350489348e-05,1.1811553122242913e-06,2.5368084607180208e-05,0.00010929084237432107,0.00033193256240338087,8.139728015521541e-05,0.0,0.0,6.8804297370661516e-06,1.2694475117314141e-05,4.273790182196535e-06,3.0297172997961752e-05,0.0,7.38494418328628e-05,0.0,0.0,0.0,7.668364560231566e-05,4.7850018745521083e-05,3.29630529449787e-05,9.660416253609583e-05,0.00014825969992671162,0.00013537498307414353,1.9474980945233256e-05,0.00023496989160776138,4.9867019697558135e-05,0.00010239336552331224,0.000126359416753985,3.698671662277775e-06,0.0,2.718426003411878e-05,0.0,7.944980461616069e-05,0.0,0.0001363335468340665,2.1234627638477832e-05,4.822243681701366e-06,1.0652087439666502e-05,8.592554513597861e-05,3.9591406675754115e-05,1.7185911929118447e-05,0.00028187589487060905,0.00015722631360404193,8.821883056953084e-06,1.1411931154725607e-05,0.0,1.8784834537655115e-05,0.0,0.00018894672393798828,7.237162935780361e-05,2.0109666365897283e-05,0.00016036965826060623,5.8089435697183944e-06,1.739853723847773e-05,6.063002729206346e-05,0.00023550765763502568,0.0,3.257830394431949e-05,9.575751391821541e-06,0.0,0.0,0.0,2.7593148388405098e-06,2.1974321498419158e-05,0.0,1.1356812137819361e-05,0.00011626711784629151,6.794971704948694e-05
201606,3.509263842715882e-05,0.0,3.645105971372686e-05,3.320937685202807e-05,4.139934026170522e-05,0.0,0.0,4.749874278786592e-06,6.958313861105125e-06,0.00014875311171635985,2.3304037313209847e-05,1.128610620071413e-05,0.00212418963201344,3.1795843824511394e-05,0.0,9.419544767297339e-06,0.00019907091336790472,0.0,0.0,0.0,0.0,1.3666755876329262e-05,0.0,6.948793452465907e-05,0.0,1.2653382327698637e-05,4.038814950035885e-05,4.6796871174592525e-05,0.0,0.00012228266859892756,0.0,0.0,5.105879245093092e-05,1.366482138109859e-05,9.532645344734192e-05,1.928210986079648e-05,2.396545278315898e-05,0.0,0.0003349042672198266,0.0,0.0,0.0,9.950806088454556e-06,5.2469029469648376e-05,0.00013394538837019354,0.0,5.487725957209477e-06,7.437597105308669e-06,9.71968038356863e-05,0.000349385489244014,8.670780516695231e-05,0.0,0.0,2.899311039072927e-05,2.352739466005005e-05,6.266067885007942e-06,1.937721208378207e-05,1.0322200978407636e-05,9.24890409805812e-05,0.0,0.0,6.9686830102000386e-06,3.785908847930841e-05,3.449770883889869e-05,1.7125817976193503e-05,5.688161400030367e-05,0.0001845030055847019,0.00011826769332401454,0.0,0.00029857485787943006,9.039669384947047e-05,0.00012868914927821606,0.00013958127237856388,2.1570269382209517e-05,2.9386437745415606e-06,0.0,0.0,0.0001096199921448715,4.018896561319707e-06,0.0001674946688581258,4.755368991027353e-06,8.127127330226358e-06,2.57938627328258e-05,8.790186984697357e-05,2.0832656446145847e-05,2.9890292353229597e-05,0.0002956988464575261,0.00023113361385185272,9.081820280698594e-06,9.037832569447346e-06,0.0,0.0,0.0,0.00020628244965337217,3.906816345988773e-06,0.0,0.00015971336688380688,8.474502465105616e-06,0.0,4.7990441089496017e-05,0.00025574147002771497,3.63376566383522e-05,1.6475398297188804e-05,1.8833507056115195e-05,0.0,0.0,0.0,0.0,0.0,0.0,1.8147247828892432e-05,5.653003972838633e-05,7.73257197579369e-05
201607,3.273842958151363e-05,0.0,2.826419222401455e-05,1.7559907064423896e-05,4.939684004057199e-05,0.0,0.0,0.0,4.5040505369797756e-07,7.80596092226915e-05,3.117012238362804e-05,0.0,0.00218794634565711,4.356328281573951e-05,0.0,3.50725463249546e-06,9.332581248600036e-05,1.512839207862271e-05,0.0,0.0,0.0,8.730857189220842e-06,3.0555347620975226e-06,0.0,4.8295200940629e-06,4.4759335651178844e-06,4.7918128984747455e-06,7.149657903937623e-05,1.132615034293849e-05,0.00012456053809728473,0.0,0.0,0.0003295594942755997,0.0,4.234860898577608e-05,3.7118639738764614e-05,1.992817487916909e-05,0.0,0.00027410039911046624,0.0,0.0,0.0,0.0,5.30068609805312e-05,0.00011662882752716541,0.0,3.1886531814961927e-06,9.743840564624406e-06,0.00012568420788738877,0.00035016689798794687,7.57307352614589e-05,2.4119241061271168e-05,0.0,5.020915978093399e-06,1.0146504791919142e-05,1.593946581124328e-05,3.295493297628127e-05,0.0,7.381157774943858e-05,0.0,8.544058800907806e-06,5.1370029723329935e-06,4.3117623135913163e-05,3.84815975849051e-05,3.881061275023967e-06,5.2930587116861716e-05,0.00013902406499255449,0.00014032177568878978,0.0,0.0002945350715890527,4.377248478704132e-05,9.458392742089927e-05,0.0001288343919441104,1.9115108443656936e-05,2.2771821022615768e-05,0.0,0.0,6.072568794479594e-06,3.1216216029861243e-06,0.00014994390949141234,3.521117105265148e-05,7.575146355520701e-06,4.991842433810234e-05,4.394347342895344e-05,0.0,2.3333126591751352e-05,0.00037375299143604934,0.0002001498796744272,2.7679150207404746e-06,9.330584362032823e-06,5.259078534436412e-06,0.0,3.1460194804822095e-06,0.00042044505244120955,5.0303682655794546e-05,2.038362799794413e-05,0.00010954962635878474,9.951422725862358e-06,6.883775313326623e-06,5.744747249991633e-05,0.00024165953800547868,1.062217165781476e-06,4.14946443925146e-05,8.158588570950087e-06,1.4175052456266712e-05,0.0,1.4372387340699788e-05,0.0,0.0,0.0,2.359425343456678e-05,8.046634320635349e-05,8.651839743833989e-05
201608,2.6569106921670027e-05,0.0,4.292539233574644e-05,4.633881417248631e-06,4.470677231438458e-05,1.6933812730712816e-05,0.0,0.0,1.042535495798802e-05,4.69764054287225e-05,1.3735918400925584e-05,5.8801620070880745e-06,0.002411887515336275,2.477554153301753e-05,0.0,1.3507003131962847e-05,0.00015929107030387968,0.0,0.0,0.0,0.0,0.0,2.615568973851623e-06,2.114461676683277e-05,0.0,1.4589796592190396e-05,1.4767702850804199e-05,0.00018740046652965248,0.0,0.0001056391338352114,0.0,0.0,0.00020622422744054347,1.8216123862657696e-05,8.687235822435468e-05,2.168324681406375e-05,1.680257628322579e-05,0.0,0.00029555067885667086,2.4347439193661558e-06,0.0,0.0,0.0,4.803437695954926e-05,0.00013211694022174925,2.5447541702305898e-05,1.6528920241398737e-06,0.0,0.00015540135791525245,0.00036104919854551554,5.409379082266241e-05,0.0,0.0,2.4936560294008814e-05,2.4018974727368914e-05,5.137249900144525e-06,1.7599093553144485e-05,1.2237043847562745e-05,9.371499618282542e-05,0.0,0.0,0.0,9.339454845758155e-05,6.4612235291861e-05,1.7814369130064733e-05,3.595015368773602e-05,0.00015275721671059728,0.0001517244236310944,0.0,0.00029923871625214815,3.650071448646486e-05,9.093019616557285e-05,0.0001487194822402671,2.2847577838547295e-06,0.0,0.0,0.0,2.4243659936473705e-05,0.0,0.00012655057071242481,1.918492307595443e-05,7.958373316796497e-06,2.785432297969237e-05,3.415872561163269e-05,0.0,2.8110929633839987e-05,0.0003678907814901322,0.0001488202397013083,2.5572868253220804e-05,2.3629576389794238e-05,7.334226665989263e-06,0.0,0.0,0.000385989056667313,2.9326785806915723e-05,1.828034692152869e-05,0.00013748845958616585,1.8251072106068023e-05,1.920974136737641e-05,5.4801686928840354e-05,0.00020592327928170562,2.030007090070285e-05,2.572030462033581e-05,1.1304344297968782e-05,1.2640236491279211e-05,0.0,0.0,6.048032446415164e-06,1.4578500895368052e-06,0.0,4.2619263695087284e-05,2.5036784791154787e-05,7.243378786370158e-05
201609,3.2864310924196616e-05,0.0,5.313294968800619e-05,1.1956325579376426e-05,3.9963775634532794e-05,0.0,0.0,0.0,2.2758949853596278e-06,2.6972305931849405e-05,2.7671781936078332e-05,4.801908289664425e-06,0.00225011445581913,2.905549445131328e-05,0.0,1.2165231055405457e-05,0.00013513615704141557,0.0,0.0,0.0,0.0,0.0,0.0,2.2783407985116355e-05,1.027424877975136e-05,7.014244147285353e-06,0.0,0.00013302708975970745,1.2785208127752412e-05,7.829639071132988e-05,5.5622995205339976e-06,0.0,0.00043356665992178023,3.866369297611527e-06,9.750094613991678e-05,2.2208185328054242e-05,3.279469456174411e-05,0.0,0.0002278051251778379,1.7326711940768291e-06,3.61605725629488e-06,0.0,1.2945024536747951e-05,5.226452776696533e-05,0.0001313358952756971,0.0,0.0,0.0,0.00013091812434140593,0.00033689753036014736,6.650290015386418e-05,8.554150554118678e-06,0.0,2.224976242359844e-06,9.326186955149751e-06,6.2607150539406575e-06,2.1393912902567536e-05,1.63255517691141e-05,9.182871144730598e-05,7.082293450366706e-06,0.0,6.270159246923868e-06,6.285177369136363e-05,3.204234235454351e-05,3.300761090940796e-05,3.6143661418464035e-05,0.0001885880483314395,0.00012245327525306493,0.0,0.0003401162975933403,9.088780643651262e-05,7.743269816273823e-05,0.00017189081700053066,0.0,0.0,0.0,0.0,2.4080103685264476e-05,0.0,0.00010515560279600322,1.689971577434335e-05,0.0,1.6310035789501853e-05,2.7816809961223044e-05,5.634992339764722e-05,8.51715503813466e-06,0.00042551790829747915,0.0002704572107177228,4.188124876236543e-06,1.6983387467917055e-05,9.012468581204303e-06,3.1019951620692154e-06,0.0,0.00029959314269945025,3.8667465560138226e-05,0.0,8.344079105881974e-05,9.000122190627735e-06,0.0,4.206444646115415e-05,0.000255280319834128,2.5129772893706104e-06,3.992599158664234e-05,1.8385855582891963e-05,0.0,0.0,0.0,2.092906925099669e-06,7.275057578226551e-05,0.0,2.8574431780725718e-05,7.773398829158396e-05,4.3832988012582064e-05
201610,2.768547165032942e-05,0.0,6.95957278367132e-05,1.1581849321373738e-05,4.9321890401188284e-05,0.0,0.0,3.155319063807838e-05,2.2909705421625404e-06,4.046506364829838e-05,2.5431689209653996e-05,8.879555934981909e-06,0.0023864677641540766,3.514799027470872e-05,0.0,1.386418443871662e-05,6.821276474511251e-05,0.0,1.2463267012208235e-05,2.5983611067204038e-06,0.0,8.114597221720032e-06,0.0,0.0,2.0107579985051416e-05,1.4706540241604671e-05,3.436399310885463e-06,0.0001751667441567406,0.0,8.559891284676269e-05,0.0,0.0,0.00019101404177490622,1.6676736777299084e-05,0.00010986484994646162,3.878713687299751e-05,2.5125878892140463e-05,3.7409963624668308e-06,0.00026625292957760394,0.0,0.0,0.0,1.6348876670235768e-05,5.875841816305183e-05,0.00014202948659658432,0.0,0.0,0.0,9.21425162232481e-05,0.0003856836701743305,6.335586658678949e-05,5.776032139692688e-06,0.0,2.468270031386055e-05,1.1269021342741325e-05,0.0,1.2037722626700997e-05,6.055970516172238e-06,6.016212500981055e-05,1.083726260731055e-06,8.857057764544152e-06,1.0217946510238107e-05,6.398547702701762e-05,5.0186186854261905e-05,1.4667982213723008e-05,6.210746505530551e-05,0.0001476589823141694,0.00011733241262845695,0.0,0.0001874227455118671,0.00014639909204561263,0.00011056106450268999,0.00025131640722975135,0.0,1.6673342543072067e-05,1.6597428839304484e-05,0.0,5.288419561111368e-05,0.0,0.00013042608043178916,9.342489647679031e-06,3.228773266528151e-06,2.5879771783365868e-05,6.683362153125927e-05,7.800988532835618e-05,5.146919193066424e-06,0.0004120100929867476,0.00021707580890506506,5.756131486123195e-06,2.5958426704164594e-05,1.9339408936502878e-06,0.0,0.0,0.0003660865477286279,5.313031215337105e-05,3.0529594368999824e-05,7.015677692834288e-05,5.736791990784695e-06,6.4207679315586574e-06,3.977862070314586e-05,0.000344736035913229,2.6433040147821885e-06,3.1244897400029004e-05,4.090828952030279e-06,0.0,0.0,2.0164239685982466e-05,0.0,2.949094596260693e-05,0.0,2.697411946428474e-05,0.00012803668505512178,3.466723137535155e-05
201611,3.330973777337931e-05,0.0,1.137053914135322e-05,1.8559168893261813e-05,3.813509829342365e-05,0.0,0.0,0.0,1.9951949070673436e-06,4.333326069172472e-05,3.5066612326772884e-05,5.9267435972287785e-06,0.0022785463370382786,3.73667135136202e-05,0.0,1.6681724446243607e-05,0.00015607841487508267,0.0,0.0,0.0,4.620049367076717e-06,0.0,0.0,3.346724497532705e-06,1.1613647984631825e-05,9.241254701919388e-06,3.435678081586957e-06,0.00013489720004145056,0.0,9.523700282443315e-05,0.0,0.0,0.0001685650204308331,2.1536825443035923e-05,6.204730743775144e-05,2.3912027245387435e-05,2.3848062483011745e-05,0.0,0.0002435854694340378,0.0,5.616642738459632e-06,0.0,8.957145837484859e-06,7.878325413912535e-05,0.0001230807974934578,2.338225021958351e-05,1.0033850230684038e-06,0.0,9.876893454929814e-05,0.0003444403992034495,3.5576740629039705e-05,8.887655894795898e-06,0.0,2.6697081921156496e-05,1.7569602277944796e-05,0.0,1.802274891815614e-05,1.0119738362845965e-05,6.003782618790865e-05,0.0,8.62853539729258e-06,0.0,5.04547351738438e-05,1.2429772141331341e-05,5.4503208957612514e-05,6.429724453482777e-05,0.00013894277799408883,0.00010310848301742226,0.0,0.0003547960368450731,0.00010902812937274575,0.00012125704961363226,0.00020155924721620977,1.4443054169532843e-05,0.0,1.5930399968056008e-05,0.0,6.247524288482964e-05,0.0,0.00012893538223579526,2.2438493033405393e-05,0.0,1.775554301275406e-05,2.8069202016922645e-05,9.603585203876719e-05,1.6886848243302666e-05,0.0004425466468092054,0.00021124693739693612,1.3768821190751623e-05,1.392652302456554e-05,6.641731033596443e-06,2.9129148515494308e-06,0.0,0.0003385278396308422,3.842133082798682e-05,1.6930729543673806e-05,0.00011115794040961191,1.0268135156366043e-05,0.0,5.0560367526486516e-05,0.00028777398983947933,1.2312775652389973e-06,1.556578354211524e-05,9.797132406674791e-06,0.0,0.0,1.7882535757962614e-05,0.0,1.8106218703906052e-05,0.0,7.281845319084823e-05,8.018164953682572e-05,3.440138971200213e-05
201612,3.2421979994978756e-05,3.6989024465583498e-06,2.6279698431608267e-05,9.636844879423734e-06,2.940604099421762e-05,0.0,0.0,8.919455467548687e-06,1.4494394235953223e-05,4.79202572023496e-05,2.907015550590586e-05,0.0,0.0022356335539370775,1.793865521904081e-05,0.0,7.000552614044864e-06,6.522051262436435e-05,3.319730967632495e-05,0.0,0.0,4.567632458929438e-06,8.886607247404754e-06,0.0,2.3968943423824385e-05,1.1491136319818906e-05,5.667004188580904e-06,3.467825081315823e-06,0.00014156253018882126,1.194055857922649e-05,9.578283061273396e-05,2.77679259852448e-06,0.0,0.00021933471725787967,8.85315785126295e-06,6.882357411086559e-05,0.0,2.3500997485825792e-05,0.0,0.000203348055947572,0.0,2.7975258944934467e-06,0.0,6.588067662960384e-06,5.8660014474298805e-05,0.00012201273057144135,0.0,3.106520580331562e-06,6.978725650697015e-06,5.383165625971742e-05,0.0003002430312335491,4.923426604364067e-05,7.707248732913285e-05,0.0,3.7291662010829896e-05,2.4593215130153112e-05,5.936218258284498e-06,2.1732805180363357e-05,4.004396942036692e-06,0.00011763095244532451,0.0,6.941460469533922e-06,1.0758066309790593e-05,2.8153264793218113e-05,3.4245855204062536e-05,1.3973838576930575e-05,9.412987128598616e-05,0.00023271590180229396,6.493397813756019e-05,6.1152982198109385e-06,0.0004012324206996709,5.1868963055312634e-05,0.00016673612117301673,0.0002084261941490695,0.0,6.672787549177883e-06,1.2241285730851814e-05,0.0,5.388738827605266e-06,0.0,0.00010323547758162022,3.0397659429581836e-05,2.319950681339833e-06,3.593056317185983e-05,5.9078014601254836e-05,0.00010847221710719168,2.4892049623304047e-05,0.0003843815647996962,0.0001758559374138713,1.6766452972660773e-06,2.034910357906483e-05,0.0,6.59423676552251e-06,1.0761751582322177e-05,0.000454096298199147,1.7233582184417173e-05,3.0885163141647354e-05,7.853626448195428e-05,5.937744390394073e-06,0.0,5.4611675295745954e-05,0.00021751178428530693,0.0,1.7710828615236096e-05,7.286821073648753e-06,0.0,0.0,1.951979356817901e-05,1.553596007397573e-06,0.0,0.0,3.397651016712189e-05,0.0002193158579757437,2.4611750632175244e-05
201701,1.1543721484486014e-05,5.261525188871019e-07,2.277926114402362e-06,2.2024551071808673e-06,5.949893420620356e-06,0.0,1.8864604953705566e-06,1.6490668031110545e-06,1.8784129451887566e-06,1.6547801351407543e-05,9.812216376303695e-06,5.601137672783807e-06,0.00044844794319942594,5.112319286126876e-06,0.0,3.897819169651484e-06,2.197621597588295e-06,3.1863276035437593e-06,1.961250063686748e-06,0.0,3.7723839341197163e-07,2.7002731712855166e-06,0.0,4.50670540885767e-06,0.0,2.20073798118392e-06,5.949852948106127e-06,4.876461025560275e-05,2.680381612663041e-06,9.687209058029111e-06,0.0,0.0,1.3297651094035245e-05,1.412578626514005e-06,7.466116130672162e-06,6.588279120478546e-06,1.1400063613109523e-06,5.013667987441295e-07,3.65973828593269e-05,4.3679412442543253e-07,1.3130168099451112e-06,1.6051565410180046e-07,1.204008412969415e-06,1.7228454453288577e-05,1.5678555428166874e-05,0.0,1.211202857120952e-06,9.627599411032861e-07,2.3551918275188655e-05,4.927043482894078e-05,1.2379825420794077e-05,9.576889397067134e-07,0.0,2.9556360914284596e-06,6.108188244979829e-06,2.156418759113876e-06,3.5044251944782445e-06,2.2999345219432143e-06,5.714363851438975e-06,0.0,4.6239068751674495e-07,1.98759062186582e-06,1.3910932466387749e-05,1.6266230886685662e-05,2.907003818108933e-06,9.517321814200841e-06,4.301471199141815e-05,4.291909590392606e-06,6.991377858867054e-07,4.663487197831273e-05,4.9603522711549886e-06,1.953350511030294e-05,4.9041958845919e-05,3.2007972095016157e-07,1.5644743598386412e-06,1.432478256901959e-06,0.0,6.69803011987824e-06,0.0,1.8461034414940514e-05,3.940108399547171e-06,6.983722755649069e-07,1.5092663261384587e-06,2.0370454876683652e-05,1.1272561550867977e-06,2.6285654257662827e-06,5.409858204075135e-05,9.679521463112906e-05,4.398956662043929e-06,5.497085567185422e-06,3.6967396681575337e-06,0.0,3.2634090985084185e-06,6.341872358461842e-05,3.910158739017788e-06,3.737533234016155e-06,1.7774489606381394e-05,3.7513387951548793e-07,1.7694952703095623e-07,4.30377713200869e-06,4.8910867917584255e-05,2.9556576919276267e-06,3.5911323266191175e-06,3.2134815342033107e-07,2.7277229719402385e-07,1.3688122635358013e-06,0.0,1.8465860875949147e-06,9.458010936214123e-06,0.0,1.3854323697159998e-05,2.873974335670937e-05,1.202455587190343e-05
201702,1.1053493835788686e-05,1.2732049299302162e-06,8.124629289341101e-07,3.669902298497618e-06,5.488607257575495e-06,0.0,0.0,2.859888809325639e-06,6.901728397679108e-07,1.4236710740078706e-05,7.8347447924898e-06,1.2915434126625769e-06,0.0004518016939982772,1.0444075996929314e-05,0.0,4.050858478876762e-06,5.35529397893697e-06,4.034153789689299e-06,0.0,5.024963343203126e-07,8.73485760166659e-07,3.280683813500218e-06,2.185429366363678e-07,1.0815138011821546e-06,4.53340732065044e-07,1.5409547131639556e-06,3.548230097294436e-06,2.972711627080571e-05,6.582868028459643e-09,1.3727741134061944e-05,0.0,0.0,3.0072089430177584e-05,1.4821727063463186e-06,1.341195275017526e-05,7.39925690140808e-06,2.646089342306368e-06,6.766694582438504e-07,4.2325624235672876e-05,2.967730097225285e-07,1.3689170828001807e-06,2.855200307294581e-07,1.2180395287941792e-06,1.869317020464223e-05,1.2089504707546439e-05,2.257320147691644e-06,0.0,9.355730981042143e-07,1.8350881873629987e-05,5.567313201026991e-05,9.27729342947714e-06,9.230544719684985e-07,0.0,1.5130356132431189e-06,2.0845986909989733e-06,1.6480632893944858e-06,3.864832706312882e-06,8.979907306638779e-07,7.171862307586707e-06,2.825671856498957e-07,1.4879064735850989e-07,1.2303362382226624e-06,1.1765350791392848e-05,2.5759796699276194e-05,2.048457417913596e-06,8.63687637320254e-06,1.8505868865759112e-05,7.475724032701692e-06,1.8916056205853238e-06,4.873040597885847e-05,8.859247827786021e-06,2.7357253202353604e-05,6.187696271808818e-05,6.138635626484756e-07,6.57035855056165e-07,1.4088716397964163e-06,0.0,2.5195060970872873e-06,6.82357949699508e-07,2.6449895813129842e-05,3.5204827781853965e-06,2.399671643615875e-07,5.5864115893200506e-06,2.0347875761217438e-05,1.1401260024967996e-07,1.908860895127873e-06,4.9520182074047625e-05,7.190928590716794e-05,5.166220489627449e-06,5.4058400564827025e-06,2.574147629275103e-06,2.6617391313266126e-07,0.0,7.793019176460803e-05,2.490770839358447e-06,2.011481456065667e-06,2.0202776795485988e-05,2.8744111091327795e-07,1.9006508864549687e-06,5.530471753445454e-06,4.567559881252237e-05,1.1846623237943277e-07,5.028925443184562e-06,3.7107386106072227e-06,2.0397234834490519e-07,0.0,1.5014605878604925e-06,2.4432779355265666e-06,1.4511323570332024e-05,0.0,1.0348366231482942e-05,2.1852434656466357e-05,8.454774615529459e-06
201703,8.811033694655634e-06,7.734142286608403e-07,7.51523884900962e-07,3.853343514492735e-06,7.90988178778207e-06,1.9027800135518191e-06,1.2959793593836366e-06,0.0,5.395966695687093e-07,1.3147160643711686e-05,1.1748010365408845e-05,3.4046424843836576e-06,0.0004507348348852247,8.411291673837695e-06,5.868820380783291e-07,1.3050295137873036e-06,8.407113227804075e-07,3.8074887243055855e-07,2.1597909380943747e-06,0.0,0.0,2.0408094769663876e-06,0.0,5.44350268683047e-06,7.429097195199574e-07,3.7939141748211114e-06,3.531569291226333e-06,1.855268783401698e-05,1.9654341940622544e-06,1.2397836144373287e-05,6.289109819590522e-07,0.0,2.1114097762620077e-05,2.076498958558659e-06,9.886282896331977e-06,7.4774188760784455e-06,8.500606440975389e-07,1.2942052762809908e-06,3.260718585806899e-05,1.0910708851952222e-06,8.995685334411974e-07,6.7464361563907e-07,2.7249207050772384e-06,1.946745214809198e-05,1.330169106950052e-05,5.73222359889769e-06,1.096166329261905e-06,1.552448196662226e-07,2.5635021302150562e-05,5.2887571655446663e-05,2.8152158847660758e-05,1.0646455166352098e-06,0.0,8.918683306546882e-06,2.8632869089051383e-06,1.797102413547691e-06,2.7337450774211902e-06,3.1527349619864253e-06,7.139282843127148e-06,0.0,0.0,1.2577147572301328e-06,9.530883289698977e-06,2.0918954760418274e-05,3.766411055039498e-06,8.765869097260293e-06,3.1308103643823415e-05,6.50065203444683e-06,6.809860906287213e-07,3.1588904676027596e-05,2.875885229514097e-06,1.7166485122288577e-05,4.690243804361671e-05,1.0266413710269262e-06,6.37132984593336e-07,1.69698807894747e-06,0.0,2.5342199023725698e-06,0.0,3.548649328877218e-05,2.7942576252826257e-06,1.0069695690617664e-06,1.590427132214245e-06,1.9624912965809926e-05,1.9365236312296474e-06,3.641840521595441e-06,5.642704127239995e-05,8.493795758113265e-05,2.77651815849822e-06,5.107031938678119e-06,3.2990660656651016e-06,6.498868287962978e-08,5.782650305263815e-07,9.358074748888612e-05,1.323218612014898e-06,6.548242481585476e-07,1.931326369231101e-05,4.6141363441165595e-07,8.24410165023437e-07,7.635670954186935e-06,4.7413916036020964e-05,5.203909267947893e-07,2.95124755211873e-06,5.202184183872305e-06,0.0,1.1173879244097407e-07,6.506522254312586e-07,0.0,1.5069605069584213e-05,0.0,1.8759590602712706e-05,2.5329254640382715e-05,9.60755642154254e-06
201704,1.0918878615484573e-05,0.0,0.0,3.1323406801675446e-07,6.074983502912801e-06,8.394310953008244e-07,2.1781552561606077e-07,1.8626208202476846e-06,0.0,1.1778734005929437e-05,1.3005569599044975e-05,3.8516204767802265e-06,0.00036623000050894916,7.782104148645885e-06,0.0,2.9134650958440034e-06,1.0942517292278353e-06,4.237004418428114e-07,0.0,5.913788641009887e-07,2.567414298937365e-07,6.87103351992846e-08,3.0290431141111185e-07,2.768086346804921e-07,1.4265974641602952e-06,1.7153855651486083e-06,3.658327614175505e-06,2.133402267645579e-05,1.8002702972808038e-06,9.561985280015506e-06,6.436748094529321e-07,6.734543944730831e-08,1.0041688256023917e-05,1.5144086091822828e-06,6.298224434431177e-06,9.397354006068781e-06,1.5054420146043412e-06,0.0,4.3407741031842306e-05,0.0,0.0,0.0,4.1604511125115096e-07,1.8837898096535355e-05,3.864479367621243e-05,3.848102096526418e-06,1.406508431500697e-06,1.542178097224678e-06,2.9844153687008657e-05,5.9629473980749026e-05,2.5641356842243113e-05,3.713534169946797e-06,0.0,8.324186637764797e-06,6.1169121181592345e-06,7.693530506003299e-07,2.2655842712993035e-06,2.2175652247824473e-06,6.822735031164484e-06,0.0,0.0,1.853672983997967e-06,9.58375858317595e-06,8.094837539829314e-06,2.8945610210939776e-06,1.0548998943704646e-05,4.701161742559634e-05,1.2596807209774852e-05,1.5493101273023058e-06,2.497254536137916e-05,5.149108346813591e-06,8.72721921041375e-06,6.060616215108894e-05,9.149729862656386e-07,2.2512786017614417e-06,0.0,0.0,3.9146957533375826e-06,9.991435945266858e-08,2.805329131660983e-05,5.748449893872021e-06,4.462009144390322e-07,3.6204323805577587e-06,1.315574536420172e-05,8.100371360342251e-07,2.548012162151281e-06,5.0366354116704315e-05,6.269269215408713e-05,2.486651965227793e-06,4.368851932667894e-06,4.755690952151781e-06,1.1803200550275506e-06,1.1860349786729785e-06,0.0001043346564983949,5.634496574202785e-06,3.5094458894491254e-07,1.897035508591216e-05,6.279275908127602e-07,0.0,7.441487468895502e-06,4.4964126573177055e-05,8.905644790502265e-07,4.112824171897955e-06,2.706923851292231e-06,0.0,4.6616045779046544e-07,1.5014311429695226e-06,2.689764073693368e-07,3.2552316042711027e-07,0.0,3.66031272278633e-05,3.08365561068058e-05,1.742631684464868e-05
201705,6.402738563338062e-06,2.697919398997328e-07,4.3854313958036073e-07,4.6973796088423114e-06,7.00594227964757e-06,2.65891253548034e-06,0.0,3.215423703295528e-06,1.740515472192783e-06,1.501894075772725e-05,1.2691892152361106e-05,3.6271339922677726e-06,0.0003796897653955966,1.0632892553985585e-05,0.0,1.7030322396749398e-06,7.2353373070654925e-06,0.0,2.064410864477395e-07,1.9427560005169653e-07,1.601199812739651e-07,9.410493362338457e-07,0.0,0.0,3.5103798268210085e-07,1.6384150285375654e-06,1.6433176597274723e-06,2.74642607109854e-05,0.0,1.1801010259659961e-05,1.2346923767836415e-06,2.7747910280595534e-07,1.6077201507869177e-05,1.2417585821822286e-06,8.870688361639623e-06,5.285277438815683e-06,7.551116141257808e-07,0.0,5.208494621911086e-05,8.330579248649883e-07,2.5355950583616504e-07,1.1790096010599882e-07,2.756346702881274e-06,1.7334370568278246e-05,2.042360938503407e-05,0.0,2.832775294336898e-07,9.146136221716006e-07,3.566599480109289e-05,4.9716421926859766e-05,1.7002255845000036e-05,1.1444705705798697e-05,0.0,4.527328655967722e-06,6.850344561826205e-06,2.599676463432843e-06,3.3117137263616314e-06,1.293862169404747e-06,1.1610088222369086e-05,0.0,3.892853612796898e-07,8.933773187891347e-07,1.5167939636739902e-05,1.1641820492513943e-05,4.878389063378563e-06,5.626760867016856e-06,3.16404111799784e-05,1.4295538676378783e-05,0.0,1.930251528392546e-05,2.1209286842349684e-06,1.5537556464551017e-05,5.095673623145558e-05,8.862843259294095e-08,2.535418843763182e-07,8.111560418910813e-07,0.0,2.8385834411892574e-06,6.956012157388614e-07,3.115897925454192e-05,3.5080777252005646e-06,4.3833421159433783e-07,2.1963007839076454e-06,1.2200104720250238e-05,6.244046289793914e-06,2.4025571292440873e-06,4.220953269395977e-05,7.546191045548767e-05,3.114223090960877e-06,3.691818619699916e-06,2.6141333364648744e-06,0.0,2.818363498136023e-07,9.635143942432478e-05,8.224706675719062e-07,0.0,1.9636307115433738e-05,9.920707952915109e-07,0.0,5.084203621663619e-06,4.445601371116936e-05,0.0,3.931799255951773e-06,7.626820661243983e-06,0.0,0.0,4.095870735909557e-06,2.023579668275488e-07,3.964329607697437e-06,0.0,9.463587048230693e-06,2.5779045245144516e-05,1.561728640808724e-05
201706,9.425587450095918e-06,1.8560214130047825e-06,1.7531536968817818e-06,1.341202960247756e-06,6.552636477863416e-06,5.644534173399052e-09,0.0,2.4022850197980006e-07,4.745621936308453e-06,9.613348993298132e-06,1.36391763589927e-05,2.900163053709548e-06,0.00038093424518592656,1.2677230188273825e-05,0.0,1.992529178096447e-06,4.650844402931398e-06,3.1026081614982104e-06,1.3002415926166577e-06,1.0205771161508892e-07,1.1997620674719656e-07,1.0396649940958014e-06,0.0,2.8987376481381943e-06,0.0,2.820849203999387e-06,1.923925992741715e-06,4.878329491475597e-05,1.139861524279695e-06,5.685476935468614e-06,1.6841746628415422e-06,0.0,1.628159407118801e-05,8.431277933595993e-07,5.614928795694141e-06,1.040246024786029e-05,1.5412813354487298e-06,0.0,4.342946704127826e-05,5.205228603699652e-07,8.797867394605419e-07,9.062168260243197e-07,2.2580999825549952e-07,1.797626282495912e-05,3.056299829040654e-05,4.945864020555746e-06,8.210649298234785e-07,2.1574685433733976e-06,3.8489150028908625e-05,5.1832459575962275e-05,1.7397893316228874e-05,7.238762464112369e-06,0.0,2.150099135178607e-06,3.812138402281562e-06,2.576788347141701e-06,4.057529167766916e-06,1.7214008494192967e-06,7.663891665288247e-06,0.0,2.411979380667617e-07,1.4919233990440262e-06,9.093486369238235e-06,2.8345462851575576e-05,2.6249485927110072e-06,1.1904408893315122e-05,2.8829375878558494e-05,2.3581322238896973e-05,8.561592608202773e-07,2.437454168102704e-05,1.4678901152365142e-06,1.7340860722470097e-05,3.197914338670671e-05,5.06976505221246e-07,1.7270054968321347e-06,0.0,0.0,0.0,0.0,3.701310197357088e-05,4.936518053000327e-06,1.1300488722554292e-06,3.0908145163266454e-06,1.572030123497825e-05,2.634433712955797e-06,2.4217174541263375e-06,6.55264884699136e-05,5.2821960707660764e-05,7.082759907461877e-07,6.754385594831547e-06,3.317950358905364e-06,2.1682150475044182e-07,4.0364775486523286e-06,6.44758329144679e-05,3.2733461807765707e-07,0.0,2.2288568288786337e-05,5.72830060718843e-07,0.0,9.80874574452173e-06,4.0217870264314115e-05,2.549942564655794e-06,7.387352070509223e-06,3.125669991277391e-06,0.0,0.0,5.00081750942627e-06,2.376817292315536e-06,9.220846663993143e-07,0.0,2.1569154341705143e-05,1.7724012650432996e-05,1.4798384654568508e-05
201707,1.0531731277296785e-05,6.115255928307306e-07,8.305985943479754e-07,4.201202500553336e-06,7.974519576237071e-06,2.8737426873703953e-06,1.8347527657169849e-06,9.513499321656127e-07,2.0452498574741185e-06,7.094348802638706e-06,1.611900734133087e-05,6.757031769666355e-06,0.0003378063265699893,9.33055707719177e-06,0.0,1.5464396483366727e-06,1.573823465150781e-05,6.306220967644549e-08,0.0,1.940835545610753e-07,0.0,3.272179355917615e-06,0.0,3.009163719980279e-06,0.0,1.6022941053961404e-06,4.658900706999702e-06,4.7305034968303517e-05,2.9213063612587575e-07,6.788589871575823e-06,1.6978108305920614e-06,0.0,4.4023425289196894e-05,2.756299181783106e-06,1.5747857105452567e-05,7.486474260076648e-06,1.6423165334344958e-06,8.161501909853541e-07,6.041470624040812e-05,6.367450566813204e-08,3.363252005783579e-07,1.0634696678835098e-07,0.0,1.301430802413961e-05,2.7002135539078154e-05,2.5786384867387824e-06,9.802902241062839e-07,1.3431715615297435e-06,3.9019068935886025e-05,6.093536285334267e-05,2.2516123863169923e-05,4.245060608809581e-06,0.0,7.503167580580339e-06,1.7766720930012525e-06,2.1204768927418627e-06,4.448874278750736e-06,8.904932542463939e-07,3.0171020171110285e-06,3.154012517825322e-07,4.642857902581454e-07,1.355836900529539e-07,1.626543962629512e-05,5.701696409232682e-06,2.37820177062531e-06,1.3328948625712655e-05,2.2105297830421478e-05,2.6643190722097643e-05,1.6269477782770991e-06,1.4382733752427157e-05,3.008682597283041e-06,2.7615293220151216e-05,4.405729487189092e-05,7.380263014056254e-07,1.0963906333927298e-06,0.0,0.0,0.0,0.0,2.9071261451463215e-05,5.229062935541151e-06,3.0970095394877717e-06,7.841641490813345e-06,1.238530057889875e-05,1.2628679257886688e-07,1.1924167893084814e-06,5.56810773559846e-05,2.5779880161280744e-05,3.199407728970982e-06,4.429682576301275e-06,2.9438249384838855e-06,6.028692496329313e-07,5.750266609538812e-07,5.6031221902230754e-05,1.6879650956980186e-06,2.7778276034950977e-06,1.3632879017677624e-05,2.952529882804811e-07,6.470895641541574e-07,1.109993718273472e-05,5.1885373977711424e-05,3.060601784454775e-06,3.85736757380073e-06,1.024648008751683e-05,1.1467673175502568e-06,0.0,2.079973455693107e-06,2.228228140666033e-06,2.6631614673533477e-06,0.0,2.024832065217197e-05,1.017598515318241e-05,1.3857707017450593e-05
201708,7.191700660769129e-06,1.6794508894690807e-07,6.68482158516781e-08,2.084252173517598e-06,6.42040004095179e-06,2.085554200448314e-07,0.0,2.2128715500002727e-06,1.5664642205592827e-06,1.2728484762192238e-05,1.8315991837880574e-05,8.489949323120527e-06,0.00030232302378863096,8.77557886269642e-06,0.0,2.3072564090398373e-06,1.0399620805401355e-05,1.6229355992436467e-07,0.0,0.0,3.6721351648338896e-07,2.292981207574485e-06,0.0,2.839381977537414e-06,2.280635129636721e-07,3.4040376704069786e-06,6.510790171887493e-06,2.8215079510118812e-05,1.8134370520783705e-06,4.646056822821265e-06,2.9119937039467914e-07,0.0,5.2325540309539065e-05,2.258924951092922e-06,9.144021532847546e-06,4.87815668748226e-06,0.0,5.265924869490846e-07,6.852837395854294e-05,0.0,2.945510573226784e-07,0.0,7.99276335783361e-07,1.1699821698130108e-05,1.8178423488279805e-05,3.8264911950136593e-07,5.704131922357192e-07,1.096056507776666e-06,4.190094841760583e-05,5.435236744233407e-05,1.373375107505126e-05,8.826652447169181e-06,0.0,6.449468401115155e-06,3.939025191357359e-06,6.568571393472666e-07,1.9291926491860067e-06,1.7816292938732659e-06,6.844611561973579e-06,0.0,1.7345477942853904e-07,7.995832334017905e-07,1.0694438060454559e-05,3.550073870428605e-06,0.0,7.231149538711179e-06,2.3873844838817604e-05,1.8281049051438458e-05,5.783577421425434e-07,1.481198978581233e-05,3.2951322737062583e-06,1.6650437828502618e-05,4.393783456180245e-05,1.674661461947835e-06,3.316835773148341e-06,0.0,0.0,1.5576387113469536e-06,0.0,3.192890289938077e-05,6.00549356022384e-06,2.5231704512407305e-06,4.1511420931783505e-06,9.096841495193075e-06,1.0823232514667325e-06,3.456575825566688e-07,4.930369323119521e-05,3.507714063744061e-05,2.376932116021635e-06,4.0057407204585616e-06,4.413344868225977e-06,1.2743196293740766e-06,0.0,8.802739466773346e-05,4.695310963143129e-06,6.782272521377308e-07,1.909888487716671e-05,5.656269763676391e-07,6.886107826176158e-07,8.37686729937559e-06,4.311454176786356e-05,5.272713679005392e-07,6.017798568791477e-06,8.390289622184355e-06,1.2246919141034596e-06,0.0,2.264148179165204e-06,0.0,4.726821316580754e-06,0.0,7.863845894462429e-06,4.310858639655635e-05,1.4247690160118509e-05
201709,2.310930722160265e-05,5.348459239939984e-07,0.0,1.0610809795252862e-06,5.570140729105333e-06,8.410005648329388e-06,6.178630087561032e-07,4.758125214721076e-06,2.461109716023202e-06,1.2369986507110298e-05,1.65119217854226e-05,3.1511447105003754e-06,0.00026337310555391014,1.0297068001818843e-05,3.0851020937916473e-07,1.5080694311109255e-06,9.38523680815706e-06,0.0,1.3841455483998288e-06,0.0,2.939046339633933e-07,1.8201111515736557e-06,0.0,0.0,8.618000606475107e-07,2.0951908936694963e-06,3.7630034057656303e-06,2.6076770154759288e-05,0.0,3.122527914456441e-06,7.435540965161636e-07,0.0,6.635631143581122e-05,6.522960234178754e-07,2.5875660867313854e-05,3.1900037811283255e-06,1.0591849104457651e-06,0.0,6.02926047577057e-05,3.197624778294994e-07,1.5609170986863319e-06,7.231549403741155e-08,6.448670433201187e-07,1.387136126140831e-05,2.9302993425517343e-05,2.3550940113636898e-06,0.0,1.4211102552508237e-06,4.116773197893053e-05,6.11814102740027e-05,9.316745490650646e-06,1.0151843525818549e-05,0.0,1.0598485005175462e-06,2.3454306301573524e-06,4.090568381798221e-06,1.6109904663608177e-06,1.0145745363843162e-06,1.9066721961280564e-06,0.0,5.757547114626504e-07,0.0,1.4052606275072321e-05,2.1107966858835425e-06,4.4083394641347695e-06,5.8826376516663e-06,1.5607944078510627e-05,2.56079038081225e-05,9.261114541914139e-07,1.6768732166383415e-05,7.433597147610271e-06,1.5112112123460975e-05,4.024598456453532e-05,3.898773229593644e-06,1.8614822465679026e-06,1.0222803581427797e-07,2.4970970002868853e-07,1.8496530174161308e-07,0.0,2.9171054848120548e-05,2.7220337415201357e-06,4.178394021892018e-07,3.5543976082408335e-06,5.116360171086853e-06,6.452731668105116e-06,2.0388995380926644e-06,4.678704499383457e-05,2.870588104997296e-05,4.88004934595665e-06,4.713785983767593e-06,2.611372792671318e-06,8.310640282616077e-07,3.837936674244702e-06,7.06341743352823e-05,4.262677521182923e-06,1.054930066857196e-06,1.532953501737211e-05,2.8394782702889643e-07,8.839572274155216e-07,7.003390237514395e-06,3.819326593657024e-05,0.0,5.35213393959566e-06,8.20652894617524e-06,0.0,9.191636962668781e-08,2.725977765294374e-06,0.0,1.4758149973204127e-06,0.0,1.3931922694609966e-05,2.0578156181727536e-05,2.3454505935660563e-05
201710,1.3360501725401264e-05,0.0,2.1395375426891405e-07,1.4143714679448749e-06,2.9868263027310604e-06,1.8441550082570757e-06,0.0,8.787440037849592e-07,2.804844825732289e-06,8.424869520240463e-06,1.7466189092374407e-05,6.785647656215588e-06,0.0003348968457430601,1.424268884875346e-05,0.0,2.9840734896424692e-06,1.980786692001857e-06,1.0397136520623462e-06,2.8511349228210747e-06,8.965383813119843e-07,1.5480409274459817e-06,2.797375827867654e-06,5.535860054806108e-07,3.1808622225071304e-06,4.041721695102751e-07,2.944007292171591e-06,3.3599594644329045e-06,1.2531547326943837e-05,5.01138288200309e-07,2.446305870762444e-06,0.0,4.5962113404129923e-07,1.8597778762341477e-05,2.8609508717636345e-06,8.546748176740948e-06,5.062721811555093e-06,8.2967176240345e-07,1.1561415931282681e-06,6.531276449095458e-05,0.0,1.3930633713243878e-06,5.841379788762424e-07,5.024566576139478e-07,1.8431157513987273e-05,2.4757033315836452e-05,7.414547553707962e-07,0.0,1.3872514728063834e-06,2.5851662940112874e-05,5.0060181820299476e-05,6.927362846909091e-05,4.372767307359027e-06,0.0,1.0552288358667283e-06,3.3972210076171905e-06,9.936636615748284e-07,2.8624078822758747e-06,1.9529136352502974e-06,3.4005387306024204e-07,4.423152972776734e-07,0.0,3.1381102871819166e-07,1.1222430657653604e-05,4.315864316595253e-06,7.147514679672895e-06,7.154566901590442e-06,2.3436496121576056e-05,1.4293235835793894e-05,0.0,3.1837684218771756e-05,4.625936071533943e-06,2.360584585403558e-05,5.271468762657605e-05,1.1007838338628062e-06,1.1767631349357544e-06,0.0,0.0,1.3458712828651187e-06,1.148733090872156e-07,2.6962658012052998e-05,2.7364023935660953e-06,0.0,6.0583784033951815e-06,6.599846074095694e-06,1.1505525435495656e-05,1.7816818171922932e-06,4.628084570867941e-05,3.927707439288497e-05,2.432058636259171e-06,3.556509909685701e-06,4.803996034752345e-06,5.119475758874614e-07,8.46715374791529e-06,7.742143498035148e-05,2.632279120007297e-06,5.215458145357843e-07,1.4864828699501231e-05,3.099098648817744e-07,1.002175736175559e-06,6.46358330413932e-06,3.45196713169571e-05,6.841439130766958e-07,5.963714102108497e-06,7.423258466587868e-06,1.6758485799073242e-07,0.0,2.1476730580616277e-06,3.9480295299654244e-07,3.0505966606142465e-06,0.0,1.3557386409956962e-05,8.777880793786608e-06,2.0622974261641502e-05
201711,9.43984468904091e-06,6.327926485028001e-07,0.0,2.0764073269674554e-06,4.931636794935912e-06,3.10687096316542e-06,7.944582876007189e-07,1.5129258201795892e-07,1.2962312894160277e-06,8.66858408699045e-06,1.9198185327695683e-05,7.5599000410875306e-06,0.00033849600004032254,1.5588886526529677e-05,0.0,6.199342124091345e-07,7.970579645188991e-06,0.0,1.3775756997347344e-06,3.4136587601096835e-07,7.732198525900458e-08,9.633527042751666e-07,0.0,2.437029934299062e-06,1.317170728043493e-07,3.3154612992802868e-06,6.925919024070026e-06,1.1602651284192689e-05,1.1484218020996195e-06,5.157286523171933e-06,1.097206109079707e-06,0.0,2.811269041558262e-05,1.4427828318730462e-06,7.472578090528259e-06,2.515394726287923e-06,9.279199275624705e-07,5.246611749498697e-07,6.502476026071236e-05,0.0,7.782815032442159e-07,6.460122108364885e-07,1.0243740007354063e-06,1.579934178153053e-05,2.690962537599262e-05,4.414561772136949e-06,5.600870167654648e-07,8.204140158341033e-07,2.4434692022623494e-05,4.7149511374300346e-05,3.799493788392283e-05,2.1326619389583357e-05,0.0,4.950568836648017e-06,4.694106337410631e-06,3.8038970160414465e-06,1.3500400655175326e-06,9.297364726990054e-07,2.6457862531970022e-06,0.0,3.707229154770175e-07,1.7224693920070422e-06,8.624883776064962e-06,3.770747298403876e-06,4.7985495257307775e-06,9.483243957220111e-06,1.031137344398303e-05,1.8665739844436757e-05,2.5249316877307137e-06,4.5459233660949394e-05,4.519144567893818e-06,1.7875154298963025e-05,5.7256915170000866e-05,1.3161712786313728e-06,1.942463313753251e-06,0.0,3.058326285554358e-07,5.949334536126116e-07,0.0,2.045834480668418e-05,4.708652795670787e-06,9.039509905051091e-07,4.412295766087482e-06,8.446101674053352e-06,0.0,1.6462062149003032e-06,4.8561141738900915e-05,3.709293741849251e-05,9.166875543087372e-07,2.3967604647623375e-06,3.3383275876985863e-06,4.454410884591198e-07,0.0,6.351143383653834e-05,1.847818452915817e-06,9.004817798086151e-07,2.453628258081153e-05,5.765352852904471e-07,1.1585611900954973e-06,1.2380256521282718e-05,3.838606062345207e-05,0.0,6.629364179389086e-06,6.440046036004787e-06,2.137131787094404e-06,4.945920295540418e-07,0.0,2.9546802124968963e-06,7.448122119058098e-07,0.0,7.3209989750466775e-06,3.849764107144438e-05,4.095637996215373e-05
201712,7.1033782660379075e-06,2.0681689250068302e-08,2.172579343096004e-06,2.2096251086622942e-06,8.719628567632753e-06,5.785218490927946e-06,9.54696375288222e-08,7.521493330386875e-07,1.6655367289786227e-06,1.2221611541463062e-05,2.079260411846917e-05,4.704333605332067e-06,0.00035541359102353454,1.2706213055935223e-05,0.0,2.1841849502379773e-06,5.792634510726202e-06,7.232357575048809e-07,0.0,6.557287406394607e-07,0.0,7.41526719139074e-07,0.0,2.6671497721508786e-07,1.3320970992936054e-06,1.3053280554231605e-06,9.16919987048459e-07,1.7151662177639082e-05,1.191928504340467e-06,5.152312041900586e-06,3.3435017599003913e-07,0.0,3.038168142666109e-05,4.174435161985457e-06,2.0191895600873977e-05,6.921945896465331e-07,4.621601021881361e-07,8.320010351781093e-07,6.111765833338723e-05,0.0,1.0874033478103229e-06,0.0,1.0752728485385887e-06,1.458419137634337e-05,2.837469583027996e-05,2.0778661564690992e-06,0.0,8.509143754054094e-07,2.7118687285110354e-05,5.1388477004365996e-05,2.0905870769638568e-05,1.159982548415428e-05,1.6908559246076038e-06,3.0998673992144177e-06,5.733860689360881e-06,5.05127786709636e-07,5.542005510505987e-06,7.4804160021813e-07,3.1866468361840816e-06,0.0,0.0,7.732637072876969e-07,8.112930117931683e-06,5.54229927729466e-06,4.441097644303227e-06,3.7656009226338938e-06,1.9845416318275966e-05,1.2940394299221225e-05,8.653898930788273e-07,4.881408312940039e-05,3.409361625017482e-06,2.3762391720083542e-05,4.3474374251673e-05,4.271099101060827e-07,7.040903255983721e-07,3.4057524089803337e-07,0.0,0.0,0.0,2.0609257262549363e-05,6.347905582515523e-06,7.239997046326607e-08,4.295527560316259e-06,5.946296823822195e-06,1.0727717381087132e-06,3.93305435864022e-06,4.5704684453085065e-05,3.686772470246069e-05,4.072260708198883e-06,6.984362698858604e-06,3.406232053748681e-06,4.0021171798798605e-07,2.040430331362586e-07,7.82039132900536e-05,6.749190220034507e-07,8.618364972790005e-07,2.002203109441325e-05,7.343641641455179e-07,0.0,8.95615085028112e-06,3.223259045626037e-05,2.3071687849096634e-07,2.831170604622457e-06,7.76406432123622e-06,0.0,0.0,0.0,2.4872292669897433e-06,5.001853423891589e-06,0.0,2.5151104637188837e-05,4.475408422877081e-05,2.1467019905685447e-05
201801,7.854069554014131e-05,1.9844750568154268e-05,4.3641422962537035e-05,3.518981611705385e-05,9.62612175499089e-05,5.3019877668702975e-05,7.290145276783733e-06,5.092096034786664e-05,5.0840331823565066e-05,0.00011629944492597133,4.519830326898955e-05,2.3159169359132648e-05,0.00208016624674201,8.160278957802802e-05,8.41308178678446e-07,5.4462227126350626e-05,0.000267895549768582,2.669201603566762e-05,2.2742447072232608e-06,6.94455775374081e-06,3.1352636142401025e-05,9.488098839938175e-06,1.6637122826068662e-06,2.2972559236222878e-05,1.928268829942681e-05,1.993873593164608e-05,3.957601438742131e-05,0.0001689082564553246,4.073971649631858e-05,7.137627835618332e-05,5.774239070888143e-06,6.675369149888866e-06,0.0009562160703353584,4.0891369280871004e-05,0.00013442149793263525,5.942809366388246e-06,3.128923708572984e-05,9.489294825471006e-06,0.00033480109414085746,1.199761845782632e-05,1.538439937576186e-05,1.941324444487691e-05,2.508727993699722e-05,0.00012511662498582155,0.00020040152594447136,6.35083324596053e-06,1.4192623893904965e-05,4.351495954324491e-05,0.00016945540846791118,0.00023897360370028764,0.00011770182027248666,0.00020409749413374811,5.243112354946788e-06,0.00011574506788747385,3.934084088541567e-05,4.1798295569606125e-05,4.23341516579967e-05,1.2526272257673554e-05,4.689189518103376e-05,1.0250178092974238e-05,1.6213794879149646e-05,1.9220207832404412e-05,0.0001137142680818215,0.00016380095621570945,4.863885624217801e-05,8.616537525085732e-05,0.00028180525987409055,0.00023626045731361955,6.710253364872187e-05,0.0005472219199873507,0.00010752191883511841,0.0003660256916191429,0.0004968795692548156,2.3498880182160065e-05,4.415232615428977e-05,1.0881020898523275e-05,1.766679588399711e-06,1.3416670299193356e-05,2.116164750987082e-06,0.00022249271569307894,5.088753459858708e-05,3.515123898978345e-05,6.788257451262325e-05,0.0001378958986606449,0.00015231753059197217,3.032730455743149e-05,0.00025325766182504594,0.00044887594413012266,9.983227209886536e-05,1.8957236534333788e-05,1.2538172995846253e-05,3.428453055676073e-05,9.212859367835335e-06,0.0005614772089757025,3.0856430385028943e-05,1.0481575372978114e-05,0.0003492650866974145,2.065704029519111e-05,3.603874574764632e-05,0.00024639154435135424,0.00017984826990868896,1.374329804093577e-05,0.00012716698984149843,5.340237112250179e-05,4.929253918817267e-05,1.0989206202793866e-05,3.87986256100703e-05,1.848019201133866e-05,3.510807437123731e-05,1.297483663620369e-06,8.893015183275566e-05,0.0001742832246236503,0.00010444720828672871
201802,0.00012639073247555643,1.999978303501848e-05,1.1712230843841098e-05,6.593458238057792e-05,7.995470514288172e-05,3.174035009578802e-05,7.079095666995272e-06,2.6451552912476473e-05,1.9216557120671496e-05,0.00017425768601242453,6.439795106416568e-05,4.293605525163002e-05,0.00214515277184546,7.737778651062399e-05,5.239774054643931e-06,4.1994924686150625e-05,0.00023034130572341383,2.4789891540422104e-05,6.774884695914807e-06,1.446747137379134e-05,4.1611612687120214e-05,1.5483095921808854e-05,1.0331295015930664e-05,4.0953698771772906e-05,9.026540283230133e-06,3.368998659425415e-05,2.0741579646710306e-05,0.0001913261803565547,2.5256167646148242e-05,8.11359568615444e-05,7.735592589597218e-06,5.660460374201648e-06,0.0011033801129087806,2.873809171433095e-05,0.00010651764023350552,2.3863172827987e-05,2.8753498554578982e-05,2.7512180622579763e-06,0.0003516856813803315,1.010039613902336e-05,2.4114760890370235e-05,1.1033821465389337e-05,2.0590125132002868e-05,0.00014160510909277946,0.00020135979866608977,4.3789819756057113e-05,1.9961678844993003e-05,3.6186665965942666e-05,0.0001571621687617153,0.00024760692031122744,7.745184120722115e-05,0.00015328635345213115,7.739508873783052e-06,8.977418474387378e-05,2.730383312155027e-05,2.4227914764196612e-05,3.995810038759373e-05,7.761398592265323e-06,5.956009408691898e-05,6.460062650148757e-06,2.567152819210605e-07,3.035361078218557e-05,0.0001311838859692216,0.00010545860277488828,9.341006079921499e-05,0.00010601378016872332,0.00043906085193157196,0.00017151642532553524,1.9349663489265367e-05,0.0004267598269507289,0.00015753872867207974,0.0003621404175646603,0.0005303143407218158,1.9976525436504744e-05,5.2487743232632056e-05,2.8571855636982946e-06,4.2792689214365964e-07,1.6929307093960233e-05,3.1629692784918007e-06,0.00018871171050705016,5.757896724389866e-05,2.458036942698527e-05,5.228528243605979e-05,0.00010344701149733737,9.569750545779243e-05,4.601358523359522e-05,0.0002700736513361335,0.0003710946475621313,5.499771214090288e-05,2.3584949303767644e-05,1.5023607375042047e-05,1.781771788955666e-05,5.188440354686463e-06,0.0005526239983737469,4.208612517686561e-05,1.1293818715785164e-05,0.00022315053502097726,1.229361350851832e-05,2.3182523364084773e-05,0.0001859936601249501,0.0002263151400256902,9.490452612226363e-06,0.00011009765876224265,8.506762242177501e-05,4.650341361411847e-05,7.990514859557152e-06,3.757703598239459e-05,4.1310559026896954e-05,3.198583726771176e-05,5.138777936508632e-08,8.551136124879122e-05,0.00013643559941556305,7.995309715624899e-05
201803,0.0001074621468433179,7.051699412841117e-06,1.0140118320123293e-05,5.193102333578281e-05,9.498299186816439e-05,5.843170583830215e-06,6.991466307226801e-06,8.10157143860124e-05,1.3552524251281284e-05,0.00011732470738934353,5.820808291900903e-05,2.9107433874742128e-05,0.002284252317622304,5.346580655896105e-05,3.3201713449670933e-06,2.532384496589657e-05,0.0002792365849018097,5.916844020248391e-05,4.395677706270362e-07,1.0498577466933057e-05,2.7158419470652007e-05,6.76034323987551e-06,1.0959291103063151e-05,2.2961239665164612e-05,1.3657881936524063e-05,2.4301049052155577e-05,2.2997282940195873e-05,0.0002994869719259441,1.3371824024943635e-05,5.9609734307741746e-05,1.4762473256269004e-05,1.5517467545578256e-05,0.0011546334717422724,4.451487984624691e-05,0.00014066360017750412,3.26590561599005e-05,2.9048325814073905e-05,5.721941533920472e-07,0.0003448753268457949,2.020325518969912e-05,2.4440443667117506e-05,1.047948535415344e-05,2.619808765302878e-05,0.0001385554060107097,0.00024242981453426182,5.968767436570488e-05,1.394739683746593e-05,2.7175727154826745e-05,0.0001496642071288079,0.00023982769926078618,9.095978020923212e-05,0.0002343745291000232,3.429092032547487e-07,0.00011742820061044767,5.553996379603632e-05,4.1799132304731756e-05,5.158646672498435e-05,1.6467354726046324e-05,6.943190237507224e-05,1.4745487533218693e-06,1.5825111404410563e-05,2.0362997020129114e-05,0.0001184104330604896,9.50142348301597e-05,3.821582504315302e-05,0.0001338678994216025,0.00039876499795354903,0.00020142545690760016,4.4222779251867905e-05,0.0004341862804722041,0.00018693805031944066,0.00031873953412286937,0.00041217077523469925,3.381584247108549e-05,5.6102348025888205e-05,1.1571878530958202e-05,8.990670039565885e-07,1.649672594794538e-05,5.0333496801613364e-06,0.00013958792260382324,7.21161559340544e-05,2.9602484573842958e-05,7.131166785256937e-05,0.00022519147023558617,7.022797944955528e-05,3.29516151396092e-05,0.0003041278396267444,0.0002943590225186199,8.393851749133319e-05,2.8603202736121602e-05,2.199156915594358e-05,1.7628046407480724e-05,1.398070526192896e-05,0.000576784077566117,1.4381438631971832e-05,1.123198035202222e-05,0.00029588869074359536,1.6514002709300257e-05,3.0119075745460577e-05,0.0001789408561307937,0.00021053267118986696,7.391141934931511e-06,0.0001188653041026555,6.997220771154389e-05,1.5975714632077143e-05,5.934288765274687e-06,1.3953795132692903e-05,2.1105672203702852e-05,2.4000881239771843e-05,1.066965864993108e-06,0.00011259508755756542,0.00015469557547476143,7.99246336100623e-05
201804,0.00013256000238470733,1.1700624781951774e-05,3.4354448871454224e-05,4.6286892029456794e-05,9.918513387674466e-05,1.80383231054293e-05,1.4042199836694635e-05,3.917459980584681e-05,2.930150913016405e-05,7.353061664616689e-05,9.940844756783918e-05,4.9267124268226326e-05,0.0021839160472154617,9.25600907066837e-05,7.004729468462756e-06,3.62918981409166e-05,0.00039094348903745413,4.1365608922205865e-05,1.8702521629165858e-05,4.226511464366922e-06,2.8852018658653833e-05,1.5118486771825701e-05,1.9148938008584082e-05,3.252969327149913e-05,2.9509759770007804e-05,4.358396108727902e-05,2.506837699911557e-05,0.00020754337310791016,2.5590583391021937e-05,0.00010662717249942943,1.0350246157031506e-05,1.7468559235567227e-05,0.001023010234348476,4.214158980175853e-05,0.00017545690934639424,4.865217488259077e-05,2.493021202099044e-05,1.1877361430379096e-05,0.00032102243858389556,8.39618132886244e-06,1.7852720702649094e-05,1.3405255231191404e-05,2.2103520677774213e-05,0.00012219493510201573,0.0001792169059626758,2.3742390112602152e-05,2.7652366043184884e-05,1.8784012354444712e-05,9.89373293123208e-05,0.00022443270427174866,0.00018750163144432008,0.00022714292572345585,5.878845968254609e-06,0.00012096422142349184,3.269235821790062e-05,3.620370989665389e-05,6.553265120601282e-05,1.8973876649397425e-05,4.4539068767335266e-05,8.426774002145976e-06,1.2523420991783496e-05,3.019104406121187e-05,0.00011096121306763962,0.00011803075176430866,6.544315692735836e-05,0.00016972677258308977,0.0003763840068131685,0.00014199005090631545,1.949692341440823e-05,0.00037102721398696303,9.940346353687346e-05,0.00026293270639143884,0.00043607945553958416,1.6872803826117888e-05,3.715456114150584e-05,7.267280579981161e-06,1.4219515378499636e-06,7.340583579207305e-06,2.5398312573088333e-06,0.00021839651162736118,6.736662180628628e-05,4.458989133127034e-05,3.372363426024094e-05,0.00017668984946794808,8.457652438664809e-05,4.624633220373653e-05,0.00034239544766023755,0.0004538108769338578,8.368172711925581e-05,3.884770194417797e-05,2.139652679034043e-05,2.8719892725348473e-05,2.2682999770040624e-05,0.0005488166934810579,6.356146514008287e-06,1.5094681657501496e-05,0.00013941380893811584,1.70488674484659e-05,4.228943362249993e-05,0.0001774452393874526,0.00014137932157609612,9.1828824224649e-06,7.915679452707991e-05,6.845602911198512e-05,1.4955291590013076e-05,7.664064469281584e-06,3.338289388921112e-05,8.823803909763228e-06,1.9325654648127966e-05,0.0,0.00010448579268995672,0.00021548605582211167,7.995010673766956e-05
201805,9.17268916964531e-05,4.771486146637471e-06,3.5296863643452525e-05,3.3863267162814736e-05,0.00012048240751028061,3.285894126747735e-05,7.965894837980159e-06,5.8332003391114995e-05,2.067806235572789e-05,0.00015345994324889034,6.835681415395811e-05,3.927879151888192e-05,0.0022411965765058994,9.519299055682495e-05,6.753864454367431e-06,2.3767495804349892e-05,0.0003520114114508033,6.82422032696195e-05,2.187706922995858e-05,4.250234269420616e-06,4.320869265939109e-05,8.487972991133574e-06,1.7846723494585603e-05,3.056809146073647e-05,1.4479297533398494e-05,3.022576856892556e-05,3.63859289791435e-05,0.00024480358115397394,1.7210772057296708e-05,6.221700459718704e-05,1.2660850643442245e-06,4.518516107054893e-06,0.0006983246421441436,3.476060010143556e-05,0.00012299227819312364,3.827460022876039e-05,5.28747150383424e-05,5.6349122132814955e-06,0.0003747609443962574,1.2890816833532881e-05,3.537387601681985e-05,2.1431847926578484e-05,1.939679350471124e-05,0.00011177945998497307,0.00017700862372294068,1.632725070521701e-05,3.41755585395731e-05,5.0546783313620836e-05,0.00015349929162766784,0.00018813350470736623,0.00015659347991459072,0.0002864141424652189,1.2839354894822463e-06,0.00011255186836933717,4.412697671796195e-05,2.7328111173119396e-05,7.212394120870158e-05,2.740235322562512e-05,8.078483369899914e-05,3.5917673812946305e-06,1.4351182471727952e-05,2.4818922611302696e-05,0.00014806889521423727,0.000134654575958848,7.36489164410159e-05,7.212455238914117e-05,0.0004944570828229189,0.0001890801650006324,3.297080547781661e-05,0.0004316240083426237,0.00013964831305202097,0.0002633715921547264,0.0004340158775448799,2.641564242367167e-05,5.400889858719893e-05,5.349369985196972e-06,3.1143756018536806e-07,1.41476521093864e-05,1.2103845620003995e-05,0.0001815769064705819,4.59279544884339e-05,3.7561720091616735e-05,4.4801596231991425e-05,0.00011649174120975658,5.5303458793787286e-05,4.503977470449172e-05,0.00037104886723682284,0.0002975458337459713,6.798631511628628e-05,2.795864020299632e-05,1.5329127563745715e-05,2.1742884200648405e-05,1.1420582268328872e-05,0.0006283418624661863,6.0453425248852e-05,8.063037967076525e-06,0.00021195424778852612,1.0027332791651133e-05,1.2532162145362236e-05,0.00021210785780567676,0.00019343248277436942,1.4669039046566468e-05,8.06988391559571e-05,7.943906530272216e-05,1.3085647879051976e-05,3.9049240285748965e-07,2.0082330593140796e-05,1.969719050975982e-05,3.648412894108333e-05,1.57172360104596e-06,0.00016339949797838926,0.00012685355613939464,0.00011276283476036042
201806,0.0001221571583300829,3.0455399610218592e-05,2.7892339858226478e-05,3.9288413972826675e-05,7.876208110246807e-05,1.788101508282125e-05,6.561465397680877e-06,5.8195728342980146e-05,1.822632475523278e-05,6.891401426400989e-05,5.593919922830537e-05,4.869578333455138e-05,0.00214070244692266,9.442293958272785e-05,0.0,1.705047907307744e-05,0.0003627472324296832,8.760188211454079e-05,3.334203574922867e-05,4.231654656905448e-06,1.9961469661211595e-05,1.136286482505966e-05,3.2857431051525054e-06,1.1398398783057928e-05,1.63810582307633e-05,2.444584242766723e-05,2.2580736185773276e-05,0.00018317026842851192,2.2774978788220324e-05,5.412802784121595e-05,1.1433753570599947e-05,2.573218625911977e-05,0.0021414461079984903,3.233612369513139e-05,8.192128734663129e-05,3.133022983092815e-05,4.6872686652932316e-05,1.6305697499774396e-05,0.00038690955261699855,1.732352757244371e-05,2.5094488592003472e-05,1.5959931261022575e-05,1.931341648742091e-05,0.00015498223365284503,0.0001565637212479487,6.831402288298705e-07,2.4643642973387614e-05,5.831972885061987e-05,0.00011960521806031466,0.0002206709614256397,8.89120128704235e-05,0.0003287227591499686,0.0,0.00015327900473494083,5.97532962274272e-05,4.5252407289808616e-05,6.941985338926315e-05,2.0814732124563307e-05,7.140534580685198e-05,1.3968038729217369e-05,1.2768363376380876e-05,3.877196286339313e-05,0.000109734435682185,0.00017086051229853183,6.942699110368267e-05,8.261937909992412e-05,0.0003902944445144385,0.00020261162717361003,2.1812747945659794e-05,0.0003599446499720216,0.0001050588907673955,0.0002716130402404815,0.00038758545997552574,1.5653706213925034e-05,4.793153493665159e-05,5.379577487474307e-06,2.0826628315262496e-06,1.2132339179515839e-05,5.117529781273333e-06,0.00022963057563174516,6.749285967089236e-05,3.092547558480874e-05,3.596892929635942e-05,0.0002685684012249112,8.384390821447596e-05,5.9657719248207286e-05,0.0003551081463228911,0.0003681281232275069,7.174242637120187e-05,2.541389585530851e-05,1.3344702892936766e-05,2.9905799237894826e-05,1.1952446584473364e-05,0.0005695362924598157,7.180253305705264e-05,1.0763197678897996e-05,0.00022321366122923791,2.677261181815993e-05,2.0493749616434798e-05,0.00024725522962398827,0.00012563689961098135,2.052858872048091e-05,9.302385296905413e-05,6.605188536923379e-05,2.1639891201630235e-05,1.8820717286871513e-06,1.4294242646428756e-05,1.5815581718925387e-05,2.7982418032479472e-05,2.0271304492780473e-06,0.00015048691420815885,0.0001599847455509007,0.00011309736873954535
201807,9.399059490533546e-05,1.8585762518341653e-05,1.6175510609173216e-05,3.809525151154958e-05,6.0939019022043794e-05,3.910438681486994e-05,1.698168125585653e-05,8.554872329114005e-05,1.5147967133088969e-05,0.00010085605754284188,7.697162800468504e-05,4.055054523632862e-05,0.0021549630910158157,8.245265780715272e-05,2.8248179660295136e-05,4.4006148527842015e-05,0.00035528448643162847,7.858543540351093e-05,3.979035682277754e-06,2.472904270689469e-06,2.0349571059341542e-05,1.4525063306791708e-05,5.4936167543928605e-06,2.5407132852706127e-05,1.4287487829278689e-05,4.577180516207591e-05,2.038545426330529e-05,0.00013982353266328573,1.1539012120920233e-05,4.593141784425825e-05,8.31166653370019e-06,3.25637938658474e-06,0.0026901764795184135,3.269844455644488e-05,0.00012787897139787674,2.8887436201330274e-05,3.957300941692665e-05,4.5553670702247473e-07,0.00039848251617513597,2.6140924092032947e-05,2.3541462724097073e-05,6.810727427364327e-06,1.913990854518488e-05,0.00013385452621150762,0.00016805277846287936,5.08641005581012e-06,1.4302741874416824e-05,3.146762901451439e-05,0.00017425660917069763,0.00020519291865639389,7.669020851608366e-05,0.0004155518545303494,2.786154027489829e-06,0.00014361663488671184,4.569565498968586e-05,2.604863948363345e-05,5.767686161561869e-05,2.9011036531301215e-05,5.4009738960303366e-05,3.208364887541393e-06,6.2332387642527465e-06,4.9860151193570346e-05,0.00011749358964152634,0.00022350884682964534,1.852589957707096e-05,0.00011756602907553315,0.00045428978046402335,0.00021729218133259565,2.1063706299173646e-05,0.0002703246136661619,8.641931344754994e-05,0.00031226029386743903,0.00036837602965533733,1.9269948097644374e-05,4.965503831044771e-05,1.2203452570247464e-05,2.120155841112137e-06,1.5267299886545516e-06,5.607259367934603e-07,0.0001711530494503677,4.0249917219625786e-05,1.7583271983312443e-05,7.202395499916747e-05,0.00018258650379721075,0.00010547152487561107,8.271589467767626e-05,0.000494695152156055,0.00039762811502441764,2.7433739887783304e-05,3.0054592571104877e-05,1.713372694212012e-05,6.763641977158841e-06,1.3441123883239925e-05,0.000444758974481374,1.3979823961562943e-05,7.72032217355445e-06,0.00023035224876366556,2.0266415958758444e-05,3.318253584438935e-05,0.00021362505503930151,0.00014394588652066886,5.910127583774738e-06,0.00010898410255322233,4.47534657723736e-05,2.7024755127058597e-06,1.2115177014493383e-05,1.7909364032675512e-05,4.486730904318392e-05,2.8489008400356397e-05,4.98607960253139e-06,0.00015791443001944572,0.00010420683247502893,0.0001847246167017147
201808,0.00011252145486650988,3.489794107736088e-05,2.0764586224686354e-05,4.660788181354292e-05,5.6340770242968574e-05,4.8841331590665504e-05,2.4792543626972474e-05,5.667953155352734e-05,1.903512929857243e-05,0.00013665245205629617,0.0001227604370797053,2.6241079467581585e-05,0.00222428678534925,6.609805132029578e-05,2.3313987185247242e-06,6.064397166483104e-05,0.0004077822668477893,6.304239650489762e-05,6.321437012957176e-06,7.71055965742562e-06,3.0333647373481654e-05,1.6642510672681965e-05,1.2678589882852975e-05,1.317466171713022e-06,1.3806738024868537e-05,2.956386742880568e-05,3.611227293731645e-05,0.00013008498353883624,6.525892331410432e-06,3.322930206195451e-05,5.094835614727344e-06,1.949103534570895e-06,0.0009006912587210536,4.5483575377147645e-05,0.00011757612082874402,6.1106438806746155e-06,4.847217496717349e-05,2.3911632069939515e-06,0.0004315352998673916,7.330406788241817e-06,1.8507995264371857e-05,1.3487642718246207e-05,2.427765321044717e-05,0.00013507971016224474,0.0001799318561097607,2.323268745385576e-06,1.847596104198601e-05,5.239042002358474e-05,0.00012384388537611812,0.00024204104556702077,0.0001266085309907794,0.00032596252276562154,3.1489205412071897e-06,0.00013765369658358395,4.218299000058323e-05,6.662309169769287e-05,5.502753265318461e-05,3.09805509459693e-05,5.836221680510789e-05,1.055882967193611e-05,9.48510023590643e-06,3.144089714623988e-05,0.0001198144891532138,0.00020397336629685014,2.762085023277905e-05,0.00019636150682345033,0.00042284635128453374,0.00018818625540006906,2.5824450858635828e-05,0.0002989721833728254,0.0001563453406561166,0.00028694633510895073,0.0003963246417697519,1.4537176866724622e-05,5.751653588959016e-05,5.1112790970364586e-05,6.269253844948253e-07,1.671738937147893e-05,3.064496922888793e-06,0.0001756243291310966,4.4166165025671944e-05,4.1709281504154205e-05,5.9853424318134785e-05,0.00012449650967027992,0.00013622002734337002,7.188623567344621e-05,0.000361494516255334,0.0004038964107166976,2.6687011995818466e-05,1.958875327545684e-05,3.82012985937763e-05,9.472585588810034e-06,1.484156928199809e-05,0.00032612489303573966,4.903604349237867e-05,4.800390343007166e-06,0.00012634799350053072,1.8128392184735276e-05,2.174706241930835e-05,0.00022650399478152394,0.0001954308827407658,1.1598108358157333e-05,8.790797437541187e-05,5.20264329679776e-05,1.0938410014205147e-05,1.3467739336192608e-05,1.1867639841511846e-05,9.667199265095405e-06,6.464924808824435e-05,1.2966507938472205e-06,8.790675201453269e-05,0.00013870604743715376,0.0001800255849957466
201809,8.836409688228741e-05,7.428422122757183e-06,2.288255564053543e-05,4.279274071450345e-05,7.729492790531367e-05,2.2260081095737405e-05,4.7348476073239e-05,4.0111583075486124e-05,1.40554166137008e-05,8.424651605309919e-05,0.00012875602988060564,4.87976212752983e-05,0.0021290418226271868,7.536681368947029e-05,5.674050953530241e-06,4.052754593431018e-05,0.00038413715083152056,1.9906583474949002e-05,1.5274516044883057e-05,1.2632151992875151e-05,4.0003229514695704e-05,2.0497722289292142e-05,1.010880441754125e-05,3.09542338072788e-05,3.8391706766560674e-05,3.2748477678978816e-05,3.184803790645674e-05,0.0002199794544139877,1.8078975699609146e-05,3.113225466222502e-05,1.987093492061831e-05,8.377211997867562e-06,0.0017344801453873515,4.1681738366605714e-05,0.00014404536341316998,2.4643626602482982e-05,4.934962635161355e-05,3.6705134789372096e-06,0.0003540057805366814,1.8647015167516656e-05,4.204724245937541e-05,1.3519043932319619e-05,2.036922705883626e-05,0.0001545752602396533,0.00019001656619366258,3.1187689728540136e-06,2.4340288291568868e-05,7.970001024659723e-05,0.00012242385128047317,0.00013826695794705302,0.00018542000907473266,0.0003494806296657771,4.820171398023376e-06,0.00011561270366655663,6.853506783954799e-05,3.702515095937997e-05,5.4679647291777655e-05,4.234618609189056e-05,2.3216542103909887e-05,7.2850270953495055e-06,7.99113968241727e-06,2.6172729121753946e-05,9.946202771971002e-05,0.00019874516874551773,3.4022657928289846e-05,0.0002197656431235373,0.00044502405216917396,0.00015762090333737433,2.2914506189408712e-05,0.0003768174792639911,9.079895244212821e-05,0.00022369928774423897,0.00040881094173528254,1.0884167750191409e-05,5.669779784511775e-05,1.2499116564868018e-05,3.1242862519320624e-07,5.016758677811595e-06,1.2018755114695523e-05,0.0001263220328837633,2.8846341592725366e-05,2.653709270816762e-05,3.763621498364955e-05,0.00012843059084843844,8.902253466658294e-05,8.151004294632003e-05,0.0003630103019531816,0.0004815059946849942,6.735653732903302e-05,5.3229101467877626e-05,2.125092942151241e-05,5.551252343138913e-06,3.3967280614888296e-05,0.0002447684237267822,2.8183736503706314e-05,6.194267371029127e-06,0.00022702220303472131,1.1898699085577391e-05,3.194621604052372e-05,0.00019590856391005218,0.0002341928193345666,1.0325275070499629e-05,9.22756880754605e-05,7.782753527862951e-05,1.4305293007055297e-05,3.7465945297299186e-06,5.4276970331557095e-06,3.422020745347254e-05,3.976525476900861e-05,3.931813807867002e-06,0.0001619715621927753,0.000281840591924265,8.898581290850416e-05
201810,8.127329056151211e-05,1.4446780369326007e-05,1.5462181181646883e-05,5.021927790949121e-05,8.333607547683641e-05,1.0546905286901165e-05,7.475010988855502e-06,4.714427996077575e-05,1.5671770597691648e-05,9.80972035904415e-05,0.00011403636744944379,3.3833548513939604e-05,0.0021326993592083454,5.39888787898235e-05,1.381423408020055e-05,6.169348489493132e-05,0.00033634831197559834,4.8293462896253914e-05,1.1691847703332314e-06,1.585623795108404e-05,2.3409975256072357e-05,1.4266631296777632e-05,7.4844761002168525e-06,1.8112848920281976e-05,3.739635576494038e-05,2.739627962000668e-05,4.7677767724962905e-05,0.00022348797938320786,5.68307905268739e-06,5.4640746384393424e-05,1.9375177089386852e-06,1.0928730262094177e-05,0.001345160068012774,2.69849733740557e-05,0.0001365255593555048,1.6849620806169696e-05,4.583413465297781e-05,1.249872980224609e-06,0.0003185153764206916,1.5853091099415906e-05,3.680603185785003e-05,1.2192891517770477e-05,2.0602066797437146e-05,0.0001599626411916688,0.0001801010948838666,2.2544076273334213e-05,5.0406193622620776e-05,5.191350282984786e-05,0.00022867541701998562,0.00014931385521776974,9.960628813132644e-05,0.00027573638362810016,2.018099075939972e-05,0.00011266349611105397,6.723950355080888e-05,1.490254271629965e-05,6.25260581728071e-05,3.214671596651897e-05,2.020389001700096e-05,1.067269295162987e-05,6.837169621576322e-07,4.086373883183114e-05,0.00010602550173643976,0.00028949056286364794,5.091474668006413e-05,0.00014487306179944426,0.00047357415314763784,0.0002397239877609536,3.981002009822987e-05,0.00044284266186878085,3.798617035499774e-05,0.0002902757260017097,0.0005443182308226824,2.4041393771767616e-05,5.7198438298655674e-05,7.257623565237736e-06,2.105667391560928e-07,1.3760351976088714e-05,2.4085833501885645e-05,0.0001631465565878898,2.4747412680881098e-05,3.211681905668229e-05,5.383628740673885e-05,5.761270222137682e-05,0.0001276012189919129,7.740038563497365e-05,0.0002614114200696349,0.0004008236574009061,5.666018114425242e-05,4.257838008925319e-05,2.0477511498029344e-05,1.9117918782285415e-05,6.457818017224781e-06,0.00019909851835109293,3.4516149753471836e-05,7.935436769912485e-06,0.00023932736075948924,1.746920133882668e-05,4.123094186070375e-05,0.00018884538440033793,0.00027829682221636176,1.7499323803349398e-05,0.0002743226650636643,0.0001612092019058764,2.0641222363337874e-05,6.1319078668020666e-06,1.3115756701154169e-05,5.076608431409113e-07,4.7293789975810796e-05,1.2979315897609922e-06,0.0002122690057149157,0.00014467052824329585,0.0001197159945149906
201811,8.509697363479063e-05,2.5049921532627195e-05,2.3137068637879565e-05,6.95541748427786e-05,5.960799171589315e-05,8.981577593658585e-06,5.4155489124241285e-06,5.066893936600536e-05,2.1078054487588815e-05,0.00011125739547424018,0.00013695126108359545,3.3448195608798414e-05,0.0018078797729685903,7.728903437964618e-05,2.3690239686402492e-05,5.149029311724007e-05,0.00039864270365796983,4.322822132962756e-05,2.0843397578573786e-05,7.874426955822855e-06,3.891850428772159e-05,9.482342647970654e-06,6.339610536088003e-06,5.454502570501063e-06,2.1953794203000143e-05,1.8713375538936816e-05,3.060302333324216e-05,0.00018682409427128732,1.2784093087248039e-05,2.262705129396636e-05,5.845942723681219e-05,6.9277607508411165e-06,0.0023139549884945154,3.305340578663163e-05,0.000122361583635211,7.540970727859531e-06,2.91533833660651e-05,2.98871395898459e-06,0.00033151687239296734,1.3920527635491453e-05,1.2393408724165056e-05,1.4133944205241278e-05,3.929522790713236e-05,0.00021486528567038476,0.00017847679555416107,2.1978639779263176e-05,2.199322625529021e-05,2.7235073503106833e-05,0.00013293135270942003,0.00018787026056088507,0.00016875786241143942,0.000300763436825946,3.7809320474480046e-07,0.00011671827087411657,6.125485379016027e-05,3.920399831258692e-05,8.183582394849509e-05,2.0809653506148607e-05,2.453246634104289e-05,7.584274044347694e-06,5.155927738087485e-06,4.2640876927180216e-05,9.078685252461582e-05,0.00029035424813628197,3.561793710105121e-05,0.0001452818396501243,0.00048530628555454314,0.0001882539363577962,2.7657990358420648e-05,0.00037318572867661715,8.48683703225106e-05,0.0003845898318104446,0.0005249487585388124,3.656659464468248e-05,8.272799459518865e-05,2.3075257558957674e-05,0.0,6.882753950776532e-06,7.354520676017273e-06,0.00022280163830146194,5.3253403166309e-05,1.5978992450982332e-05,6.273642065934837e-05,7.295286923181266e-05,8.66092013893649e-05,6.264088733587414e-05,0.0003730594180524349,0.0003449599607847631,2.3679438527324237e-05,3.251340240240097e-05,3.396084503037855e-05,9.20487946132198e-06,4.584800626616925e-05,0.00022437913867179304,2.4980838134069927e-05,6.756226412107935e-06,0.00017024984117597342,1.9689263353939168e-05,3.727787407115102e-05,0.00018956066924147308,0.0001701099390629679,6.208384547790047e-06,0.0001882948708953336,4.7600336984032765e-05,2.0014969777548686e-05,5.387614692153875e-07,4.616902060661232e-06,4.964196250512032e-06,7.573498442070559e-05,0.0,0.00017071072943508625,0.00017150669009424746,0.00013279033009894192
201812,0.00012180619523860514,1.4761755664949305e-05,3.2391970307799056e-05,4.538143184618093e-05,6.194471643539146e-05,2.471714287821669e-05,7.494792043871712e-06,6.124110950622708e-05,3.907657082891092e-05,0.00015669943240936846,0.00014835370529908687,3.081171234953217e-05,0.0018928978824988008,5.776791658718139e-05,2.4949251837824704e-06,9.496333950664848e-05,0.00035327213117852807,2.98422783089336e-05,1.0259575901727658e-05,3.986220235674409e-06,4.9794391088653356e-05,1.3054912415100262e-05,2.544827111705672e-06,2.781126750051044e-05,3.5670382203534245e-05,3.485846900730394e-05,2.419115844531916e-05,0.00022083509247750044,7.197946615633555e-06,2.4389937607338652e-05,1.736468038870953e-05,1.7831383729571826e-06,0.0013805541675537825,2.8564600142999552e-05,0.0001189104441436939,1.3760227375314571e-05,5.13889935973566e-05,1.4597403605876025e-06,0.0003898612631019205,1.1319739314785693e-05,2.5761019060155377e-05,5.764595698565245e-06,3.174391531501897e-05,0.00022880629694554955,0.00017459939408581704,8.402351340919267e-06,3.2517687941435724e-05,2.7139823941979557e-05,9.004375169752166e-05,0.00020919195958413184,0.0001756052952259779,0.00023333888384513557,5.9275448620610405e-06,0.00013915546878706664,5.0901213398901746e-05,5.060208059148863e-05,6.047498027328402e-05,2.3356455130851828e-05,2.0815268726437353e-05,8.510351108270697e-06,3.823957285931101e-06,4.046445246785879e-05,0.00011086235463153571,0.00014184796600602567,2.858045627363026e-05,0.00018555705901235342,0.000583177839871496,0.000205720221856609,2.8973412554478273e-05,0.00027636036975309253,6.190825661178678e-05,0.00045275039155967534,0.0005028588930144906,1.8290824300493114e-05,0.000131916138343513,1.305899513681652e-05,0.0,8.304933544422965e-06,6.934312750672689e-06,0.00011019196972483769,4.114684634259902e-05,2.564945134508889e-05,0.00012328970478847623,0.00011086899758083746,0.0001300135481869802,8.32170044304803e-05,0.00041898363269865513,0.00021365868451539427,6.576775922439992e-05,5.056860754848458e-05,3.304114579805173e-05,1.0553662832535338e-05,3.783983993344009e-05,0.00019951636204496026,2.7869593395735137e-05,1.7779213521862403e-05,0.00021158845629543066,2.1904286768403836e-05,1.6338333807652816e-05,9.253306780010462e-05,0.0001857740426203236,9.556965778756421e-06,0.00025952537544071674,6.437970296246931e-05,1.5980696844053455e-05,7.369173090410186e-06,4.226457349432167e-06,6.563265742443036e-06,8.407027053181082e-05,0.0,0.000257642735959962,0.00011090503539890051,0.00012917919957544655
201901,5.882129130441172e-07,0.0,0.0,0.0,1.335516685685434e-06,0.0,0.0,6.959351139812497e-07,0.0,6.169846074044472e-06,3.504187361613731e-06,9.150795108325838e-07,0.00025317270774394274,1.4295322898760787e-06,0.0,0.0,2.5086312234634534e-05,0.0,0.0,0.0,0.0,0.0,0.0,0.0,0.0,4.2892122564808233e-07,5.211912252889306e-07,1.0684918379411101e-05,0.0,0.0,0.0,0.0,2.5698573153931648e-05,2.4529308575438336e-06,2.6428204364492558e-05,2.722739793625806e-07,0.0,0.0,3.920450762961991e-05,0.0,0.0,0.0,3.5452749216347e-06,6.331348231469747e-06,2.5876288418658078e-06,0.0,0.0,1.613861627447477e-06,3.46229353453964e-05,3.248240682296455e-05,1.711334516585339e-05,6.089481757953763e-06,0.0,4.8913489081314765e-06,0.0,0.0,4.338527332947706e-07,2.3930923020998307e-07,0.0,0.0,0.0,8.140746103890706e-07,5.298998644320818e-07,5.7300144362670835e-06,0.0,0.0,2.1300963908288395e-06,1.2420019857017905e-06,0.0,3.5398372233430564e-07,0.0,5.325584879756207e-06,2.7153377232025377e-05,0.0,0.0,0.0,0.0,0.0,0.0,1.8583907603897387e-06,0.0,0.0,5.817216333525721e-06,8.437743304057221e-07,0.0,2.3582424546475522e-07,2.3963921194081195e-05,2.476981171639636e-05,2.4694461444596527e-06,4.473378794500604e-06,1.0960418421745999e-06,0.0,0.0,2.1044848836027086e-05,0.0,0.0,1.0002820999943651e-05,0.0,0.0,3.3058533972507576e-06,9.271266208088491e-06,0.0,2.3060249532136368e-06,4.1457947190792765e-06,0.0,0.0,0.0,0.0,2.3307718493015273e-06,0.0,1.6678055544616655e-05,3.87737964047119e-05,3.7452504329849035e-05
201902,1.1016466032742755e-06,0.0,3.936416135275067e-07,0.0,1.1740934269255376e-06,0.0,9.288656315220578e-07,0.0,4.113273064376699e-07,2.0616867004719097e-06,3.935508630092954e-06,0.0,0.00023761701595503837,0.0,4.622383130481467e-06,1.0286599945175112e-06,3.939847374567762e-05,0.0,0.0,0.0,0.0,4.5183958263805835e-07,0.0,0.0,0.0,1.0732696864579339e-06,0.0,1.7527629097457975e-05,0.0,4.85030909658235e-07,0.0,0.0,2.776087603706401e-05,1.970626499314676e-06,8.627610441180877e-06,0.0,0.0,0.0,4.2570100049488246e-05,0.0,0.0,0.0,3.5505033793015173e-06,5.430122200777987e-06,0.0,0.0,0.0,0.0,3.856406328850426e-05,3.5586574085755274e-05,1.1916606126760598e-05,4.690665264206473e-06,0.0,2.714505853873561e-06,1.1223402225368773e-06,0.0,3.394741554529901e-07,0.0,0.0,0.0,0.0,0.0,7.030749884506804e-07,4.2210936612718797e-07,2.656219351138134e-07,1.0786401389850653e-06,4.747038474306464e-06,1.0223470781056676e-06,0.0,1.981108425752609e-06,1.0834988870556117e-06,4.133444690523902e-06,1.8902612282545306e-05,7.875742085161619e-07,9.701165254227817e-06,0.0,0.0,0.0,0.0,2.2810199595824088e-07,0.0,0.0,5.188709565118188e-06,1.2390705705911387e-05,0.0,5.687637667506351e-07,1.664936644374393e-05,9.418875379196834e-06,2.171470896428218e-06,5.7007073337445036e-06,1.578335741214687e-06,0.0,0.0,1.5570803952869028e-05,0.0,0.0,9.037093150254805e-06,0.0,0.0,2.358993924644892e-06,1.321058334724512e-05,4.7215047516147024e-07,1.7939149984158576e-05,1.122709932133148e-06,0.0,0.0,0.0,0.0,0.0,0.0,3.6378696677275e-05,8.526129022357054e-06,2.1134708731551655e-05
201903,9.243444196727069e-07,0.0,0.0,0.0,3.4258280834364996e-07,0.0,0.0,6.078951173549285e-07,0.0,4.544513558357721e-06,5.325293841451639e-06,0.0,0.0002109632478095591,3.989752030975069e-07,0.0,0.0,2.7121950552100316e-05,0.0,0.0,0.0,2.7241296152169525e-07,0.0,0.0,0.0,0.0,0.0,0.0,1.4580914466932882e-05,0.0,0.0,0.0,0.0,1.1986287063336931e-05,4.8716265155235305e-06,2.19144258153392e-05,0.0,5.588236149378645e-07,1.3036958534939913e-07,9.190624950861093e-06,0.0,0.0,0.0,3.386464413779322e-06,1.3390283129410818e-05,2.57733677244687e-06,2.1562054826063104e-06,0.0,0.0,2.9932065444882028e-05,4.1766485082916915e-05,1.5813584468560293e-05,1.1371859727660194e-05,0.0,8.181972589227371e-06,1.3043799071965623e-06,0.0,0.0,0.0,0.0,0.0,0.0,0.0,9.859871852313518e-07,3.883014869643375e-06,4.3700214291675366e-07,0.0,1.3345723345992155e-05,3.96384893974755e-06,0.0,1.2898241266157129e-06,0.0,9.593941285857e-06,2.3470893211197108e-05,0.0,1.4788050066272262e-05,0.0,0.0,0.0,0.0,7.674504445276398e-07,0.0,0.0,5.269666417007102e-06,1.2290147424209863e-05,0.0,6.061104045329557e-07,1.0888990800594911e-05,1.2764166967826895e-05,2.641408855197369e-06,4.613427336153109e-06,3.095024339927477e-06,0.0,0.0,8.955814337241463e-06,0.0,0.0,5.868391326657729e-06,0.0,0.0,3.880840722558787e-06,1.1527005881362129e-05,0.0,8.624409929325338e-06,0.0,1.2284285730856936e-06,0.0,0.0,0.0,0.0,0.0,1.1781263310695067e-05,1.0473669135535602e-05,2.57881674770033e-05
201904,4.2592643012540066e-07,0.0,1.767887624737341e-06,0.0,0.0,2.217244400526397e-06,9.381265044794418e-07,0.0,3.6766082303074654e-06,1.5204963119686e-06,4.519553840509616e-06,0.0,0.00024504700559191406,1.1256389598202077e-06,0.0,1.3858277725375956e-06,9.847190085565671e-06,0.0,0.0,0.0,0.0,0.0,0.0,0.0,0.0,5.175424462322553e-07,9.37647371301864e-07,2.100142046401743e-05,1.397123014612589e-06,0.0,0.0,0.0,2.6806137611856684e-05,1.4714128155901562e-06,2.034367025771644e-05,7.748558346065693e-07,0.0,0.0,1.061578677763464e-05,0.0,7.209440013866697e-07,0.0,3.2196069241763325e-06,3.2111850032379152e-06,2.334301598239108e-06,0.0,0.0,0.0,1.771499046299141e-05,2.387917265878059e-05,1.1517715392983519e-05,5.368481652112678e-06,0.0,2.6169784177909605e-05,3.0383097282538074e-07,4.903706667391816e-07,1.3687902082892833e-06,0.0,0.0,0.0,0.0,7.127218282221293e-07,1.6366029740311205e-06,1.3173349543649238e-05,2.591135626062169e-07,0.0,2.9727754736086354e-05,1.756644451234024e-06,0.0,4.03147168981377e-06,0.0,6.3634674916102085e-06,2.484735523466952e-05,0.0,1.1012079994543456e-05,0.0,0.0,0.0,0.0,1.3280256325742812e-06,0.0,0.0,7.134906354622217e-06,4.4706262087856885e-06,2.091005171678262e-06,6.351771730805922e-07,1.3212731573730707e-05,3.3154985430883244e-05,1.891861188596522e-06,2.1515159005502937e-06,8.264047437478439e-07,0.0,0.0,5.995227638777578e-06,0.0,6.556741141139355e-07,4.054801593156299e-06,0.0,0.0,1.2106158919777954e-06,4.758319482789375e-05,0.0,4.5227793634694535e-06,2.4915855192375602e-06,1.0670044048310956e-06,0.0,0.0,0.0,0.0,0.0,1.7876522178994492e-05,1.68886108440347e-05,2.321458850929048e-05
201905,8.752070357331831e-07,0.0,0.0,0.0,5.481428502207564e-07,5.2801880201514e-07,0.0,7.456734465449699e-07,0.0,1.5564186242045253e-06,7.429554443660891e-06,0.0,0.00014751008711755276,0.0,0.0,0.0,2.7114409022033215e-05,0.0,0.0,0.0,0.0,0.0,0.0,0.0,0.0,7.826243972886004e-07,9.46712248151016e-07,1.314258679485647e-05,6.984289484535111e-07,0.0,0.0,0.0,2.6868303393712267e-05,2.053349817288108e-06,2.7927262635785155e-05,3.0592931921091804e-07,0.0,0.0,8.828480531519745e-06,0.0,0.0,1.2627040746338025e-07,3.7375161809904967e-06,1.3064307040622225e-06,2.8412616757123033e-06,0.0,0.0,1.6370084949812735e-06,9.538156518829055e-06,2.3333557692239992e-05,1.8154214558308013e-05,1.1948849305554177e-06,0.0,4.2015875806100667e-05,3.5435084555501817e-07,3.0906457482160477e-07,7.806890494066465e-07,0.0,0.0,0.0,0.0,7.428525350405835e-07,1.8457042187947081e-06,9.055662303580903e-06,4.171419334397797e-07,5.220251750870375e-06,2.5800258299568668e-05,1.5247660485329106e-06,0.0,1.968885953829158e-06,3.4515323932282627e-06,2.5032952635228867e-06,3.286414357717149e-05,0.0,9.912968380376697e-06,0.0,0.0,0.0,0.0,7.446617473760853e-07,0.0,0.0,1.5178387002379168e-05,6.317492534435587e-06,2.0808806766581256e-06,1.1062790008509182e-06,1.1483228945508017e-06,1.4820208889432251e-05,4.2540946196822915e-06,2.066457227556384e-06,2.318627281283625e-07,3.4536859061518044e-07,0.0,2.9436100703605916e-06,0.0,0.0,2.2451358745456673e-06,0.0,0.0,4.769809947902104e-06,1.9852039258694276e-05,1.9279087837276165e-07,8.16756255517248e-06,2.3045740817906335e-06,1.2201229537822655e-06,0.0,0.0,0.0,0.0,0.0,2.0184470486128703e-05,4.019496918772347e-05,3.275883864262141e-05
201906,1.3570294754572387e-07,1.4289898899733089e-06,8.455469355794776e-07,0.0,6.587270036106929e-07,0.0,1.7838526673585875e-06,0.0,0.0,2.183881179007585e-06,1.1672645996441133e-05,0.0,0.00018996221479028463,3.663481891180709e-07,0.0,0.0,3.150288830511272e-05,3.10978202833212e-06,0.0,0.0,0.0,5.30210172655643e-07,0.0,0.0,0.0,2.9312039373508014e-07,1.4280461755333818e-06,1.7591942196304444e-06,0.0,0.0,0.0,0.0,3.94948037865106e-05,7.622110160809825e-07,2.1260042558424175e-05,0.0,4.4730447257279593e-07,0.0,3.4542056255304487e-06,0.0,3.2584117093392706e-07,0.0,3.964051757066045e-06,3.572896275727544e-06,1.526777123217471e-05,0.0,0.0,1.6052531464083586e-06,3.034569090232253e-05,1.4076904335524887e-05,1.1250303032284137e-05,1.1301971198918181e-06,0.0,4.132917820243165e-05,2.6148231313527504e-07,2.886038714677852e-07,3.610718977142824e-06,0.0,0.0,0.0,0.0,0.0,0.0,4.637640358851058e-06,0.0,1.2777728670698707e-06,3.886297781718895e-05,5.312660391609825e-07,0.0,0.0,0.0,4.6118138925521635e-06,2.589286486909259e-05,0.0,3.100927278865129e-05,0.0,0.0,0.0,0.0,0.0,0.0,0.0,1.2993553355045151e-05,1.424981473974185e-05,0.0,1.7607388258511492e-07,1.6061572978287586e-06,7.96393578639254e-06,3.083838237216696e-06,2.036308160313638e-06,1.2693947155639762e-06,0.0,0.0,2.4122768991219345e-06,0.0,0.0,3.3560925203346414e-06,3.020533370090561e-07,0.0,3.0856945159030147e-06,1.7696776922093704e-05,0.0,1.5291952877305448e-05,5.483487370838702e-07,0.0,0.0,0.0,0.0,0.0,0.0,3.491784809739329e-05,3.395796738914214e-05,1.620884177100379e-05
201907,7.341243417613441e-07,0.0,5.385206236496742e-07,0.0,5.696416565115214e-07,4.604584091794095e-07,0.0,6.682068942609476e-07,0.0,9.047013804774906e-07,4.413989699969534e-06,0.0,0.00017343928629998118,0.0,2.9621705834870227e-06,0.0,4.367871952126734e-05,1.6289286008941417e-07,0.0,0.0,0.0,0.0,0.0,0.0,0.0,0.0,2.0610366391338175e-06,2.659419351402903e-06,0.0,0.0,0.0,0.0,1.9875291400239803e-05,1.8178659502154915e-06,3.516861397656612e-05,0.0,9.636651157052256e-07,0.0,3.7789143334521214e-06,0.0,0.0,0.0,3.8018260966055095e-06,1.441845711269707e-06,1.1086734957643785e-05,0.0,0.0,2.3650827642995864e-06,1.4119809748081025e-05,9.333279194834176e-06,2.735239286266733e-05,3.128350726910867e-06,0.0,3.143589856335893e-05,5.566004688262183e-07,0.0,9.92906734609278e-07,0.0,0.0,0.0,0.0,8.669252338222577e-07,1.5319712929340312e-06,3.605685151342186e-06,0.0,0.0,1.7775309970602393e-05,2.388031134614721e-06,0.0,0.0,0.0,4.399440058477921e-06,2.970300556626171e-05,0.0,1.701504697848577e-05,0.0,0.0,0.0,0.0,6.062474540158291e-07,0.0,0.0,6.667805337201571e-06,2.7004296043742215e-06,2.5160563836834626e-06,2.4165371996787144e-06,2.5785857360460795e-06,1.2370169315545354e-05,2.2805943444836885e-06,1.6912379123823484e-06,3.1588626825396204e-06,0.0,0.0,6.128598215582315e-06,7.57619375235663e-07,0.0,2.719504891501856e-06,0.0,0.0,5.0243015721207485e-06,1.345868622593116e-05,0.0,2.8948805265827104e-05,4.861763613916992e-07,1.1982560863543767e-06,0.0,0.0,0.0,0.0,0.0,1.7588739865459502e-05,2.791579936456401e-05,2.0724221030832268e-05
201908,3.219255972908286e-07,0.0,0.0,0.0,1.210473897117481e-06,0.0,0.0,1.1491052873680019e-06,0.0,5.371414317778545e-07,5.847503416589461e-06,0.0,0.0001281555596506223,0.0,2.4725577532080933e-06,0.0,9.30767273530364e-05,0.0,0.0,0.0,0.0,0.0,0.0,0.0,0.0,2.46763448785714e-07,2.968941771541722e-06,2.2226081455301028e-06,0.0,0.0,0.0,0.0,1.2537141628854442e-05,1.2584588375830208e-06,3.380935959285125e-05,0.0,8.156953867910488e-07,0.0,2.9433654162858147e-06,0.0,3.0743342449568445e-07,0.0,3.746514721569838e-06,1.2097124226784217e-06,1.1021061254723463e-05,0.0,0.0,0.0,1.0676938472897746e-05,1.1452095350250602e-05,2.6265599444741383e-05,4.1204693843610585e-06,0.0,2.377833516220562e-05,0.0,0.0,9.259606486011762e-07,0.0,1.0899725566559937e-06,0.0,0.0,0.0,2.0798217974515865e-06,3.263090320615447e-06,5.506383899955836e-07,0.0,3.408453721931437e-06,0.0,0.0,5.949728461018822e-07,0.0,4.856311079493025e-06,3.66423737432342e-05,3.0133357142858586e-08,1.3482687791110948e-05,0.0,0.0,0.0,0.0,5.06914034303918e-07,0.0,0.0,5.3573558034258895e-06,1.8367658185525215e-06,1.921476950883516e-06,2.544678068261419e-07,3.0706544293934712e-06,2.287842107762117e-05,1.0393667935204576e-06,8.205563517549308e-07,3.045048515559756e-07,0.0,0.0,5.989299552311422e-06,0.0,0.0,3.13806071972067e-06,0.0,6.687785685244307e-07,6.3447664615523536e-06,1.9332350348122418e-05,0.0,1.9763090676860884e-05,0.0,0.0,0.0,0.0,0.0,0.0,0.0,2.2297381292446516e-05,2.2069716578698717e-05,2.36567975662183e-05
201909,4.6037589527259115e-06,0.0,0.0,0.0,5.05587195220869e-07,1.4556369478668785e-06,0.0,1.0397020560048986e-05,0.0,1.2779584039890324e-06,4.31853550253436e-06,0.0,6.731453322572634e-05,0.0,0.0,0.0,0.00010513783490750939,9.698969449800643e-08,0.0,0.0,0.0,4.7677008296886925e-07,0.0,0.0,0.0,1.1321070587655413e-06,8.456889304397919e-07,2.50787275035691e-06,0.0,6.388956990122097e-06,0.0,0.0,6.595142622245476e-06,6.4743385337351356e-06,1.243873339262791e-05,0.0,1.979349917746731e-06,0.0,1.5908058230706956e-06,0.0,1.0487423196536838e-06,9.943133818524075e-07,3.9186570575111546e-06,1.2984861541553983e-06,3.233314419048838e-05,0.0,0.0,0.0,2.7464699087431654e-05,2.4122908143908717e-05,8.885444913175888e-06,3.5601701711129863e-06,0.0,0.0,8.026990485632268e-07,0.0,1.5519891576332157e-06,0.0,1.4331484408103279e-06,3.5066264558736293e-07,0.0,1.1264372687946889e-06,3.539117869877373e-06,7.725811315140163e-07,8.649930123283411e-07,1.2573134426929755e-06,4.392987648316193e-06,3.8022585613362025e-06,0.0,7.53690756027936e-07,2.7656137717713136e-06,1.1388090570108034e-05,1.634130057937e-05,0.0,1.303159660892561e-05,0.0,0.0,0.0,0.0,8.953863925853511e-07,8.511942155564611e-07,0.0,1.7171922763736802e-06,3.102840310020838e-06,0.0,5.290449962558341e-07,1.0936832950392272e-06,2.6426796466694213e-06,1.759849055815721e-06,4.4550256461661775e-06,6.002921395520389e-07,0.0,0.0,2.087229631797527e-06,0.0,0.0,5.2163727559673134e-06,0.0,0.0,4.766240635944996e-06,1.6353424143744633e-05,2.869645072678395e-07,4.549838195089251e-07,5.181942128729133e-07,0.0,0.0,0.0,0.0,0.0,0.0,1.2314771083765663e-05,8.640401574666612e-06,1.0831105100805871e-05
201910,6.741852303093765e-06,1.166383469808352e-07,1.104127363760199e-06,0.0,4.540383997664321e-06,2.4673545340192504e-06,3.835666120721726e-06,2.5483871013420867e-06,8.520969458913896e-07,2.8218960324011277e-06,1.3241769920568913e-06,2.3642130031475972e-07,1.154820552073943e-06,2.8063579975423636e-06,0.0,3.173419713675685e-07,4.553444523480721e-05,3.5210132409702055e-07,0.0,0.0,0.0,1.1034220648298287e-07,1.593570857494342e-07,0.0,5.641624625241093e-07,4.0517195998290845e-07,2.600877451186534e-06,2.2859012460685335e-06,2.9409982005290658e-08,1.729884047563246e-06,0.0,2.979275564030104e-07,7.608070973219583e-06,5.631003659800626e-06,6.728703283442883e-06,0.0,5.799300311082334e-07,0.0,1.1424507420088048e-06,0.0,0.0,8.77964509982121e-08,3.691618530865526e-06,1.1107969157819753e-06,3.542464037309401e-05,0.0,0.0,2.014857955145999e-06,9.508061339147389e-06,1.2365795782898203e-06,6.074229986552382e-06,1.3284214219311252e-05,0.0,3.18708453050931e-06,0.0,0.0,2.1920234303252073e-06,6.951482305339596e-07,4.702284968516324e-06,0.0,0.0,3.015705090092524e-07,7.733080565230921e-06,2.993903763126582e-06,0.0,2.1562132133112755e-06,3.606447990023298e-06,1.6629363699394162e-06,3.422235863581591e-07,2.453398883517366e-05,5.390557817008812e-06,7.900705531938002e-05,1.7277501683565788e-05,0.0,1.570290078234393e-05,0.0,0.0,0.0,0.0,2.2918982267583488e-06,1.6178577766368107e-07,4.895757115264132e-07,3.5496481132213376e-07,1.0574844054644927e-05,0.0,0.0,0.0,4.138223630434368e-06,1.7344009393127635e-06,4.253279257682152e-07,2.8153812081654905e-07,0.0,0.0,1.5059945326356683e-06,0.0,0.0,2.326829871890368e-06,2.7802147428701574e-07,8.340971362486016e-07,6.670100447081495e-06,1.7723894416121766e-05,0.0,1.3430901162791997e-05,1.9925180367863504e-06,0.0,0.0,3.1564100027026143e-06,0.0,8.494844223605469e-07,0.0,3.999658474640455e-06,6.795433819206664e-06,1.3744978787144646e-05
201911,1.2485268598538823e-05,3.496454155538231e-06,8.750613460506429e-07,0.0,2.5737522264535073e-06,3.816060427652701e-07,6.793067768740002e-06,6.583076356037054e-06,1.0330870736652287e-07,2.534715690671874e-07,2.2795897791638708e-07,0.0,2.3140573830460198e-05,3.5098362332064426e-06,0.0,3.0254261673690053e-07,5.3795512940268964e-05,0.0,0.0,0.0,3.202038669769536e-07,0.0,0.0,3.770305738726165e-07,0.0,5.845630113299194e-08,1.436234924767632e-06,8.949058383223019e-08,3.104607060322451e-08,1.033683838613797e-05,1.110753714783641e-06,0.0,7.75481566961389e-06,7.331212145800237e-06,5.706709998776205e-06,1.3795103370739525e-07,8.902709964786482e-07,0.0,1.1378826911823126e-06,6.032762200902653e-08,5.743983422235033e-08,0.0,4.007732059108093e-06,1.4030587180968723e-06,1.8077595086651854e-05,0.0,5.056044471984933e-08,4.0642303247295786e-06,1.646284363232553e-05,9.80953359430714e-07,3.175199708493892e-06,4.488780632527778e-06,0.0,6.258714165596757e-06,1.480226160310849e-06,2.953816647277563e-06,3.671026206575334e-06,2.300504320373875e-06,7.78446610638639e-06,0.0,0.0,3.925523799352959e-07,1.2839846931456123e-05,2.0150370971805387e-07,0.0,1.3082155419397168e-05,4.519175035966327e-06,4.437471034179907e-06,0.0,3.412840669625439e-05,0.0,4.19770076405257e-05,4.659752448787913e-05,3.8992254758341005e-08,3.0236637030611746e-05,0.0,0.0,1.5098927974577236e-07,0.0,4.33360219176393e-06,4.956081284035463e-06,0.0,5.763712351836148e-07,4.499338501773309e-06,0.0,1.6803190874270513e-06,8.057119202931062e-07,1.6068000832092366e-06,2.560950917995797e-07,1.7742782176810579e-07,9.760483266063602e-08,0.0,0.0,1.6289823179249652e-06,0.0,0.0,8.6569134509773e-06,0.0,7.874954235376208e-07,5.7536058193363715e-06,3.7323109154385747e-06,0.0,3.0337556381709874e-05,4.526148700279009e-07,3.786019988183398e-06,0.0,4.768295639223652e-06,0.0,1.841245556022386e-08,0.0,2.5131794245680794e-06,3.0222801797208376e-05,2.2339603674481623e-05
201912,5.101895112602506e-06,4.098746103409212e-06,4.3304598307258857e-07,0.0,2.755736431936384e-06,1.4800083363297745e-06,3.4899971979029942e-06,7.30786268832162e-06,2.357414814468939e-06,1.483565483795246e-07,8.152954222850894e-08,9.402804579394797e-08,1.9768727725022472e-05,1.1353710078765289e-06,0.0,1.3108261782690533e-06,4.619954415829852e-05,0.0,0.0,0.0,0.0,0.0,0.0,2.280658435438454e-07,0.0,6.378392072292627e-07,3.359902166266693e-06,3.696987107559835e-07,0.0,1.2026252079522237e-05,3.4705752227637277e-07,1.0742022595877643e-06,2.6346031063440023e-06,6.043676421541022e-06,5.950708327873144e-06,1.2348262146133493e-07,1.2529338846434257e-06,0.0,1.883019308479561e-06,6.499321330011298e-07,0.0,0.0,4.864780294155935e-06,1.627290885153343e-06,2.3175331079983152e-05,1.5877121484209056e-07,0.0,1.7300587273894052e-07,1.2834865628974512e-05,6.720869123455486e-07,1.904544660646934e-06,8.064951543929055e-06,0.0,4.535008429229492e-06,9.867837889032671e-07,3.325083071104018e-06,5.480269464896992e-06,2.281963816130883e-06,8.068912393355276e-06,3.570581554868113e-07,2.4453260039081215e-07,8.106388236228668e-07,5.30332272319356e-06,9.55057686269356e-08,2.874835672628251e-06,6.219423539732816e-06,5.7377569646632764e-06,1.0053183359559625e-05,6.466337509891673e-08,4.7492296289419755e-05,2.0681775936282065e-07,0.0001034500528476201,4.271301440894604e-05,0.0,5.797241101390682e-05,0.0,0.0,0.0,0.0,3.0252092528826324e-06,1.5848027032916434e-06,4.0132121625902073e-07,9.487658303442004e-07,7.214918582576502e-07,0.0,6.194078991939023e-07,2.7264770778856473e-06,5.925066034251358e-06,6.711690616612032e-07,0.0,2.584737046618102e-07,0.0,0.0,1.0884143648581812e-06,6.732765882588865e-07,0.0,9.051544111571275e-06,2.628969184570451e-07,6.427480343518255e-07,4.8246324695355725e-06,2.8605752504518023e-06,0.0,2.407561805739533e-05,0.0,2.3404315925290575e-06,0.0,3.867987743433332e-06,2.443547373331967e-07,8.458243883069372e-07,0.0,8.567365512135439e-06,7.858943718019873e-06,2.7819794922834262e-05
202001,1.3840913197782356e-05,5.406208742897434e-07,2.187103291362291e-06,1.5472363656954258e-07,1.7892017467602273e-06,4.0150518998416374e-07,2.9157552035030676e-06,7.328538345063862e-07,2.0978191059839446e-06,0.0,1.1731264066838776e-06,0.0,3.460003063082695e-05,5.132826117915101e-06,4.775841944137937e-07,1.5540515505563235e-06,3.112953345407732e-05,1.5901217693681247e-06,2.5553467253303097e-07,0.0,0.0,0.0,0.0,5.671263352269307e-07,4.865006886234369e-08,7.1435096060668e-07,3.2823959372763056e-06,7.88353361258487e-07,0.0,6.227033736649901e-06,1.0771233291961835e-06,0.0,6.69393648422556e-06,7.039115644147387e-06,9.613051588530652e-06,4.771291060023941e-07,6.873307029309217e-06,1.4448038427872234e-06,2.101798600051552e-06,2.796154490170011e-07,3.4500774859225203e-07,0.0,2.6257957870257087e-06,2.88987598651147e-06,1.64428220159607e-05,3.2999085419760377e-07,0.0,4.325115696701687e-06,3.7831887311767787e-06,0.0,2.8253027721802937e-06,6.537529316119617e-06,1.5396088883790071e-06,9.757830412127078e-06,1.7085992567444919e-06,2.517080474717659e-06,5.5280943342950195e-06,2.626911737024784e-06,1.322320349572692e-05,0.0,1.7277309893870552e-07,1.313199391006492e-06,1.8367163647781126e-05,1.0969939694405184e-06,1.1603416396610555e-06,7.802198524586856e-06,5.951520961389178e-06,2.966465035569854e-05,1.2408158056587126e-07,2.623295586090535e-05,0.0,5.465353751787916e-05,4.167145743849687e-05,0.0,9.35887437663041e-05,0.0,0.0,0.0,0.0,6.912053322594147e-06,1.5951296518323943e-05,0.0,2.9772852485621115e-06,1.6433636119472794e-05,0.0,8.486753131364821e-07,0.0,3.950268364860676e-06,2.1069132571938098e-07,0.0,0.0,1.296517240234607e-07,0.0,4.819965397473425e-06,6.650727186752192e-07,0.0,8.9277209553984e-06,2.4151952970896673e-07,1.1694717159116408e-06,1.2613385479198769e-05,3.6824138078372926e-05,0.0,0.00010800936433952302,1.0236522030027118e-06,2.976242512886529e-06,1.2743601018883055e-06,1.0074733836518135e-05,1.0639134870871203e-06,0.0,0.0,2.059915004792856e-06,6.174490408739075e-05,5.555694951908663e-05
202002,1.6237638192251325e-05,1.403759256390913e-06,4.742259534395998e-06,0.0,1.8221518985228613e-05,6.919145789652248e-07,3.03516003441473e-06,1.3579973483501817e-06,2.2382388124242425e-05,0.0,1.1236413683946012e-06,1.082018343367963e-06,1.636679144212394e-06,7.884123988333158e-06,1.4419986200664425e-06,3.273654328950215e-06,7.360287781921215e-06,2.966313559227274e-06,0.0,3.535460848524963e-07,0.0,0.0,0.0,5.946571377535292e-07,1.669928337832971e-06,1.836427486523462e-06,8.825466011330718e-07,1.4716413261339767e-06,1.3196566897022421e-06,6.364720775309252e-06,7.182741796896153e-07,0.0,3.874644335155608e-06,6.2480426095135044e-06,9.71624376688851e-06,6.392029376911523e-07,2.388938582953415e-06,0.0,6.144689905340783e-06,4.4492739448287466e-07,1.0660941143214586e-06,0.0,0.0,2.296698994541657e-06,7.683046533202287e-06,0.0,0.0,2.0381473859742982e-06,0.0,2.4901498818508117e-06,1.5429357063112548e-06,3.2344594274036353e-06,3.1112110718822805e-06,1.332729880232364e-06,1.4534713272951194e-06,1.9105566479993286e-06,4.2969118112523574e-06,1.0806332966240006e-06,1.930955477291718e-05,8.03071827704116e-07,0.0,4.155320311838295e-06,2.679574208741542e-05,4.0871127566788346e-06,1.3121002666593995e-06,1.2127126865379978e-05,8.938842256611679e-06,3.843844751827419e-05,0.0,0.00010962282976834103,0.0,3.79226949007716e-05,3.520355676300824e-05,0.0,0.00013741027214564383,0.0,0.0,7.450323096236389e-07,0.0,9.80635559244547e-06,2.1436484530568123e-05,4.1331287548018736e-07,1.0255753295496106e-06,2.270285585836973e-05,6.955793310225999e-07,4.2557232404760725e-07,1.0415102735805704e-07,6.765003490727395e-06,0.0,0.0,0.0,0.0,0.0,1.0856903827516362e-05,0.0,0.0,4.014274054497946e-06,4.568202314203518e-07,8.448145081274561e-07,1.2854723536293022e-05,4.700895442510955e-05,8.89809200543823e-07,8.678696030983701e-05,7.565823239019664e-07,1.0312752237950917e-05,1.510345100541599e-06,9.370462976221461e-06,0.0,0.0,0.0,7.585835646750638e-06,7.150967576308176e-05,7.670823106309399e-05
202003,3.1830666102905525e-06,6.6262617792745e-07,1.4919125987944426e-06,1.5500638994581095e-07,3.932742345114093e-07,2.3158870590123115e-06,7.207258931885008e-06,9.58437976805726e-06,1.961246880455292e-06,0.0,2.0224028958182316e-06,2.0771871334090974e-07,4.691665253631072e-06,5.965073341940297e-06,7.538390605077439e-07,1.1896962632818031e-06,1.9737883121706545e-05,4.614408908309997e-07,0.0,0.0,5.383816983339784e-07,0.0,0.0,5.605321575785638e-07,1.4842829614281072e-06,6.889998189762991e-07,1.1914582955796504e-06,0.0,5.593273044723901e-07,8.36513481772272e-06,1.83047325208463e-06,0.0,7.204790108517045e-06,7.453863872797228e-06,1.7513337297714315e-05,6.699377053109856e-08,1.3718241461901926e-05,0.0,3.6250046377972467e-06,3.4855057151617075e-07,8.586160333834414e-07,0.0,0.0,3.1331214813690167e-06,2.925946546383784e-06,0.0,9.66887910180958e-07,4.764916354815796e-07,6.927966296643717e-06,1.8338955953822733e-07,1.165411504189251e-05,1.2359188076516148e-05,6.328462404781021e-06,9.614627742848825e-06,2.7350713480700506e-06,1.3066791098026442e-06,5.395525477069896e-06,2.253917500638636e-06,1.7497910448582843e-05,9.879756817099405e-07,7.329158506763633e-07,8.635689709990402e-07,7.814531272742897e-06,6.903131293256592e-07,9.659592024036101e-07,1.4379924095919705e-06,8.342752153112087e-06,1.3440521797747351e-05,2.0065097317001346e-07,3.666739212349057e-05,0.0,2.1019815903855488e-05,5.2085728384554386e-05,0.0,7.336284033954144e-05,0.0,0.0,9.759671684150817e-07,0.0,2.943454319392913e-06,4.138337317272089e-06,6.038600872670941e-07,3.907636710209772e-06,1.8462122170603834e-05,3.0521553640028287e-07,0.0,5.19767866080656e-07,2.149588226529886e-06,0.0,6.185948109305173e-07,0.0,3.1325191685027676e-07,9.336210951005341e-07,1.9040682673221454e-05,1.4132166370472987e-06,0.0,6.363533884723438e-06,0.0,6.240953780434211e-07,2.048823080258444e-05,2.28922872338444e-05,0.0,5.213972326600924e-05,5.126623250362172e-07,2.3640726794837974e-05,5.82596749154618e-06,1.578145383973606e-05,1.46390198096924e-06,0.0,0.0,5.926879566686694e-06,2.7910282369703054e-05,5.33209640707355e-05
202004,2.6686384444474243e-06,7.928420927783009e-06,0.0,2.854172407751321e-06,7.131003485483234e-07,4.0827030716172885e-06,2.2006165636412334e-06,2.4480502816004446e-06,2.411872799257253e-07,0.0,2.4773243012532475e-07,5.171090151634417e-07,3.408904740354046e-05,1.2162205393906333e-06,1.2725643045996549e-06,7.857969563929146e-08,6.993857823545113e-05,0.0,0.0,3.1369387443191954e-07,7.615771835389751e-08,7.088035403057802e-08,3.3319494718853093e-07,3.6012968962495506e-07,0.0,1.8525379346101545e-06,2.599964773253305e-06,0.0,0.0,8.211358363041654e-06,0.0,0.0,1.3237911844043992e-05,8.88347040017834e-06,1.903165684780106e-05,0.0,2.236176806036383e-05,0.0,3.0513378987961914e-06,3.287692038611567e-07,1.669711878093949e-06,0.0,1.1285734302646233e-07,5.783287633676082e-06,2.784555874768557e-07,0.0,1.8175790046370821e-06,1.3428517320335231e-07,6.190296971908538e-06,0.0,2.317742200830253e-06,5.951203092990909e-06,1.575537908138358e-06,9.948469596565701e-06,2.8891740839753766e-06,2.6744553451862885e-06,2.5279075543949148e-06,1.1051530464101234e-06,2.3577584215672687e-05,2.0921047507727053e-06,1.598499125066155e-06,9.710755648484337e-07,3.295185479146312e-06,1.639727270230651e-05,1.4646554973296588e-06,1.1764730061258888e-06,7.86905820859829e-06,7.764344900351716e-07,7.368038978938785e-08,6.160943485156167e-06,0.0,1.8634103980730288e-05,7.744144386379048e-05,9.993606226998963e-07,3.245266998419538e-05,0.0,0.0,8.03357693257567e-07,0.0,0.0,1.9310618881718256e-07,1.2815687568945577e-06,6.099287929828279e-06,3.387777542229742e-05,5.100748694530921e-07,5.030306965636555e-06,2.0042584765178617e-06,3.78115032617643e-06,2.213202208167786e-07,2.3703235001448775e-06,0.0,6.660482085862895e-07,1.2881075690529542e-06,2.308190960320644e-05,7.326827358156152e-07,0.0,5.408902779890923e-06,7.741666649963008e-07,1.7977434936256032e-06,4.496844212553697e-06,4.940512553730514e-06,0.0,5.24388779012952e-05,0.0,1.7081383703043684e-05,3.882364580931608e-06,2.572419361968059e-05,7.42624521876678e-08,1.7317055380772217e-06,0.0,2.3631421299796784e-06,3.9029441722959746e-06,6.476561338786269e-06
202005,3.4057447919622064e-06,6.285303243203089e-06,8.151112638188351e-07,1.0198451491305605e-05,0.0,3.1537101676804014e-06,0.0,4.285009708837606e-06,0.0,0.0,9.04750407926258e-08,1.4326808468467789e-06,2.7435644369688816e-05,0.0,0.0,7.282720275725296e-07,9.164935181615874e-05,0.0,0.0,0.0,1.0833418855327182e-06,7.209920909190259e-07,0.0,2.8535751539493504e-07,0.0,1.5363455077022081e-06,4.052507392771076e-06,3.1924821541906567e-07,1.2657877732635825e-06,2.635439159348607e-06,4.3373816538405663e-07,0.0,6.778684473829344e-05,4.211110990581801e-06,1.3779491382592823e-05,0.0,9.5670093287481e-06,0.0,6.553634193551261e-06,2.5423332772334106e-07,4.50343009106291e-07,0.0,2.5694123451103223e-07,4.371764134702971e-06,3.079264843108831e-08,0.0,3.3082628192460106e-07,1.0466553845844828e-07,3.180949715897441e-05,3.67516395272105e-06,2.626401283123414e-06,3.196386799686479e-08,0.0,1.8124512735084863e-06,1.7914093177751056e-06,6.466291324613849e-07,2.2137789983389666e-06,2.4564694740547566e-06,9.614441296434961e-06,3.2931907298916485e-06,2.8889380132568476e-07,4.030310719826957e-06,1.351153969153529e-06,4.9412930820835754e-05,4.561672142244788e-07,1.759598262651707e-06,1.5708931186964037e-06,1.0134777994608157e-06,1.0144760835828492e-06,4.58219210486277e-06,0.0,2.7270618375041522e-05,3.7879486626479775e-05,9.154048257187242e-07,3.742002945728018e-06,0.0,0.0,2.1348240863972023e-07,0.0,1.6964660289886524e-06,8.067522117016779e-07,1.6190847418329213e-06,7.355669822572963e-06,2.9734104828094132e-05,2.814155095620663e-07,3.4351221529504983e-06,6.268347618743064e-08,2.1138417650945485e-05,6.304122166511661e-07,0.0,0.0,3.705728772729344e-07,1.3370992064665188e-06,3.259509685449302e-05,3.4296353987883776e-06,1.4443926374951843e-06,4.56353973277146e-06,1.2005571079498623e-06,1.7603134665478137e-06,9.329717727268871e-07,1.5334650242948555e-06,0.0,0.00012670083378907293,0.0,1.7089621906052344e-05,6.974223197175888e-06,2.3464705009246245e-05,7.275454549926508e-08,1.4151843288345844e-06,7.625890816598258e-07,2.2314545731205726e-06,8.847123353916686e-06,1.2307895076446584e-06
202006,1.3883659448765684e-06,6.8206268224457745e-06,3.290272729827848e-07,4.1466119000688195e-06,1.441193546725117e-07,1.8834465436157188e-06,0.0,3.8852731449878775e-06,4.887515387963504e-07,0.0,3.5321664881848847e-07,1.455943447581376e-06,2.221915747213643e-05,5.651966716868628e-07,3.277180837812921e-07,6.260671625568648e-07,9.378504910273477e-05,8.56950407523982e-07,0.0,3.2013551276577346e-07,7.885001878094045e-07,4.521745609054051e-07,0.0,2.7764824039877567e-07,0.0,5.278624826132727e-07,3.264222414145479e-06,1.1777952124703006e-07,0.0,4.438793439476285e-06,1.2403846767483628e-06,0.0,3.410782301216386e-05,5.2523564590956084e-06,1.8560329408501275e-05,1.546729890833376e-07,1.9779732610913925e-05,0.0,0.0,6.622254886679002e-07,7.490761504413967e-07,0.0,2.405363659363502e-07,5.9170270105823874e-06,8.222227734222542e-07,1.337552021141164e-06,0.0,0.0,3.1460062018595636e-05,5.615888198917673e-07,6.942254003661219e-06,2.3426727224773458e-08,0.0,2.8691458737739595e-06,1.8019881053987774e-06,1.0644118901836919e-06,2.9254315450089052e-06,1.9864648947987007e-06,1.3267368558445014e-05,1.3172854096410447e-06,7.530309744652186e-07,1.4546346847055247e-06,2.792184886857285e-06,2.1065485270810314e-05,1.4115573776507517e-06,1.914358108479064e-06,3.052155989280436e-06,1.685863367129059e-06,0.0,5.477757895278046e-06,6.017290843374212e-07,1.7979233234655112e-05,2.7713565941667184e-05,7.179961016845482e-07,2.965390876852325e-06,0.0,0.0,2.7026769089388836e-07,0.0,0.0,2.8703902898996603e-07,1.4222563322618953e-06,6.409311481547775e-06,1.7238871805602685e-05,0.0,1.9949297893617768e-06,1.7518213724088127e-07,1.2358177627902478e-05,0.0,1.322149500992964e-06,0.0,0.0,1.3947440038464265e-06,4.7893798182485625e-05,7.02727618318022e-07,8.273069624920026e-07,3.860243396047736e-06,9.86047894002695e-07,2.3081547624315135e-06,1.5240092352541978e-06,1.2313149682086078e-06,3.0556026331396424e-07,0.0001245720050064847,6.011599680277868e-07,2.1202204152359627e-05,9.710097401693929e-06,2.5950039344024844e-05,1.505900542042582e-07,0.0,3.831867729786609e-07,1.3374728951021098e-06,8.411228009208571e-06,6.173240763018839e-07
202007,5.50720051251119e-06,1.5828235291337478e-06,7.772665071570373e-07,2.014712435993715e-06,1.1192494184797397e-06,0.0,1.7536116274641245e-06,4.721414825326065e-06,2.201868028350873e-06,0.0,3.7361016325121454e-07,4.931654302708921e-07,2.7459673219709657e-06,1.1110413566939314e-07,0.0,3.0606469181293505e-07,0.00011507269664434716,1.3920971753123013e-07,0.0,1.3830880334353424e-06,6.650978434663557e-07,0.0,0.0,4.187403703781456e-07,1.0853015197653804e-07,3.605480571877706e-07,3.116614152531838e-06,0.0,0.0,3.6833171179750934e-06,1.1200969538549543e-06,0.0,2.4365544959437102e-05,4.090223228558898e-06,1.7202153685502708e-05,0.0,2.404774204478599e-05,0.0,3.210009163012728e-05,4.9213593200647665e-08,6.694089620395971e-07,0.0,2.107664158756961e-06,4.837217602471355e-06,2.9525001110641824e-08,0.0,3.9990518985177914e-07,8.670878060001996e-08,2.2713342332281172e-05,8.536331961295218e-07,3.195383214915637e-06,4.610006726579741e-06,0.0,3.5860925891029183e-06,4.719286607723916e-06,4.741050076972897e-07,1.098120833376015e-06,7.369212653429713e-07,1.564533704367932e-05,2.484776587152737e-06,7.560624339930655e-07,1.9190588318451773e-06,4.09845779358875e-06,3.6701450881082565e-05,1.3169045587346773e-06,2.5230572191503597e-06,3.518907078614575e-06,4.3481077227625065e-07,0.0,3.6938317862222902e-06,0.0,2.0110892364755273e-05,2.1578707674052566e-05,4.07393443424553e-08,3.843348167720251e-06,0.0,0.0,6.160313432701514e-07,0.0,0.0,3.301307458514202e-07,1.1181382433278486e-06,1.0205373655480798e-05,3.6149613151792437e-06,0.0,2.9586956316052238e-06,6.738225124536257e-07,1.5672030713176355e-05,0.0,0.0,0.0,6.591794203814061e-07,1.3613016562885605e-06,2.4044562451308593e-05,1.7200720776600065e-06,0.0,3.486413788778009e-06,7.337242777794017e-07,1.6184442301891977e-06,2.0699210381280864e-06,3.800194463110529e-06,0.0,0.00012940363376401365,1.2200799801576068e-06,1.3556571502704173e-05,3.0091418921074364e-06,1.701120891084429e-05,1.3387501667239121e-06,4.6064795355960086e-07,3.5518330605555093e-06,1.5642840480722953e-06,8.916959814087022e-06,4.934440198667289e-07
202008,2.6719626475824043e-06,5.747922955379181e-07,0.0,7.695264230278553e-07,3.7598064750454796e-07,0.0,1.5203899010884925e-06,1.1033398550353013e-05,0.0,2.2355195596901467e-06,1.738311823373806e-07,7.280143563548336e-07,2.7580033929552883e-05,4.265586994733894e-07,0.0,0.0,9.145882359007373e-05,1.7875859725791088e-07,2.4132350517902523e-07,1.2758430045778368e-07,2.327757471221048e-07,1.4349076593589416e-07,0.0,7.000288633207674e-07,5.941072345194698e-07,8.638792223791825e-07,4.493698270380264e-06,1.0223006086107489e-07,2.7847617545262437e-08,6.618723546125693e-06,0.0,1.7780149619284202e-06,3.3249832540604984e-06,6.767234481230844e-06,7.771873242745642e-06,0.0,2.351768853259273e-05,0.0,4.2650310206227005e-05,6.478093723671918e-07,1.134920125878125e-06,0.0,4.544691591945593e-07,4.6555996959796175e-06,0.0,1.2095508736820193e-06,5.090268473395554e-07,5.814295604977815e-07,3.654335887404159e-05,2.148250860045664e-05,7.630593245266937e-06,0.0,0.0,2.9998961963428883e-06,2.4637170099595096e-06,7.676915743104473e-07,2.1502055460587144e-06,1.0239406265100115e-06,9.166318704956211e-06,0.0,8.175275070243515e-07,1.2601460639416473e-06,1.969070126506267e-06,6.133547140052542e-05,8.290556934298365e-07,2.7494099413161166e-05,2.4881824174372014e-06,1.9828351582873438e-07,2.5907722829288105e-06,2.652572902661632e-06,0.0,1.931557744683232e-05,1.4558315342583228e-05,3.367072309856667e-08,0.0,0.0,0.0,0.0,0.0,0.0,0.0,9.170291264126718e-07,4.61376157545601e-06,3.994436156062875e-06,0.0,5.059426939624245e-07,0.0,2.4821998522384092e-05,2.723839145346574e-07,0.0,0.0,0.0,4.711487235908862e-07,1.7721878975862637e-05,8.166676366272441e-07,0.0,3.819436187768588e-06,0.0,1.4064834203963983e-06,2.3062688114805496e-07,1.1278399142611306e-05,0.0,0.00012153238640166819,6.480454430857208e-07,5.799577138532186e-06,7.695766726101283e-06,1.75509831024101e-05,6.628580990764021e-07,5.149810249349684e-07,8.12297173524712e-07,1.6181743376364466e-06,1.0001417649618816e-05,4.863897515861026e-07
202009,1.9837209492834518e-06,7.531601227128704e-07,0.0,4.614803856384242e-06,7.946892992549692e-07,6.370868845806399e-07,1.352987624159141e-06,7.493858902307693e-06,3.32562734683961e-07,2.1153921352379257e-06,0.0,7.237354680000863e-07,3.358369940542616e-05,5.248106731414737e-07,1.688479869699222e-06,0.0,6.858495908090845e-05,1.7984723399422364e-07,2.536192198476783e-07,1.0255791949020931e-06,3.157012429255701e-07,1.4735523734543676e-07,0.0,4.029843694297597e-07,3.3993003967225377e-07,2.3572549707751023e-06,3.37808614858659e-06,1.0891740487295465e-07,0.0,2.774978611341794e-06,6.572003030669293e-07,0.0,2.5537185592838796e-06,4.4571320358954836e-06,4.9863228923641145e-06,0.0,2.82860200968571e-05,0.0,4.522090603131801e-05,5.948818966317049e-07,1.0530553709031665e-06,0.0,5.769149993284373e-07,3.385664740562788e-06,0.0,1.7508860992165864e-06,7.596860882586043e-07,0.0,6.077544821891934e-05,4.218843605485745e-05,4.250130132277263e-06,9.112205816563801e-07,0.0,4.807844106835546e-06,2.243132485091337e-06,1.1846300367324147e-06,1.5651999092369806e-06,1.0765220395114738e-06,1.0820759598573204e-05,0.0,9.260915021513938e-07,2.6340164822613588e-06,1.986924189623096e-06,5.485529618454166e-05,1.0705806516853045e-06,3.7133962905500084e-05,4.096088559890632e-06,2.491421469130728e-07,0.0,1.7099390561270411e-06,1.9250998661846097e-07,5.024057827540673e-05,3.243100218242034e-05,3.6186858665132604e-07,0.0,6.088025656936225e-07,0.0,0.0,0.0,0.0,0.0,7.478883503608813e-07,9.287387911172118e-06,1.2543543562060222e-05,0.0,7.800845764904807e-07,1.1125697483294061e-06,2.946177301055286e-05,0.0,2.728176866639842e-07,0.0,0.0,4.2860798998844984e-07,8.265583346656058e-06,7.31187299152225e-07,0.0,4.723134225059766e-06,4.7025301341818704e-07,0.0,4.970960389982793e-07,5.7055217439483386e-06,0.0,0.0001259588752873242,0.0,9.553683412377723e-06,6.4289106376236305e-06,1.3717810361413285e-05,0.0,4.5276829041540623e-07,2.5526576337142615e-06,2.9773202641081298e-06,1.0243898941553198e-05,5.057660018792376e-06
202010,5.683301878889324e-06,1.1142610674141906e-06,0.0,1.515981239208486e-06,5.236198603597586e-07,4.4177309632686956e-07,2.3440054519596742e-06,4.653385985875502e-06,0.0,2.1407317944976967e-06,1.9283497465494293e-07,4.1410444850953354e-07,1.826182233344298e-05,0.0,0.0,0.0,0.00011370372521923855,0.0,3.4234705026392476e-07,1.0200684528172133e-06,9.645150385040324e-07,6.373235805767763e-08,0.0,0.0,6.17627051724412e-07,2.854476690572483e-07,5.1156143854313996e-06,0.0,0.0,5.012881047150586e-06,0.0,1.2096301134079113e-06,3.445711627136916e-06,7.0198429966694675e-06,1.3875401236873586e-05,0.0,2.3080718165147118e-05,0.0,3.708991062012501e-05,6.508995511467219e-07,4.443811576493317e-06,0.0,1.1798696277764975e-06,4.439851636561798e-06,2.5975436983571853e-06,0.0,9.501353588348138e-07,1.952576440089615e-06,4.807077857549302e-05,5.8906875892716926e-06,1.297794278798392e-05,3.3505543797218706e-06,0.0,1.11503152311343e-06,7.410979492306069e-07,1.2954060366610065e-06,3.0769670047448017e-06,7.82691131462343e-07,1.0571907296252903e-05,2.053346634056652e-06,1.5041251799630118e-06,1.0605028819554718e-06,4.7225489652191754e-07,3.50556438206695e-05,1.8462359321347321e-06,2.271336597914342e-06,1.4855435210847645e-06,2.082459928942626e-07,2.139955910251956e-07,2.508079660401563e-06,0.0,4.7723126044729725e-05,3.909924635081552e-05,1.3337594850781898e-07,0.0,0.0,0.0,4.631534409327287e-07,0.0,0.0,1.882096398730937e-06,1.2543579259727267e-06,5.073934516985901e-06,4.1126027099380735e-06,2.8769650839421956e-07,3.286161472715321e-06,7.231158178910846e-07,1.777855504769832e-05,0.0,3.507104338495992e-06,0.0,6.729981123498874e-07,4.4051745362594374e-07,1.705533759377431e-05,1.1341835488565266e-06,0.0,4.217204150336329e-06,2.2506141306166683e-07,3.185229161317693e-06,4.913489419777761e-07,2.0013603716506623e-06,0.0,8.277979941340163e-05,1.7318947129751905e-06,2.0564679289236665e-05,5.16656473337207e-06,2.140919787052553e-05,1.1529369459140071e-07,3.9116304151320946e-07,1.3791221817882615e-06,9.2792993200419e-07,1.358699250886275e-06,4.932383035338717e-07
202011,1.1116589121229481e-05,2.9910745524830418e-06,5.857100759953937e-08,4.013309080619365e-06,5.658509962813696e-07,7.612498507114651e-07,1.8657294731383445e-06,1.053868436429184e-05,2.216241000496666e-06,9.278018069380778e-07,0.0,8.489629408359178e-07,3.25946239172481e-05,3.523323357512709e-07,0.0,3.942188584460382e-07,0.00015664604143239558,0.0,1.3532613820643746e-06,3.544923004028533e-07,6.956592528695182e-07,0.0,0.0,0.0,7.738234444332193e-07,4.6628281324956333e-07,2.018184204644058e-06,1.112319267804196e-07,1.1510591093610856e-06,2.976327323267469e-06,6.306686373136472e-07,8.716756383364554e-07,7.288572760444367e-06,7.0936371230345685e-06,9.036904884851538e-06,0.0,2.754599518084433e-05,0.0,2.9137081583030522e-05,1.1295152546608733e-07,1.6925001773415715e-06,4.794684400621918e-07,1.8169849909099867e-06,7.440425179083832e-06,1.8804091723723104e-06,1.5728321614005836e-06,2.5084821686505165e-07,1.0457163170940476e-06,3.4233635233249515e-05,2.0201388906571083e-05,2.9370698939601425e-06,2.4494154331478057e-06,0.0,2.69340603153978e-06,1.5609696220053593e-06,1.723402192510548e-06,3.0691890060552396e-06,1.0449653018440586e-06,1.1626833838818129e-05,1.4521941693601548e-06,0.0,1.1070409300373285e-06,9.804404044189141e-07,3.2817777537275106e-05,6.440861852752278e-06,7.019697477517184e-06,4.727039140561828e-06,1.5382058791146846e-06,0.0,1.3255429394121165e-06,0.0,6.778781244065613e-05,2.3484264602302574e-05,4.3924325154875987e-07,2.4780576950433897e-06,0.0,0.0,0.0,0.0,3.526479304127861e-07,4.484203941501619e-07,6.0013690017513e-07,3.959238711104263e-06,8.560691640013829e-06,1.6670560398779344e-06,3.0620471989095677e-06,6.401248811016558e-07,9.383883480040822e-06,0.0,2.974569724756293e-06,2.561894234531792e-07,5.410330459199031e-07,1.1140988362967619e-06,2.3455588234355673e-05,1.6441463230876252e-06,0.0,1.5761837630634545e-06,5.871473831575713e-07,3.3661285669950303e-06,0.0,4.854278813581914e-06,0.0,4.131202513235621e-05,2.0546451651171083e-06,8.141086254909169e-06,5.907231297896942e-06,2.1035595636931248e-05,7.628576526030884e-08,8.048439212871017e-07,1.3472696309690946e-06,1.4665640719613293e-06,9.614373084332328e-07,1.0401761301181978e-06
202012,2.044639586529229e-06,1.8324680013392936e-06,0.0,2.0435841179278214e-06,5.398775329013006e-07,1.0380693993283785e-06,9.06587501958711e-06,7.339954663621029e-06,2.7279227197141154e-06,6.226307647239082e-08,3.400816126486461e-07,1.107553657675453e-06,2.498649337212555e-05,1.1052686659240862e-06,1.6697308637958486e-06,0.0,0.00016235242947004735,4.867969778388215e-07,3.2725375831432757e-07,1.1555501799875856e-07,4.31590734706333e-07,7.49181623405093e-08,0.0,0.0,0.0,2.2078040728956694e-06,3.660045194919803e-06,0.0,1.4256228269005078e-06,2.939800197054865e-06,0.0,0.0,3.1646236493543256e-06,6.1868918237451e-06,1.6219710232689977e-05,0.0,2.204208794864826e-05,0.0,1.423238336428767e-05,1.6909992837099708e-06,7.09061623638263e-07,0.0,7.370808248197136e-07,5.309980224410538e-06,2.1391301743278746e-06,0.0,1.9969463949109922e-07,3.427358592489327e-07,2.9964459827169776e-05,7.062685199343832e-06,1.9399360553506995e-06,1.7451666280976497e-06,0.0,1.6438089005532674e-06,7.644328547939949e-07,1.670875349191192e-06,2.224567424491397e-06,1.2360118262222386e-06,1.2152263479947578e-05,2.0798397599719465e-06,7.934152677080419e-07,1.42952524129214e-06,1.411204237911079e-07,1.7574187950231135e-05,4.46261401521042e-06,3.046723350053071e-06,3.318607014080044e-06,2.045654809990083e-06,0.0,1.4324855328595731e-06,0.0,5.297609823173843e-05,3.62087412213441e-05,8.268531814792368e-07,6.24781478109071e-06,3.4278872362847324e-07,0.0,5.696055609405448e-07,1.7105381289184152e-07,1.2514274772001954e-07,9.616958323022118e-07,1.5917851214908296e-06,3.7089707802806515e-06,1.6316787878167816e-05,0.0,3.0558501293853624e-06,2.9473562790371943e-06,3.502307208691491e-06,2.003392580718355e-07,4.846301635552663e-06,2.4398357822974504e-07,2.4598583081569814e-07,8.405836524616461e-07,2.4123526600305922e-05,2.695010152820032e-06,0.0,2.1095800093462458e-06,5.04027184433653e-07,2.3345521640294464e-06,0.0,3.415036417209194e-06,0.0,5.72506723983679e-05,1.1004099178535398e-06,1.643486575630959e-05,7.90247486293083e-06,2.9642922527273186e-05,7.456519028892217e-07,4.862131390837021e-07,2.7670973850035807e-06,6.490637929346121e-07,1.2261335768926074e-06,9.413540738023585e-07
202101,0.00014414210454560816,7.114095205906779e-05,6.834207306383178e-05,0.0007650097250007093,0.0004084584070369601,6.996737647568807e-05,0.00018668717530090362,0.000317822938086465,6.582280911970884e-05,0.00033579699811525643,0.00013641989789903164,0.00010621525871101767,0.0007758857682347298,8.970011549536139e-05,0.00010626680159475654,0.00010081544314743951,0.0011242214823141694,0.00010698720871005207,8.325618546223268e-05,6.191874854266644e-05,0.00023397304175887257,0.0006774542853236198,3.876371556543745e-05,3.206015026080422e-05,0.00017200804722961038,9.896126721287146e-05,0.000120913828141056,0.0005077985697425902,6.982902414165437e-05,8.007966243894771e-05,6.99101947247982e-05,0.00010815760469995439,0.0006097701843827963,1.6978925486910157e-05,0.0006463895551860332,4.9623344239080325e-05,0.0001632829080335796,3.564179496606812e-05,0.00027416381635703146,5.6456050515407696e-05,0.00018149202514905483,8.632209937786683e-05,0.00038781159673817456,0.0005755277816206217,0.000371712347259745,0.00011027567234123126,0.0002550698700360954,0.0001176509540528059,0.0006043798057362437,0.0004562214307952672,0.0002320249768672511,0.0005264281644485891,0.00015034752141218632,0.00033315917244181037,5.465168214868754e-05,0.00013583908730652183,0.00014613302482757717,0.00011441755486885086,0.00014911826292518526,0.0002738799375947565,8.105712913675234e-05,0.00023158265685196966,0.0001692822261247784,0.0008439586963504553,7.903170626377687e-05,0.0004925626562908292,0.0005083405994810164,0.0002464386634528637,0.00026500329840928316,0.00043355918023735285,0.0001933711755555123,0.0010435733711346984,0.0005601937300525606,0.0003570655535440892,0.0001853682624641806,0.0003429437638260424,3.870805448968895e-05,3.429935168242082e-05,3.256750278524123e-05,0.0001023852892103605,0.00016001371841412038,0.0001206074157380499,0.00017103375284932554,0.0009343558340333402,0.00016252421482931823,0.00016021986084524542,0.0004400133329909295,0.00045927512110210955,0.00024028086045291275,0.0004122354439459741,0.0002782803785521537,7.617668597958982e-05,9.117260196944699e-05,0.00201878952793777,4.626708687283099e-05,4.080749931745231e-05,0.00031916602165438235,0.00019383027392905205,5.735522790928371e-05,0.0006002919399179518,0.0002967201580759138,7.435474981321022e-05,0.0011456304928287864,0.0002726730308495462,7.13659537723288e-05,0.00022828916553407907,0.00017067507724277675,9.585893712937832e-05,0.00028426919016055763,0.00019871944095939398,0.000332665687892586,0.00026746862567961216,0.00032850931165739894
202102,0.0002237240260001272,8.96904748515226e-05,0.00010712131188483909,0.0009038211428560317,0.0003079889575019479,0.00014304203796200454,0.00015476690896321088,0.0003061732277274132,7.232592906802893e-05,0.0002775953325908631,0.00015920020814519376,0.0001711283839540556,0.0012736789649352431,4.721941513707861e-05,7.899983029346913e-05,0.00018923367315437645,0.0013204647693783045,4.7506342525593936e-05,0.00011363194062141702,4.751939559355378e-05,0.0003067030047532171,0.0006338763632811606,2.7593312552198768e-05,3.946415017708205e-05,0.00017428786668460816,9.232603770215064e-05,8.387950947508216e-05,0.0006848538760095835,0.00010400165047030896,8.443676051683724e-05,9.458192653255537e-05,0.00013223553833086044,0.0003958553425036371,5.853652328369208e-05,0.0005151685327291489,3.771218689507805e-05,0.00026957623776979744,1.000203519652132e-05,0.0002802387753035873,4.6755314542679116e-05,0.00016398880688939244,0.00015212001744657755,0.0007635364308953285,0.0004087790148332715,0.0003625102690421045,4.101580270798877e-05,0.0003408853954169899,0.00013934762682765722,0.0008376914192922413,0.000698694318998605,0.00018334700143896043,0.0006947996444068849,8.774589514359832e-05,0.0002957636315841228,9.020437573781237e-05,0.00013659957039635628,0.00011038572120014578,0.00023938270169310272,0.00013999687507748604,0.0002901038678828627,3.398678018129431e-05,0.0002721737837418914,0.00015620398335158825,0.000921670172829181,0.00011103983706561849,0.0004464781377464533,0.0004183381097391248,0.00034887983929365873,0.0004092040762770921,0.0003695976920425892,0.00025664360146038234,0.0011059243697673082,0.0004966322449035943,0.0003965344512835145,0.00015732609608676285,9.758941450854763e-05,1.9721930584637448e-05,6.229522114153951e-05,7.176112558227032e-05,0.0001567387516843155,9.811790368985385e-05,8.838850044412538e-05,0.00021580651809927076,0.0007237612153403461,0.0004314213583711535,0.0001747755304677412,0.00041224222513847053,0.00045406888239085674,0.00021091202506795526,0.00027611583936959505,0.00021673862647730857,9.564794163452461e-05,0.0001475317112635821,0.0017970690969377756,0.0001201893828692846,8.685204375069588e-05,0.000391472305636853,0.0002794419415295124,4.880574488197453e-05,0.0005179650615900755,0.00021214022126514465,0.00014200032455846667,0.0011854968033730984,0.0002407465217402205,3.947855293517932e-05,9.229576244251803e-05,0.0003110548423137516,0.00010355908307246864,0.000202045775949955,0.0002620888699311763,0.00040602931403554976,0.0005022875848226249,0.0004446316452231258
202103,0.00025881032343022525,4.660293416236527e-05,0.00010669249604688957,0.001011271495372057,0.00039507189649157226,5.190596857573837e-05,0.0001662111608311534,0.00034709813189692795,6.0367819969542325e-05,0.00041078790673054755,0.00024252760340459645,0.00010019881301559508,0.0011908311862498522,9.799508552532643e-05,0.00011840979277621955,0.0001462560467189178,0.0012355922954156995,0.00018275348702445626,0.00016040427726693451,9.485317423241213e-05,0.002391836605966091,0.0005737952888011932,5.722119749407284e-05,6.928906077519059e-05,0.0001412788697052747,0.00011187182099092752,0.00022934979642741382,0.0008927145390771329,9.586817759554833e-05,7.24546262063086e-05,2.982400474138558e-05,0.0001791961258277297,0.0003288573934696615,2.839722037606407e-05,0.000658067234326154,4.235212691128254e-05,0.0002328728442080319,2.5317764084320515e-05,0.00034456729190424085,0.00018854471272788942,0.00010706533794291317,0.00018099273438565433,0.000478695728816092,0.0004509724385570735,0.0006685065454803407,0.0001115891573135741,0.00027271395083516836,0.0001931267324835062,0.0004173155757598579,0.0006991393165662885,0.0004893722361885011,0.0007810457027517259,0.00019356909615453333,0.00028823164757341146,7.57481757318601e-05,0.00025919475592672825,9.087267972063273e-05,0.00028557603945955634,0.00016531288565602154,0.0002532613871153444,5.9750138461822644e-05,0.0001841273915488273,0.00013731633953284472,0.0009334365604445338,0.00014158397971186787,0.00034541464992798865,0.0004694054659921676,0.000299471546895802,0.0004377833101898432,0.00037284314748831093,0.0003559286124072969,0.001033680746331811,0.000508708821143955,0.00038294136174954474,9.908530046232045e-05,5.4419986554421484e-05,0.00011112759966636077,6.076085628592409e-05,6.339507672237232e-05,9.145719377556816e-05,8.970851922640577e-05,5.0395534344716e-05,0.000213576466194354,0.001034194603562355,0.00145276403054595,0.00020699959713965654,0.0003862807061523199,0.000956467934884131,9.765581489773467e-05,0.0003063610347453505,0.0002490829792805016,0.00012371836055535823,0.0001318822178291157,0.0015084765618667006,0.00016752933152019978,3.377671237103641e-05,0.0004156936483923346,0.0003694102633744478,0.0001422724744770676,0.00029110099421814084,0.00016121167573146522,0.00016388580843340605,0.0011017557699233294,0.0001305727200815454,3.5109980672132224e-05,0.00022125456598587334,0.00014911590551491827,7.684485899517313e-05,0.00022786650515627116,0.00018092093523591757,0.0004757032438647002,0.0006141689955256879,0.00030550488736480474
202104,0.0002856217906810343,4.43005446868483e-05,7.053212902974337e-05,0.0008413958712480962,0.00043339194962754846,5.89615992794279e-05,0.00024698342895135283,0.00024293296155519783,5.614371912088245e-05,0.0003776164958253503,0.00012661695654969662,0.00014492266927845776,0.0011760700726881623,0.00010877305612666532,5.33675956830848e-05,0.00016283532022498548,0.0013897418975830078,0.00014091913180891424,0.00023149026674218476,5.030678221373819e-05,0.00044422291102819145,0.0004945972468703985,2.721466080402024e-05,0.00012900488218292594,0.00018977330182678998,9.146447700913996e-05,0.00016179762315005064,0.0010120589286088943,5.962250361335464e-05,5.881389733985998e-05,0.00016877362213563174,9.87460880423896e-05,0.00037746530142612755,7.545108383055776e-05,0.0012572248233482242,5.401057205745019e-05,0.00021412220667116344,4.444288060767576e-05,0.0003710628370754421,0.00011014234769390896,0.00014395368634723127,9.570067777531222e-05,0.0005707889795303345,0.00040156402974389493,0.000508841301780194,7.25847203284502e-05,0.0004345659108366817,0.00022600905504077673,0.0011850970331579447,0.001035672496072948,0.0003946804499719292,0.0010652338387444615,8.412688475800678e-05,0.00028973614098504186,8.484351565130055e-05,6.743873382220045e-05,0.00018235169409308583,0.00020443060202524066,8.312395220855251e-05,0.0002553913800511509,9.46424770518206e-05,0.00036626358632929623,0.00014205127081368119,0.0007849816465750337,0.0001071962688001804,0.00035231898073107004,0.0003787656023632735,0.0003184806555509567,0.0005597071722149849,0.00023081946710590273,0.00026420739595778286,0.001175075420178473,0.00041273317765444517,0.00028855775599367917,0.00011936870578210801,0.00034595979377627373,2.248553209938109e-05,5.791498188045807e-05,1.8597171219880693e-05,0.00014510645996779203,0.00011566739703994244,0.00010577370994724333,0.00020205308101139963,0.0009160758345387876,0.0003968584642279893,0.00015931983944028616,0.0004414517607074231,0.0005274361465126276,9.067913924809545e-05,0.00021973122784402221,0.0001125025301007554,0.0003069014346692711,0.00020365571253933012,0.0016655249055474997,9.716360364109278e-05,9.949734521796927e-05,0.0004904981469735503,0.0002136478724423796,6.786589074181393e-05,0.000246121984673664,0.0002509344485588372,0.00015865216846577823,0.0012071749661117792,0.00027215376030653715,0.00011474076745798811,0.000130119442474097,0.00018193363212049007,7.541279774159193e-05,0.0001490441500209272,0.00010082895460072905,0.00030326531850732863,0.0006725826533511281,0.00031197842326946557
202105,0.0002803468087222427,3.6633875424740836e-05,5.529631016543135e-05,0.001059853588230908,0.0004562615940812975,3.376212771399878e-05,0.0002776042092591524,0.00024499293067492545,8.025105489650741e-05,0.000405489670811221,0.00010926271352218464,0.00017916802607942373,0.001159983454272151,0.00011144444579258561,4.32061315223109e-05,0.00017998363182414323,0.0013335688272491097,6.593332363991067e-05,0.0001934454485308379,2.0566598323057406e-05,0.0002605847257655114,0.0005387548008002341,6.3265583776228596e-06,7.339244621107355e-05,0.00012848748883698136,0.00012522973702289164,0.00011446637654444203,0.0010333694517612457,7.712118531344458e-05,8.535317465430126e-05,6.782184209441766e-05,0.00015962989709805697,0.0003599230549298227,2.241930087620858e-05,0.0010786245111376047,8.809981227386743e-05,0.00014815860777162015,2.442013646941632e-05,0.0003943542833440006,0.00013674572983291,0.00012313829211052507,0.00011539765546331182,0.0003332305350340903,0.0004023361543659121,0.0003905171761289239,3.4478111047064885e-05,0.00040536734741181135,0.00013485708041116595,0.001452254131436348,0.0022732445504516363,0.0003362018906045705,0.00077969761332497,5.819727084599435e-05,0.00025559880305081606,9.158955799648538e-05,9.657430200604722e-05,0.0001427374518243596,0.00021775827917736024,0.00010805066267494112,0.0002598019491415471,4.1782310290727764e-05,0.0002562284644227475,0.00010324209142709151,0.0008928221650421619,9.539170423522592e-05,0.00047765765339136124,0.00047096595517359674,0.00043808776536025107,0.000850103737320751,0.00028664193814620376,0.0002483330317772925,0.0012329353485256433,0.00041914681787602603,0.0004072826122865081,0.00012218361371196806,0.00016552921442780644,2.4320486772921868e-05,6.679438956780359e-05,4.830492616747506e-05,0.00012492036330513656,3.576294329832308e-05,0.0001119391163229011,0.00019238276581745595,0.0010057558538392186,0.0003426289476919919,0.00019703127327375114,0.0004264152958057821,0.0007521139923483133,0.00018607861420605332,0.00017955272051040083,0.00020564683654811233,0.0002163662575185299,0.0001883051299955696,0.0016506811371073127,6.431992369471118e-05,5.406293712439947e-05,0.00047158708912320435,0.00011625574552454054,5.6301203585462645e-05,0.00030699389753863215,0.00019700551638379693,0.00020388596749398857,0.0008770552813075483,0.00013688903709407896,6.373756332322955e-05,0.00015226319374050945,0.00023279120796360075,0.00011441486276453361,0.00014586656470783055,0.00013954422320239246,0.00030373732442967594,0.0007776144775561988,0.0006679166108369827
202106,0.000322989042615518,2.1789366655866615e-05,0.0001472582371206954,0.0006599667249247432,0.00047627248568460345,5.51308439753484e-05,0.00021743864635936916,0.00028463182388804853,3.421298606554046e-05,0.0005967486067675054,8.174894901458174e-05,8.394305041292682e-05,0.0009538977756164968,9.237114136340097e-05,9.454699466004968e-05,0.00031935592414811254,0.0012416348326951265,7.377436122624204e-05,0.0001988767908187583,2.903865788539406e-05,0.00038884938112460077,0.0004905387759208679,4.3436677515273914e-05,0.00012797056115232408,0.00018212496070191264,0.00011198431457160041,0.00012721122766379267,0.0008753593428991735,6.547151133418083e-05,8.66790214786306e-05,4.189441096968949e-05,0.00011996600369457155,0.000663065176922828,6.978278543101624e-05,0.0008196898270398378,0.00014301766350399703,9.669431892689317e-05,5.94852608628571e-05,0.00025932176504284143,0.0001865681988419965,0.0002082103892462328,6.312106415862218e-05,0.00032535611535422504,0.0005870101740583777,0.0004123593389522284,7.298913988051936e-05,0.0004066917463205755,0.00024771312018856406,0.0011850050650537014,0.0019424075726419687,0.0002008751907851547,0.0007420743349939585,8.738631004234776e-05,0.0002898433886002749,6.413293158402666e-05,9.01582752703689e-05,0.0001389066455885768,0.00027090453659184277,0.00013954109454061836,0.00037786198663525283,5.1250466640340164e-05,0.00039994093822315335,0.0001896629692055285,0.0009639437776058912,0.00014102055865805596,0.0004604357818607241,0.0004777612630277872,0.0004491826693993062,0.0007016313611529768,0.0004319030558690429,0.0002503251889720559,0.0010624182177707553,0.000404244550736621,0.00034570202114991844,0.00020300885080359876,9.572460112394765e-05,4.403490311233327e-05,5.981007416266948e-05,6.766477599740028e-05,0.00023877563944552094,0.00012626996613107622,0.00013044715160503983,0.00017853258759714663,0.0010908674448728561,0.00030043616425246,0.00020605252939276397,0.0003255437477491796,0.0007253236253745854,0.00036303099477663636,0.00020956234948243946,0.000144448276842013,0.0001977088104467839,7.78682588133961e-05,0.0019104988314211369,8.178573625627905e-05,8.917762897908688e-05,0.00040525212534703314,0.0001292592060053721,4.072738374816254e-05,0.00028014896088279784,0.00023468263680115342,0.00026444238028489053,0.0008256701985374093,0.00013245111040305346,5.187614806345664e-05,8.102763968054205e-05,0.0001934617612278089,6.601532368222252e-05,7.463474321411923e-05,0.00019649775640573353,0.0007458276813849807,0.0010465207742527127,0.00034001271706074476
202107,0.0004187515005469322,2.9860289942007512e-05,5.305588274495676e-05,0.0008323509246110916,0.0003907705831807107,9.138572931988165e-05,0.00046864463365636766,0.0004111941088922322,0.00022072275169193745,0.0005661023315042257,0.00015818222891539335,0.00012887555931229144,0.0008132221992127597,6.542719347635284e-05,8.091692870948464e-05,0.00017731802654452622,0.0014572791988030076,8.002635149750859e-05,0.0001802404731279239,2.6741296096588485e-05,0.00044696099939756095,0.00044889686978422105,4.855218139709905e-05,5.811139999423176e-05,0.00018663670925889164,0.00012832066568080336,0.0001528333086753264,0.0009882182348519564,8.893541235011071e-05,0.00013489079719875008,8.278643508674577e-05,0.0002361112565267831,0.0005806367262266576,6.151419802336022e-05,0.000770513725001365,6.245463737286627e-05,0.00015226264076773077,9.05960041563958e-06,0.000328401627484709,0.0001642303541302681,0.00015713486936874688,2.7893918741028756e-05,0.0002668376255314797,0.0005487372982315719,0.0004269306955393404,0.00011384014214854687,0.0002453854540362954,0.00013124530960340053,0.0012160236947238445,0.0019121405202895403,0.00022151024313643575,0.000858992338180542,2.7293048333376646e-05,0.0002640805905684829,8.084480214165524e-05,7.742313027847558e-05,9.954738197848201e-05,0.00028928552637808025,8.50934156915173e-05,0.00024061169824562967,7.297068805200979e-05,0.000360673206159845,0.0001472181174904108,0.0008114649099297822,0.00018905354954767972,0.0006468879291787744,0.00044584745774045587,0.0006356531521305442,0.0007967548444867134,0.00038312270771712065,0.00029698616708628833,0.001046601915732026,0.00036447239108383656,0.0004112178285140544,3.4658340155147016e-05,0.00010195419599767774,3.6873985663987696e-05,2.5072817152249627e-05,5.711270569008775e-05,0.00018321973038837314,4.615171201294288e-05,0.0001189403046737425,0.00014743460633326322,0.0010180562967434525,0.0004314041289035231,0.0002498376998119056,0.00031689440947957337,0.0008803288219496608,0.0003548164386302233,0.0003107280354015529,7.914546586107463e-05,0.0002332009607926011,0.00017183741147164255,0.001596643473021686,9.493379184277728e-05,4.48022001364734e-05,0.00019726005848497152,0.00010687494068406522,9.547385707264766e-05,0.0003238210338167846,0.00016048211546149105,0.0004354639968369156,0.0005551730282604694,0.00026310706743970513,0.00017369320266880095,6.800147821195424e-05,0.0001745932677295059,0.00010591208410914987,0.0001548346335766837,8.81000523804687e-05,0.0007064566016197205,0.0007465191301889718,0.0005761050852015615
202108,0.0003499185258988291,3.426513649174012e-05,3.965618452639319e-05,0.001205822336487472,0.0004494450113270432,7.161445682868361e-05,9.790431795408949e-05,0.0006088963709771633,9.502159809926525e-05,0.0004255562962498516,0.0001428866380592808,0.0002583160239737481,0.0006786457379348576,5.035569847677834e-05,0.00011688360245898366,0.00017728275270201266,0.0014705805806443095,0.00012273048923816532,0.00021844901493750513,2.772873813228216e-05,0.0004094752366654575,0.000511172111146152,4.5188913645688444e-05,4.6943077904870734e-05,8.261610491899773e-05,0.00014913309132680297,9.925731865223497e-05,0.0009593228460289538,7.572520553367212e-05,4.562986578093842e-05,6.980932084843516e-05,0.00014175300020724535,0.00078342214692384,5.538281038752757e-05,0.0010011999402195215,6.0397665947675705e-05,0.000118008661956992,4.2429161112522706e-05,0.0003060952003579587,0.00025780702708289027,0.00030523486202582717,0.0001111596793634817,0.00024228706024587154,0.0006428821943700314,0.00038091500755399466,0.00015229129348881543,0.0002488543395884335,0.00016609900922048837,0.0008209774387069046,0.0027550640515983105,0.00025635570636950433,0.001261846860870719,0.00014731401461176574,0.0002419351803837344,5.641033567371778e-05,0.00016003850032575428,9.210297139361501e-05,0.0001800897589419037,0.00015021405124571174,0.00024581042816862464,2.8072532586520538e-05,0.00039584681508131325,0.00018753639596980065,0.0008185377810150385,0.0002562973531894386,0.0004940227372571826,0.0004230049962643534,0.0005666065262630582,0.0011349584674462676,0.0004075849137734622,0.00027870674966834486,0.0010410611284896731,0.0004532828170340508,0.0003299698873888701,7.272027141880244e-05,0.00024572646361775696,2.7411193514126353e-05,6.016737825120799e-05,2.221774593635928e-05,0.00031631693127565086,5.036535003455356e-05,0.00021617575839627534,0.0001944014657055959,0.00100736937019974,0.0005944547592662275,0.0001606667647138238,0.000320526392897591,0.0006976628210395575,0.00013000244507566094,0.00020246912026777864,6.198945629876107e-05,0.0001584243873367086,0.00018738461949396878,0.0015754015184938908,5.281586345518008e-05,4.9910489906324074e-05,0.00029319923487491906,7.910608837846667e-05,0.0001307022466789931,0.0003327065787743777,0.00017934944480657578,0.0003789412439800799,0.0005141746951267123,0.00040372557123191655,0.00017387521802447736,9.391713683726266e-05,0.0002997303963638842,0.0001058145280694589,0.00015629050903953612,0.00011001720849890262,0.0007127763819880784,0.000836063816677779,0.000668383960146457
202109,0.00042193534318357706,1.6747448171372525e-05,3.9131486119003966e-05,0.0009001819416880608,0.00043809780618175864,4.2490119085414335e-05,0.0003717667132150382,0.0004166162689216435,3.5400975320953876e-05,0.0004994068294763565,0.00010318928252672777,0.00013659561227541417,0.0005769371055066586,8.011127647478133e-05,5.881182005396113e-05,0.0002383710816502571,0.0012856676476076245,0.0001215382872032933,0.00015040047583170235,6.113263953011483e-05,0.0001243159786099568,0.0004419925680849701,7.082571391947567e-05,1.4866757737763692e-05,6.757428491255268e-05,7.537977216998115e-05,0.00014418484352063388,0.000908339861780405,5.1257407903904095e-05,4.3951058614766225e-05,0.0001028099432005547,8.082746353466064e-05,0.0004084117244929075,0.00010580228990875185,0.0006130206165835261,6.27609551884234e-05,0.00019430012616794556,3.5407429095357656e-05,0.0002054415235761553,0.00014409294817596674,0.0002289174881298095,5.946798046352342e-05,0.000456929235951975,0.0007451044511981308,0.0004890209529548883,0.0001343033363809809,0.0002997576375491917,0.00025666531291790307,0.0007825155043974519,0.0020886652637273073,0.0006178597104735672,0.001155946170911193,3.9356713386951014e-05,0.00026182245346717536,0.00012236324255354702,8.037151565076783e-05,0.00016627259901724756,0.0002925144217442721,6.72856840537861e-05,0.00029737927252426744,6.262405076995492e-05,0.00037315700319595635,0.00022479162726085633,0.0007100616348907351,0.0001927067496581003,0.0006443403544835746,0.0004918780759908259,0.0006494962144643068,0.0009736170759424567,0.0002877229708246887,0.00023410025460179895,0.0010961246443912387,0.00030435051303356886,0.0004070618306286633,8.692829578649253e-05,0.00017782527720555663,2.0746087102452293e-05,8.084095497906674e-06,4.497177360462956e-05,0.00017198167915921658,9.767945448402315e-05,0.00014200099394656718,0.00019107469415757805,0.0007427820237353444,0.0005195133271627128,0.00020254992705304176,0.00026819875347428024,0.0008073264034464955,0.00020635152759496123,0.00024029375344980508,0.00013694587687496096,0.00013337792188394815,0.0002233841660199687,0.001357600325718522,1.4764573279535398e-05,3.439821011852473e-05,0.0002197274297941476,8.67357084644027e-05,6.0347490943968296e-05,0.00041163599235005677,0.00023949358728714287,0.0003358407993800938,0.00043756491504609585,0.0002886573493015021,0.00017006280540954322,7.000624464126304e-05,0.00023261521710082889,8.618840365670621e-05,0.0001725608017295599,0.00019429864187259227,0.0005471291951835155,0.000788763863965869,0.000350528716808185
202110,0.0001895538007374853,5.025066275265999e-05,7.987596472958103e-05,0.0016404904890805483,0.0005323058576323092,4.7319535951828584e-05,0.0002938372199423611,0.00033530796645209193,5.761306965723634e-05,0.0005667864461429417,0.0002563433663453907,0.00021406335872597992,0.0005167131312191486,4.665091910283081e-05,3.878376810462214e-05,0.00011500748951220885,0.0011521781561896205,0.00014066782023292035,7.859941251808777e-05,6.157928874017671e-05,0.0002236053260276094,0.0004938270431011915,2.946613858512137e-05,2.170358129660599e-05,8.807391714071855e-05,0.00022431259276345372,0.0001429593248758465,0.000579416227992624,5.769766357843764e-05,0.0001040888309944421,0.00011655697744572535,8.450531458947808e-05,0.0003352142812218517,7.48544916859828e-05,0.0009117801091633737,5.0129794544773176e-05,0.0001821714686229825,3.827092223218642e-05,0.00019235092622693628,9.839903214015067e-05,0.00026338259340263903,4.274024104233831e-05,0.0005497668171301484,0.0005893200286664069,0.00025890656979754567,0.0002762169751804322,0.00042188685620203614,0.00021293971803970635,0.0013799971202388406,0.0009833213407546282,0.0010043211514130235,0.000821992289274931,0.00013918169133830816,0.0003005792968906462,9.92898058029823e-05,9.608052641851828e-05,0.0001586073631187901,0.0002112451329594478,8.359614730579779e-05,0.00036547030322253704,5.6966880947584286e-05,0.0004729027859866619,0.00022495065059047192,0.0010043145157396793,0.00014347814430948347,0.00038394395960494876,0.0005126980249769986,0.0007407721132040024,0.0009011908550746739,0.00034460608731023967,0.00019551385776139796,0.0013116772752255201,0.0003508940862957388,0.00031599908834323287,9.200182830682024e-05,0.00014140130952000618,3.538768214639276e-05,4.453243309399113e-05,4.308275310904719e-05,0.0003893380635417998,9.913319809129462e-05,0.00015908204659353942,0.0002359781792620197,0.0009670149302110076,0.00032649029162712395,0.00026272027753293514,0.00024092126113828272,0.0010496398899704218,0.00013748496712651104,0.0002760853967629373,0.00011488253221614286,0.0001543226244393736,0.00022794729738961905,0.001274405512958765,4.217875175527297e-05,6.721102545270696e-05,0.0003468952781986445,0.00015356486255768687,4.780714516527951e-05,0.0005327057442627847,0.00021990807726979256,0.0002339609491173178,0.0005065525765530765,0.0001883677177829668,6.90398519509472e-05,8.724206418264657e-05,0.00032071603345684707,9.958167356671765e-05,7.163402187870815e-05,7.313867536140606e-05,0.00039955356623977423,0.0008070745971053839,0.0004354787524789572
202111,0.0002783038071356714,3.5919525544159114e-05,2.4009612388908863e-05,0.0011427592253312469,0.00041132516344077885,5.7492186897434294e-05,0.0002165983314625919,0.00047292342060245574,6.175770977279171e-05,0.0005076781962998211,0.00012448274355847389,0.00017447570280637592,0.0010129325091838837,0.00012050152872689068,7.905527309048921e-05,0.00022773974342271686,0.001304951380006969,0.0001279586140299216,0.00016765891632530838,4.643246575142257e-05,0.00019739122944884002,0.0003775329969357699,1.190543935081223e-05,1.4983148503233679e-05,0.00010470093548065051,0.00013778821448795497,0.0001331508537987247,0.0007748834323137999,4.9541384214535356e-05,5.288611646392383e-05,0.00016645778669044375,5.505330045707524e-05,0.00024137670698110014,0.00011608989007072523,0.0011792754521593451,5.708861499442719e-05,0.00022042528144083917,5.87290596740786e-05,0.00021353198098950088,4.8673959099687636e-05,0.0002139780845027417,9.796653466764838e-05,0.0004687572654802352,0.0011210653465241194,0.00037615702603943646,0.0003960292669944465,0.00028168660355731845,0.00010452067363075912,0.0011530941119417548,0.0018646628595888615,0.0006362584535963833,0.0008647279464639723,8.4254628745839e-05,0.00034232187317684293,0.00010011796257458627,0.00010772239329526201,0.00017789493722375482,0.00023287539079319686,6.630666757700965e-05,0.0004176942748017609,8.881303074304014e-05,0.0006287939613685012,0.00012436453835107386,0.0008416728232987225,0.00024021120043471456,0.000685658713337034,0.00046255768393166363,0.0006505912751890719,0.0008424983825534582,0.00031341391149908304,0.00022345386969391257,0.001275845104828477,0.00039922044379636645,0.00031163200037553906,0.00016640582180116326,0.00012455385876819491,3.2021903280110564e-06,8.468290616292506e-05,9.070085070561618e-05,0.00022710120538249612,8.234275446739048e-05,0.0001289898355025798,0.00021056519472040236,0.0006557403248734772,0.00036894602817483246,0.0002127684565493837,0.00019792043894995004,0.0006315769860520959,7.943854143377393e-05,0.00017976340313907713,4.9795242375694215e-05,0.0001971334422705695,0.0002635996788740158,0.0017298274906352162,3.9495687815360725e-05,0.0002160340518457815,0.00046990197733975947,0.00019067199900746346,6.323322304524481e-05,0.0005969711346551776,0.00024290390138048679,0.00026211614022031426,0.00040799102862365544,0.00027586400392465293,9.146236698143184e-05,0.00016946186951827258,0.0002453093184158206,7.091516454238445e-05,0.00016701174899935722,8.714603609405458e-05,0.0004928692360408604,0.0006127927335910499,0.00021064588509034365
202112,0.0002614139812067151,5.874000635230914e-05,2.2652031475445256e-05,0.0009901412995532155,0.0003449683717917651,2.3301870896830224e-05,4.167886436334811e-05,0.0006058525177650154,0.00021400859986897558,0.0005257477168925107,0.0001366781652905047,0.00023817266628611833,0.0007141954265534878,0.00011834808537969366,7.255631498992443e-05,0.00012431670620571822,0.0014270114479586482,8.048883319133893e-05,0.00017441810632590204,8.925230758904945e-06,0.00021834282961208373,0.00038408016553148627,4.6398396079894155e-05,3.3549393265275285e-05,3.740418833331205e-05,9.422118455404416e-05,0.0001598582894075662,0.00046021403977647424,0.00013132554886396974,0.00010365166235715151,0.00017507544544059783,0.00020406489784363657,0.00023449280706699938,3.207227564416826e-05,0.0029814601875841618,8.930094918468967e-05,0.00014689864474348724,2.3431237423210405e-05,0.00011583740706555545,5.96520840190351e-05,0.00014432698662858456,0.00013918695913162082,0.00028321545687504113,0.0011161684524267912,0.0004067938425578177,0.0003688650904223323,0.00032188871409744024,0.0001861787895904854,0.0010373449185863137,0.0018158260500058532,0.0006383287254720926,0.0013543824898079038,6.149167893454432e-05,0.00027424664585851133,5.531884016818367e-05,0.0001357895089313388,8.612513192929327e-05,0.0003082815383095294,3.509839007165283e-05,0.00028372701490297914,4.5216169382911175e-05,0.0005752866272814572,0.00013402591866906732,0.0008792489534243941,0.00023248119396157563,0.0004797442234121263,0.0005115806707181036,0.0009184287046082318,0.0007063979282975197,0.00021821018890477717,0.00018002436263486743,0.001090231235139072,0.00047545842244289815,0.0002865701972041279,8.39135391288437e-05,6.666700937785208e-05,1.864865953393746e-05,3.853321322822012e-05,4.815083957510069e-05,0.00028632854809984565,7.925372483441606e-05,9.760326793184504e-05,0.00020294307614676654,0.0008360163192264736,0.00048225661157630384,0.00023723272897768766,0.00026276783319190145,0.0006304244161583483,0.0001297531562158838,0.00028276327066123486,6.829369522165507e-05,0.00013460915943142027,0.00041165269794873893,0.0016619733069092035,6.701114762108773e-05,4.192898632027209e-05,0.0023205173201858997,0.0002154023532057181,6.412024958990514e-05,0.0006881321896798909,0.0002239683672087267,0.0001781232567736879,0.00039037448004819453,0.00025192563771270216,3.614793604356237e-05,0.00018736382480710745,0.00026112678460776806,5.0105929403798655e-05,0.0002198029396822676,4.4019070628564805e-05,0.0001927839039126411,0.00042955964454449713,0.00034236139617860317
202201,6.514471169793978e-05,2.121664692822378e-06,1.1396687114029191e-06,2.4502880478394218e-05,1.6804851838969626e-06,4.022500093014969e-07,3.3678759791655466e-05,6.149923137854785e-05,6.496026344393613e-06,2.4003811631700955e-06,2.4975333872134797e-06,2.114681228704285e-05,4.683501629187958e-06,1.377107423650159e-06,1.5936914223857457e-06,6.343286258925218e-06,0.0002476672234479338,1.1046555528082536e-06,5.402283704825095e-07,1.3468060444665753e-07,1.0694169759517536e-05,3.3800374694692437e-06,6.767542686247907e-07,2.372385552007472e-06,3.8997461615508655e-07,1.3447585160974995e-06,0.0,4.176872607786208e-06,1.0707627779993345e-06,3.120484734608908e-06,7.252630439325003e-06,0.0,7.093766726029571e-06,5.075561148260022e-06,0.00013740309805143625,7.459590847247455e-07,5.18423712492222e-06,1.957202130142832e-06,6.137629043223569e-06,8.218949005822651e-07,1.1675020687107462e-05,2.1958453544357326e-06,1.5447017176484223e-06,1.4929248209227808e-05,7.2589286901347805e-06,1.6185804270207882e-05,5.762522505392553e-06,4.31408307122183e-06,1.7495447536930442e-05,1.9879589672200382e-05,2.558949199737981e-05,9.837754078034777e-06,0.0,5.000491000828333e-06,3.4796389059010835e-07,6.989510552557476e-07,1.8809698758559534e-06,6.126825837782235e-07,5.016530053580937e-07,1.399823645442666e-06,1.0201239092566539e-05,6.593475518457126e-06,8.983036423160229e-06,2.281455454067327e-05,4.037849066662602e-05,8.658028673380613e-05,4.790181992575526e-05,0.000105691869975999,2.7948931347054895e-06,3.011284888998489e-06,0.0,2.5976791221182793e-05,0.0,1.634816544537898e-05,2.6281672035111114e-05,9.711325787975511e-08,0.0,2.1818767947934248e-07,3.4750812574202428e-06,0.0,9.040970212481625e-07,3.341021056257887e-06,2.4735716579016298e-05,3.0015501124580624e-06,2.0882280296063982e-05,6.90899742039619e-06,6.534043677675072e-06,1.9835721104755066e-05,1.231229725817684e-05,3.926146519006579e-07,2.0538841738471092e-07,2.260914698126726e-06,3.2774737519503105e-06,7.7205531852087e-06,1.131392536990461e-06,2.013234961850685e-06,6.627504626521841e-05,3.4260824577359017e-06,1.476440047554206e-06,1.3685886187886354e-05,8.066474038059823e-06,8.352626537089236e-06,8.996766496238706e-07,8.394709766434971e-06,5.215571263761376e-07,8.091492418316193e-06,2.3028909708955325e-05,1.1377294413250638e-06,1.1853784371851361e-06,0.0,4.228802481520688e-06,1.9686831365106627e-06,2.2192361939232796e-06
202202,4.138519216212444e-05,2.464253441303299e-07,9.222860626323381e-07,1.4379729691427201e-05,2.8326414849288994e-06,6.69122300678282e-07,2.0407371266628616e-05,4.401525075081736e-05,3.1537688300886657e-06,2.3803534077160293e-06,2.9808029466948938e-06,1.8593105778563768e-05,4.954831092618406e-05,6.8969984567957e-07,2.1314022546903288e-07,3.399085471755825e-06,0.0002601952292025089,9.372568570142903e-07,2.121983243341674e-06,4.039816303702537e-07,2.2739798168913694e-06,3.0486030482279602e-06,3.762282005936868e-07,2.580546606623102e-06,2.3209008759295102e-07,2.7976125238637906e-06,6.394314056024086e-08,9.928216968546622e-06,6.373421115313249e-07,2.9326647563721053e-06,1.5091479781403905e-06,1.7572560295775475e-07,6.365196441038279e-06,3.0144897209538613e-06,4.070893919561058e-05,1.4741980294274981e-06,5.254441930446774e-06,4.445800811936351e-07,3.8317739381454885e-06,6.629869631069596e-07,5.069422513770405e-06,0.0,7.103168968569662e-07,3.991972789663123e-06,6.037620551069267e-06,2.6017882191808894e-05,3.909037332050502e-06,6.34621619610698e-06,3.846520121442154e-05,1.580000389367342e-05,1.4475357602350414e-05,3.827010459644953e-06,4.3302537733325153e-07,5.238975518295774e-06,2.6761165372590767e-07,4.872330805483216e-07,2.4867767933756113e-06,3.1175381991488393e-06,1.4906507885825704e-06,9.560739044900401e-07,5.509073616849491e-06,3.631111894719652e-06,1.0309864819646464e-06,1.23983563753427e-05,3.103837661910802e-05,7.030536653473973e-05,4.637954771169461e-05,9.065849735634401e-05,5.383251959756308e-07,2.361256065341877e-06,1.6325332126143621e-06,2.9367383831413463e-05,0.0,1.2003655683656689e-05,1.7567708709975705e-05,2.1004461814300157e-07,0.0,5.943115866102744e-07,5.250286903901724e-06,8.353795237781014e-07,8.835638709570048e-07,5.1681522563740145e-06,2.5792756787268445e-05,8.047571782299201e-07,7.764238034724258e-06,1.0063720765174367e-05,3.4117520044674166e-06,3.131689300062135e-05,1.5440826246049255e-05,4.189650155694835e-07,0.0,3.611236252254457e-07,4.346576929492585e-07,1.9569082724046893e-05,1.5333711189668975e-06,2.3812178824300645e-06,8.179265932994895e-06,6.349937962113472e-07,0.0,9.388742000737693e-06,7.138401088013779e-06,4.237687335262308e-06,1.8437813196214847e-05,7.2129632826545276e-06,3.0976605103205657e-06,1.4515371731249616e-05,1.6842535842442885e-05,9.850700735114515e-07,1.8480268408893608e-06,0.0,2.3602290184498997e-06,1.7823741700340179e-06,1.7128215858974727e-06
202203,1.0059274245577399e-05,1.0386027042841306e-06,1.2939843827552977e-06,6.22144170847605e-06,3.3246863040403696e-06,4.909691142529482e-08,1.4277408808993641e-05,2.390280133113265e-05,1.912627885758411e-05,2.6070331387018086e-06,1.4375106047737063e-06,2.2881718905409798e-05,5.548920307774097e-05,7.240698778332444e-07,3.335783958391403e-06,7.871827619965188e-06,0.000282014487311244,1.7411566943792423e-07,2.933625410150853e-06,1.527684162283549e-06,3.184030219927081e-06,1.294094090553699e-06,5.325852612259041e-07,1.2299236914259382e-05,6.998322987783467e-07,9.819982551562134e-07,1.5092720673237636e-07,5.517207227967447e-06,2.901940376887069e-07,5.556592896027723e-06,6.986880976000975e-07,1.0099320206791162e-06,8.386023182538338e-06,4.2859369386860635e-06,7.435399311361834e-05,1.8951246829601587e-06,4.308405095798662e-06,2.7915982627746416e-06,9.415806744073052e-06,4.688884303050145e-07,7.213660865090787e-06,0.0,1.5311505876525189e-06,2.15502291212033e-06,1.5142045413085725e-06,2.9620550776598975e-05,1.2028720448142849e-05,5.6019484873104375e-06,4.078173515154049e-05,3.184600063832477e-05,2.0391396901686676e-05,4.51205096396734e-06,5.860935743839946e-06,2.1650664621120086e-06,3.964568406900071e-07,4.117912340007024e-06,1.5114460438780952e-06,1.19121182251547e-06,5.761241368418268e-07,2.412883191027504e-07,6.524796845042147e-06,2.0516258700808976e-06,1.8472244391887216e-06,2.4629875042592175e-05,2.4307964849867858e-05,8.171697845682502e-05,7.264148007379845e-05,8.720299956621602e-05,1.7537759049446322e-06,1.7659027662375593e-06,1.7220261270267656e-06,3.832952643278986e-05,7.85112135304189e-08,5.0558073780848645e-06,2.6423487724969164e-05,1.5791163150424836e-06,0.0,0.0,7.429520792356925e-06,0.0,6.798458116463735e-07,5.088719717605272e-06,2.817726090142969e-05,2.93669927486917e-06,5.066452285973355e-05,9.409981430508196e-06,8.103399409264966e-07,3.4868255170295015e-05,8.664235792821273e-06,1.2711331009995774e-07,3.186804633514839e-07,2.6870050078287022e-06,4.3224201817793073e-07,1.5924144463497214e-05,2.6844140847970266e-06,3.8360376493074e-06,2.659522942849435e-05,6.318600185295509e-07,1.7637288465266465e-06,1.2551122381410096e-05,5.256006261333823e-06,4.732166871690424e-06,1.6158279322553426e-05,4.987964075553464e-06,0.0,1.2059730579494499e-05,1.509313915448729e-05,1.5055833273436292e-06,1.5012177527751192e-06,0.0,6.088728241593344e-06,1.0458738870511297e-06,2.2367198653228115e-06
202204,2.0450712327146903e-05,1.842071696955827e-06,0.0,5.752699507866055e-06,2.22461517296324e-06,9.386160968460899e-07,1.811832953535486e-05,4.777601134264842e-05,8.094130862446036e-06,3.3892983992700465e-06,5.520915919987601e-07,2.2071049897931516e-05,0.000136780712637119,9.56818439590279e-07,1.8477426237950567e-06,8.179502401617356e-06,0.0002785235410556197,8.933238859754056e-07,6.976982263040554e-07,1.120059096137993e-06,6.809325441281544e-06,2.198323727498064e-06,2.367593054941608e-07,8.875238563632593e-06,1.372114979858452e-06,4.966886535839876e-06,1.1453498416358343e-07,7.498339527955977e-06,8.230131953723685e-08,2.076905730064027e-06,1.402534053340787e-06,4.483089810491947e-07,6.642556400038302e-06,3.7125903418200323e-06,0.00010124636173713952,0.0,1.8059492958855117e-06,6.27950203124783e-06,7.892212124716025e-06,5.289017508403049e-07,1.0290171303495299e-05,0.0,7.4342403877381e-07,1.062760111381067e-05,5.131101261213189e-06,3.8411730201914907e-05,1.003728266368853e-05,5.594484719040338e-06,4.8526828322792426e-05,3.409126657061279e-05,1.691270517767407e-05,4.1169928408635315e-06,1.805084252737288e-06,2.7397927624406293e-06,1.1945277833547152e-07,1.0242035841656616e-06,2.811537342495285e-06,2.3348122795141535e-06,7.38578194159345e-07,8.794108907750342e-07,5.239329311734764e-06,3.528274419295485e-06,2.2242520572035573e-06,1.8361188267590478e-05,3.186886533512734e-05,6.578053580597043e-05,5.26950643688906e-05,7.958087371662259e-05,0.0,2.9547388749051606e-06,5.072006388218142e-06,3.7813915696460754e-05,1.2579040458149393e-06,9.25738913792884e-06,1.78192258317722e-05,8.042543413466774e-07,0.0,9.229055990545021e-07,8.413942850893363e-06,9.610835149942432e-08,1.758539127649783e-07,7.567083230242133e-06,2.5318980988231488e-05,6.636997568421066e-06,8.8858199887909e-05,2.716064273045049e-06,3.934815140382852e-06,3.237497730879113e-05,1.0677131285774522e-05,2.1454968646139605e-06,0.0,0.0,2.2070848899602424e-06,1.9785689801210538e-05,2.9906923373346217e-06,5.363333002605941e-06,3.85872735932935e-05,1.178737761620141e-06,1.0628152722347295e-06,2.551884244894609e-05,4.718550371762831e-06,3.5823859434458427e-06,7.386319794022711e-06,1.0306313924957067e-05,0.0,8.917870218283497e-06,1.0308724995411467e-05,0.0,0.0,0.0,7.593937880301382e-06,4.596518010657746e-06,1.3209380540502025e-06
202205,9.264954314858187e-06,1.3044930256000953e-06,4.3863946075362037e-07,1.4528845895256381e-06,2.7710625545296352e-06,2.869677473427146e-07,1.777042962203268e-05,2.243964991066605e-05,8.674545824760571e-06,2.8295430638536345e-06,2.0899115327210893e-07,2.269919241371099e-05,0.00017500996182207018,2.4823887088132324e-06,9.772110161065939e-07,3.5954265058535384e-06,0.00025940482737496495,1.044091618496168e-06,7.73400472553476e-07,2.8766564810212003e-06,1.9763865566346794e-06,1.5086452549439855e-06,7.974452955750166e-07,3.8951743590587284e-06,1.0448803777762805e-06,3.6782514598598937e-06,1.8415572355934273e-07,8.073036042333115e-06,7.32020794202981e-07,1.4812522977081244e-06,6.972970822971547e-07,5.150617425897508e-07,8.68589268065989e-06,2.4953324100351892e-06,6.738271622452885e-05,5.169889050193888e-07,1.2153142279203166e-06,2.625500883368659e-06,8.506157428200822e-06,2.6231793981423834e-07,8.160196557582822e-06,1.5156380186454044e-06,8.800520845397841e-07,3.5315638342581224e-06,5.378471087169601e-06,2.0452807802939788e-05,2.3689108274993487e-06,2.2877654828334926e-06,3.6695771996164694e-05,3.800111880991608e-05,2.4085196855594404e-05,8.270393664133735e-06,1.0722765182435978e-06,4.270310455467552e-06,4.1296473796137434e-07,9.083420877686876e-07,4.749995241581928e-06,8.020371637940116e-07,1.4158686667542497e-07,3.128349419512233e-07,5.505192802957026e-06,2.013939820244559e-06,3.0922208225092618e-06,1.8904853277490474e-05,2.683255479496438e-05,6.858732376713306e-05,5.867861182196066e-05,9.443389717489481e-05,1.5190086060101748e-06,1.9726526261365507e-06,4.014880232716678e-06,3.8861817301949486e-05,1.7620725429878803e-06,1.3343877071747556e-05,2.301888889633119e-05,1.0627222764014732e-06,0.0,1.0835036334810866e-07,1.2881626389571466e-05,0.0,1.0234676892650896e-06,8.441792488156352e-06,2.769346974673681e-05,4.014028490928467e-06,6.286127609200776e-05,4.491845629672753e-06,1.2745256299240282e-06,4.326754788053222e-05,1.1336994248267729e-05,2.4524774744349997e-06,2.1793272253489704e-07,1.4079901120567229e-06,2.206081859412734e-07,1.906486249936279e-05,1.985044491448207e-06,2.9235409328975948e-06,2.6515232093515806e-05,2.3592637887759338e-07,2.7690957722370513e-06,2.4690583813935518e-05,5.476332717080368e-06,5.330556632543448e-06,1.1163384442625102e-05,7.0750884333392605e-06,8.480562314616691e-07,5.253542894934071e-06,6.502685664599994e-06,0.0,1.6240455806837417e-06,0.0,4.748068931803573e-06,1.8203407989858533e-06,8.116765570775897e-07
202206,2.0990108168916777e-05,2.3515342491009505e-06,9.788784893771663e-08,2.950763928311062e-06,3.90936429539579e-06,9.470074360251601e-07,2.503056930436287e-05,2.3576305466121994e-05,2.0948102246620692e-05,2.657648565218551e-06,5.712225856768782e-07,2.925205626524985e-05,0.00013015640433877707,6.327546998363687e-06,1.0743697487214376e-07,4.6268096411949955e-06,0.0002893968776334077,1.130404257310147e-06,2.743421418927028e-06,4.1202432043974113e-07,1.9467779566184618e-06,3.867394866574614e-07,5.424045639301767e-07,2.0940769900335e-06,8.253751957454369e-07,2.6007023734564427e-06,0.0,6.425436822610209e-06,2.520704072139779e-07,2.9617406198667595e-06,1.7172816342281294e-06,3.050384833613862e-08,9.136606422543991e-06,3.873979039781261e-06,8.420650556217879e-05,4.768928647536086e-06,3.87926729672472e-06,3.8242360460571945e-06,6.7205214691057336e-06,4.943092335452093e-07,9.333009984402452e-06,5.07394702253805e-07,1.2226799981363001e-06,9.93894809653284e-06,8.933344361139461e-06,2.8075792215531692e-05,1.1512906894495245e-06,5.882367076992523e-06,2.8819851650041528e-05,1.38041541504208e-05,1.494453681516461e-05,1.4922203263267875e-05,9.289324793826381e-07,2.4551761725888355e-06,1.1555840018218078e-07,1.4005908042236115e-06,2.9423024443531176e-06,7.638823831257469e-07,6.211769800756883e-07,8.460746130367625e-07,5.655791483150097e-06,5.321211119735381e-06,4.524194991972763e-06,1.2162132406956516e-05,2.4984294213936664e-05,6.507994839921594e-05,9.008641791297123e-05,0.00010295617539668456,6.441944151447387e-06,1.7794606037568883e-06,5.8916893976856954e-06,3.986640149378218e-05,6.850752356513112e-07,3.7087327655171975e-05,2.3202623196993954e-05,1.287056875298731e-06,0.0,5.121708568367467e-07,1.0482330253580585e-05,1.1728393900511946e-07,1.929230165842455e-06,9.451003279536963e-06,3.2785679650260136e-05,1.5328367908296059e-06,3.8578000385314226e-05,5.241151484369766e-06,5.827593213325599e-06,2.391856105532497e-05,1.1439030458859634e-05,8.358812237929669e-07,0.0,1.4418525040582608e-07,0.0,1.2541722753667273e-05,9.450427000956552e-07,1.9978547243226785e-06,3.275418566772714e-05,2.404193253369158e-07,5.09655683345045e-06,4.583588088280521e-05,1.0577033208392095e-05,3.3720450574037386e-06,1.047639761964092e-05,6.36093409411842e-06,3.3617718599998625e-06,8.199172043532599e-06,5.2754830903722905e-06,0.0,1.8903918999058078e-06,0.0,5.290260560286697e-06,3.375114374648547e-06,2.544868721088278e-06
202207,1.3391623724601232e-05,8.768690662463996e-08,5.029456247029884e-07,1.5969613968991325e-06,2.7824644348584116e-06,3.532023811203544e-07,9.980998584069312e-06,3.38845893566031e-05,1.5865700333961286e-05,4.497847385209752e-06,7.986753303157457e-07,2.8183440008433536e-05,0.00024678875342942774,1.4420189700103947e-06,1.5405681779157021e-06,3.1590750495524844e-06,0.0002543594455346465,2.2956787688599434e-06,1.3488398735717055e-06,3.14768556108902e-07,2.7946100544795627e-06,2.1240743990347255e-06,1.1855825476914106e-07,7.043732239253586e-06,1.0058727184514282e-06,2.351465127503616e-06,1.065862420546182e-06,8.211612112063449e-06,1.0625144852838275e-07,1.1447291115018743e-07,1.6050883004936622e-06,7.291302495104901e-07,5.624189270747593e-06,4.0259678826259915e-06,3.0473016522591934e-05,3.0642427191196475e-06,1.5417997474287404e-06,3.496142653602874e-06,3.098862634942634e-06,2.4011734467421775e-07,1.323013839282794e-05,3.9925552641761897e-07,1.9197636902390514e-06,3.8885291360202245e-06,8.2945120993827e-07,2.4093851607176475e-05,9.883843631541822e-06,4.473724857234629e-06,3.467586066108197e-05,1.614994471310638e-05,1.575566056999378e-05,6.4338009906350635e-06,2.7253446432951023e-07,1.5862657392062829e-06,1.5483190054510487e-06,9.807358765101526e-07,1.7733763115757029e-06,2.301169615748222e-06,1.3548525430451264e-06,3.850957000395283e-06,3.918123184121214e-06,1.3402050171862356e-06,2.176019052058109e-06,4.6559573092963547e-05,2.5531802748446353e-05,6.8604429543484e-05,6.152842252049595e-05,0.00010677113459678367,3.816155640379293e-06,5.5217897170223296e-06,3.675959533211426e-06,5.024807614972815e-05,1.1672550499497447e-05,3.0262797736213543e-05,1.6224894352490082e-05,1.1870503158206702e-06,0.0,0.0,6.735212537023472e-06,0.0,4.326698217482772e-06,8.850117410474923e-06,2.525756644899957e-05,9.173621947411448e-06,5.598263214778854e-06,2.63084689322568e-06,5.037360097048804e-06,6.035863043507561e-05,1.960407644219231e-05,1.1607221495069098e-06,1.0463837725183112e-06,1.6123013892865856e-06,7.775898893669364e-07,3.570636181393638e-05,1.086449742615514e-06,3.3175608677993296e-06,2.8815988116548397e-05,3.232476956327446e-06,3.84158329325146e-06,6.290627788985148e-05,7.703283699811436e-06,2.2702013211528538e-06,1.1632803762040567e-05,3.530331923684571e-06,1.311507503487519e-06,5.493597200256772e-06,4.083106432517525e-06,0.0,2.961915299692919e-07,0.0,4.57691339761368e-06,2.173521352233365e-06,1.5679164562243386e-06
202208,1.1115545930806547e-05,3.7709435218857834e-06,0.0,1.706412717794592e-06,2.443672201479785e-06,6.426682830351638e-07,2.2209649614524096e-05,2.9176213502069004e-05,2.1519581423490308e-05,3.731092192538199e-06,9.610681672711507e-07,2.784875141514931e-05,0.0002601505839265883,3.327902049932163e-06,0.0,9.743352791247162e-08,0.0002611988747958094,2.4905782538553467e-06,1.8486386466065596e-07,2.811365504840069e-07,3.1170043257588986e-06,8.458525826426921e-07,3.4140941806981573e-07,2.4014429982344154e-06,9.038609505296336e-07,1.5992322914826218e-06,3.621095174821676e-07,6.650874183833366e-06,0.0,7.438335813958474e-08,1.3759246257905033e-06,0.0,9.787317139853258e-06,3.1002562081994256e-06,7.222870772238821e-05,2.2586916657019174e-06,4.726692168333102e-06,5.6671910897421185e-06,3.864734026137739e-06,6.994409318394901e-07,8.933594472182449e-06,0.0,2.044791926891776e-06,4.18346553487936e-06,3.8294106161629315e-06,1.4329930309031624e-05,5.4628158068226185e-06,3.714849299285561e-06,2.0247478460078128e-05,1.502290069765877e-05,1.2636543942790013e-05,1.3205230970925186e-05,0.0,2.3984164272405906e-06,1.839583433138614e-06,1.0405832426840789e-06,2.787159473882639e-06,1.4034118294148357e-06,8.380002327612601e-07,8.700628200131177e-07,6.143040536699118e-06,3.1245158425008412e-06,2.11457609111676e-06,3.140050466754474e-05,2.611530726426281e-05,7.049296982586384e-05,6.809263868490234e-05,9.5690818852745e-05,7.684644174332789e-07,6.71248608341557e-06,3.969534191128332e-06,4.77544053865131e-05,9.686050361779053e-06,2.81922457361361e-05,2.728282197494991e-05,0.0,0.0,3.1650344567424327e-07,7.185914000729099e-06,5.638832689669471e-08,3.803699883064837e-06,1.0809690138557926e-05,2.9130445909686387e-05,6.223704531294061e-06,4.323066605138592e-06,3.387940296306624e-06,5.453920948639279e-06,7.390734390355647e-05,2.0068126104888506e-05,1.654327320466109e-06,0.0,4.160101525485516e-06,0.0,1.7645286789047532e-05,1.804298904062307e-06,4.136008101340849e-06,5.901050099055283e-05,2.080584408759023e-06,6.389628310898843e-07,6.781671254429966e-05,1.0095128345710691e-05,2.971191179312882e-06,1.2752820111927576e-05,2.29962188313948e-06,6.381603725458262e-07,9.333804882771801e-06,5.316189799486892e-06,2.8869189350189117e-07,1.7056291881090146e-06,5.143483576830477e-07,7.873488357290626e-06,2.7357807539374335e-06,1.6144058463396505e-06
202209,2.749789246081491e-06,1.2237305213602667e-07,4.677180598378072e-08,2.352884621359408e-06,2.8827025744249113e-06,6.357658435263147e-07,2.088522887788713e-05,1.5430347048095427e-05,1.0655832738848403e-05,4.6641953304060735e-06,4.6849100954204914e-07,2.9785622245981358e-05,0.00026152035570703447,3.7999618598405505e-06,1.2725591886919574e-06,4.411098871059949e-06,0.00023418464115820825,2.1465248210006393e-06,1.0475672240772838e-07,2.2932339049930306e-07,3.3840972264442826e-06,1.177003809971211e-06,1.2233479651513335e-07,2.6372656520834425e-06,9.110889891417173e-07,3.817744982370641e-06,4.254212342402752e-07,9.172999853035435e-06,0.0,1.5697202115916298e-06,7.590962241010857e-07,7.326251534323092e-07,5.708315711672185e-06,6.316109647741541e-06,4.5462460548151284e-05,3.684446937768371e-06,5.008266725781141e-06,7.148773420340149e-06,2.944833795481827e-06,3.8193044815670874e-07,5.162928118807031e-06,5.428607892099535e-07,1.5748767054901691e-06,2.504057192709297e-06,2.158124971174402e-06,0.0,1.1270404684182722e-05,2.0590041458490305e-06,3.2615396776236594e-05,1.964693728950806e-05,5.386984867072897e-06,7.737959094811231e-06,7.925021350274619e-07,1.807081162041868e-06,9.781344942894066e-07,1.8860799855247024e-06,3.3218864246009616e-06,8.728670195523591e-07,1.6584106106165564e-06,1.9915323434815946e-07,2.8573003874043934e-06,4.674197498388821e-06,3.538978489814326e-06,4.4917629566043615e-05,2.943006984423846e-05,7.268646731972694e-05,6.204186502145603e-05,0.0001010756750474684,3.0379551390069537e-06,3.342576974318945e-06,8.517318974554655e-07,5.2388837502803653e-05,1.1506663213367574e-05,2.309174851689022e-05,4.8517547838855535e-05,9.158188731817063e-07,0.0,8.668640134601446e-07,7.107370038283989e-06,4.0495919506611244e-07,5.645988494507037e-06,9.708709512779023e-06,2.8989099519094452e-05,9.248780656889721e-07,1.5208252079901285e-06,1.0812856316988473e-06,6.107441549829673e-06,6.316748476820067e-05,1.4696488506160676e-05,2.2618293371579057e-07,1.1254156788709224e-06,7.207683552223898e-07,1.8277942217537202e-06,2.0802621293114498e-05,2.525263653296861e-06,2.2216477191250306e-06,2.337679143238347e-05,3.869069587381091e-06,1.2623218026419636e-06,7.822829502401873e-05,8.020810128073208e-06,3.2119562547450187e-06,9.669953215052374e-06,8.885978786565829e-06,0.0,1.3476682397595141e-05,6.675883923890069e-06,1.1813181117759086e-06,0.0,0.0,1.012556822388433e-05,5.64181436857325e-06,6.614037602048484e-07
202210,1.2258245078555774e-05,7.782006832712796e-06,1.525228185528249e-06,1.6826010096337995e-06,3.777799520321423e-06,1.3046832236796035e-07,1.633704778214451e-05,4.122135942452587e-05,1.4462939361692406e-05,5.229117959970608e-06,5.28737928107148e-07,2.7347103241481818e-05,0.0002569651114754379,3.487824642434134e-06,8.936938229453517e-07,5.242118277237751e-07,0.0002451690088491887,1.4775612271478167e-06,8.393465122935595e-07,3.599458580083592e-07,0.0,3.3345957035635365e-06,5.724634206671908e-07,5.650631962339503e-08,9.725944210003945e-07,2.317295411558007e-06,3.1871132932792534e-07,6.146594387246296e-06,4.56376028523664e-07,0.0,2.292274984938558e-06,0.0,7.655338777112775e-06,2.0614902496163268e-06,9.108613448916003e-05,1.9637850527942646e-06,1.8252498193760403e-05,4.140582859690767e-06,2.2840720248495927e-06,3.639589749582228e-07,2.2286796593107283e-05,7.594989028802956e-07,7.072723633427813e-07,2.9789518976031104e-06,1.6014973880373873e-06,1.2056802916049492e-05,2.6897562293015653e-06,9.30901114770677e-06,2.4019976990530267e-05,2.133116140612401e-05,1.3324755855137482e-05,3.4358040466031525e-06,7.748142252239631e-07,1.9963824797741836e-06,7.288547863026906e-07,2.0938191482855473e-06,7.073167580529116e-07,1.7158281480078585e-06,1.1475231076474302e-06,5.67122128813935e-07,3.6553715290210675e-06,8.585297109675594e-06,4.06761182603077e-06,3.694999395520426e-05,2.7031310310121626e-05,6.830180791439489e-05,5.5055556003935635e-05,8.871033060131595e-05,1.5463301679119468e-06,8.535595952707808e-06,5.408801825979026e-06,3.815076343016699e-05,8.150801477313507e-06,1.9274883015896194e-05,2.1070671209599823e-05,5.273974466035725e-07,0.0,1.1601878213696182e-06,8.937344318837859e-06,1.88132531775409e-07,4.1641073948994745e-06,7.716570507909637e-06,2.5312023353762925e-05,5.209319624555064e-06,1.8799108829625766e-06,3.19117816616199e-06,7.627436843904434e-06,5.800101280328818e-05,1.2717373465420678e-05,1.9034083607039065e-06,9.056667522600037e-07,2.393672957623494e-06,0.0,2.52332156378543e-05,2.551840225351043e-06,2.1045309495093534e-06,4.979008372174576e-05,6.902493510096974e-07,6.391049396370363e-07,8.336384780704975e-05,7.12766950528021e-06,1.5089647149579832e-06,6.0878815020259935e-06,5.788861471955897e-06,1.0055878192360979e-06,1.0683755135687534e-05,6.547762041009264e-06,9.073495021993949e-08,3.019517862412613e-07,0.0,6.5280542003165465e-06,5.029904514231021e-06,2.5237879981432343e-06
202211,1.9959299606853165e-05,6.221462626854191e-06,0.0,1.840733034441655e-06,1.3112043006913154e-06,1.1324292472636444e-06,1.233038983627921e-05,3.840829958789982e-05,7.162165275076404e-06,6.2984813666844275e-06,7.216400490506203e-07,2.6093188353115693e-05,0.00026328302919864655,1.0289909369021188e-05,0.0,3.094558223892818e-06,0.00027043314184993505,1.8591998696138035e-06,2.369495319953785e-07,0.0,2.2792662548454246e-06,3.0245671496231807e-06,3.418163885271497e-07,1.5536504633928416e-06,1.412849769621971e-06,4.4186290324432775e-06,8.044343502433549e-08,9.758571650309023e-06,4.7259618440875784e-07,1.700700096307628e-07,6.240353513931041e-07,1.2122968655603472e-06,4.537316272035241e-06,5.8327068472863175e-06,9.057893475983292e-05,4.698633347288705e-06,1.1624168109847233e-05,6.381557795975823e-06,3.548949962350889e-06,1.4729491226717073e-07,1.710482501948718e-05,3.684992577746016e-07,1.7898967143992195e-06,1.3920669061917579e-06,3.3010803690558532e-06,6.647998816333711e-06,2.974037670355756e-06,7.916912181826774e-06,5.775625322712585e-05,2.2114190869615413e-05,2.6304122002329677e-05,7.053359240671853e-06,8.480540145683335e-07,3.607997541621444e-06,1.7461088930303958e-07,9.701385579319322e-07,2.668829210961121e-06,4.0598291661808616e-07,2.852470970537979e-07,3.6575082162926265e-07,8.180315802519544e-08,7.173109224822838e-06,2.690324436116498e-06,4.798084410140291e-05,2.7395481083658524e-05,8.653905388200656e-05,4.852264828514308e-05,0.00010577221837593243,3.1727697091810114e-07,1.272535155294463e-05,4.231343154970091e-06,3.556643787305802e-05,1.0239350558549631e-05,1.3029230103711598e-05,2.781193506962154e-05,1.0466500270922552e-06,0.0,7.072351309034275e-07,5.849611625308171e-06,3.1335932249021425e-07,2.4310445496666944e-06,5.13764234710834e-06,2.5972589355660602e-05,8.313520083902404e-06,3.693455028042081e-06,2.527142214603373e-06,9.753146514412947e-06,6.098166704759933e-05,1.7800955902202986e-05,8.178579946616082e-07,3.392785288269806e-07,1.5668672403990058e-06,1.6596610308283744e-08,2.823305840138346e-05,1.3075085689706611e-06,1.2452215969460667e-06,2.449064595566597e-05,4.914886176266009e-06,6.791992746002506e-07,7.595719944220036e-05,2.2202550098882057e-05,2.5890251436067047e-06,2.469058927090373e-06,1.2649668860831298e-05,9.767712754182867e-07,5.986561518511735e-06,6.170203960209619e-06,7.025282116046583e-07,8.291530662063451e-07,6.07609479175153e-07,1.3670715816260781e-05,3.875140464515425e-06,2.4526902961952146e-06
202212,7.325477326958207e-06,6.848752491350751e-06,4.3830215190610033e-07,9.326078043159214e-07,3.943545834772522e-06,2.028547214649734e-07,9.890876754070632e-06,2.3838896595407277e-05,1.0102370652020909e-05,8.59093779581599e-06,7.921213409645134e-07,2.33706505241571e-05,0.00032136664958670735,6.744294751115376e-06,1.221359298142488e-07,3.4917850371130044e-06,0.00021054268290754408,6.128062750576646e-07,1.5582803598590544e-06,0.0,2.70271152658097e-06,1.682451738815871e-06,1.437899470602133e-07,3.873132300213911e-06,2.340297896807897e-06,4.604189598467201e-06,5.366600248635223e-07,6.882949037390063e-06,0.0,3.2671866279088135e-07,1.1227060667806654e-06,1.207437207995099e-07,4.623939730663551e-06,3.7344775591918733e-06,8.78805440152064e-05,2.0219397356413538e-06,1.236110256286338e-05,7.0091086854517926e-06,1.0829759276020923e-06,1.4089792443883198e-07,1.5727255231468007e-05,0.0,3.6906695299876446e-07,8.186971740542504e-07,1.0171252142754383e-06,7.83558061812073e-06,5.076784873381257e-06,2.0181823856546544e-06,5.726884046453051e-05,3.348521204316057e-05,2.497731111361645e-05,3.5491691505740164e-06,5.60256012249738e-07,3.043933247681707e-06,1.0653272966010263e-06,6.999678134889109e-07,2.0914080778311472e-06,2.4813939489831682e-06,6.711885589538724e-07,7.746182859591499e-07,0.0,4.1951243474613875e-06,3.7500126381928567e-06,4.290117431082763e-05,3.0370378226507455e-05,6.861009023850784e-05,6.291417957982048e-05,3.6629484384320676e-05,2.414534208128316e-07,1.3167218639864586e-05,3.3423839340684935e-06,4.430228364071809e-05,1.30324115161784e-05,9.187799150822684e-06,2.2535248717758805e-05,2.0462452710034995e-07,0.0,2.661034159245901e-06,8.292250640806742e-06,1.0720340242187376e-06,1.0882264405154274e-06,4.447382707439829e-06,2.201974712079391e-05,1.1606725820456631e-05,9.895325092657004e-07,2.7418038825999247e-06,8.598886779509485e-06,8.696288568899035e-05,1.623800017114263e-05,2.2280348730419064e-06,9.70835344560328e-07,0.0,3.1554804991174024e-06,4.5862449042033404e-05,3.685119054352981e-06,1.4496197309199488e-06,3.7460507883224636e-05,3.0247044833231485e-06,6.614748713218432e-07,0.000124550933833234,1.3413211490842514e-05,8.190617677428236e-07,1.914893255161587e-05,6.142805887066061e-06,2.449885869282298e-06,1.714522841211874e-05,1.4578915852325736e-06,1.0346842600483797e-06,0.0,3.325308455259801e-07,2.4294773538713343e-05,2.7955979930993635e-06,4.96124039273127e-06
202301,3.0107834390946664e-05,0.00017778469191398472,1.4557035683537833e-05,4.3276198994135484e-05,3.874944741255604e-05,9.99081112240674e-06,4.8680951294954866e-05,0.00020866385602857918,8.286061347462237e-05,9.058850264409557e-05,6.958540780033218e-06,0.0001378267479594797,0.0027211690321564674,5.936888192081824e-05,7.982226634339895e-06,0.0001168450980912894,0.0011865698033943772,0.00011539666593307629,1.417261410097126e-05,7.1898607529874425e-06,0.00011104077566415071,3.0156619686749764e-05,5.167054496268975e-06,4.098567660548724e-05,1.1030612768081482e-05,9.786582813831046e-05,3.918456513929414e-06,9.7064912552014e-05,5.4895431276236195e-06,3.467884744168259e-05,4.188385355519131e-05,5.305796094035031e-06,1.9105262254015543e-05,3.2723073672968894e-05,0.00039689854020252824,1.395458366459934e-05,9.613473957870156e-05,6.652342563029379e-05,0.00010048392141470686,3.1373547244584188e-06,9.728896111482754e-05,1.7521060726721771e-06,1.289587453356944e-05,2.935295196948573e-05,6.997650052653626e-05,3.4236487408634275e-05,0.00015999503375496715,4.282935697119683e-05,0.0013638061936944723,0.0004137068463023752,0.0001179829123429954,0.0003486431669443846,3.717604704434052e-05,5.620804586214945e-05,1.646507553232368e-05,3.875942275044508e-05,5.4734038712922484e-05,0.00011734842701116577,5.014819180360064e-06,3.377796747372486e-05,8.90645787876565e-06,4.936146069667302e-05,2.049384784186259e-05,0.0006354651413857937,0.00019366324704606086,0.00032245684997178614,0.0004209246253594756,0.0002983961021527648,5.4020187235437334e-05,0.00010765419574454427,6.234033207874745e-05,0.0006650899886153638,0.00015914379036985338,0.0002521124843042344,0.00026198881096206605,1.2339401109784376e-05,8.503945423399273e-07,3.2640532481309492e-06,9.728490113047883e-05,4.326989255787339e-06,1.7502585251349956e-05,2.1378067685873248e-05,0.00017639018187765032,8.509696635883301e-05,6.6366046667099e-05,0.00019548881391528994,0.00016594793123658746,0.0006172603461891413,5.981784488540143e-05,0.00011325461673550308,2.1303334506228566e-05,2.338867670914624e-05,4.633659773389809e-05,0.0003435126563999802,3.576535891625099e-05,1.4598419511457905e-05,0.0002533111837692559,0.00031154544558376074,5.995012088533258e-06,0.0010306407930329442,0.00013224640861153603,2.6072135369759053e-05,0.00021869507327210158,8.061953849392012e-05,2.6874571631196886e-05,7.79394104029052e-05,0.00021283922251313925,8.72474174684612e-06,1.5954055925249122e-05,6.480023785115918e-06,0.00024160962493624538,5.563778540818021e-05,5.256339136394672e-05
202302,9.968987433239818e-05,0.0002013610501307994,1.0570992344582919e-05,8.931726188166067e-05,5.384284304454923e-05,1.564924059493933e-05,3.505043423501775e-05,0.00015003634325694293,9.566974040353671e-05,8.78271457622759e-05,7.435782663378632e-06,0.00015038058336358517,0.002485638251528144,2.189863153034821e-05,5.7805911637842655e-05,0.00014416441263165325,0.001192466588690877,0.00014451966853812337,1.1591122529353015e-05,4.160900971328374e-06,7.042517245281488e-05,1.7352966096950695e-05,1.1912883564946242e-05,2.4576876967330463e-05,9.69841221376555e-06,8.730724948691204e-05,9.595491974323522e-06,0.0001536313066026196,7.437014573952183e-06,5.689420049748151e-06,4.767605787492357e-05,4.989192348148208e-06,4.2619776650099084e-05,2.8067115636076778e-05,0.00028096954338252544,7.695828571741004e-06,9.337686788057908e-05,8.100039849523455e-05,7.013813592493534e-05,3.423596581342281e-06,9.448071068618447e-05,5.170777058083331e-06,1.5246384464262519e-05,2.56177536357427e-05,2.6792404241859913e-05,1.1262509360676631e-05,0.00012125769717385992,4.448763866093941e-05,0.0013270322233438492,0.00024604774080216885,0.00017428242426831275,0.00027240667259320617,2.575218786660116e-05,6.455874245148152e-05,5.900150426896289e-06,9.581018093740568e-05,3.370311969774775e-05,0.0001300872245337814,1.2761745892930776e-05,2.5807243218878284e-05,8.376965524803381e-06,6.790761108277366e-05,5.9001471527153626e-05,0.0006053553661331534,0.0001481875660829246,0.00030927095212973654,0.0003952997794840485,0.0002301736531080678,6.06563116889447e-05,6.709383160341531e-05,6.882182060508057e-05,0.0006825440214015543,0.00026396161410957575,0.0001666082680458203,0.0002374456380493939,1.8858776456909254e-05,0.0,2.563167981861625e-05,7.208351598819718e-05,1.1269564311078284e-05,4.4604494178202e-05,2.5981726139434613e-05,0.00014629107317887247,9.100015449803323e-05,9.819290426094085e-06,0.00021014423691667616,0.0001418657775502652,0.0008030447061173618,4.578941661748104e-05,0.00013883855717722327,1.2948282346769702e-05,1.889303712232504e-05,8.338333282154053e-05,0.00027632078854367137,1.7468946680310182e-05,1.9851797333103605e-05,0.00028046625084243715,0.0007870264817029238,1.868816434580367e-05,0.0009972177213057876,0.0001774876582203433,3.0511908335029148e-05,0.00017804255185183138,9.302035323344171e-05,2.3213589884107932e-05,0.00010162779653910547,0.00015383808931801468,1.2457880984584335e-05,7.784498848195653e-06,4.3025895024584315e-07,0.00028238820959813893,7.039510091999546e-05,5.194664845475927e-05
202303,9.18872538022697e-05,0.00022698986867908388,1.1664844350889325e-05,0.00010272140934830531,4.963673563906923e-05,6.830666825408116e-05,6.444339669542387e-05,0.0001437123428331688,5.208839138504118e-05,0.00014714554708916694,5.120561763760634e-05,0.00013121418305672705,0.0024224042426794767,1.6760961443651468e-05,2.512775063223671e-05,9.94697620626539e-05,0.001244103885255754,9.030133514897898e-05,3.422014560783282e-05,4.451426320883911e-06,6.315418431768194e-05,1.1460429959697649e-05,1.1084362085966859e-05,2.655429852893576e-05,1.1324354090902489e-05,9.584442159393802e-05,2.7637106541078538e-06,0.0001643244904698804,6.8817680585198104e-06,2.395395677012857e-05,2.9189668566687033e-05,6.83752250552061e-06,4.81166789541021e-05,2.771499930531718e-05,0.0002276528684888035,3.897587157553062e-05,0.00010659216059138998,6.0472793848020956e-05,0.00014597212430089712,1.6610263628535904e-05,0.00010032909631263465,5.635648449242581e-06,1.834500471886713e-05,7.130680023692548e-05,5.172935198061168e-05,2.8694275897578336e-05,0.0001474329619668424,4.9332109483657405e-05,0.0011791789438575506,0.0002816882624756545,0.0002459111565258354,0.00015356070070993155,4.183416240266524e-05,3.4581422369228676e-05,2.6458536012796685e-05,4.924606400891207e-05,2.694259637792129e-05,8.302450441988185e-05,1.5249142052198295e-05,1.689168311713729e-05,8.44553596834885e-06,5.760231942986138e-05,5.373321255319752e-05,0.0006336266524158418,0.00017927790759131312,0.0003775909135583788,0.0003778428945224732,0.0002629315131343901,4.010155680589378e-05,4.952017479809001e-05,6.677066994598135e-05,0.0006880320142954588,0.00023305523791350424,0.00019492021237965673,0.00016013933054637164,1.575066926307045e-05,3.325832494738279e-06,6.177523027872667e-05,4.991241803509183e-05,0.0,2.9612490834551863e-05,5.683363269781694e-05,0.0001707094779703766,0.00010674113582354039,1.95148113562027e-05,0.00017055271018762141,0.00012981679174117744,0.0007872066926211119,6.48653949610889e-05,2.1933316020295024e-05,2.2835696654510684e-05,1.6133117242134176e-05,3.136718805762939e-05,0.00030923623126000166,3.1855761335464194e-05,3.0164863346726634e-05,0.00023267399228643626,0.00045340260840021074,0.0,0.0008317608735524118,0.00012135316501371562,2.982063961098902e-05,0.00019873917335644364,8.376366167794913e-05,1.1919039025087841e-05,0.00012695006444118917,0.0001486904511693865,5.690130819857586e-06,3.875873062497703e-06,4.132054982619593e-06,0.000296066195005551,5.890019747312181e-05,3.906820711563341e-05
202304,0.00031540400232188404,0.0001914125168696046,1.5807294403202832e-05,2.3767952370690182e-05,6.110456888563931e-05,3.539349199854769e-05,4.452831853996031e-05,8.813241583993658e-05,8.003885159268975e-05,7.191499753389508e-05,4.0601382352178916e-05,0.00011174389510415494,0.0031092746648937464,4.6344921429408714e-05,3.010815589732374e-06,0.00023861124645918608,0.0014204151229932904,0.00013269094051793218,3.112920603598468e-05,1.677047634984774e-06,8.477113442495465e-05,2.175825648009777e-05,1.2918269021611195e-05,1.5485080439248122e-05,2.3971766495378688e-05,9.861320722848177e-05,4.495662153658486e-07,0.00024776189820840955,1.0065990863949992e-05,1.497492576163495e-05,2.5308524982392555e-06,1.08876511148992e-05,4.792107210960239e-05,1.6375985069316812e-05,0.00014884318807162344,2.9157259632484056e-05,0.00010609489254420623,6.535122520290315e-05,0.00013052426220383495,9.11938968783943e-06,7.893467409303412e-05,4.890854143013712e-06,1.0682596439437475e-05,7.662848656764254e-05,1.9326094843563624e-05,3.055807246710174e-05,0.0002539485285524279,3.3331009035464376e-05,0.001079652807675302,0.0002590638760011643,0.00014380135689862072,0.0001752357347868383,4.5189088268671185e-05,5.140144639881328e-05,1.6534542737645097e-05,3.7883590266574174e-05,3.106728763668798e-05,0.00013974271132610738,4.787085799762281e-06,4.250279380357824e-05,2.2801941668149084e-05,9.025619510794058e-05,0.00013964984100311995,0.0007518418715335429,0.0001609088503755629,0.00029449869180098176,0.00048063069698400795,0.0003554619033820927,7.225842273328453e-05,0.00014754020958207548,5.51383345737122e-05,0.0005502424901351333,0.0002856172213796526,0.0001309651997871697,0.0001257600961253047,1.5383879144792445e-05,0.0,6.896364357089624e-05,6.528021185658872e-05,6.582060905202525e-06,5.5046886700438336e-05,2.5012745027197525e-05,0.00016578806389588863,8.570753561798483e-05,4.257521504769102e-05,0.000325375993270427,0.0001359347370453179,0.0010047940304502845,6.0067402955610305e-05,0.00011447815631981939,3.62809187208768e-05,4.73671498184558e-05,7.681833085371181e-05,0.0003084087511524558,2.8249942261027172e-05,3.6050481867277995e-05,0.00022061803610995412,0.001400119625031948,5.366706773202168e-06,0.0009261165396310389,0.00015057652490213513,1.688427983026486e-05,0.00010439184552524239,0.00011498440289869905,2.0451074306038208e-05,5.101953138364479e-05,0.00010513971210457385,4.650170376407914e-05,1.1626790183072444e-05,6.006508101563668e-06,0.00030963856261223555,5.548979970626533e-05,0.0001356225839117542
202305,0.0002655674470588565,0.00022992439335212111,1.875996167655103e-05,2.1438414478325285e-05,4.605125286616385e-05,1.9931978386011906e-05,2.523562216083519e-05,4.709139102487825e-05,8.058325329329818e-05,6.873218080727383e-05,4.166154394624755e-05,0.00012358072854112834,0.0028454631101340055,3.771782940020785e-05,9.38193807087373e-06,0.00048535456880927086,0.001209159498102963,0.00013917179603595287,2.5384944819961675e-05,1.7405121980118565e-05,4.648114918381907e-05,6.257144377741497e-06,8.664093911647797e-06,1.6569927538512275e-05,1.7662892787484452e-05,0.0001462828367948532,3.646400500656455e-06,0.000242919908487238,6.614971425733529e-06,3.0492248697555624e-05,2.7202642741031013e-05,9.415050953975879e-06,2.4208002287195995e-05,1.809496825444512e-05,0.00017079716781154275,2.981313446070999e-05,4.439566328073852e-05,7.437975000357255e-05,5.57558705622796e-05,8.419156984018628e-06,9.779866377357394e-05,1.092064667318482e-05,2.1968855435261503e-05,2.2523636289406568e-05,2.111803951265756e-05,1.1441878086770885e-05,0.00018951992387883365,5.4591997468378395e-05,0.0008670499664731324,0.0002731631393544376,0.0001621928677195683,0.0001558246585773304,2.1009196643717587e-05,0.00011994082888122648,7.509795523219509e-06,6.295718048932031e-05,3.985181683674455e-05,0.00018878788978327066,4.49261870016926e-06,1.5198324035736732e-05,8.703973435331136e-06,6.858967390144244e-05,9.30135283851996e-05,0.0007826664950698614,0.0002274247381137684,0.0003760252147912979,0.0004530118312686682,0.00041126745054498315,7.482757791876793e-05,0.0001734178076731041,5.9246551245450974e-05,0.0005479772225953639,0.0002682569029275328,7.218101382022724e-05,0.000249117030762136,1.6774783944129013e-06,0.0,8.312236786878202e-06,7.792374526616186e-05,3.4473720006644726e-05,3.331261541461572e-05,5.7773024309426546e-05,9.213449084199965e-05,8.022459223866463e-05,8.729873661650345e-05,0.00028108558035455644,0.00014445696433540434,0.0014388771960511804,5.011598113924265e-05,8.071505726547912e-05,1.8068858480546623e-05,5.794678509118967e-05,2.003716326726135e-05,0.0003270543529652059,2.3554861400043592e-05,4.605367939802818e-05,0.00032984200515784323,0.0006703586550429463,9.254678843717556e-06,0.000616672623436898,0.00012207022518850863,1.6368749129469506e-05,8.491660992149264e-05,9.512992255622521e-05,9.102252988668624e-06,6.198708433657885e-05,0.0001341805764241144,1.9105227693216875e-05,4.072614956385223e-06,1.060751219483791e-05,0.0004276778199709952,4.668722613132559e-05,0.00010214938083663583
202306,0.00042838696390390396,0.00014466926222667098,2.2988537239143625e-05,1.6219375538639724e-05,3.5122164263157174e-05,2.5806539269979112e-05,7.546251435996965e-05,0.00012568182137329131,3.2922216632869095e-05,6.723257683916017e-05,9.411911378265359e-06,9.578881144989282e-05,0.003408545395359397,4.5114484237274155e-05,7.351146450673696e-06,0.00032786710653454065,0.0013844461645931005,0.00011365714453859255,1.7714717614580877e-05,7.865834049880505e-06,4.661309867515229e-05,2.344808672205545e-05,1.4025879863766022e-05,9.225429494108539e-06,1.7822594600147568e-05,5.051476910011843e-05,5.313955625751987e-06,0.0004334743716754019,1.918697489600163e-05,1.6832142136991024e-05,3.8474601751659065e-05,7.680553608224727e-06,4.105543848709203e-05,6.486053280241322e-06,0.0001499038771726191,1.3186911019147374e-05,4.4370986870490015e-05,9.792019409360364e-05,7.751864177407697e-05,5.153467100171838e-06,7.56508597987704e-05,4.021164568257518e-05,9.401855095347855e-06,4.2070518247783184e-05,2.8758195185218938e-05,3.886813829012681e-06,0.0002325975801795721,3.2597406971035525e-05,0.0007082039956003428,0.000385318067856133,6.859801214886829e-05,9.588234388502315e-05,2.0215149561408907e-05,0.00010889317491091788,1.1118663678644225e-05,2.689957182155922e-05,3.631731669884175e-05,0.00022239729878492653,4.590826847561402e-06,2.049959402938839e-05,2.1993824702803977e-05,7.427723903674632e-05,0.0001116431230911985,0.0007300379802472889,0.0001999009255087003,0.00040005455957725644,0.00042585560004226863,0.00032538449158892035,6.399358971975744e-05,3.79711200366728e-05,6.464611215051264e-05,0.000684002588968724,0.00025107499095611274,9.331397450296208e-05,0.00030219025211408734,4.7834791985224e-06,0.0,2.7080366635345854e-05,5.632899410557002e-05,6.7737564677372575e-06,1.1558624464669265e-05,4.970632653567009e-05,0.0001014201479847543,0.00011518774408614263,0.0007649075705558062,0.0003210980212315917,8.190368680516258e-05,0.001381486770696938,4.8669495299691334e-05,2.5134524548775516e-05,3.9694143197266385e-05,1.9332128431415185e-05,1.0461488272994757e-05,0.00037696550134569407,5.0922390073537827e-05,2.9861415896448307e-05,0.000278800493106246,0.0006177788018248975,1.875862835731823e-05,0.000716690206900239,0.00011420484952395782,2.8908500098623335e-05,6.730257882736623e-05,0.0001107627249439247,7.902376637503039e-06,5.001602039556019e-05,0.00010009136894950643,1.9396293282625265e-05,0.0,9.004720595839899e-06,0.00042242021299898624,7.400469621643424e-05,6.67250351398252e-05
202307,9.938223229255527e-05,0.0001431215787306428,1.5175840417214204e-05,2.3110751499189064e-05,3.212079172953963e-05,3.671677768579684e-05,8.25210809125565e-05,0.00013553519966080785,2.0821102225454524e-05,0.00013860786566510797,6.876918632769957e-06,0.00012116975267417729,0.0032062120735645294,2.143460551451426e-05,1.0624790775182191e-05,0.0003448145871516317,0.0011036782525479794,3.683232353068888e-05,2.7748368665925227e-05,3.5581069823820144e-05,0.00011130396887892857,3.144410948152654e-05,1.1482244190119673e-05,1.3903173567086924e-05,3.8450336433015764e-05,0.00011550614726729691,2.1527350781980203e-06,0.00018090543744619936,6.29193164058961e-06,1.748109752952587e-05,1.320762839895906e-05,9.956058420357294e-06,3.255196497775614e-05,3.642498768385849e-06,0.0002118106494890526,4.474263550946489e-05,2.099517223541625e-05,5.9648249589372426e-05,8.823344978736714e-05,4.912491931463592e-06,0.00015486241318285465,1.4646481758973096e-05,1.854023867053911e-05,1.852614695962984e-05,5.788451016996987e-05,9.368186510982923e-06,0.00015584150969516486,3.550409019226208e-05,0.0008177327690646052,0.0002921163395512849,8.615275146439672e-05,0.00012302333198022097,2.6317131414543837e-05,0.00016577054338995367,2.592041164461989e-05,3.807282337220386e-05,0.00019597345090005547,0.00019909118418581784,1.3332909475138877e-05,1.550063825561665e-05,1.9479582988424227e-05,0.00012721731036435813,5.300995326251723e-05,0.00048402781249023974,0.00021416114759631455,0.000306647561956197,0.00036986751365475357,0.0002847680589184165,4.370254464447498e-05,0.00011195180559298024,4.0868239011615515e-05,0.000703254365362227,0.0002634281408973038,0.00016531191067770123,0.00027873742510564625,8.062697816058062e-06,0.0,4.943156454828568e-05,6.335234502330422e-05,7.487431867048144e-05,4.423279460752383e-05,2.9958826416986994e-05,9.727398719405755e-05,4.606799120665528e-05,5.648929072776809e-05,0.00026100137620233,3.861478398903273e-05,0.0010328792268410325,5.1170820370316505e-05,2.6887037165579386e-05,2.567652154539246e-05,6.314543497865088e-06,3.633800952229649e-05,0.0008062528213486075,4.089496360393241e-05,3.441441367613152e-05,0.0002320240018889308,0.0005261189071461558,2.9445456675603054e-05,0.0007239140686579049,0.000174970060470514,4.35209040006157e-05,8.354788587894291e-05,9.7264266514685e-05,1.2586458069563378e-05,1.5295656339731067e-05,0.000140343327075243,2.6857920602196828e-05,2.5333285975648323e-06,1.066171535057947e-06,0.0003049274964723736,4.0115508454618976e-05,8.987794717540964e-05
202308,0.0001919923524837941,0.0002363446110393852,3.0218676329241134e-05,1.0355904123571236e-05,2.3070255338097923e-05,7.344219284277642e-06,2.8941618438693695e-05,0.00012892778613604605,2.000864151341375e-05,6.0703248891513795e-05,2.9022241506027058e-05,0.00012157365563325584,0.0029378135222941637,2.8172327802167274e-05,3.294922862551175e-05,0.00025461913901381195,0.0012190479319542646,3.380326961632818e-05,2.2484544388134964e-05,1.5257946870406158e-06,0.00011909100430784747,2.1846457457286306e-05,1.7343449144391343e-05,1.9385182895348407e-05,3.412135265534744e-05,0.00011845423432532698,1.3643004876939813e-06,0.00026203959714621305,1.267801781068556e-05,1.834076647355687e-05,1.9002212866325863e-05,3.063018448301591e-05,5.551649155677296e-05,5.0620756155694835e-06,0.00015856513346079737,2.2815131160314195e-05,4.438692849362269e-05,6.974369898671284e-05,7.599522359669209e-05,1.4199718862073496e-05,0.0001463135558879003,7.620713859068928e-06,2.3935557692311704e-05,3.338481838000007e-05,0.00010439581092214212,3.4839126783481333e-06,0.00021906053007114679,3.239665602450259e-05,0.0011264486238360405,0.00026477902429178357,7.547589484602213e-05,0.00012928435171488672,1.2457720004022121e-05,0.00017936249787453562,2.8189640943310224e-05,5.271301051834598e-05,0.00016515326569788158,0.0001455691526643932,2.6843266823561862e-05,3.180332714691758e-05,1.6869524188223295e-05,0.00011674389679683372,0.00012567613157443702,0.0006751570617780089,0.00016259454423561692,0.0002981139987241477,0.0003838276315946132,0.00022356623958330601,2.0859819414908998e-05,0.0001582065742695704,6.271259189816192e-05,0.000700263015460223,0.00011526019807206467,0.00019040959887206554,0.00035807149833999574,2.637004172356683e-06,0.0,2.7497155315359123e-05,8.388693095184863e-05,9.739319466461893e-06,3.6055822420166805e-05,4.5539891289081424e-05,8.815339970169589e-05,4.6957611630205065e-05,2.9659149731742218e-05,0.00030641144257970154,4.795716449734755e-05,0.0008935334044508636,3.567641761037521e-05,5.276256615616148e-06,5.722130663343705e-05,4.647186506190337e-05,3.093326085945591e-05,0.0009731330792419612,2.3712171241641045e-05,1.7602405932848342e-05,0.00020704166672658175,0.0005332644213922322,3.0259758204920217e-05,0.0006557048764079809,0.00011860912491101772,7.773393735988066e-05,0.00010741165169747546,0.0001317132991971448,2.9349805117817596e-05,1.746468296914827e-05,0.00014482976985163987,1.1169130630150903e-05,7.235937118821312e-06,4.807046934729442e-06,0.00028283766005188227,8.332691504620016e-05,0.00010874844156205654
202309,0.0002463624405208975,0.00025828348589129746,1.7520307665108703e-05,2.549286000430584e-05,3.0851213523419574e-05,1.0331372322980314e-05,0.000171797932125628,9.271385351894423e-05,5.691792466677725e-05,5.206194327911362e-05,2.416432289464865e-05,8.955954399425536e-05,0.003274647518992424,5.254074858385138e-05,2.708630563574843e-05,0.00045303947990760207,0.0015340745449066162,6.830780330346897e-05,3.104273491771892e-05,1.0203395504504442e-05,0.0001519203942734748,2.0284105630707927e-05,4.840988549403846e-05,1.103560316551011e-05,2.8907807063660584e-05,9.222468361258507e-05,0.0,0.00025493925204500556,1.685758979874663e-05,3.5227727494202554e-05,7.903742698545102e-06,7.69007601775229e-06,6.438350828830153e-05,1.8315269699087366e-05,0.00017748631944414228,1.6674825019435957e-05,2.972357651742641e-05,5.3555511840386316e-05,2.0446836060727946e-05,6.0526067500177305e-06,8.781052747508511e-05,0.0,1.680080640653614e-05,1.148365390690742e-05,7.178659143391997e-05,1.8118162188329734e-05,0.0002700955665204674,1.5692066881456412e-05,0.001055404543876648,0.00026781955966725945,9.214753663400188e-05,0.00018138189625460654,2.2646312572760507e-05,0.0001827086671255529,1.4788569387746975e-05,2.7946436603087932e-05,0.00014929896860849112,0.0001393353013554588,1.1692857697198633e-05,1.4751892194908578e-05,1.446884562028572e-05,0.00013352632231544703,0.00011728502431651577,0.0007553286850452423,0.00022226684086490422,0.00032835701131261885,0.0003272741741966456,0.0003244808758608997,4.4769862142857164e-05,0.00015007886395324022,6.366745219565928e-05,0.0006542373448610306,0.00012566315126605332,0.00025719235418364406,0.0003953438135795295,1.3650688742927741e-05,2.880638703572913e-06,1.8646367607288994e-05,6.657405901933089e-05,1.1823009117506444e-05,4.370858005131595e-05,3.539645695127547e-05,7.4565272370819e-05,6.20552891632542e-05,9.493689140072092e-05,0.0003683328104671091,5.959207555861212e-05,0.0009893577080219984,9.681322262622416e-05,1.863205397967249e-05,3.7742487620562315e-05,1.1128375263069756e-05,2.6397146939416416e-05,0.0007991167949512601,3.647518315119669e-05,1.9762515876209363e-05,0.0002611769887153059,0.0004165588761679828,3.954393832827918e-06,0.0005326925893314183,9.615720045985654e-05,3.2279127481160685e-05,6.843230221420527e-05,8.595237886765972e-05,1.5171573977568187e-05,1.426869221177185e-05,0.00010862784984055907,4.170362444710918e-05,1.6433687051176094e-05,7.931011168693658e-06,0.00021420771372504532,5.6313336244784296e-05,7.456507591996342e-05
202310,0.00035815799492411315,0.00023891175806056708,5.656084795191418e-06,2.8032616683049127e-05,1.982244612008799e-05,2.879887688322924e-05,0.0001047137047862634,8.077234087977558e-05,3.396364627406001e-05,7.265714521054178e-05,7.376022949756589e-06,9.15462733246386e-05,0.0028844615444540977,3.049266706511844e-05,1.3769139513897244e-05,0.0005649266531690955,0.0013539543142542243,4.4392112613422796e-05,2.1347879737732e-05,5.25046425536857e-06,0.00013977302296552807,2.8988193662371486e-05,5.409153800428612e-06,1.826422885642387e-05,3.524277053656988e-05,5.9219353715889156e-05,6.776399004593259e-06,0.0002673860581126064,6.725863386236597e-06,1.4727639609191101e-05,3.242100137867965e-05,3.389616267668316e-06,3.854716487694532e-05,2.727960963966325e-05,0.00016468201647512615,2.4329850930371322e-05,3.9571907109348103e-05,9.575673175277188e-05,5.041225449531339e-05,1.6177229554159567e-05,0.00015053339302539825,8.626254384580534e-06,2.62868979916675e-05,3.702895628521219e-05,6.573461723746732e-05,2.2396627173293382e-05,0.0001807437074603513,3.203795131412335e-05,0.0009807684691622853,0.0002657397126313299,5.5178683396661654e-05,0.00024112580285873264,1.6942542060860433e-05,0.00014382395602297038,1.860432166722603e-05,0.00011001761595252901,0.00013474751904141158,0.00010397680307505652,8.95720768312458e-06,7.6007181633030996e-06,2.503382711438462e-05,7.304792961804196e-05,0.00013824344205204397,0.0008298347238451242,0.00018761951650958508,0.0003608266415540129,0.000378257071133703,0.00032047167769633234,7.134352927096188e-05,8.866005373420194e-05,6.210248830029741e-05,0.0010612577898427844,0.00010197432857239619,0.0001662477443460375,0.00028605005354620516,9.756163308338728e-06,4.3689151425496675e-06,7.375689165201038e-05,6.316319922916591e-05,4.2363590182503685e-05,2.3425423933076672e-05,4.817732406081632e-05,0.00012742307444568723,5.822958701173775e-05,7.133853796403855e-05,0.00036443164572119713,3.563359859981574e-05,0.0010372051037847996,6.977423618081957e-05,1.2274383152544033e-05,2.2521579012391157e-05,2.539186789363157e-05,9.961536306946073e-06,0.0008489516912959516,2.2889935280545615e-05,2.7605059585766867e-05,0.0002182803873438388,0.00042246145312674344,7.317175914067775e-06,0.0006717852083966136,8.418484503636137e-05,5.017073272028938e-05,0.00011062834528274834,8.47279661684297e-05,1.4200508303474635e-05,3.621993528213352e-05,0.00010349107469664887,3.562894926290028e-05,5.749763658968732e-06,1.5721585441497155e-05,0.00021916526020504534,7.865479710744694e-05,8.874706691130996e-05
202311,0.00039541153819300234,0.00016761057486291975,6.177637260407209e-06,2.3031905584502965e-05,1.4621413356508128e-05,4.667354915000033e-06,4.321225787862204e-05,0.000128954226966016,4.9965576181421056e-05,4.996509596821852e-05,7.077613554429263e-05,9.380068513564765e-05,0.0031115051824599504,3.524625935824588e-05,1.3882006896892563e-05,0.00036880612606182694,0.0010578742949292064,6.357956590363756e-05,1.507658998889383e-05,4.437722964212298e-06,0.00016493485600221902,2.1931966330157593e-05,7.690339771215804e-06,2.1593281417153776e-05,3.935765562346205e-05,4.9714846682036296e-05,3.095614829362603e-06,0.0002485426957719028,4.732035449706018e-06,2.0146037059021182e-05,4.6427405322901905e-05,2.2899999748915434e-05,4.2853964259848e-05,2.3458316718460992e-05,0.0001844954676926136,3.078065128647722e-05,4.217972309561446e-05,0.0001007446990115568,3.698683576658368e-05,9.118985872191843e-06,0.00010758664575405419,2.5048418592632515e-06,1.24411908473121e-05,2.0420775399543345e-05,9.38159937504679e-05,2.5799496143008582e-05,0.00013509875861927867,5.994767707306892e-05,0.0009416044340468943,0.00023433059686794877,6.773939821869135e-05,0.00017319910693913698,2.1514562831725925e-05,0.00018379192624706775,1.816422081901692e-05,4.200900366413407e-05,0.0001199941907543689,0.00013542479427997023,3.252462556702085e-05,2.8070062398910522e-05,1.7575986248630215e-06,6.340194522636011e-05,6.639868661295623e-05,0.0008290342520922422,0.00016919002518989146,0.0003662829694803804,0.0003440515138208866,0.00028071290580555797,2.1502231902559288e-05,0.00010026902600657195,7.480040949303657e-05,0.0011628813808783889,6.604628288187087e-05,0.00014798792835790664,0.0004271223733667284,1.3172860235499684e-05,0.0,6.937802390893921e-05,8.62388260429725e-05,3.061873485421529e-06,1.0097905033035204e-05,3.720472159329802e-05,8.894898928701878e-05,7.403755444101989e-05,6.17701152805239e-05,0.0002909979084506631,5.9434009017422795e-05,0.0009368269820697606,6.307669536909088e-05,3.572818968677893e-05,4.9827667680801824e-05,1.6603329640929587e-05,3.480757732177153e-05,0.0008434472838416696,1.7452928659622557e-05,1.8123086192645133e-05,0.00025579388602636755,0.00046601000940427184,2.829360710165929e-07,0.0005623124889098108,0.00011535837984411046,4.039969280711375e-05,9.484164183959365e-05,0.00012704753316938877,2.1237390683381818e-05,8.19131382741034e-05,0.00013440840120892972,4.14472960983403e-05,8.52826633490622e-06,0.0,0.000248078751610592,6.690152076771483e-05,4.267448457540013e-05
202312,0.0005305193481035531,0.00018383249698672444,1.0835201464942656e-05,2.2337593691190705e-05,1.8751336028799415e-05,4.733767127618194e-06,0.00013122460222803056,8.260973118012771e-05,4.90350867039524e-05,4.844235081691295e-05,4.432658170117065e-05,0.00011651094246190041,0.0030008568428456783,1.3609304005512968e-05,1.9655131836771034e-05,0.0004545958072412759,0.0012310734018683434,0.00012856288230977952,5.161133231013082e-06,1.8883934899349697e-05,0.0003931352111976594,2.008778574236203e-05,2.11777205549879e-05,2.4800876417430118e-05,2.2275984520092607e-05,5.512263305718079e-05,5.351205800252501e-06,0.00010869694961002097,2.6031718789454317e-06,1.5241658729792107e-05,6.477088732026459e-07,8.453134796582162e-06,2.5078412363654934e-05,1.2302184586587828e-05,0.0001657149550737813,1.670789424679242e-05,3.127523450530134e-05,8.722050552023575e-05,2.9264114346005954e-05,3.2021232527768007e-06,9.209653217112646e-05,8.32361911307089e-06,3.92564688809216e-05,1.6426389265689068e-05,9.193674486596137e-05,2.5561494112480432e-05,0.00010487141116755083,3.767414455069229e-05,0.0005634215194731951,0.00036492312210612,7.100820948835462e-05,0.0002120295976055786,1.6747408153605647e-05,0.00017556565580889583,1.7074387869797647e-05,1.8607503079692833e-05,6.43086968921125e-05,0.00015875231474637985,4.1316438910143916e-06,5.027977022109553e-05,3.3181626349687576e-05,2.367856359342113e-05,7.698228728258982e-05,0.0010413473937660456,0.00018075642583426088,0.00032560963882133365,0.00034874281845986843,0.0003680340596474707,1.881617026811e-05,0.00020670366939157248,7.694043597439304e-05,0.0010472997091710567,0.00014151076902635396,0.00017020072846207768,0.0002920694532804191,2.5107679903157987e-05,0.0,0.00013181961548980325,9.548737580189481e-05,1.4713805285282433e-06,1.615471592231188e-05,3.0262142900028266e-05,0.00011542939319042489,5.077466630609706e-05,6.167044921312481e-05,0.00034783961018547416,3.6352124880068004e-05,0.0012097826693207026,5.6711822253419086e-05,5.5439995776396245e-05,3.7835165130672976e-05,2.051045885309577e-05,2.030728865065612e-05,0.0008025076240301132,3.446655682637356e-05,3.317670780234039e-05,0.00032911018934100866,0.00044814328430220485,4.655425982491579e-06,0.00033201868063770235,9.105508797802031e-05,1.3784720977128018e-05,4.9744819989427924e-05,0.00012092685210518539,4.714756414614385e-06,2.9130993425496854e-05,0.00018814930808730423,3.777414531214163e-05,1.430069823982194e-05,7.130661742849043e-06,0.00016898606554605067,7.487397670047358e-05,7.745534821879119e-05
202401,0.0005492692580446601,0.00016621836402919143,4.8301779315806925e-05,0.0006905567715875804,0.00014741555787622929,4.0827220800565556e-05,0.00020474300254136324,0.00025854207342490554,0.00021083225146867335,0.00015958503354340792,0.00040820284630171955,0.00022025460202712566,0.003603684948757291,8.968777547124773e-05,0.00011072197230532765,0.000513787439558655,0.0013233540812507272,0.0001434758451068774,0.00011693868873408064,2.7752599635277875e-05,0.0003784503787755966,0.00014442075917031616,0.00010663783905329183,3.58128163497895e-05,6.37258417555131e-05,0.00020557132665999234,2.7857793611474335e-05,0.0009611706482246518,2.8907184969284572e-05,7.223386637633666e-05,4.914078817819245e-05,4.239243935444392e-05,4.676817115978338e-05,6.171444692881778e-05,0.0008384617976844311,4.066618566866964e-05,0.0001040678980643861,7.065094541758299e-05,0.00010912597645074129,4.1193648939952254e-05,0.0001253164664376527,6.315713108051568e-05,0.0001802330807549879,0.0001594266068423167,0.00011859957885462791,5.5366341257467866e-05,0.00023545653675682843,8.854001498548314e-05,0.0010741760488599539,0.0009367196471430361,0.00017568294424563646,0.0006148851243779063,5.7884193665813655e-05,0.0005894619971513748,3.722933979588561e-05,9.66918159974739e-05,0.00012838514521718025,0.00029112526681274176,3.1389899959322065e-05,0.00010231960914097726,3.236762131564319e-05,0.00022278113465290517,9.175622108159587e-05,0.0012409690534695983,0.00025156966876238585,0.00033549300860613585,0.0002729445695877075,0.0006919469451531768,0.00030285725370049477,0.00019593311299104244,0.0002329215785721317,0.0015364674618467689,0.00025423793704248965,0.0004270847130101174,0.000495188171043992,5.500077168107964e-05,1.500247890362516e-05,0.00020970459445379674,0.00014128664042800665,9.196053724735975e-05,4.3671145249390975e-05,0.00010208356980001554,0.0001975254126591608,0.0003194893361069262,0.00018848723266273737,0.00041264493484050035,0.00019703131692949682,0.001019795541651547,7.929650746518746e-05,0.0002641407772898674,0.0002851395693141967,8.06776515673846e-05,8.658911974634975e-05,0.002248641336336732,6.530490645673126e-05,0.00011644344340311363,0.0008438652730546892,0.0004966671695001423,4.523695315583609e-05,0.0005306624807417393,0.00037050951505079865,0.00029341623303480446,0.00018852106586564332,0.0002412894828012213,0.00010137902427231893,4.166699363850057e-05,0.00016993205645121634,9.210497228195891e-05,3.327559170429595e-05,1.281434470001841e-05,0.000562985020224005,0.00017372243746649474,7.551078306278214e-05
202402,0.0004854197904933244,0.00011260501196375117,3.924791963072494e-05,0.000219462308450602,0.00012968639202881604,3.696758722071536e-05,9.909383516060188e-05,0.00029806880047544837,0.00016738138219807297,0.000176055749761872,0.00029292877297848463,0.0002471557818353176,0.0034901227336376905,3.254378316341899e-05,0.00016002115444280207,0.000377432384993881,0.0012381899869069457,0.00014331880083773285,8.500503463437781e-05,3.735415157279931e-05,0.00044583596172742546,0.00011752709542633966,7.289500354090706e-05,3.0510855140164495e-05,6.059923907741904e-05,0.0003201728977728635,1.5002552572696004e-05,0.0009986222721636295,2.8510048650787212e-05,9.434785170014948e-05,2.556739309511613e-05,4.894117228104733e-05,5.581894947681576e-05,4.2139377910643816e-05,0.0006743314443156123,5.410272569861263e-05,0.0001112854151870124,8.14742743386887e-05,9.88050305750221e-05,4.9941383622353896e-05,0.0001464230299461633,5.664682976203039e-05,0.0002582198358140886,9.91841807262972e-05,0.00023260789748746902,3.054485932807438e-05,0.00027969747316092253,6.526467768708244e-05,0.0008598651620559394,0.0011535665253177285,0.0002986364997923374,0.0007502936641685665,3.191730138496496e-05,0.0006460832082666457,2.676314761629328e-05,7.24085548426956e-05,0.00013358490832615644,0.0003561725025065243,3.3680149499559775e-05,8.457418152829632e-05,2.486279481672682e-05,0.0003021380689460784,0.0001384687056997791,0.0014401060761883855,0.00020668600336648524,0.0004652737407013774,0.0003123006026726216,0.0006098346784710884,0.00020795653108507395,0.0003066534409299493,0.00014674100384581834,0.0016601018141955137,0.0002151497028535232,0.0004398679011501372,0.0005672185216099024,2.987405241583474e-05,1.836092815210577e-05,0.00021609388932120055,0.00013311921793501824,6.394267256837338e-05,6.092663898016326e-05,8.242537296609953e-05,0.00019689985492732376,0.0002817519416566938,0.0002589895739220083,0.0003660444635897875,0.000134667701786384,0.0014761991333216429,0.0001329171354882419,0.0004705387109424919,0.00031876287539489567,6.694759940728545e-05,0.00011130853818031028,0.0021137017756700516,5.700684050680138e-05,9.845369640970603e-05,0.0007437232998199761,0.0005823792889714241,4.0017726860241964e-05,0.0005698445020243526,0.000591594900470227,0.0002454956411384046,0.00017438372015021741,0.00023603090085089207,0.00012145286018494517,4.275102401152253e-05,0.00012915156548842788,0.00010142479732166976,3.574023867258802e-05,1.0184066923102364e-05,0.0005202441243454814,0.00021023509907536209,8.645521302241832e-05
202403,0.0004186806036159396,0.00011121283023385331,5.7420373195782304e-05,0.0005231680115684867,0.0001388953096466139,4.495806206250563e-05,0.00017659920558799058,0.0002857299114111811,0.0002724228543229401,0.00023892878380138427,0.0002837512001860887,0.00029405078385025263,0.003638864029198885,5.6269531341968104e-05,0.00020421232329681516,0.0004395780561026186,0.0016659897519275546,0.0001689690543571487,6.22705920250155e-05,1.74918859556783e-05,0.0003478420549072325,8.61377629917115e-05,0.0001065486139850691,4.4293992687016726e-05,7.675475353607908e-05,0.000227171418373473,3.5364060749998316e-05,0.0009935741545632482,2.9001483198953792e-05,8.8870721810963e-05,8.565772441215813e-05,6.1019538406981155e-05,6.347726593958214e-05,4.6077315346337855e-05,0.0004953552852384746,4.8890127800405025e-05,0.00011901641846634448,4.4633812649408355e-05,0.00017510030011180788,3.529524110490456e-05,0.00015663098020013422,2.9234710382297635e-05,0.00031284100259654224,0.00011541407729964703,0.00018035488028544933,4.623343193088658e-05,0.00017084959836211056,8.359029015991837e-05,0.0009112300467677414,0.001303266966715455,0.00027065584436059,0.0006572031998075545,7.846740481909364e-05,0.0005960256676189601,4.543600880424492e-05,9.579242760082707e-05,6.832188955741003e-05,0.000289861171040684,3.532730625011027e-05,0.00010272464714944363,2.1207881218288094e-05,0.00019186278223060071,0.00011171134246978909,0.0010952259181067348,0.00032123553683049977,0.0003629199636634439,0.0003472038952168077,0.0006603497895412147,0.00015817636449355632,0.00034991881693713367,0.0002374212199356407,0.0015829793410375714,0.0001188680762425065,0.00042096784454770386,0.0002784504904411733,3.448602728894912e-05,5.268578661343781e-06,0.0002192794345319271,0.00013913009024690837,0.00011042768892366439,4.527909550233744e-05,9.869028872344643e-05,0.0001438584877178073,0.0002693371206987649,0.0002691125846467912,0.0003830584173556417,0.00010183081030845642,0.0010498594492673874,0.0001712343655526638,0.00026012343005277216,0.000292490964056924,7.440869376296178e-05,5.206319838180207e-05,0.0022093828301876783,5.225718268775381e-05,9.826201858231798e-05,0.0003571889828890562,0.0005904915160499513,3.0337756470544264e-05,0.0005180209409445524,0.0005433531478047371,0.0002944529987871647,0.0002152894885512069,0.00024401028349529952,0.0001093056271201931,3.848240521620028e-05,0.0001481131330365315,8.794623863650486e-05,6.469160871347412e-05,1.4337791071739048e-05,0.0006063863984309137,0.00021941067825537175,0.00013198712258599699
202404,0.000445745448814705,0.00018694942991714925,3.355298758833669e-05,0.00017354520969092846,0.0001530088047729805,2.352254159632139e-05,0.00012562668416649103,0.000303002045257017,0.00020027415303047746,0.00021091125381644815,0.00020530818437691778,0.00023352958669420332,0.003258130978792906,4.0120186895364895e-05,0.0001953808678081259,0.0005201816093176603,0.0015990323154255748,0.00015426482423208654,0.00011625145998550579,4.532454113359563e-05,0.00037100916961207986,6.187807593960315e-05,0.00018533402180764824,4.288504715077579e-05,7.050653221085668e-05,0.00032118335366249084,1.7226457202923484e-05,0.0009286343120038509,3.401926369406283e-05,6.30474605713971e-05,0.00010313709208276123,6.805954035371542e-05,9.174030128633603e-05,6.127578672021627e-05,0.0012034792453050613,5.735128797823563e-05,0.00011678828741423786,9.073418914340436e-05,0.00016721496649552137,3.775818913709372e-05,0.00018697688938118517,3.155316153424792e-05,0.0002509486221242696,4.7174980863928795e-05,0.00011248776718275622,8.953383803600445e-05,0.00023439030337613076,0.00014064817514736205,0.0011009244481101632,0.0011428254656493664,0.0002021177497226745,0.0006167536485008895,5.0023496442008764e-05,0.0006683320389129221,6.140018376754597e-05,7.673007348785177e-05,0.00011965369048994035,0.00017921198741532862,5.1745886594289914e-05,6.463389581767842e-05,3.357226160005666e-05,0.00024237408069893718,8.43168527353555e-05,0.0010041112545877695,0.00023261237947735935,0.00044499459909275174,0.00035973783815279603,0.0006302277906797826,0.00010344491602154449,0.00036599067971110344,0.00025616041966713965,0.0015075983246788383,0.0003193771990481764,0.0005448493175208569,0.0002524266019463539,5.405253614298999e-05,1.4291986190073658e-05,0.0003702086687553674,0.0001294604444410652,6.838027911726385e-05,9.913981193676591e-05,7.409457612084225e-05,0.00019785540644079447,0.00029424327658489347,0.00029208449996076524,0.00036286417162045836,0.00013881905761081725,0.001074948813766241,0.0001290891523240134,0.0003730510943569243,0.00023331327247433364,7.522845407947898e-05,6.498165021184832e-05,0.002225648146122694,4.974113107891753e-05,0.00012575692380778491,0.00103805644903332,0.0005086567252874374,3.492465111776255e-05,0.0005537475808523595,0.0004098699428141117,0.00027249791310168803,0.00014419006765820086,0.0002302462817169726,0.00010555183689575642,3.3624510251684114e-05,0.00016674019570928067,0.00011837649799417704,7.10176900611259e-05,1.8204907973995432e-05,0.00042581954039633274,0.00021588218805845827,8.137144322972745e-05
202405,0.00045363098615780473,0.00012620951747521758,6.452258094213903e-05,0.00024071910593193024,0.00022625976998824626,2.5663899577921256e-05,0.00015701568918302655,0.00040438814903609455,0.00036088176420889795,0.00024237739853560925,0.00012681579391937703,0.0001614357897778973,0.0033986971247941256,3.957449007430114e-05,0.0002750498824752867,0.00043648641440086067,0.001560365199111402,0.00012689150753431022,0.00015930218796711415,1.3791720448352862e-05,0.0002310821582796052,8.18556800368242e-05,0.00016829468950163573,4.193522909190506e-05,6.642875814577565e-05,0.00027485311147756875,2.3865683033363894e-05,0.0011030054884031415,2.027450864261482e-05,7.717898552073166e-05,7.399942114716396e-05,2.692328780540265e-05,7.886252569733188e-05,7.749077485641465e-05,0.0013236383674666286,6.825336458859965e-05,9.843801672104746e-05,7.968336285557598e-05,0.0001617979141883552,2.716486960707698e-05,0.00014494723291136324,5.1306567911524326e-05,0.00026100047398358583,8.704561332706362e-05,0.00011883270053658634,4.9546164518687874e-05,0.00016650914039928466,0.00011277469457127154,0.0010260108392685652,0.0013070078566670418,0.00022948508558329195,0.0006541901966556907,3.152515273541212e-05,0.0007845776272006333,8.386904664803296e-05,7.432053098455071e-05,9.124820644501597e-05,0.000183002048288472,1.6815263734315522e-05,7.906085374997929e-05,3.440336149651557e-05,0.0001986471761483699,0.0001430747506674379,0.0014710718533024192,0.00023268327640835196,0.0004759049916174263,0.0002895032230298966,0.0007609889726154506,0.00012747806613333523,0.0002125242754118517,0.0002224411437055096,0.0015800315886735916,0.0001913791784318164,0.0005621681921184063,7.658591493964195e-05,7.387036748696119e-05,2.258578570035752e-05,0.00023853419406805187,0.00021576971630565822,9.620536729926243e-05,6.204599776538089e-05,6.872331869089976e-05,0.000226019968977198,0.00043211490265093744,0.0002970328205265105,0.0003355442313477397,0.00012078190047759563,0.0012204459635540843,0.0001624587894184515,0.00029554928187280893,0.00041244769818149507,5.650070306728594e-05,5.193063407205045e-05,0.0022969834972172976,6.052492244634777e-05,9.18324149097316e-05,0.0009425689931958914,0.00044918039930053055,4.908827759209089e-05,0.0005700112669728696,0.00044689708738587797,0.00018619972979649901,0.000152532389620319,0.00019443155906628817,0.00011399883078411222,4.446194725460373e-05,0.00016008286911528558,8.841598901199177e-05,6.617718463530764e-05,1.1904311577382032e-05,0.0006279315566644073,0.0001638876274228096,0.00011423428077250719
202406,0.00038791963015682995,0.0001177283120341599,5.549124762183055e-05,0.00014168047346174717,0.00020450189185794443,5.27809897903353e-05,0.00017798035696614534,0.00032317129080183804,0.0004979298682883382,0.0003287355066277087,0.00016141669766511768,0.00031448114896193147,0.003239645157009363,3.621964788180776e-05,0.00024015747476369143,0.000321028201142326,0.0014961475972086191,0.00016088533448055387,0.0001347085926681757,4.705012543126941e-05,0.00031482474878430367,9.405850141774863e-05,0.00019565553520806134,5.01508402521722e-05,0.00010916253086179495,0.00027396008954383433,3.36642588081304e-05,0.0013939064228907228,1.978605541808065e-05,0.00014037112123332918,6.825230229878798e-05,9.35809439397417e-05,0.00012520738528110087,6.456646224251017e-05,0.0010551379527896643,7.69072794355452e-05,3.504809137666598e-05,8.408213034272194e-05,0.00012908429198432714,3.2259227737085894e-05,0.00018712117162067443,4.886126407654956e-05,0.00027686537941917777,0.0001070590442395769,7.519694918300956e-05,9.596652671461925e-05,0.00027777731884270906,0.00011855262710014358,0.001251758774742484,0.0011436404893174767,0.00036737858317792416,0.0007555309566669166,9.177879837807268e-05,0.0007369350641965866,0.0001804222702048719,8.455900388071314e-05,0.00013949311687611043,0.00021597517479676753,2.852339639503043e-05,0.00012979314487893134,3.670025398605503e-05,0.00016452360432595015,0.0001846240775194019,0.0012143471976742148,0.0002999473945237696,0.0004276696126908064,0.0004356141434982419,0.0006065167253836989,0.00010198875679634511,0.0003204511012881994,0.00023070034512784332,0.0013963726814836264,0.00027492514345794916,0.0005517555982805789,9.855401003733277e-05,5.903750570723787e-05,1.101078942156164e-05,0.00014735509466845542,0.0001852186251198873,2.248497912660241e-05,3.78447693947237e-05,6.78409996908158e-05,0.0002202985342592001,0.0003680726222228259,0.0002087753964588046,0.0002162692107958719,0.00011537677346495911,0.0012569986283779144,0.0001952585153048858,0.00025353365344926715,0.00029983127024024725,2.6854429961531423e-05,5.42685593245551e-05,0.002369662979617715,4.640033148461953e-05,0.00015886366600170732,0.0006333987112157047,0.0005600698059424758,5.8930534578394145e-05,0.0007209821487776935,0.0004638411046471447,0.00021887330512981862,0.00014921039110049605,0.00023302037152461708,0.0001277411647606641,6.36181648587808e-05,0.00017891317838802934,9.707167919259518e-05,3.626902980613522e-05,9.864581443252973e-06,0.00060214166296646,0.00015680432261433452,0.00012064589827787131
202407,0.00044591998448595405,9.884359315037727e-05,6.035447586327791e-05,0.0001965564297279343,0.0002296668681083247,4.355909550213255e-05,0.00011337140313116834,0.0002764755336102098,0.0006354149081744254,0.00035028497222810984,0.00015946608618833125,0.0003961402107961476,0.003249581204727292,3.44254331139382e-05,0.0002916573139373213,0.0001636241067899391,0.001253644935786724,0.00011377775808796287,0.00011239873856538907,1.3209064491093159e-05,0.0004239342815708369,0.00010551077866693959,0.0002518344554118812,3.9733022276777774e-05,9.340902033727616e-05,0.0002563965681474656,1.8451733922120184e-05,0.001571418484672904,2.4276276235468686e-05,8.024911949178204e-05,8.096799865597859e-05,7.288761116797104e-05,0.00010512401058804244,7.269759225891903e-05,0.0011501708067953587,5.6454275181749836e-05,6.781570118619129e-05,9.708648576634005e-05,0.00015370275650639087,2.6371337298769504e-05,0.00014682231994811445,6.48820714559406e-05,0.0002901618427131325,7.67223464208655e-05,0.00010127483255928382,9.937510913005099e-05,0.0003622937365435064,6.0341601056279615e-05,0.0008527548052370548,0.0011619185097515583,0.0003711125464178622,0.00038983026752248406,9.980799950426444e-05,0.0008585915202274919,0.00012190501729492098,0.00010365728667238727,7.815729622961953e-05,0.00019997573690488935,3.733308403752744e-05,0.00011095405352534726,3.4966687962878495e-05,0.00017977887182496488,0.00010730442591011524,0.001387297990731895,0.00020644994219765067,0.0003784561122301966,0.00040346087189391255,0.0007916449103504419,0.00024628726532682776,0.00035925768315792084,0.00024534418480470777,0.0014633976388722658,0.00019721190619748086,0.0005723031936213374,0.0001359196030534804,7.191533222794533e-05,4.8850001803657506e-06,0.00019547302508726716,0.00012676864571403712,4.133040056331083e-05,4.0580307540949434e-05,5.917451562709175e-05,0.00013760945876128972,0.0004841671325266361,0.000288364157313481,0.00025566076510585845,0.00013990767183713615,0.0013316391268745065,0.00017947677406482399,0.00037663354305550456,0.00032110820757225156,2.649915768415667e-05,5.795336255687289e-05,0.0021697371266782284,5.260463512968272e-05,0.00011225386697333306,0.0006921524764038622,0.0004193435306660831,5.565873652813025e-05,0.0006762383272871375,0.0005159559659659863,0.0004513469466473907,0.00015346388681791723,0.00027283228700980544,0.00014822448429185897,4.546833588392474e-05,0.00020951633632648736,4.686158717959188e-05,3.244835897930898e-05,3.753798637262662e-06,0.0006796747329644859,0.00016363084432668984,0.00010124149412149563
202408,0.0005126720061525702,0.00013609389134217054,6.203869997989386e-05,0.0001999944361159578,0.00022932585852686316,2.5354569515911862e-05,0.0001916414767038077,0.0003697155334521085,0.0004925296525470912,0.00023114723444450647,0.00030757402419112623,0.0003050418454222381,0.0031381358858197927,4.842714770347811e-05,0.00025204592384397984,0.00035356776788830757,0.0013346968917176127,0.00020202217274345458,0.00011905255087185651,2.2878819436300546e-05,0.00034247952862642705,0.00010217069211648777,0.00017021375242620707,2.532120379328262e-05,8.994381641969085e-05,0.0002840862434823066,3.131497942376882e-05,0.0013398847077041864,3.2408821425633505e-05,0.00011665495549095795,6.363433931255713e-05,7.135162741178647e-05,0.0001082961171050556,7.430861296597868e-05,0.0015581540064886212,7.243040454341099e-05,3.9674629078945145e-05,0.00011344272934366018,0.00021565858332905918,2.9447750421240926e-05,0.00014913624909240752,5.282749407342635e-05,0.00023527334269601852,0.0001359098678221926,7.397807348752394e-05,0.00011677536531351507,0.00026938816881738603,7.214784272946417e-05,0.000992166344076395,0.0011612758971750736,0.0003668751451186836,0.0008245475473813713,4.677407196140848e-05,0.000769378908444196,0.0001637805107748136,0.00010951312287943438,8.328371040988714e-05,0.00017631852824706584,1.7121778000728227e-05,8.802216325420886e-05,3.315477806609124e-05,0.0002256768784718588,0.00013056503667030483,0.001448160270228982,0.00020946384756825864,0.0004413567658048123,0.00033932217047549784,0.0007642944692634046,0.00011052465561078861,0.0003079978923778981,0.0002712542482186109,0.0014829179272055626,0.0001634740474401042,0.0005510835908353329,0.00013147186837159097,3.91069806937594e-05,3.6536309835355496e-06,0.00013320970174390823,0.00018943010945804417,5.632220927509479e-05,4.965653351973742e-05,5.6056440371321514e-05,0.0001575470669195056,0.0004037788894493133,0.00027605571085587144,0.00015718878421466798,0.00012379194959066808,0.001514084986411035,0.00011612082744250074,0.00021818924869876355,0.0002638498554006219,3.960273170378059e-05,5.2830630011158064e-05,0.0022680682595819235,5.64299916732125e-05,7.829105743439868e-05,0.0011727248784154654,0.0004556381027214229,5.7902467233361676e-05,0.0007539995713159442,0.0005402805982157588,0.0003725038841366768,0.0001304553443333134,0.0003616811882238835,6.816817767685279e-05,5.4129563068272546e-05,0.00018950288358610123,0.00016770942602306604,3.642681986093521e-05,1.2395343219395727e-05,0.00047830649418756366,0.00016990565927699208,9.448945638723671e-05
202409,0.0004944794345647097,0.00015237728075589985,6.695707998005673e-05,0.0014435660559684038,0.00018115817510988563,7.230927440105006e-05,0.0001591399050084874,0.0002903419663198292,0.00044759080628864467,0.00023563156719319522,0.0002464917197357863,0.00023622326261829585,0.0030912167858332396,6.008199488860555e-05,0.0002298224571859464,0.0005412973696365952,0.0013971443986520171,0.0001806259242584929,0.00015409605111926794,2.406787643849384e-05,0.0003700596571434289,7.503138476749882e-05,0.0001655837259022519,4.327245187596418e-05,0.0001011937711155042,0.0003293354238849133,3.052663669222966e-05,0.0009402434225194156,1.847956627898384e-05,0.0001089476645574905,7.13806803105399e-05,4.468691622605547e-05,9.612931171432137e-05,8.639368024887517e-05,0.00127497932408005,5.2056722779525444e-05,3.672378807095811e-05,9.292357572121546e-05,0.0001740161096677184,1.8737069694907404e-05,0.00024016504175961018,8.061828702921048e-05,0.00016547732229810208,5.5961696489248425e-05,0.00012478549615480006,0.0001072054001269862,0.0003166928654536605,8.050705946516246e-05,0.0008887602598406374,0.0015318799996748567,0.0002886939619202167,0.0005884703132323921,7.644126890227199e-05,0.0008427145658060908,0.00010123553511220962,8.594251266913489e-05,0.0001477020123274997,0.00018397593521513045,2.4395934815402143e-05,0.00011680295574478805,4.389168316265568e-05,0.00029926959541626275,0.0002208025980507955,0.0012688710121437907,0.00022330893261823803,0.0004328349605202675,0.0002528113836888224,0.000685574603267014,9.89732361631468e-05,0.000380004319595173,0.00033803435508161783,0.001498639234341681,0.00016509194392710924,0.0004924991517327726,0.00020499493984971195,5.606334161711857e-05,1.0703362931963056e-05,0.00017446422134526074,0.00015564609202556312,2.949372719740495e-05,4.548205470200628e-05,0.00016271362255793065,0.00016912352293729782,0.00026833603624254465,0.00022876460570842028,0.0002019161474891007,0.0001294075045734644,0.0013205708237364888,0.00014476302021648735,0.00019357808923814446,0.00024702123482711613,0.00010500408825464547,5.110514030093327e-05,0.002245974028483033,6.347559974528849e-05,0.00012591815902851522,0.0005731818382628262,0.0004220735572744161,5.8328601880930364e-05,0.0008709990652278066,0.00047408253885805607,0.0002520826819818467,0.0002573460806161165,0.00027660364867188036,9.883199527394027e-05,6.186607060953975e-05,0.00015680008800700307,0.0001702131994534284,8.42412409838289e-05,3.0035935196792707e-06,0.0003992307174485177,0.00019746963516809046,0.00010784078040160239
202410,0.0005747886025346816,0.00013069502892903984,5.143697126186453e-05,0.0005125893512740731,0.00019058020552620292,8.094006625469774e-05,0.00013204690185375512,0.00043293359340168536,0.00026841586804948747,0.00015930829977151006,0.0002889076713472605,0.00022454280406236649,0.003105729352682829,7.508105045417324e-05,0.00019699445692822337,0.0004754432011395693,0.0014674942940473557,0.00021391472546383739,0.0001385597715852782,3.1602314265910536e-05,0.00020235097326803952,7.937791815493256e-05,0.0001317063724854961,5.399591100285761e-05,7.886446110205725e-05,0.00033106395858339965,2.2269459805102088e-05,0.0007172879413701594,2.6096118745044805e-05,0.00012058643187629059,0.00010508360719541088,4.1757808503462e-05,9.1061185230501e-05,5.861415411345661e-05,0.0015066182240843773,7.099611684679985e-05,4.06238432333339e-05,9.532667172607034e-05,0.00020277926523704082,2.8186970666865818e-05,0.00017418715287931263,5.347318801796064e-05,0.00015116836584638804,7.426034426316619e-05,8.789159619482234e-05,0.00011107148748124018,0.00033268742845393717,9.922015306074172e-05,0.0009192550205625594,0.001513090101070702,0.0001787398650776595,0.000355775497155264,6.768798630218953e-05,0.0007289987988770008,0.00010668232425814494,6.392692739609629e-05,0.00014703052875120193,0.00021970088710077107,2.9869541322113946e-05,8.247466757893562e-05,2.7492289518704638e-05,0.00030402877018786967,0.00014301369083113968,0.0014664004556834698,0.00014894281048327684,0.0004051858850289136,0.00024428628967143595,0.0007186831790022552,0.00017970037879422307,0.00030634054564870894,0.0002956711105071008,0.0015662895748391747,0.00016870514082256705,0.0004970301524735987,0.00026305433129891753,5.7657442084746435e-05,1.4135765923128929e-05,0.0002609417133498937,0.00020779846818186343,3.656478656921536e-05,5.980995774734765e-05,5.0119990191888064e-05,0.00013730798673350364,0.00026961378171108663,0.00028913887217640877,0.0002571102522779256,0.00010979859507642686,0.0011934952344745398,0.0001871348067652434,0.0002416242496110499,0.0003733976627700031,4.2485229641897604e-05,5.830929512740113e-05,0.0021869430784136057,9.793783101486042e-05,0.00013898771430831403,0.000832576712127775,0.0005055146175436676,8.386961417272687e-05,0.0007524426910094917,0.0005346797406673431,0.0002675684227142483,0.0002395389456069097,0.0003395228704903275,9.023349412018433e-05,7.884723891038448e-05,0.0002042159321717918,0.00010937968909274787,7.110519072739407e-05,5.334854449756676e-06,0.0003171479038428515,0.00014750643458683044,8.978489495348185e-05
202411,0.0004696871619671583,7.117482891771942e-05,7.524879765696824e-05,0.00022662007540930063,0.00020658268476836383,4.712980444310233e-05,0.00016765853797551244,0.00031402180320583284,0.00044307546340860426,0.00022858950251247734,0.0001843949139583856,0.0002819304645527154,0.003137096529826522,4.304059984860942e-05,0.00029642018489539623,0.00031840940937399864,0.0014127606991678476,0.00015979082672856748,0.0001293271780014038,3.705193739733659e-05,0.00030848162714391947,9.396164386998862e-05,0.0002401944948360324,4.423352947924286e-05,7.945910328999162e-05,0.00039338390342891216,2.3026217604638077e-05,0.0012450164649635553,3.5327237128512934e-05,0.00011529662151588127,3.8498568756040186e-05,3.9539580029668286e-05,7.511289732065052e-05,7.46835648897104e-05,0.0016616667853668332,7.883729267632589e-05,2.79255928035127e-05,8.95644334377721e-05,0.000206551791052334,2.2190950403455645e-05,0.00019171138410456479,7.894256850704551e-05,0.00012363152927719057,9.955796122085303e-05,7.287051266757771e-05,0.00010337039566366002,0.0003883880272042006,9.494704136159271e-05,0.0009368025348521769,0.0015488092321902514,0.00022264101426117122,0.0011526450980454683,8.163620077539235e-05,0.0005902609555050731,0.0001263314188690856,9.01552484720014e-05,0.00016473192954435945,0.00015890381473582238,2.8501770430011675e-05,0.00011928813910344616,3.793870928348042e-05,0.00022632112086284906,0.00010021358320955187,0.0017937995726242661,0.0001585461141075939,0.00039785320404917,0.00030334372422657907,0.0007623480050824583,9.66562147368677e-05,0.00031082218629308045,0.0002342430379940197,0.0014335468877106905,0.00015634266310371459,0.0005037047085352242,7.863945211283863e-05,4.813685518456623e-05,7.358227321674349e-06,0.00011659909796435386,0.00020323095668572932,3.444906178629026e-05,2.6925306883640587e-05,6.248331919778138e-05,0.00015157152665778995,0.00045085506280884147,0.00017958911485038698,0.00015834142686799169,0.00013445613149087876,0.0013405077625066042,0.00017062578990589827,0.00038930337177589536,0.00038600910920649767,9.950592357199639e-05,3.7452315154951066e-05,0.0020723051857203245,5.7609071518527344e-05,0.00020203211170155555,0.0008625752525404096,0.0004014706937596202,5.797560515929945e-05,0.0008416686905547976,0.00056219263933599,0.00022448111849371344,0.0002625658526085317,0.0002381431550020352,7.255676609929651e-05,9.058760042535141e-05,0.00020394445164129138,7.31144318706356e-05,4.241622082190588e-05,5.579679964284878e-06,0.0004702579462900758,0.00024648875114507973,0.00010279563866788521
