yyyymm,AM,AbnormalAccruals,Accruals,AnalystRevision,AnnouncementReturn,AssetGrowth,BM,BMdec,BPEBM,Beta,BetaLiquidityPS,BetaTailRisk,BidAskSpread,BookLeverage,CBOperProf,CF,Cash,CashProd,ChAssetTurnover,ChEQ,ChInv,ChInvIA,ChNNCOA,ChNWC,ChTax,CompEquIss,CompositeDebtIssuance,CoskewACX,DelCOA,DelCOL,DelEqu,DelFINL,DelLTI,DelNetFin,DolVol,EBM,EP,EarnSupBig,EarningsStreak,EarningsSurprise,EntMult,EquityDuration,ExclExp,FEPS,ForecastDispersion,GP,Herf,HerfBE,IdioVol3F,IdioVolAHT,Illiquidity,IndMom,IndRetBig,IntMom,IntanBM,IntanCFP,IntanEP,IntanSP,InvGrowth,InvestPPEInv,Investment,LRreversal,Leverage,MaxRet,MeanRankRevGrowth,Mom12m,Mom12mOffSeason,Mom6m,MomOffSeason,MomOffSeason06YrPlus,MomSeason,MomSeason06YrPlus,MomSeason11YrPlus,MomSeasonShort,NOA,NetDebtFinance,NetDebtPrice,NetEquityFinance,NetPayoutYield,OPLeverage,PctAcc,PctTotAcc,Price,PriceDelayRsq,RD,RDS,REV6,RealizedVol,ResidualMomentum,ReturnSkew,ReturnSkew3F,RevenueSurprise,RoE,STreversal,ShareIss1Y,ShareIss5Y,Size,Tax,TotalAccruals,TrendFactor,VolSD,XFIN,betaVIX,cfp,dNoa,grcapx,grcapx3y,hire,roaq,std_turn,zerotrade12M,zerotrade1M,zerotrade6M
200001,0.05398395569151577,0.004051912933413206,0.0015899818047098813,0.008257478480675021,0.015745228169410944,0.010686264417677288,0.010412389317663157,0.007547246915065452,0.014436057462037397,0.005239207782115583,0.00020821167944074328,0.0006169795901734118,0.008516081289345804,0.011648121523300697,0.0,0.007390388150022357,0.011013903498954534,0.002457999536252332,0.0015956766571972145,0.0011187867594390102,0.0014497027111279551,0.00021910547673376643,0.0017259637833151556,5.271150677931974e-05,0.004986940780242646,0.01580411750173134,0.00022132350092621687,0.004700539596206587,0.0005258013814373768,0.0021066338226804074,0.0003942202914291996,0.0005056206968947223,0.000612126538435507,0.0008918415905315372,0.004989983441462749,0.010197789026937808,0.003357534783902653,0.0006365127962297581,0.010215679176503498,0.0005959543908137609,0.006229145865063348,0.00028988818270821046,0.002811246831258301,4.7098152479146756e-05,0.005238957946981229,0.004650326195666825,0.002459095664059451,0.002549661695976729,0.018973522779869398,0.0021903269934604843,0.012690291999214226,0.005002307109590968,0.030237375273557306,0.0010279457023269652,0.002302111622383173,0.01323652731478739,5.202172331298893e-05,0.004380002692065916,0.001627398954187508,0.0006292999815101716,0.0,0.0032954212995524035,0.01599943113534435,0.002201850842631718,0.002139494769389776,0.009213449499766312,0.009276975188717066,0.0116690074143939,0.0059279442428534735,0.0008491101890342359,0.012133164695153454,0.007649255322923501,0.0064293100953412485,0.00774639503085298,0.003990680477203677,0.002744307038140846,0.000572090209127651,0.003950268607558707,0.0033098806507049884,0.003945891084859249,0.0035808500555454285,0.0023329876812940385,0.003054148390159211,0.0014820008802462353,0.01696345513572714,0.0019763922420762956,0.0029989056524956904,0.012479205207126316,0.0020389127988627177,0.0013000277485682662,0.0073225022717675154,0.003189963799703541,0.0016278995164091163,0.023122716555902607,0.0017655003493770567,0.006935073622992688,0.002108277434915608,0.001189648164269371,0.0028080176353469373,0.01552032199978684,0.013737268200991342,0.0013983791833597757,0.006361040292930911,0.002098045777017247,0.0,0.0,0.0010969827667772368,0.0035816506826610063,0.017918372636662294,0.009836670944005846,0.0011366235158438043,0.0032379840467566512,0.01417327169402205
200002,0.05402248412450644,0.004346770920246461,0.0018718487672077296,0.008069185440556024,0.015673967407877507,0.010772063291976173,0.009944475278617497,0.0075213371204771555,0.014456053276844304,0.00498069773324248,0.0001715715204137309,0.0005390189357505169,0.008729477828075672,0.01151012560814501,1.3519134318935393e-05,0.00782176080286188,0.011153341780253677,0.0028513162897135552,0.00141216875271522,0.0006414889621321808,0.0014672050996221645,3.228729867134114e-05,0.0018088641534823044,0.0,0.004991625407434344,0.01577598002996908,0.0002601032813903666,0.004645354378788763,0.00030162355595109717,0.001980072609493296,0.0008179127045641347,0.00042197103541834517,0.0007225933638647714,0.0003595841587491761,0.005261633327309978,0.010004769209530756,0.003432011345749018,0.0006571664808594374,0.009958744174856132,0.0006884206709223305,0.00630124756121336,0.000415769572946109,0.002601167527470885,0.0,0.00527941171830688,0.004598864299631711,0.002576288738674352,0.0025428595502273547,0.021282273557338884,0.0014573546163552152,0.013634747058024595,0.004669073577325704,0.030297309021882397,0.001132033884446742,0.002860810844667694,0.01347762674066739,6.702721361919614e-05,0.004773110832551309,0.0014959973512849137,0.0006836221460875128,0.0,0.0032301377456627925,0.015586426499227798,0.0037269641481952253,0.0021215929044692506,0.009604274612929072,0.008834927150334548,0.01188804482530871,0.006169499779105376,0.0007458616106371347,0.01239798513195074,0.007697964700295151,0.006528335339136389,0.007688873407970069,0.004067025801156875,0.0029728820976936965,0.0006617460366981807,0.0034739501282346637,0.003601991556121401,0.0038315044227362387,0.0035760887194609932,0.002449427165070085,0.002601772112101644,0.0015342519361517338,0.01663327210343559,0.001736818748194073,0.003067271912042303,0.01318283848388329,0.0021758096685797,0.0016863705188359976,0.007318972310751966,0.0031602696950833,0.0018267616544738346,0.02326540120735952,0.0017537519445352,0.006783928372023609,0.0015977677947710555,0.0010124485822091242,0.00276541629120508,0.015478211345417898,0.013967959346229126,0.0013097352092189857,0.006348606514862656,0.002028502817657622,0.0,0.0,0.0013749211873834452,0.003355752525927044,0.017764816468517,0.009631473761416421,0.0005594763243436838,0.003749626119120345,0.014779201696493617
200003,0.0539758148257941,0.004627593203334282,0.0019701498217871097,0.007679076758964787,0.015543594499874813,0.011288704632557761,0.01025218781861441,0.0073551608030677715,0.01447681548806759,0.005075651200519671,0.0,0.00040970694080806554,0.007885677359932742,0.011910640333060581,0.0,0.008492063522464425,0.010974902705337337,0.0030463742665320444,0.0016758958819733697,0.0006268594442417685,0.001529067254422751,0.0005319137940778073,0.0016558526122010357,0.0,0.004950780891850837,0.01559553834319344,0.00023462703350645044,0.004387296623314774,7.23249551495651e-05,0.002110910203818367,0.0006802953588188202,0.0005490674466296824,0.000572709074428539,0.0006309062263089412,0.004574101955118925,0.010120891187272255,0.0031044933937950927,0.0006374031011777591,0.009990577840877899,0.0005894088195394157,0.0067428282190124655,0.0004774207722372344,0.002301719195328705,0.0,0.00478463343154475,0.004324328217912983,0.002576808173159574,0.002340399054075788,0.023649851983671127,0.0023091862780439164,0.012124191132185134,0.004722780285883697,0.030148523462254266,0.0017759558321178588,0.00287067751450248,0.014107255594373834,0.0005029492905030749,0.005030179297164104,0.0006159686297763371,0.001450617145604538,2.6931053007643986e-05,0.003089446524591466,0.015398414942112519,0.003898317343423737,0.00219256666242022,0.008438558903240335,0.009490457614488194,0.011390526351222962,0.0064853195181619906,0.0011100157242448251,0.012400522188421297,0.007744072769669208,0.006469964806722477,0.007896116769732993,0.004133599670472166,0.003288119126135852,0.0004741519765295759,0.003452218506953291,0.003289143265912672,0.0033802137563370203,0.0041825270314119695,0.0026202435352039536,0.00285700186818226,0.0017941123779759976,0.01634052593811401,0.0014869998086230085,0.0026432701848134875,0.015284046344888048,0.0024642024068210803,0.0015434403315215204,0.007202339346003155,0.0030184334174472344,0.0021636517802932323,0.02321492693248679,0.0017600425955116568,0.007132644991664603,0.0016693305324718749,0.0011580596209906616,0.003025827545436666,0.015515397467366968,0.013208373413007252,0.0014679448579369807,0.006169393400421455,0.0018626841686068985,0.0,0.0,0.0010437653460733441,0.0032121521314616296,0.017201847391141577,0.009159495705063945,0.0013403863190471924,0.0033926837368932774,0.014185000769599552
200004,0.05442923487856542,0.004638217919470701,0.002241977271552495,0.007438043842827237,0.01539947157544481,0.011053984714032409,0.010144232163045476,0.00723874368448891,0.01455797337160395,0.005211274600367293,0.00010118345953824422,0.00037071918991872976,0.00816319468334034,0.01176600298722787,0.0,0.009050614199795129,0.010572650774810377,0.0033420533559671557,0.0016588762320669179,0.0011476277538513473,0.0014500296991111267,0.0005324456729320338,0.0017513762397145278,0.0002409806744683248,0.0049243393551091615,0.015307701040933215,0.00038348171225534755,0.004303546726021339,0.0,0.001877584904983102,0.00041680209941594956,0.00045665977133794923,0.0006201178142416686,0.0007200927897575044,0.0048809652814815665,0.009634185772542563,0.002708845525715724,0.0006699613639469096,0.010191926604887913,0.000392706998021236,0.00718130599810208,0.0003294630628247941,0.002383834942161942,0.0005656817319270175,0.004495592490372926,0.003916281738284536,0.0026130856712016713,0.0019195201068001205,0.02327504694739313,0.003774667251344154,0.011043653395759145,0.005106093243264516,0.030583837284496464,0.0017082124792963313,0.0025886018217529533,0.014443242633925987,0.0,0.005917936458794957,9.578199690451591e-05,0.0013139773161820016,0.00020033305597450066,0.0030203913722956677,0.015595361513356734,0.00412871870985222,0.0024551134910784,0.007626728242842648,0.009610539996969765,0.010922253273767687,0.006848382721800921,0.0009031376738954047,0.01260466983274519,0.007809706794839223,0.006306844518257179,0.008248638142135804,0.0036682745354667365,0.003411927280873121,0.0005410365161439232,0.003166166263822602,0.003398466191066414,0.0032105678551297818,0.004090126663241734,0.0024068272248692984,0.0016707962379937894,0.0019032679611982357,0.01654908418977288,0.0014455955194809793,0.0021607567705768395,0.0149671892677584,0.0022051467660884915,0.001623363625223582,0.007090845600462752,0.00287827673180521,0.002429818688659433,0.023209865117500724,0.0019068525332919493,0.007185140167837584,0.0023904775778480995,0.0012010404287840525,0.003273486892212253,0.016132515116628516,0.01276148300751584,0.0017534596387646395,0.005955665979249093,0.002304259714774688,0.0,0.0,0.0005833310713511561,0.0031773770207321242,0.01657373653453024,0.008530271265084745,0.0013345247020428155,0.003021630100805808,0.013440422146486301
200005,0.054903666811027464,0.0046385001894248224,0.002494653722427679,0.007421090323302552,0.015324443882688938,0.011297191596649854,0.009744576500504143,0.0076962347287151825,0.014462915806814091,0.004962468827593686,6.292290528887515e-05,0.0,0.008342466944267725,0.012091559043582245,0.0,0.009158022310751166,0.010708559339399674,0.0031570719576744046,0.001631936759848643,0.0013149957143222255,0.0014739323048906761,0.000558618101180912,0.0018813193429753877,0.00026641219955130706,0.004955235859903697,0.015388347640469462,0.0005027419874246105,0.004448475345968609,0.0,0.0019380215736215089,0.0,0.0,0.0005676818388310453,0.0007538262083150341,0.004718880017164062,0.00954067267064504,0.002745072774392379,0.0009679484198062819,0.010186651462272007,0.0004127104738920859,0.00729470955938747,0.0006478522707285475,0.00251754206086939,0.001329894509352789,0.0045812410100232745,0.003911186393071117,0.0028029971612120973,0.0019178268042932085,0.0217524932127241,0.004401085316547906,0.011100631216108924,0.005292973271291955,0.03009277190536715,0.001608452289256919,0.002556972527179904,0.014566142838181225,0.0,0.005694034282762713,0.00032941466458897265,0.0008436079500270452,9.606339950514064e-05,0.002984533226387083,0.015778494165615095,0.0038436384820317716,0.002253886396870616,0.008084182117962828,0.008623486587000916,0.01116664735923658,0.006615034948284881,0.000617315784243086,0.012967757196273194,0.007938806266177822,0.00621977136171006,0.008071644224633722,0.003506542273121355,0.002841868725426042,0.0007199396470023138,0.00295175495327932,0.003527837264924626,0.003328374871029007,0.004276480553999812,0.001950855250108852,0.00047142629025414553,0.0017733365813702305,0.0170016071415328,0.0014680325782651974,0.0021809164689013923,0.012914594389167275,0.001769636922954238,0.0012139762578639724,0.006641799998194316,0.0028811264125622386,0.0025335361791163657,0.023586530904466083,0.0019160482291124426,0.00738806828340018,0.0021209744716894673,0.0009475009540324054,0.003124687309052406,0.016426901904624903,0.012723861439614959,0.0013136741925234721,0.006078703464985099,0.0024084570697514704,0.0,0.0,0.0006769493078311337,0.003296863379567131,0.01694156199566932,0.008329527299900745,0.0012619418773086306,0.002552102319223616,0.012874900664647195
200006,0.05444360164626519,0.0047430756253513074,0.0023759702131526945,0.007719394952426248,0.01522667506299983,0.01124930072779989,0.009738275339141865,0.007892712815584877,0.01484953451066535,0.005529874845092397,0.0,0.0,0.008541226002053192,0.0117977178343805,8.868041792132377e-05,0.00956982886507132,0.011042330606612154,0.003163104175629433,0.0017350304508592389,0.0015179227123695877,0.0012334609197830336,0.0005855394384396299,0.0018562384543689056,0.00025003413099580166,0.004671899851864609,0.015212195441177285,0.0006093303216097804,0.004364639458397466,7.684016395773866e-05,0.0020818747705132552,8.421695580439202e-05,0.0,0.0006558017639009123,0.0007482908371592678,0.005167384801414671,0.009922955927095743,0.0025407442950403955,0.000975968320069067,0.010192810633128525,0.0002695119355821899,0.007083016141669212,0.00024830217186289907,0.0022415509440447887,0.001028953478103199,0.004425733430571123,0.0038671883399984054,0.002672924919532925,0.0021374843056302904,0.022332754626535816,0.00558149964549653,0.010846858734696135,0.005458222860467456,0.030318699943985353,0.0013786890407849832,0.002449258648855802,0.01516924155991195,0.00025406049110243836,0.005516906660522801,0.0,0.00085135469834289,0.0001423618551564903,0.003334279014240457,0.01608098529151585,0.004035067116429657,0.002260204778271633,0.00801305417439562,0.00854372351256349,0.01085907880737775,0.0062329537493205755,0.0007323832488112092,0.012940996663566413,0.007868811435848173,0.005859214740944166,0.008122849105204305,0.0033598175004610213,0.002891027619329398,0.0006800235278959456,0.0033692437898881172,0.0036722891778954263,0.0032498126765915635,0.004723656463832586,0.0020192431037362175,0.001564960777328174,0.0022075868354884893,0.016941938876083702,0.0014911318197426107,0.0021777372755331023,0.0131544678287046,0.001540599918000347,0.001498235532142053,0.006831679778294928,0.002838361958059737,0.0026890129030077963,0.023698517828512337,0.002032541012329787,0.007324003633917365,0.0021801143045432907,0.0008350676927318855,0.003253752269436215,0.016390215823208487,0.012504559009799791,0.0014399046441402911,0.0058987660318981115,0.002564977076224861,0.0,0.0,0.0007877249362234391,0.0032031257493424898,0.017022314549355332,0.008506400706376932,0.0009116204414948336,0.002780099921373309,0.012943789317233802
200007,0.05409216107099415,0.0048453485377156266,0.00268407327472346,0.007653343217863748,0.015192862941848365,0.011416537004201512,0.009661808507440157,0.007632600871474866,0.01487782468189142,0.005628669399192499,9.730843325340616e-05,0.0,0.008495512086015003,0.012162645992391287,8.871926964680707e-05,0.009972091233008313,0.01116017923322271,0.002990415338962493,0.0016026937488839033,0.0018546999830656298,0.0011726954593908598,0.000612959101166248,0.0019811864746151738,0.00011651141628101106,0.004654234156379579,0.015662514604379573,0.0006906610425237143,0.00427562920408147,0.0003026150682201178,0.0019882689397898528,0.0,8.703171975219792e-05,0.0007477203717745582,0.0009971898019454696,0.0053943096418310075,0.010031802366475384,0.002442602970713794,0.00083484533593733,0.010245883967322124,0.00022738686448756519,0.00711991575387405,0.0003997749812558298,0.002217806969655203,0.0011432208081324257,0.004354849529427829,0.003801205134772518,0.002529483458376827,0.002534113492790381,0.019518528542016026,0.006003543482237748,0.011535386576771845,0.005379032764317199,0.030297228257841622,0.0014684640398687542,0.002944942797582521,0.01602684756887896,0.0,0.005872632627432874,0.0,0.0005128951469885504,0.00010829357532361136,0.003207752732160779,0.015471220528570239,0.004105807847783467,0.0023234666879006736,0.007648359174381014,0.008263692662905293,0.010584091185350131,0.0065089217020099024,0.0004567953441323968,0.012966953308977503,0.007470750100697172,0.006007305243221721,0.008013971222082635,0.00356987106528977,0.0030584348465931884,0.000592902069659951,0.0036184457734842867,0.003815796307201954,0.003382295616178925,0.005213869543694896,0.0023841066803437475,0.001394978882959865,0.0022978531545222516,0.017341107538065153,0.001521831881153213,0.002287776111961959,0.009571629423095963,0.0016721387520764078,0.0018798788904952094,0.006893828541057792,0.0026172890107826552,0.003078482198531001,0.023778368083636908,0.0021923725328658805,0.007453100863051367,0.001942929723951206,0.0008946387041408742,0.0036832322460714053,0.016837923395290968,0.012528803427663509,0.0013841571085685088,0.005621426849887689,0.0019682959953696766,0.0,0.0,0.0006273938206631985,0.0033517392315997327,0.017024119307328486,0.008487234013713525,0.0007967947498881035,0.0027936729000481116,0.012693765936605289
200008,0.05370544382502695,0.005279362662735244,0.0025897726637856312,0.0075614723798873825,0.015073039567127884,0.011703754428731427,0.00922711643800647,0.00730750158049845,0.014490332446515285,0.005495564807516358,0.0,0.00011734200175827723,0.008974848838293659,0.012269359480677646,0.0004973047913001617,0.00994486776401338,0.011489543672521071,0.0030493344979129634,0.0015206077660748355,0.0017809578720677916,0.0015924788371423435,0.0007096220443605842,0.002001652636444801,0.0,0.004570913334951613,0.015737913362418563,0.000895398835641092,0.004220084594490767,0.00048716999334258323,0.0018893706076057797,0.0,0.0,0.0008202689808686638,0.0010079157056846351,0.006117782333483128,0.009543688225132551,0.0023479580598660963,0.0009312503073966535,0.010261883156488941,0.00043182565336278574,0.006796548065208809,0.0005452282144365159,0.002125023925572162,0.000524863863300037,0.004307921401505888,0.0037848900290174156,0.002511366233840482,0.002675548044460458,0.020122551226838727,0.006188840612978961,0.01117775283699943,0.005460737589024012,0.03067345934027901,0.0013261104322708644,0.0032875378832323055,0.01627405003873994,0.0,0.006024726591578751,0.0,0.0009054847004203888,5.078116091255833e-05,0.003338311106184014,0.015176312066442179,0.0031288180055714897,0.002411512811737143,0.00743425295293283,0.008135438448688801,0.010375724684961236,0.006636407457668715,0.000632680626034426,0.012950917423651386,0.0075484689112782985,0.005943250330912921,0.008090014256177117,0.003700405162914047,0.002961556199660895,0.0004374776472578181,0.003484408206031269,0.004129080930818983,0.003435819096884491,0.00520905572588405,0.0025328267033431573,0.0020152523258615434,0.00229000050494891,0.017593528292054874,0.0014490965851859051,0.0022500588940561426,0.011045848008305369,0.0013799959086016357,0.001768365314581484,0.006785657213982791,0.0025719841887090708,0.0029386820724519175,0.02347491527789508,0.0024067188212416194,0.007553110945523848,0.001619388433528049,0.00107460547338756,0.003734440550345741,0.016555557884383038,0.012852622255629487,0.0012870063158751885,0.005617251854737039,0.0019334932566790655,2.061961551962599e-06,0.0,0.0005991316306230082,0.0032622938474529653,0.017015615243422055,0.008872826081312511,0.0008952028794672387,0.002392998435172209,0.01232840064124004
200009,0.054760690109109625,0.0051810598012009814,0.003222719877969847,0.00781171562315993,0.014980636006656544,0.011455051290992606,0.00892346701272338,0.007355952970147764,0.014071167180791603,0.005599242747851699,0.0,0.00012455471014422882,0.008627624668681612,0.011764958692560626,0.0005987626502496207,0.009929425137756208,0.011574204171299951,0.003239199740643339,0.00127330765978049,0.0019025276901003766,0.0015568344218191074,0.0008503456284892906,0.0021100897633576374,0.00012221004864350194,0.004389853132086869,0.015746907468504125,0.0008983762635386102,0.004099106983625541,0.000977982470597453,0.00156675075161698,0.0,0.0,0.0007546647322469681,0.0008289484170262672,0.0062587265967328,0.008981160351309747,0.0022421836573925085,0.001114501238975088,0.01026803626323135,0.00044827928656268227,0.006772521312550566,0.0007055046812743756,0.0019059805654665313,3.41811359329022e-05,0.003933304802723476,0.003774265707230403,0.0027457640113105523,0.0024719183536392503,0.02092354197696151,0.006130133357232912,0.011901361186258322,0.0057038677038778445,0.030820230715427905,0.0013408194922602508,0.003034557954225825,0.016142359771977866,0.0,0.006181372543259129,0.0,0.0008173972350379451,0.0,0.0037165834183579436,0.016781031085396744,0.0028712599717500746,0.0022119154300722526,0.00836939334305314,0.0076725332169320475,0.010514030798950231,0.006632733632078135,0.0005695892532275698,0.013291000013126272,0.007916025722756775,0.005844462265950877,0.007854956490969543,0.003681908026313113,0.003065908499880523,0.000706513420488203,0.0035151458625195904,0.0039380871906856485,0.003499406829782812,0.00525989975655194,0.002541579396383781,0.0026602697791909507,0.002251162415901234,0.01731926876968773,0.0013446489478324442,0.0020637891264077115,0.012213616224175211,0.0013321039186037311,0.0018715891493824716,0.006853809686436221,0.0024821370469899386,0.002887988895934039,0.023203896481923482,0.0023773264297655763,0.007638482161912154,0.002230663766924536,0.0011272582836165258,0.0038834556097187153,0.016349016239999827,0.012767494778327847,0.0014747966611308224,0.005688504852265091,0.0019970291779998935,0.0001496068857900861,4.085659657408721e-05,0.0008403920739901541,0.0030531988371549244,0.016623969005099284,0.008692389023043182,0.00018489763608995523,0.002424937708829126,0.01250536923721235
200010,0.055319095173704654,0.005193936831488929,0.003210972656227485,0.007667862307256265,0.015114218246449599,0.01118155536904239,0.008639937640752356,0.007765483086942698,0.013915554555488634,0.005902234277942794,0.0002664463747107076,0.0004193282836538576,0.007928395053277332,0.011709895807362196,0.0007890322965674599,0.009659247433266217,0.011669367296664613,0.0037075652286309166,0.0011991760608513532,0.0020885650650686043,0.0014979040484896721,0.0005083290635396384,0.002107087829266134,0.0001683461927885338,0.004482135445990907,0.015479832759498076,0.000606322732346656,0.003693758433642108,0.0004734370928326177,0.001770879294898201,0.0,0.0,0.0008546783152389763,0.0005818495421536103,0.005729106486286281,0.008857976594397814,0.0020696790733789644,0.0012549364588647456,0.010043540314434454,0.0005258599421662519,0.006485140256419467,0.00045438401390455216,0.001598162226779715,0.0004976673362258398,0.003649868359290184,0.004340196219055655,0.002744202590792934,0.0025601463386378713,0.020824708190707177,0.005964197128237923,0.012360793013611945,0.005507160862462592,0.030979796815097427,0.0015145294351507272,0.0026177280642437225,0.015430211887617342,0.00015453061142939003,0.006399324410371022,0.0,0.0006534356397081988,0.0,0.00371503398144051,0.016911662870463383,0.0025743947377399557,0.0020073296212313432,0.008636921326044067,0.007826141009254833,0.010817690871710785,0.006494541197386866,0.0005696429944848389,0.013204762200549442,0.008212989011179537,0.005942303561877119,0.0077710788515023355,0.0038714935651513248,0.0029343187308580967,0.0009780094459218925,0.00394330084191801,0.003505918833130923,0.003228761501716392,0.005475632452477456,0.0027674918464999742,0.004380333072050708,0.0025686059274502605,0.017136136350551282,0.001108890507242075,0.0019299171802247403,0.013157627795881578,0.0013607298230166613,0.0020082988728527215,0.0067868875213476995,0.002673315032177097,0.002665941662030029,0.023414773163825984,0.0025987463501001896,0.0076077226094664495,0.0021784962997740947,0.0012860994037423128,0.0036107387800653774,0.016574979489441102,0.012950292463618018,0.0017292254341601725,0.0058384630293711656,0.0015207650702967063,0.0,0.0,0.0010354038382949223,0.0030859379269010927,0.016401583696032705,0.008795873124368785,0.0,0.003206998720743165,0.013022678089741
200011,0.056285224400036984,0.0053532521505654795,0.004218344976910421,0.0076165799395054475,0.015126592956832342,0.0112214879294989,0.008740305733202326,0.007611816574520304,0.014074994915836168,0.006327482492016088,0.0004958563431626667,0.0006965477986970284,0.005973386394206263,0.01179080113836638,0.0003802780505523084,0.009673533659938524,0.012256133637621196,0.004347474550514342,0.0009317841346359917,0.002398165049549444,0.0019999000261935905,0.0006854475257633624,0.0025538317371868414,0.0,0.004307512664087063,0.016759518965465365,0.00040697946620117854,0.004517420340102664,0.0009467456111005607,0.0014059493059998113,0.0,0.0,0.0010651847634693097,0.001184400321537957,0.006265004440835931,0.008593326386152,0.0010472991770523789,0.00022218814028631282,0.010019000828178286,0.0005984431444583496,0.006446061499092895,0.00022175928058055155,0.001733096858016572,0.0009091981903768324,0.0039980001414788,0.004700576776167886,0.003159177677252338,0.002456166505559768,0.018149444905000974,0.00801470378127612,0.011908688459039841,0.007054465458828737,0.03225598423310346,0.001873280129513163,0.0027510024471663233,0.016114868180854763,0.00045310328001881836,0.006811624360375654,0.0,0.00020213320956360127,0.0,0.00551798423176977,0.017963453045538716,0.000660681581144728,0.001907490102086962,0.009563975403541059,0.007918448204135396,0.0115136587086324,0.006604526928391979,0.0006575387479151619,0.012423664975669203,0.008380432094809563,0.0056271321222425945,0.00810415234728039,0.00443425216600805,0.002508338043538969,0.000822290111578343,0.0036463222912832935,0.00437192754445234,0.004147905234434578,0.005582523927785316,0.0030462140329854,0.006309617775669109,0.0028760643001951316,0.01803559465098334,0.0013079503081383542,0.0012839163743407977,0.011742607641127957,0.0019540522977201037,0.001295134663521391,0.006575007673015548,0.002729298354320481,0.002158692208568279,0.023823018341016928,0.002277297662678575,0.008107798130674396,0.0024889630740654875,0.001142179306829184,0.003907091188011476,0.016321665604280576,0.01237474347745938,0.0019719792024202273,0.005993332673042374,0.0008092796020561736,0.0008672389707180944,0.0,0.0010848800398169116,0.0029814278597271606,0.015230073770755161,0.008109416827242925,0.0,0.0040082222069378675,0.012069358506462109
200012,0.056086831661440684,0.005877715925642637,0.004278163316349564,0.007529349511881782,0.015117653023809156,0.011190175440201898,0.00767131070243257,0.0078158138509334,0.01385038418478456,0.007238536671814086,0.0007774000186560028,0.0010363681613522351,0.004615247449518345,0.01193342384845241,0.000818780371527468,0.00995719070883766,0.012881899130902139,0.004432948828690067,0.0008111565219030634,0.003079903197650403,0.002746480231029184,0.0006315208802705618,0.002278582287032005,0.0,0.004340456237733305,0.017653181825926248,0.00022108440998232318,0.005064489334175076,0.0011556448603528644,0.0017904124779390043,0.0,0.0,0.001142663021946833,0.0012036483232596212,0.0071029947633646385,0.007759485570729995,0.00012802408028499018,0.0003579759317071142,0.009858803423996908,0.0009922693413034842,0.0067594190876133315,0.00030450090853085263,0.001314715921494913,0.0017495273457783529,0.004346631208776704,0.004560002135294315,0.0028781118658509314,0.0024119975496718024,0.01651123700940278,0.009212718527995512,0.011914120287063477,0.008206220436645423,0.03404266375565305,0.0022516954418041624,0.002989863045883432,0.015790119109536805,0.0017029146793005024,0.0076604492058048364,0.00013659366449399207,0.0,0.0,0.007174603567552729,0.019156393827211664,0.00024845793906047423,0.0016977208989568103,0.00907185076394229,0.008631832860341176,0.01143901775988818,0.006307561248216274,0.0004106069421473966,0.01170257859536079,0.007922917926972058,0.005964344766529489,0.008179073427702577,0.005156815240068329,0.0025782964726530915,0.0015515710165316815,0.004103468081743763,0.004403573194144675,0.004633732076919463,0.006202302024029431,0.003061987455293654,0.008880540025452117,0.0030285545882154374,0.01900567054316163,0.0016326906558841315,0.0006968718885342003,0.01215641256985837,0.002434688209704485,0.0012169956016159294,0.006832980787186861,0.002669109944381762,0.0019774707776847116,0.02255357659682982,0.0023949487941885166,0.009329114458328408,0.003847128574870698,0.0012279243029468456,0.003360602703374715,0.018224413267931235,0.011825699557506304,0.002044569145236762,0.005910543535336485,0.00013126637296990054,0.0017964923939329546,0.0,0.0013977617802382533,0.0030719280260482376,0.014027190087728049,0.008091397375020248,0.00022676275687044388,0.004238517148960273,0.011516864789608578
200101,0.05494115259507912,0.0054308459636331335,0.004391737082166661,0.007633995463179404,0.015142859768115123,0.011680585435015411,0.007299946213302524,0.0073991042021575104,0.01410582078433172,0.0075511066416698545,0.0007610824583462516,0.0009031347082936812,0.0031306829196303164,0.012203905879824612,0.0010861245577231968,0.00937107176448651,0.013535881312346657,0.003976782493400017,0.0010726344733569643,0.0029814528933297824,0.0031434845319836973,0.001027330004881423,0.0020652149438929804,0.0,0.004224775542020028,0.0171584212885699,0.0,0.0062029577524784175,0.0018888325681724447,0.0011335617096609489,9.493488087395963e-05,0.0,0.0006571316425134684,0.0014171481073719243,0.008756438754109155,0.007573628623318066,0.0,0.0009299876511308467,0.009995584449847387,0.0012135151296009514,0.007299940642527451,8.593709604949198e-05,0.0013922624241996745,0.001428259774523048,0.004105361381576252,0.003582197265014553,0.0022802329805031944,0.003335958113168191,0.018150560666567044,0.008559614625342006,0.012511187359141923,0.008681308036091092,0.035447638622650136,0.0020346360378177505,0.003164361728253112,0.013965872634964401,0.0008045461631614482,0.005874170234133277,0.0009988494704158766,0.0,0.0,0.007642598908178745,0.01903561953975059,0.0008930951776037322,0.0023807993620364926,0.009916227335211013,0.00889476136542176,0.011234877067326964,0.0061791575273113936,0.00036388474797585224,0.012487599880337466,0.008650286233565459,0.005965376298379793,0.009703522090615325,0.005208382266232022,0.0021828909287161507,0.001586104506029424,0.003472521092512096,0.004922454194874595,0.005852862890368242,0.00562909966167685,0.00336340505580434,0.007830082656324101,0.003235721516809925,0.020387266539089597,0.001891036410352049,0.0002177304964158743,0.014011175462678115,0.0029220688691034002,0.0009392002652573582,0.00717594200428867,0.0027957228650501266,0.0015555441432995175,0.02242109918743358,0.0022823719822210736,0.009028608548264778,0.004992038238043864,0.0013625804925301987,0.0033813286556598865,0.018678580004634144,0.011833768079200242,0.0013877618470249174,0.005907303951170685,0.00015301050003714914,0.0017400315142488806,0.0,0.0013940272041616276,0.0031971196361581266,0.013161124468137346,0.006797206884735504,0.0001072373305146744,0.005232904690798284,0.01120417868381751
200102,0.054740788653909744,0.005563453601155496,0.004197133889087013,0.00681308331459464,0.014963226551745394,0.011590722916377713,0.005164507266741048,0.006301748344800799,0.012853571514525715,0.008816431605605482,0.00036924663775827517,0.003591110699355788,0.0,0.013183422060196397,0.0022571190510781067,0.007954694355428628,0.013326452555860893,0.004076643048079766,0.0008559040694403653,0.0013733848036751057,0.0033129126770811024,0.0016788966969148607,0.0017925405421972593,0.0,0.0041034505486734285,0.01764018746636794,0.0003636494135451488,0.006983119836894938,0.0024470945367418284,0.0015713018880330837,0.002598341919376693,0.0,0.0005569028154425269,0.002143028737792128,0.011708748191190438,0.005691083261484041,0.0,0.0021617720271237023,0.009642677807115233,0.0014343172983942011,0.008038445121138977,0.001292739491171756,0.0010533393919558074,0.001841806549590793,0.003570113492717526,0.0025030568337346373,0.001589170035556146,0.0046553235656887956,0.023076562210023063,0.008169323745577214,0.014509430118004773,0.010065644018732806,0.037964887111703684,0.0026777207529363315,0.0034259639529765633,0.012450944642088117,0.00017062443975265825,0.005254759881548301,0.0012198636486888215,0.00082878217475149,0.0003008689150175873,0.009152213643701768,0.022392384044276896,0.005084216748238224,0.00263334132307706,0.011230435548155292,0.008555730081984217,0.009548012064308954,0.005522690076255854,0.0,0.012400704721883388,0.008331024144211607,0.006822798996207242,0.008842525167956642,0.006113928219118529,0.001513121303440854,0.002122387425300124,0.003531480132949458,0.005394342873851604,0.007061737727614086,0.004601283571104501,0.004349283252098812,0.011968751507987149,0.0031089606077431605,0.02166615933520709,0.0024119187059150563,0.0004284752132896411,0.024460176832282653,0.004544009321287752,0.00033831887818682485,0.006909389581131959,0.0024381416579210466,0.0008581411999800783,0.019501691137186562,0.0023165871922263444,0.009838910827708533,0.006985750760588983,0.002269084344778241,0.004017163964506937,0.023122643440859045,0.012259398947385114,0.0016450150245477743,0.00558695829270804,0.0,0.0020129618032986327,0.00016500709690372655,0.0013209867543830212,0.0027736035175242326,0.010415180332361603,0.006085876204329193,0.0013962194263932657,0.008433437816425056,0.012269776076081242
200103,0.053633841577575614,0.005698232610090265,0.004723127799252415,0.007843638590769666,0.01484165607396085,0.011623407445659296,0.005560247668087983,0.006432696709205253,0.013057289790343391,0.007328323393952255,0.00034171140301039255,0.0020266781046574473,0.0010943148921319888,0.013083418589592229,0.0016665430007535202,0.008273360290658425,0.01314373876630987,0.0036484697800012443,0.000872817598850355,0.0020580258008073967,0.0030555306347061313,0.0015776917567033556,0.0017433331327880322,0.0,0.00442291093742741,0.01710527360657726,5.5299254158176025e-05,0.0066553429901484926,0.002207906964314933,0.001227765567634901,0.0018906119564721098,0.0,0.0004335001318270696,0.0018756419531270104,0.01009038969255455,0.006480550113877484,0.00024957881835983446,0.0019322069717287388,0.009471457696124968,0.0011809777211535175,0.007285075400572445,0.0011793720787500804,0.0012174557615868221,0.00011456806727598484,0.0035364694993103326,0.0027381318581556867,0.0018415843817399392,0.003949428266561387,0.024588161219222446,0.008956809160044342,0.012802477141233677,0.009190151125448364,0.03756068665879224,0.0031390827533592383,0.003295899291334691,0.012333319081572744,0.0,0.004536705159188316,0.0009898224357667142,0.00027129975787971815,0.0005327430801317589,0.008709553144968426,0.020379538082045543,0.00345589871808428,0.00305126645444264,0.01040315021498868,0.00862531269694441,0.009952254508991147,0.005437901101490086,5.120048493669516e-05,0.012957383654823015,0.008549882684584837,0.006758990535859195,0.00934072367894412,0.00591786792905897,0.0018953982791492848,0.0007181519442592665,0.003449908426537639,0.005146672044345627,0.006653875198583457,0.005198334007796844,0.003780639138865679,0.007918880643158136,0.0032226710723285293,0.022142871755069602,0.0022322487610707763,8.269100143192558e-05,0.023202874807558106,0.003779871860729709,0.0,0.006940614675269511,0.002618902037089327,0.001630245847997935,0.020879924361486512,0.002068392379042542,0.009527532393654925,0.006391360965186893,0.0017134496060952987,0.003819749399364484,0.02080433515779345,0.011759633722686756,0.001884479386970299,0.006251022789750678,0.0,0.001976069318212521,0.00014878859388413863,0.0014865632608285293,0.002937192052453442,0.011105727494630247,0.00564516269998594,0.0008046858416989704,0.007041652203813047,0.012042679099110434
200104,0.053765554326851345,0.0055437313983467545,0.004226178519403157,0.008169212276159282,0.014940048274885437,0.01138171579332732,0.005298305139576035,0.0072676313569004294,0.01314697256983786,0.006869403183056967,0.00030954721532508656,9.60051456461457e-07,0.0038535407476626028,0.012689666756924723,0.0022905238681587875,0.007720014507267058,0.012701336052014693,0.0034498627879544406,0.0009670714015495597,0.002491560135556442,0.0029782296159404776,0.002452728668589658,0.0017484688527693282,0.0,0.004518824130288209,0.017213751159302085,0.0,0.005440088138864055,0.0020229415196277058,0.0012258385862142119,0.0014505300608922817,0.0,0.00038501730968336834,0.0015985446216098304,0.010335508282536102,0.006977308536335077,0.0006002519658193344,0.0008930581841096701,0.00962491356100332,0.0006897965267187148,0.006542421278855429,0.001281697663251809,0.0012028622426506052,0.00218248680147376,0.003881870890820792,0.002632796315270868,0.0020136972224881373,0.004218093449222863,0.02564706874037196,0.007059756550679921,0.012125053060841691,0.007858268742795002,0.0394736047333849,0.004353865125320442,0.003001753582397659,0.012558295305234505,0.0006914756933748723,0.004280927383961075,0.0009106893877038675,0.0,0.0006737760304927527,0.007863820462927388,0.020133424532715053,0.002111355875160831,0.0031529148975884412,0.007952143102123655,0.008931733169822027,0.011058248823510763,0.005589569887990008,0.00021545238679022223,0.012996257048586602,0.008577974227821153,0.006565495994058064,0.009674786838871723,0.005639006123557498,0.0019879357394805117,0.0004587767346069212,0.003556726618275487,0.00485201186124201,0.006044777167705851,0.005591792931560267,0.0033341413486242064,0.0038866238647817463,0.0036061264084643017,0.022094356993361045,0.0017246220474099133,0.0007586058440683549,0.02296755881445336,0.0024934350925593105,0.0004352862206221985,0.005845451289463507,0.0030615650227403166,0.0021461180002531445,0.01971380481064062,0.0023619272039058243,0.00956404463121276,0.005719548195745396,0.001288261968328173,0.003865390040591269,0.0208184043198421,0.012201708762183384,0.0012208839509332318,0.007216400429166405,3.357753955924379e-05,0.0014393497571159686,0.0,0.0010363728321497385,0.003007278604500346,0.011821276131350339,0.00635895079980232,0.0012412714950544182,0.005619761763140963,0.012511262418002376
200105,0.0546513816915353,0.0054462454321290545,0.004158838215041001,0.008135228034643604,0.014959340748070881,0.011550481053734987,0.005354522586274055,0.007751406776678322,0.013063675457681891,0.006205166182276409,0.00015450615022998427,0.00029241185693108145,0.005566801678259835,0.012285653822446299,0.002153204127898616,0.007713876055597294,0.012389381693733475,0.0035706512048335544,0.0009743190932080945,0.0025069620325671835,0.0028885425900489993,0.003594756860000712,0.0017335358947181134,0.00023922793381623382,0.004667286326290202,0.017312545366627005,0.00020476701879913473,0.003985783868323079,0.0018344892306740757,0.001015735835637439,0.0011696556603904126,0.0,0.0002707382753010343,0.0015501715167822198,0.012789724885831022,0.007186709800063652,0.0010659981677861826,0.00015969389169669904,0.009490316614309312,0.00046820494323212127,0.006059884222593949,0.0013097736540178373,0.0011574434695138763,0.0032329939954502864,0.004034845719504053,0.0026421923249090725,0.0020948482006231616,0.004247571134647094,0.019004366329330506,0.0072967358209543275,0.011372557581466207,0.006605929738205347,0.040712031087660326,0.004118114845134381,0.002919312587256847,0.012838744557743583,0.0006465101871106257,0.0041468339703308755,0.000996038752233654,0.00022236248577945863,0.0006848323294331329,0.007498698476789201,0.020587388200344496,0.003639794393179016,0.0031859745488228785,0.007036238776243588,0.009115197185996309,0.012243703809165703,0.005740704849381823,0.00027770247159592513,0.01258535017348294,0.008636628295545519,0.006782255381547985,0.009932348389722083,0.005600313148555089,0.002153682061231174,0.0,0.003910035169782334,0.0044154566825256895,0.0055093903434121315,0.0055098407868502544,0.003336405167885164,0.0029124776195891874,0.0039904694047830655,0.022138043307300747,0.0012880200703520995,0.0011029340935628654,0.0170327312699622,0.0020359672793645446,0.0009176172361490737,0.005875767841662589,0.003224306933575041,0.002642109279509879,0.017893023469669613,0.0025480182938304036,0.009740947438100426,0.006198527136963358,0.0013335895221560183,0.004094689750312997,0.022707631702249972,0.01272645813384784,0.0009155830884391983,0.008289904615559363,0.0006591493300554314,0.0008947104549121052,0.00037457232803980657,0.0005474277305003945,0.0032299488322465627,0.012068040156740324,0.006568990931481697,0.001630906911598969,0.005195225388574941,0.01322438014154741
200106,0.053491311362574304,0.005658031374006307,0.003908307678157845,0.008260766766482509,0.014792208750235635,0.011495990211910006,0.004698401016893576,0.0072987534416552625,0.01288094194965337,0.006877385029350369,0.00012593996799596885,0.0006226252984766617,0.0037040442189370765,0.012595560049098673,0.0030270379602710808,0.007078538028375014,0.013386829793437985,0.0035026231912388046,0.0009114940630805458,0.0023530906706608974,0.0027562910298499135,0.0032155562594725655,0.0017252781575374174,0.00045895959827960093,0.004598689445680452,0.017491094774596122,7.712183100465633e-05,0.005048238736698024,0.0015314087654196074,0.0014435346851227446,0.0021416615375450965,0.0,0.0004951899225692414,0.0015869108621755846,0.010292722349687696,0.00687636597728427,0.0006142541802756793,0.000698573413820796,0.009687205665955838,0.0008973136626132592,0.00624129143717732,0.0014726535857042438,0.0008883082720413485,0.0013909588982174077,0.00369639573142843,0.0022932105395466304,0.002479318824689767,0.004180353923037217,0.027088756670121304,0.008410431696865367,0.012428461860676695,0.007525223056521074,0.03878624290745801,0.00331012528503169,0.0032377170832367914,0.011837029022756702,0.001257454116204828,0.004077403453569078,0.00039263570043560514,0.00011394848824749029,0.0005768853121706418,0.008094539419753691,0.02056955200023455,0.0036554681725475984,0.0028119119267341515,0.009455879670488374,0.008836001053392823,0.013173656253386885,0.005676482126946663,9.056550962604302e-05,0.012220887161151594,0.008328362330784893,0.006361710432908281,0.009778951500892934,0.005703081008966428,0.0023453552608318747,0.0005710297574073847,0.0041963951740909,0.004573444522913,0.005807739931997426,0.005179092859391492,0.0034750147641363824,0.005576385648277202,0.0031558901716856537,0.022032475458190395,0.0018309436312118712,0.0009238680235054496,0.025195880182773793,0.0020744343981242545,5.982211471826443e-05,0.005508585591135206,0.003052157501266654,0.002104830754380368,0.019904581133027913,0.002393777135739303,0.010401923725894643,0.006687498275022295,0.001586933726490443,0.0037319592970429106,0.019931404005638927,0.011345559220549832,0.001534037373470791,0.008191573354691466,0.0005695199471945111,0.001772200222191088,9.845605806521891e-05,0.0006781087789882843,0.0031407945888208646,0.011376950462922284,0.0068293797956677955,0.000498983600413056,0.005556914319522578,0.01142593179055405
200107,0.05230751414650107,0.005004465450058801,0.0031596087859780846,0.008111660136295948,0.01521013916138695,0.011586799076014847,0.004188604435998637,0.006795928569967285,0.012761762359259061,0.006492962226384715,3.13347421434826e-05,0.0002664645588229699,0.0046286484206010175,0.012065027978875013,0.00314849409484658,0.006745431485224263,0.01306085615972468,0.0035469951371724616,0.0009343231678818604,0.003249451428004184,0.003042309188041295,0.0029364106861932263,0.0016816261138900934,0.0002635550292502127,0.004548805277909853,0.017169293254766498,9.933292629762972e-05,0.004197025481299871,0.0014415369412850518,0.001460696838104035,0.0018143204710620372,5.392236218664105e-05,0.0004461177863596394,0.001838726281646912,0.010627854955236181,0.00696711065869681,0.0011600000098914733,0.00023636283228456028,0.009738539664041925,0.0007835169726962717,0.00607401094872928,0.0014875343522070081,0.0007921101279484451,0.002070810365738498,0.0037473876495263286,0.002470971829803836,0.0021507870742459873,0.004459588448713198,0.02604960126906179,0.007485346321640624,0.013008743227633988,0.008281226923470579,0.038066123337817434,0.0030347006265049807,0.0027778569432240665,0.012132523824794534,0.000837897669390539,0.0038549186281512386,0.000454639176495457,0.00029868142263919233,0.0007104936121096516,0.007971493012368987,0.019411691933385083,0.002593148330984325,0.0033360080770190106,0.009378201859863005,0.007664870523470106,0.01213082605762383,0.005648174659973681,0.00013392247952516455,0.012124925242202192,0.008292370496654164,0.00662013382803311,0.00972859002537799,0.005675217266928833,0.0023768008954844952,0.00024249755633283429,0.004539329544042195,0.004580007894263936,0.0056541555931300365,0.004790401183921705,0.0037914482024331464,0.004425390907462272,0.0036400314433036075,0.021844622534909788,0.0020218500542950302,0.0009387748196455966,0.02369169052833401,0.0024870437897713156,0.0004947133980660913,0.005328056137331112,0.0032596105294718544,0.0030462202154233507,0.02090690146853427,0.0021383634970560256,0.010027384499235868,0.0074248599753512145,0.0015036455383668414,0.004157689704078599,0.01953036063220002,0.011453538967058132,0.0014075321736242764,0.008628327003680969,0.0007214766469626913,0.0016829526380562293,0.000305093439791999,0.001169961287490022,0.0034726108157534384,0.011511922055147356,0.006756000722145238,0.001882106968530415,0.006442961307094121,0.013963568367016314
200108,0.05221669152847751,0.004931186143438237,0.0028219578196037307,0.008207378844268929,0.015262904516363555,0.011544561823305427,0.003741069759588351,0.007370513529188162,0.012516536679356045,0.00724185819138303,0.00024553246909207434,0.00033987888131333877,0.004631399553129317,0.011764133767967696,0.0038314023609667524,0.006694506375408965,0.013110984776652528,0.003567321593303755,0.001054240955973873,0.0033331595443108486,0.002848870084324021,0.0029260552584966875,0.0017795419876684292,0.0,0.0044351709355032656,0.01744198664153501,0.0,0.004579176996357195,0.000956183869652426,0.0013742039086417578,0.0013605526998580965,9.737026406764565e-05,0.0003439761149363258,0.002106344644524074,0.011513564252603747,0.006884423358375138,0.0009307109620839227,9.617841060017651e-05,0.009679180704412873,0.0005015455925089476,0.006170570417205018,0.0014432946611987881,0.0006054076082733636,0.0024320959688166055,0.0036123678405600187,0.0020186921038001454,0.0022540695002337256,0.004642203940019622,0.024765429867467405,0.008164191036760122,0.012637795193729309,0.009508175055865669,0.036933816684445474,0.0032016409549526156,0.0030168003699047484,0.011912582237506353,0.0016223189141089376,0.0040058450861562124,0.0006087171414762602,0.0003967126484562453,0.0004164827406203469,0.008384349549752009,0.019649966130267888,0.003146550109234706,0.003408966229205785,0.008960237285213349,0.008167228198837492,0.011899860863151606,0.005250505203471947,0.0,0.011969669381295758,0.00881221671312293,0.00649278329451998,0.010123425260392628,0.005733192131746877,0.0024098856890709956,0.0005854781739170143,0.004513647732224472,0.0050289161545767815,0.006201299212836916,0.004266204927604586,0.0037386619178266137,0.005040349863462267,0.004124985547998065,0.022017051723134354,0.0016908586054939772,0.0009470213084359019,0.023803957179540446,0.002647252320986101,0.0007154669477182532,0.005450064714264602,0.003039316459673944,0.0024157224449496066,0.021487139474903372,0.002423603573041396,0.010140417147638133,0.008282866448107693,0.0011598726674761806,0.004360203023720729,0.020298883393509718,0.011496385811187755,0.0014288117355645954,0.008400446566407586,0.0007438973120010833,0.001576063863844103,0.00016600260089783561,0.0010829859419222549,0.0033907057652163247,0.011115520140436038,0.006484089400598483,0.0011066329462160868,0.0072771566163588024,0.0132703608292384
200109,0.05162314103531481,0.0044005240591674846,0.0016904308709688456,0.008254778975112599,0.015521724269283995,0.01122773386983228,0.0029793737086854758,0.007274194568660599,0.012404763064828081,0.006804862593641404,0.0009654678594742177,0.0,0.0060031859148859425,0.011161819627549176,0.004303583232557345,0.006235868324705483,0.01288161342434298,0.00411549525106101,0.0011312294156126616,0.004448276033646309,0.003134883245896962,0.0027308911561634923,0.0017812568986781362,0.0,0.004543785814709502,0.017315551650135198,6.287799893712706e-05,0.003960319328549548,0.00016747302774506112,0.0016011776328882159,0.0006792545731498437,0.0,0.00027680974933985816,0.0024860404431000733,0.01111060465088389,0.006930958243357967,0.0010629327767836866,0.0005282859374653062,0.009440838939527194,0.00044003466854741974,0.005707465606262781,0.0016509921005745344,0.000426945468453518,0.0029145067359212253,0.0033333760378921745,0.00214543954941268,0.0018760713134815784,0.005211765323366466,0.03101597399426747,0.0069306849252294845,0.014840448026829012,0.010673992611481883,0.03657948451309764,0.0027778003617505874,0.0034877329584298796,0.012393874543501387,0.001253074803057388,0.0034568163814210563,0.0012155789654492988,0.00028797629611509995,0.0004882557351050502,0.008394456115596076,0.01897740307562174,0.002591782071279262,0.0042177026511246605,0.008453000601970082,0.006615075197943806,0.009480719722750644,0.005268318807529844,0.0004583524025810566,0.012056988368637798,0.008527319691457817,0.006322731846617928,0.009994844983619718,0.005754707267176976,0.002452556503474439,0.0004017323385718031,0.004841960844324323,0.00509775374332002,0.005911054917798818,0.003971735272833768,0.003501924124418785,0.0044984375014859015,0.003648640066692052,0.021642002222623264,0.0015851704472617898,0.0012406150787231368,0.03012087311666559,0.0028169351313862426,0.000334614527900043,0.005136896319954811,0.0031303096921372685,0.0032248430466248405,0.022076731803226616,0.002213606680331843,0.00986706275925723,0.008292132549730106,0.0011247086381468933,0.004413922245979476,0.020063016784616087,0.01241919071996414,0.0017805274931406542,0.008278195415289246,0.0009634107294069453,0.0007854264966605712,4.0566349924704634e-05,0.0013364696677975144,0.0034923641128538,0.01094997773720614,0.006768477201543223,0.0026975341616309566,0.007524007440724693,0.014894469722285834
200110,0.05060082598504423,0.004271519546746314,0.0013494648262565635,0.008071345081718544,0.015612571603141728,0.01116478741154556,0.002121176741944545,0.007688594864601523,0.012270131959670473,0.006344003379825504,0.0010491487520227468,0.0006781154296608743,0.007250153562644214,0.01047310482626972,0.004407878950295789,0.005945799129583448,0.012380065334991447,0.004377876120174543,0.001217157474096331,0.004533758340460503,0.0032560393558824377,0.00274185868861949,0.0018735095489090304,0.0,0.004546315657954106,0.017234437526132206,0.0,0.0029327292768176107,0.0,0.0017455078291717591,0.0010862757385840436,0.0,0.0004175524281438961,0.002566572221773317,0.010553420463492563,0.007103142508505425,0.001994384817048948,0.001335572651184289,0.009074217861433014,0.0006492026386476957,0.005369150360353398,0.0022538889821824425,0.0,0.004015564562836827,0.002995688303833992,0.00223181455663356,0.0013782688042147926,0.005524841611214071,0.031289699347845486,0.0063385068669612665,0.016242456578728266,0.011135079109407336,0.037241282852682925,0.0015198499087821853,0.0029942851824215936,0.011369830832664704,0.003326040277302269,0.004154347714367817,0.00148103479746786,0.00022345271311690303,0.00028260426346055024,0.008801192988200689,0.018088972444775774,0.0009997191686927324,0.0042015082825896995,0.009199975536748986,0.004803298029163976,0.008152840523187396,0.004957020794661271,0.0009726110393683776,0.011960761261266637,0.008257825531465342,0.006124419919700261,0.009979463504949253,0.005733816963873163,0.0023081642755178175,0.0,0.005020988942954261,0.005243077174553228,0.005492836607143908,0.0039139801508091526,0.00323896304837921,0.0035266563239693227,0.003354410113866571,0.02186995904265372,0.0014150558318657587,0.0007373613678743244,0.02908417043189002,0.0028873463978381537,0.0009104444660989354,0.005003509228830933,0.0033012754380666105,0.004055859797122546,0.021176169603537163,0.00246862265626129,0.00969821605949719,0.007965798696926669,0.0010271304155353943,0.004076649678126989,0.020335041771067888,0.013653662999049092,0.0019157684675228644,0.008448545553228324,0.0014420688124207209,0.0007001970424773889,7.431168269438944e-05,0.0013088884336965396,0.0036312832416690996,0.011590781167680501,0.007769941009792239,0.0037960214127596625,0.0075793368177212396,0.016260009427645303
200111,0.04675497774092783,0.004255021355538093,0.0011608282628906754,0.007856874220975965,0.015431921447695576,0.011845741517329873,0.0006830949317248815,0.00707277964348055,0.012082473326227668,0.004564432053601905,0.0010077749402768127,0.0014761390702804954,0.009829516604513559,0.009294513077591498,0.005147355653590346,0.005218746779211099,0.011901273543947061,0.00374820876184817,0.0014046087734663711,0.005333375001730593,0.003544643731801998,0.002768442052427276,0.002060948240822066,0.0,0.00456815335340461,0.017466688464983463,0.0,0.001741614030784405,0.0,0.0016840586913772861,0.00028537065002959966,0.0,0.0005224176793468653,0.002479230562927253,0.011501663268802536,0.007093424783208439,0.003249262513012656,0.0018949909535876574,0.00800654677984989,0.0008399050149853869,0.005077903222800819,0.0032576563182375546,0.0,0.00574372006164202,0.002969951038582754,0.0018827409053620084,0.00016336192238962263,0.006912133645768713,0.023945830029609164,0.00586229418672082,0.018044785072833663,0.012641544797834718,0.03825381488585986,0.000837923217049415,0.0026159906014475375,0.009879642130580537,0.004622329015816933,0.004379712058395732,0.002412428772041135,0.00010695891982244037,0.00020558092321581287,0.009056242217793994,0.01641127280880244,0.0015938540596171593,0.004320649578046974,0.010709460011808924,0.003929727796365177,0.007230446454493262,0.005210202867095433,0.0015585308511459365,0.011950084129298346,0.00828050174864395,0.006384311761143858,0.008575801029711663,0.005735478057773348,0.0025024532902586565,0.0,0.005717819844442689,0.005342822830754368,0.0053617949751181,0.003891992564776822,0.0026636699386161887,0.00213454538208457,0.0026612420039977065,0.02196610190558283,0.0015586474934624428,0.0,0.020547883399093532,0.0031904547032535215,0.0018655034265785194,0.005205828304217102,0.0035935410815647953,0.00535671141431275,0.018952637942988335,0.0030339523949793833,0.009927723781037028,0.0070532587217245375,0.0011214376925418172,0.0032698553671142135,0.022010878925771835,0.016026111150028995,0.001892166975619057,0.009022192950368385,0.0019044407762817891,0.0008040359031157169,9.72101143043514e-05,0.0009709224745550048,0.003982801148499667,0.012320666951684775,0.008548414446726592,0.0030758598864143835,0.007228943327532845,0.016235315708729017
200112,0.04379263655524984,0.003890043490681712,0.0007914292465730494,0.00783216748098923,0.015133870679795457,0.011878198326133167,0.00011292461423697338,0.006776011415670084,0.011314384160762072,0.0039021380768031076,0.0013834039458247788,0.0014372152223742335,0.011165066201993309,0.00848798361108045,0.005432605793492359,0.004408617503823785,0.011229726583012103,0.003503857676942787,0.0011902285344684896,0.0055777938372384,0.003836165808658257,0.0022562009427079524,0.002079559023759827,0.0,0.00463842525506779,0.017731905287198327,0.00024195115868925145,0.0003135566686928308,0.0,0.0019578879472437892,0.00033857706649293194,0.0,0.0007613825486895859,0.002266565564792533,0.011307033438992243,0.006948810495624216,0.0038544783843215595,0.0027031574462248187,0.007133582487544827,0.0009250761406838598,0.0043737730810929736,0.003823885620471938,5.48281046920917e-05,0.006423770772244551,0.0026389932858961063,0.0014727187228770653,0.00024098006185421125,0.007377322953079089,0.023423061086007523,0.006761851431492468,0.01781532473087329,0.012194075712910774,0.03941674960148231,0.002869971153550512,0.0021678690698674536,0.008713769601049647,0.007031074758984424,0.005761846194399462,0.002875699015147657,0.0,0.0,0.009793985773088976,0.014806446052457322,0.0040800438443905065,0.0046626936480619,0.01226946663941794,0.003556698657522029,0.007187799148965764,0.005977087872984439,0.002297516150940335,0.012047052020434367,0.008351061339753007,0.006452398324010337,0.007692767828079899,0.005636626361497976,0.0026874434726931276,9.367844729797666e-05,0.006336040872738122,0.0056646559415138706,0.004447883997960545,0.003993988798784387,0.0025592041019807466,0.002191650926213308,0.002556362462862016,0.021439456711034054,0.001463989769878113,0.0,0.022465239349798827,0.003309912071793522,0.001823607627378884,0.005269626271924106,0.0039017018865929775,0.00605881227898249,0.018022728399182654,0.0035428091991735046,0.010605066057012426,0.007584189819510549,0.0013867310180409233,0.0029081335850933377,0.02226221044465521,0.016344650547652183,0.0021181838545106593,0.009518037565977173,0.0021134457606350457,0.0005807893557860518,0.0,0.0012582857977705309,0.004222338905907525,0.012873888215472721,0.009468811155610216,0.0007460142780553498,0.007589748500825985,0.015039013199934044
200201,0.03150932268737331,0.0023343843116964344,0.0007372924829105441,0.008020457154641654,0.014425174874331531,0.010167236402893068,0.00029147291393560843,0.008246040484711429,0.012840558726843527,0.005571900759079341,0.0,0.0013190344710292702,0.004282869532972031,0.011601182505704669,0.003687542098752465,0.0013947816637833717,0.012898251187458108,0.0027079822998307083,0.0003482975208087293,0.002541912266185848,0.0015117207087052085,0.0029004807667696877,0.0002770899482236066,0.0,0.00517408024562747,0.01652834080883945,0.0,0.0012105450612274972,0.0,0.0012632014761232134,0.0,0.0,0.0,0.0,0.004119419177443837,0.007306256747463792,0.0010894066535666446,0.0015524892976126832,0.009348841077516195,0.0,0.002265458594278549,0.002452736302268735,0.0,0.004419200625280438,0.002677557155039678,0.00261331996215281,0.0005870776125509647,0.005379875397868814,0.0023606006706113486,0.0037402041291158764,0.008712024567490973,0.009238383341616885,0.035378034888518935,0.0,0.0,0.004889337071200423,0.00304654947944112,0.0,0.0,0.0,0.0,0.007621081958648784,0.0,0.0,0.00235744249615884,0.0064620685677084285,0.0019666247527467366,0.004093399460990132,0.0039026129475612575,0.0001980799709107475,0.013329811730944252,0.008658182974551296,0.005300767392698916,0.009164088937604824,0.004793269807487365,0.0,0.002985324461471641,0.003447098934503395,0.0021633825390508154,0.003411969735160485,0.0034135789139447055,0.00116777923651937,0.0,0.0019689714067692462,0.021869620573517167,0.0001434215175835621,0.00019126730481386982,0.0,0.0,0.0,0.003266753586520958,0.0024348345474784353,0.0015426169286139877,0.021037984873870787,0.0013861507717901527,0.008058043808686766,0.0,0.0,0.0,0.02003867679848929,0.010826741836497716,0.00010573461146734221,0.009726437645404007,0.0,0.0,0.0,0.0,0.002901403904302239,0.009473980103546564,0.004303656754301007,0.0,0.002252157749171244,0.010420743936286026
200202,0.02865861941495419,0.002246842351908536,0.0006759482034584171,0.007771153751542665,0.014642671834394773,0.010168725756468863,0.0,0.007812334646351779,0.013243590234371449,0.0043381079905274005,0.0,0.0025939169431790825,0.004851428868759824,0.010690938222728479,0.0035859805371693722,0.0006476238618450213,0.013087067172079716,0.0008329829652831122,0.00022206743271948196,0.003154776350807169,0.0015024260148958624,0.0026888040981008134,0.00030895821246923737,0.0,0.004481216712494347,0.014501527572937824,0.0,0.001480365231162707,0.0,0.001222586437689828,0.0,0.0,0.0,0.0,0.004497133405813262,0.00823656666037666,0.0017361055112491512,0.0014393505358013417,0.008280520862805483,0.0,0.002602292325099193,0.0027857987208607703,0.0,0.005681392330027918,0.0024684218196261687,0.0024623924329393414,0.0,0.006290789313972405,0.0025891124423076868,0.00031445584691811566,0.010801986321429627,0.011502609830283119,0.03333287077237316,0.0,0.0,0.005468525352161796,0.0013666370595906234,0.0,0.0,0.0,0.0,0.008204405365758375,0.0,0.0,0.0026309552134118554,0.007693346997171157,0.0033259423154278576,0.0026534876618375587,0.0045748796793097625,0.0012063992262363631,0.013583595432358635,0.008800098745940623,0.004929940302823186,0.007232491249884424,0.004160380443386052,0.0,0.0030305806800182094,0.004259099926564682,0.0021159983189484566,0.003738459784055822,0.0031562967687169792,0.001237096983949963,0.0,0.0012695807107223293,0.021429824067131814,0.0003389162217037829,0.0,0.0,0.0007382474364716896,0.0,0.003796726327074672,0.0024745470045285742,0.002364651077617016,0.022484094494405422,0.0013530266058557425,0.0070777738097875095,0.0,0.0,0.0,0.020270822858485093,0.0128875092934592,0.0005213268277349917,0.008980705037399722,0.0,0.0,0.0,0.0,0.0033894175881572603,0.01012034374248966,0.0044452492601480716,0.0,0.0004191893093482359,0.010647733313106388
200203,0.027103755217058333,0.0023721450322324996,3.295596501999325e-05,0.008174083326999836,0.014469854954968222,0.010430480074835944,0.0,0.007332377912480793,0.012616219007392992,0.0034197707445942907,0.0,0.0027364496808621004,0.00498619769478278,0.010051368102227624,0.004152701243304621,0.0,0.012700122878797836,0.0,0.00016873133003895798,0.003845951208401806,0.0013340962783268706,0.0026325244132947524,0.00016264643497128776,0.0,0.004033338740583575,0.012740802038335526,0.0,0.001530536167082858,0.0,0.00125415546053459,0.0,0.0,0.0,0.0,0.0046776488237436605,0.008023536823724677,0.002091277874480333,0.001535876496976545,0.007028109253065286,0.0,0.0031476100417184025,0.0029816527582849296,0.0,0.006720864069218849,0.001971042041007009,0.0021560452128446977,0.0,0.006089584385801235,0.003640842390063961,0.0,0.011238917822226614,0.012191576683032506,0.03484548350449201,0.0,0.0,0.004770442548432085,0.0006604986858250508,0.0,0.0,0.0,0.0,0.009208798774403802,0.0,0.0,0.002614782279450849,0.010025865561987115,0.002340110904570992,0.0012008312164648218,0.005137391975926172,0.0018165236828506265,0.013476488814692848,0.008641625414830536,0.004745329860906092,0.007214059048232319,0.003933375264058715,0.0,0.003773129210424223,0.004347948612574009,0.0024950477595398154,0.0035234413572324814,0.0033562572814652553,0.0011304067590572028,0.0,0.0008309596035528227,0.020738376894124128,0.0005893706218264692,0.0,0.0,0.0023271574136190225,0.0,0.0037158891288702903,0.002643444880424544,0.0028761779094317493,0.021261226105391568,0.0013461751913526447,0.006554270349854625,0.0,3.446062777150911e-05,0.0,0.018709661561211344,0.013693716966441317,0.00037588210589393464,0.008678599987896793,0.0,0.0,0.0,0.0,0.003578168774601427,0.010606211911322053,0.0049868043895952,0.0,0.0006761916661950302,0.01153533781493258
200204,0.027298357831814092,0.002300103531164297,0.0003121679351466094,0.007887430718647538,0.01491889391799351,0.01025944353099979,0.0,0.0069184016289977925,0.012542377247778909,0.004474151990872453,0.0,0.0023809748317079817,0.003416737848997796,0.010637088439682517,0.00423261631074181,0.0,0.013262934090182008,0.0,0.0004272515614046404,0.0032336022718940593,0.001260338360614502,0.0028066789715635167,8.188549711698075e-05,0.0,0.004214137830440278,0.012420085096720875,0.0,0.000836234487677446,0.0,0.001228599348793891,0.0,0.0,0.0,0.0,0.0030104760964375873,0.00786203696302534,0.002604053301662978,0.001746523225642485,0.00763010613669681,0.0,0.003089637923440553,0.0029556905068341506,0.0,0.006588424304046584,0.0015210783076513494,0.002072960122494446,0.0,0.006052622212214977,0.0027133373595363435,0.0,0.009508775283645216,0.011176282856722813,0.033990462110928224,0.0,0.0,0.005106059794825862,0.0002493332139787907,0.0,0.0,0.0,0.0,0.007678858658513576,0.0,0.0,0.0025695432723301798,0.009161486136759414,0.0028781267109008433,0.0018863285934316424,0.0046968682439248455,0.0016388265446578005,0.013634035709850618,0.008862761527582058,0.004837072468128435,0.006628371866419858,0.0035395419511213043,0.0,0.003674791390608489,0.00417803584503772,0.0021976286821882764,0.003454603756988065,0.0032743814538706297,0.0011745677629820732,0.0,0.0012062685066106752,0.02097522428829841,0.0002152636447724745,0.0,0.0,0.001288362440600084,0.0,0.003901789621100642,0.002779681092336263,0.0026282149763792416,0.02226578209980617,0.0014729290383842682,0.006526909124876653,0.0,0.0,0.0,0.019218045275869435,0.011776032577626518,0.0007269587276656299,0.009032158602010626,0.0,0.0,0.0,0.0,0.003289183646927587,0.01043503266846809,0.005106067675397164,0.0,0.0008976150433178872,0.010967844296624058
200205,0.028123109601558467,0.0022659842058082753,0.00036670083237160396,0.008056974714203777,0.015062317200942523,0.0100441450822933,0.0,0.00695859516365778,0.012613303983206026,0.004563078210764005,0.00019343332489573674,0.0021746656003019194,0.003324682696554223,0.011131363812958218,0.004137993009878009,0.0,0.01340708809867418,0.0,0.00026099204342049955,0.0031874406513093,0.001229839732606545,0.002720859246639821,0.00028466963087700253,0.0,0.004249235563557307,0.012834042273126851,0.0,0.0012108122892868086,0.0,0.0010140466934366185,0.0,0.0,0.0,0.0,0.0030630664389106692,0.00726716741737416,0.0023480908768887996,0.0018733344020681298,0.007545103590541768,0.0,0.0030948035793823317,0.0030016604841139475,0.0,0.006219835673545799,0.002058444836646571,0.002047337648205183,0.0,0.006214833316541583,0.002932544787173779,0.0,0.0103704646384951,0.01128541375718132,0.03446849382153733,0.0,0.0,0.005782007202786273,0.00019981217223838976,0.0,0.0,0.0,0.0,0.007894302298861696,0.0,0.0,0.0026695983010882975,0.009346450459515232,0.002623266590431984,0.002092606991174552,0.004664225015906781,0.001616444289757304,0.013676633716688091,0.009192401577672985,0.004740371476264126,0.0063058084977074625,0.00349653346448642,0.0,0.0038870901078678897,0.0043128168752071495,0.002313824879935595,0.003732256645989181,0.0032424391711243024,0.0010960993224633862,0.0,0.0012110256316154946,0.021109133166265195,0.00035666260531280546,0.0,0.0,0.0011939054671385087,0.0,0.0038964856757138073,0.002974754488697903,0.0023631453888736335,0.02252233694372814,0.0014301498971471742,0.006514662833952164,0.0,0.0,0.0,0.019132618357535377,0.012120401687671315,0.0008958017242278664,0.008916729601671823,0.0,0.0,0.0,0.0,0.0033491052446335333,0.01016648419539163,0.0051714136111282024,0.0,0.000916765211992313,0.010673669115792974
200206,0.028146355367768147,0.002173335840617094,8.648940590458519e-05,0.008096973269737894,0.015104330337823482,0.009694885650069297,0.0,0.006565179452456804,0.011831493217388932,0.004782361047846626,0.0007209393846530024,0.002840542203138071,0.0030436376694803692,0.010940188866308247,0.004456479142227024,0.0,0.013861008859875373,0.0,0.00016239952388447402,0.003440262733869672,0.001320955261872312,0.0026378020186911357,0.0003613341404212125,0.0,0.004023940966728969,0.012383245008033708,0.0,0.0006600064802168583,0.0,0.001036643141285041,0.0,0.0,0.0,0.0,0.0020622385949032335,0.006387197638871916,0.0024352258594927396,0.0019235956732538142,0.007086987571991488,0.0,0.003490009699678054,0.0028572529272746935,0.0,0.0057728129069833534,0.0023299062490538263,0.0023617259276953145,0.0,0.0064958720705759,0.003059536820561521,0.0,0.010643695845089899,0.011246625901156692,0.03452264082430415,0.0,0.0,0.005700829092002632,0.00017301407977829574,0.0,0.0,0.0,0.0,0.008018871290238231,0.0,0.0,0.002821752215126806,0.0098860720715175,0.0023133711336479346,0.0014635577359154528,0.005020388385695697,0.0017914665692766827,0.013767304324482406,0.009433584634525882,0.004832633006898551,0.005963817240470315,0.0035479833397861257,0.0,0.003220698091906714,0.0043554784237422135,0.0024337723047768416,0.003779311513352408,0.0029678708091108257,0.0008890772414015039,0.0,0.0015509926862316526,0.02076393029263358,0.00040661797516332966,0.0,0.0,0.001503778925786503,0.0,0.003732266952886807,0.0029261556095503353,0.002381920158853445,0.022251645511086434,0.00148252855008949,0.006211432761405541,0.0,0.0,0.0,0.019183599415225273,0.011780517728065005,0.001178278760808793,0.008920355918960343,0.0,0.0,0.0,0.0,0.0033919307625561407,0.009947415454661258,0.005246663442899758,0.0,0.0010159936171978043,0.010703589652919092
200207,0.028391951770589327,0.0017879251990058093,0.0,0.007664251898566309,0.014875234331605607,0.009122373074009375,0.0,0.007264314437520215,0.011793312356151265,0.004253724577561105,0.0006647985509115769,0.003164885615988416,0.0032081237599711028,0.010742090331679917,0.004909411810264865,0.0,0.013461898233843637,0.0,5.374915801762078e-05,0.0038069949492090882,0.0010194838451725472,0.002814230230568235,0.00044241695944652483,0.0,0.0038924479701893597,0.011906390757047691,0.0,0.0013301822997468203,0.0,0.0006108049755015771,0.0,0.0,3.11370684971526e-05,0.0,0.002728681891548056,0.006198105876782345,0.0026377447537097713,0.002211945640196478,0.006113733068667658,0.0,0.0035976132939623917,0.0024390383319044108,0.0,0.006139780538276937,0.0021327509412539867,0.002692132910328027,0.0,0.006534527692583301,0.0035106054252231618,0.0,0.011240439351023626,0.010903804347247125,0.034511380991120146,0.0,0.0,0.0049669993121061575,0.0002259041956702793,0.0,0.0,0.0,0.0,0.008758035153369566,0.0,0.0,0.0029456571857422,0.011168313312757642,0.00209223190845029,0.0013090961264608273,0.005552393973033839,0.0020351014738740868,0.013866899083046665,0.009549879218366074,0.004854993416919063,0.006099248907302047,0.0037448308880450483,0.0,0.0023932967087087345,0.004170854040946021,0.0026330341542800196,0.003970585395730996,0.0028121329848088718,0.0003106010629820558,0.0,0.001116514183490903,0.02064993166112115,0.00021683286008600228,0.0,0.0,0.0021997572628184273,0.0,0.003619857617458913,0.0026917501760374443,0.0027624751239955893,0.02184802615073672,0.0017998792629804698,0.006079510379972634,0.0,0.0,0.0,0.01927931676471104,0.01203359997942997,0.0017877487711783502,0.008964473691887288,0.0,0.0,0.0,0.0,0.0032675339797046763,0.00988445436164425,0.005343461077780155,0.0,0.001063214822378828,0.010666484164465624
200208,0.028584452980347615,0.001832593431607973,0.0,0.007375865688094445,0.014677252106196574,0.008848409588379612,0.0,0.007878707982883012,0.010810845638710367,0.003478986966184781,0.0006337578499374735,0.003749790877795782,0.0037680007546008185,0.010445432885051847,0.004762377530440621,0.0,0.013192548992530362,0.0,0.0,0.004228638839502268,0.0008772244189531147,0.0029511193570425404,0.0005833771688658064,0.0,0.0037034282308856608,0.011139143485681964,0.0,0.0017917671347737025,0.0,0.00030859048116744174,0.0,0.0,0.00019515217736401142,0.0,0.003167799252867054,0.0055022588377563585,0.0030987492782893226,0.002590433826606202,0.005511508233859243,0.0,0.003732949731612925,0.0015998500835711733,0.0,0.00638285451944768,0.0022383636720090514,0.00248827045242536,0.0,0.006547921426746239,0.003581784461309174,0.0,0.01174663822615972,0.011455790712137977,0.03496187250712385,0.0,0.0,0.004171241215969553,0.0004523754816618898,0.0,0.0,0.0,0.0,0.00920627848812001,0.0,0.0,0.0028769265252009723,0.011959310268566808,0.0013989744251850995,0.0006766996031172846,0.006193023392947826,0.0022135101985842364,0.014166940774940925,0.009216316195358235,0.004928148989350694,0.005596181681447031,0.003358059584027974,0.0,0.0025270739524643968,0.003949457672716348,0.0028198184991129437,0.0040430745050884466,0.0028408844940114365,0.0001865560435759776,0.0,0.00037372394135381896,0.020212724389458883,0.0,0.0,0.0,0.002634507765058295,0.00027137213875091454,0.003951090967643293,0.002330139869154331,0.002964459239825336,0.021597875845782318,0.0018260821210199813,0.005828323953627643,0.0,0.0,0.0,0.01890349399725295,0.012178896968901997,0.0022504799281956203,0.00866789093523026,0.000467902989550793,0.0,0.0,0.0,0.0031633301599188492,0.01023411883682338,0.005311098714005575,0.0,0.0011045533094793728,0.010575636164058357
200209,0.029374394979276592,0.001566458804810996,0.0,0.00735779839774633,0.01483411813776257,0.008633235250622399,0.0,0.008463133101092238,0.010396939220735368,0.0026330558778073884,0.0008901559951215157,0.0033951789272845807,0.003946915685936552,0.010055301135837455,0.004910163110298307,0.0,0.012824622052042411,0.0,0.0,0.004542500308488579,0.0010073395902940802,0.0035348087335494017,0.000788820268115022,0.0,0.0036421638290816843,0.01089725980353881,0.0,0.0026951532906257666,0.0,0.000126111688232949,0.0,0.0,0.0005745929761931563,0.0,0.0036151334817007457,0.005220966814638514,0.0035913288635847467,0.0028709302153822063,0.005153619931907732,0.0,0.003498910691384318,0.0012152928676171099,0.0,0.006792619052955879,0.002467518923637032,0.002645029641546107,0.0,0.006744618656405164,0.004074717258495979,0.0,0.012034562412248456,0.011456159559766348,0.03541948363087164,0.0,0.0,0.003126182236721843,0.0005916432805941654,0.0,0.0,0.0,0.0,0.009930964752272268,0.0,0.0,0.003195603584649004,0.012795071043992587,0.0013621406217622825,0.0008348738975524597,0.006793919122067345,0.0026663225942443903,0.013969912039007106,0.009137207282131769,0.005128610664434833,0.005958558681767225,0.0031859904767742465,0.0,0.0033899683066768898,0.0035470310532349637,0.0031731323876693814,0.004076078075511067,0.0024318731890590633,0.0,0.0,0.0,0.020148013217120633,0.0,0.0,0.0,0.003103513239649436,0.0005575704676822658,0.003967896381069745,0.002063492451104582,0.003141251382477892,0.021124228703828907,0.0020204101479790945,0.006055866497618694,0.0,0.0,0.00020077003594688557,0.01803715240567548,0.011953231321031748,0.0024025897066705416,0.008979868886855426,0.0006331776305876916,0.0,0.0,0.0,0.0031350114657779067,0.010567232087583717,0.005473130054831059,0.0,0.0012486538400823606,0.010481672142802613
200210,0.03019774058909309,0.0015460165414478628,0.0,0.007795974770507859,0.014818538823083394,0.008784599382162852,0.0,0.008554058211452017,0.011384525905478697,0.003967873252327567,0.0009263595164863421,0.0027704915302469786,0.002305127569688469,0.010997138588809036,0.00452695510934565,0.0,0.013696258357512404,0.0,0.0,0.0038817964819053137,0.0013504665482137388,0.0032409336268075855,0.0005537645016769077,0.0,0.0035501539032285526,0.011120651058869776,0.0,0.0015461868172736975,0.0,0.0003437324982781192,0.0,0.0,0.0005890355520793681,0.0,0.0030784643942222646,0.005997989846957449,0.0034630264907899145,0.0022126527927694823,0.006434414464885017,0.0,0.0033882166061181126,0.001247767413731467,0.0,0.006755581240687239,0.0020575664222910015,0.002809257004933148,0.0,0.006917159069514901,0.0026564127200465193,0.0,0.010301217045060356,0.011191712729830317,0.034253553077170824,0.0,0.0,0.0033176342857080617,0.0008283284109820302,0.0,0.0,0.0,0.0,0.008271695331529445,0.0,0.001504427760475292,0.002851207131869531,0.011486664661837178,0.001341702711077909,0.0003918347715861785,0.0064897791821494485,0.002133319180712691,0.014001076306366144,0.009308611077499163,0.004896736476968063,0.005540637562165997,0.0025254629710351377,0.0,0.004192577441751951,0.0035669985988604257,0.0027991902806298796,0.004380604804987606,0.002874542375652051,0.00015872811887778223,0.0,0.0004259493995607602,0.020913093745955316,0.0,0.0,0.0,0.002394902350794975,0.0,0.00410752575277107,0.0025567591002825826,0.0028148968970433223,0.02242739356258139,0.0022850708793994865,0.006323563825256762,0.0,0.0,0.0,0.018719690967162785,0.01105202482121876,0.0023221192691939107,0.009061923943912078,0.0,0.0,0.0,0.0,0.0032775071340755586,0.010410259134276732,0.004826057649782695,0.0,0.0010548176984158891,0.010019054005193737
200211,0.03135354571383016,0.0017070550238544478,0.00010716724578224753,0.007932878867941574,0.01495981943275817,0.00884120824763401,0.0,0.008368829257636344,0.011952472149846835,0.005111973605484759,0.0009304292436218615,0.0029762566967701707,0.0014435368495803028,0.011295081236366543,0.004649433449870461,0.0,0.014499540558134606,0.0,0.0,0.003458411478930152,0.0010687834698986517,0.0031265391959889727,0.0,0.0,0.0033717137462891157,0.01167377333018245,0.0,0.0003396706246822077,0.0,0.0007399174388914849,0.0,0.0,0.0003056472854420498,0.0,0.0017719386680867374,0.006550524123500333,0.003491196739668871,0.0016282625736650756,0.006931909433744452,0.0,0.0035402942489821863,0.0015725544309892474,0.0,0.005808815734104641,0.001831864597989573,0.0031508601077932037,0.0,0.006434628249560642,0.002998124617153148,0.0,0.010213651822667492,0.010525587376798292,0.03488387963888619,0.00022068725946837252,0.0,0.003174951214211526,0.0011986935618456716,0.0,0.0,0.0,0.0,0.007446044794510956,0.0,0.0008749430546119933,0.0031456442749657363,0.01215083638765866,0.0014578999813149118,0.0014770060722523644,0.006542608793563245,0.002115851402499327,0.014487228035048037,0.009616801789693378,0.005077548707132646,0.004929947405741489,0.0024760412670598595,0.0,0.004552987033545055,0.0031186150133365913,0.0028113823206269858,0.0043885268317099355,0.003256131409291174,8.212717348243379e-05,0.0,0.0015908560816327514,0.02153075016050986,0.0002633694723922412,0.0,0.0,0.0022719381585459405,0.0,0.0037628984232730405,0.002736134601768264,0.002835249385785939,0.02190480933335157,0.002214974444846365,0.00615284908998946,0.0,0.0,0.0,0.01968518152215421,0.010902488872948705,0.0019841265382764166,0.00886778219328314,0.0,0.0,0.0,0.0,0.0031257289042382987,0.009902224850407749,0.0051124613871460075,0.0,0.001300059593121177,0.009834421767541015
200212,0.03167252190736569,0.0019178698232543232,0.00019713345783676272,0.007890563789945838,0.01515637840183323,0.008632017997233683,0.0,0.008687013445523918,0.011941827504966645,0.004710362330914197,0.0007481492672683433,0.002270708935942018,0.0005754341017020139,0.01169390753585707,0.00432625176178097,0.0,0.014463774318288342,0.00013991663997465,0.0002037403602828285,0.0035402298768839172,0.0010857143230618962,0.0033296730375907014,0.0,0.0,0.0037087975627116848,0.012457348597926769,0.0,0.0009229490857469785,0.0,0.0010050334880143794,0.0,0.0,0.00036000333730174547,0.0,0.002294416225805449,0.006159393803168634,0.003453334101185685,0.0013308382573299373,0.006973942129593902,0.0,0.003524051583238661,0.0011580677000120423,0.0,0.005846040134616174,0.001689686479404343,0.0032823229908834615,0.0,0.006106058847323584,0.002046841299234272,0.0,0.010264283136774997,0.010185801124841508,0.03529303679295193,0.0012556838925869575,0.0,0.0030757472613139928,0.0016807571868101426,0.0,0.0,0.0,0.0,0.00746873230643224,0.0,0.0018096008219679579,0.003261866552444307,0.012530036533896725,0.0014631574062484876,0.002385676834030766,0.007029003561575797,0.0023713307830070824,0.014242719758889438,0.009480327732718036,0.005239501464152563,0.004739245255488208,0.002406349633456892,0.0,0.004925513004640507,0.003833132418985697,0.0017026297888485054,0.004215509440879432,0.003749383887980858,0.00014549335062140776,0.0,0.0015713464195483806,0.02204668835919027,0.0004051377184470515,0.0,0.0,0.0024974208797200565,0.0,0.003799897930665283,0.0028091589109145165,0.002907105072366608,0.021457408176235086,0.0021753912467483926,0.006900620748409536,0.0,0.0,0.0,0.01942623274383151,0.011116625960566959,0.0020213611577889604,0.008983466774806666,0.0,0.0,0.0,0.0,0.0030317528401659108,0.009614972790471464,0.004847205201593372,0.0,0.0008856105385561211,0.009052428625795248
200301,0.03140775054828571,0.0015355410715541618,2.9637193377533446e-05,0.007842485731364751,0.014986797441537742,0.008117446730817199,0.0,0.007799720688349763,0.012400333056831657,0.003923552316524568,0.0,0.0030303050367429174,0.0004474191506927418,0.011526181833212764,0.003958287150842562,0.0,0.015086149433156561,0.0,0.00015013389263606006,0.0037985880241976416,0.00039423616950336936,0.0032559040585204563,0.000266524128337338,0.0,0.003386808510869418,0.008738547544490122,0.0,0.0004248595771016704,0.0,0.0005147123831682147,0.0,0.0,8.233449449816776e-05,0.0,0.002034345637645133,0.006793033687910018,0.003672461903092188,0.0011459443358467166,0.006929198824345257,0.0,0.00396601782675381,0.0010974371818332812,0.0,0.005783083667920636,0.0017326069486992756,0.0036318795674429864,0.0,0.006147916645138641,0.002470174211829292,0.0,0.008030079274264867,0.010374279571150781,0.03503697344303674,0.0011218623323814019,0.0,0.003258172347500381,0.0,0.0,0.0,0.0,0.0,0.005002516965310566,0.0,0.002003538565803019,0.0030258638145524755,0.01410077956742726,0.0,0.0011852816758374013,0.005862048168191715,0.0019130300972017655,0.013665182768869404,0.008237003399164698,0.004603881254404866,0.004165770241519365,0.0020001456740380286,0.0,0.005553841819704936,0.0031613269433966125,0.002252318300681533,0.0054747985623076105,0.003782505215887117,2.3455630766630786e-05,0.0,0.0009605528048336934,0.022712766905332134,0.0006397258394833403,0.0,0.0,0.0007382399094859876,0.0,0.0035142167483911734,0.002428962625254817,0.0030588670217068683,0.019824044973447506,0.0020063898730353154,0.004690718581960231,0.0,0.0,0.0,0.019694489647974926,0.01051375159916876,0.0021998067402771142,0.008811655511924194,0.0,0.0,0.0,0.0,0.003318775221762465,0.009345819681121319,0.004268636795949999,0.0,0.0,0.009111643146584684
200302,0.03146164843312329,0.0014054013090565418,2.1840195859075114e-05,0.007741260085328935,0.014684097000837146,0.008106609189220808,0.0,0.007577468042713408,0.011588626651381793,0.002758288194986381,0.0,0.00318645419660316,0.0007277479228223455,0.011261741380116246,0.0042393898867584085,0.0,0.014739384232036388,0.0,4.6158508672297725e-05,0.004176002892683735,0.0004950728907302453,0.0033586205252766834,0.0005365426321758736,0.0,0.0031338048316720637,0.007432525889809431,0.0,0.0008869661159749379,0.0,0.000392885882958993,0.0,0.0,0.00014515317544020983,0.0,0.002269797384618327,0.00614746374123194,0.00402063530846604,0.0014553392681437808,0.006418029879426256,0.0,0.004291663777091631,0.0008385469118433339,0.0,0.006244358145653731,0.0015835816872716004,0.003400683340742498,0.0,0.006227066306775723,0.0030057723963169947,0.0,0.0073549633958547534,0.010793191582498526,0.0353322217511074,0.002415788699991821,0.0,0.002385344827600292,0.0,0.0,0.0,0.0,0.0,0.004585621777323633,0.0,0.0019033759160934608,0.00302365026928719,0.01578462051162944,0.0,0.0017521412634316992,0.0055998369496472805,0.002109157380106634,0.012928284126005964,0.008186271815290063,0.004298596847916596,0.005225005689168332,0.0013672892645966532,0.0,0.00585696071355754,0.0027183662748035613,0.0025098043618014478,0.005579932243930907,0.0031745443870107907,0.0,0.0,0.0002660807323480349,0.02202338770345768,0.0003719961823442883,0.0,0.0,0.0005440010785052818,0.0,0.0033107043328982,0.002122405280277255,0.0031037003900466764,0.01996665597985133,0.0019514426115099968,0.0041954195052919885,0.0,0.0,0.0,0.019031268512994713,0.01005389663923464,0.0025728624897896238,0.00899364451091416,8.639048846953619e-06,0.0,0.0,0.0,0.00325769940789821,0.009858779783422311,0.0037969656789145017,0.0,0.0,0.008862808757487928
200303,0.031482349414760705,0.00170456721860651,0.0,0.007437335712134845,0.014642721653439304,0.008408061224489576,0.0,0.007430201593076282,0.011374831497913844,0.003421266985295304,0.0,0.00326219951154397,0.0004938053005462861,0.011192616743685328,0.004029187288870837,0.0,0.01473484997141201,0.0,0.00033520115373362173,0.004458337141143019,0.0003702733818737938,0.0030007727446234294,0.0007471917809852727,0.0,0.0031053661085204205,0.00767165625360912,0.0,0.0005766566889360308,0.0,0.00037231098688384433,0.0,0.0,0.0,0.0,0.0017540479981981872,0.006001520865775324,0.004170055195704,0.001019392560407308,0.00648981058568736,0.0,0.004602873613693149,0.0007271978621291007,0.0,0.005965980064601129,0.0012834744446527323,0.003534466577598252,0.0,0.006175383741599306,0.002666133681198723,0.0,0.007812268504753764,0.011117739220061859,0.034959412033370205,0.0024097010100385995,0.0,0.002545221981372919,0.0,0.0,0.0,0.0,0.0,0.00445477932219607,0.0,0.0014932771541144078,0.002926876999019347,0.0164597707736261,0.0,0.0017015725002052643,0.005694863981128302,0.001944541882093013,0.01297076433980938,0.008260518110608106,0.004417254764648119,0.005164135655411303,0.0011400427440332618,0.0,0.005662719999370187,0.0025098575197114795,0.002863856546567315,0.005344046352718986,0.003195487937082265,0.0,0.0,0.000542424875916576,0.022148031893801857,0.00015207516068646072,0.0,0.0,0.0013253657078297844,0.0,0.0030340126812020444,0.0018615381459439538,0.0034804343915008367,0.020152945658724008,0.0018746896182204194,0.0043365118942946725,0.0,0.0,0.0,0.01925798886492542,0.010107692490306373,0.002346759861595616,0.008987848561485632,0.0006129761345534557,0.0,0.0,0.0,0.003210602093842815,0.010022729673315812,0.0037112993322590596,0.0,0.0,0.00788723187844503
200304,0.031446091249572074,0.0014351523745146932,0.0,0.007863071960650529,0.014911224739114194,0.008555948112528506,0.0,0.007132833393934241,0.010861030777789996,0.0028112531298647887,0.0,0.0037285401009740328,0.0020379187562134435,0.010690303867300879,0.004262996278384874,0.0,0.014295962297834554,0.0,0.00045939196998970685,0.004456077113010623,0.00034015418142743374,0.0029519322662548125,0.0009171319114228536,0.0,0.0029721340764999947,0.007380642721738927,0.0,0.0013578345817205726,0.0,5.590916746184848e-05,0.0,0.0,0.00010250490850158266,0.0,0.0022129692784485506,0.0055105647968833795,0.004377395109496946,0.0011367293842463723,0.005743889908171888,0.0,0.0044300767913779595,0.00021718730742083768,0.0,0.006151119205052703,0.001524633330148546,0.003944852503322516,0.0,0.006331069886985935,0.0011702433130091321,0.0,0.009217319865617794,0.011611878962373099,0.03372009660199852,0.001740268695195431,0.0,0.002438330645891779,0.0,0.0,0.0,0.0,0.0,0.004828076998438458,0.0,0.001954270850900657,0.0031300775350454175,0.016895902024651632,0.0,0.002218795561148966,0.005570894979764927,0.0019689570101177447,0.013808818122236185,0.008106698318040385,0.004409215760518589,0.004025675869767446,0.0010846072172496835,0.0,0.005287997328685777,0.002965326781738632,0.0028377917354417996,0.00549784751607067,0.0029462030010685967,0.0,0.0,0.0,0.021281939538937412,0.0,0.0,0.0,0.0009457165115343474,0.0,0.0030282930865615566,0.0017730204306834426,0.0035106716372860156,0.020568679885228272,0.0019372239806260605,0.003944399913079677,0.0,0.0,0.0,0.018923991285046456,0.010355061720337367,0.0025884189979140946,0.009250782422534257,0.0005998609208503499,0.0,0.0,0.0,0.003152467567507598,0.01050815933293983,0.004049499131145475,0.0,0.00016846482041869842,0.007368244181351553
200305,0.031232156452980043,0.0014665620354947322,0.0,0.007765883119992553,0.015027860853727898,0.0085029411519713,0.0,0.006651394391714982,0.010246469701674367,0.002530800905020821,0.0,0.004140287103792519,0.0022921720350281144,0.010464262987298538,0.004538774095963227,0.0,0.013805688345562225,0.0,0.0003192012021899633,0.004638119453730019,0.000238167181051518,0.003174882155260719,0.0009527999387795077,0.0,0.0030096788874356003,0.00721530065120589,0.0,0.0014400281301293917,0.0,0.0,0.0,0.0,0.00016151874650033337,0.0,0.002124919849579644,0.00506922210621883,0.004581935801089773,0.0011971628127991935,0.005268321598987187,0.0,0.004334839935733601,0.0002716172828103583,0.0,0.006544492425019559,0.0013784449740099508,0.003980530894439233,0.0,0.006162534339897786,0.0,0.0,0.010554056183749093,0.012085380520540312,0.03400792579715525,0.0017306348424407727,0.0,0.002377276795372103,0.0,0.0,0.0,0.0,0.0,0.0045976039169267355,0.0,0.0017343442203447746,0.0032074742603191075,0.01749566805864259,0.0,0.0026967773331190528,0.005807343126835233,0.0021722171333256315,0.014049468594335035,0.0077213418585320385,0.0045000132353640605,0.003980295837478022,0.0014453374383914706,0.0,0.005211445488922913,0.0029303825453872736,0.002496389071713173,0.00564249233991263,0.002806834832638095,0.0,0.0,0.0,0.020893972440401823,0.0,0.0,0.0016688611027622093,0.0006543558159182557,0.0,0.003064290622011078,0.001781592606537953,0.003569411168708009,0.020328915616602196,0.0017872791273598817,0.003909827397684725,0.0,0.0,0.0,0.018738418402953476,0.010626203659988537,0.002539378680183849,0.00914540178404117,0.0007591287411419756,0.0,0.0,0.0,0.0031236937940023446,0.01086245626936777,0.004346652905288584,0.0,0.0006605263846738666,0.007595614369959654
200306,0.030332988154312575,0.0011768833435104502,0.0,0.00786042901941069,0.015052771466247089,0.00845969959665924,0.0,0.006264766535654831,0.009410897650665386,0.0020598026361040955,0.0,0.004410152606481086,0.003002182257532579,0.009567464844120905,0.004646783783567479,0.0,0.013058838573258645,0.0,0.00022211166183646914,0.004542892174047368,0.0003581543049101087,0.00326077084632984,0.0010202754659454191,0.0,0.002852606677039174,0.0063481406265734515,0.0,0.0019187842373682596,0.0,0.0,0.0,0.0,0.0005453974799610943,0.0,0.002098623721890475,0.0044656677476004525,0.004655090350529862,0.0009783699865040158,0.004803011928120354,0.0,0.004627948555666646,0.0,0.0,0.006488915048438811,0.0014358870225886142,0.004153491392861028,0.0,0.006314673520972082,0.0,0.0,0.011633685704448123,0.012852991647285244,0.03422808782300896,0.001165660474734821,0.0,0.0019481276519933799,0.0,0.0,0.0,0.0,0.0,0.004085919300377926,0.0,0.0025264837918080423,0.003586331194984294,0.017179319769329876,0.0,0.002493706951853048,0.0062484653536721635,0.0024668735825627524,0.013328715813233964,0.007706321411365304,0.004697119135641618,0.003702031701316448,0.001456278243779769,0.0,0.005433195741960517,0.003162384598101743,0.0018072872951532387,0.0055997913171800025,0.0023672489795423047,0.0,0.0,0.0,0.020312934393294377,0.0,0.0,0.0010669528989611012,0.0,0.0,0.003236364467271057,0.001488491882348639,0.0033100696445174777,0.02000495617565024,0.0017459238788493387,0.0036268689708492162,0.0,0.00018968812568177505,0.00023573645815018728,0.018371244353691397,0.010038909775548239,0.002836161757113597,0.009342099560945064,0.0008954267459876946,0.0,0.0,0.0,0.003084590318672819,0.011218217627266701,0.004767354116252855,0.0,0.0012742448089459364,0.007249938264154494
200307,0.03089156453093283,0.0011054908410912869,0.0,0.00746538465989844,0.015020922254665142,0.008534260323194117,0.0,0.006551220401798453,0.00928050223596175,0.0018523315206548905,0.0,0.00406641426056075,0.003647767849400795,0.009832510209365451,0.004678267423415326,0.0,0.012994131503802266,0.0,0.0003646930336941537,0.004409778913606295,0.0001684193882680888,0.0032472945851826484,0.0011847502657006375,0.0,0.0028746679685231844,0.006505714951419881,0.0,0.0021700285007174762,0.0,0.00017549947547157533,0.0,0.0,0.0005068984081384895,0.0,0.003031046824209682,0.004200971843506243,0.005002918383736459,0.0011549110837780403,0.004805348852331028,0.0,0.004767014742078205,0.0,0.0,0.006570306453800761,0.0018392854039648249,0.004200564531888197,0.0,0.006408213715048017,0.0,0.0,0.011748779830211682,0.013179782150704034,0.03426971285442108,0.0009308185940131598,0.0,0.001604242484121602,0.0,0.0,0.0,0.0,0.0,0.00448402338457693,0.0,0.0025462420786553047,0.003330582151991036,0.016515026321639266,0.0,0.0020879716846468966,0.006244392711312196,0.002637375379436233,0.01336916174088615,0.00763704181540453,0.0046841442681604195,0.0039541946257004084,0.0015506730511494402,0.0,0.0057682856319163905,0.0030930092964854836,0.0018087966411805521,0.005192376116494633,0.002474502546862902,0.0,0.0,0.0,0.02022308460288248,0.0,0.0,0.001329469786820316,0.0,0.0,0.003254981104431881,0.0017157127296445207,0.0034817865399465876,0.019848777515144887,0.0019683396296924496,0.003527477333835784,0.0,0.0003425292429905654,0.0003141321798740232,0.018643909228587153,0.010198919726909098,0.0028716083853425893,0.008832619899930092,0.00036768929332582574,0.0,0.0,0.0,0.003298263298093347,0.01128273879718925,0.004556233169131858,0.0,0.001028764975204532,0.007330761529145807
200308,0.03149064019263564,0.0007469429835138465,0.0,0.007466720481735493,0.014882133681959323,0.00840770869587399,0.0,0.0069167070269981965,0.008951089630123263,0.002125530831366198,0.00021370910709600236,0.0036612489962735933,0.0038615312606432545,0.009868731376369682,0.004505426860263472,0.0,0.012904030376901644,0.0,0.0004860454656239321,0.0044180017841032645,0.00035547689398355284,0.0033447472086971797,0.0013468245679794327,0.0,0.0029878985040141938,0.006863595827563509,0.0,0.0019878896179997877,0.0,0.0002746602354488795,0.0,0.0,0.0006596959424889458,0.0,0.00323073354560305,0.004089294939303724,0.004968408009185192,0.0011835346938656268,0.004701862974350723,0.0,0.004580467597363123,6.168959197024071e-05,0.0,0.007167810930164224,0.0016283337188560468,0.004427630203290348,0.0,0.006537263963368797,0.0,0.0,0.011491361914217369,0.013098367044853548,0.034284617740602374,0.0011518033817283124,0.0,0.0020397244754821256,0.0,0.0,0.0,0.0,0.0,0.004775720916501261,0.0,0.002913206908757491,0.0034870981070052455,0.016979180863281693,0.0,0.0023734891155196966,0.006400833716857546,0.0027701901800202306,0.013174759575040827,0.0073179904288626285,0.0044660450570457744,0.003881351860731851,0.0014123787048487926,0.0,0.005720288544678828,0.0032240902498968677,0.0018111670135304596,0.00494604825439971,0.002149436429268557,0.0,0.0,0.0,0.020769131860590605,0.0,0.0,0.0005957497948815339,0.0,0.0,0.0032123631478618154,0.0019229599906169343,0.0033617477562258823,0.01984188655052105,0.0019167559797290696,0.0036787474449650965,0.0,0.0005015507625515663,0.0005032611464650637,0.018777697150503692,0.010360067980396582,0.0030547227025777388,0.008843759442770677,0.00039720462039992405,0.0,0.0,0.0,0.0031413580282641006,0.011455764405054308,0.004614003660544835,0.0,0.0010739773723748654,0.007099218261615493
200309,0.03087025267164166,0.0009216632074121565,0.0,0.007410651947399581,0.014920154604990268,0.008102768534179926,0.0,0.006815117343753911,0.008154366375127743,0.001714988002825372,0.00028240130251689174,0.003641155222819087,0.004111027097796082,0.009766085278238565,0.004253286250000963,0.0,0.012381172619253759,0.0,0.000851800853034413,0.004120779332220896,0.0003338497550709279,0.003280794770143117,0.0014360768572552415,0.0,0.0033925296933681125,0.00617615282131297,0.0,0.0020699463137843015,0.0,0.0003468719029203076,0.0,0.0,0.0006753204915650987,0.0,0.003552255248487556,0.003367567082418141,0.005116356926070554,0.0010565090023376968,0.004288963403025068,0.0,0.004909961340918214,0.0,0.0,0.0074081729842576305,0.0014502383902072083,0.004641576864225559,0.0,0.00673944210712309,0.0,0.0,0.011898722251161538,0.013757919745014884,0.03431013932415698,0.0013136144079138404,0.0,0.0010019449042607924,0.0,0.0,0.0,0.0,0.0,0.004964817743217334,0.0,0.0027926195126249573,0.0032999138931592057,0.016814826338395296,0.0,0.0020187975271796885,0.006530059499400057,0.0026990930955757475,0.013312542019679937,0.007179004503916656,0.004408123307655767,0.004488479351527337,0.0011749894762550495,0.0,0.005582820436088299,0.0033128025471866906,0.0012951953334909988,0.0046341206082727935,0.0022661379799806245,0.0,0.0,0.00036824677989045264,0.020429619876288982,0.0,0.0,0.0011747072248465909,0.0,0.0,0.003125760314544504,0.0018657764938513977,0.003607063094918669,0.01985142332697096,0.002055614214265375,0.003387142772817871,0.0,0.0005299527066205712,0.0007691390661299728,0.018443885537662616,0.009910360872129587,0.0034636493942329983,0.00878492613186344,0.00047075805742228513,0.0,0.0003766295440506108,0.0,0.0033677482237618847,0.011018631097169737,0.00497535048485177,0.0,0.0012366916638788387,0.006971367825326906
200310,0.031023910161994454,0.0009623002084524939,0.0,0.007565872344164934,0.015118569005849758,0.008383966687528513,0.0,0.007015177925697041,0.008779266731660568,0.0022803234467261863,0.0002135386850291543,0.0031411391820998762,0.003398622944809265,0.009799115953120703,0.004519008966182992,0.0,0.012766317780590852,0.0,0.00043343004373983267,0.00437943920419169,0.0002257830841995476,0.003081225297989062,0.0013669194983267484,0.0,0.003227885155148792,0.0063397964474919246,0.0,0.0013094522352119337,0.0,9.609622975934552e-05,0.0,0.0,0.000565682298378429,0.0,0.004055811973008883,0.0037485844359359693,0.004766620019860153,0.0017036551349223278,0.004388303399124168,0.0,0.004531480149896634,0.0,0.0,0.006963048852556934,0.001618045037205035,0.004928039041279588,0.0,0.006819681116962344,0.0,0.0,0.010219658533856757,0.013101734998872057,0.03398350365697384,0.0015441740648441948,0.0,0.000908064128388615,0.0,0.0,0.0,0.0,0.0,0.005437289803513799,0.0,0.0031184080528142816,0.003376791695474265,0.017271769578128617,0.0,0.0025984578704585314,0.006430598232195243,0.0024942839978434567,0.013324335064672265,0.007254943578127303,0.0045500983302066205,0.005311423510597491,0.0013142901628656347,0.0,0.006086254681837117,0.0031202136557316393,0.0015884305392029525,0.004354638561284737,0.002333151769073902,0.0,0.0,0.0,0.02119903711980405,0.0,0.0,0.0005076453533336433,0.0006459167596681196,0.0,0.003208070000808732,0.002288728221135077,0.0033934031956874317,0.020629472016927955,0.002185936164144644,0.0033650951425027416,0.0,0.00028140536576693625,8.631786063658253e-05,0.018407656620905027,0.01004125184010055,0.00335778164181018,0.008834420978599485,0.0002920547022359394,0.0,0.0,0.0,0.00330277133724292,0.011313038406247155,0.004469572961747607,0.0,0.0014196616762355918,0.007510407147260702
200311,0.033631116399043856,0.0003796997567079342,2.8208310367120142e-05,0.00806256043408036,0.015462307127203166,0.009093144490843306,0.00024977712889038726,0.007850068534179497,0.010886106445203339,0.0031535344738785336,0.0003189307489394734,0.0023586924534029835,0.002302503485867664,0.01101442782791921,0.005157140254438976,0.0,0.013763568050747684,0.0,0.0,0.005128187433216552,0.0004335913716753512,0.002819860670716129,0.0013714466717087669,0.0,0.003243957640818037,0.008520079083669753,0.0,0.00087154250429448,0.0,0.0,0.0,0.0,0.0005887033047740131,0.0,0.003516410936003863,0.005020184716262733,0.00486672981123503,0.0024590420256791323,0.005416538182727761,0.0,0.004217716255105562,0.0009267513663354608,0.0,0.0066115127352605685,0.0012884005262031662,0.004700482571318867,0.0,0.006299221389882014,0.0,0.0,0.009363889200270419,0.012357179843126523,0.03561198818926168,0.00013902467980569835,0.0,0.002378864661566055,0.0,0.0,0.0,0.0,0.0,0.006997448239846402,0.0,0.0033359012358022563,0.003433280518201166,0.015269962929480515,0.0,0.0024561104549941106,0.005538147694980185,0.0020302379041547787,0.013212008356115152,0.007597384345486171,0.004366113641045557,0.007005038644332447,0.0010963399502108002,0.0,0.006212068074297478,0.0029409435521360965,0.0022522229942146524,0.004318302771993018,0.0014677454557753308,0.0,0.0,0.0,0.022213723189526812,0.0,0.0001809685212399722,0.0,0.0014752843301882174,0.0,0.002986533269986042,0.0026889916607311863,0.003614047404152765,0.02007164291154473,0.0019842600319218305,0.00462545191621639,0.0,0.0,0.0,0.018694256427492516,0.011049863879646932,0.0031715614893809965,0.009010832575792738,0.0004739962059956519,0.0,0.0,0.0,0.003038926851581042,0.010776594884812305,0.003728991551746849,0.0,0.000951736688142454,0.007921648617871877
200312,0.03309306477562641,0.0006189646805439644,0.0,0.007952436805854245,0.015302383787529378,0.008685335536394018,0.0,0.007811126590514956,0.009948776024172736,0.002068509983520495,5.41224455046705e-05,0.0022913133538216917,0.002687815756001151,0.01098574540046528,0.004996526698517003,0.0,0.013483862411069669,0.0,0.00029093712263576164,0.004829712406141577,0.00032860445310025656,0.0030379983890879213,0.0015566858904619287,0.0,0.0031047935256897636,0.0074569750741589474,0.0,0.0014312268555241817,0.0,0.0,0.0,0.0,0.000726812865265503,0.0,0.0034028337989119,0.00435716680298998,0.004890294119905781,0.0018906899446380506,0.005097023575746461,0.0,0.004502427054041835,0.00047549248191266884,0.0,0.006664517139622046,0.0011344837494892642,0.004525486715460413,0.0,0.006721926048344207,0.0,0.0,0.009962693614840196,0.01248348741475249,0.03467091034813086,0.0006960620672481476,0.0,0.0013491985313250736,0.0,0.0,0.0,0.0,0.0,0.005814815985208278,0.0,0.0024353487403110177,0.0036743257657249513,0.01589954650482877,0.0,0.0026619718420491643,0.006262818540865678,0.002325511600293401,0.01281284898828989,0.0078069740764832194,0.004118709443719914,0.006835264431129823,0.0006784319482703238,0.0,0.005821614020323306,0.0027419936955471458,0.0021698698391178347,0.004212526326002393,0.0017570097679127932,0.0,0.0,0.0,0.021740886864675114,0.0,7.20174098908068e-05,0.0011219699263109394,0.0008726794056229814,0.0,0.002870796378649161,0.002232607199388692,0.0038056584319563795,0.02114294969320683,0.002018147699250357,0.004093001233831869,0.0,0.00016047023246711136,0.0,0.018513946303253943,0.010505693677688728,0.0033054642058726273,0.009079392058629038,0.0006778978394085836,0.0,0.0,0.0,0.003105441051713356,0.010997522024025534,0.004010536639185365,0.0,0.0010821394741271678,0.0076836756793298875
200401,0.04580724393765329,0.002871917713192292,0.0003348629093613435,0.008903565515670927,0.015820132205239906,0.010957506511302586,0.0036212424458595565,0.007572900662572091,0.012174218646540167,0.0022503906712056676,0.0005548057412532587,0.003153070830294181,0.004853391001568137,0.014080981670983308,0.004987005622447172,0.0001935566932437948,0.01415581290010436,0.0033827038379129933,0.0014678260275162614,0.006853398007693643,0.0020567655324437556,0.004188696699700932,0.002781815722563207,2.587257813186899e-05,0.003668143003522845,0.00993460022958997,0.0004151427122362836,0.0022223914259989737,0.0,0.0013539946633719705,0.0005730401317856302,0.0007972253485663597,0.0012934483296270557,0.001016730760313187,0.006939584824195881,0.005814617096688267,0.007289315884438922,0.002522072146457793,0.006781330796386723,0.0011021823837437442,0.005408402618266747,0.001621826854480552,0.00015321891627319352,0.008529983473853473,0.0019373169312052621,0.004693616233254734,1.4503200516487686e-05,0.008154633561553526,0.000914729710946295,0.002822480625296106,0.01916688148585362,0.013145425398036483,0.03535001560114203,0.004408438715587537,0.0025589018622962155,0.003302617241609449,0.0019001957032216336,0.0,5.291614153164733e-05,0.001111626476877318,4.25197413859542e-05,0.006780546644935119,0.004825613873866922,0.0015006573639473428,0.005341673439380202,0.021948724357698856,0.0007110477900930138,0.005828532199711907,0.005820081604043343,0.0033548172395050082,0.013851635079927283,0.008593058407445363,0.005903340214145835,0.0072020038461855914,0.0025347219788321666,0.0016359677577336145,0.006478946245685861,0.003776981434329849,0.004299117592879017,0.005816769522396808,0.00308552184151619,0.001719538161022257,0.0006062699925835625,0.000725987142182426,0.023151052356158313,0.0008095183328765915,0.0027495723653340066,0.003879292774633481,0.002820257712771993,0.002069117533254837,0.004851399524488986,0.0036432796091082913,0.005276917707994019,0.02140783772159405,0.0025728433624160325,0.0060114085294551015,0.005175334462543897,0.0018821959485276318,0.0027662052777684396,0.019217351114745602,0.014797155032289577,0.003955081784328891,0.009377492314399534,0.0015487331587720964,0.0009483597707045202,0.00020056267351155962,0.0008185167957545966,0.003996388890965868,0.01233881094426725,0.007742601958007927,0.00699859395803111,0.006756268452078224,0.015208774744760985
200402,0.044885364563292396,0.0026632047067404263,0.0006149237921218765,0.008830644816519498,0.015766010293248513,0.010935306829478034,0.003389003919538665,0.007721144776188599,0.011740613190753126,0.002603209178428085,0.0005680444775360209,0.003434926391626405,0.005093374802187922,0.014160620098975833,0.00474722176746693,0.00020711829992232507,0.01402847770797893,0.0031513807396361367,0.0016096168247909737,0.006664545765402379,0.0019327879267822473,0.003904473245583716,0.0028201820374856297,9.374290738827831e-06,0.0036178800812383585,0.009476459819894678,0.00044194131549007385,0.0023422563084507402,0.0,0.0013135562942152676,0.0005388336216018456,0.0008659538574530896,0.0013878831563687059,0.0007515846071502936,0.006705588222910483,0.005508994896824857,0.007297976320939431,0.0021654352713843836,0.006775774110355616,0.0010923628425890922,0.005249829224814987,0.0013002220999737226,0.0,0.0078870972744266,0.002155529705203676,0.005141242248240264,0.0002849624152110325,0.008686768367951642,0.0018779974643263005,0.0029617800795311163,0.018970242821232115,0.013297953949572273,0.03501397081267379,0.004590101645438381,0.002339978301761128,0.0029929187067053195,0.0017059792452551537,0.0,0.0002165794083302568,0.0010445001933300903,0.0,0.006556265756636075,0.004309067528920459,0.0017914167882806802,0.005739020998757893,0.021366725235822854,0.0007911929878584204,0.005303932985704776,0.005739016649289154,0.003702979483939292,0.013877870592153386,0.008908818421215365,0.005807501200235836,0.007392079349539867,0.002533667209694418,0.0012870285257385893,0.006575195833359856,0.0036967620051675345,0.004209071157554899,0.005775542919311032,0.00308355793907572,0.0015436734492140047,0.00022360545816966032,0.0008729725731976035,0.023110486358342647,0.0007828298036292866,0.002482074671061545,0.0046535216422244775,0.002618863618331134,0.0020440294850367488,0.0048480910510705225,0.003644338395669622,0.00561294671220902,0.021134526182947505,0.002596239138507698,0.005469952550530767,0.004649867485038665,0.0018871271129364937,0.002626408413425102,0.018885396931232284,0.014819440953295912,0.0037293124167581443,0.009309498438108518,0.001328310403715082,0.001356547087185954,0.0003995633861877589,0.0007704247636074769,0.0040047667255850555,0.012255055587882771,0.007708239646361293,0.006909643298848611,0.007135351473423494,0.015657325518195892
200403,0.044236859940395855,0.0022283643181192107,0.000571184842370349,0.0088582917146216,0.015872011193962234,0.011275053783962765,0.003399747284392009,0.008164770040455054,0.011412086070563892,0.0027205199873584556,0.0005536452154362933,0.0028270435818795853,0.004856837687147264,0.014343856607206214,0.004809639803644629,0.0003479122968872372,0.014222535708154585,0.00328018259074396,0.0015599347680914286,0.0067958829733388935,0.001827508768904235,0.0038354615662911473,0.0032224342299746094,0.00014900648011850079,0.0035648889445004067,0.009217154394107495,0.00029548519403550246,0.0023640771324953793,0.0,0.0011027336456983787,0.000966669522450595,0.0008904128543084858,0.0013921666770560779,0.0008496619002257892,0.00647774754778073,0.005391459607560697,0.007125581179704391,0.0020941530069707266,0.006488288814878895,0.0012084345669809637,0.005273716829605929,0.0009791444634181265,0.0,0.007698318829864438,0.0024233558892420015,0.005182959348638749,0.0006207178324975114,0.009058290742377354,0.002527492991961395,0.0034373827377650805,0.018930852439649974,0.013373871686478788,0.034668397482899314,0.005047764061755173,0.002099242917017215,0.002346624230384289,0.0017927633519844934,0.0,0.0,0.001138689139298095,0.0,0.00669552299240035,0.0030845243568686474,0.0018851637899910357,0.005668880458190693,0.021778945828036286,0.0005741078275819063,0.005478035933899452,0.005555442615548164,0.003912625420631062,0.013885881617426193,0.008825148020536385,0.0055711984688633235,0.007282373305955754,0.0026314139926457304,0.0012611498388191325,0.0065654097564612456,0.003705672750146463,0.004058031748884553,0.0061404942662537515,0.0026839653557871076,0.0015415002591449842,2.1851270207027653e-06,0.001072688589474811,0.02340753321227297,0.0008079480405829177,0.002433223379219544,0.005056559759236522,0.0027144637704984813,0.0022050424913334036,0.0049570454390656365,0.0038144716867662917,0.0052380303448886275,0.021053338593763682,0.0027381046509790826,0.005465739162858277,0.004568204749288505,0.001927256298733146,0.0027279243442653693,0.01870651041500416,0.015061942052675345,0.003694366949463486,0.009386992427979102,0.0012901086198974102,0.001958312145243386,0.0005830910159661324,0.0006393404486710912,0.0040494382108943305,0.012555092955100357,0.007930258741307534,0.006991617431746181,0.00751931253928475,0.016082708130615502
200404,0.045748030910939645,0.0021851784553986674,0.0005722012662452554,0.008881305036926397,0.015789024869409602,0.01143136985401383,0.0038949009352835687,0.00832700486089666,0.011951467163887777,0.0035565667792800426,0.00041125968598195703,0.00258899991922804,0.00453579135787638,0.014397383959194382,0.005069781018251853,0.0006321431791827124,0.014522658894653673,0.0038931573701884,0.0015521981327732807,0.0062955682274225535,0.001987094640371025,0.0038827436099565195,0.003301853830969183,0.00019782380914906675,0.0036854120899194034,0.009491765752678684,0.00042299901524827516,0.0021609375201366394,0.0,0.0010887551773500828,0.00027122893562143166,0.0009982177203903474,0.0013931790976370833,0.0009487300550948322,0.0060316264253766,0.005894041479635985,0.0067731832862097325,0.002264160421662065,0.0067769013036775615,0.0013045467969031868,0.005101597433287346,0.0010628018241821875,1.0218652980476926e-05,0.007440762247853569,0.0024206722862664854,0.005194097751994238,0.0009291935654551664,0.009309157421597932,0.0,0.003398700475967532,0.019140473986679188,0.01361232673525299,0.03485520200238766,0.005402401781816283,0.0017181094313488236,0.0021394265731333054,0.0023882327015799253,0.0,0.0,0.0014017616256099482,0.00037173211820316465,0.0073129253264525,0.003039975589695671,0.0020157017321649285,0.005833656198951753,0.02170989742300092,8.835277486678242e-05,0.004696050702457389,0.005213247427375909,0.0038004240879423988,0.014318582932355058,0.00879815839752888,0.0058473253216475155,0.007079132933060626,0.00291878217349177,0.0014084527334407358,0.006575818167004773,0.0036298504452547766,0.004276435810514577,0.006229051530816075,0.0022340802848808787,0.0015338190330449319,0.0005749788843229031,0.0006811342258306711,0.023612582138633143,0.0007684568884308999,0.002418585970410544,0.0022783868887728213,0.0032236640531008815,0.0019718217382358335,0.004681723272330184,0.003948540945474647,0.005022260921906028,0.020854295350400946,0.002540287556400791,0.005237692012324627,0.005608972235506255,0.0017672117762065767,0.0026345470465931617,0.018683337552747002,0.014422753457643064,0.0037473331443247937,0.00928486014024875,0.0014783222556442228,0.001872017488837172,0.000643847970950187,0.0011092583769696561,0.004007434714054344,0.013324561315502203,0.00732028140339655,0.006925788069265976,0.007863296181898653,0.015845180459262493
200405,0.04821175749800872,0.001712019424101547,0.0011029532472602484,0.008942242503114461,0.015737480124368427,0.012653113456931984,0.004349545349804769,0.009286730392326999,0.013015751147935021,0.0047088016965875085,0.0003654788044773538,0.0019071288935761242,0.003504236706832906,0.015824009728544083,0.005421109289443874,0.0024524414914739922,0.014806473230984623,0.004849157347336827,0.0013514763960582408,0.006289676265214594,0.001690879690555039,0.004256220419765599,0.0038258448366721375,0.00026744443482809837,0.0038748430960403295,0.01121736601645428,0.00016366550435158045,0.0025417538792755273,0.0,0.0006869809896948995,0.0,0.000990030887290135,0.0013780646841990577,0.0013045143440574857,0.006924792711171246,0.006712982166065276,0.006705711785929538,0.002616499961823301,0.0072375013946334565,0.0016887453777016017,0.005418809636676199,0.0009607610438006384,2.719992908468212e-05,0.007894139111656876,0.0024655913376645327,0.00438151674681317,0.0013422358519837336,0.009298326621427797,0.0,0.0030408859195402626,0.0180385162224592,0.014441153940773593,0.035310785404781955,0.0059537007130683215,0.002588180872919112,0.0037428576547699007,0.0027884874638962583,0.0003165740938478133,0.0,0.0019502134021895637,0.0006265119011158818,0.009247171519462078,0.0022606121174767618,0.003006133965460537,0.005471194201813024,0.020881586096369913,0.00027327951614723685,0.0037866551867844715,0.004447883597611349,0.003743696524218966,0.014350597949227675,0.009387221661143192,0.005521177221877428,0.007084430204235054,0.0035225575294075117,0.0017962279174988122,0.0069292407191537024,0.00370382603522376,0.004777920039345106,0.006212693870926841,0.0011068447211305562,0.0010205227382491693,0.0010305061416488826,0.00040488806647827243,0.024486090386457004,0.0010217609109486802,0.002013679503210406,0.0017624156250665565,0.0038709069329280602,0.0018570666435633856,0.004683079401139186,0.003880965989310978,0.005211507909830254,0.019885451350278013,0.0022726114553815236,0.006027544208587838,0.0068172055424940295,0.001502151715965612,0.0018290076477367938,0.019225137590702532,0.013911845579408149,0.003885552863363306,0.008948657229416802,0.0024392654398787774,0.0030002008896228127,5.3467177682968614e-05,0.0014432423407315968,0.004046489053647026,0.01349493605717859,0.006302235875097851,0.0059210899917873094,0.007506126219978974,0.014858236668114174
200406,0.04840395215696052,0.0019156764052566668,0.0009183734339167529,0.008817340188502963,0.015744196734731108,0.012701644427287806,0.003937083667793242,0.008881148618705302,0.012592694267742682,0.005085320277258456,0.00014825988992644786,0.0019293346106593076,0.0032658680451343293,0.015690391618228588,0.005957874079175909,0.0030310282501240663,0.014790941810153653,0.005136314587490141,0.0013995056376916932,0.00655430895132407,0.0022076583873659765,0.004341427920077852,0.003801432214953178,0.000302403289414705,0.0040307031906983695,0.012050808275627016,0.0001142549348717428,0.002956654537196628,8.370320549055215e-05,0.0008081659898919426,0.0,0.0009440204936792923,0.001529215173124069,0.0013629324416496176,0.007342856334769921,0.006244454804233999,0.006788226406907265,0.002515400120930031,0.007161614613666838,0.0019515566423047742,0.005965824312187157,0.0012515639894785924,0.0,0.0079170906496445,0.002494668468053104,0.004420467224730906,0.0015603178516264392,0.009404029464335016,0.0,0.002803293335638527,0.017634816993276233,0.014103272492751694,0.03541568842447058,0.006246985861706894,0.0023625526848091044,0.00380607596929648,0.0031628207023114015,0.0002792436111745937,0.0,0.0024365898476398796,0.0006621177210449291,0.008977351420932905,0.002403071934528989,0.004081181335525576,0.00546239231394661,0.020400374840465283,0.00049927646829112,0.003906605730441253,0.004762493614423919,0.0037913915960064216,0.014171944911470103,0.009531119141607753,0.005527079095932944,0.00706510141604154,0.0037037736796985206,0.00199167454955754,0.00671526579156996,0.0030840844271499347,0.005507666796036017,0.006511639435207236,0.0005251512169815827,0.0007235670613192394,0.0012553108399212562,0.00048075164046042516,0.02414790632343034,0.0010045375188923176,0.0019454630814751293,0.0008306004509791555,0.004084676175206069,0.0013843867672770048,0.004607935503457579,0.003910187467888997,0.00503768268836646,0.01952342743735867,0.002038900673055894,0.0062259170258477685,0.007216453478446344,0.0015999878144847231,0.0015310478913411981,0.019100111946753696,0.013649924946095513,0.003593568598275052,0.009082865816750609,0.0033397817333749935,0.0030122744671666614,0.00026698244448659713,0.0015480342959612455,0.003923748032675653,0.013876784758528096,0.0062490103738000145,0.005483416579131352,0.0072799468211998605,0.014117552021189543
200407,0.047628525195371356,0.0019004660099203494,0.0007798084299598678,0.008397217783040364,0.015798563622070144,0.012615692384263239,0.0036563327006231446,0.008620586429842368,0.012585759212155545,0.005368264905102673,0.00010195563531563466,0.0025332172475456185,0.0029077856308530412,0.015528136470809011,0.006177561761479536,0.0029738707619203168,0.015138310734206736,0.00482154586036475,0.0015853373220970737,0.006763940196362236,0.002439546897905922,0.0043499346184762465,0.0037409331980509854,0.00047284084451751785,0.004072165286028257,0.012033245394836162,3.953982221299754e-05,0.0031491634046917744,0.00010532762812988695,0.0007777817335842881,0.0,0.0008446517361613686,0.0015405262093188972,0.0014758531507992401,0.008387870454939184,0.0062586168996860885,0.006699640566790047,0.0026230786768822348,0.007159014272320652,0.0020821942181246836,0.006074860500136604,0.0017730250427815258,7.661038367135303e-05,0.007904555959996949,0.0026275478425946274,0.0048663970018264745,0.001560215635985213,0.009419902658504791,0.0,0.0024768574356229746,0.017910467910482727,0.014055288381921766,0.0353377821990932,0.006163792029577288,0.0022098015364659905,0.003828856746823159,0.003421962331198147,0.0008954409005186873,0.0,0.002416431862120253,0.0009168293161959859,0.009153800196127397,0.0018995687980589637,0.004245669216084628,0.005334831650303229,0.020475871022030315,0.0009386560327091643,0.003957227996107388,0.004688836250192234,0.003701172645924087,0.014022214192032369,0.009421793121170108,0.005267333314530741,0.007008680359818971,0.0036735462440070452,0.0018632846979742513,0.007262612010226884,0.003032006154841155,0.005391218896153794,0.006642448549889523,0.0005156004400783407,0.000714527040942136,0.0015053266955820258,9.78276283551407e-05,0.024117625195555242,0.0011017020251404418,0.001770165139859098,0.0004992125638775695,0.004653473634433528,0.0013981333935258067,0.004615284424452042,0.004053607499943818,0.005014552869853526,0.01934213596807017,0.0019566450753246796,0.0062180167195913585,0.008416295917728765,0.00167696474526959,0.0015975897124526884,0.01892773427935248,0.013767366329701033,0.003478827974491829,0.008969361701644613,0.0033677910495634737,0.003250926039758178,0.0003726796869742917,0.0016004562163079174,0.0036626380929289473,0.013901050837279102,0.005848811553799112,0.0054209014032772064,0.007735599819267485,0.014188631885243122
200408,0.04668757679390141,0.0018133088268956642,0.0009889177979363513,0.008301018750782044,0.015626811509404818,0.012208885588876428,0.0035209222756259974,0.008035536587089238,0.012534155185783376,0.00516477628955492,0.0,0.002517012006866685,0.002774951647294033,0.015648672190752284,0.006421684675234078,0.0026439595541702236,0.014966597543228044,0.005106287202818385,0.0020940499320874465,0.006453999352881161,0.003014869764703468,0.004689707086082425,0.0035634915896270943,0.0005465541053788779,0.004117147558987304,0.011828801390887126,0.0002815393997173422,0.003066967609074158,0.0006821874174661542,0.00023106527504171702,0.00013471099974051232,0.0010328136776112553,0.0015640034627966539,0.0015906895706628372,0.00884081037934416,0.006565234326694293,0.006828012773602047,0.002680639504109572,0.007164640592158444,0.0017218973142750368,0.005899904085514065,0.0019043243841564395,0.0002543328912908991,0.008216989234372234,0.0025326264542598897,0.004668933654236035,0.0015870434303424084,0.009627641504350559,0.0,0.002134486600992639,0.017677401863405707,0.014070493468209138,0.035622181054644354,0.006642927632603384,0.0023163715688395226,0.0031823432280030173,0.003512445139591714,0.00032510681560637034,0.0002925458667191864,0.0021849180801470297,0.0005897639682966278,0.009102145339032917,0.0010570533238028357,0.004409151966809646,0.005454999299477622,0.019957095995704235,0.0017357226758505325,0.003927953547239339,0.004659727796652426,0.0041774944193628686,0.01422033840234052,0.00972965980246611,0.004921304533397134,0.007347468244921727,0.003787612947511667,0.0021203276920730295,0.0078038660858855856,0.003042050556560974,0.005128087071428916,0.006745021150270059,0.00022026241363664323,0.0006642132807224558,0.001767842917564474,7.1441228076137e-05,0.024329608705409136,0.0011199180286592676,0.001724312626741066,0.0,0.004867276084948152,0.0014109338004639756,0.004563587726975064,0.0040838943694258235,0.004875148809019857,0.01883933364808419,0.0018415595904714582,0.006279082454600697,0.008636630900806139,0.0014680374662511902,0.0016648443112186597,0.01896123659515861,0.014100633252977026,0.003879276128825029,0.008908785759823998,0.00399494722317457,0.0033563193433549976,0.0007283661339700549,0.0013286892476871137,0.0037528814706031203,0.013834772294587626,0.0061645718841496985,0.005765249670850898,0.007791182470080166,0.014364362216547782
200409,0.04663604292002817,0.0017394381049141597,0.0008696740151598835,0.008067873749918823,0.015555432662601535,0.012502275262642226,0.0033131516911969906,0.0077354602382316805,0.012400210995847063,0.005312147307055156,0.0,0.002196090574193004,0.0026875304061170302,0.01571571959311324,0.006714246453076943,0.002532418034156647,0.015215095642064943,0.0051957419793469215,0.0020588116149422,0.006654857201835568,0.002776682668484395,0.004530960899799849,0.0036355498943270626,0.0006579329987218424,0.004252506591299175,0.012054112904574631,0.0004681764563085505,0.0033770380879896613,0.0007469076573162418,0.00011069118260778977,0.0,0.0008313454752618352,0.0015328641646733233,0.001989421273805946,0.00799550717616827,0.006411954349363561,0.007134413532667997,0.002761783780510552,0.0070877128825501704,0.0018204418528901054,0.006131753158341867,0.0023934231806254217,0.00011786942283521575,0.008668049767761348,0.002573873607111655,0.0044153578021464525,0.0019366795737699393,0.009962251059711083,0.0,0.0027200152740206834,0.01842225077309263,0.01407484304728699,0.035694413574597295,0.0067606953448941355,0.0023955396830022267,0.0025505208387845892,0.004000299043281289,0.0,7.158810453592834e-05,0.0021550147136361803,0.0006965569588863737,0.009326574149491295,0.0006074494694102685,0.00433741832594241,0.005629075662572293,0.019658974210559673,0.001970265191103156,0.003858671348204591,0.004503037159434433,0.0045510916214351535,0.014119248630384575,0.010073330161529472,0.004842770075936804,0.007231369316087816,0.003980228855362915,0.0021841746530690603,0.007771619881340515,0.0026041174350941707,0.005419049485467064,0.007007226549858744,0.0,0.0006737936586610182,0.002386730216046233,0.00043383658046081185,0.024948628513831887,0.0012530021976975038,0.0016414537199791817,0.00019270418991274086,0.004699293472868628,0.0011856844455252551,0.004488351240645039,0.004261873671226499,0.005220732051844016,0.019022886526000513,0.0015217862777712934,0.006384899393973902,0.008622351804176526,0.001596041617749222,0.0016797379858647194,0.018863397174653403,0.014214119078341443,0.003691286116602424,0.008869624296444953,0.004214733615807793,0.0034199042138510216,0.0009557724582784439,0.0014762445876811807,0.0037655982577537894,0.013318702296086934,0.006039752183078134,0.005573641652752526,0.007523267914598256,0.014003417519487178
200410,0.04684072765613496,0.0018359822510563123,0.001309281659045487,0.008094099237343241,0.015619465156087583,0.012456709660374928,0.0029705577804167963,0.007062886983909938,0.01210143508911062,0.005498184444158951,0.0,0.00267454364133433,0.0023964094170870944,0.01579864932943652,0.006665173919469021,0.0023726430811990724,0.015378858400117634,0.005354237990030876,0.0019229005163335993,0.006677579829630312,0.0029070763723026056,0.004695327186289284,0.004103564806774706,0.0006907279036984614,0.004403489265559853,0.01239639469536235,0.0005038082149893139,0.0032786005437636175,0.00047601718155958824,0.0,0.0,0.0006649638494205429,0.0014816493368428486,0.0024447970000833863,0.007938872448607014,0.006357273452247415,0.006792279494813416,0.003096031599645095,0.007098107028419316,0.001837671019910121,0.006113115225117963,0.0025120207386728636,0.0002211196103960604,0.009079465510049274,0.002681457249781602,0.004807702010326944,0.001984839559929674,0.009926498571083305,0.0,0.002622927590313015,0.018374024486535672,0.014495263284246163,0.035075828741447816,0.00706173075034925,0.0024503315712337487,0.0022235786481132986,0.0038710468669050846,0.0,4.4512585802915416e-05,0.002268270784969592,0.000806470949659452,0.009570052578455878,0.0002855828413976146,0.004489448251364526,0.005294796685098701,0.020467653229388524,0.0017893465557438598,0.0036547353357889163,0.004178730048664044,0.004522515997012115,0.014323473650798722,0.010035572486698688,0.004531613915668303,0.007139063577442951,0.004035526431785643,0.0023090626119185442,0.00809814037235596,0.0028077710404700897,0.005135577054604681,0.007230697030113689,0.0,0.000751043960913182,0.0026405358807169775,0.00028720364109739027,0.024868456457977785,0.0011563198431168338,0.0018450832377228748,0.0,0.004889513595093129,0.0012083028870831902,0.004486485254501883,0.004208439313180679,0.004929787945629443,0.01869791609441887,0.0012517514607110847,0.006577129440998643,0.009466713588580537,0.0014706159844845783,0.0020172701460566093,0.018906008633306767,0.013808302576586818,0.0037827140681576583,0.008827670866330883,0.0039592879140585915,0.0038793863263466366,0.0008572854694247079,0.0015390816916048629,0.0032943812722358795,0.013421830462572459,0.005389890409650363,0.005494616852000926,0.007593180543495688,0.013914290795144916
200411,0.0468664928646866,0.0018913691211784925,0.001903217138986838,0.0080895481526794,0.015569881975517532,0.012472503942601694,0.002792152760579963,0.0071178845331398176,0.01207124706069444,0.005116989955806142,9.346054129143684e-07,0.002628472487974231,0.0024599493076048933,0.015540917022010827,0.0064217238091545,0.0022780950139292,0.015287822739758894,0.005388960308194618,0.0018183959507685938,0.006181461470016358,0.0029424478341188985,0.00473719583911416,0.004044105934106598,0.0005106690592156154,0.004478036363515437,0.012563156201759724,0.0006033898448866666,0.0032794503882855523,0.0005983292398394851,0.0,0.0004479870511288534,0.0005497290450574445,0.001534772186503255,0.0023589654717930853,0.007447907061860464,0.006277911990356051,0.0067918177227436725,0.00317365254410122,0.007012410895055509,0.0020427126002836786,0.006237024629014264,0.0023351525238209654,8.826592389352661e-05,0.00936809071539554,0.002615329415571338,0.004911597593397246,0.0022917276046708975,0.010363621962364032,0.0,0.0027465078627094005,0.019469666721074256,0.014626890722203119,0.035241472879600465,0.00695106038061719,0.0025583469804320593,0.0018461415872186773,0.004623006733903965,1.2488803402858216e-05,0.0,0.0019836838181945624,0.0006720416745503501,0.009324535445717009,0.000627412135859266,0.004277624539329593,0.005385875983649572,0.020475103781049296,0.0018502983711970661,0.0035472026740336294,0.004144997672925633,0.0048070900341888245,0.014168913964669821,0.009880502511992066,0.004482407194662458,0.0069485344284095545,0.0036168142738701365,0.002231301733143162,0.008105188462294913,0.002942637667497792,0.0050587859801219355,0.006774290426791504,0.0,0.0006887214670140946,0.002867198493196356,0.00043960717432752063,0.025008997533838596,0.0011414529514509053,0.0017656570372327903,0.0,0.004567570602901763,0.0011332424585627405,0.004420879215470736,0.004120459747814878,0.004822337087593001,0.01859637535013192,0.0012466323071050978,0.00669068625558134,0.009835708161028143,0.0013635334988273023,0.0017311973666564613,0.01898510139185266,0.013943466976991014,0.0037675959902629106,0.008855256944135192,0.003670465212888972,0.004127291158857814,0.0009651874665775211,0.0016950690126784575,0.0033965157672065853,0.013386965419561775,0.005070052801547888,0.0054112959450216954,0.007675927952011499,0.013526125433897081
200412,0.04735975711714471,0.0019807955312646256,0.0022110423189108707,0.008184869837427982,0.015576997309924052,0.012406233597475565,0.0029771167337840714,0.007323952508002686,0.012000156842728447,0.005072746043932186,0.00012083635367489474,0.0023475375609122284,0.0026721842857087862,0.01526350258293354,0.006247609543063806,0.0021340909180146026,0.015037751127943512,0.005415510211197174,0.0016845743556778159,0.006315336459746552,0.002966537662705087,0.005060487475801221,0.0037716467571144436,0.00033838414768735367,0.004266578324139648,0.012284427309537067,0.0006117537913633265,0.003313345155509507,0.0011978709444378456,0.0,0.00016901413520070867,0.000650648508424417,0.0013138717580523135,0.002343094305921143,0.007605657328192958,0.006280175432266179,0.007071821215797285,0.003251525402419138,0.006909507693203483,0.0018110608736479033,0.00617636715608859,0.0020498963401626652,3.217729056552169e-06,0.009626224134686468,0.0026278372351795794,0.004651468723210457,0.002666949242930073,0.010797430577594856,0.0,0.0019010429759096575,0.018131647040562242,0.014418183705684416,0.03525264615580281,0.007314703502148099,0.002083566476221378,0.001998049608481704,0.0041172603849377945,0.0,0.0,0.0019574509161119674,0.0005685458524298268,0.00903681438560261,0.0012103660957985137,0.004339373171176539,0.005376707067996302,0.020021847199063053,0.002153188482643191,0.0038942341507790038,0.004541903535042795,0.0051571996144488584,0.013861062205721012,0.00999346040130165,0.00432534927911963,0.00726673715444234,0.0035109346923816844,0.002238658825416875,0.007549958578974459,0.0029068912150566374,0.005064005551128185,0.006535500032608577,0.00012586337497020957,0.0009551448096834056,0.003132325324147003,0.00044189321513667167,0.02526106756808674,0.0009887084235988299,0.001960566831881507,0.0,0.004236142305252957,0.001011743446851377,0.004297687255949317,0.004017817857756494,0.004793483998256495,0.018561080204712206,0.0013754363194894616,0.006402444789308919,0.00931665465658404,0.0016046982762908941,0.002033076922544923,0.018944437330093034,0.013806637950442737,0.003931584258562671,0.0087224770937497,0.003813162370115065,0.003720915996603438,0.0005871589303796488,0.0016859543658895395,0.0034199340932704993,0.013356951248262547,0.0048868496374861025,0.005204775959242787,0.007943898087121475,0.01421873929832996
200501,0.0,0.0,0.0,0.0,0.0,0.0,0.0,0.0,0.0,0.0,0.0,0.0,0.0,0.0,0.0,0.0,0.0,0.0,0.0,0.0,0.0,0.0,0.0,0.0,0.0,0.0,0.0,0.0,0.0,0.0,0.0,0.0,0.0,0.0,0.0,0.0,0.0,0.0,0.0,0.0,0.0,0.0,0.0,0.0,0.0,0.0,0.0,0.0,0.0,0.0,0.0,0.0,0.0,0.0,0.0,0.0,0.0,0.0,0.0,0.0,0.0,0.0,0.0,0.0,0.0,0.0,0.0,0.0,0.0,0.0,0.0,0.0,0.0,0.0,0.0,0.0,0.0,0.0,0.0,0.0,0.0,0.0,0.0,0.0,0.0,0.0,0.0,0.0,0.0,0.0,0.0,0.0,0.0,0.0,0.0,0.0,0.0,0.0,0.0,0.0,0.0,0.0,0.0,0.0,0.0,0.0,0.0,0.0,0.0,0.0,0.0,0.0,0.0
200502,0.0,0.0,0.0,0.0,0.0,0.0,0.0,0.0,0.0,0.0,0.0,0.0,0.0,0.0,0.0,0.0,0.0,0.0,0.0,0.0,0.0,0.0,0.0,0.0,0.0,0.0,0.0,0.0,0.0,0.0,0.0,0.0,0.0,0.0,0.0,0.0,0.0,0.0,0.0,0.0,0.0,0.0,0.0,0.0,0.0,0.0,0.0,0.0,0.0,0.0,0.0,0.0,0.0,0.0,0.0,0.0,0.0,0.0,0.0,0.0,0.0,0.0,0.0,0.0,0.0,0.0,0.0,0.0,0.0,0.0,0.0,0.0,0.0,0.0,0.0,0.0,0.0,0.0,0.0,0.0,0.0,0.0,0.0,0.0,0.0,0.0,0.0,0.0,0.0,0.0,0.0,0.0,0.0,0.0,0.0,0.0,0.0,0.0,0.0,0.0,0.0,0.0,0.0,0.0,0.0,0.0,0.0,0.0,0.0,0.0,0.0,0.0,0.0
200503,0.0,0.0,0.0,0.0,0.0,0.0,0.0,0.0,0.0,0.0,0.0,0.0,0.0,0.0,0.0,0.0,0.0,0.0,0.0,0.0,0.0,0.0,0.0,0.0,0.0,0.0,0.0,0.0,0.0,0.0,0.0,0.0,0.0,0.0,0.0,0.0,0.0,0.0,0.0,0.0,0.0,0.0,0.0,0.0,0.0,0.0,0.0,0.0,0.0,0.0,0.0,0.0,0.0,0.0,0.0,0.0,0.0,0.0,0.0,0.0,0.0,0.0,0.0,0.0,0.0,0.0,0.0,0.0,0.0,0.0,0.0,0.0,0.0,0.0,0.0,0.0,0.0,0.0,0.0,0.0,0.0,0.0,0.0,0.0,0.0,0.0,0.0,0.0,0.0,0.0,0.0,0.0,0.0,0.0,0.0,0.0,0.0,0.0,0.0,0.0,0.0,0.0,0.0,0.0,0.0,0.0,0.0,0.0,0.0,0.0,0.0,0.0,0.0
200504,0.0,0.0,0.0,0.0,0.0,0.0,0.0,0.0,0.0,0.0,0.0,0.0,0.0,0.0,0.0,0.0,0.0,0.0,0.0,0.0,0.0,0.0,0.0,0.0,0.0,0.0,0.0,0.0,0.0,0.0,0.0,0.0,0.0,0.0,0.0,0.0,0.0,0.0,0.0,0.0,0.0,0.0,0.0,0.0,0.0,0.0,0.0,0.0,0.0,0.0,0.0,0.0,0.0,0.0,0.0,0.0,0.0,0.0,0.0,0.0,0.0,0.0,0.0,0.0,0.0,0.0,0.0,0.0,0.0,0.0,0.0,0.0,0.0,0.0,0.0,0.0,0.0,0.0,0.0,0.0,0.0,0.0,0.0,0.0,0.0,0.0,0.0,0.0,0.0,0.0,0.0,0.0,0.0,0.0,0.0,0.0,0.0,0.0,0.0,0.0,0.0,0.0,0.0,0.0,0.0,0.0,0.0,0.0,0.0,0.0,0.0,0.0,0.0
200505,0.0,0.0,0.0,0.0,0.0,0.0,0.0,0.0,0.0,0.0,0.0,0.0,0.0,0.0,0.0,0.0,0.0,0.0,0.0,0.0,0.0,0.0,0.0,0.0,0.0,0.0,0.0,0.0,0.0,0.0,0.0,0.0,0.0,0.0,0.0,0.0,0.0,0.0,0.0,0.0,0.0,0.0,0.0,0.0,0.0,0.0,0.0,0.0,0.0,0.0,0.0,0.0,0.0,0.0,0.0,0.0,0.0,0.0,0.0,0.0,0.0,0.0,0.0,0.0,0.0,0.0,0.0,0.0,0.0,0.0,0.0,0.0,0.0,0.0,0.0,0.0,0.0,0.0,0.0,0.0,0.0,0.0,0.0,0.0,0.0,0.0,0.0,0.0,0.0,0.0,0.0,0.0,0.0,0.0,0.0,0.0,0.0,0.0,0.0,0.0,0.0,0.0,0.0,0.0,0.0,0.0,0.0,0.0,0.0,0.0,0.0,0.0,0.0
200506,0.0,0.0,0.0,0.0,0.0,0.0,0.0,0.0,0.0,0.0,0.0,0.0,0.0,0.0,0.0,0.0,0.0,0.0,0.0,0.0,0.0,0.0,0.0,0.0,0.0,0.0,0.0,0.0,0.0,0.0,0.0,0.0,0.0,0.0,0.0,0.0,0.0,0.0,0.0,0.0,0.0,0.0,0.0,0.0,0.0,0.0,0.0,0.0,0.0,0.0,0.0,0.0,0.0,0.0,0.0,0.0,0.0,0.0,0.0,0.0,0.0,0.0,0.0,0.0,0.0,0.0,0.0,0.0,0.0,0.0,0.0,0.0,0.0,0.0,0.0,0.0,0.0,0.0,0.0,0.0,0.0,0.0,0.0,0.0,0.0,0.0,0.0,0.0,0.0,0.0,0.0,0.0,0.0,0.0,0.0,0.0,0.0,0.0,0.0,0.0,0.0,0.0,0.0,0.0,0.0,0.0,0.0,0.0,0.0,0.0,0.0,0.0,0.0
200507,0.0,0.0,0.0,0.0,0.0,0.0,0.0,0.0,0.0,0.0,0.0,0.0,0.0,0.0,0.0,0.0,0.0,0.0,0.0,0.0,0.0,0.0,0.0,0.0,0.0,0.0,0.0,0.0,0.0,0.0,0.0,0.0,0.0,0.0,0.0,0.0,0.0,0.0,0.0,0.0,0.0,0.0,0.0,0.0,0.0,0.0,0.0,0.0,0.0,0.0,0.0,0.0,0.0,0.0,0.0,0.0,0.0,0.0,0.0,0.0,0.0,0.0,0.0,0.0,0.0,0.0,0.0,0.0,0.0,0.0,0.0,0.0,0.0,0.0,0.0,0.0,0.0,0.0,0.0,0.0,0.0,0.0,0.0,0.0,0.0,0.0,0.0,0.0,0.0,0.0,0.0,0.0,0.0,0.0,0.0,0.0,0.0,0.0,0.0,0.0,0.0,0.0,0.0,0.0,0.0,0.0,0.0,0.0,0.0,0.0,0.0,0.0,0.0
200508,0.0,0.0,0.0,0.0,0.0,0.0,0.0,0.0,0.0,0.0,0.0,0.0,0.0,0.0,0.0,0.0,0.0,0.0,0.0,0.0,0.0,0.0,0.0,0.0,0.0,0.0,0.0,0.0,0.0,0.0,0.0,0.0,0.0,0.0,0.0,0.0,0.0,0.0,0.0,0.0,0.0,0.0,0.0,0.0,0.0,0.0,0.0,0.0,0.0,0.0,0.0,0.0,0.0,0.0,0.0,0.0,0.0,0.0,0.0,0.0,0.0,0.0,0.0,0.0,0.0,0.0,0.0,0.0,0.0,0.0,0.0,0.0,0.0,0.0,0.0,0.0,0.0,0.0,0.0,0.0,0.0,0.0,0.0,0.0,0.0,0.0,0.0,0.0,0.0,0.0,0.0,0.0,0.0,0.0,0.0,0.0,0.0,0.0,0.0,0.0,0.0,0.0,0.0,0.0,0.0,0.0,0.0,0.0,0.0,0.0,0.0,0.0,0.0
200509,0.0,0.0,0.0,0.0,0.0,0.0,0.0,0.0,0.0,0.0,0.0,0.0,0.0,0.0,0.0,0.0,0.0,0.0,0.0,0.0,0.0,0.0,0.0,0.0,0.0,0.0,0.0,0.0,0.0,0.0,0.0,0.0,0.0,0.0,0.0,0.0,0.0,0.0,0.0,0.0,0.0,0.0,0.0,0.0,0.0,0.0,0.0,0.0,0.0,0.0,0.0,0.0,0.0,0.0,0.0,0.0,0.0,0.0,0.0,0.0,0.0,0.0,0.0,0.0,0.0,0.0,0.0,0.0,0.0,0.0,0.0,0.0,0.0,0.0,0.0,0.0,0.0,0.0,0.0,0.0,0.0,0.0,0.0,0.0,0.0,0.0,0.0,0.0,0.0,0.0,0.0,0.0,0.0,0.0,0.0,0.0,0.0,0.0,0.0,0.0,0.0,0.0,0.0,0.0,0.0,0.0,0.0,0.0,0.0,0.0,0.0,0.0,0.0
200510,0.0,0.0,0.0,0.0,0.0,0.0,0.0,0.0,0.0,0.0,0.0,0.0,0.0,0.0,0.0,0.0,0.0,0.0,0.0,0.0,0.0,0.0,0.0,0.0,0.0,0.0,0.0,0.0,0.0,0.0,0.0,0.0,0.0,0.0,0.0,0.0,0.0,0.0,0.0,0.0,0.0,0.0,0.0,0.0,0.0,0.0,0.0,0.0,0.0,0.0,0.0,0.0,0.0,0.0,0.0,0.0,0.0,0.0,0.0,0.0,0.0,0.0,0.0,0.0,0.0,0.0,0.0,0.0,0.0,0.0,0.0,0.0,0.0,0.0,0.0,0.0,0.0,0.0,0.0,0.0,0.0,0.0,0.0,0.0,0.0,0.0,0.0,0.0,0.0,0.0,0.0,0.0,0.0,0.0,0.0,0.0,0.0,0.0,0.0,0.0,0.0,0.0,0.0,0.0,0.0,0.0,0.0,0.0,0.0,0.0,0.0,0.0,0.0
200511,0.0,0.0,0.0,0.0,0.0,0.0,0.0,0.0,0.0,0.0,0.0,0.0,0.0,0.0,0.0,0.0,0.0,0.0,0.0,0.0,0.0,0.0,0.0,0.0,0.0,0.0,0.0,0.0,0.0,0.0,0.0,0.0,0.0,0.0,0.0,0.0,0.0,0.0,0.0,0.0,0.0,0.0,0.0,0.0,0.0,0.0,0.0,0.0,0.0,0.0,0.0,0.0,0.0,0.0,0.0,0.0,0.0,0.0,0.0,0.0,0.0,0.0,0.0,0.0,0.0,0.0,0.0,0.0,0.0,0.0,0.0,0.0,0.0,0.0,0.0,0.0,0.0,0.0,0.0,0.0,0.0,0.0,0.0,0.0,0.0,0.0,0.0,0.0,0.0,0.0,0.0,0.0,0.0,0.0,0.0,0.0,0.0,0.0,0.0,0.0,0.0,0.0,0.0,0.0,0.0,0.0,0.0,0.0,0.0,0.0,0.0,0.0,0.0
200512,0.0,0.0,0.0,0.0,0.0,0.0,0.0,0.0,0.0,0.0,0.0,0.0,0.0,0.0,0.0,0.0,0.0,0.0,0.0,0.0,0.0,0.0,0.0,0.0,0.0,0.0,0.0,0.0,0.0,0.0,0.0,0.0,0.0,0.0,0.0,0.0,0.0,0.0,0.0,0.0,0.0,0.0,0.0,0.0,0.0,0.0,0.0,0.0,0.0,0.0,0.0,0.0,0.0,0.0,0.0,0.0,0.0,0.0,0.0,0.0,0.0,0.0,0.0,0.0,0.0,0.0,0.0,0.0,0.0,0.0,0.0,0.0,0.0,0.0,0.0,0.0,0.0,0.0,0.0,0.0,0.0,0.0,0.0,0.0,0.0,0.0,0.0,0.0,0.0,0.0,0.0,0.0,0.0,0.0,0.0,0.0,0.0,0.0,0.0,0.0,0.0,0.0,0.0,0.0,0.0,0.0,0.0,0.0,0.0,0.0,0.0,0.0,0.0
200601,0.009349158719525423,0.0,0.0,0.0,0.009187227412597162,0.0075128458325824,0.0006481351477949747,0.0,0.0,0.0,0.0,0.0,0.0,0.0,0.0008023958079897926,0.0,0.0032284052243853386,0.0,0.0,0.0,0.0,0.0,0.0,0.0,4.389859743189745e-06,0.0,0.0,0.0,0.0,0.0,0.0,0.0,0.0,0.0,0.0,0.0,0.0,0.0,0.0,0.0,0.0,0.0,0.0,0.0,0.0,0.002004260994738166,0.0,0.0,0.0,0.0,0.00502142132117174,0.011243955474611534,0.024199396349781237,0.0,0.0,0.0,0.0,0.0,0.0,0.0,0.0,0.00198338389829886,0.0,0.0,0.0,0.0031376965556742915,0.0,0.0,0.0028968837000250052,0.0,0.004435481045883677,0.0,0.0,0.0,0.002305944522505233,0.0,0.0,0.0,0.0,0.0,0.0,0.0,0.0,0.0,0.010451113699893667,0.0,0.0,0.0,0.0,0.0,0.0,0.0,0.0,0.011940952099820618,0.0,0.0,0.0,0.0,0.0,0.005848507629287632,0.0,0.0022493581627548403,0.0018155830537451144,0.0,0.0,0.0,0.0,0.0,0.0014716539192191564,0.0,0.0,0.0,0.0
200602,0.009164870915257521,0.0,0.0,0.0,0.009237192230118374,0.007521056428355719,0.000712432740157636,0.0,0.0,0.0,0.0,0.0,0.0,0.0,0.0007473250091942967,0.0,0.003213003782563591,0.0,0.0,0.0,0.0,0.0,0.0,0.0,5.504952876582822e-05,0.0,0.0,0.0,0.0,0.0,0.0,0.0,0.0,0.0,0.0,0.0,0.0,0.0,0.0,0.0,0.0,0.0,0.0,0.0,0.0,0.0015795939995925808,0.0,0.0,0.0,0.0,0.005246589744181596,0.01142554803046558,0.024474526471498167,0.0,0.0,0.0,0.0,0.0,0.0,0.0,0.0,0.002034374782849457,0.0,0.0,0.0,0.003363602633633077,0.0,0.0,0.002860686837081116,0.0,0.004514040721310092,0.0,0.0,0.0,0.0019083826598573536,0.0,0.0,0.0,0.0,0.0,0.0,0.0,0.0,0.0,0.010159187609069784,0.0,0.0,0.0,0.0,0.0,0.0,0.0,0.0,0.01164707720439872,0.0,0.0,0.0,0.0,0.0,0.00567163283232888,0.0,0.0026181372812918544,0.0018298322162171555,0.0,0.0,0.0,0.0,0.0,0.0015582274770749153,0.0,0.0,0.0,0.0
200603,0.009752434262611622,0.0,0.0,0.0,0.009158349749504078,0.007546900774746161,0.0007755488637034286,0.0,0.0,0.0,0.0,0.0,0.0,0.0,0.0008342893105311156,0.0,0.0031500481066346147,0.0,0.0,0.0,0.0,0.0,0.0,0.0,0.0,0.0,0.0,0.0,0.0,0.0,0.0,0.0,0.0,0.0,0.0,0.0,0.0,0.0,0.0,0.0,0.0,0.0,0.0,0.0,0.0,0.001910339026451119,0.0,0.0,0.0,0.0,0.005253854126585212,0.0114307817385859,0.02441981878228307,0.0,0.0,0.0,0.0,0.0,0.0,0.0,0.0,0.002168694981181813,0.0,0.0,0.0,0.0035706081366539367,0.0,0.0,0.0026596812101750667,0.0,0.0047453208103455215,0.0,0.0,0.0,0.0017027034903175525,0.0,0.0,0.0,0.0,0.0,0.0,0.0,0.0,0.0,0.009698533598764693,0.0,0.0,0.0,0.0,0.0,0.0,0.0,0.0,0.011341844930739352,0.0,0.0,0.0,0.0,0.0,0.005641442112652693,0.0,0.002770143508936187,0.0019052612595750684,0.0,0.0,0.0,0.0,0.0,0.0014262939607928423,0.0,0.0,0.0,0.0
200604,0.009842636192600427,0.0,0.0,0.0,0.009099443713603078,0.007317550379575739,0.0005506551896581686,0.0,0.0,0.0,0.0,0.0,0.0,0.0,0.0007123525181370488,0.0,0.002962009924228538,0.0,0.0,0.0,0.0,0.0,0.0,0.0,0.0,0.0,0.0,0.0,0.0,0.0,0.0,0.0,0.0,0.0,0.0,0.0,0.0,0.0,0.0,0.0,0.0,0.0,0.0,0.0,0.0,0.0017687602558617047,0.0,0.0,0.0,0.0,0.005237492012027542,0.01122044667734458,0.02450644543480047,0.0,0.0,0.0,0.0,0.0,0.0,0.0,0.0,0.002217119669006289,0.0,0.0,0.0,0.0038139509349273074,0.0,0.0,0.0025251928207063895,0.0,0.004842879847012028,0.0,0.0,0.0,0.0016600575132935972,0.0,0.0,0.0,0.0,0.0,0.0,0.0,0.0,0.0,0.009522045624824858,0.0,0.0,0.0,0.0,0.0,0.0,0.0,0.0,0.011091147621489432,0.0,0.0,0.0,0.0,0.0,0.005355825967054678,0.0,0.002869781820058602,0.0018679287662063716,0.0,0.0,0.0,0.0,0.0,0.0014695956158821623,0.0,0.0,0.0,0.0
200605,0.009551411299025116,0.0,0.0,0.0,0.00908958076932632,0.00720794379825484,0.0006058376547529798,0.0,0.0,0.0,0.0,0.0,0.0,0.0,0.0006255012266317139,0.0,0.003048147279105481,0.0,0.0,0.0,0.0,0.0,0.0,0.0,0.0,0.0,0.0,0.0,0.0,0.0,0.0,0.0,0.0,0.0,0.0,0.0,0.0,0.0,0.0,0.0,0.0,0.0,0.0,0.0,0.0,0.0020146979582742254,0.0,0.0,0.0,0.0,0.005061121494278594,0.011141617182069664,0.024135301534777002,0.0,0.0,0.0,0.0,0.0,0.0,0.0,0.0,0.002361910588233798,0.0,0.0,0.0,0.0037106891942164217,0.0,0.0,0.002577910549487197,0.0,0.004714905592666089,0.0,0.0,0.0,0.0015785379355027602,0.0,0.0,0.0,0.0,0.0,0.0,0.0,0.0,0.0,0.009439785816380747,0.0,0.0,0.0,0.0,0.0,0.0,0.0,0.0,0.011393615257442653,0.0,0.0,0.0,0.0,0.0,0.005399730884929966,0.0,0.0027801262247802465,0.0020914389193290124,0.0,0.0,0.0,0.0,0.0,0.0015982301585998194,0.0,0.0,0.0,0.0
200606,0.009909811915391992,0.0,0.0,0.0,0.009161464997099102,0.007291927753730906,0.0012481409554240908,0.0,0.0,0.0,0.0,0.0,0.0,0.0,0.0007294648172026673,0.0,0.00298230540858001,0.0,0.0,0.0,0.0,0.0,0.0,0.0,4.049562128913002e-05,0.0,0.0,0.0,0.0,0.0,0.0,0.0,0.0,0.0,0.0,0.0,0.0,0.0,0.0,0.0,0.0,0.0,0.0,0.0,0.0,0.0019502308576240506,0.0,0.0,0.0,0.0,0.004636604609348177,0.010857008424188661,0.024493495357290247,0.0,0.0,0.0,0.0,0.0,0.0,0.0,0.0,0.002190065282940597,0.0,0.0,0.0,0.00364652301669214,0.0,0.0,0.0026382352366068874,0.0,0.004667701047676865,0.0,0.0,0.0,0.0013672772165004407,0.0,0.0,0.0,0.0,0.0,0.0,0.0,0.0,0.0,0.008799555340627421,0.0,0.0,0.0,0.0,0.0,0.0,0.0,0.0,0.011537029219771,0.0,0.0,0.0,0.0,0.0,0.0050755015821864835,0.0,0.002849818469778933,0.0018392975986095746,0.0,0.0,0.0,0.0,0.0,0.0015158924342338032,0.0,0.0,0.0,0.0
200607,0.009811214787035368,0.0,0.0,0.0,0.009130947907982207,0.007172512134958262,0.001428091431980868,0.0,0.0,0.0,0.0,0.0,0.0,0.0,0.0004061118753875047,0.0,0.0028370415950048364,0.0,0.0,0.0,0.0,0.0,0.0,0.0,0.0,0.0,0.0,0.0,0.0,0.0,0.0,0.0,0.0,0.0,0.0,0.0,0.0,0.0,0.0,0.0,0.00021101288966825089,0.0,0.0,0.0,0.0,0.0018187653626380491,0.0,0.0,0.0,0.0,0.004417588735449009,0.010888133019908996,0.02403142676911084,0.0,0.0,0.0,0.0,0.0,0.0,0.0,0.0,0.0021001090014794808,0.0,0.0,0.0,0.0033627183461077824,0.0,0.0,0.0026733017854499233,0.0,0.00453887537489294,0.0,0.0,0.0,0.001230822671393716,0.0,0.0,0.0,0.0,0.0,0.0,0.0,0.0,0.0,0.008770585473375147,0.0,0.0,0.0,0.0,0.0,0.0,0.0,0.0,0.011699631262011288,0.0,0.0,0.0,0.0,0.0,0.005332494508818439,0.0,0.0032224211416975435,0.0018334978246349963,0.0,0.0,0.0,0.0,0.0,0.0013669628488548141,0.0,0.0,0.0,0.0
200608,0.009883561185131165,0.0,0.0,0.0,0.009113564982957241,0.007275019510862738,0.0014253500998287112,0.0,0.0,0.0,0.0,0.0,0.0,0.0,0.00039157226433876553,0.0,0.0029211360306937214,0.0,0.0,0.0,0.0,0.0,0.0,0.0,0.0,0.0,0.0,0.0,0.0,0.0,0.0,0.0,0.0,0.0,0.0,0.0,0.0,0.0,0.0,0.0,0.0005079588475464658,0.0,0.0,0.0,0.0,0.001968237627587877,0.0,0.0,0.0,0.0,0.003981235599299237,0.011053875800585084,0.023968701422938634,0.0,0.0,0.0,0.0,0.0,0.0,0.0,0.0,0.0016622906090478745,0.0,0.0,0.0,0.0035642444469739395,0.0,0.0,0.003041018532188043,0.0,0.004421393542283731,0.0,0.0,0.0,0.0008480278806736213,0.0,0.0,0.0,0.0,0.0,0.0,0.0,0.0,0.0,0.008633053056052937,0.0,0.0,0.0,0.0,0.0,0.0,0.0,0.0,0.011399487366323045,0.0,0.0,0.0,0.0,0.0,0.005354836856095679,0.0,0.0031639402897352576,0.0017893180746303434,0.0,0.0,0.0,0.0,0.0,0.0013502231877649841,0.0,0.0,0.0,0.0
200609,0.009698307590737164,0.0,0.0,0.0,0.009072703790081084,0.007359505252463926,0.0017329844022927084,0.0,0.0,0.0,0.0,0.0,0.0,0.0,0.0005159314620109319,0.0,0.0028417980191671466,0.0,0.0,0.0,0.0,0.0,0.0,0.0,0.0,0.0,0.0,0.0,0.0,0.0,0.0,0.0,0.0,0.0,0.0,0.0,0.0,0.0,0.0,0.0,0.0005405492821637325,0.0,0.0,0.0,0.0,0.0017929115107394706,0.0,0.0,0.0,0.0,0.0037850636569886132,0.011019667223464,0.024324751607891403,0.0,0.0,0.0,0.0,0.0,0.0,0.0,0.0,0.0011353743050607503,0.0,0.0,0.0,0.0035361555868693413,0.0,0.0,0.003171188561110514,0.0,0.004257222239522208,0.0,0.0,0.0,0.0006779421230528765,0.0,0.0,0.0,0.0,0.0,0.0,0.0,0.0,0.0,0.008578493648002974,0.0,0.0,0.0,0.0,0.0,0.0,0.0,0.0,0.011124393813059262,0.0,0.0,0.0,0.0,0.0,0.005460990695919353,0.0,0.0030864745740826526,0.001751750717466135,0.0,0.0,0.0,0.0,0.0,0.0013889743651083835,0.0,0.0,0.0,0.0
200610,0.009399550962887556,0.0,0.0,0.0,0.009096780080941513,0.0072572499092295765,0.0016073571492619602,0.0,0.0,0.0,0.0,0.0,0.0,0.0,0.0005533341527516542,0.0,0.002554846086802418,0.0,0.0,0.0,0.0,0.0,0.0,0.0,0.0,0.0,0.0,0.0,0.0,0.0,0.0,0.0,0.0,0.0,0.0,0.0,0.0,0.0,0.0,0.0,0.00043810907952694466,0.0,0.0,0.0,0.0,0.0020625299002903857,0.0,0.0,0.0,0.0,0.003853259985794081,0.01076304780128006,0.02409027790741133,0.0,0.0,0.0,0.0,0.0,0.0,0.0,0.0,0.0014914106598754005,0.0,0.0,0.0,0.003145264973980148,0.0,0.0,0.003123459010730367,0.0,0.004417013787339657,0.0,0.0,0.0,0.0006652305459605328,0.0,0.0,0.0,0.0,0.0,0.0,0.0,0.0,0.0,0.008405048315124404,0.0,0.0,0.0,0.0,0.0,0.0,0.0,0.0,0.01131148101462444,0.0,0.0,0.0,0.0,0.0,0.0053939038266204165,0.0,0.0031360857110671655,0.0016926904409359784,0.0,0.0,0.0,0.0,0.0,0.0010811215935918304,0.0,0.0,0.0,0.0
200611,0.009316267265347013,0.0,0.0,0.0,0.00920770173631707,0.007310434378910007,0.001690089877564743,0.0,0.0,0.0,0.0,0.0,0.0,0.0,0.0004666781434172266,0.0,0.002674623862153575,0.0,0.0,0.0,0.0,0.0,0.0,0.0,0.0,0.0,0.0,0.0,0.0,0.0,0.0,0.0,0.0,0.0,0.0,0.0,0.0,0.0,0.0,0.0,0.00031155285112568435,0.0,0.0,0.0,0.0,0.0021606172416576905,0.0,0.0,0.0,0.0,0.004227641994704531,0.01089343838528432,0.023817261419617663,0.0,0.0,0.0,0.0,0.0,0.0,0.0,0.0,0.0015756014286146941,0.0,0.0,0.0,0.0026212069669583043,0.0,0.0,0.0031216874789112103,0.0,0.004560690029825233,0.0,0.0,0.0,0.0006783642101614955,0.0,0.0,0.0,0.0,0.0,0.0,0.0,0.0,0.0,0.008277408970502753,0.0,0.0,0.0,0.0,0.0,0.0,0.0,0.0,0.01151693790126329,0.0,0.0,0.0,0.0,0.0,0.005359090530899937,0.0,0.003102049077673861,0.0018009452882299978,0.0,0.0,0.0,0.0,0.0,0.001170589596185137,0.0,0.0,0.0,0.0
200612,0.009396232406234132,0.0,0.0,0.0,0.009196362956421409,0.007186991924943513,0.0016361359759724421,0.0,0.0,0.0,0.0,0.0,0.0,0.0,0.00038726153460458257,0.0,0.002813123474762315,0.0,0.0,0.0,0.0,0.0,0.0,0.0,0.0,0.0,0.0,0.0,0.0,0.0,0.0,0.0,0.0,0.0,0.0,0.0,0.0,0.0,0.0,0.0,0.00026198223345397963,0.0,0.0,0.0,0.0,0.002712254272883936,0.0,0.0,0.0,0.0,0.0044193350327181415,0.010983731592212762,0.023653903565662094,0.0,0.0,0.0,0.0,0.0,0.0,0.0,0.0,0.0017610440609736018,0.0,0.0,0.0,0.002116907581673607,0.0,0.0,0.003146038597088911,0.0,0.00463673962079751,0.0,0.0,0.0,0.0005538362863199845,0.0,0.0,0.0,0.0,0.0,0.0,0.0,0.0,0.0,0.007754694978537716,0.0,0.0,0.0,0.0,0.0,0.0,0.0,0.0,0.011677834413184523,0.0,0.0,0.0,0.0,0.0,0.005113356650205735,0.0,0.0030290604687656588,0.0017304610471551149,0.0,0.0,0.0,0.0,0.0,0.0010970055598820523,0.0,0.0,0.0,0.0
200701,0.008700485022505767,0.0,0.0,0.0,0.009050005434694615,0.007032838423323226,0.002281102707252528,0.0,0.0,0.0,0.0,0.0,0.0,0.0,0.00028327083051596624,0.0,0.0029175168917119766,0.0,0.0,0.0,0.0,0.0,0.0,0.0,0.0,0.0,0.0,0.0,0.0,0.0,0.0,0.0,0.0,0.0,0.0,0.0,0.0,0.0,0.0,0.0,0.0003421291015310084,0.0,0.0,0.0,0.0,0.0028054002108249803,0.0,0.0,0.0,0.0,0.004175071490888414,0.011582542642499536,0.023641802991934725,0.0,0.0,0.0,0.0,0.0,0.0,0.0,0.0,0.0013456480710560548,0.0,0.0,0.0,0.002475991224601065,0.0,0.0,0.00298246863101257,0.0,0.004680969845500377,0.0,0.0,0.0,0.0004519924600157515,0.0,0.0,0.0,0.0,0.0,0.0,0.0,0.0,0.0,0.008071299069296812,0.0,0.0,0.0,0.0,0.0,0.0,0.0,0.0,0.011283741807183835,0.0,0.0,0.0,0.0,0.0,0.005389983487950401,0.0,0.002721503349385251,0.001661306281843144,0.0,0.0,0.0,0.0,0.0,0.0014250970128820615,0.0,0.0,0.0,0.0
200702,0.009324418444396725,0.0,0.0,0.0,0.00905678579726571,0.007068860407554106,0.0021392897105798176,0.0,0.0,0.0,0.0,0.0,0.0,0.0,0.00026515571557459637,0.0,0.002947685760346612,0.0,0.0,0.0,0.0,0.0,0.0,0.0,0.0,0.0,0.0,0.0,0.0,0.0,0.0,0.0,0.0,0.0,0.0,0.0,0.0,0.0,0.0,0.0,0.0006081099032980361,0.0,0.0,0.0,0.0,0.002753163115178915,0.0,0.0,0.0,0.0,0.003994989298994965,0.011567947629319685,0.023770763106222878,0.0,0.0,0.0,0.0,0.0,0.0,0.0,0.0,0.001302893830339701,0.0,0.0,0.0,0.0027353785973118464,0.0,0.0,0.0028031456288877344,0.0,0.004584498890066682,0.0,0.0,0.0,0.00039755531086199165,0.0,0.0,0.0,0.0,0.0,0.0,0.0,0.0,0.0,0.008177749016422592,0.0,0.0,0.0,0.0,0.0,0.0,0.0,0.0,0.011211274825323194,0.0,0.0,0.0,0.0,0.0,0.005318886918768704,0.0,0.002746954546449693,0.0017372162250363146,0.0,0.0,0.0,0.0,0.0,0.0013831588161969126,0.0,0.0,0.0,0.0
200703,0.009315468233145528,0.0,0.0,0.0,0.009124728616372238,0.007239760837466176,0.002464456036323606,0.0,0.0,0.0,0.0,0.0,0.0,0.0,0.0002501868940868661,0.0,0.0032467637603859974,0.0,0.0,0.0,0.0,0.0,0.0,0.0,0.0,0.0,0.0,0.0,0.0,0.0,0.0,0.0,0.0,0.0,0.0,0.0,0.0,0.0,0.0,0.0,0.0004920645511969381,0.0,0.0,0.0,0.0,0.0027515463057040585,0.0,0.0,0.0,0.0,0.0038105890991091415,0.011744052170324348,0.023828149073702214,0.0,0.0,0.0,0.0,0.0,0.0,0.0,0.0,0.0010356811139156834,0.0,0.0,0.0,0.003063704262290935,0.0,0.0,0.002579034798700232,0.0,0.00451043013069884,0.0,0.0,0.0,0.000367137154844816,0.0,0.0,0.0,0.0,0.0,0.0,0.0,0.0,0.0,0.008597699354392536,0.0,0.0,0.0,0.0,0.0,0.0,0.0,0.0,0.011174954856984365,0.0,0.0,0.0,0.0,0.0,0.005523535630331818,0.0,0.0027614382184403857,0.001752152147749455,0.0,0.0,0.0,0.0,0.0,0.0013627568429144797,0.0,0.0,0.0,0.0
200704,0.009762974441319931,0.0,0.0,0.0,0.00894669124858466,0.007356083532702684,0.002696431792763695,0.0,0.0,0.0,0.0,0.0,0.0,0.0,0.0,0.0,0.0028856502220485944,0.0,0.0,0.0,0.0,0.0,0.0,0.0,0.0,0.0,0.0,0.0,0.0,0.0,0.0,0.0,0.0,0.0,0.0,0.0,0.0,0.0,0.0,0.0,0.0007846970921341358,0.0,0.0,0.0,0.0,0.0023568964761058555,0.0,0.0,0.0,0.0,0.0036689253282204087,0.01148648336951325,0.02465963691295845,0.0,0.0,0.0,0.0,0.0,0.0,0.0,0.0,0.0007006917165497925,0.0,0.0,0.0,0.0030170862486442692,0.0,0.0,0.002538359633271679,0.0,0.004721032914218924,0.0,0.0,0.0,0.0005500434398115622,0.0,0.0,0.0,0.0,0.0,0.0,0.0,0.0,0.0,0.007732815274169012,0.0,0.0,0.0,0.0,0.0,0.0,0.0,0.0,0.011016124346158411,0.0,0.0,0.0,0.0,0.0,0.005779403895102194,0.0,0.0029128674336868217,0.0015278350125806433,0.0,0.0,0.0,0.0,0.0,0.0015597714716930218,0.0,0.0,0.0,0.0
200705,0.010765363381862809,0.0,0.0,0.0,0.00875038965271429,0.0071578493323520955,0.0030299587854885224,0.0,0.0,0.0,0.0,0.0,0.0,0.0,0.0004925599354214945,0.0,0.002717990845047734,0.0,0.0,0.0,0.0,0.0,0.0,0.0,0.0,0.0,0.0,0.0,0.0,0.0,0.0,0.0,0.0,0.0,0.0,0.0,0.0,0.0,0.0,0.0,0.001110804107860191,0.0,0.0,0.0,0.0,0.0019926725002397056,0.0,0.0,0.0,0.0,0.002495536277005138,0.011672368048708344,0.023494221008797722,0.0,0.0,0.0,0.0,0.0,0.0,0.0,0.0,0.0005212419646045501,0.0,0.0,0.0,0.002954467355472004,0.0,0.0,0.0022709651610894584,0.0,0.004677403450208775,0.0,0.0,0.0,0.0007227288101525396,0.0,0.0,0.0,0.0,0.0,0.0,0.0,0.0,0.0,0.007309430429194038,0.0,0.0,0.0,0.0,0.0,0.0,0.0,0.0,0.011155151071688199,0.0,0.0,0.0,0.0,0.0,0.005458267264698437,0.0,0.0033257758026921853,0.001524965171820902,0.0,0.0,0.0,0.0,0.0,0.0017368001471209464,0.0,0.0,0.0,0.0
200706,0.0101575526562409,0.0,0.0,0.0,0.009027860689615015,0.007076539536339757,0.00306201531767418,0.0,0.0,0.0,0.0,0.0,0.0,0.0,0.00033080751876621647,0.0,0.0028662214211460156,0.0,0.0,0.0,0.0,0.0,0.0,0.0,6.5881579664291036e-06,0.0,0.0,0.0,0.0,0.0,0.0,0.0,0.0,0.0,0.0,0.0,0.0,0.0,0.0,0.0,0.0008920461454298337,0.0,0.0,0.0,0.0,0.002286779128864406,0.0,0.0,0.0,0.0,0.002306623895395702,0.012081084644598531,0.024454076522962144,0.0,0.0,0.0,0.0,0.0,0.0,0.0,0.0,0.00041161172449666415,0.0,0.0,0.0,0.0028438812863121974,0.0,0.0,0.0024340096490603528,0.0,0.004425781402360304,0.0,0.0,0.0,0.0005922910821941903,0.0,0.0,0.0,0.0,0.0,0.0,0.0,0.0,0.0,0.007644353645549256,0.0,0.0,0.0,0.0,0.0,0.0,0.0,0.0,0.010837795786840826,0.0,0.0,0.0,0.0,0.0,0.005914556517162811,0.0,0.0033366844959582496,0.0014049162324715502,0.0,0.0,0.0,0.0,0.0,0.0016899480152538645,0.0,0.0,0.0,0.0
200707,0.009322547433393993,0.0,0.0,0.0,0.009142738585242678,0.006902267646083319,0.002760717352039558,0.0,0.0,0.0,0.0,0.0,0.0,0.0,0.0001842699659921741,0.0,0.0027474893589760447,0.0,0.0,0.0,0.0,0.0,0.0,0.0,0.0,0.0,0.0,0.0,0.0,0.0,0.0,0.0,0.0,0.0,0.0,0.0,0.0,0.0,0.0,0.0,0.000644532016117326,0.0,0.0,0.0,0.0,0.0022605801195931035,0.0,0.0,0.0,0.0,0.002501105761275359,0.013022200283955709,0.023520738695304105,0.0,0.0,0.0,0.0,0.0,0.0,0.0,0.0,0.0008135399759921675,0.0,0.0,0.0,0.002848097350440157,0.0,0.0,0.002770030467781836,0.0,0.0045399533108346005,0.0,0.0,0.0,0.0005619345251925118,0.0,0.0,0.0,0.0,0.0,0.0,0.0,0.0,0.0,0.007645752066371918,0.0,0.0,0.0,0.0,0.0,0.0,0.0,0.0,0.011427631838388108,0.0,0.0,0.0,0.0,0.0,0.00512133766917617,0.0,0.003111528622899546,0.0013680842215404987,0.0,0.0,0.0,0.0,0.0,0.0016398266526821159,0.0,0.0,0.0,0.0
200708,0.009339216600765868,0.0,0.0,0.0,0.009061426101749821,0.006928574519173554,0.002874166111738855,0.0,0.0,0.0,0.0,0.0,0.0,0.0,0.00040665037479227094,0.0,0.0030077603956689338,0.0,0.0,0.0,0.0,0.0,0.0,0.0,0.0,0.0,0.0,0.0,0.0,0.0,0.0,0.0,0.0,0.0,0.0,0.0,0.0,0.0,0.0,0.0,0.0007522240804684251,0.0,0.0,0.0,0.0,0.002211161010696344,0.0,0.0,0.0,0.0,0.0024119075530187033,0.012827474395556121,0.02353732498307438,0.0,0.0,0.0,0.0,0.0,0.0,0.0,0.0,0.000920944237295592,0.0,0.0,0.0,0.002461552645458121,0.0,0.0,0.002947896675087104,0.0,0.004233646966483912,0.0,0.0,0.0,0.0005595422271990824,0.0,0.0,0.0,0.0,0.0,0.0,0.0,0.0,0.0,0.007840284221346644,0.0,0.0,0.0,0.0,0.0,0.0,0.0,0.0,0.011056384832096826,0.0,0.0,0.0,0.0,0.0,0.004703029189913514,0.0,0.0032388390837191335,0.0013858409378557563,0.0,0.0,0.0,0.0,0.0,0.0015165570728474039,0.0,0.0,0.0,0.0
200709,0.009414247520026437,0.0,0.0,0.0,0.008929042506044777,0.007027670081675403,0.0029933729000149846,0.0,0.0,0.0,0.0,0.0,0.0,0.0,0.00035237334450046836,0.0,0.0029549625679300504,0.0,0.0,0.0,0.0,0.0,0.0,0.0,0.0,0.0,0.0,0.0,0.0,0.0,0.0,0.0,0.0,0.0,0.0,0.0,0.0,0.0,0.0,0.0,0.0008978813918587816,0.0,0.0,0.0,0.0,0.002771415789447015,0.0,0.0,0.0,0.0,0.0024332754957363673,0.012689729085530583,0.023813473072056703,0.0,0.0,0.0,0.0,0.0,0.0,0.0,0.0,0.001401824746089563,0.0,0.0,0.0,0.0020852903209562824,0.0,0.0,0.00297295084612078,0.0,0.004067750996039326,0.0,0.0,0.0,0.000464960582202961,0.0,0.0,0.0,0.0,0.0,0.0,0.0,0.0,0.0,0.0071409872408266855,0.0,0.0,0.0,0.0,0.0,0.0,0.0,0.0,0.011163048920802738,0.0,0.0,0.0,0.0,0.0,0.00437920358578626,0.0,0.00320587467783122,0.0014925636671038322,0.0,0.0,0.0,0.0,0.0,0.001376128167817283,0.0,0.0,0.0,0.0
200710,0.008433468971102559,0.0,0.0,0.0,0.008727139946380514,0.007381775983963297,0.0025973346579348153,0.0,0.0,0.0,0.0,0.0,0.0,0.0,1.939278163712588e-05,0.0,0.0031849638091409585,0.0,0.0,0.0,0.0,0.0,0.0,0.0,0.0,0.0,0.0,0.0,0.0,0.0,0.0,0.0,0.0,0.0,0.0,0.0,0.0,0.0,0.0,0.0,0.00089614351085604,0.0,0.0,0.0,0.0,0.0029569165455166175,0.0,0.0,0.0,0.0,0.002629203528180886,0.012771743326318264,0.024506141778059553,0.0,0.0,0.0,0.0,0.0,0.0,0.0,0.0,0.0018329823645529145,0.0,0.0,0.0,0.0014620114459178229,0.0,0.0,0.002889802333597248,0.0,0.004444548462710514,0.0,0.0,0.0,0.0003133238192820326,0.0,0.0,0.0,0.0,0.0,0.0,0.0,0.0,0.0,0.006886836713996473,0.0,0.0,0.0,0.0,0.0,0.0,0.0,0.0,0.011386171988725097,0.0,0.0,0.0,0.0,0.0,0.004193433222015826,0.0,0.002664892336532182,0.00143686544075221,0.0,0.0,0.0,0.0,0.0,0.0009809282208330383,0.0,0.0,0.0,0.0
200711,0.007817750598374883,0.0,0.0,0.0,0.008816093269857573,0.007357594044698744,0.0022615496147799364,0.0,0.0,0.0,0.0,0.0,0.0,0.0,0.0,0.0,0.0030042076383121506,0.0,0.0,0.0,0.0,0.0,0.0,0.0,0.0,0.0,0.0,0.0,0.0,0.0,0.0,0.0,0.0,0.0,0.0,0.0,0.0,0.0,0.0,0.0,0.0006823419428162814,0.0,0.0,0.0,0.0,0.0027229298523723145,0.0,0.0,0.0,0.0,0.0033738230415079323,0.012589083702670265,0.02434747557302345,0.0,0.0,0.0,0.0,0.0,0.0,0.0,0.0,0.0019171901851197594,0.0,0.0,0.0,0.0015213054976297555,0.0,0.0,0.002953372441853413,0.0,0.004567576251163467,0.0,0.0,0.0,6.268168418212075e-05,0.0,0.0,0.0,0.0,0.0,0.0,0.0,0.0,0.0,0.006543773442118158,0.0,0.0,0.0,0.0,0.0,0.0,0.0,0.0,0.011434780169410508,0.0,0.0,0.0,0.0,0.0,0.004295119174585981,0.0,0.0026586698561426457,0.0014168854644506668,0.0,0.0,0.0,0.0,0.0,0.0005266140509732653,0.0,0.0,0.0,0.0
200712,0.007831920037095576,0.0,0.0,0.0,0.008852801650796523,0.007466377928193839,0.002003382875332234,0.0,0.0,0.0,0.0,0.0,0.0,0.0,0.0,0.0,0.0029203455175971144,0.0,0.0,0.0,0.0,0.0,0.0,0.0,0.0,0.0,0.0,0.0,0.0,0.0,0.0,0.0,0.0,0.0,0.0,0.0,0.0,0.0,0.0,0.0,0.0003745143988817504,0.0,0.0,0.0,0.0,0.0029640860863427683,0.0,0.0,0.0,0.0,0.003720481402510833,0.01266592030784878,0.024368328318776875,0.0,0.0,0.0,0.0,0.0,0.0,0.0,0.0,0.002136325175773338,0.0,0.0,0.0,0.0007961552369867039,0.0,0.0,0.0031868175887733636,0.0,0.004322828331188592,0.0,0.0,0.0,0.0002456719966547304,0.0,0.0,0.0,0.0,0.0,0.0,0.0,0.0,0.0,0.006068674727499124,0.0,0.0,0.0,0.0,0.0,0.0,0.0,0.0,0.011712855052095626,0.0,0.0,0.0,0.0,0.0,0.004313720588512048,0.0,0.00251557598214517,0.001397375035057477,0.0,0.0,0.0,0.0,0.0,0.0001017956061798059,0.0,0.0,0.0,0.0
200801,0.0,0.0,0.0,0.0,0.0,0.0,0.0,0.0,0.0,0.0,0.0,0.0,0.0,0.0,0.0,0.0,0.0,0.0,0.0,0.0,0.0,0.0,0.0,0.0,0.0,0.0,0.0,0.0,0.0,0.0,0.0,0.0,0.0,0.0,0.0,0.0,0.0,0.0,0.0,0.0,0.0,0.0,0.0,0.0,0.0,0.0,0.0,0.0,0.0,0.0,0.0,0.0,0.0,0.0,0.0,0.0,0.0,0.0,0.0,0.0,0.0,0.0,0.0,0.0,0.0,0.0,0.0,0.0,0.0,0.0,0.0,0.0,0.0,0.0,0.0,0.0,0.0,0.0,0.0,0.0,0.0,0.0,0.0,0.0,0.0,0.0,0.0,0.0,0.0,0.0,0.0,0.0,0.0,0.0,0.0,0.0,0.0,0.0,0.0,0.0,0.0,0.0,0.0,0.0,0.0,0.0,0.0,0.0,0.0,0.0,0.0,0.0,0.0
200802,0.0,0.0,0.0,0.0,0.0,0.0,0.0,0.0,0.0,0.0,0.0,0.0,0.0,0.0,0.0,0.0,0.0,0.0,0.0,0.0,0.0,0.0,0.0,0.0,0.0,0.0,0.0,0.0,0.0,0.0,0.0,0.0,0.0,0.0,0.0,0.0,0.0,0.0,0.0,0.0,0.0,0.0,0.0,0.0,0.0,0.0,0.0,0.0,0.0,0.0,0.0,0.0,0.0,0.0,0.0,0.0,0.0,0.0,0.0,0.0,0.0,0.0,0.0,0.0,0.0,0.0,0.0,0.0,0.0,0.0,0.0,0.0,0.0,0.0,0.0,0.0,0.0,0.0,0.0,0.0,0.0,0.0,0.0,0.0,0.0,0.0,0.0,0.0,0.0,0.0,0.0,0.0,0.0,0.0,0.0,0.0,0.0,0.0,0.0,0.0,0.0,0.0,0.0,0.0,0.0,0.0,0.0,0.0,0.0,0.0,0.0,0.0,0.0
200803,0.0,0.0,0.0,0.0,0.0,0.0,0.0,0.0,0.0,0.0,0.0,0.0,0.0,0.0,0.0,0.0,0.0,0.0,0.0,0.0,0.0,0.0,0.0,0.0,0.0,0.0,0.0,0.0,0.0,0.0,0.0,0.0,0.0,0.0,0.0,0.0,0.0,0.0,0.0,0.0,0.0,0.0,0.0,0.0,0.0,0.0,0.0,0.0,0.0,0.0,0.0,0.0,0.0,0.0,0.0,0.0,0.0,0.0,0.0,0.0,0.0,0.0,0.0,0.0,0.0,0.0,0.0,0.0,0.0,0.0,0.0,0.0,0.0,0.0,0.0,0.0,0.0,0.0,0.0,0.0,0.0,0.0,0.0,0.0,0.0,0.0,0.0,0.0,0.0,0.0,0.0,0.0,0.0,0.0,0.0,0.0,0.0,0.0,0.0,0.0,0.0,0.0,0.0,0.0,0.0,0.0,0.0,0.0,0.0,0.0,0.0,0.0,0.0
200804,0.0,0.0,0.0,0.0,0.0,0.0,0.0,0.0,0.0,0.0,0.0,0.0,0.0,0.0,0.0,0.0,0.0,0.0,0.0,0.0,0.0,0.0,0.0,0.0,0.0,0.0,0.0,0.0,0.0,0.0,0.0,0.0,0.0,0.0,0.0,0.0,0.0,0.0,0.0,0.0,0.0,0.0,0.0,0.0,0.0,0.0,0.0,0.0,0.0,0.0,0.0,0.0,0.0,0.0,0.0,0.0,0.0,0.0,0.0,0.0,0.0,0.0,0.0,0.0,0.0,0.0,0.0,0.0,0.0,0.0,0.0,0.0,0.0,0.0,0.0,0.0,0.0,0.0,0.0,0.0,0.0,0.0,0.0,0.0,0.0,0.0,0.0,0.0,0.0,0.0,0.0,0.0,0.0,0.0,0.0,0.0,0.0,0.0,0.0,0.0,0.0,0.0,0.0,0.0,0.0,0.0,0.0,0.0,0.0,0.0,0.0,0.0,0.0
200805,0.0,0.0,0.0,0.0,0.0,0.0,0.0,0.0,0.0,0.0,0.0,0.0,0.0,0.0,0.0,0.0,0.0,0.0,0.0,0.0,0.0,0.0,0.0,0.0,0.0,0.0,0.0,0.0,0.0,0.0,0.0,0.0,0.0,0.0,0.0,0.0,0.0,0.0,0.0,0.0,0.0,0.0,0.0,0.0,0.0,0.0,0.0,0.0,0.0,0.0,0.0,0.0,0.0,0.0,0.0,0.0,0.0,0.0,0.0,0.0,0.0,0.0,0.0,0.0,0.0,0.0,0.0,0.0,0.0,0.0,0.0,0.0,0.0,0.0,0.0,0.0,0.0,0.0,0.0,0.0,0.0,0.0,0.0,0.0,0.0,0.0,0.0,0.0,0.0,0.0,0.0,0.0,0.0,0.0,0.0,0.0,0.0,0.0,0.0,0.0,0.0,0.0,0.0,0.0,0.0,0.0,0.0,0.0,0.0,0.0,0.0,0.0,0.0
200806,0.0,0.0,0.0,0.0,0.0,0.0,0.0,0.0,0.0,0.0,0.0,0.0,0.0,0.0,0.0,0.0,0.0,0.0,0.0,0.0,0.0,0.0,0.0,0.0,0.0,0.0,0.0,0.0,0.0,0.0,0.0,0.0,0.0,0.0,0.0,0.0,0.0,0.0,0.0,0.0,0.0,0.0,0.0,0.0,0.0,0.0,0.0,0.0,0.0,0.0,0.0,0.0,0.0,0.0,0.0,0.0,0.0,0.0,0.0,0.0,0.0,0.0,0.0,0.0,0.0,0.0,0.0,0.0,0.0,0.0,0.0,0.0,0.0,0.0,0.0,0.0,0.0,0.0,0.0,0.0,0.0,0.0,0.0,0.0,0.0,0.0,0.0,0.0,0.0,0.0,0.0,0.0,0.0,0.0,0.0,0.0,0.0,0.0,0.0,0.0,0.0,0.0,0.0,0.0,0.0,0.0,0.0,0.0,0.0,0.0,0.0,0.0,0.0
200807,0.0,0.0,0.0,0.0,0.0,0.0,0.0,0.0,0.0,0.0,0.0,0.0,0.0,0.0,0.0,0.0,0.0,0.0,0.0,0.0,0.0,0.0,0.0,0.0,0.0,0.0,0.0,0.0,0.0,0.0,0.0,0.0,0.0,0.0,0.0,0.0,0.0,0.0,0.0,0.0,0.0,0.0,0.0,0.0,0.0,0.0,0.0,0.0,0.0,0.0,0.0,0.0,0.0,0.0,0.0,0.0,0.0,0.0,0.0,0.0,0.0,0.0,0.0,0.0,0.0,0.0,0.0,0.0,0.0,0.0,0.0,0.0,0.0,0.0,0.0,0.0,0.0,0.0,0.0,0.0,0.0,0.0,0.0,0.0,0.0,0.0,0.0,0.0,0.0,0.0,0.0,0.0,0.0,0.0,0.0,0.0,0.0,0.0,0.0,0.0,0.0,0.0,0.0,0.0,0.0,0.0,0.0,0.0,0.0,0.0,0.0,0.0,0.0
200808,0.0,0.0,0.0,0.0,0.0,0.0,0.0,0.0,0.0,0.0,0.0,0.0,0.0,0.0,0.0,0.0,0.0,0.0,0.0,0.0,0.0,0.0,0.0,0.0,0.0,0.0,0.0,0.0,0.0,0.0,0.0,0.0,0.0,0.0,0.0,0.0,0.0,0.0,0.0,0.0,0.0,0.0,0.0,0.0,0.0,0.0,0.0,0.0,0.0,0.0,0.0,0.0,0.0,0.0,0.0,0.0,0.0,0.0,0.0,0.0,0.0,0.0,0.0,0.0,0.0,0.0,0.0,0.0,0.0,0.0,0.0,0.0,0.0,0.0,0.0,0.0,0.0,0.0,0.0,0.0,0.0,0.0,0.0,0.0,0.0,0.0,0.0,0.0,0.0,0.0,0.0,0.0,0.0,0.0,0.0,0.0,0.0,0.0,0.0,0.0,0.0,0.0,0.0,0.0,0.0,0.0,0.0,0.0,0.0,0.0,0.0,0.0,0.0
200809,0.0,0.0,0.0,0.0,0.0,0.0,0.0,0.0,0.0,0.0,0.0,0.0,0.0,0.0,0.0,0.0,0.0,0.0,0.0,0.0,0.0,0.0,0.0,0.0,0.0,0.0,0.0,0.0,0.0,0.0,0.0,0.0,0.0,0.0,0.0,0.0,0.0,0.0,0.0,0.0,0.0,0.0,0.0,0.0,0.0,0.0,0.0,0.0,0.0,0.0,0.0,0.0,0.0,0.0,0.0,0.0,0.0,0.0,0.0,0.0,0.0,0.0,0.0,0.0,0.0,0.0,0.0,0.0,0.0,0.0,0.0,0.0,0.0,0.0,0.0,0.0,0.0,0.0,0.0,0.0,0.0,0.0,0.0,0.0,0.0,0.0,0.0,0.0,0.0,0.0,0.0,0.0,0.0,0.0,0.0,0.0,0.0,0.0,0.0,0.0,0.0,0.0,0.0,0.0,0.0,0.0,0.0,0.0,0.0,0.0,0.0,0.0,0.0
200810,0.0,0.0,0.0,0.0,0.0,0.0,0.0,0.0,0.0,0.0,0.0,0.0,0.0,0.0,0.0,0.0,0.0,0.0,0.0,0.0,0.0,0.0,0.0,0.0,0.0,0.0,0.0,0.0,0.0,0.0,0.0,0.0,0.0,0.0,0.0,0.0,0.0,0.0,0.0,0.0,0.0,0.0,0.0,0.0,0.0,0.0,0.0,0.0,0.0,0.0,0.0,0.0,0.0,0.0,0.0,0.0,0.0,0.0,0.0,0.0,0.0,0.0,0.0,0.0,0.0,0.0,0.0,0.0,0.0,0.0,0.0,0.0,0.0,0.0,0.0,0.0,0.0,0.0,0.0,0.0,0.0,0.0,0.0,0.0,0.0,0.0,0.0,0.0,0.0,0.0,0.0,0.0,0.0,0.0,0.0,0.0,0.0,0.0,0.0,0.0,0.0,0.0,0.0,0.0,0.0,0.0,0.0,0.0,0.0,0.0,0.0,0.0,0.0
200811,0.0,0.0,0.0,0.0,0.0,0.0,0.0,0.0,0.0,0.0,0.0,0.0,0.0,0.0,0.0,0.0,0.0,0.0,0.0,0.0,0.0,0.0,0.0,0.0,0.0,0.0,0.0,0.0,0.0,0.0,0.0,0.0,0.0,0.0,0.0,0.0,0.0,0.0,0.0,0.0,0.0,0.0,0.0,0.0,0.0,0.0,0.0,0.0,0.0,0.0,0.0,0.0,0.0,0.0,0.0,0.0,0.0,0.0,0.0,0.0,0.0,0.0,0.0,0.0,0.0,0.0,0.0,0.0,0.0,0.0,0.0,0.0,0.0,0.0,0.0,0.0,0.0,0.0,0.0,0.0,0.0,0.0,0.0,0.0,0.0,0.0,0.0,0.0,0.0,0.0,0.0,0.0,0.0,0.0,0.0,0.0,0.0,0.0,0.0,0.0,0.0,0.0,0.0,0.0,0.0,0.0,0.0,0.0,0.0,0.0,0.0,0.0,0.0
200812,0.0,0.0,0.0,0.0,0.0,0.0,0.0,0.0,0.0,0.0,0.0,0.0,0.0,0.0,0.0,0.0,0.0,0.0,0.0,0.0,0.0,0.0,0.0,0.0,0.0,0.0,0.0,0.0,0.0,0.0,0.0,0.0,0.0,0.0,0.0,0.0,0.0,0.0,0.0,0.0,0.0,0.0,0.0,0.0,0.0,0.0,0.0,0.0,0.0,0.0,0.0,0.0,0.0,0.0,0.0,0.0,0.0,0.0,0.0,0.0,0.0,0.0,0.0,0.0,0.0,0.0,0.0,0.0,0.0,0.0,0.0,0.0,0.0,0.0,0.0,0.0,0.0,0.0,0.0,0.0,0.0,0.0,0.0,0.0,0.0,0.0,0.0,0.0,0.0,0.0,0.0,0.0,0.0,0.0,0.0,0.0,0.0,0.0,0.0,0.0,0.0,0.0,0.0,0.0,0.0,0.0,0.0,0.0,0.0,0.0,0.0,0.0,0.0
200901,0.031717157216082946,0.0,0.0016681834954364225,0.005300071651645398,0.014316768886045985,0.008322285951977338,0.0,0.004969175209211979,0.008120790475175313,0.0022421124154970405,0.002160808885800211,0.0021414157408695387,0.0016681932755933332,0.0086006815607629,0.005433287065698946,0.0,0.01390484353320165,0.005561665114029891,0.0002534314651233264,0.0034087995990651596,0.0009280171298219566,0.0073613125085612826,0.001217230056011429,0.0,0.003287092832897005,0.009094253798276688,0.0,0.0028668175901390776,0.0015355697764115636,0.0006743082021117866,0.0,0.0,0.00030351183248549397,0.0017344166296704567,0.005468098879369927,0.0033953021453012175,0.0059021954575130256,0.0019368369649414175,0.0025573406731624524,0.0,0.005986465558632112,0.0,0.0005623068734306246,0.011903921178684253,0.0,0.00480394367831726,0.0,0.007708216965724692,0.0,0.0,0.0037342066032984796,0.018431909321131822,0.030535999046338316,0.008734815566640942,0.0,0.0037768690938256282,0.0,0.0,0.0,0.00208308508553551,0.0,0.004656778789215451,0.0,0.0,0.005917870145953888,0.015495913463739845,0.0003335876909843595,0.00036212381460947195,0.005380514262100623,0.006238730472648221,0.010351062729180774,0.007129083298137872,0.0004946609573155358,0.002651058673385277,0.0003011164744657183,0.0,0.007694880330130714,0.0,0.0028887811482639076,0.005266278959831322,0.0,0.0,0.005321393336155538,0.00017633209930182871,0.018278581246467744,0.0,0.0008739310465421655,0.0,0.0007733947389072668,0.0020855917168916024,0.003032331576772339,0.004560453920963701,0.0033594760193769156,0.013145309476862118,0.0,0.003200389774208719,0.0,0.0008215846131276976,0.0,0.016143635727608865,0.006477723095308476,0.002458130409690866,0.006704638899060879,0.001983692422453483,0.0,0.0,0.0018288860233814245,0.001571404263402182,0.008335879257317517,0.0,0.0,0.009095236468331134,0.0098974619544905
200902,0.03175132977992786,0.0,0.0017653738155752013,0.005465648115843656,0.01405938282861313,0.008242782025647398,0.0,0.005089471463489452,0.00819607708051871,0.002065038583477463,0.002304082606118761,0.001960211959220969,0.0015432334431447494,0.00865259799160898,0.005706062788643164,0.0,0.013815720528557255,0.005820797367410015,0.00021725653345135802,0.0035818176295049717,0.0009141132379547384,0.007524617964969176,0.0011396994032833625,0.0,0.003198486165136984,0.009058093867920213,0.0,0.0027109113634336862,0.0018883305790443371,0.0004986345191004106,0.0,0.0,0.00013151682233262764,0.0014917196222027807,0.006528738604544625,0.003447199832736823,0.005750232975943094,0.0017511110155195538,0.0023523118415840834,0.0,0.006096029625477961,0.0,0.0006835871170548905,0.012265517232511786,0.0,0.004333894252073555,0.0,0.007760062068808706,0.0,0.0,0.0035779913868169565,0.01907241741533778,0.030239498169854866,0.00847802146014723,0.0,0.0039484534783567945,0.0,0.0,0.0,0.0023737729629410894,0.0,0.004602733073094445,0.0,0.0003046045640527565,0.005742436837508456,0.015222520319391192,0.0005805839718568118,0.0001809026146317007,0.005098059139381731,0.006215408487358691,0.01040156949758021,0.0074099257189814945,0.00035414946259080697,0.003054903455393843,0.0,0.0,0.007864116547285164,0.0,0.0026907076300858633,0.005333378963095106,0.0,0.0,0.0054052895838139214,0.00037483617552888497,0.018663870331674447,0.0,0.0007397013340404463,0.0,0.0003700831080104321,0.0023539265704376937,0.0032784213484848943,0.004563484540666686,0.0033439662096681486,0.012978838674814766,0.0,0.003517103889030787,0.0,0.001277138110846441,0.0,0.016074372935216796,0.006681269705166301,0.002645523478380579,0.0071319013741580235,0.0018699400461683956,0.0,0.0,0.0021397741520350066,0.0012453213022788083,0.008179716439661863,0.0,0.0,0.00897312124505641,0.009790039278460108
200903,0.03169444138406373,0.0,0.001478697909134488,0.005527765288986048,0.014029757022288395,0.008275157291301941,0.0,0.005231307463235666,0.008089051176329208,0.00180608102533415,0.002166251431354539,0.0019352037376652539,0.0011472978010219539,0.008603157950635144,0.0060582079361519775,0.0,0.01404313642305323,0.005615251293605012,0.00023943525620513377,0.003668712582968005,0.0010471065049980578,0.0077870076134834345,0.0010752948707473695,0.0,0.002984163385262046,0.0091496767906788,0.0,0.0028817185122800657,0.0018157670810171676,0.0004130246568905649,0.0,0.0,0.00010854772481209908,0.001594200825323358,0.007524086728045411,0.0034418332362246076,0.005821349714931694,0.0017711008584861353,0.00226656014353414,0.0,0.005819129649721882,0.0,0.00043571918213746667,0.012959975265059112,0.0,0.004234316364802939,0.0,0.008043772288723128,0.0,0.0,0.002486112325951009,0.018522757121295707,0.030004054803157463,0.008924879740069945,0.0,0.0043523528818878695,0.0,0.0,0.0,0.0027074836296925708,0.0,0.004689512716255087,0.0,0.0006423382250502019,0.005642631768104904,0.01564394513125645,0.001011017992986618,0.0007371471627047514,0.004887727942579627,0.006274694318379643,0.010298854044843101,0.007418014453943667,0.000381458512743516,0.0029823797741166795,0.0,0.0,0.00756778528060521,0.0,0.002840519271298517,0.005527849867056149,0.0,0.0,0.00558186703570644,0.0,0.018830302162380654,0.0,0.000986191289235534,0.0,0.0004172936943443102,0.002307979123824638,0.0032538549873456428,0.004410551962812601,0.0032308506647271227,0.01289581847124855,0.0,0.0035737081417580906,0.0,0.0011433664218229278,0.0,0.016395824961165126,0.005658105277848395,0.0030906946194274596,0.006827050411177841,0.0017889939719261767,0.0,0.0,0.002178534367575474,0.001285212266902132,0.00845858890819031,0.0,0.0,0.00960129255470287,0.009579543738449716
200904,0.031404680197750355,0.0,0.001734213142236799,0.005783422480477266,0.014065193454942197,0.008485579222547845,0.0,0.004811566153028634,0.008132658340280131,0.0017445147555058542,0.0025211888538059467,0.00214762144270385,0.0014359917960622076,0.009004162723074345,0.005983530532604628,0.0,0.014128149964278603,0.005590612671762091,0.00026121060087738024,0.0037455208747085504,0.0010754284293129632,0.007667755969415039,0.0011140198729391885,0.0,0.0030735770425297715,0.00940016204850522,0.0,0.003228052966552307,0.0021681382267564487,0.00016020760710015478,0.0,0.0,9.97209277610563e-05,0.0014843085361097399,0.006878051977469743,0.0033922509788887074,0.005884047612579297,0.0018469228713373497,0.0024655262818065746,0.0,0.00586844581199676,0.00012963989318785942,0.000315484503103384,0.013227771354224652,0.0,0.004066631387481941,0.0,0.008089183377652416,0.0,0.0,0.002002560295260538,0.018723736473785817,0.029645006275767237,0.008861360070622713,0.0,0.004646338456201931,0.0,0.0,0.0,0.002927959015673438,0.0,0.004464250498314699,0.0,0.0009194287972270907,0.005691913751491789,0.015401121726048588,0.001482345413741958,0.0007274147892280317,0.0045799876455993056,0.006234284509209434,0.010412322821535378,0.007449222770647729,0.0006136588224494449,0.0035039393269573295,0.0,0.0,0.00740746802436053,0.0,0.002909477557035369,0.005246251344172231,0.0,0.0,0.005931299929134519,0.0,0.018950104220224803,0.0,0.0012394920697010412,0.0,0.00032072718191438973,0.0020534420440524634,0.0029445402465995297,0.004449512279324071,0.003508086992777935,0.013026156758798388,1.8507146085817845e-05,0.003480702534402158,0.0,0.0011153294484630462,0.0,0.01612684748665004,0.005286614626962155,0.002732082067455752,0.0066078854976148295,0.0017844999183212575,0.0,0.0,0.0020723545226339042,0.0011235937703692835,0.008394165695273945,0.0,0.0,0.009600998811236659,0.009484899760442339
200905,0.031051797963638172,0.0,0.0019160233412522732,0.005721005561526597,0.014000139785761158,0.00850006683612104,0.0,0.004986238655664005,0.007998619971963812,0.0020561702063886054,0.002921372789815483,0.0021888045506198365,0.0018983946919311524,0.00911946722525881,0.006390967799509555,0.0,0.013780772693552582,0.005383779385884728,3.740125575707875e-05,0.0037964999306246278,0.001160917570485696,0.007886194124407548,0.0009948205373566568,0.0,0.0030187852115829555,0.009490635559015392,0.0,0.003808053199958509,0.002572512108804923,7.941789630284088e-05,0.0,0.0,2.1969940844027e-05,0.0013793525182624943,0.0065606731242899554,0.0034708368721801538,0.00613673051834922,0.002549054532692511,0.002341281349571917,0.0,0.0059544546064148815,0.00013005442074926063,0.0001962119925452665,0.013201488319103734,0.0,0.003704110317216617,0.0,0.008379528101589264,0.0,0.0,0.0025247111509520068,0.018744202481515895,0.030497355299454184,0.008784415947223945,0.0,0.004324741301758341,0.0,0.0,0.0,0.0030691962974234376,0.0,0.004054181739617259,0.0,0.00043729591499631925,0.005667533462615173,0.015325933464926972,0.0016661915589396001,0.0012816766490656715,0.004848637690884615,0.006381218359311587,0.01041234842728347,0.007247348758108693,0.0007203576354351774,0.003944639103245475,0.0,0.0,0.007632913849883257,0.0,0.0031944752301864285,0.0052828256534313695,0.0,0.0,0.00635219038170326,0.0,0.019287454276903458,0.0,0.0007361077248861064,0.0,0.0002975224323704685,0.0022837770985121965,0.0029009681782513437,0.004541500660642503,0.003709322321518247,0.012686265907582572,0.0,0.0035521076271950985,0.0,0.0011745090792198297,0.0,0.016143468935161852,0.00555482773375082,0.002808560229008811,0.006978529099472207,0.0018159944159537853,0.0,0.0,0.00249277295228268,0.0010751748558861394,0.008526863397760967,0.0,0.0,0.010398290901679779,0.009638487313816599
200906,0.03091267369639789,0.0,0.0021079560419076677,0.0056288521175494955,0.01410550813150568,0.008320869541544528,0.0,0.005204009912523849,0.007784741073344367,0.0017455975350195749,0.003137997330482618,0.0021149100690268426,0.002282232157337189,0.00951303417295788,0.007023043573692473,0.0,0.013375953815264442,0.005446170703729312,0.0,0.0038909723953810685,0.0011411190337382144,0.00789337041646209,0.0007735899350898446,0.0,0.003090159178245386,0.00918322413343541,0.0,0.00417259001850465,0.002970651766244377,0.0,0.0,0.0,0.0,0.0014073285282448697,0.007263124269642714,0.003311535706387908,0.006175250454072249,0.002938059816815292,0.002179458859019207,0.0,0.0064498812008720345,0.0,0.0001016543041437132,0.013712527485086267,0.0,0.0029971858908983025,0.0,0.008813170057164359,0.0,0.0,0.002847945285025325,0.018984362392751235,0.030653013833704747,0.008311471122544547,0.0,0.0035451181751341054,0.0,0.0,0.0,0.003073662969386278,0.0,0.0037677135526032047,0.0,0.0003705769740419643,0.005931061638833817,0.014925970187357734,0.001585894758478513,0.0016874001094923175,0.005286982627882863,0.006394520626350537,0.010249242911857727,0.006949591947795614,0.0006815671527500316,0.0036420294620999184,0.0,0.0,0.00789397381192346,0.0,0.003510090728545147,0.005507617345892606,1.9447527014169008e-05,0.0,0.006708507009997761,0.0,0.019691733510088523,0.0,0.00015775959947562644,0.0,0.0,0.0024582329569663706,0.0030130078861680286,0.004566720149234606,0.0033640240470132108,0.012482557985243847,0.0,0.0033009098216135817,0.00040407015823892844,0.001226131232252892,0.00029741395811966673,0.017093396173758907,0.0063783075531385494,0.002918762448284336,0.006724617203192151,0.0013180899612585258,0.0,0.0,0.002875046456388007,0.0008815948700346164,0.008667434353419892,0.0,0.0,0.010967719947614871,0.010364363694261452
200907,0.030778062618502654,0.0,0.0014001775965130582,0.005504755440432064,0.014016624754085365,0.00865927922398979,0.0,0.005406621954633777,0.007894759845874073,0.002749007869277661,0.0025109362496989387,0.0016383909508706817,0.0025262690732286526,0.009114841577928528,0.00718645025696957,0.0,0.013936518424042138,0.005270388933070803,0.0,0.003726029728870223,0.0007719820001043634,0.007840197582118872,0.0010520091510907716,0.0,0.0031237046332257,0.00835799370854794,0.0,0.003798642182797117,0.0026614903817722213,0.0,0.0,0.0,0.0,0.0014626842968096189,0.0060045951118449965,0.0033582477543232935,0.00580444338041307,0.0027814972258584122,0.0024543620993490427,0.0,0.006225675310369092,0.0,0.0,0.013268813880255472,0.0,0.0030406876641070465,0.0,0.008865788949074093,0.0,0.0,0.002794272066955369,0.01852323228472022,0.029971046406420763,0.007675070500835488,4.711694279607951e-05,0.004090440667243085,0.0,0.0,0.0,0.0029692265697751413,0.0,0.003652929284469493,0.0,0.0,0.006013092035130425,0.015078713825179245,0.0008934564538696197,0.0012465371219354637,0.0053873101223112915,0.00650582756980722,0.009972576111921485,0.007279408322992597,0.0007407295722104482,0.00315599944204134,0.0,0.0,0.0077975567154007375,0.0,0.0034297618826319896,0.00548555583698117,0.0,0.0,0.0072950498874793665,0.0,0.019809500288902864,9.688810818567366e-05,0.0004824059545701757,0.0,0.0,0.002852472999149856,0.0033245845845639543,0.004809420317427783,0.003383972623146423,0.013451646779869025,0.0,0.0029252052663744374,0.0005416525805457042,0.0008326040560150151,0.00022053062731511788,0.015693531180889956,0.005327883382222931,0.0027520447317548034,0.006241893937374207,0.0023498793731981044,0.0,0.0,0.0028197018886054514,0.0011787077217394798,0.008610436672671806,0.0,0.0,0.010923356834906276,0.009502536837094757
200908,0.031087529750369877,0.0,0.0010374015204703934,0.005572256665994091,0.013876378922117643,0.00882098231973999,0.0,0.00560857555706302,0.007504905346537207,0.003735133640820052,0.0024908977076345744,0.001696156915281194,0.0026280627151745594,0.008569538023556278,0.007157790810076094,0.0,0.013951240333207668,0.005395712501914028,0.0,0.003896586042498237,0.0007960200224993022,0.008052108695682835,0.0011130095357683794,0.0,0.002926885470360055,0.008074779527175521,0.0,0.003961947040644752,0.0027227943156292824,0.0,0.0,0.0,0.0001792498694832658,0.0016822027352958015,0.0023501346509547253,0.003275395229689966,0.0059540737736204115,0.0031376624198118847,0.00230453354944523,0.0,0.005944794702123993,0.0,0.0,0.012964787735952167,0.0,0.0035769384031524845,0.0,0.009007181378975535,0.0,0.0,0.004757827740759435,0.018507560211933838,0.030141201993699213,0.008243748118667835,0.0,0.004075783609820608,0.0,0.0,0.0,0.0029061598101094584,0.0,0.0036139927078813476,0.0,0.0,0.006314371426472115,0.015331735386778867,6.456534275448291e-05,0.0012524762674932532,0.005585226863717288,0.006660890718349402,0.010324607177244436,0.006775563408496463,0.000763557149602022,0.003691614547033145,0.0,0.0,0.007918857170691879,0.0,0.0037332847140366166,0.005185438887040964,0.0,0.0,0.007993788259324333,0.0,0.018864873964388944,0.0,0.0004904330158926301,0.0002092582698336238,0.0,0.002534918326660516,0.0031735551511803935,0.005149708114295695,0.0035751749622343013,0.013647986387597462,0.0,0.0025327607671601195,0.0019910091662444142,0.0008489653602278213,8.037262639161071e-05,0.015609400016717092,0.005122158622221679,0.002499609549025788,0.006337948265177928,0.0026566481632700092,0.0,0.00026395406535501166,0.003104212618362812,0.0012895105907734367,0.008506526484063814,0.0,0.0,0.011680816877798827,0.008843545733850822
200909,0.03138606714681561,0.0,0.0006843894615639676,0.004878898082166911,0.013682375358762912,0.008671645937377239,0.0,0.005435672201724357,0.007727624966706006,0.002526926504899913,0.0018224179500325375,0.0010938650427419596,0.00138202049640391,0.00820870782667229,0.007282972276560925,0.0,0.013765038522990105,0.005218066946945176,0.0,0.004139789704405565,0.0003448002253969067,0.007605261462644502,0.0008816486889070735,0.0,0.0026823891910469607,0.007828568462291264,0.0,0.0018094708138368107,0.00264914393525616,0.0,0.0,0.0,0.0001423221545782158,0.0013014949286525308,0.004551441388637922,0.0033812961232095548,0.005280303773333488,0.002812928537077503,0.0018823136214025807,0.0,0.005794090814416881,0.0,4.049331558502103e-05,0.01278703188587276,0.0,0.00437682461338458,0.0,0.008661496578596332,0.0,0.0,0.005285621091562485,0.01758138249571921,0.031802550452178585,0.007013610828707475,0.0,0.0045146528322095045,0.0001415834158830784,0.0002475483491265581,0.0,0.002235160095764264,0.0,0.0046845741116415115,0.0,0.0,0.006181323845873599,0.014772786695658199,0.0,0.000722355491896307,0.005390959404589175,0.006871771670157135,0.010042288870163094,0.007343526856059636,0.0005777953060721379,0.002731447646501202,0.0,0.0,0.008458664266392357,0.0,0.003927483602859196,0.00523133760624777,0.0,0.0,0.005921196033426297,0.0,0.01803142854129533,0.0,0.0007035797793237649,0.0,0.0,0.0013338956065220714,0.0017171804584251232,0.005487679821123944,0.003448349651648878,0.012072082684030002,0.0,0.0023255761643543567,0.001900928580026401,0.00020516431179200397,0.0,0.015317608310505375,0.006085811068508518,0.0027357202317636457,0.006701073917230072,0.0025102598833536046,0.0,0.0002606128133336524,0.002418369317521754,0.001400295459988554,0.008211342063482509,0.0,0.0,0.012555420237973482,0.008743549842599114
200910,0.0310621648062773,0.0,0.0008038984245429248,0.005048133291419846,0.013826992291364753,0.009369491518887836,0.00010758376534326113,0.005613690634722012,0.007882612991671263,0.000874126496231814,0.0007511025967383727,0.00019709943786631737,0.0011064226926294262,0.008290524697228057,0.007574121146811343,0.0,0.014025422773937986,0.005312596063025373,0.0,0.003330460627768908,0.0007246047230767243,0.007440309165404776,0.0009254347792677526,0.0,0.002545497541742346,0.00825835779823196,0.0,0.0012641667935569183,0.002771241381853836,0.0,0.0,0.0,0.00010348631438520646,0.0012160887998997828,0.0061990508050123435,0.0035712815709892385,0.0048780002638430095,0.002044111156422576,0.001912591815864388,0.0,0.004678611817660667,0.0,0.00015864489226367836,0.013044490009818038,0.0,0.004630691708616814,0.0,0.00877945898329903,0.0,0.0,0.0061004090556547414,0.01684692303295738,0.03267113900360933,0.007326804145360759,0.00012907419438600937,0.005294315285476916,0.0,0.0,0.0,0.002476942522213484,0.0,0.005088736889610708,0.0,0.0005328912433572027,0.006190987728291153,0.01526065595209727,0.000549820470600397,0.00027440154137123,0.005531874854872743,0.006691022476935093,0.00980171354480246,0.007318435671663072,0.0011488679859024899,0.002992851476673827,0.0,0.0,0.008604664597379935,0.0,0.003409393047352169,0.005174915168659916,0.0,0.0,0.005148644448695877,0.0,0.018100178437146532,0.0003627151622269223,0.0012737821247327636,0.0,0.0,0.0015951214908800644,0.0014872641444712096,0.005852112866123464,0.0030916814386175813,0.010604492449220543,8.488850467231143e-05,0.0030896217539037856,0.0016051694451444465,0.00015043421132866384,0.0,0.014943156184814578,0.006362669401204743,0.0025308232549214704,0.006669114359113763,0.0017904130953100385,0.0,0.00045450557723231404,0.001975070497365229,0.0013425491902593943,0.007735571810695049,0.0,0.0,0.01213120444446365,0.008566032089384217
200911,0.030611576577440795,0.0,0.0010855895522528239,0.004500559084891835,0.013284817661219393,0.008481637177541102,1.7770855395526192e-05,0.004743527036164495,0.008537132224459164,0.0009227641297415445,0.00013974267107431498,0.0003151715890744504,0.0005095275509960037,0.00924052459041186,0.008127247197679618,0.0,0.013613435763073441,0.005005440003547221,0.0,0.0035653050829006095,0.00046027665291227077,0.0074093182927122865,0.0004543789531247527,0.00018254387688601442,0.002230798594003744,0.006861157228376637,0.0,0.0008632986303517716,0.0026975156521794473,0.0,0.0,0.0,0.0005203499350160145,0.0008709713891062211,0.008319755401447821,0.004128947005470598,0.004913987764650843,0.0011939152514757725,0.0016820572002606538,0.0,0.0047844339358343565,0.00018990302899016192,0.00018708591255590554,0.013204503282673518,0.0,0.003755664041929912,0.0,0.008280089040263377,0.0,0.0,0.0052074216603274675,0.0153317745706087,0.03263775916506585,0.007169208086682498,0.0009044872196145451,0.004344791246966749,0.0,0.0,0.0,0.002198258407177053,0.0,0.004627692824940932,0.0,0.00169120279387844,0.005941680434994838,0.01562797047989489,0.0010670771604853221,0.0,0.0048776849389264715,0.006883286100749615,0.009290284929368068,0.0070063169080910575,0.0012318377355386304,0.0035542755985873793,0.0,0.0,0.00816842872184158,0.0,0.004011687818059242,0.004634694333746376,0.0,0.0,0.004555241835835128,0.0,0.01826685802789548,0.00047436008946785435,0.0009749813449548801,0.0,0.0,0.0014774520987890693,0.0014074529257952497,0.0056849670979485555,0.0033970034285347663,0.009285341503269661,0.0004023637536465446,0.0029033633502322923,0.0,0.0,0.0,0.01605538875182195,0.006812777187047398,0.002846284635606972,0.006484784759393128,0.001941437432643608,0.0,0.000987592615578339,0.0019440085620419701,0.0010906276957162752,0.008464244006921251,0.0,0.0,0.012119025016371913,0.010160746936632787
200912,0.030422829682574568,0.0,0.0007167308219889887,0.004084546148495735,0.013188765737460223,0.008078670555758201,0.0,0.0047858366953802125,0.008776672957192831,0.002146846380164234,0.0,0.00040885295138537057,0.000696734018809654,0.009501903660917802,0.008311993778992825,0.0,0.014031778151852492,0.005113294088355674,0.0,0.004087199403724716,0.00045615643508386123,0.0074883898956078455,0.0006739444113599182,0.00015667129741896548,0.0020380157711287236,0.006184657412848829,0.0,0.0006496361388171546,0.002178986201355883,0.0,0.0,0.0,0.00012870681755412664,0.001272793069465221,0.008189304319324048,0.004351275992763369,0.005078604333035121,0.0009617764439629515,0.0014248022510664879,0.0,0.005472847217565301,0.0,0.0005268933741733315,0.014069345376278342,0.0,0.0029207054717222073,0.0,0.00815796937181039,0.0,0.0,0.003611481012756017,0.014944920677582513,0.032539198518418064,0.007316838897461633,0.001591376343151401,0.004579847026839361,0.0,0.0,0.0,0.0024848122782789818,0.0,0.0043786494917286735,0.0008080146635501088,0.0015711795554005632,0.0059537285994455715,0.01605297258122885,6.955662877120933e-05,0.0,0.004772027213449126,0.006931415174679832,0.009325054523699888,0.007163206266730561,0.0009639034508556411,0.0031643184775226874,0.0,0.0,0.008361527784149333,0.0,0.004146874718582013,0.00446773148273687,0.0,0.0,0.0057281331926510625,0.0,0.018404854777334723,0.0006577670250725642,0.0009959760246762317,0.0,0.0,0.0009526537831084401,0.0009907265221955246,0.006140757788472105,0.003586110621842193,0.009960557830289376,0.00034273863487191164,0.002429521486558883,0.0009000985686910867,0.00019638348929933505,0.0,0.014956854777037665,0.006131922895859471,0.003050915398983933,0.006474187466496127,0.0025119697707082127,0.0,0.0004884921732518621,0.0028630655659022345,0.0009217374058715908,0.00891708254345686,0.0,0.0,0.01285452628968382,0.010643925152272147
201001,0.029385131792361473,0.0,0.000377094125932891,0.004169571578734984,0.013028662941286795,0.008182628633569415,0.0003857709706187557,0.0045922497856868,0.009752267298459662,0.002645469978851282,5.994888748327979e-06,0.00081075182469577,0.0026674620313712604,0.010583925430653984,0.008060114306185816,0.0,0.014089761611023847,0.005610195872413002,0.0,0.003824518553040673,0.0007058025265339139,0.00739573441403921,0.0010362251404462035,6.787032867031809e-05,0.0024971331216482556,0.006864137765510345,0.0,0.0005917508503964951,0.0015822745654621875,0.00030196689381159687,0.0,0.0,0.0,0.0014663183272003498,0.003245440597603519,0.005081765970557225,0.005792305022591621,0.001095341776242934,0.0014136012825581032,0.0,0.005634908984466496,0.0006084089122933073,0.0007201925158253282,0.014354278842699688,0.0,0.0018319449078308618,0.0,0.007840956408150431,0.0,0.0,0.004117791674443709,0.013959977247240496,0.031904810132759844,0.006482380174550019,0.0021528877281694744,0.005620740593641293,0.0,0.0,0.0,0.002669716885764201,0.0,0.003945821315796794,0.0019728704947985986,0.002924470552331473,0.005995722791306493,0.01611253455111967,0.0,0.0,0.003312102218349067,0.006523231851735865,0.009678844883949912,0.007235060756670067,0.0013758931562679545,0.001653793295888653,0.0,0.0,0.008525199930084347,0.0,0.004358494209802,0.005296867467553976,0.0,0.0,0.007406371329209263,0.0,0.019405183346955544,0.00029138526740184184,0.00017844684125434176,0.0,0.0,0.0,0.0004215810137994537,0.006100087784621193,0.003935180580555301,0.009345603997222594,4.258441104143633e-05,0.0031263947448648658,0.0018918946306744218,0.0,0.0,0.014302967102673092,0.004583871026205283,0.0024374713041580534,0.006419956223743996,0.002628142413481805,0.0,9.253180897650932e-05,0.0027307589365347025,0.0010419477812867403,0.00952657901748968,0.0,0.0,0.010566432406282316,0.012421731496337567
201002,0.029146890758557642,0.0,0.0006259578281906134,0.004402718502017877,0.013032355084030264,0.008076666065287763,0.00029124673876127475,0.004947808936105604,0.009530012908592704,0.0023597598749616703,0.000246950868081834,0.0010430900934274936,0.0032174212333147124,0.010883463675276083,0.00812797794992447,0.0,0.01375891756034699,0.0053741960846182164,0.0,0.003917387273146231,0.0007290954939454868,0.007171852343890461,0.0009849646292381482,0.0,0.002319342535547492,0.0063092255511884646,0.0,0.00035339998289955494,0.002120224913928902,0.00018330203201098467,0.0,0.0,0.0,0.001580277901320476,0.0015780425626187246,0.005385927629224894,0.0062171525067033695,0.0008272008467389122,0.0017794225567741159,0.0,0.0056373597804530865,0.0007139391303636289,0.00044922808477924285,0.013748861810713029,0.0,0.0020408805176518187,0.0,0.00816259637412084,0.0,0.0,0.00614603664557207,0.01444072802247939,0.032035554497201954,0.0070321054533517445,0.001134116373712886,0.005267793849920046,0.0,0.0,0.0,0.002801482679110316,0.0,0.0039799403758381535,0.001334586188444687,0.0034571700577584034,0.0059623894928172196,0.01691304625730762,0.0,0.0,0.002849135904048015,0.006448447883993973,0.00946294270055359,0.007113922634775718,0.0015046199395276738,0.0016743385460312333,0.0,0.0,0.00872462041974822,0.0,0.004332607564637691,0.005910556198893109,0.0,0.0,0.0069925932624606835,0.0,0.01990442646258024,0.00020286468428627654,0.0,0.0,0.00021357297709566553,0.0,0.0005407175374959289,0.006125015941427024,0.004254438021669943,0.00864459767496037,0.0,0.0028361850723552955,0.0016846557686928192,0.0,0.0,0.013763981539380224,0.004770266564921193,0.0025461915285523947,0.006526326285826311,0.002473176808718474,0.0,0.0,0.0025820442318977488,0.0011974398246883226,0.009414013747397296,0.0,0.0,0.010221643580171873,0.01238837426788616
201003,0.03339938718087929,0.0,0.00039384972644828975,0.005191993115671622,0.013108214313610266,0.007426158406554431,2.4471661340672926e-05,0.005130196367460915,0.008895821898940618,0.0029864241336788164,0.00047659310657752803,0.0012677419372867393,0.0030404146976565375,0.01081820820864166,0.008048308359990257,0.0,0.013474774618035664,0.007832699602813804,0.0,0.0037500714582544116,0.00011807351206516289,0.006389117709104861,0.0008980948658602625,0.0,0.0021733082285849132,0.00847809902421391,0.0,0.0008891684233428265,0.002160051501818974,3.104205734671728e-07,0.0,0.0,6.594553325696995e-05,0.001140656339477375,0.003215596617461918,0.003741241636958823,0.006265118976714933,0.0009818358749785231,0.0013754844405069085,0.0,0.004911951060007308,0.0,0.00031069577622025007,0.013903992953487725,0.00011263500483920844,0.0019298805108975473,0.0,0.008486275030545573,0.0,0.0,0.00514784984695658,0.014434955511919766,0.0322384831046023,0.007481592453044477,0.0016588315477802133,0.005485307853711804,0.0007349487645508977,0.0,0.0,0.0021089998934574698,0.0,0.004743828446328035,0.0009450165959358914,0.0033482108502011997,0.006055425810857933,0.015427140490393114,0.0,0.0,0.003380990582240928,0.006351164600823516,0.009086731517265906,0.00701079502138749,0.0013156027716970588,0.0018041931174811669,0.0,0.0,0.00864257319878852,0.0,0.003972824881971019,0.006803365731818737,0.0,0.0,0.007548462624995612,0.0,0.020429740155711543,0.0005098826789927282,0.0,0.0,0.0,0.0,0.0002807637478356936,0.006209835467457758,0.0038440423647528297,0.009637073520654163,8.417893637611859e-05,0.0031258195274727974,0.0019427050960874404,0.0,0.0,0.01385772083727865,0.005329142498484236,0.0021392356869556527,0.006327764162600309,0.003064288226640337,0.0,4.151435100932676e-05,0.0019374048800610353,0.0014726970298414386,0.009901981126528122,0.0,0.0,0.01105477322441327,0.012464852558560655
201004,0.036704616314938016,0.0,0.0,0.004747071890965903,0.013112553035430782,0.007862046728432097,0.0,0.005188893918438788,0.008125754203527971,0.004975763001346011,0.0,0.0018702958654234813,0.0018824159337335453,0.010729204562876656,0.007632929385242706,0.0,0.013841949587607042,0.008784608159980936,0.0,0.003966222907656697,0.0,0.005960365966229511,0.000994276847777471,0.0,0.002322691917138533,0.011681366168042237,0.0,0.0016472492032835644,0.0015709853888016918,0.0004906366482990737,0.0,0.0,0.0,0.0008900771234839043,0.003516383459470608,0.0022514335678174915,0.006581804435225889,0.001246583174561396,0.0015389853428382984,0.0,0.004560858508377014,7.079748834820284e-05,0.0,0.013762646754303512,2.4753892173907945e-06,0.0024144440565694886,0.0,0.008155240107759672,0.0,0.0004575318111949771,0.0025234117173192636,0.014513792096219143,0.03218163823653002,0.005800744534166604,0.001795247784657713,0.006025009375464871,0.0017643746988446865,0.0,0.0,0.002517875105018983,0.0,0.005160633587628537,0.0002855703436600263,0.002727777214423362,0.005680046168745055,0.012725493487807554,0.0,0.0005312887904326386,0.0035527286218503267,0.006792598099551787,0.008800818973400208,0.007736858609801032,0.0015792612436220754,0.0020436201937684044,0.0,0.0,0.008385201209776642,0.0,0.003947553835905981,0.007011281541047059,0.0,0.0,0.007803478750174686,0.0,0.018916246457303085,0.0003173038976963994,0.00023127355326536575,0.0,0.0,0.0,7.003254560046765e-06,0.006142259583534502,0.0038549365127266946,0.00897904816397372,8.717907793094388e-05,0.0042673227015732635,0.0029271939506987548,0.0,0.0,0.015353478500253225,0.004131838568461913,0.0020067365111988236,0.006361436346483258,0.00452665779993102,0.0,0.0,0.0016535378127039008,0.001569222351260728,0.009815134552907067,0.0,0.0,0.010827836962983107,0.012222894438664662
201005,0.036668880489586914,0.0,0.0,0.004779685617083161,0.013211907247301462,0.007591650715942568,0.0,0.005086738784299188,0.008466777701124025,0.00572453841142022,0.0006701435834623223,0.001568016224459949,0.002257947754306269,0.010891308024362908,0.007027243043412609,0.0,0.013529279788073965,0.00991534572692287,0.0,0.0037379878091393674,0.0,0.006351319476809532,0.0008782172572334537,0.0003179193165904789,0.002743690110268577,0.013187637128247415,0.0,0.001803148826624811,0.0009269454006776393,0.0011429033628190253,0.0,0.0,0.0,0.000674892371440292,0.003857443889972376,0.002159961780330529,0.006370381191242043,0.0014224520397593601,0.0017909748334270059,0.0,0.004509637850236009,0.00023431217892418903,0.0,0.01336261557808456,0.0,0.0017582553903955063,0.0,0.008229460980986847,0.0,0.0,0.0030103310307260456,0.01489734729938044,0.03159170010926976,0.006236613153328202,0.0019616539528477532,0.006379493846278198,0.0020208768219131114,0.0,0.0,0.0028010045084786044,0.0,0.0049684808546936274,0.0011696525922130373,0.00295317907984763,0.005964493695461066,0.011592979862215016,0.0,0.0,0.003937563033835924,0.006591993846116149,0.008223270533116372,0.008073388845581791,0.0017172487117388315,0.0028794824846565207,0.0,0.0,0.008291677753796921,0.0,0.0037275469632644153,0.006737768206346386,0.0,0.0,0.007704265439961974,0.0,0.018915229416030247,0.00022743108901433458,4.2077308509646124e-05,0.0,0.0,0.0,0.00019135383106503706,0.006259530612229563,0.00412212142356089,0.008399269190875826,0.0,0.0047222563317309485,0.002730744167556318,0.0,0.0,0.015803990222805608,0.004692156073295667,0.0015572698183846357,0.006691921103912834,0.005151600846901221,0.0,0.0,0.0024002668959948632,0.0012609507092024564,0.00884872672387345,0.0,0.0,0.011479410796280037,0.01304351649131377
201006,0.03793414453933934,0.0,0.0,0.004367341920284516,0.013369087908516828,0.007408487341158831,0.0,0.005300236541853066,0.008415741577965777,0.004890943659736279,0.0004465460331953791,0.001771115598427183,0.001859199003022668,0.011321621618476616,0.006188631899164875,0.0,0.013646615737294745,0.010269881161828228,0.0,0.0033397100723765224,0.0,0.0061492853100309185,0.0009298078330320408,0.00027511694444778896,0.0029487421303419914,0.013286871853474266,0.0,0.0016891436636178403,0.00082542419984464,0.0009610166149481162,0.0,0.0,0.0,0.0004924161241980809,0.0030492801156735572,0.0023518321164062855,0.006521966286059411,0.0014217723183969648,0.0018398554806435638,0.0,0.005088591705328201,0.0008752304122294492,0.0,0.014040708659021421,0.0,0.002062615696323282,0.0,0.008239909184133216,0.0,0.0,0.0022926692136229763,0.01482788601547476,0.03141399731945423,0.0060605118631601096,0.0026927061946098265,0.0067751083455934785,0.001345279727513143,0.0,0.0,0.0025958767158554058,0.0,0.004904525100205489,0.0005169291478301267,0.0033725789166786846,0.0057467777688968835,0.011392928616043132,0.0,0.0,0.004469386539512021,0.006347996707893122,0.008158775893232552,0.008441269910800837,0.002316932568267419,0.0031041987637018126,0.0,0.0,0.007447349471584184,0.0,0.003488374858102322,0.007367646547788134,0.0,0.0,0.008441337981547429,0.0001498480271854555,0.019470861943350015,0.0002383910392714044,0.0,0.0,0.0,0.0,0.0003178641225145452,0.006388523902516978,0.004156965638252299,0.00837814455716024,0.0,0.004997289649463884,0.003877592550300053,0.0,0.0,0.015776302407357563,0.004655843110839274,0.0014359806586029316,0.006754753543682137,0.004766189859706679,0.0,0.0,0.002480224762640193,0.001412688723590936,0.008717453531272009,0.0,0.0,0.011580189365011456,0.014087482700514681
201007,0.0386582549054198,0.0,0.0,0.004086480830362559,0.013597607664912819,0.0071654530115180136,0.0,0.005011268710123319,0.00840827795090144,0.005700761296342005,0.0,0.0021788879383950856,0.0021581324450359626,0.010775171824551313,0.00623911292806417,0.0,0.013430824141383989,0.01087862050034022,0.0,0.0032181268562448666,0.0,0.006123835380780907,0.0008308999041881234,0.0006306846809601191,0.0028788432468783054,0.013062245892858228,0.0,0.002208250474205574,0.00042711957682632634,0.0008444140237693448,0.0,0.0,0.0,0.0003754957414900666,0.00230075852286255,0.0022754830280214467,0.006726256109284911,0.0016014593522930974,0.002040872632922977,0.0,0.0053577070644386035,0.000893793641672446,0.0,0.013594128599556998,0.0,0.0019749490084585994,0.0,0.007774411547156037,0.0,0.0,0.0026233156646134834,0.014992482381379985,0.031567847427883815,0.006619847706745149,0.0020597914716605084,0.005760729287744373,0.001564964307287138,0.0,0.0,0.0028684833994868327,0.0,0.004646092602394392,0.0,0.0034281450722495254,0.005527797950536382,0.01139032580810329,0.0,0.0,0.004319415687888228,0.0063065583947083835,0.00782145209533694,0.008607389890650165,0.0022579004615464098,0.003686204571615537,0.0,0.0,0.006789539775798395,0.0,0.0030000321274714606,0.007799189483905999,0.0,0.0,0.008413781746110455,8.273915426130351e-05,0.01941349518580076,0.0,0.0002915937135884875,0.0,0.0,0.0,0.00032333255117203614,0.006265272349839154,0.004136668338502521,0.008422809929001851,0.0,0.004495292431856549,0.0030525410195430445,0.0,0.0,0.015655946510260442,0.004391907321077068,0.0013162039165361345,0.006903703269078203,0.005168309695352337,0.0,0.0,0.0023933768288002992,0.0012377187778033108,0.0081402437339614,0.0,0.0,0.011284030118534984,0.013579426471075705
201008,0.03929812182023323,0.0,0.0,0.00428512956904443,0.013861330551375362,0.007632225146461787,0.0,0.0047677126571624715,0.008217993464294441,0.006508409729778888,0.0,0.002625996669059923,0.002211032618211965,0.010702721443812211,0.005673855350273351,0.0,0.013080130128294835,0.011842739795287612,0.0,0.00339107218137076,0.0,0.005978760276954608,0.0008577910844510343,0.0008536373114529895,0.0033813326387342165,0.014330782800639054,0.0,0.0022423017762879843,0.00022679413519853468,0.0010493479913228296,0.0,0.0,0.0,0.00017508086369725788,0.0,0.002296208567242347,0.007142788204632358,0.0017587279457909996,0.0012716999781374144,0.0,0.005572692141206197,0.0011750602642898427,0.0,0.014517235988588664,0.00013707944789478503,0.002375586438560651,0.0,0.007104507691809316,0.0,0.0,0.0028769610279349433,0.014811106723751306,0.03149000652250201,0.0070929005936636435,0.0021835939906210346,0.004912434093218172,0.0017216788297499848,0.0,0.0,0.002649761057456989,0.0,0.004904085707857125,0.0009479917462268926,0.0032434032225863506,0.005433619802382007,0.009607515800582514,0.0,0.0,0.005219461958287579,0.006216286067096624,0.007477282902547998,0.008116557657164063,0.0024843947733911003,0.004018557678294798,0.0,0.0,0.006074312031594513,0.0,0.0025832020690747686,0.007744410154980173,0.0,0.0,0.00953571084810875,0.0007887915196814791,0.018892323899855828,0.0,0.00011174587944134993,0.0,0.0,0.0,0.00030996439493187196,0.006263049206869,0.004590707886836217,0.0084844941355843,0.0,0.004968895328832928,0.003974846749698386,0.0,0.0,0.016582578377804556,0.00432666394297784,0.0009091866771562194,0.0069355994599007145,0.005375919663230289,0.0,0.0,0.0024399569077550778,0.0012471435940079319,0.0077894351917804855,0.0,0.0,0.011679684076462787,0.014003939028032474
201009,0.039751803086331666,0.0,0.0,0.003943623636745195,0.0141463282651966,0.008433553995165781,0.0,0.0038966265364704968,0.007897680485659472,0.006806758483224839,1.625249614225632e-05,0.0029826165154148232,0.002051357049668092,0.01091091721256576,0.005370246539691541,0.0,0.013291567959013654,0.012031993578805845,0.0,0.00327532082025327,0.0,0.0061941974727883235,0.0009300174440283216,0.0007816087803814827,0.003667885018716974,0.014078171662353891,0.0,0.002545754911581837,0.0002123740976988442,0.0009109291787397395,0.0,0.0,0.0,0.0003257582930363397,0.0,0.0022847399784874786,0.0070638278280444056,0.0013922673109006106,0.001026437958782181,0.0,0.005970294597992176,0.0013141208540065508,0.0,0.015666605581394908,0.0002763226986949946,0.0018933273210038138,0.0,0.007015511853816765,0.0,0.0,0.0016560517493579919,0.014224811388978627,0.03022760411139796,0.007805069284280086,0.0029530574745596583,0.004823771947777239,0.0014586584424315426,0.0,0.0,0.002914541716417234,0.0,0.004427894941211452,0.0010123325980587493,0.0037583178694548616,0.005834776538573696,0.008625345343469433,0.000573574271545133,0.0,0.005077133134166578,0.005945606686525211,0.00742280650483613,0.00775650449116036,0.002679765113306386,0.0035993768094756675,0.0003352540552876329,0.0,0.005190722287476026,0.0,0.002859789019851705,0.008449719786031134,0.0,0.0,0.010711242597493205,0.000598113544402162,0.019226312852311765,0.0,0.00020359284081117684,0.0,0.0,0.0,0.00028445486245261254,0.006332862297826708,0.0050895489694661716,0.008426406022830183,0.0,0.004458885226378843,0.004547523389587056,0.0,0.0,0.01704323937241027,0.004301785826148536,0.0007060333403786115,0.0071631515822220436,0.005056595896804931,0.0,0.0,0.002799168591603882,0.0012692959833415052,0.00772608089387581,0.0,0.0,0.011714250061719857,0.014402257274641212
201010,0.039833272263321826,0.0,0.0,0.003942773315811803,0.014137250974938828,0.00831687882047605,0.0,0.0037012126021402124,0.008020576699486645,0.006604841711597348,0.0,0.003079478207138208,0.0023407626426204843,0.011050883886512096,0.005116512478684314,0.0,0.01310619968224531,0.011634387028460846,0.0002498140876912498,0.003321404804382295,0.0,0.006593260478311002,0.0006423544037084297,0.0010038403439985746,0.003270768791417303,0.01383058912394955,0.0,0.0025062270572029175,0.0005795536679328878,0.0007581372882021704,0.0,0.0,0.0,0.0005828022368802955,0.0,0.0024310151434461776,0.0071848316286306484,0.0010784402064798753,0.001061425277029123,0.0,0.006185672179233513,0.0013968539986554686,0.0,0.017479259014946673,0.00011673139985637524,0.0016914748066412355,0.0,0.006879013191176356,0.0,0.0,0.00045060808245110055,0.014428620004544564,0.030012737231319166,0.0076315717874779814,0.0037336447144365567,0.0060143617632163575,0.0007063373744493579,0.0,0.0,0.002646646044262835,0.0,0.004671755883495658,0.0006680917039363394,0.003949240236156819,0.005837933928047544,0.008471129142110496,0.0,0.0,0.005266787770891599,0.00576368431673506,0.007422383821656291,0.007357622080067909,0.0025131248407852095,0.0036887723733911018,0.0011134633474978771,0.0,0.0056082357206717415,0.0,0.003238404845305344,0.008845409957263425,0.0,0.0,0.012109584185662763,0.0006525107576854521,0.01886179759637493,0.0,3.0692907575528684e-05,0.0,0.0,0.0,0.00029986734407789036,0.00607734259020137,0.005376858886224597,0.00849171416853817,0.0,0.0044564063516440095,0.00541912118243772,0.0,0.0,0.016771141276100653,0.003909988706118833,0.0006418764613794406,0.006905028496065229,0.004827117428001584,0.0,0.0,0.0030748390777635935,0.001434314329385939,0.00810918179485841,0.0,0.0,0.010089817516134338,0.013369488726879038
201011,0.04074029426474079,0.0,0.0,0.003867670193854535,0.014046842842862901,0.008275022929454354,0.0,0.0030514990973127512,0.007885941045238995,0.0071462616445754105,0.0,0.0032805426497059405,0.00284453016967428,0.011977636937445111,0.005349497596442729,0.0,0.013332432206958317,0.01150758057715039,0.0008688729881490442,0.0034039642436853534,0.0,0.006156624584804211,0.0005104249316902869,0.0011444764184031298,0.00343458489441298,0.012765851868872153,0.0,0.0022937943731214942,0.000405815937755482,0.0003584344704773176,0.0,0.0,0.0,0.0004657743138253351,0.0010213632980808718,0.0023895320479193796,0.007709853312570201,0.002613714682156517,0.0017569406824668044,0.0,0.006550089137471438,0.0018181064037108877,0.0,0.0187838903203527,0.0,0.0007618311712043145,0.0,0.00578282332740853,0.0,0.000794761436074331,0.0,0.011912525402900727,0.027492907035263112,0.00881269509552345,0.0041417621775487546,0.005451109112014403,0.0007470845323407977,0.0,0.0,0.002877064108773174,0.0,0.0032085368772508567,0.0020718796376369363,0.004582306255349601,0.005667153720595054,0.009125096280860154,0.0,0.0,0.0045022418132745065,0.005029947281597547,0.00825491182132886,0.007400143945502164,0.003028303782680681,0.0032009328265362193,0.002145706541209108,0.0,0.005398880656614447,0.0,0.0024072330567302858,0.008820133325083088,0.0,0.0,0.012950494743562661,0.0009970251538084407,0.018342399735436304,8.976592722776052e-05,0.0,0.0,0.0,0.0,0.0005178499596666574,0.00608559304764825,0.005857143379165318,0.007833908275515673,0.0,0.004220246842502935,0.003459764509257828,0.0,0.0,0.01674893409851461,0.004041284903358524,0.0007067919717798258,0.006663518121848829,0.0041927358462782414,0.0,0.0,0.0029500819238168813,0.001531515970177228,0.008919225692054576,0.0,0.0,0.007794327166523642,0.012963281642329419
201012,0.041955721055337854,0.0,0.0,0.0039058458002930725,0.013964273383978806,0.008438093455372943,0.0,0.002780765366135923,0.007762962975668136,0.006425093084052373,0.0,0.003786593015532257,0.002321755168715847,0.012254415301136962,0.00485147439749211,0.0,0.013550778601751247,0.011605163865813548,0.0008075138202203914,0.0028236622813908106,0.0,0.005779714430685903,0.0010791435697286868,0.0011607942598586324,0.003468952486444171,0.012215443324124381,0.0,0.0018931853211539233,0.0,0.0,0.0,0.0,0.0,0.00041816512017998594,0.00124316602429865,0.0031594906625186004,0.008108661565309155,0.0034288034063234265,0.002105571107814175,0.0,0.006682329625264016,0.0021950371587395,0.0,0.020214459817368875,0.0,0.00045350754005200346,0.0,0.005668656382649864,0.0,0.0027841644115285565,0.0,0.009885825006731151,0.024882013765124177,0.009683422592644741,0.0047663383409657254,0.005765097732274687,0.0,0.0,0.0,0.003296582249515079,0.0,0.002090443222926634,0.0033458290523387833,0.005386405021120856,0.005725103564959274,0.00912108899951624,0.0,0.0,0.004394309626051301,0.0047373500174605725,0.009241914926627222,0.008138203327936138,0.0026705815333011216,0.003131837391001841,0.0035252571401691133,0.0,0.005764470383097959,0.0,0.0021030860754465224,0.009410209807900355,0.0,0.0,0.015416553286493261,0.0007280868569310548,0.017531117118832016,0.00016550686381249703,0.0,0.0,0.0,0.0,0.0004120152930321542,0.006316400085905213,0.006389208320185564,0.009465910164568906,0.0,0.003638194957195124,0.003226823917049242,0.0,0.0,0.014497037920148241,0.004320884350516693,0.001069293778155386,0.006567908975042528,0.0038130326502740274,0.0,0.0,0.002830537177357171,0.001171182750252269,0.009846161750966162,0.0,0.0,0.006718502408426365,0.012236823082087855
201101,0.011505466060201907,0.0,0.0,0.0,0.006677350774940602,0.003175902860511468,0.0,0.0,0.0,0.0,0.0,0.0,0.0,0.0,0.0,0.0,0.0,0.0,0.0,0.0,0.0,0.0,0.0,0.0,0.0,0.004557985454150404,0.0,0.0,0.0,0.0,0.0,0.0,0.0,0.0,0.0,0.0,0.0,0.0,0.0,0.0,0.002890382075285789,0.0,0.0,0.0024286209319339183,0.0,0.0,0.0,0.0,0.0,0.0,0.0,0.003080141778396219,0.012472372613949692,0.0,0.0,0.0,0.0,0.0,0.0,0.0,0.0,0.0,0.0,0.0,0.0,0.0,0.0,0.0,0.0018606220771449319,0.0,0.0007184443389053898,0.0,0.0,0.0,0.0,0.0,0.0,0.0,0.0,0.0012408609787858457,0.0,0.0,0.005298503159450659,0.0,0.0022107327522508714,0.0,0.0,0.0,0.0,0.0,0.0,0.0,0.0,0.0053798764267137195,0.0,0.0,0.00039554177912889797,0.0,0.0,0.0013901675192090435,0.0,0.0028006170017083245,0.0020306552266262244,0.0,0.0,0.0,0.0,0.0,0.0028770066464322286,0.0,0.0,0.0,0.0021040953855169524
201102,0.01591782962983792,0.0,0.0,0.0,0.006678651422348458,0.001878707466791128,0.0,0.0,0.0,0.0,0.0,0.0,0.0,0.0,0.0,0.0,0.0,0.0,0.0,0.0,0.0,0.0,0.0,0.0,0.0,0.0037597687774277525,0.0,0.0,0.0,0.0,0.0,0.0,0.0,0.0,0.0,0.0,0.0,0.0,0.0,0.0,0.003296770358774568,0.0,0.0,0.004523146399557394,0.0,0.0,0.0,0.0,0.0,0.0,0.0,0.0,0.008324368775915629,0.0,0.0,0.0,0.0,0.0,0.0,0.0,0.0,0.0,0.0,0.0022679474605144735,0.0,0.0,0.0,0.0,0.0015996261041207607,0.0,0.0014065296670136567,0.0,0.0,0.0,0.0,0.0,0.0,0.0,0.0,0.0016091760190570363,0.0,0.0,0.00693048447987593,0.0,7.744301043994918e-05,0.0,0.0,0.0,0.0,0.0,0.0,0.0,0.0,0.007822412624348173,0.0,0.0,0.0,0.0,0.0,0.0,0.0,0.0031052758795622535,0.002068674222400073,0.0,0.0,0.0,0.0,0.0,0.005929019479714272,0.0,0.0,0.0,0.0025520049940822454
201103,0.015561248235816522,0.0,0.0,0.0,0.006704020807097817,0.0022710354933077126,0.0,0.0,0.0,0.0,0.0,0.0,0.0,0.0,0.0,0.0,0.0,0.0,0.0,0.0,0.0,0.0,0.0,0.0,0.0,0.00464569902876052,0.0,0.0,0.0,0.0,0.0,0.0,0.0,0.0,0.0,0.0,0.0,0.0,0.0,0.0,0.003960971487014274,0.0,0.0,0.0008906284919339379,0.0,0.0,0.0,0.0,0.0,0.0,0.0,0.001139499005585668,0.009099813011734847,1.4628037590158543e-05,0.0,0.0,0.0,0.0,0.0,0.0,0.0,0.0,0.0,0.0006729121849570397,0.0,0.0,0.0,0.0,0.0020326026960339086,0.0,0.0006704105528844774,0.0,0.0,0.0,0.0,0.0,0.0,0.0,0.0,0.001651631086211912,0.0,0.0,0.004339660933614498,0.0,0.0,0.0,0.0,0.0,0.0,0.0,0.0,0.0,0.0,0.006771202505514338,0.0,0.0,0.0,0.0,0.0,0.0,0.0,0.0026180741677346918,0.001387058641983906,0.0,0.0,0.0,0.0,0.0,0.005226468403651493,0.0,0.0,0.0,0.002845438836141368
201104,0.014433168348711556,0.0,0.0,0.0,0.006971934496015277,0.0028542957416413345,0.0,0.0,0.0,0.0,0.0,0.0,0.0,0.0,0.0,0.0,0.0,0.0,0.0,0.0,0.0,0.0,0.0,0.0,0.0,0.00548601009507957,0.0,0.0,0.0,0.0,0.0,0.0,0.0,0.0,0.0,0.0,0.0,0.0,0.0,0.0,0.0034819971710366407,0.0,0.0,0.0,0.0,0.00019803482260245247,0.0,0.0,0.0,0.0,0.0,0.003507859312244961,0.006988337710231992,0.00014194118881682798,0.0,0.0,0.0,0.0,0.0,0.0,0.0,0.0,0.0,0.0,0.0,0.0,0.0,0.0,0.0030707353773864105,0.0,5.038950125003335e-05,0.0,0.0,0.0,0.0,0.0,0.0,0.0,0.0,0.0019930153555748594,0.0,0.0,0.004344570325805335,0.0,0.0,0.0,0.0,0.0,0.0,0.0,0.0,0.0,0.0,0.007520601373872739,0.0,0.0,0.0,0.0,0.0,0.0,0.0,0.0020493897872362176,0.0001204495805501798,0.0,0.0,0.0,0.0,0.0,0.003202296394965344,0.0,0.0,0.0,0.0011006887211104568
201105,0.013222848348591004,0.0,0.0,0.0,0.007342100263328217,0.002831826972570214,0.0,0.0,0.0,0.0,0.0,0.0,0.0,0.0,0.0,0.0,0.0,0.0,0.0,0.0,0.0,0.0,0.0,0.0,0.0,0.0055558526902266606,0.0,0.0,0.0,0.0,0.0,0.0,0.0,0.0,0.0,0.0,0.0,0.0,0.0,0.0,0.0029881829222509937,0.0,0.0,0.0,0.0,0.000643342110649689,0.0,0.0,0.0,0.0,0.0,0.005282535987633207,0.005312460941431569,0.0005904000995659046,0.0,0.0,0.0,0.0,0.0,0.0,0.0,0.0,0.0,0.0,0.0,0.0,0.0,0.0,0.0033006213392577956,0.0,0.0001848046335272116,0.0,0.0,0.0,0.0,0.0,0.0,0.0,0.0,0.002556898903070369,0.0,0.0,0.0038513009430519076,0.0,0.0,0.0,0.0,0.0,0.0,0.0,0.0,0.0,0.0,0.009185470687218793,0.0,0.0,0.0009457500860417206,0.0,0.0,0.0,0.0,0.002071000880776909,0.0,0.0,0.0,0.0,0.0,0.0,0.0022003571507714856,0.0,0.0,0.0,0.0
201106,0.01484457104556646,0.0,0.0,0.0,0.007287730435443046,0.001782138696391561,0.0,0.0,0.0,0.0,0.0,0.0,0.0,0.0,0.0,0.0,0.0,0.0,0.0,0.0,0.0,0.0,0.0,0.0,0.0,0.0049551321087109145,0.0,0.0,0.0,0.0,0.0,0.0,0.0,0.0,0.0,0.0,0.0,0.0,0.0,0.0,0.003556599250541876,0.0,0.0,0.0,0.0,0.0006361683016309974,0.0,0.0,0.0,0.0,0.0,0.0031997759945007974,0.007135144474334055,0.0015392288384106936,0.0,0.0,0.0,0.0,0.0,0.0,0.0,0.0,0.0,0.0,0.0,0.0,0.0,0.0,0.0024814675902470017,0.0,0.0013113415360884017,0.0,0.0,0.0,0.0,0.0,0.0,0.0,0.0,0.0026860251461998615,0.0,0.0,0.0044485449919553135,0.0,0.0,0.0,0.0,0.0,0.0,0.0,0.0,0.0,0.0,0.006954704254946092,0.0,0.0,0.0,0.0,0.0,0.0,0.0,0.0026494055489958168,0.0,0.0,0.0,0.0,0.0,0.0,0.003741548677215305,0.0,0.0,0.0,0.002722082186479411
201107,0.013913372954606906,0.0,0.0,0.0,0.006804240620629734,0.0019685784287372604,0.0,0.0,0.0,0.0,0.0,0.0,0.0,0.0,0.0,0.0,0.0,0.0,0.0,0.0,0.0,0.0,0.0,0.0,0.0,0.005153074804793267,0.0,0.0,0.0,0.0,0.0,0.0,0.0,0.0,0.0,0.0,0.0,0.0,0.0,0.0,0.0033169257527615494,0.0,0.0,0.0,0.0,0.0003014669584481632,0.0,0.0,0.0,0.0,0.0,0.0027111294366277887,0.00798264519822194,0.0006439010908575623,0.0,0.0,0.0,0.0,0.0,0.0,0.0,0.0,0.0,0.0,0.0,0.0,0.0,0.0,0.0026839538965137836,0.0,0.001046271670475017,0.0,0.0,0.0,0.0,0.0,0.0,0.0,0.0,0.002938002631070845,0.0,0.0,0.004425355482537593,0.0,0.0,0.0,0.0,0.0,0.0,0.0,0.0,0.0,0.0,0.006350166226328198,0.0,0.0,0.0005349063831369434,0.0,0.0,0.0,0.0,0.0022752364984872935,0.0,0.0,0.0,0.0,0.0,0.0,0.0029943135907414807,0.0,0.0,0.0,0.0011124010414535197
201108,0.014297398840808941,0.0,0.0,0.0,0.0067782826309361315,0.0016893142851751716,0.0,0.0,0.0,0.0,0.0,0.0,0.0,0.0,0.0,0.0,0.0,0.0,0.0,0.0,0.0,0.0,0.0,0.0,0.0,0.004894156118812722,0.0,0.0,0.0,0.0,0.0,0.0,0.0,0.0,0.0,0.0,0.0,0.0,0.0,0.0,0.0035798097612927773,0.0,0.0,0.0,0.0,0.00040630716515969523,0.0,0.0,0.0,0.0,0.0,0.0014083466743463062,0.008634296207864591,0.0016056283482576734,0.0,0.0,0.0,0.0,0.0,0.0,0.0,0.0,0.0,0.0,0.0,0.0,0.0,0.0,0.0024127681489380737,0.0,0.001053024216889958,0.0,0.0,0.0,0.0,0.0,0.0,0.0,0.0,0.0029992172092621026,0.0,0.0,0.004310219150572957,0.0,0.0,0.0,0.0,0.0,0.0,0.0,0.0,0.0,0.0,0.005928996835338693,0.0,0.0,0.00025842917594090775,0.0,0.0,0.0,0.0,0.0023338591081081307,0.0,0.0,0.0,0.0,0.0,0.0,0.0033561320474715427,0.0,0.0,0.0,0.002776955887462982
201109,0.013950436355610503,0.0,0.0,0.0,0.006351211740598955,0.0016792628913193215,0.0,0.0,0.0,0.0,0.0,0.0,0.0,0.0,0.0,0.0,0.0,0.0,0.0,0.0,0.0,0.0,0.0,0.0,0.0,0.004806997020597976,0.0,0.0,0.0,0.0,0.0,0.0,0.0,0.0,0.0,0.0,0.0,0.0,0.0,0.0,0.0036918680282748595,0.0,0.0,0.0,0.0,0.000225992862808328,0.0,0.0,0.0,0.0,0.0,0.0,0.009014178651329486,0.000243511175993031,0.0,0.0,0.0,0.0,0.0,0.0,0.0,0.0,0.0,0.0,0.0,0.0,0.0,0.0,0.0023880445250871857,0.0,0.0006918749527817679,0.0,0.0,0.0,0.0,0.0,0.0,0.0,0.0,0.003938623849171913,0.0,0.0,0.005151076734822001,0.0,0.0,0.0,0.0,0.0,0.0,0.0,0.0,0.0,0.0,0.006528973945937422,0.0,0.0,0.0004099764044139027,0.0,0.0,0.0,0.0,0.0016707155582972029,0.0,0.0,0.0,0.0,0.0,0.0,0.0030038550267373117,0.0,0.0,0.0,0.0008563294785051468
201110,0.012859372254988965,0.0,0.0,0.0,0.0062706214459711095,0.0016603207773050845,0.0,0.0,0.0,0.0,0.0,0.0,0.0,0.0,0.0,0.0,0.0,0.0,0.0,0.0,0.0,0.0,0.0,0.0,0.0,0.004996738004951152,0.0,0.0,0.0,0.0,0.0,0.0,0.0,0.0,0.0,0.0,0.0,0.0,0.0,0.0,0.0035464034087718437,0.0,0.0,0.0,0.0,0.0,0.0,0.0,0.0,0.0,0.0,0.0,0.008474923854741,0.0,0.0,0.0,0.0,0.0,0.0,0.0,0.0,0.0,0.0,0.0,0.0,0.0,0.0,0.0,0.002567761835067651,0.0,0.0003996461560524851,0.0,0.0,0.0,0.0,0.0,0.0,0.0,0.0,0.004090998776414621,0.0,0.0,0.005830765167176325,0.0,0.0,0.0,0.0,0.0,0.0,0.0,0.0,0.0,0.0,0.0069155043701799946,0.0,0.0,0.000924557649380336,0.0,0.0,0.0,0.0,0.0008878444355608506,0.0,0.0,0.0,0.0,0.0,0.0,0.0021034003038498225,0.0,0.0,0.0,0.0
201111,0.010852399425744572,0.0,0.0,0.0,0.006563274994968271,0.001456571172219787,0.0,0.0,0.0,0.0007914882322863457,0.0,0.0,0.0,0.0,0.0,0.0,0.0,0.0,0.0,0.0,0.0,0.0,0.0,0.0,0.0,0.00523252761334412,0.0,0.000575515634706398,0.0,0.0,0.0,0.0,0.0,0.0,0.0,0.0,0.0,0.0,0.0,0.0,0.003007259317749766,0.0,0.0,0.0,0.0,0.0,0.0,0.0,0.0,0.0,0.0,0.0,0.007023974566425552,0.0,0.0,0.0,0.0,0.0,0.0,0.0,0.0,0.0,0.0,0.0,0.0,0.0,0.0,0.0,0.002381654814859686,0.0,0.00040625092792084333,0.0,0.0,0.0,0.0,0.0,0.0,0.0,0.0,0.004773135934874849,0.0,0.0,0.006394027763649663,0.0,0.0,0.0,0.0,0.0,0.0,0.0,0.0,0.0,0.0,0.008590849313915823,0.0,0.0,0.0002433341929362625,0.0,0.0,0.0,0.0,1.6979277840647683e-05,0.0,0.0,0.0,0.0,0.0,0.0,0.0,0.0,0.0,0.0,0.0
201112,0.010978886742727963,0.0,0.0,0.0,0.006676649248409828,0.001370305089645469,0.0,0.0,0.0,0.0021013086821614134,0.0,0.0,0.0,0.0,0.0,0.0,0.0,0.0,0.0,0.0,0.0,0.0,0.0,0.0,0.0,0.005441417157478564,0.0,0.0013934582144044633,0.0,0.0,0.0,0.0,0.0,0.0,0.0,0.0,0.0,0.0,0.0,0.0,0.002940849506487285,0.0,0.0,0.0,0.0,0.0,0.0,0.0,0.0,0.0,0.0,0.0,0.0055539350394007946,0.0,0.0,0.0,0.0,0.0,0.0,0.0,0.0,0.0,0.0,0.0,0.0,0.0,0.0,0.0,0.0019431677547179268,0.0,0.0,0.0,0.0,0.0,0.0,0.0,0.0,0.0,0.0,0.005503715006908613,0.0,0.0,0.008442370484465953,0.0,0.0,0.0,0.0,0.0,0.0,0.0,0.0,0.0,0.0,0.009672759682487795,0.0,0.0,0.0009339381600050667,0.0,0.0,0.0,0.0,0.0,0.0,0.0,0.0,0.0,0.0,0.0,0.0,0.0,0.0,0.0,0.0
201201,0.0,0.0,0.0,0.0,0.0,0.0,0.0,0.0,0.0,0.0,0.0,0.0,0.0,0.0,0.0,0.0,0.0,0.0,0.0,0.0,0.0,0.0,0.0,0.0,0.0,0.0,0.0,0.0,0.0,0.0,0.0,0.0,0.0,0.0,0.0,0.0,0.0,0.0,0.0,0.0,0.0,0.0,0.0,0.0,0.0,0.0,0.0,0.0,0.0,0.0,0.0,0.0,0.0,0.0,0.0,0.0,0.0,0.0,0.0,0.0,0.0,0.0,0.0,0.0,0.0,0.0,0.0,0.0,0.0,0.0,0.0,0.0,0.0,0.0,0.0,0.0,0.0,0.0,0.0,0.0,0.0,0.0,0.0,0.0,0.0,0.0,0.0,0.0,0.0,0.0,0.0,0.0,0.0,0.0,0.0,0.0,0.0,0.0,0.0,0.0,0.0,0.0,0.0,0.0,0.0,0.0,0.0,0.0,0.0,0.0,0.0,0.0,0.0
201202,0.0,0.0,0.0,0.0,0.0,0.0,0.0,0.0,0.0,0.0,0.0,0.0,0.0,0.0,0.0,0.0,0.0,0.0,0.0,0.0,0.0,0.0,0.0,0.0,0.0,0.0,0.0,0.0,0.0,0.0,0.0,0.0,0.0,0.0,0.0,0.0,0.0,0.0,0.0,0.0,0.0,0.0,0.0,0.0,0.0,0.0,0.0,0.0,0.0,0.0,0.0,0.0,0.0,0.0,0.0,0.0,0.0,0.0,0.0,0.0,0.0,0.0,0.0,0.0,0.0,0.0,0.0,0.0,0.0,0.0,0.0,0.0,0.0,0.0,0.0,0.0,0.0,0.0,0.0,0.0,0.0,0.0,0.0,0.0,0.0,0.0,0.0,0.0,0.0,0.0,0.0,0.0,0.0,0.0,0.0,0.0,0.0,0.0,0.0,0.0,0.0,0.0,0.0,0.0,0.0,0.0,0.0,0.0,0.0,0.0,0.0,0.0,0.0
201203,0.0,0.0,0.0,0.0,0.0,0.0,0.0,0.0,0.0,0.0,0.0,0.0,0.0,0.0,0.0,0.0,0.0,0.0,0.0,0.0,0.0,0.0,0.0,0.0,0.0,0.0,0.0,0.0,0.0,0.0,0.0,0.0,0.0,0.0,0.0,0.0,0.0,0.0,0.0,0.0,0.0,0.0,0.0,0.0,0.0,0.0,0.0,0.0,0.0,0.0,0.0,0.0,0.0,0.0,0.0,0.0,0.0,0.0,0.0,0.0,0.0,0.0,0.0,0.0,0.0,0.0,0.0,0.0,0.0,0.0,0.0,0.0,0.0,0.0,0.0,0.0,0.0,0.0,0.0,0.0,0.0,0.0,0.0,0.0,0.0,0.0,0.0,0.0,0.0,0.0,0.0,0.0,0.0,0.0,0.0,0.0,0.0,0.0,0.0,0.0,0.0,0.0,0.0,0.0,0.0,0.0,0.0,0.0,0.0,0.0,0.0,0.0,0.0
201204,0.0,0.0,0.0,0.0,0.0,0.0,0.0,0.0,0.0,0.0,0.0,0.0,0.0,0.0,0.0,0.0,0.0,0.0,0.0,0.0,0.0,0.0,0.0,0.0,0.0,0.0,0.0,0.0,0.0,0.0,0.0,0.0,0.0,0.0,0.0,0.0,0.0,0.0,0.0,0.0,0.0,0.0,0.0,0.0,0.0,0.0,0.0,0.0,0.0,0.0,0.0,0.0,0.0,0.0,0.0,0.0,0.0,0.0,0.0,0.0,0.0,0.0,0.0,0.0,0.0,0.0,0.0,0.0,0.0,0.0,0.0,0.0,0.0,0.0,0.0,0.0,0.0,0.0,0.0,0.0,0.0,0.0,0.0,0.0,0.0,0.0,0.0,0.0,0.0,0.0,0.0,0.0,0.0,0.0,0.0,0.0,0.0,0.0,0.0,0.0,0.0,0.0,0.0,0.0,0.0,0.0,0.0,0.0,0.0,0.0,0.0,0.0,0.0
201205,0.0,0.0,0.0,0.0,0.0,0.0,0.0,0.0,0.0,0.0,0.0,0.0,0.0,0.0,0.0,0.0,0.0,0.0,0.0,0.0,0.0,0.0,0.0,0.0,0.0,0.0,0.0,0.0,0.0,0.0,0.0,0.0,0.0,0.0,0.0,0.0,0.0,0.0,0.0,0.0,0.0,0.0,0.0,0.0,0.0,0.0,0.0,0.0,0.0,0.0,0.0,0.0,0.0,0.0,0.0,0.0,0.0,0.0,0.0,0.0,0.0,0.0,0.0,0.0,0.0,0.0,0.0,0.0,0.0,0.0,0.0,0.0,0.0,0.0,0.0,0.0,0.0,0.0,0.0,0.0,0.0,0.0,0.0,0.0,0.0,0.0,0.0,0.0,0.0,0.0,0.0,0.0,0.0,0.0,0.0,0.0,0.0,0.0,0.0,0.0,0.0,0.0,0.0,0.0,0.0,0.0,0.0,0.0,0.0,0.0,0.0,0.0,0.0
201206,0.0,0.0,0.0,0.0,0.0,0.0,0.0,0.0,0.0,0.0,0.0,0.0,0.0,0.0,0.0,0.0,0.0,0.0,0.0,0.0,0.0,0.0,0.0,0.0,0.0,0.0,0.0,0.0,0.0,0.0,0.0,0.0,0.0,0.0,0.0,0.0,0.0,0.0,0.0,0.0,0.0,0.0,0.0,0.0,0.0,0.0,0.0,0.0,0.0,0.0,0.0,0.0,0.0,0.0,0.0,0.0,0.0,0.0,0.0,0.0,0.0,0.0,0.0,0.0,0.0,0.0,0.0,0.0,0.0,0.0,0.0,0.0,0.0,0.0,0.0,0.0,0.0,0.0,0.0,0.0,0.0,0.0,0.0,0.0,0.0,0.0,0.0,0.0,0.0,0.0,0.0,0.0,0.0,0.0,0.0,0.0,0.0,0.0,0.0,0.0,0.0,0.0,0.0,0.0,0.0,0.0,0.0,0.0,0.0,0.0,0.0,0.0,0.0
201207,0.0,0.0,0.0,0.0,0.0,0.0,0.0,0.0,0.0,0.0,0.0,0.0,0.0,0.0,0.0,0.0,0.0,0.0,0.0,0.0,0.0,0.0,0.0,0.0,0.0,0.0,0.0,0.0,0.0,0.0,0.0,0.0,0.0,0.0,0.0,0.0,0.0,0.0,0.0,0.0,0.0,0.0,0.0,0.0,0.0,0.0,0.0,0.0,0.0,0.0,0.0,0.0,0.0,0.0,0.0,0.0,0.0,0.0,0.0,0.0,0.0,0.0,0.0,0.0,0.0,0.0,0.0,0.0,0.0,0.0,0.0,0.0,0.0,0.0,0.0,0.0,0.0,0.0,0.0,0.0,0.0,0.0,0.0,0.0,0.0,0.0,0.0,0.0,0.0,0.0,0.0,0.0,0.0,0.0,0.0,0.0,0.0,0.0,0.0,0.0,0.0,0.0,0.0,0.0,0.0,0.0,0.0,0.0,0.0,0.0,0.0,0.0,0.0
201208,0.0,0.0,0.0,0.0,0.0,0.0,0.0,0.0,0.0,0.0,0.0,0.0,0.0,0.0,0.0,0.0,0.0,0.0,0.0,0.0,0.0,0.0,0.0,0.0,0.0,0.0,0.0,0.0,0.0,0.0,0.0,0.0,0.0,0.0,0.0,0.0,0.0,0.0,0.0,0.0,0.0,0.0,0.0,0.0,0.0,0.0,0.0,0.0,0.0,0.0,0.0,0.0,0.0,0.0,0.0,0.0,0.0,0.0,0.0,0.0,0.0,0.0,0.0,0.0,0.0,0.0,0.0,0.0,0.0,0.0,0.0,0.0,0.0,0.0,0.0,0.0,0.0,0.0,0.0,0.0,0.0,0.0,0.0,0.0,0.0,0.0,0.0,0.0,0.0,0.0,0.0,0.0,0.0,0.0,0.0,0.0,0.0,0.0,0.0,0.0,0.0,0.0,0.0,0.0,0.0,0.0,0.0,0.0,0.0,0.0,0.0,0.0,0.0
201209,0.0,0.0,0.0,0.0,0.0,0.0,0.0,0.0,0.0,0.0,0.0,0.0,0.0,0.0,0.0,0.0,0.0,0.0,0.0,0.0,0.0,0.0,0.0,0.0,0.0,0.0,0.0,0.0,0.0,0.0,0.0,0.0,0.0,0.0,0.0,0.0,0.0,0.0,0.0,0.0,0.0,0.0,0.0,0.0,0.0,0.0,0.0,0.0,0.0,0.0,0.0,0.0,0.0,0.0,0.0,0.0,0.0,0.0,0.0,0.0,0.0,0.0,0.0,0.0,0.0,0.0,0.0,0.0,0.0,0.0,0.0,0.0,0.0,0.0,0.0,0.0,0.0,0.0,0.0,0.0,0.0,0.0,0.0,0.0,0.0,0.0,0.0,0.0,0.0,0.0,0.0,0.0,0.0,0.0,0.0,0.0,0.0,0.0,0.0,0.0,0.0,0.0,0.0,0.0,0.0,0.0,0.0,0.0,0.0,0.0,0.0,0.0,0.0
201210,0.0,0.0,0.0,0.0,0.0,0.0,0.0,0.0,0.0,0.0,0.0,0.0,0.0,0.0,0.0,0.0,0.0,0.0,0.0,0.0,0.0,0.0,0.0,0.0,0.0,0.0,0.0,0.0,0.0,0.0,0.0,0.0,0.0,0.0,0.0,0.0,0.0,0.0,0.0,0.0,0.0,0.0,0.0,0.0,0.0,0.0,0.0,0.0,0.0,0.0,0.0,0.0,0.0,0.0,0.0,0.0,0.0,0.0,0.0,0.0,0.0,0.0,0.0,0.0,0.0,0.0,0.0,0.0,0.0,0.0,0.0,0.0,0.0,0.0,0.0,0.0,0.0,0.0,0.0,0.0,0.0,0.0,0.0,0.0,0.0,0.0,0.0,0.0,0.0,0.0,0.0,0.0,0.0,0.0,0.0,0.0,0.0,0.0,0.0,0.0,0.0,0.0,0.0,0.0,0.0,0.0,0.0,0.0,0.0,0.0,0.0,0.0,0.0
201211,0.0,0.0,0.0,0.0,0.0,0.0,0.0,0.0,0.0,0.0,0.0,0.0,0.0,0.0,0.0,0.0,0.0,0.0,0.0,0.0,0.0,0.0,0.0,0.0,0.0,0.0,0.0,0.0,0.0,0.0,0.0,0.0,0.0,0.0,0.0,0.0,0.0,0.0,0.0,0.0,0.0,0.0,0.0,0.0,0.0,0.0,0.0,0.0,0.0,0.0,0.0,0.0,0.0,0.0,0.0,0.0,0.0,0.0,0.0,0.0,0.0,0.0,0.0,0.0,0.0,0.0,0.0,0.0,0.0,0.0,0.0,0.0,0.0,0.0,0.0,0.0,0.0,0.0,0.0,0.0,0.0,0.0,0.0,0.0,0.0,0.0,0.0,0.0,0.0,0.0,0.0,0.0,0.0,0.0,0.0,0.0,0.0,0.0,0.0,0.0,0.0,0.0,0.0,0.0,0.0,0.0,0.0,0.0,0.0,0.0,0.0,0.0,0.0
201212,0.0,0.0,0.0,0.0,0.0,0.0,0.0,0.0,0.0,0.0,0.0,0.0,0.0,0.0,0.0,0.0,0.0,0.0,0.0,0.0,0.0,0.0,0.0,0.0,0.0,0.0,0.0,0.0,0.0,0.0,0.0,0.0,0.0,0.0,0.0,0.0,0.0,0.0,0.0,0.0,0.0,0.0,0.0,0.0,0.0,0.0,0.0,0.0,0.0,0.0,0.0,0.0,0.0,0.0,0.0,0.0,0.0,0.0,0.0,0.0,0.0,0.0,0.0,0.0,0.0,0.0,0.0,0.0,0.0,0.0,0.0,0.0,0.0,0.0,0.0,0.0,0.0,0.0,0.0,0.0,0.0,0.0,0.0,0.0,0.0,0.0,0.0,0.0,0.0,0.0,0.0,0.0,0.0,0.0,0.0,0.0,0.0,0.0,0.0,0.0,0.0,0.0,0.0,0.0,0.0,0.0,0.0,0.0,0.0,0.0,0.0,0.0,0.0
201301,0.004891956431311546,0.0,0.0,0.0,0.0044984076661462695,0.0036115654424643795,0.0,0.0,0.0,0.001311570153456503,0.0,0.0,0.0,0.0,0.0,0.0,0.0,0.0,0.0,0.0,0.0,0.0,0.0,0.0,0.0,0.004643300737790474,0.0,0.0007529410146537636,0.0,0.0,0.0,0.0,0.0,0.0,0.0,0.0,0.0,0.0,0.0,0.0,0.000403446203941949,0.0,0.0,0.0,0.0,0.0,0.0,0.0,0.0,0.0,0.0,0.0,0.007500217228464755,0.0,0.0,0.0,0.0,0.0,0.0,0.0,0.0,0.0,0.0,0.0,0.0,0.0,0.0,0.0,0.0,0.0,0.0,0.0,0.0,0.0,0.0,0.0,0.0,0.0,0.0,0.002399709766004254,0.0,0.0,0.001703945621569603,0.0,0.0,0.0,0.0,0.0,0.0,0.0,0.0,0.0,0.0,0.0020213417449274572,0.0,0.0,0.0,0.0,0.0,0.0,0.0,0.0,0.0,0.0,0.0,0.0,0.0,0.0,0.0,0.0,0.0,0.0,0.00038452164692603165
201302,0.004563558022389357,0.0,0.0,0.0,0.004780262187862875,0.002974111473820029,0.0,0.0,0.0,0.002876679138589213,0.0,0.0,0.0,0.0,0.0,0.0,0.0,0.0,0.0,0.0,0.0,0.0,0.0,0.0,0.0,0.005135140818126498,0.0,0.00022838696916815945,0.0,0.0,0.0,0.0,0.0,0.0,0.0,0.0,0.0,0.0,0.0,0.0,0.00017395376765702152,0.0,0.0,0.0,0.0,0.0,0.0,0.0,0.0,0.0,0.0,0.0,0.006282206174259609,0.0,0.0,0.0,0.0,0.0,0.0,0.0,0.0,0.0,0.0,0.0,0.0,0.0,0.0,0.0,0.0,0.0,0.0,0.0,0.0,0.0,0.0,0.0,0.0,0.0,0.0,0.0018970465940115464,0.0,0.0,0.0027594064778219225,0.0,0.0,0.0,0.0,0.0,0.0,0.0,0.0,0.0,0.0,0.0023398663021538015,0.0,0.0,0.0,0.0,0.0,0.0,0.0,0.0,0.0,0.0,0.0,0.0,0.0,0.0,0.0,0.0,0.0,0.0,0.0
201303,0.004462826055555109,0.0,0.0,0.0,0.004957870359739369,0.003338942056343238,0.0,0.0,0.0,0.0021252642622392945,0.0,0.0,0.0,0.0,0.0,0.0,0.0,0.0,0.0,0.0,0.0,0.0,0.0,0.0,0.0,0.005168507675561685,0.0,0.0003970263903325354,0.0,0.0,0.0,0.0,0.0,0.0,0.0,0.0,0.0,0.0,0.0,0.0,0.0,0.0,0.0,0.0,0.0,0.0,0.0,0.0,0.0,0.0,0.0,0.0,0.006403028188782595,0.0,0.0,0.0,0.0,0.0,0.0,0.0,0.0,0.0,0.0,0.0,0.0,0.0,0.0,0.0,0.0,0.0,0.0,0.0,0.0,0.0,0.0,0.0,0.0,0.0,0.0,0.001731642419959359,0.0,0.0,0.002794422639351633,0.0,0.0,0.0,0.0,0.0,0.0,0.0,0.0,0.0,0.0,0.001890335372868272,0.0,0.0,0.0,0.0,0.0,0.0,0.0,0.0,0.0,0.0,0.0,0.0,0.0,0.0,0.0,0.0,0.0,0.0,9.442663680524877e-05
201304,0.0033986908110605362,0.0,0.0,0.0,0.004553201633805965,0.002989144564871518,0.0,0.0,0.0,0.0031539305231034144,0.0,0.0,0.0,0.0,0.0,0.0,0.0,0.0,0.0,0.0,0.0,0.0,0.0,0.0,0.0,0.005340939726185681,0.0,0.0,0.0,0.0,0.0,0.0,0.0,0.0,0.0,0.0,0.0,0.0,0.0,0.0,0.0,0.0,0.0,0.0,0.0,0.0,0.0,0.0,0.0,0.0,0.0,0.0,0.0074439506028871226,0.0,0.0,0.0,0.0,0.0,0.0,0.0,0.0,0.0,0.0,0.0,0.0,0.0,0.0,0.0,0.0,0.0,0.0,0.0,0.0,0.0,0.0,0.0,0.0,0.0,0.0,0.0008096978757115167,0.0,0.0,0.003081649291938775,0.0,0.0,0.0,0.0,0.0,0.0,0.0,0.0,0.0,0.0,0.0016927462113578953,0.0,0.0,0.0,0.0,0.0,0.0,0.0,0.0,0.0,0.0,0.0,0.0,0.0,0.0,0.0,0.0,0.0,0.0,0.0
201305,0.0028069097972434954,0.0,0.0,0.0,0.004195366502492886,0.0027726414480981985,0.0,0.0,0.0,0.003176649821480429,0.0,0.0,0.0,0.0,0.0,0.0,0.0,0.0,0.0,0.0,0.0,0.0,0.0,0.0,0.0,0.005286742696758877,0.0,0.0,0.0,0.0,0.0,0.0,0.0,0.0,0.0,0.0,0.0,0.0,0.0,0.0,0.0,0.0,0.0,0.0,0.0,0.0,0.0,0.0,0.0,0.0,0.0,0.0,0.0065438735930624685,0.0,0.0,0.0,0.0,0.0,0.0,0.0,0.0,0.0,0.0,0.0,0.0,0.0,0.0,0.0,0.0,0.0,0.0,0.0,0.0,0.0,0.0,0.0,0.0,0.0,0.0,0.0006026271614423682,0.0,0.0,0.0032121793682321625,0.0,0.0,0.0,0.0,0.0,0.0,0.0,0.0,0.0,0.0,0.0017576739463862636,0.0,0.0,0.0,0.0,0.0,0.0,0.0,0.0,0.0,0.0,0.0,0.0,0.0,0.0,0.0,0.0,0.0,0.0,0.0
201306,0.0024367716895588995,0.0,0.0,0.0,0.00407773855300478,0.0023056970265673696,0.0,0.0,0.0,0.004729694846581528,0.0,0.0,0.0,0.0,0.0,0.0,0.0,0.0,0.0,0.0,0.0,0.0,0.0,0.0,0.0,0.005274045380124197,0.0,0.0,0.0,0.0,0.0,0.0,0.0,0.0,0.0,0.0,0.0,0.0,0.0,0.0,0.0,0.0,0.0,0.0,0.0,0.0,0.0,0.0,0.0,0.0,0.0,0.0,0.0056429978677020355,0.0,0.0,0.0,0.0,0.0,0.0,0.0,0.0,0.0,0.0,0.0,0.0,0.0,0.0,0.0,0.0,0.0,0.0,0.0,0.0,0.0,0.0,0.0,0.0,0.0,0.0,0.0003264261518558229,0.0,0.0,0.003870003891269029,0.0,0.0,0.0,0.0,0.0,0.0,0.0,0.0,0.0,0.0,0.0022598483142239824,0.0,0.0,0.0,0.0,0.0,0.0,0.0,0.0,0.0,0.0,0.0,0.0,0.0,0.0,0.0,0.0,0.0,0.0,0.0
201307,0.0019077574984760572,0.0,0.0,0.0,0.004089278615622099,0.0023408037249370854,0.0,0.0,0.0,0.005300497381897107,0.0,0.0,0.0,0.0,0.0,0.0,0.0,0.0,0.0,0.0,0.0,0.0,0.0,0.0,0.0,0.00479786467326364,0.0,0.0,0.0,0.0,0.0,0.0,0.0,0.0,0.0,0.0,0.0,0.0,0.0,0.0,0.0,0.0,0.0,0.0,0.0,0.0,0.0,0.0,0.0,0.0,0.0,0.0,0.005003441169484085,0.0,0.0,0.0,0.0,0.0,0.0,0.0,0.0,0.0,0.0,0.0,0.0,0.0,0.0,0.0,0.0,0.0,0.0,0.0,0.0,0.0,0.0,0.0,0.0,0.0,0.0,0.0007669475673046572,0.0,0.0,0.003876031506144237,0.0,0.0,0.0,0.0,0.0,0.0,0.0,0.0,0.0,0.0,0.0025254421868589933,0.0,0.0,0.0,0.0,0.0,0.0,0.0,0.0,0.0,0.0,0.0,0.0,0.0,0.0,0.0,0.0,0.0,0.0,0.0
201308,0.001580210679827253,0.0,0.0,0.0,0.004115795804231515,0.002373559835785891,0.0,0.0,0.0,0.005652470104595871,0.0,0.0,0.0,0.0,0.0,0.0,0.0,0.0,0.0,0.0,0.0,0.0,0.0,0.0,0.0,0.004495193313140542,0.0,0.0,0.0,0.0,0.0,0.0,0.0,0.0,0.0,0.0,0.0,0.0,0.0,0.0,0.0,0.0,0.0,0.0,0.0,0.0,0.0,0.0,0.0,0.0,0.0,0.0,0.004720226205757592,0.0,0.0,0.0,0.0,0.0,0.0,0.0,0.0,0.0,0.0,0.0,0.0,0.0,0.0,0.0,0.0,0.0,0.0,0.0,0.0,0.0,0.0,0.0,0.0,0.0,0.0,0.000822910014814649,0.0,0.0,0.0037652942999248894,0.0,0.0,0.0,0.0,0.0,0.0,0.0,0.0,0.0,0.0,0.0023002252202209434,0.0,0.0,0.0,0.0,0.0,0.0,0.0,0.0,0.0,0.0,0.0,0.0,0.0,0.0,0.0,0.0,0.0,0.0,0.0
201309,0.0021020577478002246,0.0,0.0,0.0,0.0038837535740103026,0.002680459898242848,0.0,0.0,0.0,0.0071347995436321,0.0,0.0,0.0,0.0,0.0,0.0,0.0,0.0,0.0,0.0,0.0,0.0,0.0,0.0,0.0,0.004950156506814745,0.0,0.0,0.0,0.0,0.0,0.0,0.0,0.0,0.0,0.0,0.0,0.0,0.0,0.0,0.0,0.0,0.0,0.0,0.0,0.0,0.0,0.0,0.0,0.0,0.0,0.0,0.004236857890901533,0.0,0.0,0.0,0.0,0.0,0.0,0.0,0.0,0.0,0.0,0.0,0.0,0.0,0.0,0.0,0.0,0.0,0.0,0.0,0.0,0.0,0.0,0.0,0.0,0.0,0.0,0.0009511436480901759,0.0,0.0,0.004455315000298157,0.0,0.0,0.0,0.0,0.0,0.0,0.0,0.0,0.0,0.0,0.002373158409176668,0.0,0.0,0.0,0.0,0.0,0.0,0.0,0.0,0.0,0.0,0.0,0.0,0.0,0.0,0.0,0.0,0.0,0.0,0.0
201310,0.0026687282870872385,0.0,0.0,0.0,0.003550304733474774,0.0024248035461290856,0.0,0.0,0.0,0.0055442216728395525,0.0,0.0,0.0,0.0,0.0,0.0,0.0,0.0,0.0,0.0,0.0,0.0,0.0,0.0,0.0,0.004794865903287314,0.0,0.0,0.0,0.0,0.0,0.0,0.0,0.0,0.0,0.0,0.0,0.0,0.0,0.0,0.0,0.0,0.0,0.0,0.0,0.0,0.0,0.0,0.0,0.0,0.0,0.0,0.004807391217874048,0.0,0.0,0.0,0.0,0.0,0.0,0.0,0.0,0.0,0.0,0.0,0.0,0.0,0.0,0.0,0.0,0.0,0.0,0.0,0.0,0.0,0.0,0.0,0.0,0.0,0.0,0.0012413932987280203,0.0,0.0,0.0041304059983140904,0.0,0.0,0.0,0.0,0.0,0.0,0.0,0.0,0.0,0.0,0.001089120876411815,0.0,0.0,0.0,0.0,0.0,0.0,0.0,0.0,0.0,0.0,0.0,0.0,0.0,0.0,0.0,0.0,0.0,0.0,0.0
201311,0.0007983293733678008,0.0,0.0,0.0,0.003226729821766061,0.0020175482032125896,0.0,0.0,0.0,0.002735429084353731,0.0,0.0,0.0,0.0,0.0,0.0,0.0,0.0,0.0,0.0,0.0,0.0,0.0,0.0,0.0,0.0037647764171847716,0.0,0.0,0.0,0.0,0.0,0.0,0.0,0.0,0.0,0.0,0.0,0.0,0.0,0.0,0.0,0.0,0.0,0.0,0.0,0.0,0.0,0.0,0.0,0.0,0.0,0.0,0.0018438077250402024,0.0,0.0,0.0,0.0,0.0,0.0,0.0,0.0,0.0,0.0,0.0,0.0,0.0,0.0,0.0,0.0,0.0,0.0,0.0,0.0,0.0,0.0,0.0,0.0,0.0,0.0,0.0014553842483421712,0.0,0.0,0.0024173811237928576,0.0,0.0,0.0,0.0,0.0,0.0,0.0,0.0,0.0,0.0,0.001185151410770009,0.0,0.0,0.0,0.0,0.0,0.0,0.0,0.0,0.0,0.0,0.0,0.0,0.0,0.0,0.0,0.0,0.0,0.0,0.0
201312,0.0014587598394804272,0.0,0.0,0.0,0.003173253197753394,0.0020871419627338022,0.0,0.0,0.0,0.004941752174218912,0.0,0.0,0.0,0.0,0.0,0.0,0.0,0.0,0.0,0.0,0.0,0.0,0.0,0.0,0.0,0.004264731560316672,0.0,0.0,0.0,0.0,0.0,0.0,0.0,0.0,0.0,0.0,0.0,0.0,0.0,0.0,0.0,0.0,0.0,0.0,0.0,0.0,0.0,0.0,0.0,0.0,0.0,0.0,0.0030380865577061735,0.0,0.0,0.0,0.0,0.0,0.0,0.0,0.0,0.0,0.0,0.0,0.0,0.0,0.0,0.0,0.0,0.0,0.0,0.0,0.0,0.0,0.0,0.0,0.0,0.0,0.0,0.0016399494508113756,0.0,0.0,0.0026173523916055074,0.0,0.0,0.0,0.0,0.0,0.0,0.0,0.0,0.0,0.0,0.0,0.0,0.0,0.0,0.0,0.0,0.0,0.0,0.0,0.0,0.0,0.0,0.0,0.0,0.0,0.0,0.0,0.0,0.0,0.0
201401,0.03505879183781372,0.0,0.0025359860056630274,1.0659399488200464e-05,0.011036500827046148,0.00576717503103054,0.0022165340535408454,0.0,0.004713502656860614,0.010960851111509592,0.0015082125777802432,0.00011530799857195405,0.001251343374177954,0.005767957963601263,3.298908754015064e-05,0.0016687621561072361,0.011269010076760897,0.014596126452759752,0.00035079898322966363,0.0,0.001139066057358097,0.0027909023991099418,0.0005861673004950518,0.0013848319913291524,0.002787243977974891,0.013816116561008656,0.0,0.003359818789279549,0.0009403045515291342,0.0,0.0,0.0,0.0,0.0,0.0,0.0007677015260928603,0.0035014436985081445,0.0,0.004706026629771373,0.000222350244767549,0.0034246973872504353,0.0043837898411060415,0.0,0.0037268401801331687,0.0037105427621268346,0.0,0.00025720950642623005,0.0,0.0010339042707455148,0.0005728451589236853,0.0,0.003474524708154144,0.013781953387838735,0.003539449642089446,0.0,0.011874182951045415,0.0,0.0033639113984702262,0.000856542514426504,0.0008177502301812038,0.0,0.0,0.0,0.0,0.0036874663858932123,0.0012783351879091182,0.006255837251876053,0.0026150955540724854,0.0,0.00417889996602896,0.0032451180291664947,0.005947310195459174,0.0022822116343764213,0.0017949050107603055,0.0050658508177211445,0.00012467813568944896,0.0,0.0,0.0003455301438867706,0.008804799409859903,0.0,0.000357705124420704,0.0050126631111182445,0.003906552804575118,0.008632153996540512,0.0,0.0008819938242964244,0.0,0.0,0.0,0.0,0.00467728856224998,0.0,0.005552884547831665,0.0,0.0017270279552234747,0.0,0.0,0.0,0.007984905339489824,0.0,0.0,0.00040729093881935373,0.00269241699211956,0.0,0.000576075429365111,0.002291402184311039,0.0,0.004515278974838632,0.0,0.005650175412475862,0.0017349101044684422,0.0035872410989908547
201402,0.03556785186256105,0.0,0.002330835478739742,0.0,0.011244577362932938,0.00566386928682187,0.002561521988180266,0.0,0.005230306685569292,0.010860859843387293,0.0014447852015147093,0.0005084391250497723,0.0011137966928991309,0.005658846423065315,0.0,0.0017285251221125604,0.01129534896303639,0.014870481560672813,0.0003298572463576588,0.0,0.0014669197483925971,0.002876959305541115,0.0005409784604639442,0.001339958432115003,0.0028407106382036234,0.013907967391027594,0.0,0.0033919588047934585,0.0006887961295016149,0.0,0.0,0.0,0.0,0.0,0.0,0.00145652264723451,0.0038039284269587494,0.0,0.00471149826363061,0.0002021452465645224,0.003506448514968124,0.004848217550000992,0.0,0.003815012116451197,0.003909652501659272,0.0,3.03666960443388e-05,0.0,0.0008978745226175832,0.0008029479374466012,0.0,0.0036177179136510887,0.01389302450632802,0.0036777491036341834,0.0,0.012662596098208438,0.0,0.003866168072674926,0.001108260563370076,0.0007421337218418157,0.0,0.0,0.0,0.0,0.003507950551240756,0.0005476957964945007,0.005700317866003378,0.0028761008227639927,0.0,0.004214889619859421,0.0032179284730601975,0.006053396894655928,0.002283855610513089,0.0014690059425516372,0.0049193717300631285,0.00017778166845979203,0.0,0.0,0.000562844895127066,0.009266361626474883,0.0,0.00038091015865778454,0.005235521798427093,0.004343426875875275,0.008670924520426655,0.0,0.0009049538396112905,0.0,0.0,0.0,0.0,0.00476061461321416,0.0,0.005572914322915778,0.0,0.0017078482256439192,0.0,0.0,0.0,0.00810064359641908,0.0,0.0,0.00041901927666244303,0.002565070204537655,0.0,0.0005900811661876207,0.002333750550987681,0.0,0.004479040624030121,0.0,0.005739200151106291,0.002237933119132616,0.003628613735147997
201403,0.03518726441923426,0.0,0.0026619249042645755,0.0,0.011046240253795171,0.005629940699521547,0.0025670978487091402,0.0,0.00550008949254168,0.010598540555692353,0.0014985914322150505,1.5756720832506714e-05,0.001076598336033587,0.005599245226609645,0.0,0.0015475287353116558,0.011040553753922107,0.014583225064369739,0.0002701247816390292,0.0,0.001849283429696226,0.0027483277044963376,0.0004287609231885684,0.001436270170860104,0.002947686704571718,0.013830160075633827,0.0,0.0035225108553424015,0.0009646057905434125,0.0,0.0,0.0,0.0,0.0,0.0,0.001619278949926962,0.003968922063219321,7.562840299572697e-05,0.004792425629320301,0.0002624647209488872,0.003518993160050735,0.004909178650545003,0.0,0.003763655107560676,0.0036366677531069723,0.0,2.339172103921081e-05,0.0,0.0007789766079364684,0.0011038904551983809,0.0,0.0035484681728478766,0.013918495329946223,0.0033880121301615124,0.0,0.01307151475008228,0.0,0.004231799840746385,0.0016599717982866556,0.00036111008195787537,0.0,0.0,0.0,0.0,0.003243653905288304,0.0016171585685557759,0.006596540200829234,0.002666941444685696,0.0,0.004058356037452648,0.003148549148794029,0.006033215111051911,0.0025526896879407295,0.0018325150705209624,0.005118515201488504,0.0003716032462342519,0.0,0.0,0.0004988298006502347,0.0091094836381624,0.0,0.00017531255792442422,0.005260788017596073,0.00484242519051493,0.008313417197418264,0.0,0.0008017441194013751,0.0,0.0,0.0,6.412900938192041e-05,0.004732144150386688,0.0,0.00537890013564139,0.0,0.0015340307347056277,0.0,0.0,0.0,0.008252979260850795,0.0,0.0,0.0005240352890109655,0.0025015025759752606,0.0,0.0007379509042669644,0.0021399651310418104,0.0,0.004238513707446145,0.0,0.0058255967539568064,0.0017818113060757564,0.003391263796845536
201404,0.0326471792518379,0.0,0.0025188539998336644,0.0,0.010907296293302483,0.005410353010329871,0.0016985409130079495,0.0,0.004719965257020694,0.010089793026042848,0.001246231409590295,0.0,0.0010093711430857312,0.0048288213076004135,0.0,0.0005096254175735111,0.010688166931254163,0.013524930921543353,0.00024889800912992994,0.0,0.0017967930043728119,0.0021507348911630835,0.0003146241148023219,0.0013333682894385464,0.0029082567622955432,0.013728718803292704,0.0,0.004090217436578143,0.0008196089382394813,0.0,0.0,0.0,0.0,0.0,0.0,0.0011716318997212112,0.004325900910853215,4.5453999071167084e-05,0.004772557513058108,0.000300591536283055,0.0037507834518456695,0.004954810488733247,0.0,0.0037536863178271895,0.00368767404545817,0.0,3.281394103385281e-05,0.0,0.001135523665392459,0.0004312475588349152,0.0,0.003513639146198315,0.013672276337823797,0.003080810040002407,0.0,0.011959845516798727,0.0,0.0033742472416253087,0.0019184227394300768,6.158387250809641e-05,0.0,0.0,0.0,0.0,0.0030545316917071257,0.0004091676085478239,0.006770043585373395,0.003421932354306952,0.0,0.004159503689358306,0.002997116542293084,0.006016655536727233,0.0025625219895311162,0.0018857388713734997,0.005584907464184923,0.0006832521257996943,0.0,0.0,0.00036031180686247466,0.00907656648830191,0.0,9.729993701550711e-05,0.004832157781238974,0.003779392221545936,0.008000971763854574,0.0,0.0006694554928031546,0.0,0.0,0.0,0.00026691232206760637,0.004513115355370443,0.0,0.005345278538694456,0.0,0.001456337137173411,0.0,0.0,0.0,0.007745804477536763,0.0,0.0,0.00032747167177915636,0.0028671970081274784,0.0,0.00027086567427815145,0.001748351207204601,0.0,0.003492006974031775,0.0,0.0053565915070846746,0.0016922435943288272,0.003887339923331462
201405,0.028617816139004222,0.0,0.0019692146607782853,0.0,0.01065071329140145,0.004321360773786495,0.00016926169331241866,0.0,0.0030946238247783406,0.00913225766704918,0.001037386292038519,0.0,0.0008979376413495222,0.003195410336616112,0.0,0.0,0.010297619725001303,0.011364208622988526,0.0006055234974425077,0.0,0.0020445677931814066,0.001128321664052697,6.15340993841824e-05,0.0014360824775182296,0.0028461817457821324,0.012899343171459387,0.0,0.00387209335461672,0.0009691210911113244,0.0,0.0,0.0,0.0,0.0,0.0,0.0,0.004371559656007605,0.00012237405447576658,0.004369813002040194,0.00018544934769667602,0.00379440259147515,0.003736232354850113,0.0,0.002745641959106915,0.0033721945930282925,0.0,0.0001431113036259246,0.0,0.0015459035164184273,0.0002788240931819315,0.0,0.00265905039009242,0.012649842216621467,0.001357587919413073,0.0,0.009257608542755622,0.0,0.0003621593127926919,0.0016737832295665807,0.0,0.0,0.00017748094123233902,0.0,0.0,0.002964348586065296,0.0,0.0063754496786336155,0.003311574302425522,0.0,0.004153453213161163,0.0033197103616985644,0.005595256907040749,0.0026906478194583094,0.0019882905046896856,0.006286324405805412,0.0014766991515245981,0.0,0.0,0.0,0.009498488477428133,0.0,0.0,0.0033706215464657163,0.002916044296347573,0.006683441666940952,0.0,0.0004991492549718638,0.0,0.0,0.0,0.0004703409908290338,0.004436194924507073,0.0,0.006285050078150551,0.0,0.0006803802925254844,0.0,0.0,0.0,0.007223616980684326,0.0,0.0,0.0001639605087541491,0.0039469892596583666,0.0,0.0,0.0008244617204298301,0.0,0.003816782964012741,0.0,0.0038941762651882373,0.0022096072542292533,0.005787307586111838
201406,0.02823455179751216,0.0,0.0016522997487006775,0.0,0.010473805356146636,0.004117385828331953,0.00018533352669302956,0.0,0.003015215501423622,0.008688451846672687,0.0009408059054904175,0.0,0.001049676549150958,0.0030224660680822535,0.0,0.0,0.01030277548251886,0.010987822337975054,0.0003499544000834931,0.0,0.0016134548002034452,0.000491912549933958,0.0002106437509846141,0.001500526188867714,0.002815600297726609,0.012206563873416723,0.0,0.0036130975067210345,0.0006757349866414715,0.0,0.0,0.0,0.0,0.0,0.0,0.0,0.00432476777385533,0.0005298408886902561,0.0041877016924020925,0.00022586970617536912,0.003560745756967681,0.003386773719425801,0.0,0.0017654952010103776,0.0033734919173201753,0.0,0.00029381916786348934,0.0,0.0016205241861966511,9.69310736485907e-05,0.0,0.003119564551541041,0.012359093795606166,0.0007273392188028895,0.0,0.008654721974908672,0.0,0.0001382635936530932,0.001618690319418691,0.0,0.0,0.00040046284860302913,0.0,0.0,0.002878343538633786,0.0,0.006197117193006584,0.00274496553822566,0.0,0.004172020756341235,0.003499232771043186,0.005490786810151404,0.0027424717414812716,0.002046215849370644,0.006253915051630346,0.0016133727448404377,0.0,0.0,0.0,0.009541065467755697,0.0003744152744604411,0.0,0.0024574754227074252,0.0028686465853898567,0.007040488835124824,0.0,0.0004899783825346166,0.0,0.0,0.0,0.0005612975948895459,0.004502000257727021,0.0,0.006328083155125526,0.0,0.00020276875836058007,0.0,0.0,0.0,0.007426938025476867,0.0,0.0,0.00018967135884026185,0.004043535875110195,0.0,0.0,0.00032721110001706483,0.0,0.0036547909085487204,0.0,0.002962955299735644,0.0022580588189394977,0.00657999937427575
201407,0.027924459242782262,0.0,0.001831772634284237,0.0,0.010379049366064277,0.004185533495317656,0.0005824227596475933,0.0,0.002821004430165,0.008146298099138048,0.0008606544790699558,0.0,0.0007609271214563142,0.0033218425932840007,0.0,0.0,0.009720899911350101,0.010809965721107444,0.00022982510779215442,0.0,0.0015000193025306277,0.00052433259192778,0.00033758295697983143,0.0017159221757155414,0.002893876964931161,0.012529522053029533,0.0,0.003629052453151513,0.0007951400075275139,0.0,2.8057498374486146e-05,0.0,0.0,0.0,0.0,0.0,0.0043415696492528945,0.0004342936234456211,0.004230243743143545,0.0005565537911434695,0.0034802674730229043,0.0031077977722791207,0.0,0.0015211953174358252,0.0033474374024396406,0.0,0.0,0.0,0.0028607040402211016,0.0008465289189192387,0.0,0.002894989158959673,0.012397495449214398,0.00036353447013159126,0.0,0.008465071362312646,0.0,0.0,0.0018144605232148679,0.0,0.0,0.000594387096692231,0.0,0.0,0.002634408917316559,0.0,0.005272698817703094,0.00261092546970864,0.0,0.004251777647560169,0.0037737531150001205,0.005357237523858484,0.0027779233180498073,0.0019571551499852056,0.005958058246652756,0.0015486945183830958,0.0,0.0,0.0,0.009175003083460974,0.0003188950220719548,0.0,0.001839267745536546,0.002360640156303637,0.007346926967010985,0.0,0.0005659132003119836,0.0,0.0,0.0,0.0003622043891628712,0.00431346470546101,0.0,0.0063858398604160664,0.0,0.0007173799806005225,0.0,0.0,0.0,0.007315451191491189,0.0,0.0,0.00040927327968590533,0.004586480666673461,0.0,0.0,0.0002539136157182406,0.0,0.003483901279800076,0.0,0.0024940072392677427,0.0013517782537236767,0.005770298866803168
201408,0.02822933976624518,0.0,0.002063386162584212,0.0,0.01041105398053379,0.004525790201055002,0.0009173783402203535,0.0,0.0027886843687972046,0.00784626305523282,0.0006726237541090073,0.0,0.0007444186421689489,0.0032520209716028134,0.0,0.0,0.009758831919540427,0.011031572946513486,8.897997135748687e-05,0.0,0.001301226077585728,0.00045440352858243805,0.00022438829167980063,0.0019085162899277384,0.002810155009914879,0.01265262451954993,0.0,0.00364701357465567,0.0008968633959311024,0.0,7.327909135040786e-05,0.0,0.0,0.0,0.0,0.0,0.004350326617894155,0.00019054157665110606,0.004187636468033014,0.000543749500758115,0.003430502070002523,0.00291349324992941,0.0,0.0015665986978297684,0.003409272407181153,0.0,0.0,0.0,0.0032799299045460895,0.0011494414068328662,0.0,0.0026028079685332392,0.012320766636551258,0.0,0.0,0.008648950225144362,0.0,0.0,0.0017694419641766273,0.0,0.0,0.0008372931723034253,0.0,0.0,0.0027305483265271527,0.0,0.004589334247458067,0.0023283639413539405,0.0001801724857315246,0.003926346577111277,0.0037446979070451534,0.005147534080356032,0.0028761102403439226,0.001878376167582649,0.005992594528850927,0.0013776873660055373,0.0,0.0,0.0,0.008947412847032406,0.00025797097982348314,0.0,0.0016293004358193394,0.0017712663637245835,0.007175664594562574,0.0,0.0006940334569678088,0.0,0.0,0.0,0.00037331855950505153,0.004017610240717631,0.0,0.006615105271745119,0.0,0.0007467116674767176,0.0,0.0,0.0,0.0071541830959208404,0.0,0.0,0.00047725111922347526,0.004463625969186265,0.0,7.22577070517673e-05,0.00011323781093846917,0.0,0.0037057503649531123,0.0,0.002442465913881767,0.0008929642347177127,0.005500022005082045
201409,0.027625415965225854,0.0,0.001954178593178385,0.0,0.010328405860452467,0.003843680016254347,0.0009697840391878174,0.0,0.002997678084576006,0.007752967967246986,0.0008667271456451507,0.0,0.0009478885510346097,0.0032193308991035727,0.0,0.0,0.009662728397068221,0.010699957790159515,0.0,0.0,0.0014993809608777851,0.00040519671714747837,0.00029724251921113917,0.0018855827100573875,0.002749481376037326,0.012863466241111437,0.0,0.00316287773408427,0.000779054916410612,0.0,0.0,7.721646030934656e-06,0.0,0.0,0.0,0.0,0.004134731020588601,0.0005942356258650875,0.004464122074729257,0.0006413386988553783,0.0030371838497403026,0.0026444021154238113,0.0,0.00037339643489201955,0.00314561466020687,0.0,0.0,0.0,0.0030441174208046175,0.0012747879571237727,0.0,0.0027331420136343615,0.0122097480856248,0.0,0.0,0.008773572440549377,0.0,0.0,0.002004587381437016,0.0,0.0,0.0010983492974514493,0.0,0.0,0.0024964262512552483,0.0,0.0042149876005105735,0.0023902030372313088,0.00046340343651204974,0.0036516340279780972,0.003751134262407907,0.004994306112532989,0.0026039967875837546,0.002152335695468562,0.005927863498465446,0.0015887930286828983,0.0,0.0,0.0,0.009000735868450469,0.0006463694322487029,0.0,0.0006761842736819957,0.0021069258787023283,0.006661380143140911,0.0,0.0006186591312070217,0.0,0.0,0.0,0.0002795155523346508,0.0038827340700274605,0.0,0.006407425794807333,0.0,0.0006828867759591402,0.0,2.938304917765503e-05,0.0,0.007115490474715963,0.0,0.0,0.0003038526593053725,0.004389269226869015,0.0,0.00020008135772451232,2.9899979430002626e-05,0.0,0.00415474610985505,0.0,0.0018574659991568594,0.00044223816293308956,0.005317580847319671
201410,0.027453613559468452,0.0,0.0016264825446771461,0.0,0.01022052367147023,0.004013326368338943,0.0015976851996186761,0.0,0.003385060824296681,0.007266301152885117,0.000991020204560706,0.0,0.0007053550290170014,0.0032789434176782066,0.0,0.0,0.009267869932910025,0.010625054084769136,0.0001685814259427355,0.0,0.0015441776605991458,0.00042033069255943846,0.0001888724933640986,0.0018361070396652308,0.0027238137638398467,0.012858832417737246,0.0,0.0035828434775648614,0.001105155331244751,0.0,0.0,0.0,0.0,0.0,0.0,0.0,0.004288504957154944,0.0004171276989753497,0.0046143547269528965,0.000612740929480889,0.00320828288273633,0.0024740470343877687,0.0,0.0005092695506876663,0.002855086064660027,0.0,0.0,0.0,0.003613459046130214,0.0009680670116620493,0.0,0.0019241453954553383,0.012996928049880906,0.0,0.0,0.009022282433347253,0.0,0.0,0.002125828527113074,0.0,0.0,0.0017066189741582964,0.0,0.0,0.0023101096972822656,0.0,0.0039057736743486906,0.0031844579602157623,0.0007232181623216935,0.003413628564198151,0.0035996765713401024,0.005395636365026742,0.0026185639416945517,0.0022722685268227283,0.005893591132039249,0.0015326177200931177,0.0,0.0,0.0,0.008695829549904364,0.0009382209234475186,0.0,0.0006042109740674271,0.0017399022771777226,0.006394240477412985,0.0,0.001022273160370724,0.0,0.00012865479592723042,0.0,0.00028947684152412793,0.003809195678401881,0.0,0.006540283460926453,0.0,0.000650838953014231,0.0,0.0,0.0,0.006994048887482049,0.0,0.0,0.00035798877014295066,0.004501520973649534,0.0,0.0003981640390669951,0.0,0.0,0.0043400771703868135,0.0,0.002033920660738686,0.0,0.0049268511861027845
201411,0.02725824805298015,0.0,0.0012002351045380369,0.0,0.010067349393494573,0.004117441109222147,0.0020630575369212575,0.0,0.0033690727597378975,0.007398586673165085,0.0011342946021973555,0.0,0.0007314272039619912,0.0033577417945581654,0.0,0.0,0.009060131896593696,0.010447544690577256,5.036393933616902e-06,0.0,0.0014358634686209588,0.0003618941556022507,0.00024312463699699028,0.00157442759792848,0.002847058683926946,0.013040509408077777,0.0,0.0034895908465303704,0.0009248861594833208,0.0,0.0,0.0,0.0,0.0,0.0,0.0,0.004144045552745279,0.00033667840716586947,0.00474016513281483,0.000716746980248657,0.0031843911810409947,0.0022713176044872165,0.0,0.00017784738224556603,0.002811677807329987,0.0,0.0,0.0,0.0035503401014100426,0.0010331367357986274,0.0,0.0017369681816111237,0.012358806541464932,0.0,0.0,0.009072950583018165,0.0,0.0,0.0026270249236285534,0.0,0.0,0.0018323859432676597,2.1873901592408985e-05,0.0,0.002275124405195662,0.0,0.003732867776608591,0.003493659170727167,0.0005670178211922765,0.003315768476576278,0.0036335452148023293,0.005618361340709524,0.002819169022971065,0.0022856578826508257,0.005257944946152665,0.0015279990082991948,0.0,0.0,0.0,0.009065657110868146,0.0009180531434923597,0.0,0.00021069965695251806,0.0018759905530025649,0.006386368529315052,0.0,0.0011296422004825218,0.0,0.0006678327176650122,0.0,0.000233069539672419,0.0038033750242781163,0.0,0.006629096397752258,0.0,0.000767490982993937,0.0,0.0,0.0,0.00688470448318825,0.0,0.0,0.0003499223536147005,0.004432303536684129,0.0,0.0005458975953424434,0.0,0.0,0.004136971536359434,0.0,0.0017372144422637902,0.0,0.0052303311223868346
201412,0.026673818866935164,0.0,0.0007432596796368596,0.0,0.009919434808659686,0.003957031673397087,0.0018539857255296518,0.0,0.0032228598859426402,0.007625334758016906,0.001049261502094889,0.0,0.0003338721550460804,0.0033656054675385554,0.0,0.0,0.00927224783209783,0.010599533029924965,0.00013770286991483729,0.0,0.0013955126371783132,0.0,0.00032829181795538146,0.0013376118178241476,0.002982665919159605,0.013007759372280476,0.0,0.003325634199578267,0.0004038604751364385,0.0,0.0,0.0,0.0,0.0,0.0,0.0,0.00414751128988617,4.41469863161039e-05,0.004356749164937954,0.0006571357230619188,0.0029432270735915787,0.0024227733675874397,0.0,4.625490137713499e-05,0.002887321511525846,0.0,0.0,0.0,0.003455890250875178,0.0006832587418762839,0.0,0.002163471202358075,0.012328833331470683,0.0,0.0,0.009070355462049793,0.0,0.0,0.00256703139324316,0.0,0.0,0.0013516260504969773,0.0006953100701627915,0.0,0.0025337174106253323,0.0,0.004041681776677029,0.003081097538401714,0.0001492445666071476,0.003302905199550979,0.003740805895220177,0.005503779128206399,0.0029387255919576024,0.0019882253530728255,0.005004828636172,0.0014991404565796204,0.0,0.0,0.0,0.009511791485199575,0.0007675295328534819,0.0,6.383351582406534e-06,0.0016235787489748583,0.006642600435865021,0.0,0.0011388057411332857,0.0,0.00044346240350591145,0.0,0.00019850624600703575,0.003938332663338789,0.0,0.006379848002648593,0.0,0.0008405596039326575,0.0,0.0,0.0,0.006898787040730977,0.0,0.0,0.00017229904175305826,0.004287294671456154,0.0,3.180648556238265e-06,0.00019106921348108267,0.0,0.004174585279862174,0.0,0.0018248464640840815,0.00019546274953329045,0.005064275694430093
201501,0.026297172108381943,0.0,0.0003831786845594566,0.0,0.009825568010587806,0.003090024880629167,0.0022682718465607565,0.0,0.0033088691809337496,0.006220006234926366,0.0013335406592933292,0.0,0.00029991706599388773,0.003088745328929492,0.0,0.0,0.009398440864678859,0.01034318788197863,5.53192741661307e-05,0.0,0.0015545381685305888,0.0,0.00034575989802193796,0.0013562547522355253,0.002959966734389908,0.013047594859099227,0.0,0.002672870489445375,0.0002743447828736902,0.0,0.0,5.733593887192878e-05,0.0,0.0,0.0,0.0,0.004268605098550945,0.0,0.0042341567741155505,0.0010512045209426304,0.0030162183168153333,0.0024816114685016002,0.0,0.0,0.0022155842491091665,0.0,0.0,0.0,0.0030045795955508147,4.634674706309143e-06,0.0,0.0021588841863810675,0.012462106596624624,0.0,0.0,0.010370985157693224,0.0,0.0008058639237690343,0.003007595584404744,0.0,0.0,0.002071600329565963,0.0005575639744162597,0.0,0.0023071536077458243,0.0,0.002338800422210836,0.0026947915790989986,0.00020782201093346483,0.0036262804620008364,0.0032791398111182745,0.005178363013930995,0.0030279017710818324,0.0014536225619596645,0.005361638756393573,0.0020043535644933314,0.0,0.0,0.0,0.009430850818496655,0.0011755340941232294,0.0,0.0,0.0010777809379231955,0.006302852726133741,0.0,0.0013417371214054816,0.0,0.0011618016322777953,0.0,0.00021901691153082003,0.004318848229880113,0.0,0.0058392783358967755,0.0,0.0011523897418169778,0.0,0.0,0.0,0.006416270966983153,0.0,0.0,0.0,0.0038442110679705347,0.0,0.0002733684279288805,0.0,0.0,0.004104494171268589,0.0,0.0005417137256194241,0.0,0.005584489014349436
201502,0.02662202815461123,0.0,0.0003616795035821229,0.0,0.009799934964876647,0.003306986178027294,0.002223374227453917,0.0,0.0033344513657062144,0.006507731893770704,0.00111778806461868,0.0,0.0,0.0033476926591943412,0.0,0.0,0.009081421051230812,0.010412153541123051,0.0001940554339571116,0.0,0.001536131051162994,0.0,0.0003995029417263415,0.0010920493690604897,0.002954238648800866,0.012983111152252882,0.0,0.0027140537019321536,0.0003619543788323437,0.0,0.0,0.0,0.0,0.0,0.0,0.0,0.004100071404906399,0.0,0.004343529561940464,0.0009962511145189998,0.0028288897842266743,0.0025896452024541973,0.0,0.0,0.002297344791019442,0.0,0.0,0.0,0.002924413251739834,0.0,0.0,0.0020803379063821697,0.013002788365752633,0.0,0.0,0.010688966386196298,0.0,0.0013304264504716231,0.0028316803223978537,0.0,0.0,0.0014515221794980792,0.0,0.0,0.002284339418533173,0.0,0.0031548057694913653,0.0029557418338078826,0.0,0.0035096778265233846,0.003350120852438528,0.005291232747871864,0.0031258807247111116,0.001276336632954185,0.005053708387411766,0.0018828313793715563,0.0,0.0,0.0,0.009139065585851645,0.000966874590765396,0.0,0.0,0.0008714204818480682,0.006610937350128017,0.0,0.0012605168343716592,0.0,0.0007737273030625761,0.0,0.0002771484853341573,0.004416298292828241,0.0,0.005536306129695791,0.0,0.001240833013144091,0.0,0.0,0.0,0.006651078180592215,0.0,0.0,0.0,0.0038717650445656304,0.0,0.0,0.0002497640705785466,0.0,0.003821353663171766,0.0,0.0006701949255654344,0.0,0.0049338658508075945
201503,0.026462774520300422,0.0,0.0005700203158689626,0.0,0.009562991349757634,0.0034477574550389103,0.0024070433590033576,0.0,0.0034457813831575744,0.0066494525026490735,0.001165593935604941,0.0,7.778307222910998e-05,0.003098457389295279,0.0,0.0,0.009175870649018581,0.010149944522912145,5.7253109918213944e-05,0.0,0.0015796220521250477,0.0,0.00047963127420678543,0.001085591730956364,0.0027463579653656707,0.012796314556746237,0.0,0.002672658208057824,0.00044153435560349103,0.0,0.0,0.0,0.0,0.0,0.0,0.0,0.004119998819840375,0.0,0.004384682400925775,0.0010196397406837096,0.0028478095341884224,0.0023117433023918327,0.0,0.0,0.0023031033304749364,0.0,0.0,0.0,0.0031459434108823668,0.0,0.0,0.0018054238177362173,0.012460078273009897,0.0,0.0,0.010554161657975358,0.0,0.0016640294207278254,0.002689984504836249,0.0,0.0,0.0009540148101152288,0.0,0.0,0.0021137263688858093,0.0,0.0028586447892440356,0.0026001490656219505,0.00023284841236494286,0.003251289001595635,0.0031147647644483205,0.005417219591156212,0.0031749539539756163,0.0012123572272786111,0.004990137724434501,0.0019641282051629217,0.0,0.0,0.0,0.009269415465458786,0.0009965520172735022,0.0,0.0,0.0012284909251396342,0.006875601971748743,0.0,0.001650800109093056,0.0,0.00032648626658890147,0.0,0.00024397182295259526,0.004378058942919284,0.0,0.0058803138689903535,0.0,0.001432844384823424,0.0,0.0,0.0,0.0068321306623572815,0.0,0.0,7.983847108900899e-05,0.0038404207000454415,0.0,0.0,0.0004208238644349537,0.0,0.003906878433400291,0.0,0.00037285568782045365,0.0,0.005341931673380995
201504,0.026184728156668648,0.0,0.0007760012903583318,0.0,0.009374261976059598,0.003612375929063267,0.001982697731223706,0.0,0.003455504302699482,0.006706868922073984,0.0011242562823322933,0.0,0.0009163546989297667,0.0028237387155065343,0.0,0.0,0.009425524503732125,0.010369146537166472,0.00036070924110688144,0.0,0.001290379838232695,0.0,0.0005765881434774151,0.0011778901406425026,0.0025805569012091662,0.012898113043639556,0.0,0.0030985463632325033,0.00021523575114062215,0.0,0.0,0.0,0.0,0.0,0.0,0.0,0.003986758164236975,0.0,0.004713356537992715,0.000941767562988625,0.0027336259634340395,0.0025631391973647954,0.0,0.0,0.002054428927091383,0.0,0.0,0.0,0.0034224308188141837,0.0,0.0,0.0013175182369220802,0.012874166230465937,0.0,0.0,0.01064022327702822,0.0,0.0016535965452395645,0.0022762600268754177,0.0,0.0,0.000814711885001178,0.0004815288027950527,0.0,0.002200164376745615,0.0,0.003287192904787324,0.002793144456154719,0.0,0.0027982381526811023,0.003105789670008263,0.005712254007038203,0.003310735163007036,0.0016021214901055596,0.005330684235033789,0.001718061990594427,0.0,0.0,0.0,0.008757925253294373,0.0010424653902659303,0.0,0.0005458723367168293,0.001199901382930884,0.007109255325580674,0.0,0.0018708116895116388,0.0,0.0,0.0,0.0,0.004343992044408509,0.0,0.005488841731397935,0.0,0.001375903366421775,0.0,0.0,0.0,0.0074348273232387645,0.0,0.0,0.0,0.0037045842022940026,0.0,0.0,0.00030034946142645444,0.0,0.00423098010585506,0.0,0.00018151125936146503,0.0,0.0052858384096981246
201505,0.025081393028044817,0.0,0.0008178298534712985,0.0,0.009286463181068488,0.00358311904892563,0.0018131329717130714,0.0,0.0034415474302760523,0.00682069686739846,0.0011577031894644063,0.0,0.0009665427036065033,0.0029608919598097154,0.0,0.0,0.00931662759500328,0.010616556388624396,0.00021672504827064486,0.0,0.0013821138573173648,0.0,0.0005624736185415552,0.0011611335287749823,0.0026320963399613533,0.013030049623775247,0.0,0.0031473946547691646,6.262198177833178e-05,0.0,0.0,0.0,0.0,0.0,0.0,0.0,0.00408645642493049,0.0,0.004687422227268856,0.0009785096002966017,0.002995648885593172,0.0026577906901043926,0.0,4.866774077131632e-05,0.002228263633768314,0.0,0.0,0.0,0.0039153181037864925,1.369865231360901e-05,0.0,0.0012223396327774067,0.01323883482984948,0.0,3.3292567726823004e-05,0.010768804304221969,0.0,0.0015489434058021296,0.0025822596422754506,0.0,0.0,0.0007904061003280076,0.0015760459833957597,0.0,0.0021495924986241724,0.0,0.003043987510928615,0.002647261304666152,0.0,0.0028106843629572033,0.0034112076409645014,0.005597177464214613,0.0030907980397458564,0.0016909809424991134,0.005260145334940476,0.0015801133902314274,0.0,0.0,3.9846652334917005e-05,0.008824281964394554,0.0008007368955154572,0.0,0.000839992449264515,0.0011126176008571607,0.007110784327668595,0.0,0.0017584402889931406,0.0,0.0,0.0,0.0,0.004170223995088295,0.0,0.005130741855486952,0.0,0.0013837485992986434,0.0,0.0,0.0,0.007454953622740376,0.0,0.0,0.0,0.0037929228203507546,0.0,0.0,0.0004360376076508465,0.0,0.003928820770984306,0.0,0.0010681664040904772,0.0,0.004570644792147675
201506,0.024873683966124077,0.0,0.0008902013775327273,0.00012178522856799273,0.009190977541281876,0.0036771107948196566,0.0018508830343928404,0.0,0.0035285278179457893,0.006915024764705448,0.0010470007480585307,0.0,0.000786580594059394,0.0028723691985490843,0.0,0.0,0.009263153911358755,0.0103642907386119,0.0003296916431954706,0.0,0.0011763052254343685,0.0,0.0003644641274960658,0.0011468006272195624,0.002624599569553689,0.012851175317564169,0.0,0.003215882872962679,0.00015185895602413642,0.0,0.0,0.0,0.0,0.0,0.0,0.0,0.004025251526738243,0.0,0.0046960908122962546,0.0010340380554766213,0.0030533059164481735,0.002819926617569668,0.0,0.0,0.0023456516293311907,0.0,4.248632864097522e-05,0.0,0.0035874549453052537,0.0,0.0,0.0013816905502167887,0.013337040449343628,0.0,0.0,0.01075793659765992,0.0,0.0019239242030549355,0.002528360158767442,0.0,0.0,0.0006196567515462037,0.0010239402413995855,0.0,0.002128276564814241,0.0,0.0029261971667417044,0.002751620610475131,0.0,0.002772224976411573,0.00350576688134934,0.005606217202698992,0.0032124470712656655,0.001503720148994266,0.004916452326922411,0.0014088359245186981,0.0,0.0,0.00011410416702450671,0.008327224707338017,0.0007058278950584684,0.0,0.0008677551673999772,0.0008977627919180255,0.007205970108963003,0.0,0.0017339470542333357,0.0,0.0,0.0,0.0,0.004108014680331601,0.0,0.0052651946676253005,0.0,0.0014720207343592998,0.0,0.0,0.0,0.0076187512423930666,0.0,0.0,0.0,0.0037440447939089644,0.0,0.0,0.00042828568103403227,0.0,0.003590773495064299,0.0,0.001548599995678241,0.0,0.003814179908404999
201507,0.02408949020439993,0.0,0.0008197607099918944,2.7032075853303983e-05,0.009188035587569596,0.0041185857525095175,0.001917122563644182,0.0,0.0035693341403151115,0.007565945079608943,0.0009685079738085009,0.0,0.0009303176265761982,0.003009144088519162,0.0,0.0,0.00951557011479053,0.010340929545637546,0.0002660352560817814,0.0,0.0010146378728430245,0.0,0.0003385396235830577,0.001016062322039552,0.0027846131871133535,0.012663964758304948,0.0,0.002899970419687121,0.00023806789554333262,0.0,0.0,0.0,0.0,0.0,0.0,0.0,0.0041794533598060015,0.0,0.004926677181822318,0.0007341623243755856,0.0026337477234312737,0.0028511245601963524,0.0,0.0,0.0025606417248325818,0.0,3.827643164111915e-05,0.0,0.0034535211008538663,0.0003629199462973582,0.0,0.001254462671981085,0.01314282547400213,0.0,0.0,0.010602724771969933,0.0,0.001990329191927473,0.00216785915610179,0.0,0.0,0.00017995812531995765,0.0013821804752765178,0.0,0.0021696747333707776,0.0,0.0032372541966345166,0.0031506434866228864,0.0,0.0025811447678168345,0.002680088428243982,0.005563671575204154,0.0033434250059841864,0.00187073807722194,0.004684484859314483,0.0010463751351929501,0.0,0.0,9.639906600192762e-05,0.008339601240422592,0.0003040603481249219,1.0188760277810617e-05,0.0011358647538205079,0.0012379035472034879,0.007398800370133725,0.0,0.0017130933349184174,0.0,0.0,0.0,2.0494996985965536e-05,0.003960298461310388,0.0,0.005704501419415231,0.0,0.0015692009590671653,0.0,0.0,0.0,0.007233358548994304,0.0,0.0,0.00016127465288399759,0.004233438990426353,0.0,0.0,0.00027497865457435234,0.0,0.003402162590239463,0.0,0.0016670257281918126,0.0,0.0032851257183298716
201508,0.024168332182031883,0.0,0.0010283257306702388,0.00010904632436526178,0.009359228222868499,0.004071351397599192,0.0017688911142141122,0.0,0.003799958039367726,0.007801094286372773,0.0008249039448541666,0.0,0.0006965127184020391,0.003102235177274569,0.0,0.0,0.009474479348702328,0.010242160246569815,0.00032975358519618894,0.0,0.0008459013430186167,0.0,0.000491223492912694,0.001007599864776437,0.0028893172105043524,0.012631898064796905,0.0,0.002851853063070974,4.527257769214461e-05,0.0,0.0,0.0,0.0,0.0,0.0,0.0,0.004204212450457418,0.0,0.0049292262604871346,0.0006231902136896128,0.002351521334529046,0.002976606776318989,0.0,0.0,0.002415319283470682,0.0,5.599800343674012e-05,0.0,0.0029787086836413766,0.00037736369985395574,0.0,0.0016058260341099877,0.012918526243900302,0.00018282840042391566,0.0,0.010752669405884631,0.0,0.0019774789933750857,0.0022933441626837737,0.0,0.0,0.0,0.0011497808091066682,0.0,0.001985803561008158,0.0,0.0033667991538455506,0.0033457566728618184,0.0,0.002621901351476896,0.0025094953753098583,0.0056902226030566255,0.0033980851559467775,0.0019389742691633158,0.004583051923450391,0.000826960976847715,0.0,0.0,0.0005130712169584401,0.008882407166388315,0.00030287099136683905,8.90503288201451e-05,0.0007525732759403405,0.0011770266894878814,0.007298294769748442,0.0,0.001851546331166967,0.0,0.0,0.0,0.0,0.004078704630240825,0.0,0.0062959750599600435,0.0,0.0013647656104569758,0.0,0.0,0.0,0.00684995731347433,0.0,0.0,0.0002729327917000949,0.004279552538941973,0.0,0.0001420212431919831,0.00019748255309547344,0.0,0.003638413347006824,0.0,0.0013557857412700965,0.0,0.0032356723786709065
201509,0.02455806526972322,0.0,0.0007976013471609008,7.376834056791339e-05,0.009486788886392648,0.004346565818788637,0.0019102698327978771,0.0,0.0037489749030949256,0.007321279544582893,0.0007788440403239437,0.0,0.0006382156193286297,0.002935357095906956,0.00015854143830677867,0.0,0.009409514462774974,0.010542926916941555,0.00021675174018594175,0.0,0.0010783070312970096,0.0,0.000743048374390236,0.001048505711802616,0.0029200417480841376,0.01298318734595411,0.0,0.002810560955495187,9.805942484020584e-05,0.0,0.0,0.0,0.0,0.0,0.0,0.0,0.0041574210750679914,0.0,0.005082470638025046,0.00045291367575510155,0.0022428988828186863,0.002806411384871464,0.0,0.0,0.002885273759964346,0.0,0.00010677569186335852,0.0,0.0032834688080570977,5.381388971474027e-05,0.0,0.0011552445096130186,0.013189554847225527,0.00020983294011966277,0.0,0.010967736148905149,0.0,0.0015796235658485506,0.0026055582224299182,0.0,0.0,0.00030149396806429085,0.0008959799803184406,0.0,0.0021630472547417086,0.0,0.003219435469207249,0.0030765625860702294,0.0,0.0026895760993084343,0.002395175418664081,0.005692771376878498,0.0034705500564536336,0.0018069581165351986,0.0042747646806471345,0.0006815985002217384,0.0,0.0,0.0004681461586676956,0.009214807674515232,0.0005687554131977187,0.00021514904230427855,0.000800899693239234,0.0013393160121497592,0.007606979319846819,0.0,0.0014453887633023394,0.0,0.0,0.0,9.195038702082661e-05,0.004188014977793704,0.0,0.005986039168942841,0.0,0.001353246745476107,0.0,0.0,0.0,0.006722261221620847,0.0,0.0,0.0002674073646069096,0.004071044105286645,0.0,0.00031778250246826726,0.0002896681111999075,0.0,0.0033890501491257,0.0,0.0012795698524693797,0.0,0.0038966235783983445
201510,0.02414753129150665,0.0,0.0004654055236315559,8.145788025508566e-05,0.009639899932113442,0.004197077020580608,0.002066873216882679,0.0,0.0037992397994120724,0.007019276805015772,0.0007057320183410095,0.0,0.0007756347973125817,0.002704961697351621,4.025564512836067e-05,0.0,0.00958319843738558,0.010291112461166652,0.00010920794495178612,0.0,0.001393287135120727,0.0,0.000658396361926182,0.0010007568748266564,0.002917642599882475,0.013266409452289381,0.0,0.0031719198160910234,0.0001256329037398147,0.0,0.0,0.0,0.0,0.0,0.0,2.3659991016221314e-05,0.004035142335719824,0.0,0.005105164057089709,0.0005200045675108911,0.002270062354453001,0.0026938948684830694,0.0,0.0,0.003040651441235808,0.0,4.07071312233214e-05,0.0,0.004095006638844572,0.0011112123313914795,0.0,0.0005669721381474568,0.013871820617766636,0.0004003690844963214,0.0,0.01149654162238838,0.0,0.0016532769053775218,0.0029475526203015085,0.0,0.0,0.0008320379460630203,0.0009180960693866816,0.0,0.0022402674607256636,0.0,0.0035263530383538148,0.003389620028130183,0.0,0.003117413657169758,0.0019589691547017385,0.005968725288550457,0.0033233485523104563,0.001751813886115215,0.004108024713328622,0.0007844196414924859,0.0,0.0,0.00021048148674858026,0.009761271190841785,0.0007975878726018603,0.0003328717750967008,0.0003797834255869944,0.002015148212209897,0.007976140091696678,0.0,0.0014086516722493774,0.0,0.0,0.0,1.7988867964708686e-05,0.004068108322987782,0.0,0.005876904049859975,0.0,0.0014845473495471073,0.0,0.0,0.0,0.006588006524674288,0.0,0.0,0.00039414829490616447,0.003766955569110168,0.0,0.00021812666419347945,0.000387437091683228,0.0,0.003263347607206124,0.0,0.0014862726893433251,0.0,0.004291315665145092
201511,0.02343963102429579,0.0,0.0,0.0,0.009686851480581831,0.0040030353178337405,0.0021991196399201735,0.0,0.003701004410494591,0.006671236179631921,0.0005494654537362434,0.0,0.0010457550123748676,0.0027442275541937652,0.0004037874824757303,0.0,0.009790592022714675,0.010412921184709488,0.00014034419452771074,0.0,0.001136364196446929,0.0,0.0006082881011332584,0.0007634287829828799,0.0029915389739487448,0.013399722639270136,0.0,0.0033429599032848045,0.0002445316569378526,0.0,0.0,0.0,0.0,0.0,0.0,0.0,0.0037151683545822416,0.0,0.005080152639849998,0.0006411371768382825,0.0019537156014182277,0.0025247313673988536,0.0,0.0,0.0031473814735725578,0.0,9.411073393620769e-05,0.0,0.004828913691167195,0.0007123974311072618,0.0,0.0009544408879187437,0.01419100213998661,0.0,0.0,0.011319154200503738,0.0,0.0012297425234650524,0.0027731824988088704,0.0,0.0,0.0009248428938813562,0.001391086764696471,0.0,0.0020910797741388407,0.0,0.0036964641810978637,0.0027879244351380187,0.0,0.002994899191315553,0.0018506139593113143,0.00601809319738883,0.00397753469592372,0.0022185130947147366,0.003847260586813463,0.0009510623643366622,0.0,0.0,0.0,0.009589946863887183,0.0010435611015914426,0.0002847387268774756,0.0005326907936291612,0.0018999453936490028,0.007882202142364311,0.0,0.001116597893468083,0.0,0.0,0.0,3.599030212950023e-05,0.0036717250378851874,0.0,0.00537861149143039,0.0,0.001367210463128168,0.0,0.0,0.0,0.006129114828815472,0.0,0.0,5.381009811044204e-05,0.0036281179282597357,0.0,0.00043273264496722136,0.0004302570965366931,0.0,0.002934330984135864,0.0,0.0011588840347543617,0.0,0.004943793071222771
201512,0.023715423569359646,0.0,0.0,0.0,0.009588129763178188,0.0036902809829127674,0.0022544405562646497,0.0,0.003950663253436855,0.0061193952537955485,0.0006395279161038876,0.0,0.0009755769427244244,0.0028568386311090934,0.0010863170994514417,0.0,0.009619275919795202,0.01030419656528391,0.0,0.0,0.001228020569013536,0.0,0.0008208018945882891,0.0007348425427571739,0.002905098884142859,0.013160313584077314,6.860688866989025e-05,0.003558090503563294,0.0005256472264274244,0.0,0.0,0.0,0.00011009357451799372,0.0,0.0,0.0,0.0037196809494618632,0.0,0.005111169578840529,0.0006242902035569429,0.0019679570316756467,0.0026209564786447287,0.0,0.0,0.0027915543672015356,0.0,0.00015822697944850226,0.0,0.005286796661296845,0.0008972844334159336,0.0,0.0017554216876697333,0.014042755171030718,0.0,0.0,0.012071509759790124,0.0,0.0014676115267956793,0.0031251576008289096,0.0,0.0,0.0010085129264452372,0.0012130065535693986,0.0,0.0020304533515987143,0.0,0.0038241126835132076,0.0018441591204789213,0.0,0.0033443299873914443,0.002349872436174944,0.005969326483722455,0.003892811119172891,0.0023198257659623146,0.0033311476948259377,0.0010343146833670079,0.0,0.0,0.0,0.009633894575988898,0.0013006118880274902,0.00028025818526490105,9.158162371364122e-05,0.0023672640124694122,0.007869266096328069,0.0,0.001139853589738787,0.0,0.0,0.0,0.0,0.0038080610828693942,0.0,0.004880752448064333,0.0,0.0013346739290944084,0.0,0.0,0.0,0.005575728711882382,0.0,0.0,0.0,0.0035289741369977897,0.0,0.0008111192364598865,0.000295653345219603,0.0,0.0025994092834338,0.0,0.0016017642965828831,0.0,0.005088152411077622
201601,0.02323275565698682,0.0,0.0,0.0,0.009513802731912773,0.003734095635211484,0.002525815835737613,0.0,0.004052767013010344,0.005810548040809361,0.0006480442510803533,0.0,0.0009666255954163148,0.002927253929675094,0.000904056375823177,0.0,0.010113193808209917,0.009800967924088662,0.00011636515077955707,0.0,0.0011795427597095557,0.0,0.0008463146351199967,0.0009483435870071938,0.002680277220188649,0.013558231492178748,0.0,0.0031525346751692324,0.00026358470782638244,0.0,0.0,0.0,0.00021558101356777457,0.0,0.0,0.0,0.003504086131675535,0.0,0.005052358621650734,0.00068944041255377,0.001667906171305276,0.0024963065734384163,0.0,0.0,0.0028450494006385016,0.0,0.00016439168309842687,0.0,0.0051245572850665755,0.0008508857701489267,0.0,0.0015076143562535412,0.01461388464960481,0.0,0.0,0.01186991358015752,0.0,0.0012641713093676605,0.0034924316160013214,0.0,0.0,0.0008774038960853407,0.0006963474048295859,0.0,0.0018635947806474,0.0,0.003599466087604494,0.0017116441301185412,0.0,0.003187706656747077,0.0026351420079658502,0.006559934493681265,0.004207234530612962,0.0031661937958933134,0.00347379839705682,0.0009027817539194592,0.0,0.0,0.0,0.009530967512339913,0.001355293230734997,0.0003006562580318385,0.00044547410401826184,0.002297797543717001,0.008278247821283446,0.0,0.0009994982651052428,0.0,0.0,0.0,7.9846368323143e-05,0.0037853423099697883,0.0,0.0046006159263397356,0.0,0.0015045312926811338,0.0,0.0,0.0,0.005463677535316465,0.0,0.0,0.0003160565581952472,0.0034996307602101193,0.0,0.0008197459296060712,7.314732472664137e-05,0.0,0.0021284150052214867,0.0,0.00047988907914368764,0.0,0.0055554169768789775
201602,0.02358157916015121,0.0,0.0,0.0,0.009547754998938646,0.0034547938519771983,0.0029496186937720548,0.00012528831838886652,0.003997987147818348,0.006312312616629312,0.0002794214024317854,0.0,0.0004654742143877663,0.003227898625752201,0.0009356786719708509,0.0,0.009699431333416471,0.009706847669144444,0.00010748085388777473,0.0,0.0012742253791443484,0.0,0.0007081350902347905,0.00098652222924826,0.002655360443331377,0.013684686078762923,0.0,0.0033590919065623194,0.0002756865681825134,0.0,0.0,0.0,9.149216647169377e-05,0.0,0.0,0.0,0.0034905140413355987,0.0,0.005109311250941347,0.0007505524832666703,0.0015576549074498918,0.0026364521379180403,0.0,0.0,0.0033560398070726616,0.0,0.00040834114138157707,0.0,0.004980025674011482,0.0005840248682420373,0.0,0.0012492533275301012,0.014295784901265577,0.0,0.0,0.011943348755059723,0.0,0.001205735898900509,0.0031142515927635225,0.0,0.0,0.0008812714887450024,0.0006941563970410836,0.0,0.0022365880743763665,0.0,0.002787170978521718,0.0015593581139967453,0.0,0.0029872934314334196,0.0025917631715097525,0.006601077409514697,0.004079277857224302,0.0029861097038532715,0.0028998639718429463,0.0006776671096266518,0.0,0.0,0.00014456883373294835,0.009695442450199947,0.0010160541291973626,0.00015818300958482566,0.0006230962383989748,0.002543046982619521,0.008470042160498181,0.0,0.0011681296733466512,0.0,0.0,0.0,0.00029927604350090954,0.0037292478446696213,0.0,0.005642442078016757,0.0,0.0014288351540269252,0.0,0.0,0.0,0.005442289023455397,0.0,0.0,0.0006313017865358102,0.0034551965365270166,0.0,0.0007607694335625387,0.0,0.0,0.0016968176421407887,0.0,0.0,0.0,0.005537159221501827
201603,0.023693649253308968,0.0,0.0,2.9775628929474945e-05,0.00962252376736792,0.003308165960903732,0.0031127519147101683,0.0003999257115925711,0.0040095420293204875,0.0064016718224638985,0.00021770233292315317,0.0,0.0004284669303800419,0.003040429290001687,0.0003849085489762375,0.0,0.009251709495307892,0.009695510008776734,0.0001372475321447788,0.0,0.0013441531176300715,0.0,0.0008268649438534538,0.0009816392614222012,0.0025562079903064445,0.01406482560637136,0.00010525785388408735,0.0035536547262143767,0.00014516552488082343,0.0,0.0,0.0,0.00010186020068373187,0.0,0.0,0.0,0.003510440064740158,0.0,0.0049414196954598,0.0006866901646822026,0.001574550511232665,0.002353863721667889,0.0,0.0,0.0033007294015621478,0.0,0.0005760583164957918,0.0,0.00525409154368897,0.0007030564688193512,0.0,0.0012617036047272202,0.014171647974874108,0.0,0.0,0.011776617611404774,0.0,0.0010685182596806705,0.0035350626836075537,0.0,0.0,0.0011732135031303076,0.00014093380399097326,0.0,0.0022310319405269884,0.0,0.0027742360615609584,0.0009793910964798088,0.0,0.0027231133878974725,0.002545234548965697,0.006569467965420983,0.004050104545536789,0.0028147355483110277,0.0025248973797461333,0.0007435107662141616,0.0,0.0,0.00026652444706104614,0.009751369547990208,0.0010034394601474974,0.0001503198060314054,0.0005359660619788837,0.0024470534194830588,0.009174090004881199,0.0,0.0012317095073535542,0.0,0.0,0.0,0.00031602479175137885,0.003833927968454076,0.0,0.005898360662234752,0.0,0.0015857018080110508,0.0,0.0,0.0,0.005382400167353618,0.0,0.0,0.0009403670502197665,0.0031625082289075445,0.0,0.0007518883825892454,0.0,0.0,0.001640022261512919,0.0,0.0,0.0,0.005388150080370003
201604,0.023737409210836554,0.0,0.0002115003809996216,0.0,0.009631662204808388,0.0032816189529864745,0.003031237725301694,4.097968156836147e-05,0.003946325239601019,0.0070449279648118575,4.75744965956001e-05,0.0,0.0003930603841571287,0.0031490081802775733,0.00026873861821386484,0.0,0.00888507445600194,0.010108236127611261,0.00013918083491740838,0.0,0.0015255954555069612,0.0,0.0007908597929212377,0.0009171288304530849,0.0025684647009134565,0.014230473797009487,6.831062921421386e-05,0.003373677536239836,0.0001777067074386468,0.0,0.0,0.0,5.244798641474148e-05,0.0,0.0,0.0,0.003636212280961069,0.0,0.004920594002496461,0.0005583612677166159,0.001597567954329651,0.0026309403626809252,0.0,0.0,0.0030525739749519866,0.0,0.0005544638894824389,0.0,0.004951853744382494,0.0012169022502141785,0.0,0.000835470263455159,0.013442224714043455,0.0,0.0,0.011639821891247322,0.0,0.0011704541167411402,0.0036314707429924075,0.0,0.0,0.0007518052392952059,0.0004604516943939385,0.0,0.002202037324427688,0.0,0.0019207793348659118,0.001277037068897603,0.0,0.002441467148701465,0.0024354102328044674,0.007060728556677659,0.0036969472403632353,0.002754970917664069,0.002480594785906592,0.000709105627871824,0.0,0.0,6.056433586226135e-05,0.009533071353800986,0.0010977297755479832,0.00020454622333392877,0.0009817208218924716,0.0021291098137796965,0.009240214330728636,0.0,0.001207554010260498,0.0,0.0,4.5812115763753483e-05,0.0004365750029240303,0.00366649973455065,0.0,0.0064195551534501905,0.0,0.0015670194378668394,0.0,0.0,0.0,0.005712758590056276,0.0,0.0,0.0007323601735264461,0.0033146948171302606,0.0,0.0004998134540819062,0.0,0.0,0.002320110791840602,0.0,0.000531645914640014,0.0,0.003992257345830841
201605,0.02322638409358539,0.0,0.0,0.0,0.009604662666381754,0.003219802182673751,0.003004211662908604,0.0,0.004171786696618761,0.006862610183238053,7.435625921464085e-05,0.0,0.00024925183326518464,0.003293283415564121,0.00020378790097214466,0.0,0.00894220361157838,0.010126677660049491,0.0,0.0,0.0014601646170089122,0.0,0.0008980683736397688,0.0008511987157033935,0.0024819778090330066,0.01405191654235144,1.1743794566771149e-05,0.0034066924386448876,0.000172434744272966,0.0,0.0,0.0,7.837848598166646e-05,0.0,0.0,0.0,0.003428712245905802,0.0,0.004886185382201586,0.0005734499276101952,0.0016406326340694844,0.002601212094154425,0.0,0.0,0.003153756401161711,0.0,0.0005459122219072635,0.0,0.0049649724423781166,0.0009574738366224978,0.0,0.0011986009064763698,0.013311076037535617,0.0,0.0,0.01201190590885162,0.0,0.001719783959212657,0.0035319390256685493,0.0,0.0,0.0008334447377013721,0.0006590339046947921,0.0,0.002157606832012494,0.0,0.001992914245433944,0.0009911782536820588,0.0,0.0027009436039251546,0.0026513897896071077,0.006640145489070784,0.0036056776348671986,0.002827320304470518,0.0022177851163044243,0.0008559717514609957,0.0,0.0,0.00011552232836001485,0.00958845436823411,0.001225518811204394,0.000235864111645528,0.0006094649549559998,0.001869185568710262,0.009250283620578528,0.0,0.0014965700359753178,0.0,1.2621675308630535e-05,0.0,0.000341988294418142,0.0037407440909942814,0.0,0.006346438955779262,0.0,0.0013728421049940711,0.0,0.0,0.0,0.005345461848635691,0.0,0.0,0.0011709985146913476,0.0030689516033844074,0.0,0.0005126358231558798,0.0,0.0,0.0015103315362528776,0.0,0.0005583185710122196,0.0,0.004561492597699081
201606,0.023712477863328914,0.0,0.0,0.0,0.00938791296323941,0.0032586173349630583,0.003577888188180962,0.0,0.004059002175556068,0.007027302494409189,9.165956109636792e-05,0.0,0.0,0.0032328114425068844,0.00031665656031689847,0.0,0.008650843321974392,0.010000746711926314,0.0,0.0,0.001550847704848487,0.0,0.0007848623671284583,0.0007686094343005455,0.002386453558037969,0.013936631611480973,0.00027926665841467653,0.003316123939519044,0.0005231729970211985,0.0,0.00020016437178943714,0.0,0.0001928567800701967,0.0,0.0,0.0,0.0034688435729502377,0.0,0.0048419400066596965,0.0004954529891557574,0.001502705021906233,0.0024901522037121646,0.0,0.0,0.003560639525830402,0.0,0.0006833919774251706,0.0,0.005238423004357016,0.0009745631300728528,0.0,0.0008182828815608799,0.01363286757551433,0.0,0.0,0.011600415360775097,0.0,0.0012065620125090984,0.0038563575623461253,0.0,0.0,0.0007759365151567038,0.00012130808612419691,0.0,0.002144438200774351,0.0,0.0022264543270810004,0.0008770296829342826,0.0,0.002636285616318515,0.0030079258337891487,0.006492762587977207,0.0037109470834970947,0.0027159725011345164,0.0016435768999689346,0.0007942188160453585,0.0,0.0,4.0012771826639794e-05,0.00973069547966813,0.001161623121839359,0.00016775630691536768,0.0003463067892811278,0.002159769845004086,0.009349403976765163,0.0,0.0014082168027878474,0.0,0.0,0.0,0.0003619898444307737,0.0038747837196917313,0.0,0.005810143223164144,0.0,0.0012520255920217534,0.0,0.0,0.0,0.005429785143423899,0.0,0.0,0.0014629319081393183,0.0030131420711902008,0.0,0.0006594085191760904,0.0,0.0,0.0014452077851424652,0.0,0.0003150598439870265,0.0,0.0052823045125561414
201607,0.024017286891893287,0.0,0.0,0.0,0.009279607873911288,0.003124222828384153,0.003958290302442912,0.0,0.004025328440950755,0.006576357966134048,8.435349044652593e-05,0.0,0.00011526083308705346,0.0031016622157780042,0.000753694212880092,0.0,0.009089456546996003,0.010359468343528277,0.0,0.0,0.0016411395569284253,0.0,0.0005702074595076591,0.0008292225139777773,0.002339394419529194,0.014344484754219127,0.00033807965499391054,0.0030080207226467312,0.0003145083209825964,0.0,5.1606877352084436e-05,0.0,0.0003473775645714429,0.0,0.0,0.00015076852310137912,0.0031006068876196897,0.0,0.004684573732911802,0.0006544919095832915,0.0009607757631203487,0.002559524799248673,0.0,0.0,0.00395725957131289,0.0,0.0005401713774313527,0.0,0.0053518606702422965,0.0,0.0,0.0008178357554893372,0.014543812104303732,0.0,0.0,0.012295552440149344,0.0,0.0017728821698813563,0.004148995761063234,0.0,0.0,0.000511091511445044,0.0,0.0,0.002197904451353527,0.0,0.003516964107799988,0.0010168231665047662,0.0,0.0030617757823936218,0.002924508862952944,0.0064624976810099535,0.004048245593992716,0.0033654989513005715,0.0012755750611622527,0.0007525925109426642,0.0,0.0,1.070614291306564e-06,0.009602922117170141,0.001262086441729672,0.00035194549035149145,0.00026745451586881216,0.002120255398776983,0.008656955069541962,0.0,0.0015198110219370616,0.0,0.00043651539527669956,0.0,0.00045460966093006857,0.00362329339623508,0.0,0.005444785532273397,0.0,0.0014454732244318944,0.0,0.0,0.0,0.004911723190654933,0.0,0.0,0.00150673435752626,0.0029739060534427326,0.0,0.000593830917201198,0.0,0.0,0.0010887138980462338,0.0,0.00041434093297182753,0.0,0.005841651670046673
201608,0.024687244523802207,0.0,0.0,0.0,0.00927107559002489,0.003036613389722425,0.003617637569198182,0.00020500714355479609,0.004368761945588382,0.006597276654625775,0.0001955716989600039,0.0,4.8739159617013104e-05,0.003193743796655513,0.0010952944947538125,0.00045170155351668235,0.009098754073207437,0.010327698249881688,0.0,0.0,0.0016918681079836912,0.0,0.00040683099139027777,0.0009450244704236657,0.002471646410823801,0.014431570300601972,0.0003571543379256993,0.0027560338022978464,0.0002719814900671576,0.0,0.0,0.0,0.00023161752169149132,0.0,0.0,0.0004509874143450462,0.0028364258789045117,0.0,0.004506782919000263,0.0006561059887348942,0.0008032642946741962,0.0024910061658767945,0.0,0.0,0.004344906889660856,0.0,0.0004369992316256711,0.0,0.005468178724096033,0.0,0.0,0.0005291838817470558,0.01398780401785895,0.0,0.0,0.012373571465368539,0.0,0.0016721891942718355,0.0043018722584924,0.0,0.0,0.0005541774788387889,0.0,0.0,0.0021902783546827154,0.0,0.0034068617688780573,0.0014674166817280768,0.0,0.0028491763729342205,0.0027976543473935034,0.006128724100365999,0.0040491854615277365,0.003403911492586573,0.0014511964333636738,0.0007167727343416285,0.0,0.0,0.0,0.009776712848081275,0.0014508377678049103,0.00037803484692429997,0.0004910573026280116,0.0021153443303202177,0.008423137659428372,0.0,0.0013099222224585646,0.0,0.00043373670623387205,0.0,0.0003579508162271412,0.0035662714241157982,0.0,0.0055605808870512075,0.0,0.0014182473993497335,0.0,0.0,0.0,0.004763827920959671,0.0,0.0,0.0014929898099691114,0.002490858832479871,0.0,0.0005450115895401715,7.43624139263844e-05,0.0,0.0016043640223412279,0.0,0.0003011362436742412,0.0,0.0059575497211503715
201609,0.024930034583972655,0.0,0.0,0.0,0.009232600177209378,0.0026783325026333194,0.004036605737390678,0.00039615354579297283,0.004584889708010581,0.006179175522399541,0.00023452846291334846,0.0,0.00035691518308133007,0.003118108293334669,0.0010310162340925976,0.00023536386080686615,0.00894520996427815,0.010102883271945931,0.0,0.0,0.001641421217268083,0.0,0.00048431099248199015,0.0011322117193366121,0.0024888682893352393,0.014536500466078748,0.0006701828819837047,0.0031080993160361547,3.155571419110497e-05,0.0,0.00015648694860163578,0.0,0.00025779568086828835,0.0,0.0,0.0010664567623350912,0.002943611696468332,0.0,0.00450540765574668,0.0005584955857932536,0.0005200338214749051,0.0024934221121325783,0.0,0.0,0.00498112113499058,0.00048494013682920655,9.605720722315804e-05,0.0,0.006166404986325815,0.0,0.0,0.0004891081098188387,0.013336037530401542,0.0,0.0,0.01219825867034365,0.0,0.0019825037689916477,0.004379263457523532,0.0,0.0,0.0,0.0,0.0,0.0022037834068496884,0.0,0.003626752212627034,0.001240511444700238,0.0,0.002765930468157352,0.0026480036050305815,0.005921153042378575,0.004154502164599257,0.003713060561409411,0.0009383842752510299,0.0006488368365868233,0.0,0.0,0.0,0.009868936542401922,0.0014410970875063274,0.00024373192804432397,0.0008786804017659141,0.0021875119539946884,0.008516785848851148,0.0,0.001426102375301169,0.0,0.000508703548062701,0.0,0.00036422797987390083,0.003515242962579452,0.0,0.005550267563024578,0.0,0.0012933182216994664,0.0,0.0,0.0,0.005426995497218387,0.0,0.0,0.0011463194494180618,0.002389700475077839,0.0,0.0005654798459602424,0.0,0.0,0.0016700355086963397,0.0,0.0007444461516243461,0.0,0.005955944937642612
201610,0.02456399924717129,0.0,0.0,0.0,0.009083731854821225,0.002857412734847504,0.0040587765901793985,0.00046473238559269366,0.004741466878160813,0.00646684043631602,0.0001793451341851271,0.0,0.0005545672802850993,0.0030217685526632157,0.0009127740872446118,0.0,0.008816179766432414,0.010159710982329479,0.0,0.0,0.0013926151106444637,0.0,0.0007358242736973085,0.0011778914705605488,0.002392648182512699,0.014707379901648207,0.000773771506076393,0.003437153771968085,0.0,0.0,0.0002462048799316892,0.0,0.0001259473998440746,0.0,0.0,0.0010757408717419887,0.002707114495891345,0.0,0.004336527546901977,0.0005161499495286161,0.00031238201695273977,0.0024853878221943616,0.0,0.0,0.00444267207962588,0.00018978035609716815,0.0,0.0,0.0058943872276202465,0.0,0.0,0.0005863205227917404,0.013569915032135704,0.0,0.0,0.012004549566980889,0.0,0.0013579520410706117,0.0038932593974741127,0.0,0.0,0.00038990077204153453,0.0,0.0,0.0025779535895858203,0.0,0.0037186733606393695,0.0016179255730736626,0.0,0.002718826486356607,0.002688704322187105,0.005600935532982699,0.004229435651072496,0.003682102333076555,0.0010663499092335574,0.0006409911736143196,0.0,0.0,0.0,0.009720637742010036,0.001593438703838645,0.00013244860114971154,0.0010596943829312346,0.0024330552666445753,0.009152188575666596,0.0,0.0012451615373849387,0.0,0.0002730197244772527,0.0,0.00042201878581830054,0.003573814658611636,0.0,0.005889706443565708,0.0,0.001137014218163918,0.0,0.0,0.0,0.004935770463548477,0.0,0.0,0.0014586843914003173,0.0024700061319611003,0.0,0.0005597739503898243,0.0,0.0,0.0020368399142497206,0.0,0.0009152406643013268,0.0,0.005521301683557783
201611,0.02441629498839806,0.0,0.0,0.0,0.00902418354611622,0.0030295119700349685,0.00450808533706069,0.000715418033349761,0.005643217967330893,0.006409792214375716,0.0002980720523007912,0.0,0.0002126136686492575,0.003063913435868741,0.000306544566295851,0.0008361133252985679,0.008858040998349468,0.010120904795729845,0.0,0.0,0.0016318462789608672,0.0,0.0007250449255682468,0.0009738073162754583,0.0023353568996364684,0.014306854581338367,0.0007036636152269406,0.003195549591167662,0.00023939867582108433,0.0,0.0004275419795364897,0.0,0.0002611733044855346,0.0,0.0,0.0018653630568975065,0.002781191518249984,9.532011132474677e-05,0.004351418422306083,0.0007460944474721521,0.0003683512625861356,0.0022496536721170472,0.0,0.0,0.004712053836509816,0.0001586884265325298,0.00018176985360856477,0.0,0.006402551374691487,0.0,0.0,0.000755526555768033,0.013558691181264388,0.0,0.0,0.012881442583625556,0.0,0.0027344393135094137,0.0037989634947408362,0.0,0.0,0.00043378402683765346,0.0,0.0,0.002453690410991236,0.0,0.003644418026591752,0.001487022005083015,0.0,0.002979946495447659,0.0028021643029471684,0.005712347820249187,0.003949096365808745,0.0036417704627850515,0.0005128638579271013,0.000648764371463931,0.0,0.0,0.0,0.010035254801073465,0.0013515651680467817,0.00018682853411122535,0.0006543672130411059,0.0018068399714528487,0.010249209314157973,0.0,0.0012371606217812972,0.0,8.378987511998285e-05,0.0,0.00035660753534885373,0.0034935816842637238,0.0001758968681848307,0.0060108797945361975,0.0,0.0007654801716704786,0.0,0.0,0.0,0.004539292855873958,8.379726138936234e-05,0.0,0.001460082621933558,0.002735853516300548,0.0,0.0004822637839123747,3.895974457224848e-05,0.0,0.0015119847163512063,0.0,0.001150021158493119,0.0,0.004778790130628686
201612,0.024282194832442663,0.0,0.0,0.0,0.008973059962585909,0.0032286492725200054,0.004827792654952288,0.0007570938549321856,0.005710910695059167,0.005784875955991984,0.00012461539768679066,0.0,0.0003117587277430946,0.0033003944786670143,0.00025913290920352787,0.0006177871733826732,0.008907831557607193,0.010087714675908499,0.0,0.0,0.0017005644940854272,0.0,0.0006354282872810385,0.000793729940083286,0.0024441686984122734,0.01441907670417502,0.0008163042560445147,0.003257448766738731,0.0004774572261202821,0.0,0.0004986907940009581,0.0,0.0003191763394521452,0.0,0.0,0.001887635523041455,0.0024595813148206584,0.0002762934397649113,0.004343954359444792,0.0007629309535014152,7.773414304647374e-05,0.0019450317567442734,0.0,0.0,0.0047615321765619055,0.000768228049261322,0.00014035060927265657,0.0,0.006713602611267979,0.0,0.0,0.0008788390730109201,0.013407552187432633,0.00014010874293788998,0.0,0.012816536247905243,0.0,0.0025586461674735645,0.004024989723407873,0.0,0.0,0.0006731535413236157,0.0,0.0,0.0025169855038994255,0.0,0.003873296627854298,0.0014322957675721826,0.0,0.0027897147770176763,0.0024683916288750474,0.005819893433472763,0.003929409084610387,0.0035972375554321734,0.00018622791391030292,0.0007292628707412119,0.0,0.0,0.0,0.009754844489790688,0.0014894439905161158,0.00016374166275101581,0.000447353344314974,0.0016989814049433664,0.010009299754221143,0.0,0.0012911446545147494,0.0,0.00042446148088376353,0.0,0.00023417954465663627,0.003542294050118619,0.0006934769627318051,0.0060689208050303195,0.0,0.0008487382558179827,0.0,0.0,0.0,0.004690611068746568,0.0,0.0,0.001287979052995453,0.0027166864677757602,0.0,0.00041216749392665664,0.00017552211108453093,0.0,0.0013315746881584925,0.0,0.001709145260850506,0.0,0.0042794226170049755
201701,0.024965731150414117,0.0,0.0,0.0,0.008804564153231735,0.0034498330716786797,0.005368358090664688,0.0004673917012249737,0.0055171106082432695,0.005142730474673612,7.203338825153099e-05,0.0,0.0010858434486771655,0.0033237113812951834,0.00023635146996007489,0.0,0.008432339896373637,0.010234740365165277,0.0,0.0,0.0019536713232996446,0.0006338831235051082,0.0005475395939661768,0.0008903968255645062,0.0025240242063036627,0.014197725484054062,0.0010824112225808864,0.0030821284162764694,0.0003067466743038003,0.0,0.0002274132080961697,0.0,0.00028497091750662786,0.0,0.0,0.0017921526070533425,0.002876094896123312,0.00013831751323875783,0.004245112706950536,0.0006778285459772871,0.0,0.0018091739834251162,0.0,0.0,0.004881523160434804,0.001787931907708074,0.0,0.0,0.006814960178404034,0.0,0.0,0.0008051203610335322,0.012874373072624835,0.00018907335041752274,0.0,0.011333648937778926,0.0,0.0019471895178521676,0.004154171527943424,0.0,0.0,0.0,0.0,0.0,0.0026413317887569203,0.0,0.003549889774295878,0.0009310792028588127,4.112302582317402e-05,0.002612792407779114,0.0017588098336488627,0.0051683632987150376,0.0037020770707305037,0.00410356604084,6.22091197888453e-05,0.0004938996803064541,0.0,0.0,0.0,0.009720397074693608,0.00163811590642744,0.00011473142509786667,0.0004033262273895553,0.001752108392556016,0.009751005760666157,0.00015558188910798728,0.00106473897072516,0.0006855122901862284,0.000968095720913963,0.0,0.00011491873093609395,0.0035288414011305728,0.0002381337496004898,0.005649615681898681,0.0,0.0006874878258065478,0.0,0.0,0.0,0.004388368986981875,0.0,0.0,0.001217498489617657,0.00308301673850594,0.0,0.0,4.572678472250343e-05,0.0,0.0015059159424529029,0.0,0.0020458477462534683,0.0,0.004820528840596079
201702,0.024831670327166145,0.0,0.0,0.0,0.008552894015382157,0.0035886834162645043,0.00537151071041184,0.00028146645524096094,0.005727391857241038,0.004841922103747749,0.00019622468986699951,0.0,0.0014945484995203743,0.0034594710477839213,0.00023133231820275687,0.0,0.008282929982828691,0.010395436621308696,0.0,0.0,0.0016239813647944872,0.0007508226450033254,0.0006167887915011954,0.000988080998498221,0.002580742864681745,0.014536657120738882,0.0009716680836114092,0.003140481159843084,0.0,0.0,0.0,0.0,0.00022035598212934073,0.0,0.0,0.0020764338896432427,0.003270462458798941,0.000363788612129045,0.0042813628994735455,0.0005411133787334828,0.0,0.0017614597996879467,0.0,0.0,0.004615585609101541,0.0016566791812485013,0.0,7.101155017401542e-05,0.006438573057736807,0.0,0.0,0.001457626040813344,0.013253766755132857,0.00027971015706280093,0.0,0.011361384917539179,0.0,0.001629575764975558,0.003969760904922959,0.0,0.0,0.0,0.0,0.00020949984987535724,0.0027634675380391618,0.0,0.003266173727705034,0.0006869076408722462,0.0,0.0025951998436237202,0.0018473768485981511,0.005401558689964868,0.003853395702017005,0.004054345999456364,0.00010308381766958074,0.0005438057203884746,0.0,0.0,0.0,0.009741907409801477,0.0016320976471441012,0.00024220307827121278,0.00043779799183249013,0.0015170043659951137,0.009602725265476267,0.0002614777972284406,0.0006101631674204963,0.0003123091160945356,0.0011093518853463392,0.0,0.0,0.0037702035095308808,0.0,0.005207902644584996,0.0,0.0010118012853418553,0.0,0.0,0.0,0.004193079045177192,0.0,0.0,0.0014346739823734218,0.003400119847524026,0.0,0.0,0.0,0.0,0.002154128615070355,0.0,0.0020530464789473134,0.0,0.004554233722836532
201703,0.025690241581865777,0.0,0.0,0.0,0.00851697953350362,0.0033580045209678144,0.005343191451952528,0.00024914391696051355,0.005095024685571379,0.005309125986095922,0.00041076070478161494,0.0,0.0017744987382896807,0.003665484013842454,0.0005667896864325669,0.0,0.008246952388742054,0.01042367572939123,0.0,0.0,0.001648484099971737,0.0006408736726600798,0.0006304053520912239,0.001270132157816007,0.0025600462193191014,0.015072055960114803,0.0009797871265791887,0.0027544023577632214,0.0,0.0,0.0,0.0,0.0002017140623014932,0.0,0.0,0.0009209817155032323,0.0031460650509513265,0.0,0.004817385264825437,0.0007034285398313608,0.00018185480560711372,0.0017876814509790845,0.0,0.0,0.00463059486583849,0.0010550895635095994,0.0,7.1552608996791845e-06,0.006334663175769394,0.0,0.0,0.0010558678654078097,0.012972956106219511,0.0003262627731496602,0.0,0.011461417371073156,0.00011635843764031013,0.001380427632584056,0.004010090066681731,0.0,0.0,0.0,0.0,0.0003457899677874747,0.002767365665557636,0.0,0.0024330739666004546,0.0010645187370947491,0.0,0.0024152886150854334,0.0018650859879942828,0.005693441581772436,0.0039140072525458095,0.003899033151065891,0.00040875621962929866,0.0006084767605710582,0.0,0.0,0.0,0.009736592972884947,0.001627281791747049,0.0002285586783434224,0.0004410047183971274,0.0017329103571231501,0.009812162812740366,0.0004881735156570246,0.00035249478584738474,0.00022928925387923738,0.000991669846348468,0.0,0.0,0.0035856486628979872,0.0,0.0055787379686797695,0.0,0.0011809823863127469,0.0,0.0,0.0,0.003587266493451129,0.0,0.0,0.0015659843874857133,0.003761805374400603,0.0,0.0,0.0,0.0,0.0019562517456938283,0.0,0.002576558398592957,0.0,0.003949491685994622
201704,0.026394896507263333,0.0,0.0,0.0,0.008587965336508114,0.0032017951639931115,0.005382945661383551,0.0004009904933779801,0.004693908316205903,0.005630787719194263,0.0009646404396722317,0.0,0.001438863074090575,0.004091416595954393,0.0013560490458577566,0.0,0.008543044387371917,0.010116364241812928,0.0,0.0,0.001855995964176005,0.00041656534847152603,0.0005629642782092911,0.0014702871964059584,0.0026631015296278617,0.015722806604473068,0.0009492397532031804,0.0022745858557204875,0.0,0.0,0.0,0.0,0.0,0.0,0.0,0.0,0.0026951077939225986,0.0,0.0049288211873686535,0.0008465120872686955,0.00033082398835969574,0.0018221043206765753,0.0,0.0,0.004531618207827701,0.0002990138419499627,0.0,0.0,0.006663764774447149,0.0,0.0,0.001003733736376891,0.012850974062790078,0.0,0.0,0.010644709827808577,0.0008466382080897768,0.001318612363884025,0.0039291429969685494,0.0,0.0,0.0,0.0,4.025596731858279e-05,0.002736476332220972,0.0,0.0023639885609162154,0.0014611311852030134,0.0,0.002058447617139642,0.0016495779490599118,0.005755055020548969,0.0037921368803280893,0.004909317913506259,0.0008573550719577372,0.0004064528285218993,0.0,0.0,0.0,0.009306279004552182,0.0019054338769606254,0.0005238121344713351,0.0009477359056782135,0.0018272387038582852,0.009359437843872323,0.0004502174368487559,0.0001787714469680861,0.0,0.001059378358765821,0.0,0.0,0.0034526653259838087,0.0,0.005433264863468508,0.0,0.0013708636088051597,0.0,0.0,0.0,0.004119952747020828,0.0,0.0,0.0019773636664819814,0.003764880755072513,0.0,0.0,6.39046744538807e-05,0.0,0.0009617153296326615,0.00019561114802230228,0.0027567104586466783,0.0,0.0037155506802657727
201705,0.025244133860453218,0.0,0.0,0.0,0.008529704584540831,0.0030680400116241385,0.005688513243194596,0.0004669479580802318,0.005268493235421554,0.005637027855881998,0.0005614960876858942,0.0,0.0015072691581475867,0.004168645518522833,0.0010690529952992593,8.802938270500154e-05,0.008639915927371055,0.009639966861639782,0.0,0.0,0.0015773621731545256,0.0,0.0004640193309210141,0.0014077168270239702,0.0024548352579089453,0.01539318437015318,0.0011332602072906368,0.0024342393381673578,0.0,0.0,8.593525678657231e-05,0.0,9.73438766935653e-06,0.0,0.0,0.0011052857132409812,0.0026299472160252503,0.0,0.004943448498834313,0.0006114418861972587,0.00020703275476475173,0.0021053130215161926,0.0,0.0,0.00467100586084445,0.0005151642096061462,0.0,0.00019401408387747726,0.006118007802757629,0.0,0.0,0.001122020189207681,0.012712667143919307,0.0,0.0,0.010559348682859739,0.0006637201235382043,0.0010741617266943843,0.0037369163929095377,0.0,0.0,0.0,0.0,1.713081230395265e-05,0.002513824109807468,0.0,0.002998253762356736,0.0014494732412009084,0.0,0.0020406645313188875,0.002202272870103336,0.005397133790028084,0.0037048790192733246,0.005558812708853642,0.0005402987540201285,0.0004179249576753973,0.0,0.0,0.0,0.008820217776157692,0.0019473335541586839,0.0004831942479598401,0.0006649078455476736,0.0020083441192881232,0.009941579136622388,0.0004680339742492897,0.0002984011395652984,0.0,0.0010594053606062018,0.0,0.0,0.0033640965204648045,0.0,0.005667233593133046,0.0,0.0014192232034713674,0.0,0.0,0.0,0.0042518082919900295,0.0,0.0,0.002041988182921189,0.0032564942884292427,0.0,0.0,0.00047831041393612574,0.0,0.0013788663675936353,7.000429488058516e-05,0.0036376926949338315,0.0,0.0025537825843239092
201706,0.025279640610416234,0.0,0.0,0.0,0.008584718281958751,0.0033158252334075855,0.005501385711156698,0.0004392319001166812,0.005287418036714413,0.0054449485640795554,0.0006392098385738675,0.0,0.0017577522361861512,0.004476494113061553,0.0012854705882744497,0.00034307366693634014,0.008494639050393606,0.009570317372410207,0.0,0.0,0.001167330951863393,2.5487744556783207e-05,0.00017866003789696999,0.0013643654467457465,0.0024413243755112717,0.015498415182577061,0.0011072557747908813,0.0022158263167828566,5.157674964268746e-06,0.0,0.0,0.0,6.121048334042026e-05,0.0,0.0,0.0012311751116539176,0.0025470845607407024,0.0,0.0053038829311434,0.00045966071674561026,4.023443953552802e-05,0.0024208459682392765,0.0,0.0,0.004696136403639989,0.000531614992159183,0.0,0.00036539466823517114,0.0053669506025843,0.0,0.0,0.0016581656296961035,0.012103446556194617,0.0,0.0,0.010297414501860705,0.0011193069299163313,0.0012441576677236193,0.003413102939904602,0.0,0.0,0.0,0.0,4.597993690558031e-05,0.0023957160583475126,0.0,0.003109194046181585,0.0012019334231760338,0.0,0.001990114632194702,0.002214161181091392,0.005760020931638599,0.003934549613503304,0.005435702646156933,0.0009158617318622592,0.000276553500277606,0.0,0.0,0.0,0.008930466114185328,0.0018350238721425516,0.0003489155292894444,0.0011341053653905443,0.0018954919774246792,0.00980603629779924,0.0005762345544114654,0.00027487153886669843,0.00041377627545350596,0.0008494063830885712,0.0,0.0,0.0031411650822358557,0.0,0.0060307253867697965,0.0,0.0016382325663350894,0.0,0.0,0.0,0.004130288786591803,0.0,0.0,0.0018378616584117209,0.00358360838758285,0.0,0.0,0.0003899666308256576,0.0,0.0014651529061621617,0.0,0.0037910907030576308,0.0,0.0023370293783670695
201707,0.02470806360179001,0.0,0.0,0.0,0.008546495686596371,0.003404391107397198,0.0054512913488093265,0.0005948659775015771,0.005557423024525113,0.005931879024474895,0.0007189937297891927,0.0,0.0014085607820471186,0.004524617153337543,0.0015369849020365788,0.0002472275583415864,0.00870939087646839,0.00953533998909735,0.0,0.0,0.0012061253739725929,0.0,0.00011887009617351264,0.0012850038499526144,0.0025288699042174583,0.015769624942170046,0.0009329464049552624,0.002152644485974023,0.00013052196826209193,0.0,0.0,0.0,0.00017614329028345003,0.0,0.0,0.0018554157392297694,0.0024283643072260186,0.0,0.005635610322975645,0.00022712754857336925,0.0,0.002333402856345242,0.0,0.0,0.0048496606458481905,0.0005302487353694363,0.0,0.0003990253290200895,0.005274195233012841,0.0,0.0,0.0012721088087094738,0.011715146608961176,0.0,0.0,0.00920387405648176,0.0020294148099217206,0.0006327337271769689,0.0036139777433146715,0.0,0.0,0.0,0.0,0.0,0.0023124337305691187,0.0,0.0030218731385035905,0.001194211343902755,0.0,0.0022219270769593164,0.0019648890151039507,0.005657311653226576,0.003974013092375129,0.005677940113996822,0.0009980671996417357,0.00042561424654354333,0.0,0.0,0.0,0.009286741121192998,0.0019180559266220522,0.000267935490457658,0.0011429359934583424,0.0018237581588238952,0.009679941415129794,0.0007615398068136192,0.0003278817950280789,0.0,0.0009812297106963437,0.0,0.0,0.0033054214802262076,9.63615028898232e-06,0.006281599991527655,0.0,0.0019187945287814697,0.0,0.0,0.0,0.0037729857057358196,0.0,0.0,0.0019259244720169096,0.0032604026755328765,0.0,0.0,0.00048172499969724165,0.0,0.0012075900960667547,6.694097301342048e-05,0.003590259988206868,0.0,0.0020699677737270016
201708,0.026259146605653358,0.0,0.0,0.0,0.00858453115391433,0.0031004489725951303,0.0056289619034380865,0.00036417000267177673,0.005141490191559456,0.005967749844371908,0.0007096770468740179,0.0,0.0010975650705359822,0.004596668855989671,0.0012155656661209284,0.0008888624933918336,0.008228087550803875,0.010408446692779518,0.0,0.0,0.0012711265829220223,0.0,0.00027052821502725937,0.0012450513428094324,0.0024186028503369334,0.015890711332942252,0.0008714990104778934,0.002482378766805982,0.00011099921529543567,0.0,0.0,0.0,9.531815282740668e-05,0.0,0.0,0.0015652115199131244,0.0020394112453352427,0.0,0.005482309881063556,0.0005335914057106957,0.0,0.0022637878231996015,0.0,0.0,0.004992853555769718,0.0008854174642901244,0.0,0.00023533793834739302,0.005277659427674767,0.0,0.0,0.0013266091697703034,0.011520477623280439,0.0,0.0,0.009966885719807608,0.0018158846179144232,0.0013996264036058733,0.0034013810019911817,0.0,0.0,0.0,0.0,0.0,0.002467211076109277,0.0,0.003082080540798596,0.0009317032134029926,0.0,0.0023200780480711345,0.001965543104111952,0.005536961721413248,0.0036519498685205595,0.005722841494609324,0.0008945976850434474,0.0004700980806056746,0.0,0.0,0.0,0.009629068980450989,0.0018445342426255695,0.0005108946068692177,0.0011014392520968472,0.0017262518184085664,0.00984975561764921,0.0005789371264931331,0.0002275631205454942,0.0,0.0013702644135997356,0.0,0.0,0.0033196272788153292,0.0,0.006048752231639755,0.0,0.0017850718391051055,0.0,0.0,0.0,0.004280227957924858,0.0,0.0,0.0021870182907027416,0.0032251064448605158,0.0,0.0001448548959562292,0.00042832519239972854,0.0,0.0011444504803840086,0.00015597708129104295,0.0032924441870644007,0.0,0.002329678178516602
201709,0.02518650156332731,0.0,0.0,0.0,0.008824442724790417,0.0030200071648264016,0.005893202168407187,0.0007811798123486118,0.005465602457999738,0.005958477226838572,0.000910310484846775,0.0,0.0008122214018971563,0.004823815709830806,0.0008448745949547027,0.0010083605973299269,0.008122240414674842,0.009823778421934128,0.0,0.0,0.0011328241199749702,0.0,0.0003238987110191978,0.0012533014569898776,0.0023322483458712642,0.01602756971685457,0.0007426161983992615,0.0025783186368784896,0.00020166587167257729,0.0,0.00013160421812225277,0.0,8.464240372774848e-05,2.2986188806189727e-05,0.0,0.0020351634948253088,0.0021468000363192366,0.0,0.005243312601477566,0.0005760799666229065,0.0,0.002038093830969153,0.0,0.0,0.004632480507796343,3.1440105542130154e-05,0.0,0.0,0.004981624633568876,0.0,0.0,0.002087337308714513,0.011206405167103103,0.0,0.0,0.01060830418334042,0.0012207377219911214,0.00139961188683553,0.0031082000204326293,0.0,0.0,0.0,0.0,0.0,0.0023326226251238137,0.0,0.003012518989763476,0.0006214850067539611,0.0,0.002365921654220476,0.0021384966573331104,0.005595577788847524,0.0035474728369431527,0.005925273056037068,0.0007451738780457227,0.0005108029771903007,0.0,0.0,0.0,0.009335312901132178,0.001610351259798463,0.00031702160787490207,0.0010062046362969443,0.0016926952839332091,0.01113413162770818,0.0006328575637744858,0.00013349755127028108,0.0,0.0014850984755702093,3.219613238565751e-05,0.0,0.003174160794177469,0.0002844601418741695,0.005858239614154396,0.0,0.0016684084096363094,0.0,0.0,0.0,0.004590335510185392,0.0,0.0,0.0022591711639155334,0.0035732343033445546,0.0,0.0001441101155700559,0.0004634640624119175,0.0,0.0014206766059780597,0.00032691283409229594,0.003338096130107921,0.0,0.0021840342732845825
201710,0.025879007205706194,0.0,0.0,0.0,0.008893028744607467,0.002909253980402453,0.005812811185617326,0.0004067724725705757,0.005195221829726627,0.005566116078138947,0.00052601158740458,0.0,0.0012091381846073474,0.004689283328629065,0.0009959944793913773,0.00048337752564641426,0.007657775561813847,0.010348730853880859,0.0,0.0,0.0012931689669224474,0.0,0.0002664128285098089,0.001257977562661671,0.002343483472821553,0.015926518274437907,0.0008752864718993507,0.0026583271211089517,0.0,0.0,9.141865635626606e-05,0.0,0.0,0.0,0.0,0.0016375836203193883,0.002405761051238631,0.0,0.00511179284757714,0.0006804451305033513,0.0,0.0016839230323875362,0.0,0.0,0.004664506157732101,0.0006450711139351921,0.0,0.0,0.005245465619944348,0.0,0.0,0.0021350431659264654,0.010952837275441657,0.0,0.0,0.009582017872962605,0.0016930215683883896,0.0013742039798800955,0.0033478398241413515,0.0,0.0,0.0,0.0,0.0,0.00215327859901805,0.0,0.002693875999042304,6.338276501332937e-05,0.0,0.0022812917258676502,0.0021116161341543714,0.005975174471828264,0.0035956315351778788,0.0060541536436642725,0.0006371666726461939,0.0004523818173163191,0.0,0.0,0.0,0.009142648175490584,0.0018411634549772306,0.00023793508443013133,0.001299101503736275,0.001866205315075709,0.010815716333977281,0.0007500392771584973,0.00017098044492979423,0.0,0.001588640427906842,4.998320969535737e-05,0.0,0.0031987367108754446,0.00014317183608769847,0.005947023773384017,0.0,0.0014717931226134364,0.0,0.0,0.0,0.00442256454866611,0.0,0.0,0.00242773577293267,0.0033267656719823883,0.0,0.0,0.0006950105783596264,0.0,0.0016065341344055986,0.0005597674834147367,0.002939500216030597,0.0,0.00313215501342603
201711,0.027600493715196874,0.0,0.0,0.0,0.008928895834250125,0.002689574144495862,0.00552905350911724,0.0008825035082407835,0.004952382747858136,0.006032250438273269,0.0005445893862157198,0.0,0.0005932124112497894,0.0050894476062931905,0.0013527036729826481,0.0008610343029254644,0.007393410389415238,0.010149954008173147,0.0,0.0,0.0014649234623579888,0.00036078981204911407,0.0,0.0015230930476367213,0.0020755100199173447,0.015847042378790345,0.0008333908888407738,0.0032480576640798982,0.0,0.0,0.0,0.0,5.131701014461814e-05,8.025694045957096e-05,0.0,0.0011925190901725682,0.0021830434993560578,0.0,0.005147552491578765,0.0010278864718017593,0.0,0.0013780923940124414,0.0,0.0,0.004884815121299567,0.000714388940871485,0.0,0.0,0.0053002177784853425,0.0,0.0,0.0021741213793866703,0.011075013345149645,0.0,0.0,0.008923886680222952,0.002144849545968514,0.0013719351557116483,0.003164159665652273,0.0,0.0,0.0,0.0,0.0,0.0022607238992887937,0.0,0.0035585525400755732,0.0,0.0,0.0024649632849367098,0.001778204812147097,0.005901805274062444,0.00370959907534157,0.006680297420904254,0.00026027022216221695,0.0006452107360522318,0.0,0.0,0.0,0.009618336492830948,0.0014767731737609432,0.00017018263238062769,0.0009525197358383274,0.0020767809250311488,0.010800428932935417,0.00044103681356566266,0.00010953927108901102,0.0,0.002548560587995542,5.834399322361672e-05,0.0,0.002969831620408252,0.0001668385279338309,0.006118977108451387,0.0,0.001438102353881215,0.0,0.0,0.0,0.004933872651478304,0.0,0.0,0.0021521996250796435,0.0036620140291129706,0.0,0.0,0.0004899895054494438,0.0,0.001704100434231412,0.0011556167070086965,0.003109612398601025,0.0,0.0026933012141223734
201712,0.02758749793199435,0.0,0.0,0.0,0.008724453997004271,0.00272680747050698,0.005305646612015971,0.001427739739921076,0.004935246524432402,0.005918247970616465,0.0007324401085898483,0.0,0.00042532851010752246,0.00499559173581246,0.00127693419583465,0.0006918008188748277,0.007068849438689191,0.010139196852680991,0.0,0.0,0.001295778550679627,0.0001726115081086123,0.0,0.0015756703540319335,0.0021806561390356628,0.016047180113616267,0.000831543214600201,0.003349202009620698,0.0,0.0,6.161353577171011e-06,0.0,0.0,0.00023702632117458778,0.0,0.0012117716658287992,0.002386569386617999,0.0,0.005197527714319372,0.0009508931239333398,0.0,0.0009957471549218277,0.0,0.0,0.004732254666354327,0.000916902744815595,0.0,0.0,0.005514406643064532,0.0,0.0,0.001863847530519661,0.011860251331779,9.60679909132322e-06,0.0,0.008022830225977018,0.002432324331773132,0.0012602117369341637,0.0027258872117331095,0.0,0.0,0.0,0.0,0.0,0.0021940483152585325,0.0,0.0036695117212362603,0.0,0.0,0.0024644683722657382,0.00175413665589593,0.005896938980669025,0.0036892881645730347,0.006656202589020855,0.0003491928177834184,0.00046465594228765634,0.0,0.0,0.0,0.009228909411872686,0.0014156066982536726,0.0001810611697397501,0.0011715852685749667,0.002214671464339977,0.010527809887729526,0.00044837262256492046,0.00013961702064969748,0.0,0.0028868300449353458,0.0,0.0,0.002836430746437945,0.00021901736754908425,0.005857979758707667,0.0,0.0016954322053028506,0.0,0.0,0.0,0.004626149806918752,0.0,0.0,0.002077303505780786,0.004079041915736183,0.0,0.0,0.000577047597529067,0.0,0.001940415657841493,0.0015890403115995566,0.003282966308861989,0.0,0.002407949879597919
201801,0.0,0.0,0.0,0.0,0.0007972472279229398,0.0,0.0,0.0,0.0,0.0,0.0,0.0,0.0,0.0,0.0,0.0,0.0,0.0,0.0,0.0,0.0,0.0,0.0,0.0,0.0,0.005322718807918897,0.0,0.0,0.0,0.0,0.0,0.0,0.0,0.0,0.0,0.0,0.0,0.0,0.0,0.0,0.0,0.0,0.0,0.0,0.0,0.0,0.0,0.0,0.0,0.0,0.0,0.0,0.0,0.0,0.0,0.0,0.0,0.0,0.0,0.0,0.0,0.0,0.0,0.0,0.0,0.0,0.0,0.0,0.0,0.0,0.0,0.0,0.0,0.0,0.0,0.0,0.0,0.0,0.0,0.0,0.0,0.0,0.0,0.0,0.0,0.0,0.0,0.0,0.0,0.0,0.0,0.0,0.0,0.0,0.0,0.0,0.0,0.0,0.0,0.0,0.0,0.0,0.0,0.0,0.0,0.0,0.0,0.0,0.0,0.0,0.0,0.0,0.0
201802,0.0,0.0,0.0,0.0,0.0009703652229033405,0.0,0.0,0.0,0.0,0.0,0.0,0.0,0.0,0.0,0.0,0.0,0.0,0.0,0.0,0.0,0.0,0.0,0.0,0.0,0.0,0.005534783700096248,0.0,0.0,0.0,0.0,0.0,0.0,0.0,0.0,0.0,0.0,0.0,0.0,0.0,0.0,0.0,0.0,0.0,0.0,0.0,0.0,0.0,0.0,0.0,0.0,0.0,0.0,0.0,0.0,0.0,0.0,0.0,0.0,0.0,0.0,0.0,0.0,0.0,0.0,0.0,0.0,0.0,0.0,0.0,0.0,0.0,0.0,0.0,0.0,0.0,0.0,0.0,0.0,0.0,0.0,0.0,0.0,0.0,0.0,0.0,0.0,0.0,0.0,0.0,0.0,0.0,0.0,0.0,0.0,0.0,0.0,0.0,0.0,0.0,0.0,0.0,0.0,0.0,0.0,0.0,0.0,0.0,0.0,0.0,0.0,0.0,0.0,0.0
201803,0.0,0.0,0.0,0.0,0.000879766383995832,0.0,0.0,0.0,0.0,0.0,0.0,0.0,0.0,0.0,0.0,0.0,0.0,0.0,0.0,0.0,0.0,0.0,0.0,0.0,0.0,0.005247711661943109,0.0,0.0,0.0,0.0,0.0,0.0,0.0,0.0,0.0,0.0,0.0,0.0,0.0,0.0,0.0,0.0,0.0,0.0,0.0,0.0,0.0,0.0,0.0,0.0,0.0,0.0,0.0,0.0,0.0,0.0,0.0,0.0,0.0,0.0,0.0,0.0,0.0,0.0,0.0,0.0,0.0,0.0,0.0,0.0,0.0,0.0,0.0,0.0,0.0,0.0,0.0,0.0,0.0,0.0,0.0,0.0,0.0,0.0,0.0,0.0,0.0,0.0,0.0,0.0,0.0,0.0,0.0,0.0,0.0,0.0,0.0,0.0,0.0,0.0,0.0,0.0,0.0,0.0,0.0,0.0,0.0,0.0,0.0,0.0,0.0,0.0,0.0
201804,0.0,0.0,0.0,0.0,0.0008186909507700872,0.0,0.0,0.0,0.0,0.0,0.0,0.0,0.0,0.0,0.0,0.0,0.0,0.0,0.0,0.0,0.0,0.0,0.0,0.0,0.0,0.005459015668386952,0.0,0.0,0.0,0.0,0.0,0.0,0.0,0.0,0.0,0.0,0.0,0.0,0.0,0.0,0.0,0.0,0.0,0.0,0.0,0.0,0.0,0.0,0.0,0.0,0.0,0.0,0.0,0.0,0.0,0.0,0.0,0.0,0.0,0.0,0.0,0.0,0.0,0.0,0.0,0.0,0.0,0.0,0.0,0.0,0.0,0.0,0.0,0.0,0.0,0.0,0.0,0.0,0.0,0.0,0.0,0.0,0.0,0.0,0.0,0.0,0.0,0.0,0.0,0.0,0.0,0.0,0.0,0.0,0.0,0.0,0.0,0.0,0.0,0.0,0.0,0.0,0.0,0.0,0.0,0.0,0.0,0.0,0.0,0.0,0.0,0.0,0.0
201805,0.0,0.0,0.0,0.0,0.0008991629395078418,0.0,0.0,0.0,0.0,0.0,0.0,0.0,0.0,0.0,0.0,0.0,0.0,0.0,0.0,0.0,0.0,0.0,0.0,0.0,0.0,0.005381709990626586,0.0,0.0,0.0,0.0,0.0,0.0,0.0,0.0,0.0,0.0,0.0,0.0,0.0,0.0,0.0,0.0,0.0,0.0,0.0,0.0,0.0,0.0,0.0,0.0,0.0,0.0,0.0,0.0,0.0,0.0,0.0,0.0,0.0,0.0,0.0,0.0,0.0,0.0,0.0,0.0,0.0,0.0,0.0,0.0,0.0,0.0,0.0,0.0,0.0,0.0,0.0,0.0,0.0,0.0,0.0,0.0,0.0,0.0,0.0,0.0,0.0,0.0,0.0,0.0,0.0,0.0,0.0,0.0,0.0,0.0,0.0,0.0,0.0,0.0,0.0,0.0,0.0,0.0,0.0,0.0,0.0,0.0,0.0,0.0,0.0,0.0,0.0
201806,0.0,0.0,0.0,0.0,0.0006469972037432684,0.0,0.0,0.0,0.0,0.0,0.0,0.0,0.0,0.0,0.0,0.0,0.0,0.0,0.0,0.0,0.0,0.0,0.0,0.0,0.0,0.005289290798568179,0.0,0.0,0.0,0.0,0.0,0.0,0.0,0.0,0.0,0.0,0.0,0.0,0.0,0.0,0.0,0.0,0.0,0.0,0.0,0.0,0.0,0.0,0.0,0.0,0.0,0.0,0.0,0.0,0.0,0.0,0.0,0.0,0.0,0.0,0.0,0.0,0.0,0.0,0.0,0.0,0.0,0.0,0.0,0.0,0.0,0.0,0.0,0.0,0.0,0.0,0.0,0.0,0.0,0.0,0.0,0.0,0.0,0.0,0.0,0.0,0.0,0.0,0.0,0.0,0.0,0.0,0.0,0.0,0.0,0.0,0.0,0.0,0.0,0.0,0.0,0.0,0.0,0.0,0.0,0.0,0.0,0.0,0.0,0.0,0.0,0.0,0.0
201807,0.0,0.0,0.0,0.0,0.0007264043637648054,0.0,0.0,0.0,0.0,0.0,0.0,0.0,0.0,0.0,0.0,0.0,0.0,0.0,0.0,0.0,0.0,0.0,0.0,0.0,0.0,0.0051105699638837624,0.0,0.0,0.0,0.0,0.0,0.0,0.0,0.0,0.0,0.0,0.0,0.0,0.0,0.0,0.0,0.0,0.0,0.0,0.0,0.0,0.0,0.0,0.0,0.0,0.0,0.0,0.0,0.0,0.0,0.0,0.0,0.0,0.0,0.0,0.0,0.0,0.0,0.0,0.0,0.0,0.0,0.0,0.0,0.0,0.0,0.0,0.0,0.0,0.0,0.0,0.0,0.0,0.0,0.0,0.0,0.0,0.0,0.0,0.0,0.0,0.0,0.0,0.0,0.0,0.0,0.0,0.0,0.00038934702475530513,0.0,0.0,0.0,0.0,0.0,0.0,0.0,0.0,0.0,0.0,0.0,0.0,0.0,0.0,0.0,0.0,0.0,0.0,0.0
201808,0.0,0.0,0.0,0.0,0.0007218944535347611,0.0,0.0,0.0,0.0,0.0,0.0,0.0,0.0,0.0,0.0,0.0,0.0,0.0,0.0,0.0,0.0,0.0,0.0,0.0,0.0,0.005106022041977576,0.0,0.0,0.0,0.0,0.0,0.0,0.0,0.0,0.0,0.0,0.0,0.0,0.0,0.0,0.0,0.0,0.0,0.0,0.0,0.0,0.0,0.0,0.0,0.0,0.0,0.0,0.0,0.0,0.0,0.0,0.0,0.0,0.0,0.0,0.0,0.0,0.0,0.0,0.0,0.0,0.0,0.0,0.0,0.0,0.0,0.0,0.0,0.0,0.0,0.0,0.0,0.0,0.0,0.0,0.0,0.0,0.0,0.0,0.0,0.0,0.0,0.0,0.0,0.0,0.0,0.0,0.0,0.00022179977798248096,0.0,0.0,0.0,0.0,0.0,0.0,0.0,0.0,0.0,0.0,0.0,0.0,0.0,0.0,0.0,0.0,0.0,0.0,0.0
201809,0.0,0.0,0.0,0.0,0.0005303390697027176,0.0,0.0,0.0,0.0,0.0,0.0,0.0,0.0,0.0,0.0,0.0,0.0,0.0,0.0,0.0,0.0,0.0,0.0,0.0,0.0,0.004574527773726818,0.0,0.0,0.0,0.0,0.0,0.0,0.0,0.0,0.0,0.0,0.0,0.0,0.0,0.0,0.0,0.0,0.0,0.0,0.0,0.0,0.0,0.0,0.0,0.0,0.0,0.0,0.0,0.0,0.0,0.0,0.0,0.0,0.0,0.0,0.0,0.0,0.0,0.0,0.0,0.0,0.0,0.0,0.0,0.0,0.0,0.0,0.0,0.0,0.0,0.0,0.0,0.0,0.0,0.0,0.0,0.0,0.0,0.0,0.0,0.0,0.0,0.0,0.0,0.0,0.0,0.0,0.0,0.0005430043191201189,0.0,0.0,0.0,0.0,0.0,0.0,0.0,0.0,0.0,0.0,0.0,0.0,0.0,0.0,0.0,0.0,0.0,0.0,0.0
201810,0.0002026200002263395,0.0,0.0,0.0,0.0007949521173322811,0.0,0.0,0.0,0.0,0.0,0.0,0.0,0.0,0.0,0.0,0.0,0.0,0.0,0.0,0.0,0.0,0.0,0.0,0.0,0.0,0.004447051093466591,0.0,0.0,0.0,0.0,0.0,0.0,0.0,0.0,0.0,0.0,0.0,0.0,0.0,0.0,0.0,0.0,0.0,0.0,0.0,0.0,0.0,0.0,0.0,0.0,0.0,0.0,0.0,0.0,0.0,0.0,0.0,0.0,0.0,0.0,0.0,0.0,0.0,0.0,0.0,0.0,0.0,0.0,0.0,0.0,0.0,0.0,0.0,0.0,0.0,0.0,0.0,0.0,0.0,0.0,0.0,0.0,0.0,0.0,0.0,0.0,0.0,0.0,0.0,0.0,0.0,0.0,0.0,0.001115264038472386,0.0,0.0,0.0,0.0,0.0,0.0,0.0,0.0,0.0,0.0,0.0,0.0,0.0,0.0,0.0,0.0,0.0,0.0,0.0
201811,0.0004618809408822308,0.0,0.0,0.0,0.0006087744753243027,0.0,0.0,0.0,0.0,0.0,0.0,0.0,0.0,0.0,0.0,0.0,0.0,0.0,0.0,0.0,0.0,0.0,0.0,0.0,0.0,0.004243012460678022,0.0,0.0,0.0,0.0,0.0,0.0,0.0,0.0,0.0,0.0,0.0,0.0,0.0,0.0,0.0,0.0,0.0,0.0,0.0,0.0,0.0,0.0,0.0,0.0,0.0,0.0,0.0,0.0,0.0,0.0,0.0,0.0,0.0,0.0,0.0,0.0,0.0,0.0,0.0,0.0,0.0,0.0,0.0,0.0,0.0,0.0,0.0,0.0,0.0,0.0,0.0,0.0,0.0,0.0,0.0,0.0,0.0,0.0,0.0,0.0,0.0,0.0,0.0,0.0,0.0,0.0,0.0,0.0012642181817903479,0.0,0.0,0.0,0.0,0.0,0.0,0.0,0.0,0.0,0.0,0.0,0.0,0.0,0.0,0.0,0.0,0.0,0.0,0.0
201812,0.0008760597851865333,0.0,0.0,0.0,0.0004294576264446591,0.0,0.0,0.0,0.0,0.0,0.0,0.0,0.0,0.0,0.0,0.0,0.0,0.0,0.0,0.0,0.0,0.0,0.0,0.0,0.0,0.0036106509540339963,0.0,0.0,0.0,0.0,0.0,0.0,0.0,0.0,0.0,0.0,0.0,0.0,0.0,0.0,0.0,0.0,0.0,0.0,0.0,0.0,0.0,0.0,0.0,0.0,0.0,0.0,0.0,0.0,0.0,0.0,0.0,0.0,0.0,0.0,0.0,0.0,0.0,0.0,0.0,0.0,0.0,0.0,0.0,0.0,0.0,0.0,0.0,0.0,0.0,0.0,0.0,0.0,0.0,4.4863031053876735e-05,0.0,0.0,0.0,0.0,0.0,0.0,0.0,0.0,0.0,0.0,0.0,0.0,0.0,0.0013870129697402544,0.0,0.0,0.0,0.0,0.0,0.0,0.0,0.0,0.0,0.0,0.0,0.0,0.0,0.0,0.0,0.0,0.0,0.0,0.0
201901,0.0,0.0,0.0,0.0,0.0005069887116378879,0.0,0.0,0.0,0.0,0.0,0.0,0.0,0.0,0.0,0.0,0.0,0.0,0.0,0.0,0.0,0.0,0.0,0.0,0.0,0.0,0.004064564669466635,0.0,0.0,0.0,0.0,0.0,0.0,0.0,0.0,0.0,0.0,0.0,0.0,0.0,0.0,0.0,0.0,0.0,0.0,0.0,0.0,0.0,0.0,0.0,0.0,0.0,0.0,0.0,0.0,0.0,0.0,0.0,0.0,0.0,0.0,0.0,0.0,0.0,0.0,0.0,0.0,0.0,0.0,0.0,0.0,0.0,0.0,0.0,0.0,0.0,0.0,0.0,0.0,0.0,0.00028357406534145916,0.0,0.0,0.0,0.0,0.0,0.0,0.0,0.0,0.0,0.0,0.0,0.0,0.0,0.0007882253695177472,0.0,0.0,0.0,0.0,0.0,0.0,0.0,0.0,0.0,0.0,0.0,0.0,0.0,0.0,0.0,0.0,0.0,0.0,0.0
201902,0.0,0.0,0.0,0.0,0.000532017935635168,0.0,0.0,0.0,0.0,0.0,0.0,0.0,0.0,0.0,0.0,0.0,0.0,0.0,0.0,0.0,0.0,0.0,0.0,0.0,0.0,0.00418724514182156,0.0,0.0,0.0,0.0,0.0,0.0,0.0,0.0,0.0,0.0,0.0,0.0,0.0,0.0,0.0,0.0,0.0,0.0,0.0,0.0,0.0,0.0,0.0,0.0,0.0,0.0,0.0003531172210215711,0.0,0.0,0.0,0.0,0.0,0.0,0.0,0.0,0.0,0.0,0.0,0.0,0.0,0.0,0.0,0.0,0.0,0.0,0.0,0.0,0.0,0.0,0.0,0.0,0.0,0.0,9.816480663857208e-05,0.0,0.0,0.0,0.0,0.0,0.0,0.0,0.0,0.0,0.0,0.0,0.0,0.0,0.00023183816419671942,0.0,0.0,0.0,0.0,0.0,0.0,0.0,0.0,0.0,0.0,0.0,0.0,0.0,0.0,0.0,0.0,0.0,0.0,0.0
201903,0.0,0.0,0.0,0.0,0.0004645099557352627,0.0,0.0,0.0,0.0,0.0,0.0,0.0,0.0,0.0,0.0,0.0,0.0,0.0,0.0,0.0,0.0,0.0,0.0,0.0,0.0,0.004079273705744665,0.0,0.0,0.0,0.0,0.0,0.0,0.0,0.0,0.0,0.0,0.0,0.0,0.0,0.0,0.0,0.0,0.0,0.0,0.0,0.0,0.0,0.0,0.0,0.0,0.0,0.0,0.0005009960667144258,0.0,0.0,0.0,0.0,0.0,0.0,0.0,0.0,0.0,0.0,0.0,0.0,0.0,0.0,0.0,0.0,0.0,0.0,0.0,0.0,0.0,0.0,0.0,0.0,0.0,0.0,0.0001761429298813336,0.0,0.0,0.0,0.0,0.0,0.0,0.0,0.0,0.0,0.0,0.0,0.0,0.0,0.00012792149850872803,0.0,0.0,0.0,0.0,0.0,0.0,0.0,0.0,0.0,0.0,0.0,0.0,0.0,0.0,0.0,0.0,0.0,0.0,0.0
201904,0.00042409779570453467,0.0,0.0,0.0,0.0004267631013408814,0.0,0.0,0.0,0.0,0.0,0.0,0.0,0.0,0.0,0.0,0.0,0.0,0.0,0.0,0.0,0.0,0.0,0.0,0.0,0.0,0.003650254873862124,0.0,0.0,0.0,0.0,0.0,0.0,0.0,0.0,0.0,0.0,0.0,0.0,0.0,0.0,0.0,0.0,0.0,0.0,0.0,0.0,0.0,0.0,0.0,0.0,0.0,0.0,0.0009320983132046493,0.0,0.0,0.0,0.0,0.0,0.0,0.0,0.0,0.0,0.0,0.0,0.0,0.0,0.0,0.0,0.0,0.0,0.0,0.0,0.0,0.0,0.0,0.0,0.0,0.0,0.0,0.00015817591839486491,0.0,0.0,0.0,0.0,0.0,0.0,0.0,0.0,0.0,0.0,0.0,0.0,0.0,0.0,0.0,0.0,0.0,0.0,0.0,0.0,0.0,0.0,0.0,0.0,0.0,0.0,0.0,0.0,0.0,0.0,0.0,0.0,0.0
201905,0.0006175038002551502,0.0,0.0,0.0,0.0005790989880148893,0.0,0.0,0.0,0.0,0.0,0.0,0.0,0.0,0.0,0.0,0.0,0.0,0.0,0.0,0.0,0.0,0.0,0.0,0.0,0.0,0.0033648534742339664,0.0,0.0,0.0,0.0,0.0,0.0,0.0,0.0,0.0,0.0,0.0,0.0,0.0,0.0,0.0,0.0,0.0,0.0,0.0,0.0,0.0,0.0,0.0,0.0,0.0,0.0,0.00011760080948607077,0.0,0.0,0.0,0.0,0.0,0.0,0.0,0.0,0.0,0.0,0.0,0.0,0.0,0.0,0.0,0.0,0.0,0.0,0.0,0.0,0.0,0.0,0.0,0.0,0.0,0.0,8.727493267821427e-05,0.0,0.0,0.0,0.0,0.0,0.0,0.0,0.0,0.0,0.0,0.0,0.0,0.0,0.00030638037161410866,0.0,0.0,0.0,0.0,0.0,0.0,0.0,0.0,0.0,0.0,0.0,0.0,0.0,0.0,0.0,0.0,0.0,0.0,0.0
201906,0.0018001170607077443,0.0,0.0,0.0,0.00045185294882773143,0.0,0.0,0.0,0.0,0.0,0.0,0.0,0.0,0.0,0.0,0.0,0.0,0.0,0.0,0.0,0.0,0.0,0.0,0.0,0.0,0.0031659545387144193,0.0,0.0,0.0,0.0,0.0,0.0,0.0,0.0,0.0,0.0,0.0,0.0,0.0,0.0,0.0,0.0,0.0,0.0,0.0,0.0,0.0,0.0,0.0,0.0,0.0,0.0,0.0,0.0,0.0,0.0,0.0,0.0,0.0,0.0,0.0,0.0,0.0,0.0,0.0,0.0,0.0,0.0,0.0,0.0,0.0,0.0,0.0,0.0,0.0,0.0,0.0,0.0,0.0,0.00026675811994576276,0.0,0.0,0.0,0.0,0.0,0.0,0.0,0.0,0.0,0.0,0.0,0.0,0.0,0.0007818896180493073,0.0,0.0,0.0,0.0,0.0,0.0,0.0,0.0,0.0,0.0,0.0,0.0,0.0,0.0,0.0,0.0,0.0,0.0,0.0
201907,0.0012850390155739575,0.0,0.0,0.0,0.0006391112120558682,0.0,0.0,0.0,0.0,0.0,0.0,0.0,0.0,0.0,0.0,0.0,0.0,0.0,0.0,0.0,0.0,0.0,0.0,0.0,0.0,0.0037719295879127257,0.0,0.0,0.0,0.0,0.0,0.0,0.0,0.0,0.0,0.0,0.0,0.0,0.0,0.0,0.0,0.0,0.0,0.0,0.0,0.0,0.0,0.0,0.0,0.0,0.0,0.0,0.0,0.0,0.0,0.0,0.0,0.0,0.0,0.0,0.0,0.0,0.0,0.0,0.0,0.0,0.0,0.0,0.0,0.0,0.0,0.0,0.0,0.0,0.0,0.0,0.0,0.0,0.0,5.66373716501593e-05,0.0,0.0,0.0,0.0,0.0,0.0,0.0,0.0,0.0,0.0,0.0,0.0,0.0,0.0,0.0,0.0,0.0,0.0,0.0,0.0,0.0,0.0,0.0,0.0,0.0,0.0,0.0,0.0,0.0,0.0,0.0,0.0,0.0
201908,5.5344650106430336e-05,0.0,0.0,0.0,0.0010142628443820727,0.0,0.0,0.0,0.0,0.0,0.0,0.0,0.0,0.0,0.0,0.0,0.0,0.0,0.0,0.0,0.0,0.0,0.0,0.0,0.0,0.003692977635438463,0.0,0.0,0.0,0.0,0.0,0.0,0.0,0.0,0.0,0.0,0.0,0.0,0.0,0.0,0.0,0.0,0.0,0.0,0.0,0.0,0.0,0.0,0.0,0.0,0.0,0.0,0.0,0.0,0.0,0.0,0.0,0.0,0.0,0.0,0.0,0.0,0.0,0.0,0.0,0.0,0.0,0.0,0.0,0.0,0.0,0.0,0.0,0.0,0.0,0.0,0.0,0.0,0.0,0.0,0.0,0.0,0.0,0.0,0.0,0.0,0.0,0.0,0.0,0.0,0.0,0.0,0.0,0.00014914539787455405,0.0,0.0,0.0,0.0,0.0,0.0,0.0,0.0,0.0,0.0,0.0,0.0,0.0,0.0,0.0,0.0,0.0,0.0,0.0
201909,0.0,0.0,0.0,0.0,0.0009628791949429845,0.0,0.0,0.0,0.0,0.0,0.0,0.0,0.0,0.0,0.0,0.0,0.0,0.0,0.0,0.0,0.0,0.0,0.0,0.0,0.0,0.0040836798776564725,0.0,0.0,0.0,0.0,0.0,0.0,0.0,0.0,0.0,0.0,0.0,0.0,0.0,0.0,0.0,0.0,0.0,0.0,0.0,0.0,0.0,0.0,0.0,0.0,0.0,0.0,0.0,0.0,0.0,0.0,0.0,0.0,0.0,0.0,0.0,0.0,0.0,0.0,0.0,0.0,0.0,0.0,0.0,0.0,0.0,0.0,0.0,0.0,0.0,0.0,0.0,0.0,0.0,0.0006537023457668104,0.0,0.0,0.0,0.0,0.0,0.0,0.0,0.0,0.0,0.0,0.0,0.0,0.0,0.0006585914035767064,0.0,0.0,0.0,0.0,0.0,0.0,0.0,0.0,0.0,0.0,0.0,0.0,0.0,0.0,0.0,0.0,0.0,0.0,0.0
201910,0.0,0.0,0.0,0.0,0.000734793351952857,0.0,0.0,0.0,0.0,0.0007108046001657849,0.0,0.0,0.0,0.0,0.0,0.0,0.0,0.0,0.0,0.0,0.0,0.0,0.0,0.0,0.0,0.004088915238898568,0.0,0.0,0.0,0.0,0.0,0.0,0.0,0.0,0.0,0.0,0.0,0.0,0.0,0.0,0.0,0.0,0.0,0.0,0.0,0.0,0.0,0.0,0.0,0.0,0.0,0.0,0.0,0.0,0.0,0.0,0.0,0.0,0.0,0.0,0.0,0.0,0.0,0.0,0.0,0.0,0.0,0.0,0.0,0.0,0.0,0.0,0.0,0.0,0.0,0.0,0.0,0.0,0.0,0.0007366610811119623,0.0,0.0,0.0,0.0,0.0,0.0,0.0,0.0,0.0,0.0,0.0,0.0,0.0,0.0012467899028826344,0.0,0.0,0.0,0.0,0.0,0.0,0.0,0.0,0.0,0.0,0.0,0.0,0.0,0.0,0.0,0.0,0.0,0.0,0.0
201911,0.00033069220323881363,0.0,0.0,0.0,0.0008784701695099068,0.0,0.0,0.0,0.0,0.0013026905100436276,0.0,0.0,0.0,0.0,0.0,0.0,0.0,0.0,0.0,0.0,0.0,0.0,0.0,0.0,0.0,0.004248581438914757,0.0,0.0,0.0,0.0,0.0,0.0,0.0,0.0,0.0,0.0,0.0,0.0,0.0,0.0,0.0,0.0,0.0,0.0,0.0,0.0,0.0,0.0,0.0,0.0,0.0,0.0,0.0,0.0,0.0,0.0,0.0,0.0,0.0,0.0,0.0,0.0,0.0,0.0,0.0,0.0,0.0,0.0,0.0,0.0,0.0,0.0,0.0,0.0,0.0,0.0,0.0,0.0,0.0,0.0008908147727217291,0.0,0.0,0.0,0.0,0.0,0.0,0.0,0.0,0.0,0.0,0.0,0.0,0.0,0.0020181580721356437,0.0,0.0,0.0,0.0,0.0,0.0,0.0,0.0,0.0,0.0,0.0,0.0,0.0,0.0,0.0,0.0,0.0,0.0,0.0
201912,0.0,0.0,0.0,0.0,0.0010205152346536876,0.0,0.0,0.0,0.0,0.0,0.0,0.0,0.0,0.0,0.0,0.0,0.0,0.0,0.0,0.0,0.0,0.0,0.0,0.0,0.0,0.0042717636277957004,0.0,0.0,0.0,0.0,0.0,0.0,0.0,0.0,0.0,0.0,0.0,0.0,0.0,0.0,0.0,0.0,0.0,0.0,0.0,0.0,0.0,0.0,0.0,0.0,0.0,0.0,0.0,0.0,0.0,0.0,0.0,0.0,0.0,0.0,0.0,0.0,0.0,0.0,0.0,0.0,0.0,0.0,0.0,0.0,0.0,0.0,0.0,0.0,0.0,0.0,0.0,0.0,0.0,0.0004508423097796266,0.0,0.0,0.0,0.0,0.0,0.0,0.0,0.0,0.0,0.0,0.0,0.0,0.0,0.0006278486295405955,0.0,0.0,0.0,0.0,0.0,0.0,0.0,0.0,0.0,0.0,0.0,0.0,0.0,0.0,0.0,0.0,0.0,0.0,0.00032885548794454764
202001,0.00010911039598640278,0.0,0.0,0.0,0.00045359195514134334,0.0,0.0,0.0,0.0,0.0004548211842746437,0.0,0.0,0.0,0.0,0.0,0.0,0.0,0.0,0.0,0.0,0.0,0.0,0.0,0.0,0.0,0.003958336596640243,0.0,0.0,0.0,0.0,0.0,0.0,0.0,0.0,0.0,0.0,0.0,0.0,0.0,0.0,0.0,0.0,0.0,0.0,0.0,0.0,0.0,0.0,0.0,0.0,0.0,0.0,0.0,0.0,0.0,0.0,0.0,0.0,0.0,0.0,0.0,0.0,0.0,0.0,0.0,0.0,0.0,0.0,0.0,0.0,0.0,0.0,0.0,0.0,0.0,0.0,0.0,0.0,0.0,0.00020403991252557349,0.0,0.0,0.0,0.0,0.0,0.0,0.0,0.0,0.0,0.0,0.0,0.0,0.0,0.0006691032168930945,0.0,0.0,0.0,0.0,0.0,0.0,0.0,0.0,0.0,0.0,0.0,0.0,0.0,0.0,0.0,0.0,0.0,0.0,0.0
202002,0.0008057787328318053,0.0,0.0,0.0,0.0003196564531209818,0.0,0.0,0.0,0.0,0.0016021162280966555,0.0,0.0,0.0,0.0,0.0,0.0,0.0,0.0,0.0,0.0,0.0,0.0,0.0,0.0,0.0,0.004287809299109809,0.0,0.0,0.0,0.0,0.0,0.0,0.0,0.0,0.0,0.0,0.0,0.0,0.0,0.0,0.0,0.0,0.0,0.0,0.0,0.0,0.0,0.0,0.0,0.0,0.0,0.0,0.0,0.0,0.0,0.0,0.0,0.0,0.0,0.0,0.0,0.0,0.0,0.0,0.0,0.0,0.0,0.0,0.0,0.0,0.0,0.0,0.0,0.0,0.0,0.0,0.0,0.0,0.0,0.0,0.0,0.0,0.0,0.0,0.0,0.0,0.0,0.0,0.0,0.0,0.0,0.0,0.0,0.0012039101953112876,0.0,0.0,0.0,0.0,0.0,0.0,0.0,0.0,0.0,0.0,0.0,0.0,0.0,0.0,0.0,0.0,0.0,0.0,0.0
202003,0.0,0.0,0.0,0.0,0.00043374068955429117,0.0,0.0,0.0,0.0,0.0,0.0,0.0,0.0,0.0,0.0,0.0,0.0,0.0,0.0,0.0,0.0,0.0,0.0,0.0,0.0,0.0024401534486109553,0.0,0.0,0.0,0.0,0.0,0.0,0.0,0.0,0.0,0.0,0.0,0.0,0.0,0.0,0.0,0.0,0.0,0.0,0.0,0.0,0.0,0.0,0.0,0.0,0.0,0.0,0.0,0.0,0.0,0.0,0.0,0.0,0.0,0.0,0.0,0.0,0.0,0.0,0.0,0.0,0.0,0.0,0.0,0.0,0.0,0.0,0.0,0.0,0.0,0.0,0.0,0.0,0.0,0.0,0.0,0.0,0.0,0.0,0.0,0.0,0.0,0.0,0.0,0.0,0.0,0.0,0.0,0.0,0.0,0.0,0.0,0.0,0.0,0.0,0.0,0.0,0.0,0.0,0.0,0.0,0.0,0.0,0.0,0.0,0.0,0.0,0.0
202004,0.0,0.0,0.0,0.0,0.001258621097218342,0.0,0.0,0.0,0.0,0.0,0.0,0.0,0.0,0.0,0.0,0.0,0.0,0.0,0.0,0.0,0.0,0.0,0.0,0.0,0.0,0.0002646317345918001,0.0,0.0,0.0,0.0,0.0,0.0,0.0,0.0,0.0,0.0,0.0,0.0,0.0,0.0,0.0,0.0,0.0,0.0,0.0,0.0,0.0,0.0,0.0,0.0,0.0,0.0,0.0,0.0,0.0,0.0,0.0,0.0,0.0,0.0,0.0,0.0,0.0,0.0,0.0,0.0,0.0,0.0,0.0,0.0,0.0,0.0,0.0,0.0,0.0,0.0,0.0,0.0,0.0,0.0,0.0,0.0,0.0,0.0,0.0,0.0,0.0,0.0,0.0,0.0,0.0,0.0,0.0,0.0003678042556652033,0.0,0.0,0.0,0.0,0.0,0.0,0.0,0.0,0.0,0.0,0.0,0.0,0.0,0.0,0.0,0.0,0.0,0.0,0.0
202005,0.0,0.0,0.0,0.0,0.001493058421600026,0.0,0.0,0.0,0.0,0.0,0.0,0.0,0.0,0.0,0.0,0.0,0.0,0.0,0.0,0.0,0.0,0.0,0.0,0.0,0.0,0.0,0.0,0.0,0.0,0.0,0.0,0.0,0.0,0.0,0.0,0.0,0.0,0.0,0.0,0.0,0.0,0.0,0.0,0.0,0.0,0.00017730916259929788,0.0,0.0,0.0,0.0,0.0,0.0,0.0,0.0,0.0,0.0,0.0,0.0,0.0,0.0,0.0,0.0,0.0,0.0,0.0,0.0,0.0,0.0,0.0,0.0,0.0,0.0,0.0,0.0,0.0,0.0,0.0,0.0,0.0,0.0,0.0,0.0,0.0,0.0,0.0,0.0,0.0,0.0,0.0,0.0,0.0,0.0,0.0,0.00040930151781164284,0.0,0.0,0.0,0.0,0.0,0.0,0.0,0.0,0.0,0.0,0.0,0.0,0.0,0.0,0.0,0.0,0.0002294283639915851,0.0,0.0
202006,0.0,0.0,0.0,0.0,0.0014196335749521564,0.0,0.0,0.0,0.0,0.0,0.0,0.0,0.0,0.0,0.0,0.0,0.0,0.0,0.0,0.0,0.0,0.0,0.0,0.0,0.0,0.0,0.0,0.0,0.0,0.0,0.0,0.0,0.0,0.0,0.0,0.0,0.0,0.0,0.0,0.0,0.0,0.0,0.0,0.0,0.0,0.00015870498014332996,0.0,0.0,0.0,0.0,0.0,0.0,0.0,0.0,0.0,0.0,0.0,0.0,0.0,0.0,0.0,0.0,0.0,0.0,0.0,0.0,0.0,0.0,0.0,0.0,0.0,0.0,0.0,0.0,0.0,0.0,0.0,0.0,0.0,0.0,0.0,0.0,0.0,0.0,0.0,0.0,0.0,0.0,0.0,0.0,0.0,0.0,0.0,0.0001157540474192178,0.0,0.0,0.0,0.0,0.0,0.0,0.0,0.0,0.0,0.0,0.0,0.0,0.0,0.0,0.0,0.0,0.0,0.0,0.0
202007,0.0,0.0,0.0,0.0,0.0012262182212892361,0.0,0.0,0.0,0.0,0.0,0.0,0.0,0.0,0.0,0.0,0.0,0.0,0.0,0.0,0.0,0.0,0.0,0.0,0.0,0.0,0.0,0.0,0.0,0.0,0.0,0.0,0.0,0.0,0.0,0.0,0.0,0.0,0.0,0.0,0.0,0.0,0.0,0.0,0.0,0.0,0.0007066564354125107,0.0,0.0,0.0,0.0,0.0,0.0,0.0,0.0,0.0,0.0,0.0,0.0,0.0,0.0,0.0,0.0,0.0,0.0,0.0,0.0,0.0,0.0,0.0,0.0,0.0,0.0,0.0,0.0,0.0,0.0,0.0,0.0,0.0,0.0,0.0,0.0,0.0,0.0,0.0,0.0,0.0,0.0,0.0,0.0,0.0,0.0,0.0,0.0,0.0,0.0,0.0,0.0,0.0,0.0,0.0,4.849338004538825e-05,0.0,0.0,0.0,0.0,0.0,0.0,0.0,0.0,0.0003668140057519785,0.0,0.0
202008,0.0,0.0,0.0,0.0,0.0010608232533129485,0.0,0.0,0.0,0.0,0.0,0.0,0.0,0.0,0.0,0.0,0.0,0.0,0.0,0.0,0.0,0.0,0.0,0.0,0.0,0.0,0.0,0.0,0.0,0.0,0.0,0.0,0.0,0.0,0.0,0.0,0.0,0.0,0.0,0.0,0.0,0.0,0.0,0.0,0.0,0.0,0.0005385484173482698,0.0,0.0,0.0011566599782063375,0.0,0.0,0.0,0.0,0.0,0.0,0.0,0.0,0.0,0.0,0.0,0.0,0.0,0.0,0.0,0.0,0.002053071036446343,0.0,0.0,0.0,0.0,0.0,0.0,0.0,0.0,0.0,0.0,0.0,0.0,0.0,0.0,0.0,0.0,0.0,0.0,0.0,0.0,0.0,0.0,0.0,0.0,0.0,0.0,0.0,0.0,0.0,0.0,0.0,0.0,0.0,0.0,0.0,0.0,0.0,0.0,0.0,0.0,0.0,0.0,0.0,0.0,0.0005995393503342663,0.0,0.0
202009,0.0,0.0,0.0,0.0,0.0006737515938695015,0.0,0.0,0.0,0.0,0.0,0.0,0.0,0.0,0.0,0.0,0.0,0.0,0.0,0.0,0.0,0.0,0.0,0.0,0.0,0.0,0.0,0.0,0.0,0.0,0.0,0.0,0.0,0.0,0.0,0.0,0.0,0.0,0.0,0.0,0.0,0.0,0.0,0.0,0.0,0.0,0.001262056508674021,0.0,0.0,0.0017941609750412896,0.0,0.0,0.0,0.0,0.0,0.0,0.0,0.0,0.0,0.0,0.0,0.0,0.0,0.0,0.0,0.0,0.002265655826530362,0.0,0.0,0.0,0.0,0.0,0.0,0.0,0.0,0.0,0.0,0.0,0.0,0.0,0.0,0.0,0.0,0.0,0.0,0.0,0.0,0.0,0.0,0.0,0.0,0.0,0.0,0.0,0.0,0.0,0.0,0.0,0.0,0.0,0.0,0.0,0.00021916093257082483,0.0,0.0,0.0,0.0,0.0,0.0,0.0,0.0,0.0008671654705866759,0.0,0.0
202010,0.0,0.0,0.0,0.0,0.0006648981388355769,0.0,0.0,0.0,0.0,0.0,0.0,0.0,0.0,0.0,0.0,0.0,0.0,0.0,0.0,0.0,0.0,0.0,0.0,0.0,0.0,0.0,0.0,0.0,0.0,0.0,0.0,0.0,0.0,0.0,0.0,0.0,0.0,0.0,0.0,0.0,0.0,0.0,0.0,0.0,0.0,0.0009167481364311733,0.0,0.0,0.0015712676305145775,0.0,0.0,0.0,0.0,0.0,0.0,0.0,0.0,0.0,0.0,0.0,0.0,0.0,0.0,0.0,0.0,0.0025768057536532216,0.0,0.0,0.0,0.0,0.0,0.0,0.0,0.0,0.0,0.0,0.0,0.0,0.0,0.0,0.0,0.0,0.0,0.0,0.0,0.0,0.0,0.0,0.0,0.0,0.0,0.0,0.0,0.0,0.0,0.0,0.0,0.0,0.0,0.0,0.0,0.00037307365431877437,0.0,0.0,0.0,0.0,0.0,0.0,0.0,0.0,0.00032457073561733207,0.0,0.0
202011,0.0,0.0,0.0,0.0,0.0005289801236001111,0.0,0.0,0.0,0.0,0.0,0.0,0.0,0.0,0.0,0.0,0.0,0.0,0.0,0.0,0.0,0.0,0.0,0.0,0.0,0.0,0.0,0.0,0.0,0.0,0.0,0.0,0.0,0.0,0.0,0.0,0.0,0.0,0.0,0.0,0.0,0.0,0.0,0.0,0.0,0.0,0.001256513930176752,0.0,0.0,0.0011641460635416054,0.0,0.0,0.0,0.0,0.0,0.0,0.0,0.0,0.0,0.0,0.0,0.0,0.0,0.0,0.0,0.0,0.0021110094797889348,0.0,0.0,0.0,0.0,0.0,0.0,0.0,0.0,0.0,0.0,0.0,0.0,0.0,0.0,0.0,0.0,0.0,0.0,0.0,0.0,0.0,0.0,0.0,0.0,0.0,0.0,0.0,0.0,0.0,0.0,0.0,0.0,0.0,0.0,0.0,5.0458963716098606e-05,0.0,0.0,0.0,0.0,0.0,0.0,0.0,0.0,0.000602387346208317,0.0,0.0
202012,0.0,0.0,0.0,0.0,0.0005671316141875012,0.0,0.0,0.0,0.0,0.0,0.0,0.0,0.0,0.0,0.0,0.0,0.0,0.0,0.0,0.0,0.0,0.0,0.0,0.0,0.0,0.0,0.0,0.0,0.0,0.0,0.0,0.0,0.0,0.0,0.0,0.0,0.0,0.0,0.0,0.0,0.0,0.0,0.0,0.0,0.0,0.0004183028821504148,0.0,0.0,0.0006512713868272222,0.0,0.0,0.0,0.0,0.0,0.0,0.0,0.0,0.0,0.0,0.0,0.0,0.0,0.0,0.0,0.0,0.0014692548104997232,0.0,0.0,0.0,0.0,0.0,0.0,0.0,0.0,0.0,0.0,0.0,0.0,0.0,0.0,0.0,0.0,0.0,0.0,0.0,0.0,0.0,0.0,0.0,0.0,0.0,0.0,0.0,0.0,0.0,0.0,0.0,0.0,0.0,0.0,0.0,0.0,0.0,0.0,0.0,0.0,0.0,0.0,0.0,0.0,0.0007721971889055012,0.0,0.0
202101,0.0,0.0,0.0,0.0,0.0,0.0,0.0,0.0,0.0,0.0,0.0,0.0,0.0,0.0,0.0,0.0,0.0,0.0,0.0,0.0,0.0,0.0,0.0,0.0,0.0,0.0,0.0,0.0,0.0,0.0,0.0,0.0,0.0,0.0,0.0,0.0,0.0,0.0,0.0,0.0,0.0,0.0,0.0,0.0,0.0,0.0,0.0,0.0,0.0,0.0,0.0,0.0,0.0,0.0,0.0,0.0,0.0,0.0,0.0,0.0,0.0,0.0,0.0,0.0,0.0,0.0,0.0,0.0,0.0,0.0,0.0,0.0,0.0,0.0,0.0,0.0,0.0,0.0,0.0,0.0,0.0,0.0,0.0,0.0,0.0,0.0,0.0,0.0,0.0,0.0,0.0,0.0,0.0,0.0,0.0,0.0,0.0,0.0,0.0,0.0,0.0,0.0,0.0,0.0,0.0,0.0,0.0,0.0,0.0,0.0,0.0,0.0,0.0
202102,0.0,0.0,0.0,0.0,0.0,0.0,0.0,0.0,0.0,0.0,0.0,0.0,0.0,0.0,0.0,0.0,0.0,0.0,0.0,0.0,0.0,0.0,0.0,0.0,0.0,0.0,0.0,0.0,0.0,0.0,0.0,0.0,0.0,0.0,0.0,0.0,0.0,0.0,0.0,0.0,0.0,0.0,0.0,0.0,0.0,0.0,0.0,0.0,0.0,0.0,0.0,0.0,0.0,0.0,0.0,0.0,0.0,0.0,0.0,0.0,0.0,0.0,0.0,0.0,0.0,0.0,0.0,0.0,0.0,0.0,0.0,0.0,0.0,0.0,0.0,0.0,0.0,0.0,0.0,0.0,0.0,0.0,0.0,0.0,0.0,0.0,0.0,0.0,0.0,0.0,0.0,0.0,0.0,0.0,0.0,0.0,0.0,0.0,0.0,0.0,0.0,0.0,0.0,0.0,0.0,0.0,0.0,0.0,0.0,0.0,0.0,0.0,0.0
202103,0.0,0.0,0.0,0.0,0.0,0.0,0.0,0.0,0.0,0.0,0.0,0.0,0.0,0.0,0.0,0.0,0.0,0.0,0.0,0.0,0.0,0.0,0.0,0.0,0.0,0.0,0.0,0.0,0.0,0.0,0.0,0.0,0.0,0.0,0.0,0.0,0.0,0.0,0.0,0.0,0.0,0.0,0.0,0.0,0.0,0.0,0.0,0.0,0.0,0.0,0.0,0.0,0.0,0.0,0.0,0.0,0.0,0.0,0.0,0.0,0.0,0.0,0.0,0.0,0.0,0.0,0.0,0.0,0.0,0.0,0.0,0.0,0.0,0.0,0.0,0.0,0.0,0.0,0.0,0.0,0.0,0.0,0.0,0.0,0.0,0.0,0.0,0.0,0.0,0.0,0.0,0.0,0.0,0.0,0.0,0.0,0.0,0.0,0.0,0.0,0.0,0.0,0.0,0.0,0.0,0.0,0.0,0.0,0.0,0.0,0.0,0.0,0.0
202104,0.0,0.0,0.0,0.0,0.0,0.0,0.0,0.0,0.0,0.0,0.0,0.0,0.0,0.0,0.0,0.0,0.0,0.0,0.0,0.0,0.0,0.0,0.0,0.0,0.0,0.0,0.0,0.0,0.0,0.0,0.0,0.0,0.0,0.0,0.0,0.0,0.0,0.0,0.0,0.0,0.0,0.0,0.0,0.0,0.0,0.0,0.0,0.0,0.0,0.0,0.0,0.0,0.0,0.0,0.0,0.0,0.0,0.0,0.0,0.0,0.0,0.0,0.0,0.0,0.0,0.0,0.0,0.0,0.0,0.0,0.0,0.0,0.0,0.0,0.0,0.0,0.0,0.0,0.0,0.0,0.0,0.0,0.0,0.0,0.0,0.0,0.0,0.0,0.0,0.0,0.0,0.0,0.0,0.0,0.0,0.0,0.0,0.0,0.0,0.0,0.0,0.0,0.0,0.0,0.0,0.0,0.0,0.0,0.0,0.0,0.0,0.0,0.0
202105,0.0,0.0,0.0,0.0,0.0,0.0,0.0,0.0,0.0,0.0,0.0,0.0,0.0,0.0,0.0,0.0,0.0,0.0,0.0,0.0,0.0,0.0,0.0,0.0,0.0,0.0,0.0,0.0,0.0,0.0,0.0,0.0,0.0,0.0,0.0,0.0,0.0,0.0,0.0,0.0,0.0,0.0,0.0,0.0,0.0,0.0,0.0,0.0,0.0,0.0,0.0,0.0,0.0,0.0,0.0,0.0,0.0,0.0,0.0,0.0,0.0,0.0,0.0,0.0,0.0,0.0,0.0,0.0,0.0,0.0,0.0,0.0,0.0,0.0,0.0,0.0,0.0,0.0,0.0,0.0,0.0,0.0,0.0,0.0,0.0,0.0,0.0,0.0,0.0,0.0,0.0,0.0,0.0,0.0,0.0,0.0,0.0,0.0,0.0,0.0,0.0,0.0,0.0,0.0,0.0,0.0,0.0,0.0,0.0,0.0,0.0,0.0,0.0
202106,0.0,0.0,0.0,0.0,0.0,0.0,0.0,0.0,0.0,0.0,0.0,0.0,0.0,0.0,0.0,0.0,0.0,0.0,0.0,0.0,0.0,0.0,0.0,0.0,0.0,0.0,0.0,0.0,0.0,0.0,0.0,0.0,0.0,0.0,0.0,0.0,0.0,0.0,0.0,0.0,0.0,0.0,0.0,0.0,0.0,0.0,0.0,0.0,0.0,0.0,0.0,0.0,0.0,0.0,0.0,0.0,0.0,0.0,0.0,0.0,0.0,0.0,0.0,0.0,0.0,0.0,0.0,0.0,0.0,0.0,0.0,0.0,0.0,0.0,0.0,0.0,0.0,0.0,0.0,0.0,0.0,0.0,0.0,0.0,0.0,0.0,0.0,0.0,0.0,0.0,0.0,0.0,0.0,0.0,0.0,0.0,0.0,0.0,0.0,0.0,0.0,0.0,0.0,0.0,0.0,0.0,0.0,0.0,0.0,0.0,0.0,0.0,0.0
202107,0.0,0.0,0.0,0.0,0.0,0.0,0.0,0.0,0.0,0.0,0.0,0.0,0.0,0.0,0.0,0.0,0.0,0.0,0.0,0.0,0.0,0.0,0.0,0.0,0.0,0.0,0.0,0.0,0.0,0.0,0.0,0.0,0.0,0.0,0.0,0.0,0.0,0.0,0.0,0.0,0.0,0.0,0.0,0.0,0.0,0.0,0.0,0.0,0.0,0.0,0.0,0.0,0.0,0.0,0.0,0.0,0.0,0.0,0.0,0.0,0.0,0.0,0.0,0.0,0.0,0.0,0.0,0.0,0.0,0.0,0.0,0.0,0.0,0.0,0.0,0.0,0.0,0.0,0.0,0.0,0.0,0.0,0.0,0.0,0.0,0.0,0.0,0.0,0.0,0.0,0.0,0.0,0.0,0.0,0.0,0.0,0.0,0.0,0.0,0.0,0.0,0.0,0.0,0.0,0.0,0.0,0.0,0.0,0.0,0.0,0.0,0.0,0.0
202108,0.0,0.0,0.0,0.0,0.0,0.0,0.0,0.0,0.0,0.0,0.0,0.0,0.0,0.0,0.0,0.0,0.0,0.0,0.0,0.0,0.0,0.0,0.0,0.0,0.0,0.0,0.0,0.0,0.0,0.0,0.0,0.0,0.0,0.0,0.0,0.0,0.0,0.0,0.0,0.0,0.0,0.0,0.0,0.0,0.0,0.0,0.0,0.0,0.0,0.0,0.0,0.0,0.0,0.0,0.0,0.0,0.0,0.0,0.0,0.0,0.0,0.0,0.0,0.0,0.0,0.0,0.0,0.0,0.0,0.0,0.0,0.0,0.0,0.0,0.0,0.0,0.0,0.0,0.0,0.0,0.0,0.0,0.0,0.0,0.0,0.0,0.0,0.0,0.0,0.0,0.0,0.0,0.0,0.0,0.0,0.0,0.0,0.0,0.0,0.0,0.0,0.0,0.0,0.0,0.0,0.0,0.0,0.0,0.0,0.0,0.0,0.0,0.0
202109,0.0,0.0,0.0,0.0,0.0,0.0,0.0,0.0,0.0,0.0,0.0,0.0,0.0,0.0,0.0,0.0,0.0,0.0,0.0,0.0,0.0,0.0,0.0,0.0,0.0,0.0,0.0,0.0,0.0,0.0,0.0,0.0,0.0,0.0,0.0,0.0,0.0,0.0,0.0,0.0,0.0,0.0,0.0,0.0,0.0,0.0,0.0,0.0,0.0,0.0,0.0,0.0,0.0,0.0,0.0,0.0,0.0,0.0,0.0,0.0,0.0,0.0,0.0,0.0,0.0,0.0,0.0,0.0,0.0,0.0,0.0,0.0,0.0,0.0,0.0,0.0,0.0,0.0,0.0,0.0,0.0,0.0,0.0,0.0,0.0,0.0,0.0,0.0,0.0,0.0,0.0,0.0,0.0,0.0,0.0,0.0,0.0,0.0,0.0,0.0,0.0,0.0,0.0,0.0,0.0,0.0,0.0,0.0,0.0,0.0,0.0,0.0,0.0
202110,0.0,0.0,0.0,0.0,0.0,0.0,0.0,0.0,0.0,0.0,0.0,0.0,0.0,0.0,0.0,0.0,0.0,0.0,0.0,0.0,0.0,0.0,0.0,0.0,0.0,0.0,0.0,0.0,0.0,0.0,0.0,0.0,0.0,0.0,0.0,0.0,0.0,0.0,0.0,0.0,0.0,0.0,0.0,0.0,0.0,0.0,0.0,0.0,0.0,0.0,0.0,0.0,0.0,0.0,0.0,0.0,0.0,0.0,0.0,0.0,0.0,0.0,0.0,0.0,0.0,0.0,0.0,0.0,0.0,0.0,0.0,0.0,0.0,0.0,0.0,0.0,0.0,0.0,0.0,0.0,0.0,0.0,0.0,0.0,0.0,0.0,0.0,0.0,0.0,0.0,0.0,0.0,0.0,0.0,0.0,0.0,0.0,0.0,0.0,0.0,0.0,0.0,0.0,0.0,0.0,0.0,0.0,0.0,0.0,0.0,0.0,0.0,0.0
202111,0.0,0.0,0.0,0.0,0.0,0.0,0.0,0.0,0.0,0.0,0.0,0.0,0.0,0.0,0.0,0.0,0.0,0.0,0.0,0.0,0.0,0.0,0.0,0.0,0.0,0.0,0.0,0.0,0.0,0.0,0.0,0.0,0.0,0.0,0.0,0.0,0.0,0.0,0.0,0.0,0.0,0.0,0.0,0.0,0.0,0.0,0.0,0.0,0.0,0.0,0.0,0.0,0.0,0.0,0.0,0.0,0.0,0.0,0.0,0.0,0.0,0.0,0.0,0.0,0.0,0.0,0.0,0.0,0.0,0.0,0.0,0.0,0.0,0.0,0.0,0.0,0.0,0.0,0.0,0.0,0.0,0.0,0.0,0.0,0.0,0.0,0.0,0.0,0.0,0.0,0.0,0.0,0.0,0.0,0.0,0.0,0.0,0.0,0.0,0.0,0.0,0.0,0.0,0.0,0.0,0.0,0.0,0.0,0.0,0.0,0.0,0.0,0.0
202112,0.0,0.0,0.0,0.0,0.0,0.0,0.0,0.0,0.0,0.0,0.0,0.0,0.0,0.0,0.0,0.0,0.0,0.0,0.0,0.0,0.0,0.0,0.0,0.0,0.0,0.0,0.0,0.0,0.0,0.0,0.0,0.0,0.0,0.0,0.0,0.0,0.0,0.0,0.0,0.0,0.0,0.0,0.0,0.0,0.0,0.0,0.0,0.0,0.0,0.0,0.0,0.0,0.0,0.0,0.0,0.0,0.0,0.0,0.0,0.0,0.0,0.0,0.0,0.0,0.0,0.0,0.0,0.0,0.0,0.0,0.0,0.0,0.0,0.0,0.0,0.0,0.0,0.0,0.0,0.0,0.0,0.0,0.0,0.0,0.0,0.0,0.0,0.0,0.0,0.0,0.0,0.0,0.0,0.0,0.0,0.0,0.0,0.0,0.0,0.0,0.0,0.0,0.0,0.0,0.0,0.0,0.0,0.0,0.0,0.0,0.0,0.0,0.0
202201,0.0,0.0,0.0,0.0,0.0,0.0,0.0,0.0,0.0,0.0,0.0,0.0,0.0,0.0,0.0,0.0,0.0,0.0,0.0,0.0,0.0,0.0,0.0,0.0,0.0,0.0,0.0,0.0,0.0,0.0,0.0,0.0,0.0,0.0,0.0,0.0,0.0,0.0,0.0,0.0,0.0,0.0,0.0,0.0,0.0,0.0,0.0,0.0,0.0,0.0,0.0,0.0,0.0,0.0,0.0,0.0,0.0,0.0,0.0,0.0,0.0,0.0,0.0,0.0,0.0,0.0,0.0,0.0,0.0,0.0,0.0,0.0,0.0,0.0,0.0,0.0,0.0,0.0,0.0,0.0,0.0,0.0,0.0,0.0,0.0,0.0,0.0,0.0,0.0,0.0,0.0,0.0,0.0,0.0,0.0,0.0,0.0,0.0,0.0,0.0,0.0,0.0,0.0,0.0,0.0,0.0,0.0,0.0,0.0,0.0,0.0,0.0,0.0
202202,0.0,0.0,0.0,0.0,0.0,0.0,0.0,0.0,0.0,0.0,0.0,0.0,0.0,0.0,0.0,0.0,0.0,0.0,0.0,0.0,0.0,0.0,0.0,0.0,0.0,0.0,0.0,0.0,0.0,0.0,0.0,0.0,0.0,0.0,0.0,0.0,0.0,0.0,0.0,0.0,0.0,0.0,0.0,0.0,0.0,0.0,0.0,0.0,0.0,0.0,0.0,0.0,0.0,0.0,0.0,0.0,0.0,0.0,0.0,0.0,0.0,0.0,0.0,0.0,0.0,0.0,0.0,0.0,0.0,0.0,0.0,0.0,0.0,0.0,0.0,0.0,0.0,0.0,0.0,0.0,0.0,0.0,0.0,0.0,0.0,0.0,0.0,0.0,0.0,0.0,0.0,0.0,0.0,0.0,0.0,0.0,0.0,0.0,0.0,0.0,0.0,0.0,0.0,0.0,0.0,0.0,0.0,0.0,0.0,0.0,0.0,0.0,0.0
202203,0.0,0.0,0.0,0.0,0.0,0.0,0.0,0.0,0.0,0.0,0.0,0.0,0.0,0.0,0.0,0.0,0.0,0.0,0.0,0.0,0.0,0.0,0.0,0.0,0.0,0.0,0.0,0.0,0.0,0.0,0.0,0.0,0.0,0.0,0.0,0.0,0.0,0.0,0.0,0.0,0.0,0.0,0.0,0.0,0.0,0.0,0.0,0.0,0.0,0.0,0.0,0.0,0.0,0.0,0.0,0.0,0.0,0.0,0.0,0.0,0.0,0.0,0.0,0.0,0.0,0.0,0.0,0.0,0.0,0.0,0.0,0.0,0.0,0.0,0.0,0.0,0.0,0.0,0.0,0.0,0.0,0.0,0.0,0.0,0.0,0.0,0.0,0.0,0.0,0.0,0.0,0.0,0.0,0.0,0.0,0.0,0.0,0.0,0.0,0.0,0.0,0.0,0.0,0.0,0.0,0.0,0.0,0.0,0.0,0.0,0.0,0.0,0.0
202204,0.0,0.0,0.0,0.0,0.0,0.0,0.0,0.0,0.0,0.0,0.0,0.0,0.0,0.0,0.0,0.0,0.0,0.0,0.0,0.0,0.0,0.0,0.0,0.0,0.0,0.0,0.0,0.0,0.0,0.0,0.0,0.0,0.0,0.0,0.0,0.0,0.0,0.0,0.0,0.0,0.0,0.0,0.0,0.0,0.0,0.0,0.0,0.0,0.0,0.0,0.0,0.0,0.0,0.0,0.0,0.0,0.0,0.0,0.0,0.0,0.0,0.0,0.0,0.0,0.0,0.0,0.0,0.0,0.0,0.0,0.0,0.0,0.0,0.0,0.0,0.0,0.0,0.0,0.0,0.0,0.0,0.0,0.0,0.0,0.0,0.0,0.0,0.0,0.0,0.0,0.0,0.0,0.0,0.0,0.0,0.0,0.0,0.0,0.0,0.0,0.0,0.0,0.0,0.0,0.0,0.0,0.0,0.0,0.0,0.0,0.0,0.0,0.0
202205,0.0,0.0,0.0,0.0,0.0,0.0,0.0,0.0,0.0,0.0,0.0,0.0,0.0,0.0,0.0,0.0,0.0,0.0,0.0,0.0,0.0,0.0,0.0,0.0,0.0,0.0,0.0,0.0,0.0,0.0,0.0,0.0,0.0,0.0,0.0,0.0,0.0,0.0,0.0,0.0,0.0,0.0,0.0,0.0,0.0,0.0,0.0,0.0,0.0,0.0,0.0,0.0,0.0,0.0,0.0,0.0,0.0,0.0,0.0,0.0,0.0,0.0,0.0,0.0,0.0,0.0,0.0,0.0,0.0,0.0,0.0,0.0,0.0,0.0,0.0,0.0,0.0,0.0,0.0,0.0,0.0,0.0,0.0,0.0,0.0,0.0,0.0,0.0,0.0,0.0,0.0,0.0,0.0,0.0,0.0,0.0,0.0,0.0,0.0,0.0,0.0,0.0,0.0,0.0,0.0,0.0,0.0,0.0,0.0,0.0,0.0,0.0,0.0
202206,0.0,0.0,0.0,0.0,0.0,0.0,0.0,0.0,0.0,0.0,0.0,0.0,0.0,0.0,0.0,0.0,0.0,0.0,0.0,0.0,0.0,0.0,0.0,0.0,0.0,0.0,0.0,0.0,0.0,0.0,0.0,0.0,0.0,0.0,0.0,0.0,0.0,0.0,0.0,0.0,0.0,0.0,0.0,0.0,0.0,0.0,0.0,0.0,0.0,0.0,0.0,0.0,0.0,0.0,0.0,0.0,0.0,0.0,0.0,0.0,0.0,0.0,0.0,0.0,0.0,0.0,0.0,0.0,0.0,0.0,0.0,0.0,0.0,0.0,0.0,0.0,0.0,0.0,0.0,0.0,0.0,0.0,0.0,0.0,0.0,0.0,0.0,0.0,0.0,0.0,0.0,0.0,0.0,0.0,0.0,0.0,0.0,0.0,0.0,0.0,0.0,0.0,0.0,0.0,0.0,0.0,0.0,0.0,0.0,0.0,0.0,0.0,0.0
202207,0.0,0.0,0.0,0.0,0.0,0.0,0.0,0.0,0.0,0.0,0.0,0.0,0.0,0.0,0.0,0.0,0.0,0.0,0.0,0.0,0.0,0.0,0.0,0.0,0.0,0.0,0.0,0.0,0.0,0.0,0.0,0.0,0.0,0.0,0.0,0.0,0.0,0.0,0.0,0.0,0.0,0.0,0.0,0.0,0.0,0.0,0.0,0.0,0.0,0.0,0.0,0.0,0.0,0.0,0.0,0.0,0.0,0.0,0.0,0.0,0.0,0.0,0.0,0.0,0.0,0.0,0.0,0.0,0.0,0.0,0.0,0.0,0.0,0.0,0.0,0.0,0.0,0.0,0.0,0.0,0.0,0.0,0.0,0.0,0.0,0.0,0.0,0.0,0.0,0.0,0.0,0.0,0.0,0.0,0.0,0.0,0.0,0.0,0.0,0.0,0.0,0.0,0.0,0.0,0.0,0.0,0.0,0.0,0.0,0.0,0.0,0.0,0.0
202208,0.0,0.0,0.0,0.0,0.0,0.0,0.0,0.0,0.0,0.0,0.0,0.0,0.0,0.0,0.0,0.0,0.0,0.0,0.0,0.0,0.0,0.0,0.0,0.0,0.0,0.0,0.0,0.0,0.0,0.0,0.0,0.0,0.0,0.0,0.0,0.0,0.0,0.0,0.0,0.0,0.0,0.0,0.0,0.0,0.0,0.0,0.0,0.0,0.0,0.0,0.0,0.0,0.0,0.0,0.0,0.0,0.0,0.0,0.0,0.0,0.0,0.0,0.0,0.0,0.0,0.0,0.0,0.0,0.0,0.0,0.0,0.0,0.0,0.0,0.0,0.0,0.0,0.0,0.0,0.0,0.0,0.0,0.0,0.0,0.0,0.0,0.0,0.0,0.0,0.0,0.0,0.0,0.0,0.0,0.0,0.0,0.0,0.0,0.0,0.0,0.0,0.0,0.0,0.0,0.0,0.0,0.0,0.0,0.0,0.0,0.0,0.0,0.0
202209,0.0,0.0,0.0,0.0,0.0,0.0,0.0,0.0,0.0,0.0,0.0,0.0,0.0,0.0,0.0,0.0,0.0,0.0,0.0,0.0,0.0,0.0,0.0,0.0,0.0,0.0,0.0,0.0,0.0,0.0,0.0,0.0,0.0,0.0,0.0,0.0,0.0,0.0,0.0,0.0,0.0,0.0,0.0,0.0,0.0,0.0,0.0,0.0,0.0,0.0,0.0,0.0,0.0,0.0,0.0,0.0,0.0,0.0,0.0,0.0,0.0,0.0,0.0,0.0,0.0,0.0,0.0,0.0,0.0,0.0,0.0,0.0,0.0,0.0,0.0,0.0,0.0,0.0,0.0,0.0,0.0,0.0,0.0,0.0,0.0,0.0,0.0,0.0,0.0,0.0,0.0,0.0,0.0,0.0,0.0,0.0,0.0,0.0,0.0,0.0,0.0,0.0,0.0,0.0,0.0,0.0,0.0,0.0,0.0,0.0,0.0,0.0,0.0
202210,0.0,0.0,0.0,0.0,0.0,0.0,0.0,0.0,0.0,0.0,0.0,0.0,0.0,0.0,0.0,0.0,0.0,0.0,0.0,0.0,0.0,0.0,0.0,0.0,0.0,0.0,0.0,0.0,0.0,0.0,0.0,0.0,0.0,0.0,0.0,0.0,0.0,0.0,0.0,0.0,0.0,0.0,0.0,0.0,0.0,0.0,0.0,0.0,0.0,0.0,0.0,0.0,0.0,0.0,0.0,0.0,0.0,0.0,0.0,0.0,0.0,0.0,0.0,0.0,0.0,0.0,0.0,0.0,0.0,0.0,0.0,0.0,0.0,0.0,0.0,0.0,0.0,0.0,0.0,0.0,0.0,0.0,0.0,0.0,0.0,0.0,0.0,0.0,0.0,0.0,0.0,0.0,0.0,0.0,0.0,0.0,0.0,0.0,0.0,0.0,0.0,0.0,0.0,0.0,0.0,0.0,0.0,0.0,0.0,0.0,0.0,0.0,0.0
202211,0.0,0.0,0.0,0.0,0.0,0.0,0.0,0.0,0.0,0.0,0.0,0.0,0.0,0.0,0.0,0.0,0.0,0.0,0.0,0.0,0.0,0.0,0.0,0.0,0.0,0.0,0.0,0.0,0.0,0.0,0.0,0.0,0.0,0.0,0.0,0.0,0.0,0.0,0.0,0.0,0.0,0.0,0.0,0.0,0.0,0.0,0.0,0.0,0.0,0.0,0.0,0.0,0.0,0.0,0.0,0.0,0.0,0.0,0.0,0.0,0.0,0.0,0.0,0.0,0.0,0.0,0.0,0.0,0.0,0.0,0.0,0.0,0.0,0.0,0.0,0.0,0.0,0.0,0.0,0.0,0.0,0.0,0.0,0.0,0.0,0.0,0.0,0.0,0.0,0.0,0.0,0.0,0.0,0.0,0.0,0.0,0.0,0.0,0.0,0.0,0.0,0.0,0.0,0.0,0.0,0.0,0.0,0.0,0.0,0.0,0.0,0.0,0.0
202212,0.0,0.0,0.0,0.0,0.0,0.0,0.0,0.0,0.0,0.0,0.0,0.0,0.0,0.0,0.0,0.0,0.0,0.0,0.0,0.0,0.0,0.0,0.0,0.0,0.0,0.0,0.0,0.0,0.0,0.0,0.0,0.0,0.0,0.0,0.0,0.0,0.0,0.0,0.0,0.0,0.0,0.0,0.0,0.0,0.0,0.0,0.0,0.0,0.0,0.0,0.0,0.0,0.0,0.0,0.0,0.0,0.0,0.0,0.0,0.0,0.0,0.0,0.0,0.0,0.0,0.0,0.0,0.0,0.0,0.0,0.0,0.0,0.0,0.0,0.0,0.0,0.0,0.0,0.0,0.0,0.0,0.0,0.0,0.0,0.0,0.0,0.0,0.0,0.0,0.0,0.0,0.0,0.0,0.0,0.0,0.0,0.0,0.0,0.0,0.0,0.0,0.0,0.0,0.0,0.0,0.0,0.0,0.0,0.0,0.0,0.0,0.0,0.0
202301,0.02517480178053941,0.0030253044254956625,0.0024038738262786618,0.00015255586805764453,0.005117504750629425,4.248393289897064e-05,0.004423997254733242,0.0030769414379590346,0.005019667171925127,0.006342874103429185,0.00026594140327071614,0.0020486847092665984,0.000864810380796171,0.0036743096900811556,0.004127083752590831,0.004146851669217064,0.004050415582048143,0.008237594221101355,0.003513637048330799,0.003066065535346968,0.000665745925728662,0.0021910477507593564,0.0005172852710718469,0.0013461990809870087,0.0023559018816594317,0.012275554639666194,0.002518872328016622,0.0010781927167421836,0.0020878274040804817,0.0024062490708642173,0.00048697747735071173,0.003906441237502563,0.0002740768405981686,0.00017542108972808552,0.005988479503159118,0.0035559335906707747,0.0,0.003939027552930778,0.005732440100082161,8.210424572044066e-05,0.0013787727184944468,0.0006076737452949738,0.00010856318045804824,0.004418731529807709,0.005882985065330609,0.005258836261770457,0.0010097955546546483,0.0,0.0008114007626071993,0.007915115772817657,0.0007161577385261213,0.001860373947549933,0.005340099179377879,0.005898856516125419,0.00025524280696579663,0.009756216133534062,0.0038951697998865454,0.010205782534566322,8.019716998015879e-05,0.0010010429763702626,0.0034036284483640097,0.000469464581179334,0.0,0.0040544989247998505,0.004611997597214462,0.005968646857403555,0.007727975136566643,0.0,0.002900116452954832,0.00694740051797912,0.004377015914428248,0.004282811407293745,0.0035160613860362377,0.0007744440404698242,0.003908289323203925,0.0005900155632584591,0.0015296206890544747,0.005804435969930684,0.0012017294076611931,0.00531602607257348,0.0036051126819011867,0.002193155974813049,0.0033038193004832407,0.0026767350721431647,0.00892292684610982,0.0014606656284304957,0.0015838709244344806,0.005263781557096202,0.0027300575511333323,0.0002760596801060769,0.0025332155287950664,0.002879243013237326,0.0007076275890044648,0.003865534937569991,0.0019152757658901381,0.0006297151280093355,0.008493460893530315,0.0017388302043043118,0.001199325238397546,0.0013126130337918992,0.004325959033208304,0.007267819825446907,0.0012207450892398532,0.0013718864424525543,0.005279499230301869,0.0018868258047222684,0.0028810176592694537,0.0,0.00027149696972990784,0.002231947477863676,0.007566897091030368,0.0029123408652476945,0.003746387383813476
202302,0.02430092010449506,0.0027576997580279687,0.002441229058550666,0.0002904050350568884,0.004891931915462914,0.00023292334579068215,0.004270651069885972,0.0030879719222233187,0.004562708783384404,0.006465872064157098,0.0,0.002288247503407623,0.0012908457503181439,0.0037106432137822463,0.0036188228525367606,0.0039090873502037465,0.0038094273536987844,0.007799242372007622,0.0037818888820863347,0.0032090696429166368,0.0007888264071672025,0.0024007268109242346,0.0005001232451071673,0.0010157810177261852,0.0023562106689476187,0.011601179127739452,0.0027813793114933177,0.001239438415574151,0.002258328408793233,0.0022164349587617494,0.0010105393854064,0.0038966318959143464,0.0001420552981680861,0.00039106400057422176,0.007052047847819166,0.003360441632505918,0.0,0.0040134997185369775,0.005613362681015253,0.00011818349325243003,0.001223961483157526,0.0007950040732702117,6.959090903361424e-05,0.004903149635839163,0.005357583060661941,0.005388235598081425,0.0007594267670946902,0.0,0.0006686511048981808,0.008553374503871653,0.0,0.0019634373650026494,0.005837049394630067,0.005799535011268209,0.0005183051009009857,0.00972799822369506,0.004119615194344942,0.009989225027143602,0.0,0.0008330437026883779,0.0035126549249141713,0.0007610367420063426,0.0,0.003939271222731651,0.00455445738611758,0.0062815581287120024,0.007926761407823453,0.00019027678212084906,0.0031755921846454453,0.007194881700757556,0.004129300532680156,0.004118185509205523,0.0034895521596641356,0.0009918014477274426,0.0033350248708647733,0.0005036975472243372,0.0015817465875626593,0.006261885994334903,0.001566907300767298,0.0050321373595890555,0.003485402138726977,0.002408334088054766,0.00339529688238456,0.0026886308630524446,0.008724773998531376,0.0013568497846600468,0.0015439650190029557,0.005808697453664934,0.0028216981804050144,0.0005776626927058571,0.002706058539600194,0.0028057703270688355,0.00048089031611574197,0.003481928536435521,0.0019443774177459858,0.00030619715339557876,0.00989025075869934,0.0015675793509622768,0.0011012201826158777,0.0013752952395481917,0.004350367238732333,0.007428669258967395,0.0010713160116897183,0.00100192421715972,0.005185253950918439,0.002050631514696171,0.003063122306764238,0.00031394823540315653,0.0006712701951974128,0.0021288986885999103,0.007123761634536145,0.0022678206108771265,0.0045001298206474045
202303,0.02535746705273664,0.0027683445012175807,0.0022567292702831486,0.0004027738224456098,0.004776077336436076,5.6798544419573144e-05,0.004637338561899521,0.003474217337610232,0.004783469410939523,0.006630633682462991,0.0,0.0029781374109859146,0.0012062974190178682,0.003637336449820433,0.0031422095949010785,0.0038115013670363056,0.003457000097038406,0.008326929242211623,0.003560907062076681,0.0035808613396170587,0.0012031842368035546,0.0021075623577366015,0.0006288121440831347,0.000796673455975963,0.0023017499894119166,0.011201561548555136,0.0027650396587239256,0.000931274655848152,0.0018823352869041898,0.001968027302877284,0.0005545835402694074,0.004223873555138251,0.0002531011058037896,0.0004946694218939013,0.006840697102526136,0.0039488143089934855,0.0,0.004194386333667725,0.005490821757115972,0.00024820715608453534,0.0010693829797045798,0.0004957053290726553,0.00023838681945858168,0.005889582626123786,0.005075605173144185,0.00423520617792641,0.00018663316762374622,0.0005832571500600628,0.002725092744792318,0.007880808400229278,0.0,0.002084833307013598,0.006128968946686669,0.006352557647455527,0.00018031231118944432,0.00997020935432906,0.004299524515776443,0.009616391258782128,0.0002313584879872859,0.0003303559559172342,0.0035434317294131116,0.00116553419388677,0.001075965204253917,0.00335421491074281,0.00431938745634219,0.00645305884551718,0.007705306642017399,0.0,0.003886650079101678,0.0072530079779018755,0.0043664631028487045,0.003969578947375025,0.0034653536761420794,0.0007120475531618584,0.002981212103525508,0.0006472841985734932,0.0020020544821428977,0.005984384330767153,0.0018377144035754173,0.005133178515729203,0.003675700358728838,0.0025120594367280262,0.003776093117374018,0.0026259401875649074,0.008838188625163638,0.0014116967144454859,0.001326687857706062,0.008138127063995257,0.0022523516291277287,0.0006932868420945242,0.002682660577512093,0.003081550142384995,0.0004863524135165025,0.003577455587115626,0.0013268056899789177,0.0005046843211079379,0.009028742010352916,0.001844876368569954,0.0008284802315701552,0.0011257358930512758,0.0036515588557905314,0.007444838350384158,0.0012623870323369415,0.0017844684010416315,0.0046004071724103516,0.00177998544429453,0.0032276231697034867,0.00030163392845828887,0.0008890384852385865,0.0025663007281864817,0.006718779189611279,0.0020772659499415855,0.00476488807397955
202304,0.02491837468750416,0.0027238707446945536,0.0022968543229333707,0.0007329605434047078,0.004471800942616467,0.0,0.004105814292456222,0.003264246061139019,0.004484592877024643,0.006799374414578883,0.00010862673698675395,0.0027429230434099774,0.001902445246142198,0.0033143943722194276,0.0034462209462292584,0.003450640405848238,0.0030707310902585994,0.0082463085231275,0.0035450241324340628,0.003441402307775588,0.0011463341459460835,0.002828263518598709,0.0006396564390941674,0.0008781195105953248,0.0024496340711851485,0.01149794077260556,0.0029688140890694005,0.0007004589229137009,0.002010363031651954,0.0022393101020414595,0.0013864488118686803,0.0043374760834734615,0.0001766079016447212,0.0005485094407588225,0.00837114163569168,0.0036573512040177225,0.0,0.004022335816544418,0.005378788303737629,0.0004211500285104705,0.0009094287322280551,0.00030423747566458255,0.00021019785784337708,0.00621226732085711,0.004800563487019254,0.0044644199675871465,0.0002735209167554858,0.00023298264140961676,0.004191579678205819,0.008116243148882952,0.0,0.002761271189405193,0.005987416333446948,0.005557889373454722,0.0003522207299445612,0.009779703144862902,0.003635975725736853,0.009847612635458868,0.00012513823132394072,0.0007128982169386496,0.0035705158426566235,0.0012290258714229118,0.0019173594720931857,0.003663876340181719,0.004652306163140452,0.005146501041494597,0.008812921183831956,0.001765690813133108,0.003050659922693293,0.007273193089337841,0.00433698147562294,0.003929616936155352,0.0034632655009982113,0.0013656195114986605,0.0030233236467725553,0.0005507365375915394,0.002634416419855696,0.006284301811090538,0.001787691911467655,0.00520482320889501,0.003804987386467003,0.00318262194663101,0.0038475296009179653,0.002873864980400395,0.009120391595310176,0.0009500520265870273,0.0015640858483349411,0.010162730545298766,0.0033342995248019027,0.000935156105868447,0.002830625010448045,0.0033381888701826926,0.0004294797777221671,0.0036458634765151473,0.0018109088971004243,0.00048373869718476635,0.010223194739627193,0.0019445635715916695,0.0002136028925287708,0.0005813806357563497,0.003395929349180981,0.007830872955748839,0.0009159930949548163,0.0012935169989107872,0.005121568123706887,0.0021923056311045053,0.0035393932816499374,0.0004207752664048753,0.0007072982619073117,0.001634724770746882,0.006094288590232684,0.002453858277903022,0.0031569763450307324
202305,0.025272992928357694,0.0022528839906387926,0.002118236260696908,0.0005584690420928704,0.004160121625724601,0.00038196242237664176,0.004004902676634224,0.002280068171176292,0.004483137114607767,0.007501606204449248,0.00021874785929321838,0.0023856850551045717,0.002375616247995623,0.0030784066274125135,0.0030751700734951678,0.00282988082779721,0.00268222143123744,0.008391628459250946,0.0032029203285032664,0.003571377899450729,0.0012431546232173722,0.003005027672944528,0.0008450100282237961,0.0010463924480679705,0.0024441711806297717,0.011285108285523917,0.003153508694780974,0.00039942998856741193,0.0016465275721600976,0.002078736744215585,0.0017700487571783218,0.0048291580258182165,1.4612104027963562e-05,0.001212333318958275,0.007248487311415272,0.0036773456420951833,0.0003116296119953361,0.003996521912149779,0.005436830467046783,0.0005982917057576223,0.0008128539384610741,0.0011115248683246895,0.0002674847290592526,0.00739345567553771,0.004402798979504709,0.0045706380804178565,0.0,0.00031175387863804015,0.004407249521909776,0.00888710818677658,3.6644476760470116e-05,0.00345488989142028,0.0061720418500786686,0.005922778056240397,0.0008566861802886439,0.009333001989447427,0.0028018622959995578,0.009649634499250957,0.00031663317949142235,0.00043741142030853506,0.003635169020034466,0.0006767950046241225,0.0028793464203711386,0.0034106355892976636,0.004830103476249046,0.004747001025287329,0.00949182600486937,0.0024213499342596225,0.0031479983519189974,0.006967863875175669,0.004137959556803363,0.0038727346023305943,0.0032181103806666663,0.0016022795116806632,0.0030579230086148143,0.0007729556734961461,0.003527536494824154,0.006118051950457312,0.0019531251501425377,0.00482250892043494,0.003416353511374485,0.0037360364622882037,0.00437027781634996,0.003093505108470014,0.009610150815851395,0.0007612491120719529,0.0013825300137764011,0.010634357195465835,0.004010285298096173,0.0008556808989402012,0.0028613144023653904,0.00368115481679284,0.00015517603547747383,0.0036267441323081617,0.0016390951138672242,0.0003143365801845392,0.010410532348734628,0.001976973712128237,0.0,0.00034767413064856024,0.004337376374297837,0.00789719487542205,0.000573366041849908,0.0011279623325058993,0.005578337955477124,0.002471715724787315,0.003516995127497797,0.0004033317397766528,0.001127944519639546,0.0007445498211893208,0.00670826471499651,0.0023554790592739587,0.0032428506596704474
202306,0.027974061231804837,0.0024017644980409616,0.0022837010485188434,0.0008306381520481644,0.003962663407784656,0.0,0.00504186716201268,0.0029909723045947845,0.005416433024868321,0.007097495350598666,0.0007507972837179468,0.0016748114288962358,0.0024661847542892185,0.0035863263997199103,0.0036724795088489094,0.0028906910500044024,0.003399694629291309,0.00858547792427356,0.0026184897301007146,0.0036758759847349536,0.0009402159922590099,0.0028992510618590732,0.0012826020783196185,0.0006129279710015735,0.0022887506474401492,0.011899892113515864,0.0026061758457176544,0.0005495875669432377,0.001971740670044087,0.0029167791090878555,0.0015026171399807745,0.004592352319733258,0.0,0.0011271262998967687,0.008291837996284702,0.004326114684141176,0.0002493199520517464,0.0037514697777525016,0.005423202853090107,0.0005556887064620365,0.0010849360192605646,0.001166489577216716,0.00034947045530754416,0.006456047022829263,0.005593335099204259,0.004259833653920999,0.0,0.0006366335324780645,0.005174672253300755,0.008636911707877294,0.0,0.0026678469502725323,0.0062017301218932125,0.006366662941456932,0.001370978494429117,0.009292646793488726,0.0028958363839444506,0.009469751717095945,0.0004746978954334363,0.00038787766842206397,0.003884814848503313,0.0009646208143566921,0.004066547301792854,0.004318751853583585,0.004682632756672456,0.006105219019784156,0.008818361030416964,0.002496978837510313,0.0029520012214139723,0.006673091422609126,0.003818124624588386,0.004073986090702124,0.003436902193966755,0.0014525644594541207,0.00372951868903326,0.0008254543058580412,0.003087502016836813,0.0058101100330200176,0.0013815820864923627,0.00536542821659895,0.003504951880546693,0.0032758596027895677,0.0033321758905044455,0.0028384495298203836,0.009914250799365865,0.0009839887108371536,0.001481944831094095,0.011160734053683506,0.004211862087099476,0.00011555317546849688,0.0028288024833118463,0.00355201202787062,0.0,0.003898205561902822,0.002282043272645254,0.0,0.009348661295678119,0.0019905266427406956,0.00023186746762021758,0.000121897370444801,0.002695200763694782,0.007612694865698936,0.0005678609374602199,0.0011255860835485522,0.0056302245487358064,0.002586387720357495,0.004080364070378454,7.127948353408631e-05,0.0005278474552394763,0.001265472505641956,0.007242513420830269,0.0021574734690216883,0.003348599874436256
202307,0.02869538445250319,0.0020298469066142464,0.002706652663529269,0.0007883133813995775,0.0038625959039588023,0.0,0.0048258186509542575,0.003215131809122682,0.004500437476004979,0.007544683611869853,0.0006704430500376723,0.0016059859055037378,0.0025418622909851064,0.0033551404331016374,0.003943873440292249,0.003141920995009981,0.003533787507463605,0.009164774297992813,0.0024903571107107933,0.0030729703284846626,0.0008924417231023266,0.002960828826713528,0.0014790117063047505,0.0005273521055404428,0.00248168722351557,0.012188526490507895,0.0026685065147285265,0.000256434842687333,0.0022626283019979683,0.003389269451390874,0.002042399402882236,0.005021403647714342,0.0,0.001364616088430414,0.006441336900640057,0.0034564018975713007,0.00045316849638424355,0.003984603019042951,0.005550972667475878,0.00047940365293222455,0.001341670915242586,0.0008592392326356635,0.00030438021163561445,0.006332059956724073,0.005402541883698792,0.004235038481424761,0.0,0.0006301727412349961,0.0018076391439659659,0.009911734446031313,0.0005602586968142945,0.0027645624800735034,0.005942108321891934,0.006101696870088031,0.0012850103058392678,0.009908891712404467,0.0028279418497140097,0.009199148210042238,0.0006390373306198875,0.00011148669357506711,0.003882904362909386,0.0004552140157650393,0.004302352454840922,0.003973469979253319,0.004355515449702285,0.005308094598988482,0.008770890763404034,0.001700504836971002,0.003380674209199407,0.00657133474513354,0.004102877343596311,0.004021114701449624,0.003269897793167333,0.001258223091357154,0.00296525635303475,0.0008733879853344414,0.002805746302338702,0.006330601683332825,0.0017643062970532652,0.005274547519965495,0.002906368094551325,0.0032642147514363403,0.0043659560129392025,0.002881049737924646,0.009534435006499399,0.0009836048148030537,0.0015187758667364634,0.007851074066154767,0.003229483348619613,0.00014528391433369067,0.0029243524615931013,0.0035776386483027394,0.00029630464325845193,0.004700974044020527,0.0024526596233075478,0.0,0.009711931317458218,0.0019930430147284775,0.00039993053512935804,0.000880019480415287,0.004876570235000498,0.008266979450363558,0.0,0.0005653827535009325,0.005628547611202685,0.0023471308040345145,0.0036224649250632657,0.00027645472285598945,0.00018098914141187407,0.0007975880916882072,0.007879975351302483,0.002916875950356036,0.0030900369723555364
202308,0.03011223113922618,0.0022700810369872242,0.002966463990387757,0.00048606915207752646,0.0038096601483959274,0.0,0.0048708110272280515,0.0035385305165025597,0.004897007489304137,0.0076646447684409974,0.0005284488278026702,0.002054123914102678,0.0021784064223531172,0.003497114982077414,0.003979354473659171,0.0028978489437051346,0.0037317692969889653,0.009526388625306494,0.0027703973329062277,0.003578692732887821,0.0012876780547214234,0.0030280223793021535,0.0012153658669457903,0.0009215744271626295,0.002302308450513025,0.01261251626952852,0.0024928869882483956,0.0001388646945651836,0.002208039600860812,0.0032342067109208407,0.0014846865322418953,0.0050941950406740545,0.0,0.001507793704908037,0.007123374450846919,0.0033870483067903524,0.00023198812059817964,0.004223834450102248,0.005337895053121845,0.0002926806188925696,0.0012257644577553309,0.0009073902475592717,0.00010225267259098551,0.005594653114470752,0.00513803500666097,0.003706114995465577,0.0,0.00075393946828154,0.001507109740175858,0.009710522074155277,0.000245745477080646,0.0025151500119244136,0.006193338301911979,0.006260941953452014,0.0009403303747888647,0.010212024844895222,0.003439803851910953,0.009699083914200766,0.00027878222149884177,0.00026414518761839063,0.004313299911366686,0.0006158739236693702,0.005026165780720717,0.0036132446966133085,0.004277994493856276,0.005548472404964634,0.008248565253985594,0.001894629846434634,0.0036281702190080352,0.006715815348610645,0.004236643734221308,0.003793062484609149,0.0030312881799202536,0.0014775484180595982,0.003507193222734423,0.00032748304655260183,0.0031936008016314483,0.006272461534516302,0.0017966406175567125,0.005766820731882399,0.0034258922893416867,0.003698796331722433,0.0036357494177225455,0.002509477439119394,0.009751712053845616,0.0010310131415189293,0.0014616140669670606,0.008157257772722954,0.002750823222940962,0.00042306125383049066,0.003158775137511007,0.0034519995601533936,0.00039269711897885786,0.004909763328026144,0.002732197121785325,0.0,0.00953856420542659,0.0021745814548221466,0.0,0.0005132909680682433,0.003987641172418415,0.008627491149544536,0.0,0.001310853550644732,0.005701040649576271,0.001800403941880213,0.00359580019082567,0.000101427778392302,0.0,0.0012235999527358099,0.007350022595298598,0.003051543147590981,0.0025248896795105765
202309,0.028682736514700345,0.0023732625172808025,0.0027124770289944948,0.0007157639754316818,0.0037299880553396513,0.0,0.00431208556313625,0.0038017951779602513,0.0048265456382688,0.007721622506897798,0.000625710357601157,0.0016811908560008303,0.002646355760026932,0.003166225872246976,0.003990199774843902,0.002628391934056623,0.003789825001737478,0.009033293584184365,0.0028577197865313564,0.0035356027980635806,0.001141674398121758,0.0027824876350515996,0.0009711785718405576,0.0007971305039799977,0.002282702251149984,0.012041374009970438,0.002629083748140113,3.4728402127262875e-05,0.002047078811647155,0.0029420306110617303,0.0017134933934337122,0.005413746051841775,0.0,0.0016215911689592332,0.008444753662643563,0.0033892735065665673,0.0005313936554154208,0.003540373458816838,0.005255883592618132,0.0005053976131481631,0.0007458344462403404,0.00043503551389981806,0.0003476372089741998,0.004804996873319424,0.0053019002242179645,0.00384507218116384,0.0004460767558101218,0.0004618306441559065,0.001099189401873489,0.009361487022086579,0.0,0.0019286121466133696,0.006491656253710865,0.005450911175271382,0.0014368291862374696,0.009114741800026395,0.0029327158661672206,0.00920487102662602,0.00035985759861775253,3.3550043888657766e-05,0.004225034939248725,0.00046475570774238306,0.005996311769218006,0.00501967818954709,0.004696704057175167,0.0045436774967875255,0.009112584319527852,0.002964271206863589,0.0028523516980646798,0.006468273890872677,0.0038105979808628165,0.0036304233642813987,0.003043280842258883,0.0020098226978754285,0.0038579446041685753,0.00024565491842788923,0.0033015710560282555,0.006867208522744674,0.0019263334280724804,0.0056411575187250524,0.0030972147266832136,0.0037706718553448624,0.002720782138864057,0.0013380863354429476,0.010171278761314247,0.0012746904443355028,0.0016896148646465953,0.007271222159381039,0.003025462401846305,3.868051749406607e-05,0.0030706131260638527,0.0034114024870761407,0.0005882809519659523,0.004603254707544752,0.003230795749436246,0.0,0.010880602375120677,0.00226987253153575,0.00022533335054711342,0.00032774766444725024,0.0035402698703650686,0.009103705417176259,0.0,0.00023183999697773354,0.005819431351119602,0.0019183550333940768,0.0037441667003365138,0.00023151968314706376,0.0,0.0007116154184037131,0.0074478524332550365,0.00324745972268019,0.0017169500358085188
202310,0.02616900124080732,0.0022556695292673067,0.0019252371244275418,0.00073439183639643,0.0035671417205705856,0.0,0.0038761748315689873,0.004069572097161678,0.003971694427608562,0.008419187148030386,0.00039909349897304024,0.001474289740391385,0.0025955568048420703,0.0028589819347390913,0.004620032373719553,0.0017387517555608489,0.0032839069227441247,0.0075810277506744945,0.002687812160729443,0.003570703720626268,0.0005871153119358059,0.0038265430677541673,0.0008267222562839088,0.00044684570079371453,0.0024684745316641897,0.012279133174228636,0.0030677618202933172,0.0004565817818362451,0.0017692841882532913,0.002730753262087044,0.0024047131015114023,0.005174385895689553,6.671302500558804e-05,0.0014321559421010114,0.008538407859698165,0.002477845496644081,0.0009350493566929528,0.003897021895659282,0.005617916106781239,0.0003814649940256572,0.0008849111543213244,0.00012573192938639021,0.0007329456241879655,0.004828044025976642,0.004779936729546259,0.004006112764273134,0.0,0.00047520236301748183,0.0005405465081937061,0.010398475831079185,0.0009613461350502998,0.0030438999213439275,0.005814670063394201,0.005175389842453991,0.002186503743470285,0.00697001285672596,0.0010296350493616165,0.010170924869704404,0.0007041024577790319,0.00045391980214257583,0.003979558973284956,0.0009348444400978938,0.005203043440806966,0.005210337333224497,0.004495427411527938,0.004254155209226192,0.009273990388769537,0.0025633815866997634,0.0037075395430220953,0.0065606549453488296,0.003996430894884452,0.003977177436375099,0.003044410001520397,0.002122539278018488,0.003652407153338539,0.00011302203120279113,0.0028067239580446416,0.0071714835955060735,0.0018131900266827258,0.00490525738201521,0.0027235477776396465,0.003478465733123931,0.0033667185638029673,0.0014619424520321864,0.010154475975011672,0.0009489237419403174,0.0016818242661569992,0.006875746635970155,0.0026067639458943978,0.00016113223283695,0.0030156238004696795,0.0037436658091524553,0.0006668525195934566,0.0045126778506824,0.002628254642702038,0.00017462623681514534,0.012332924850696474,0.0022261520387919422,0.0006955177611025726,0.0009889103188007989,0.005400066065766478,0.009647401538132216,0.00034844349107771797,7.216703450863045e-05,0.005993471280540548,0.002508701975073487,0.0028968407290857136,5.224975804866346e-05,0.00040909428729396307,6.548116892499767e-05,0.008582285784746693,0.0031354419109332963,0.002970849397097336
202311,0.024541404670463438,0.0018278564260683357,0.0016288978126925567,0.001300076173864077,0.003223809060480654,6.074174094558829e-05,0.0032756392687915688,0.003675053200271385,0.003148772702168357,0.008486914030565878,0.0001965787395467904,0.001403300052716259,0.0024375243075231237,0.002634386199534165,0.004617997422350168,0.0013237017002342957,0.002967694167574679,0.006607079884988688,0.002699471764078374,0.00302203031384375,0.0,0.0038045379478159804,0.000402285579033633,0.0003640036830723638,0.002422597337433985,0.012584601301472893,0.0029276232528281216,0.0006395966217717003,0.0018485097807895321,0.002364578345875563,0.0030340365781290186,0.005233141632679478,4.107481028671736e-05,0.001202198789404133,0.009572908233752448,0.0014524641166468281,0.0011551351824839026,0.004369369105617156,0.005743829430044264,0.00032309275045435385,0.0011140815592748684,0.00028374225043980124,0.0009085842800492147,0.00511687281687077,0.004473000671067367,0.004459988153437028,0.0004231197580137146,0.0008271875155817638,0.0001906362038227667,0.010770795016696018,0.004005256398346351,0.0023307057841251274,0.006175323693363641,0.0047330912974080505,0.002351756745094741,0.006871582176786502,0.0011472477399998226,0.011083896169138092,0.0009884976076218169,0.0006893557098754712,0.0032074073500340645,0.0011835288503026728,0.00589182672636714,0.005536092486985493,0.004150207454600285,0.004963602708273847,0.008729815275703693,0.002853113134180454,0.004100110773526432,0.006225916660992091,0.004071893580665958,0.003916062871432684,0.0029584850525219133,0.0020553117682751846,0.004021118422298927,0.0,0.0033233334923138064,0.007916462754265066,0.0015603287420090182,0.004093265977539268,0.002436733570599092,0.003204192795075228,0.003657367284554148,0.0012907235739236665,0.010193942478900904,0.0004908699924736698,0.0018787685991201596,0.0062862169428941,0.0029518668020122596,0.0,0.002823268303223336,0.0034293141558009283,0.0006002629878109836,0.004388429005545836,0.002871724090094577,0.0002155178172298067,0.011712113672746478,0.0023339081092364445,0.0010111445002778641,0.0011150198952480969,0.006860731641793223,0.01039548303536161,0.0005483431347060229,0.0013986970147228986,0.006569440004241227,0.0022638692117691738,0.0018708466507572836,6.848649564629451e-05,0.00034404453275895436,6.427079563576937e-05,0.009809506179307313,0.0036434483892564644,0.003808920174678183
202312,0.023012754851728115,0.0016000601189157355,0.0017644545519033576,0.0017181344093302716,0.003088831954060774,0.00048563972245313925,0.0028900897064560093,0.003518048907630891,0.0029275923561912246,0.007411378256670262,0.0002685460364256234,0.000911134756223558,0.002534869001639996,0.0025794842678729976,0.004753727812504237,0.0006693585944331531,0.003006368017886751,0.006419358488287326,0.0028337849108713304,0.0033950446774569662,0.0,0.00339320886099528,0.0003191923630453755,0.000494933274754556,0.0022132004152716055,0.012730831204871642,0.0028970885447631477,0.0013826635559769085,0.0018334892093504213,0.0023837413609120186,0.0031901691063420065,0.005006241011320976,0.0,0.000815180605875952,0.010097013395951239,0.0012020114301650676,0.0011705883931628215,0.004478750434538588,0.005913920176750448,0.0,0.0011085118686259346,0.0005299411069650541,0.0013083933433196192,0.0047242496641145704,0.00483384070672127,0.00429529305628853,0.0004970071816308337,0.0008593424611354197,0.0018543754499092315,0.010544704808527131,0.0030903636304239392,0.0021539349204452865,0.0058773729356203334,0.004795453162053806,0.002940894154142899,0.005793882216863546,0.0005141560435628733,0.011294941798129812,0.0010360203241552026,0.001042430081735254,0.00302895508020605,0.0016644232401839736,0.005947149687457013,0.006246088166383059,0.004397938778469384,0.004890078267423621,0.009279403141702482,0.0029455956286729415,0.0042793124368529405,0.006318993219570916,0.0038862548293149193,0.003788462980174703,0.002992163725914636,0.0026100996522404538,0.004531819086724091,0.00038271277713359343,0.0034326993350921793,0.008158547403265104,0.0007857377822103833,0.004206305654106521,0.002079041664778778,0.0032357826572687372,0.002785385525151344,0.00024964117641603336,0.0106372204920382,0.000306341548716125,0.0022976961087805823,0.007588230370093605,0.00316597260308737,5.249885743251657e-05,0.0028465335004847275,0.0032621784541778808,0.0005720778969752756,0.003889686405438314,0.0033361186989903494,0.0006839851919173372,0.012444694349456501,0.0021793076128937858,0.0008530447099122389,0.0009089891640586261,0.006357236693652173,0.010590775917934326,0.00024038670000158647,0.0024717162623597855,0.00668293811630896,0.0022916545996445516,0.0018517640942183953,0.0,0.0,0.0,0.010361579168150852,0.0038643523523332873,0.003942832514303221
202401,0.012680260302827318,3.846019878161196e-05,0.0,0.0,0.002799243407831787,0.0,0.0016277991906976715,0.003064167427324752,0.0037140194043697753,0.0068916365644651765,0.0,0.0,0.0,0.0018404357904843844,0.003078633784290742,0.0,0.0033867320251426236,0.0004086737055491322,0.0020111774767142664,0.0026197900011512235,0.0,0.0003936138165312604,0.000267445571153933,0.0001245494403443137,0.001670146056396222,0.010126403141330764,0.00068495769277179,0.0006500670513531499,0.0,0.0,0.0021602839919166884,0.002467806821041543,0.0,0.0,0.0,0.0020793427074171783,0.0,0.0033815498052739883,0.005225997199309773,0.0,0.00012099499591935998,0.0,0.00028541357251695776,0.0028035153022436805,0.0038137368546281576,0.0046822208913435475,0.0,0.0,0.0,0.005918620583114932,0.0,0.001442861803115913,0.005423638026668922,0.003416188069126334,0.0015548121983082108,0.0028378843559345077,0.0,0.006318092132795305,0.0,0.0,0.0006404328586627055,0.0,0.0,0.003362096531618426,0.0019088965425446247,0.0027546547956764974,0.005372708248913003,0.002882716290390818,0.0010851498392221708,0.004250290846635807,0.0031997048739506356,0.002660285671677862,0.001793181251191794,0.0,0.0014318864082685126,0.0,0.0,0.0037842617678498563,0.0,0.0034860156383839003,0.0017507483427463494,0.002298016186797852,0.0,0.0012538480962182546,0.008151559078048116,0.0,0.001877839110243817,0.004991924104444435,0.0008250824915110823,0.0,0.0015888403410040288,0.0022190588240118725,0.0,0.005107634167422944,0.0024581056063653667,0.0,0.0010207450889993196,0.0,0.0,0.0,0.0023009649900877158,0.007184215887449046,0.0002452847322023137,0.0,0.00347785209648504,0.0,0.0,0.0,0.0,0.001042508362960114,0.00469324159098604,0.0,0.0
202402,0.011730318295172439,0.0,0.0,0.0,0.002729919258116625,0.0,0.0010908527474726597,0.002791476588017524,0.00324309672771854,0.007289828995906854,0.0,0.0,0.0,0.0015345407207761079,0.0035049307623986514,0.0,0.0032631406976644283,0.0,0.001961588113014359,0.0024135568644470346,0.0,0.0005782720140541134,4.2817035526202836e-05,8.880895994558439e-05,0.0016424152626034157,0.010033619761693986,0.0009612251283137436,0.0002804662206276651,0.0,0.0,0.002624820253708527,0.002645187182785616,0.0,0.0,0.0,0.0015127251874841653,0.0,0.003372163498713475,0.00499601899931808,0.0,0.0,0.0,0.0005218907239508912,0.002660078302088263,0.0036120970484962195,0.004887946414668134,0.0,0.0,0.0,0.005550902453524423,0.0,0.0017144475775438823,0.005291951306457681,0.0027970512130467535,0.0014339900712636734,0.0029970174013361876,0.0,0.00667736282031954,0.0,0.0,0.0007187906144365079,0.0,0.0,0.0028825866753586383,0.0020393186036986653,0.002180099716305834,0.005273540442875622,0.0036718433297188062,0.0014233321856230812,0.003940874228316777,0.0035638916468890675,0.0025583048270866214,0.001653905442079999,0.0,0.0010346910898678106,0.0,0.0,0.0037687276904360026,0.0,0.0032764102440709627,0.001368897053729126,0.0023848586733207816,0.0,0.0010763669026815706,0.0077204917345684455,0.0,0.0022051576440306137,0.005644747522378678,0.0007937756104835535,0.0,0.0013698733176096462,0.002341986247582312,0.0,0.005885223283862938,0.002348450018953801,0.0,0.001312546442058348,0.0,0.0,0.0,0.0027149062711149426,0.0074175283997552155,5.817939730404716e-05,0.0,0.003535201911549869,0.0,0.0,0.0,0.0,0.0005421902939683995,0.005123498570864651,0.0,0.0
202403,0.009526043960875164,5.087693737357543e-05,0.0,0.0,0.0026392836412160873,0.0,0.0004428100096609639,0.002124283043806135,0.002924171132702506,0.007213949292538432,0.0,0.0,0.0005831344964904363,0.0014625767313094441,0.003641272224684655,0.0,0.003464605374812445,0.0,0.001957585124658923,0.002399723012016404,0.0,0.00037406827695461774,0.00022700721997238294,0.0,0.00162461806941507,0.009927702619873705,0.0004777955629167212,0.0,0.0,0.0,0.002932781567421299,0.002825015469079727,0.0,0.0,0.0,0.0012932499676839577,0.0,0.0034105597831800235,0.005184119326322018,0.0,0.0,0.0,0.0007635882582130595,0.0028949505322878434,0.0030404086428176625,0.004978693974003147,0.0,0.0,0.0,0.004689113697100105,0.0,0.0016251860053000066,0.004781692500675052,0.0023471803936017427,0.0020747859024665607,0.002169143783879687,0.0,0.007070831726296991,0.0,0.0,0.0006604348724634821,0.0,0.0,0.0032909232142050264,0.0018611059815241908,0.0020107779951061564,0.004553080812636699,0.004379071959303243,0.001423937297694747,0.0038820344431208143,0.004172659204371288,0.0024144349056115263,0.0013047397307594647,0.0,0.0010271476674467426,0.0,0.0,0.004092241040940621,0.0,0.0035404504033192522,0.001610658813135819,0.0022283811656746565,0.0,0.0006817527603990216,0.007536246259625509,0.0,0.00225241193404854,0.005238972477874155,0.0004130522941603802,0.0,0.0014863121857620202,0.0018193953437451945,0.0,0.00578146535538202,0.00250693927902662,0.0,0.0017451814422977886,0.0,0.0,0.0,0.002910566004250786,0.00789187336169155,0.0001263492497369629,0.0,0.003875214476913143,0.0,0.0,0.0,0.0,0.0003090565410325213,0.005557742910740445,0.0,0.0
202404,0.009470748424634332,0.00013533358275180424,0.0,0.0,0.002725614766362179,0.0,0.000374436049579008,0.00198816966156511,0.00308776714635872,0.006944386583421238,0.0,0.0,0.0004395002193545332,0.001684764959305363,0.0038024418163055147,0.0,0.003631360610283308,0.0,0.0018858686592020356,0.0024382211733166947,0.0,0.00017157062250758052,0.00040522940283123924,0.0,0.0016673386260538199,0.0099836265037243,0.0004082629512609562,0.00023874808045195328,0.0,0.0,0.0027003894324926572,0.003007616155306885,0.0,0.0,0.0,0.001098908223427804,0.0,0.0033747432992608144,0.005223625250025384,0.0,0.00027793913564387574,0.0,0.0005079291980589351,0.002698881980715973,0.0032194475677666742,0.004405981409829869,0.0,0.0,0.0,0.005765402764666966,0.0,0.0010471825957989664,0.004165807579159264,0.002563635089554818,0.002382108421456218,0.0019697689492728645,0.0,0.007044075011805355,0.0,0.0,0.0007317194636268389,0.0,0.0,0.0031040706844964235,0.0018943981816150178,0.003532273896907588,0.003024432761278507,0.004145163808611865,0.0014266630447112949,0.0037084517432046707,0.0040577394569605236,0.0024951840248266257,0.0013602189962851684,0.0,0.0009281203024813134,0.0,0.0,0.0042218611996643835,0.0,0.0036092651092108964,0.001461981162212023,0.0019030725526505163,0.0,0.0005597971533178146,0.0077867288824016246,0.0,0.0021411754306073423,0.006201017675168771,6.402095197411437e-05,0.0,0.001257403881833288,0.001705778011953415,0.0,0.005468776821722372,0.0027806034409196185,0.0,0.0018023712906895014,0.0,0.0,0.0,0.0030427100117648214,0.008225280034449209,0.0,0.0,0.003630536918841346,0.0,0.0,0.0,0.0,0.0002475636935375559,0.005815441722228454,0.0,0.0
202405,0.009014676631064394,0.00034903308615300785,0.0,0.0,0.0027414509844224445,0.0,0.0007023918395208786,0.0022584192556793993,0.0036089160259000015,0.006907512984071881,0.0,0.0,0.0002977466145099279,0.0017741753303596721,0.0038264186988882427,0.0,0.004267425016127928,0.0,0.0020426907338717683,0.0025364704109042758,0.0,0.0,0.00037544121198219787,0.0,0.0019386776724815147,0.009637327988808562,0.0002869768793213077,0.0,0.0,0.0,0.0024851345944654104,0.0028540870821171086,0.0,0.0,0.0,0.0015248750831945805,0.0,0.0035627910611206438,0.005661567312575928,0.0,0.0002995595515777159,0.0,0.00047902065642343403,0.0022540764718905985,0.003104052697206076,0.004145859895594547,0.0,0.0,0.0,0.005025001563195263,0.0,0.0011975476689181036,0.0034806168597286357,0.002503739349559792,0.002383243989675406,0.0011598625112428165,0.0,0.006513487225955689,0.0,0.0,0.0007144875796216988,0.0,0.0,0.003444318009531285,0.0014276908567732172,0.0028283748808633383,0.0041614817929826985,0.0035676919042296864,0.0005389572760448467,0.003375686648273707,0.003848666543894519,0.002780581510764564,0.0017418632683758664,0.0,0.0007654747668005307,0.0,0.0,0.004009406507368008,0.0,0.0034394313793751495,0.001817216382156282,0.002128572562180529,0.0,0.0009956980662722376,0.008231207597286145,0.0002546067384770601,0.001997914794957787,0.006013921912070702,0.0001379899007324046,0.0,0.0010184389751216767,0.0014225284728208467,0.0,0.005520729465920429,0.0025366221693029684,0.0,0.0013712356930732602,0.0,0.0,0.0,0.0025255969337816243,0.007668595590947134,0.0,0.0,0.004080185928969905,0.0,0.0,0.0,0.0,0.0010737264540819082,0.006252660680497983,0.0,0.0
202406,0.00822424429159424,0.0,0.0,0.0,0.0028434822944605215,0.0,0.000574922999214379,0.001546916757302249,0.0035698651303197712,0.007574225651653095,0.0,0.0,0.00024307504060708672,0.001267554725113707,0.0037285671215668724,0.0,0.004133463159490463,0.0,0.0016383471156851213,0.002432885330817535,0.0,0.0,0.00032190732349928614,0.0,0.0019458911571515198,0.00997113572731294,0.00022261405249703753,0.0,0.0,0.0,0.00280566987088934,0.0029997654617293494,0.0,0.0,0.0,0.0015545936406643052,0.0,0.002968800145969521,0.005937531988480944,0.0,0.0003235628679840353,0.0,0.0005482888252949455,0.0028619970683165627,0.0027454007034670613,0.004062514426676124,0.0,0.0,0.0,0.005102564566731582,0.0,0.0009895404086487437,0.003245470744770154,0.002554576955258002,0.0019984843537735413,0.0016092598381404917,0.0,0.0065655774604409765,0.0,0.0,0.0007273704538268452,0.0,0.0,0.0034510894128504735,0.001225624484279645,0.0018568728809556763,0.005198311540168269,0.002939301147672384,0.0008103969875583587,0.003213502845640216,0.0036360843929335532,0.0025010770957184032,0.0012921642025971786,0.0,0.0002718725183582278,0.0,0.0,0.0042185826981901865,0.0,0.0034372720123367574,0.0013100866710651971,0.002183016414388347,0.0,0.0015365350515801374,0.008065444177455458,0.0003071291742415014,0.0017438729043218251,0.0058375804164846985,0.0,0.0,0.0010411672927939048,0.0011749075177462326,0.0,0.0060335789717491945,0.0027586185554368224,0.0,0.001828387888588764,0.0,0.0,0.0,0.0030351044828897545,0.008037591552908284,0.0,0.0,0.00409205946091214,0.0,0.0,0.0,0.0,0.001530956719120625,0.005890693939784482,0.0,0.0
202407,0.009320938544233989,0.0,0.0,0.0,0.00268293505137661,0.0,0.0003838414426477589,0.0014929816786134777,0.0035699298261647155,0.008008260856887217,0.0,0.0,0.0007190243197002069,0.0014818017329985768,0.0034209311877359777,0.0,0.004247590185213075,0.0,0.0016731636850448035,0.0031033114537649684,0.0,0.0,0.0004745121442323273,0.0,0.0019464994937763934,0.009711973142374368,0.00041399341098409304,0.0,0.0,0.0,0.0021311023403134044,0.003471053104796073,0.0,0.0,0.0,0.0014142260838561395,0.0,0.0032877254818730723,0.005532941328460737,0.0,0.00034434164261309334,0.0,0.0001803689048177832,0.0029836926135934144,0.002421208758030041,0.004647984609052678,0.0,0.0,0.0,0.00437332689357661,0.0007642147068651365,0.0006919807364829912,0.003372620135628409,0.0027284485648921665,0.0017804043051239677,0.0018512887778954783,0.0,0.006572847128809279,0.0,0.0,0.0006973095532560011,2.6460111923732537e-05,0.0,0.0026023531088958606,0.0013184130016083214,0.002147793223473619,0.005103925054204899,0.002437819718529166,0.0008826438094369129,0.0030869203510100664,0.0035019442452620606,0.0024696318997308587,0.0015373962056804869,0.0,0.00026935256644142766,0.0,0.0,0.00409515093117866,0.0,0.0029902104126111615,0.0013953835702184753,0.001914738295446228,0.0,0.001460598700723023,0.008152928543967635,0.00025665159747409596,0.001664497058738522,0.005426817072620099,8.440868739330128e-05,0.0,0.0009096889893140909,0.0011045211563434259,0.0,0.005636228987661885,0.002638271710993656,0.0,0.0015462604573407092,0.0,0.0,0.0,0.003541369787889283,0.008307627784338582,0.0005054624174916782,0.0,0.004180833935610846,0.0,0.0,0.0,0.0,0.002421816369177345,0.005168558538058552,0.0,0.0
202408,0.009086443317739085,0.0,0.0,0.0,0.0024877761205527676,0.0,0.0005242616045748057,0.001795840648869055,0.0035060532172801156,0.007867729267657142,0.0,0.0,0.0004913187379444646,0.0011912171125968887,0.0032868536617873733,0.0,0.0041232867329973645,0.0,0.001357796151571139,0.0032061309819963646,0.0,0.0,2.1884944110063937e-05,0.0,0.002024899545520838,0.009330456876241622,0.00045371651831097536,0.00019483886045862668,0.0,0.0,0.0013557405166897385,0.003410626628530836,0.0,0.0001384115066839846,0.0,0.0014029043696369638,0.0,0.003221998113645753,0.0056706092551982645,0.0,0.0,0.0,0.00038402401769116305,0.002882043732222209,0.0020318352872090136,0.004749037814687019,8.366292916733187e-05,0.0,0.0,0.0034680510921580353,0.0,0.0005312433293963655,0.003115206830922583,0.002222167329872032,0.0023159534638366643,0.001293809389258869,0.0,0.006795665764069413,0.0,0.0,0.0007468356932794868,0.00013995356588759536,0.0,0.0022567021122557557,0.0008302034411122858,0.0023130346290357764,0.005161494292166077,0.003054106155778676,0.0010350826137810322,0.0032356156973372876,0.0035609059215995545,0.002491902091039428,0.0012541805143842647,0.0,0.0,0.0,0.0,0.0037110132430214263,0.0,0.0030058945627705847,0.0014422858557768755,0.001654251112878493,0.0,0.0014561177646566495,0.00844565337651501,0.00035664799906955997,0.001303794003161225,0.0065205133553707184,3.105117270312054e-05,0.0,0.0008900858062652039,0.0013879967158575968,0.0,0.005950716161744654,0.0030491132289261805,0.0,0.0024351284651731283,0.0,0.0,0.0,0.0038845901494680268,0.0083003644263982,0.0002781027973764709,0.0,0.0037632328046641847,0.0,0.0,0.0,0.0,0.0021843988745908253,0.004982428339864003,0.0,0.0
202409,0.009173250414192612,0.0,0.0,0.0,0.0026078706630504557,0.0,0.00044163345922447315,0.002113058473265587,0.003332114124071117,0.0073180296306949565,0.0,0.0,0.0004799475476409056,0.0012410324974117118,0.0029904326899477638,0.0,0.004096402794051348,0.0,0.0009065796232431168,0.0037575984752068726,0.0,0.0,0.0,0.0,0.0020306429903373456,0.009075499818192287,0.0004416171953893329,0.0003254109325050897,0.0,0.0,0.00035528109830711667,0.0030725381688272687,0.0,0.00032792190469021126,0.0,0.0014438757597631153,0.0,0.0031724050607872434,0.005602135355903261,0.0,0.0,0.0,0.0004040494686215537,0.0033124507718703742,0.0017829897620012971,0.0051109491695007035,9.600278258750388e-05,0.0,0.0,0.0035539467798638676,0.0,0.0001441643623254113,0.0031792390334237945,0.001838640057552268,0.00241975701249869,0.0010739901369610117,0.0,0.007777518773339493,0.0,6.186059089016765e-05,0.0007628639146485335,0.00043120993712767743,0.0,0.0026014138929480865,0.0005373924622885878,0.0028622784523485204,0.004588047966327547,0.0033202467455686374,0.0013137966671686555,0.0032567504846971133,0.0036062282622198157,0.0023794741293060684,0.0013512722203883592,0.0,0.0,0.0,0.0,0.003513358268941838,0.0,0.0026395061959432484,0.00145128401318189,0.001487617817221113,0.0,0.001124398675744908,0.008391177537959859,0.0005854048124263613,0.001100094663258569,0.007105628398780786,8.80562641155362e-06,0.0,0.0009234377305579228,0.0013720693747746417,0.0,0.005231152244368119,0.0032756520522543493,0.0,0.002444796107546533,0.0,0.0,0.0,0.003855638103252332,0.008288851260868445,0.0002638626561339491,0.0,0.003761943896903464,0.0,0.0,0.0,0.0,0.0023328199349096426,0.00510822003652422,0.0,0.0
202410,0.008250296706287028,0.00014351869312425938,0.0,0.0,0.0025177540212421748,0.0,0.0005477338597661004,0.002311024140198075,0.00319828901117698,0.006779274057166731,0.0,0.0002635687820163263,0.0008173574394983803,0.000994890242495538,0.0030666964408960894,0.0,0.004095714464852545,0.0,0.0006445253588399652,0.003777386272400532,0.0,0.0,1.428277158001052e-06,0.0,0.0018768275609197633,0.008849157640565817,0.0003054782263214887,0.0009770693661659252,0.0,0.0,5.5743814328986273e-05,0.002688597798650524,0.0,0.0006988701511578355,0.0,0.0016492696057130033,0.0,0.003213684983503264,0.0055263322623524975,0.0,0.0,0.0,0.0002412767871377611,0.0029977905919350706,0.0016561592524455002,0.004716923795034963,0.00036342742737961557,0.0,0.0,0.003177218982828394,0.0,0.0,0.0033406673317417025,0.00142013397956851,0.002569885862432794,0.00045863099504958604,0.0,0.008291326334086187,0.0,5.17854376194577e-06,0.0009631848955836862,0.0003928086671235308,0.0,0.002871823276028698,0.0003531269196748784,0.003190590308070705,0.003979169565997352,0.003698050669094563,0.0017002910944989983,0.0036724044343265936,0.0036742230938392817,0.002664774231373554,0.0014662520116869443,0.0,0.0,0.0,0.0,0.003613568001612119,0.0,0.002328896229027787,0.001238465892337783,0.0013125305279119304,0.0,0.0008958538529008138,0.008365682563298516,0.0005438684735592485,0.0014442141236720065,0.006891313497932009,0.0,0.0,0.000983577772093999,0.0013560866912799086,0.0,0.004706930751916738,0.0035555905249983915,0.0,0.0025254825566662768,0.0,0.0,0.00024246561017062936,0.004030522904877529,0.008462966903697874,0.0001693491929257507,0.0009571155098761429,0.003743890284054883,0.0,0.0,0.0,0.0,0.0018417451083159878,0.005406942210917739,0.0,0.0
202411,0.00922307502527863,0.0,0.0,0.0,0.002831449292696311,0.0,0.0007178924580835811,0.002118154266130349,0.0030795934376069006,0.007239311227623268,5.9734637266862274e-05,0.0004521416820196053,0.00112846372208659,0.0011794635932523198,0.0026942425376977443,0.0,0.005039150956312667,0.0,0.0011629932688992971,0.0042208334044046645,0.0,0.0,0.0,0.0,0.001734926593280532,0.008970933189777198,0.00031909298529427546,0.0017160677443380497,0.0,0.0,0.0,0.003592261700146446,0.0,0.0007748196392350387,0.0,0.001477937875278008,0.0,0.003477203036089222,0.0060467164232601844,0.0,0.0,0.0,0.0004167137284398028,0.0030053777502006196,0.0018301298817862454,0.005291358012060843,0.0002890263328997928,0.0,0.0,0.00307409834394726,0.0012302960080373096,0.0,0.003716305271800091,0.001250599091859903,0.0026152337151397888,0.0006457204058791789,0.0,0.007270143157183922,0.0,0.0,0.0008554566393156916,0.0,0.0,0.002300702769930726,0.0004366239580999588,0.001982921697690456,0.005241727756300893,0.003498686843177751,0.0011317047434891729,0.0034734061710267063,0.003698332528916265,0.002840396359796726,0.0012966162447489349,0.0,0.0,0.0,0.0,0.003931582227795212,0.0,0.0018971653439902535,0.0014168727506130513,0.0010588226322343116,0.0,0.0013547115678235369,0.0077714277363147245,0.0002930360602925416,0.001183626285363365,0.006998960031002931,0.0002790097992489754,0.0,0.0007780797133210394,0.0014008083149454188,0.0,0.005845892510922419,0.002944618116252296,0.0,0.001917779604672277,0.00011579636769919076,0.0,0.0,0.0043690565850233115,0.009156066062422837,0.0005283038904685187,0.0006015673089196874,0.003412785420756415,0.0,0.0,0.0,0.0,0.002864234531630504,0.005062729724228527,0.0,0.0
