yyyymm,AM,AbnormalAccruals,Accruals,AnalystRevision,AnnouncementReturn,AssetGrowth,BM,BMdec,BPEBM,Beta,BetaLiquidityPS,BetaTailRisk,BidAskSpread,BookLeverage,CBOperProf,CF,Cash,CashProd,ChAssetTurnover,ChEQ,ChInv,ChInvIA,ChNNCOA,ChNWC,ChTax,CompEquIss,CompositeDebtIssuance,CoskewACX,DelCOA,DelCOL,DelEqu,DelFINL,DelLTI,DelNetFin,DolVol,EBM,EP,EarnSupBig,EarningsStreak,EarningsSurprise,EntMult,EquityDuration,ExclExp,FEPS,ForecastDispersion,GP,Herf,HerfBE,IdioVol3F,IdioVolAHT,Illiquidity,IndMom,IndRetBig,IntMom,IntanBM,IntanCFP,IntanEP,IntanSP,InvGrowth,InvestPPEInv,Investment,LRreversal,Leverage,MaxRet,MeanRankRevGrowth,Mom12m,Mom12mOffSeason,Mom6m,MomOffSeason,MomOffSeason06YrPlus,MomSeason,MomSeason06YrPlus,MomSeason11YrPlus,MomSeasonShort,NOA,NetDebtFinance,NetDebtPrice,NetEquityFinance,NetPayoutYield,OPLeverage,PctAcc,PctTotAcc,Price,PriceDelayRsq,RD,RDS,REV6,RealizedVol,ResidualMomentum,ReturnSkew,ReturnSkew3F,RevenueSurprise,RoE,STreversal,ShareIss1Y,ShareIss5Y,Size,Tax,TotalAccruals,TrendFactor,VolSD,XFIN,betaVIX,cfp,dNoa,grcapx,grcapx3y,hire,roaq,std_turn,zerotrade12M,zerotrade1M,zerotrade6M
200001,0.05400044793189527,0.0040529567041249215,0.0015915770068335498,0.00825763410310475,0.015746482185615484,0.010688270347603473,0.010414429785001575,0.007549769042505258,0.014438144722537783,0.0052380834855906555,0.0002079899431627882,0.0006179887101210118,0.008519122548290637,0.011652843569323211,0.0,0.007396385498771486,0.011015665776162255,0.002460674909441641,0.0015950039826370937,0.001119921671435956,0.0014490593357151446,0.0002191582154096744,0.0017269512179338747,5.2106858594666466e-05,0.0049878126275878535,0.015812967251565224,0.00022209554168387696,0.004701073732612775,0.0005264071166952745,0.0021076623477182463,0.00039289813062399164,0.0005048784569935609,0.0006127380496501445,0.000890507415585202,0.004990635431117626,0.010196854620871589,0.003356828219549873,0.0006365167672835168,0.010217057075015077,0.0005965456814052675,0.006229402010181486,0.00028911695366985,0.002811166199343926,4.4402249053843175e-05,0.0052390155616453445,0.004650723072042486,0.0024586898327138536,0.002549944814333963,0.01897418444290205,0.002192170642056258,0.01268997751500274,0.005002573783444151,0.030237439791295496,0.0010265481665857458,0.0023043850172555116,0.013241024677384373,4.9045800085610376e-05,0.004385652060223924,0.0016273220635252457,0.0006289571893241575,0.0,0.0032990878387628014,0.01600289397898317,0.0022080044203714195,0.00213767128255713,0.009210501657789177,0.009280110464257882,0.011673002123743222,0.005927981111906609,0.0008477373948336482,0.012133644658239918,0.007649206627195206,0.0064311785246558735,0.007748510246294682,0.0039894890481527,0.0027445396443782823,0.0005763396198995622,0.003950036589842825,0.0033116168371410785,0.00394670739692373,0.0035816208617358556,0.0023321890434827817,0.0030554935502520864,0.001482193791689393,0.01696328214184131,0.0019763590277078855,0.0029995851428244336,0.012477221489281171,0.002040667858180918,0.0012995149511755841,0.007323344619564829,0.003190351756277286,0.0016288523793402574,0.023130396633713024,0.001765892002642026,0.006939917465481721,0.002105381374480019,0.001189874703698551,0.0028057962254212122,0.015520299282127111,0.01373974737511297,0.001397833765284886,0.006361336383674973,0.0020966932376876896,0.0,0.0,0.00109612029291359,0.0035813772714359377,0.017919181494859722,0.009839533812136219,0.00113828796918178,0.0032394454443662856,0.014175648443632434
200002,0.05403909175732021,0.004347894929222184,0.0018729267295905967,0.008069345593965539,0.0156752175682691,0.010774102560055667,0.0099464589324154,0.007523831944519415,0.014458163454834139,0.00497955662400429,0.00017133270111081722,0.000540145510153222,0.008732524991282447,0.011514819477103285,1.48250299541557e-05,0.007827723963652151,0.011155032831954967,0.0028540593707542463,0.001411455799779004,0.0006424386159355642,0.0014665464715825644,3.230074338676938e-05,0.0018098603904593495,0.0,0.004992524210667885,0.0157848446526918,0.00026086763956604094,0.004645907622319558,0.00030198419333099714,0.0019808837905734723,0.0008167797220252242,0.00042127465633194866,0.0007231717383425074,0.000358298699880756,0.005262307337854469,0.010003855699264298,0.0034311832293909654,0.0006571872837335641,0.009960184052836286,0.0006889796439078417,0.006301431489773959,0.0004150797288745272,0.002601033244013906,2.2727039660479146e-06,0.00527961196630295,0.0045989528556469,0.00257584806784534,0.002543142793443512,0.021283072077164858,0.0014592576530536808,0.013634367721727199,0.004669317197482108,0.030297375133610856,0.0011306724438157512,0.0028630753617619833,0.013482092905414456,6.397877561746314e-05,0.0047787708481219614,0.0014960074532724007,0.000683226708952013,0.0,0.0032338850489049714,0.01558988870571614,0.0037331992171253346,0.002119663584072483,0.009601185603097598,0.008838151865251944,0.011892040178243383,0.006169508821495733,0.0007444178194349712,0.012398495099341987,0.0076978923948285045,0.006530234822030701,0.007691014565016968,0.004065915360296675,0.002973160541742849,0.0006659757693459927,0.003473623671618534,0.003603752228467498,0.003832445643305818,0.003576933066011487,0.0024484039311571267,0.002603085991950584,0.001534467676782401,0.016632838363097095,0.0017367824087331715,0.0030680286179777016,0.013180909683224483,0.00217759830658336,0.00168588347521075,0.007319804940235287,0.003160617860367294,0.001827549234746157,0.023273066264422423,0.0017540875850726955,0.006788754233403868,0.0015948397499808294,0.0010127710394947957,0.002763082749016197,0.01547821566506988,0.013970454091601102,0.001309132070220149,0.006348846148893136,0.0020268069859626908,0.0,0.0,0.0013741581989239581,0.0033555122337368686,0.01776541987873289,0.009634350280808238,0.0005612156488378072,0.0037510921378611,0.014781606856397563
200003,0.053992394562602714,0.004628725443829403,0.0019714872887352463,0.0076792195413390866,0.015544830136226949,0.011290748493270145,0.010254198187108909,0.00735762089767201,0.01447890181186652,0.005074524568372801,0.0,0.0004108545357733806,0.007888853462167706,0.011915428284182593,0.0,0.008498053630231964,0.010976438551653056,0.003049186612823699,0.0016751962414635294,0.0006279001770026567,0.0015282685724213024,0.0005319004383477516,0.0016567341387000458,0.0,0.004951705062360129,0.015604506186626177,0.00023547333751396484,0.004387785932116936,7.266907926201689e-05,0.0021117377039328255,0.0006791796700197492,0.0005484182288368115,0.0005732415170613432,0.0006295313706379796,0.004574874751028913,0.010119871738147533,0.0031035247574774808,0.0006374386700032202,0.009992212896993041,0.0005900813895475342,0.006743138227604141,0.00047667789993438445,0.002301584658994019,0.0,0.004785541954318642,0.004324647188670597,0.0025763659993297025,0.002340741615012474,0.023651033061207326,0.0023112820442075977,0.012123312614026015,0.0047230099115385315,0.030148603866888904,0.001774557056156637,0.00287316785323785,0.014111569537938488,0.0004997827172609936,0.00503586446925415,0.0006158115165807109,0.001450075830435669,2.6573968784212707e-05,0.0030931975909389655,0.015401497752030183,0.0039044972745580727,0.0021907022115747275,0.008435595698417064,0.009493634199302834,0.011394562593500659,0.006485252177205386,0.001108477931640728,0.012401056050348077,0.007744046635940711,0.006471827281219086,0.007898247944143823,0.00413255451387956,0.0032885773581336386,0.0004782886584965855,0.003452081667003198,0.0032906845829857325,0.0033810007681030606,0.004183441094980698,0.0026193232536557386,0.0028588725540550928,0.0017943994117031164,0.016340330166515846,0.0014869282436557553,0.0026443412001871686,0.015282533594607779,0.0024661204998295706,0.0015429209408663104,0.007203181992141698,0.0030187047622528195,0.002164651651128599,0.0232226912608894,0.0017603598000607845,0.007137498003078696,0.0016661756072990572,0.0011583492666066033,0.0030236289690394958,0.01551536563051032,0.013211071122090237,0.0014676288185054755,0.006169670215612312,0.001861275364437831,0.0,0.0,0.0010432734248534163,0.00321192713124321,0.017202816401580844,0.00916239300066751,0.001342246249930933,0.003393950723212235,0.01418750698277349
200004,0.054445651199482206,0.0046393120758825394,0.002243668841988936,0.007438169567576871,0.01540069637454607,0.011056112252399438,0.010146209792412257,0.007241159822384211,0.014560024137901242,0.0052102020030012006,0.00010094375273014319,0.00037181166303486166,0.008166224716479542,0.011770788169294397,0.0,0.00905682450875356,0.010574373378312272,0.003344866628815777,0.0016581790835984989,0.0011488691243051316,0.0014492771880098732,0.000532407293293798,0.0017521625007494213,0.00024134879380177887,0.004925240212161883,0.015316388501320659,0.00038436856887359293,0.004304077553998906,0.0,0.001878479377224381,0.0004153187113067245,0.0004560030253323428,0.0006206679234583797,0.0007187024982686721,0.004881724405774448,0.009633205213501585,0.0027079771721308797,0.000669985423513356,0.010193311324071887,0.00039336516662806737,0.007181466213302285,0.00032870151645801376,0.0023837275038578066,0.000568499261972145,0.004495622030557393,0.003916628596813938,0.0026126236327965813,0.0019199215087743425,0.02327587179815618,0.0037767125954248663,0.011043031033672261,0.005106358286324012,0.030583919975466996,0.001706839841287636,0.0025910243013614414,0.014450172922053932,0.0,0.005923027135887041,9.559175254759324e-05,0.0013133903990743597,0.0002000337989804955,0.0030240805163442,0.015598640468591145,0.004134975595275679,0.0024533361377305826,0.007623858286161063,0.00961359179289061,0.010926159036804986,0.006848453475976792,0.0009015753474015116,0.012605156036464903,0.007809689006362602,0.006308722351888266,0.00825074304273239,0.003667101035352569,0.0034123907882063643,0.000544985071393987,0.003166097536155208,0.003400060169477697,0.003211232570897831,0.0040911289106195705,0.0024057443738669613,0.0016719592078458315,0.0019034825389147758,0.0165489218798327,0.0014455207041333689,0.002161404647683192,0.01496520694434414,0.0022070413773315183,0.001622872822088119,0.007091681044255634,0.0028785714287032937,0.002430936178218323,0.023217570156107037,0.001907197011157777,0.007189964066990393,0.0023877433631377992,0.001201303292661787,0.003271145279276062,0.01613253168271396,0.012763741035590281,0.0017530831964113623,0.005955948233937953,0.002302729237404671,0.0,0.0,0.0005827967977763146,0.0031771791747653663,0.01657447908957822,0.00853293582835296,0.0013362425247529747,0.00302303337357111,0.013442797864041657
200005,0.05491972398001598,0.0046396039126507145,0.0024963616079654305,0.007421217148841792,0.015325648966235537,0.011298908955749587,0.009746478419812857,0.007698543622053484,0.014464967091058043,0.004961218100640295,6.319772919695987e-05,0.0,0.008345508644390756,0.012096292468921967,0.0,0.009164130676125226,0.010710263769793697,0.0031598711058334486,0.0016312449824175713,0.0013152337246993434,0.0014732408711839863,0.0005585990118350501,0.0018820596204135033,0.00026680781520944057,0.004956142310379334,0.015397022987731742,0.0005036315440520543,0.004448986635646174,0.0,0.0019388575685731035,0.0,0.0,0.00056818748863267,0.0007526094519212282,0.004719707302195705,0.009539690495858006,0.002744182273881167,0.0009679276495829347,0.010188030852124491,0.0004133691585598729,0.007294874364380043,0.0006471989986927177,0.002517466929489735,0.0013327314396886169,0.004581262990444301,0.003911493318758343,0.002802583425851891,0.0019181499590479616,0.021753400541537446,0.0044032279172413055,0.011100049103845913,0.005293214304980851,0.030092857002365265,0.0016071072070475629,0.002559364044857059,0.014573036892454623,0.0,0.005699130928701847,0.0003292575822224792,0.0008430804820393593,9.575998714474597e-05,0.0029881906446068023,0.01578172793840942,0.003849824512063345,0.0022519683251030656,0.008081248989454446,0.008626517537076338,0.011170535618835081,0.006615118589052558,0.0006158313828858555,0.012968253872988725,0.007938769858983737,0.006221621060296711,0.008073731810440299,0.0035053157698069592,0.00284254601083317,0.00072389198287195,0.0029516320682000914,0.0035293806926181494,0.0033290190943348853,0.0042774335538637125,0.0019497967116366274,0.0004726026503049013,0.001773528344549034,0.01700144587083236,0.001468006121035396,0.0021815556648120487,0.012912713886903507,0.001771516360804866,0.0012134727859962687,0.006642613624999528,0.002881404719162309,0.002534526886860884,0.023594242914467177,0.001916337267457387,0.0073928544457029025,0.002118261204763844,0.0009477143519530471,0.00312259583461513,0.016426934615953986,0.012726072647604841,0.0013132356839003463,0.006079026167720301,0.002407050605963652,0.0,0.0,0.000676432546465438,0.003296655542261049,0.0169423773429756,0.008332189514389632,0.0012636795343671527,0.0025534661119830326,0.012877217540751905
200006,0.05446001587032389,0.004744209963707988,0.002377329530199139,0.007719541434056165,0.015227870503204613,0.011251067730128144,0.009740238096037718,0.007895060807642828,0.01485153408800492,0.005528541561833312,0.0,0.0,0.008544343223953107,0.011802542355233604,9.004814363729522e-05,0.009575853023452086,0.011043978608992302,0.003165967585154704,0.0017343090135180112,0.0015189895270254989,0.0012327631372790456,0.0005855306000767309,0.0018571081177216112,0.0002506725419122118,0.00467283941850665,0.015221028751904194,0.000610142876222362,0.004365173572162442,7.622880629342404e-05,0.0020830429004752584,8.327890651241317e-05,0.0,0.0006562670903459382,0.0007472444581536729,0.005168139016217876,0.00992191259605352,0.0025397826129684034,0.0009759323899070872,0.010194228718606611,0.0002701001658447566,0.007083139054245902,0.0002476871886075241,0.0022414486176589006,0.0010317683510723912,0.004425729800909186,0.0038671763705479725,0.002672552526956613,0.0021376906633904695,0.022333653023339645,0.00558372224535126,0.010846377844434445,0.005458469397249078,0.030318770870888127,0.0013774171146697326,0.0024515203696692154,0.015173675958645681,0.00025098037171081175,0.00552260341120159,0.0,0.0008508327518569576,0.0001420468055736379,0.0033379315914977828,0.016084084145245415,0.004041258844556075,0.002258210297785085,0.00800998813672612,0.008546789079078082,0.010862966542764097,0.006233060253819418,0.0007310072626826664,0.012941510425162155,0.007868757595503382,0.005861065192863563,0.00812491453534976,0.003358649204711145,0.002891608982325083,0.000684194468009142,0.00336912664652714,0.003673847213944999,0.0032506631266575395,0.004724703612175341,0.002018026958891105,0.0015661504403108927,0.002207781524997047,0.016941474325893324,0.0014911140245301873,0.0021783825220898765,0.01315254202663031,0.001542428074090357,0.0014977385371394295,0.006832504406474805,0.00283862619130191,0.0026898512076578077,0.02370624734344932,0.002032796933265406,0.0073288947649241465,0.002177320599353085,0.0008353887697894874,0.003251439655813061,0.016390254777704793,0.012506790026140616,0.0014392104274137316,0.005899063433992035,0.002563149327019288,0.0,0.0,0.0007872158870648377,0.003202942306014756,0.017022938426396433,0.008509050035353776,0.0009133643863951413,0.0027814337659595313,0.012946078546991993
200007,0.0541085012439367,0.0048465103633141115,0.0026852493644733996,0.00765348284900804,0.01519404698217018,0.011418287694841541,0.009663760773324297,0.007634936209504455,0.014879866555216819,0.005627371620731349,9.756162409542104e-05,0.0,0.008498610018338468,0.012167326573096125,9.006832059276248e-05,0.009978228860627774,0.01116184089943755,0.0029932635370036463,0.0016019687354052938,0.0018548840361696866,0.0011719787486862841,0.0006129583969666283,0.001981995857825299,0.00011705269574688155,0.004655129470900809,0.015671142268954635,0.0006915539986837407,0.004276129609593608,0.00030194004121337516,0.0019895125575668518,0.0,8.656878966561209e-05,0.0007482975303007724,0.0009958969066554925,0.005395043702649533,0.010030822524104647,0.002441596026352607,0.000834781311048899,0.010247274896134705,0.00022800158681745138,0.007120075505905547,0.0003991067990286849,0.0022176957181381626,0.0011460480662769642,0.004354828912435128,0.003801202686974221,0.0025290290007926,0.0025343859912379967,0.019519396938520166,0.006005741820816432,0.011535018764725204,0.005379289745410688,0.030297246554838043,0.0014672536421195916,0.002947242274238093,0.016033719478432632,0.0,0.005877723347651768,0.0,0.0005123056377027859,0.00010797397467850664,0.00321130864489333,0.015474685324784593,0.004112011285672767,0.0023214723552931254,0.007645355668178722,0.008266623775534125,0.01058792037391582,0.006509095293638236,0.0004553154034878289,0.01296742573854884,0.00747071541057188,0.006009168058417937,0.008015967834081377,0.00356863392926314,0.0030588848987819876,0.0005968982257760853,0.0036183053813922754,0.0038173471178263698,0.0033831581195948018,0.005214883966063319,0.0023828418785911453,0.001396170108399668,0.002298049086374964,0.017340643492546295,0.0015218253365278816,0.0022884062333306614,0.009569593264964975,0.0016739030801699209,0.0018794557387643825,0.006894675547297369,0.002617575861914247,0.003079264384326358,0.02378605621533396,0.0021926337476044747,0.007457921062221551,0.0019401751520377046,0.0008949322612934056,0.003681032772741864,0.01683797403691529,0.01253102948375534,0.0013836134951648114,0.005621724515704345,0.0019665139922772448,0.0,0.0,0.0006269135025261586,0.0033515236725281416,0.0170247636406777,0.008489874534096657,0.0007984877976036573,0.0027949971723853252,0.01269602499134111
200008,0.05372167666175035,0.005280505863940512,0.0025907201360410464,0.007561613110396638,0.015074205894502944,0.01170534833898977,0.009229142849479255,0.00730987317732239,0.014492371869807025,0.005494480324963418,0.0,0.00011852571306199383,0.008978023073497376,0.012274114306542476,0.0004987170807506495,0.009951003142887861,0.011491242781456704,0.003052213480646032,0.0015198434434824228,0.0017812311721963974,0.0015917477418221338,0.0007096145794360936,0.002002491480123953,0.0,0.0045718255421329694,0.01574656189896143,0.0008963047461124379,0.004220589025985198,0.0004866950570946687,0.0018903139249187566,0.0,0.0,0.0008207823299231562,0.0010068764264969698,0.006118503987799647,0.009542726930646237,0.00234689557003575,0.0009311828354144986,0.010263298952153206,0.0004324884757039899,0.0067967082707459684,0.0005445046996980147,0.002124893704675804,0.0005276818861078391,0.004307888286725538,0.0037849553901301595,0.0025108968751613656,0.0026758084049583394,0.020123558488912705,0.006191039242771243,0.011177364283420454,0.0054610044185865675,0.030673468672233126,0.0013248272333201993,0.0032898430964426856,0.016280840375083466,0.0,0.0060297227574679715,0.0,0.0009048413086424664,5.0485298631034196e-05,0.003341908175690852,0.015179560122539452,0.00313500369171769,0.0024096713856538382,0.007431186662317093,0.008138435106899095,0.010379613754280436,0.006636613272065371,0.0006311258612573059,0.012951359759551754,0.007548455901080408,0.005945134013271951,0.008091996121470497,0.003699174068884946,0.0029621903195396642,0.00044148250487669,0.0034842496131073054,0.004130684577063996,0.003436677771687392,0.005210165748387159,0.0025314631817975873,0.0020164476426779336,0.002290236383036703,0.01759305807832196,0.0014490854393649766,0.0022507025692624595,0.011043982643331687,0.0013817396609952211,0.0017679329253646706,0.006786509113407785,0.0025722901262685443,0.002939429628546356,0.023482607121447775,0.0024070212703282347,0.0075579598246797025,0.0016165655092281821,0.001074944734590976,0.0037322580740089427,0.016555591799504558,0.012854936567461102,0.001286542034476212,0.005617571116129999,0.0019315496022376051,2.0421389653028195e-06,0.0,0.0005986398526049511,0.0032621299173824503,0.01701625691876426,0.00887550862423111,0.0008968369519032248,0.0023942946739162973,0.012330681485454159
200009,0.05477702178327464,0.005182164313778018,0.0032238551941929203,0.007811867978219197,0.014981793595867786,0.011456558263493241,0.008925486201319999,0.007358353875902811,0.014073096209308984,0.005598155021305359,0.0,0.00012572601363998004,0.008630842950633117,0.011769619392547418,0.0006002249318749848,0.009935520833981668,0.01157588928290012,0.0032420928755018527,0.001272483219270063,0.0019028022546987596,0.0015561365604677662,0.0008503081275253599,0.002110872378011318,0.00012270212964642367,0.004390771540642424,0.0157554980840954,0.0008992908032327386,0.004099578305131018,0.0009772999306504868,0.0015679234318075462,0.0,0.0,0.0007551666883480804,0.0008279027483349067,0.006259379177751798,0.008980145299409617,0.0022411290337133916,0.0011144526239342115,0.010269451206163013,0.0004489373158371274,0.00677265857914622,0.000704770353435437,0.0019058535245158915,3.700942816749181e-05,0.003933267717291754,0.0037742558062033946,0.0027453111508047266,0.002472190618559867,0.020924619115117032,0.006132395977251902,0.011900959945444184,0.0057041882745676184,0.030820179000039177,0.001339459530851388,0.0030368179040082617,0.016149018725289663,0.0,0.006186259834206217,0.0,0.0008168185365332017,0.0,0.0037201874268860493,0.01678448397474304,0.002877455964753592,0.0022100225606478383,0.008366351608556491,0.007675498982393422,0.010517916489489113,0.006632921835663936,0.0005680720469748242,0.013291472139428271,0.00791605276857544,0.005846345756296726,0.007856900253608032,0.0036806531065212375,0.0030665882329216068,0.0007105551611034657,0.00351503230155293,0.003939659492231095,0.003500276715325764,0.005260927811269637,0.002540213213612921,0.002661438171811689,0.0022514052836601923,0.01731869523348944,0.0013446178320899317,0.0020644177473587897,0.01221178831615516,0.0013338217946413829,0.001871161276719477,0.00685463745649725,0.002482449214990799,0.0028887647929475464,0.023211531432371212,0.0023776386485980365,0.007643306961607175,0.002227802231955282,0.0011275739380766164,0.003881211011201329,0.016349049809098508,0.012769755994934007,0.0014743407693082633,0.0056888727806931605,0.0019951750915477673,0.00014949316375290625,4.07869445957762e-05,0.0008397135169112591,0.0030530146443062977,0.016624586041781617,0.00869502421127569,0.0001865045994446053,0.0024261766232134985,0.012507690850348184
200010,0.05533557804144727,0.005195066753666897,0.003212339452383909,0.007668018795854962,0.015115382339613502,0.011183111413399425,0.008642025035839418,0.0077678357363298025,0.01391744590650479,0.005901085645124117,0.00026623178091964684,0.0004205565981498234,0.007931718745130037,0.011714619553219034,0.0007905810181917636,0.00966516245497838,0.011671017695089731,0.003710508211690898,0.0011983346217105545,0.002088924991085224,0.0014972635397880471,0.0005083237299208937,0.002107885857827752,0.00016890539537784454,0.004483068677123171,0.015488608789980153,0.0006071913045765823,0.0036941960383469626,0.0004728904970080325,0.0017720471798764285,0.0,0.0,0.0008551884795272936,0.0005807947783322638,0.005729580265084729,0.008856949763042975,0.00206867784168319,0.0012548943682171834,0.010044959177191535,0.0005264894841447145,0.006485281455001157,0.0004537132139825994,0.0015980348842245127,0.0004948396750999085,0.003649832231580194,0.004340175716919685,0.0027437343154251156,0.0025604105493347005,0.02082597856220654,0.005966501234361238,0.012361004374017364,0.00550749206635687,0.030979743580719442,0.0015131490766746994,0.002619967721651961,0.015434202727272753,0.00015781473533863521,0.0064048076910649225,0.0,0.0006528816368566792,0.0,0.0037186694543830164,0.016915050265763322,0.0025805950317998013,0.0020054509434992234,0.00863389726058672,0.007829143888202128,0.010821622135179286,0.006494742538113747,0.0005682116924873949,0.013205221648738542,0.008212970865015132,0.005944152387627083,0.0077730346631095844,0.0038703029223455167,0.0029349037730556937,0.0009822953588261279,0.0039432448531725355,0.003507456115111644,0.0032296470718406003,0.005476674235054116,0.0027661886688618146,0.004381652433035818,0.0025688416623970626,0.017135551913930996,0.0011088661479553587,0.0019305319235951666,0.013155994462904544,0.0013624449443876763,0.0020079020781703775,0.006787725201793509,0.0026736123020779812,0.002666604337115732,0.023422350389357197,0.002599057112891665,0.007612611742793036,0.0021754991499309587,0.0012864300896706495,0.003608430798697733,0.016575034919239978,0.012952451552482149,0.001728647493583231,0.0058388489406367575,0.0015189020145548768,0.0,0.0,0.0010347547696308516,0.003085742287932087,0.016402216262531376,0.008798573780722654,0.0,0.003208199728545535,0.01302603724908515
200011,0.05630155217210191,0.00535439036674533,0.004219514323094195,0.007616740907448493,0.015127786093311245,0.011223167044103822,0.008742336481989644,0.007614057772743219,0.01407672039704388,0.00632632454958119,0.0004956635515108299,0.0006977189358542733,0.005976793996762347,0.011795518746847772,0.0003817741146698108,0.009679352641720136,0.01225780900338939,0.0043503966260967555,0.0009308520528546923,0.0023985869758368877,0.001999384978640196,0.0006854740504648774,0.002554730356893375,0.0,0.004308417489626711,0.016768186390427042,0.00040783925608888985,0.004517862527025938,0.0009463865064012806,0.0014068749643445105,0.0,0.0,0.0010657228176630027,0.001183394987513782,0.0062654551981370325,0.00859217062219084,0.0010462897654649537,0.00022218652473798774,0.010020402880736834,0.0005990653172307654,0.006446201041300213,0.00022116693566789472,0.0017329847614822673,0.0009064210510661401,0.003997972193761337,0.004700494903632072,0.0031587471659837267,0.00245639931501919,0.018150703178225088,0.008017100292064898,0.011908916057141417,0.00705477511869428,0.032255865728569755,0.0018719542003578723,0.002753316972566132,0.016118853683361762,0.0004563680385965304,0.0068170397069563324,0.0,0.00020171144175331194,0.0,0.005521505944504456,0.017966704481871487,0.0006667348527904529,0.0019056463730045012,0.009560886365910423,0.00792141297749847,0.011517541596697586,0.006604718243898123,0.0006561326378994946,0.012424129328773622,0.008380408244588628,0.005628981748750599,0.008106056512257773,0.00443311073807198,0.002508871830975107,0.0008265149891645621,0.0036462739012704296,0.0043734383116142885,0.004148786511875215,0.00558365986747759,0.0030449278014892645,0.006310905680047909,0.0028763168220592734,0.018034979652493243,0.0013079473365055427,0.0012845395290859872,0.011741029265799792,0.0019557043425645743,0.001294691839633501,0.006575793939221337,0.0027295772442821626,0.0021593623040322574,0.02383055578581415,0.002277615007997144,0.00811258322414079,0.0024859779453437845,0.0011425131830185213,0.0039049211775264263,0.016321729648180912,0.012376874485262819,0.001971413302523077,0.0059937141001444975,0.0008073471785911861,0.0008673538929071064,0.0,0.0010842285248067575,0.002981233287818756,0.01523074685769164,0.008112049996261745,0.0,0.0040094393280260005,0.012072693050827988
200012,0.056103022767856135,0.005878817481534171,0.00427925466913168,0.007529537926914047,0.015118814872477675,0.01119189195143503,0.007673354418041827,0.007818055771790454,0.013852048766926214,0.007237437526603756,0.0007771808553260982,0.0010375036423447479,0.004618666869405991,0.011938198547512834,0.0008202739407053355,0.009962977313485428,0.012883587224099357,0.004435834344901483,0.0008102180289646239,0.0030804096321435433,0.0027459825401321305,0.0006315732986122142,0.0022795057693219345,0.0,0.004341345944380941,0.017661807870482635,0.00022196963447360153,0.0050649305579186146,0.0011552420733814046,0.0017913486377182503,0.0,0.0,0.0011431748111690198,0.0012025935776386447,0.007103505344583489,0.007758363037061739,0.00012699706791624333,0.0003579841651535581,0.009860168973302687,0.000992893043587195,0.006759523780662991,0.00030390953042232384,0.0013145940132742412,0.0017468643248308737,0.00434661451685622,0.004559932582225847,0.0028776959877106845,0.0024122252700448706,0.016512391538277736,0.009215235050199697,0.011913989032612949,0.008206521238922421,0.034042455402776145,0.0022503804426111957,0.002992245131595107,0.01579403023232353,0.0017063123960508102,0.007665843349607351,0.000136377417294291,0.0,0.0,0.00717812486702646,0.019159485002185547,0.00024233133585001827,0.0016958732105500525,0.009068813914241428,0.008634699388612003,0.011442899190144656,0.0063077369755775445,0.00040919157085878585,0.011703012502450738,0.007922896352483248,0.005966169116931549,0.008180913769553592,0.005155683606510519,0.002578855944206081,0.0015557563657403078,0.004103442852305354,0.00440510952568586,0.004634627571818083,0.006203417139934709,0.0030607452277379905,0.008881849951901371,0.003028872680835324,0.01900502379124551,0.001632724530438255,0.000697517292239631,0.012154598369609653,0.002436341997771047,0.0012166069938752313,0.006833750118765808,0.002669401217581083,0.001978204266477373,0.02256112821314077,0.0023951888828282046,0.009333859056471678,0.0038442204224039536,0.0012282634293669346,0.003358470702904774,0.018224551832558267,0.01182791122969585,0.0020440174420402373,0.005910878135156507,0.00012927925114184527,0.0017965238150610967,0.0,0.0013971470078589883,0.0030717105838659743,0.014027832126467639,0.008093986649491479,0.00022538575940826992,0.0042398432191859065,0.011519318282617222
200101,0.05495678994679971,0.005431632333944257,0.004392924777653509,0.007634204524942632,0.015143952006278575,0.011682392917506763,0.007301936686580464,0.00740126196482693,0.014107501131182285,0.007549926651812225,0.0007608882804316709,0.0009040302160331381,0.003134121852475653,0.012208055658985974,0.001087313306221175,0.009376623422208718,0.013537619019036171,0.003979137761933469,0.0010720932510781386,0.0029830799823542184,0.003143111631418558,0.0010273658287853252,0.002065976236745816,0.0,0.004225626623770451,0.017166740298230808,0.0,0.006203374757996135,0.0018887705917515762,0.0011340277713812576,9.352575252194383e-05,0.0,0.0006573466840140529,0.0014164426183911356,0.008756877871413701,0.0075724059083846496,0.0,0.0009298416068892389,0.009996957387112116,0.001214058998870755,0.00730029317154542,8.492208713426876e-05,0.0013921614953166523,0.0014256674181503143,0.004105368347938716,0.003582216681756803,0.002279968406808476,0.003336165480692427,0.01815163891168358,0.008562306927953383,0.01251054140672369,0.008681523522990658,0.035447479703479015,0.0020334172792014498,0.003166711406847458,0.013969511111220098,0.0008077673552880591,0.005879061160085939,0.000999024561206048,0.0,0.0,0.007645823151848701,0.019038965497009487,0.0008870822926109866,0.00237901285646765,0.009912874428009774,0.008897836500035412,0.01123845052800438,0.006179143926271918,0.000362558811873232,0.01248800267808423,0.008650456278061831,0.005966837263317435,0.009705513660697397,0.005207247937832302,0.002183363056597449,0.0015897234933520362,0.0034724349574006977,0.004923872826510907,0.005853926253995518,0.005629781057362116,0.0033624347740087023,0.007831113864825802,0.00323590436976617,0.020387027133179445,0.0018911337038742923,0.00021834330573590759,0.014009286973109335,0.0029235490380930067,0.0009389924511362342,0.00717678743626951,0.0027959269237923376,0.0015560895409601004,0.02242836649156626,0.0022828074699553216,0.009033220458108983,0.004989222457170154,0.0013630965390054714,0.0033796048812841082,0.01867872465055368,0.011835896333582709,0.0013869515553505685,0.005907744271309819,0.00015158453097625783,0.0017395558939349864,0.0,0.0013932230699854355,0.003196962683759262,0.013161696606895498,0.0067997378093598805,0.00010559293173496715,0.005234153300896097,0.011206556926636654
200102,0.05475530352665357,0.005564351739012661,0.004198426287009156,0.00681330878915752,0.014964332114852754,0.011592511539953377,0.0051665595323842906,0.006303870760209174,0.012855260881181848,0.008815283272239675,0.000369102638271459,0.0035916744509260664,0.0,0.0131873525672523,0.0022579324367988343,0.00796056007872085,0.01332813617556694,0.004078883317442061,0.0008554072539315858,0.0013746636577774108,0.0033123955253109654,0.0016789572081643007,0.0017933120716029218,0.0,0.004104300798128797,0.01764835364700333,0.00036301547975677983,0.006983559962254701,0.0024471357247970067,0.0015717406871689527,0.0025972911117486492,0.0,0.0005570936104669227,0.0021424690811522665,0.011709203359758282,0.005689938269250601,0.0,0.002161563390637139,0.009644050669260825,0.001434790279568616,0.008038694107937564,0.0012917859739187383,0.0010533138019382085,0.0018391095507411164,0.0035700315238378503,0.0025030367521728784,0.0015886697782674282,0.0046555554830175596,0.023078633592399138,0.008171066352744541,0.014508235198416722,0.010065867040294562,0.03796463820180178,0.0026764393575598702,0.003428151312162194,0.012454504262533434,0.00017401567038261213,0.0052597585775531665,0.0012199539849730475,0.0008290703918613326,0.00030105977873081654,0.009155508450674796,0.022395247316386008,0.005077842873511076,0.002632020140894716,0.011226865158563571,0.00855901121333256,0.009551547894537724,0.0055229583992709354,0.0,0.012400994911472367,0.00833111815882562,0.006824204439589198,0.008844586038278746,0.006112742087306417,0.0015136277163964,0.0021258400953615532,0.0035313382086918253,0.005395868410792375,0.007062658553341707,0.004601328262757867,0.004348350947957913,0.011970405254004954,0.0031092913222792325,0.021665928762089202,0.002412033924690051,0.0004278558014060488,0.02445801714540814,0.004545376532647842,0.00033851850160391726,0.0069102620482537035,0.002438337671703174,0.0008584996534175564,0.019508932072686218,0.0023169941230674835,0.009843478989729143,0.0069833145582945955,0.002269578335219474,0.004015537472424998,0.023122957857501687,0.01226126199111757,0.00164406603125008,0.005587397082256596,0.0,0.0020125459882263364,0.0001649643306538802,0.0013203222522017147,0.0027734445592366725,0.010415758211117667,0.00608821693478974,0.0013944901734045578,0.008435054124106164,0.0122720143410261
200103,0.053648735202082166,0.005699180577954051,0.004724327953003305,0.007843840417824708,0.014842731758323721,0.011625216911723465,0.005562192156076069,0.00643494574527135,0.01305899893439518,0.00732707748601231,0.0003415284500483831,0.00202756542531712,0.001097691308017258,0.013087398706509986,0.0016674372601239878,0.008279680667273658,0.013145482219886036,0.003650741226697986,0.0008723070369572037,0.002059496260632927,0.003054986600878576,0.0015777206635113014,0.0017440723758637108,0.0,0.004423767782433206,0.01711332274612862,5.459348245533456e-05,0.0066557304404895185,0.0022079064637805,0.0012282155132834814,0.001889212492408978,0.0,0.00043370511469763355,0.0018750985755336283,0.010090707148086261,0.006479356790549292,0.0002485440096591889,0.0019320466081529672,0.009472789111606143,0.0011814579214820158,0.007285021323061005,0.001178348296538542,0.0012173834948382008,0.00011702165840326579,0.003536488468493536,0.0027382352752163015,0.0018412912371152707,0.003949656802693572,0.024589467204006055,0.008959547765952723,0.012802002967011476,0.009190355399705282,0.037560519612534406,0.003137921918536304,0.003298357405947705,0.012339618857600902,0.0,0.004541035072255199,0.0009899803283800097,0.0002716152108547084,0.0005328311202267288,0.008712819303581917,0.020382668188543746,0.003449467692094186,0.0030497957584799196,0.010399806997172216,0.008628400312906147,0.009955954199121412,0.005438044988400946,5.263156275001781e-05,0.012957714850089714,0.008550116577447323,0.00676060120569771,0.00934273463216281,0.005916729681911341,0.0018959600067950605,0.0007213213230702908,0.0034497597874219594,0.0051481964315554605,0.006654724921709156,0.005198576729385708,0.0037794261431594155,0.007919937707906223,0.0032229294185974187,0.022142577958745344,0.002232339667124585,8.32970908495285e-05,0.023200775127671432,0.003781394907318881,0.0,0.0069415158316394705,0.0026190898507072458,0.0016306197810105419,0.020887131403159495,0.0020688007540945767,0.009532073494932703,0.006388555475449024,0.001713809615687222,0.0038180039742049927,0.020804622290849988,0.01176168388736094,0.0018836301222270317,0.006251438542564478,0.0,0.001975692443160427,0.00014869012505940347,0.0014858654934539856,0.0029370319296343527,0.01110623077302736,0.0056476613916279055,0.0008030787424571674,0.007043032450752393,0.012045081716983659
200104,0.05378107483828517,0.005544581689037317,0.0042273820997307905,0.008169426248358877,0.01494113698453817,0.011383552898053564,0.005300245631937349,0.007269757571428296,0.013148541784252472,0.006868207582413467,0.00030938747529621466,1.907696654267743e-06,0.003856855382028392,0.012693828121240732,0.0022917394516510387,0.007725721955754221,0.012703061911039485,0.003452161915499048,0.0009665220236788645,0.002493169427559708,0.002977911837141809,0.002452793061025467,0.0017492377616371959,0.0,0.004519710646239618,0.017222163925171056,0.0,0.005440415329053623,0.0020229864341462706,0.0012262634990665012,0.0014491358253165788,0.0,0.00038522837083811607,0.0015978200288154604,0.010335789749770653,0.006975913411928046,0.0005991950352003679,0.0008930212847533983,0.009626276065802792,0.0006902902919005053,0.006542428222194216,0.001280809831210223,0.001202793031700171,0.0021849636356145842,0.003881918970481248,0.0026329371904098378,0.0020133895158634665,0.004218253759546829,0.025648562251563894,0.0070625737203685365,0.012124623291269518,0.007858486387742326,0.03947333473492321,0.004352657520750706,0.003004145512267014,0.012562000431902991,0.0006947261121591339,0.004285803134828657,0.000910918261620433,0.0,0.0006739793364645557,0.0078672438451914,0.02013682174623332,0.0021050522065802577,0.0031512472776481153,0.007948739844308831,0.008934868752281623,0.011062006283289696,0.005589684182796977,0.00021418456823335137,0.012996628632027557,0.008578144045648921,0.006567121366455133,0.009676813105751936,0.0056378932071922605,0.0019884414322641052,0.0004623045016119683,0.0035566477438701725,0.004853508741946084,0.006045704656486304,0.005592787830893684,0.003333046107582004,0.0038877091746633936,0.0036063831049483464,0.022093917164751217,0.0017246717581772223,0.000759198242002639,0.02296573529442778,0.002495003085556115,0.000435190271325126,0.00584633232552454,0.0030616775606202,0.0021465896933080485,0.01972104897031623,0.002362367694761901,0.009568735924319767,0.005716761066748439,0.001288607272591731,0.0038636190803450128,0.020818675599026046,0.012203742132808327,0.0012201104557733615,0.007216796993080067,3.2062041475247755e-05,0.001438927986033816,0.0,0.0010356772672789844,0.0030070750321148894,0.011821866225864218,0.006361475698739076,0.0012397413071287004,0.005620989155160164,0.012513637068404025
200105,0.054665408572635604,0.005447016327767325,0.004160340402658219,0.008135461860094603,0.014960443637330114,0.011552376563917843,0.005356588865218267,0.007753328774510946,0.013064404057768788,0.006203916730447676,0.00015437486006656748,0.0002913530984376064,0.005570122673707211,0.012290034335474893,0.0021545138721504853,0.007719362481692489,0.012390867161551087,0.0035724751604314584,0.0009736968720979189,0.0025084920771989956,0.002888020904789921,0.0035948461235764074,0.0017341948945585463,0.00023975600071494637,0.004668205240353815,0.01732118432045093,0.0002053685278751408,0.003986064178951097,0.001834524101319781,0.0010163535325231337,0.001168429337886343,0.0,0.0002709042688047585,0.0015495534097361653,0.012790071467425458,0.0071841277264644695,0.0010648911832589968,0.00015968448570028424,0.009491720232206957,0.00046870979981578374,0.006059432857265753,0.0013090053940351763,0.0011574016916878094,0.0032354024287254354,0.0040349583606670795,0.0026421690986150326,0.002094529039474258,0.004247685463662521,0.019006304694932995,0.007299675271078027,0.01137218191774135,0.006606121475093237,0.04071173590643981,0.0041169251998176845,0.0029215447619140742,0.012842858028214346,0.0006493115789786976,0.00415143325374823,0.000996209578847336,0.00022183733697582358,0.0006849897053486342,0.0075023345602660526,0.020587940923807262,0.0036335019482714973,0.003184542363646477,0.007032792110941666,0.009118370172743957,0.012247488289144282,0.00574083747759298,0.0002763778986624624,0.012585709749849123,0.008636783787831847,0.006783898623786708,0.009934413462111399,0.005598659756745639,0.00215422919666609,0.0,0.003910093712628916,0.004416899091035887,0.00551039341658151,0.005510673589035829,0.003335378876102923,0.0029135917273387106,0.003990805115929022,0.022137259339385523,0.0012880736348387036,0.0011034865867913142,0.017031394870568407,0.0020376581757834663,0.0009175041753922783,0.00587660247243141,0.003224362772402734,0.0026425110961404365,0.01790033040756318,0.002548400497835923,0.009745738909364244,0.006195758408844571,0.0013339758206360884,0.00409302719911283,0.022707996532890486,0.012728527539177031,0.0009147640322394081,0.008290246642167088,0.0006578043897022681,0.0008941774404821053,0.0003746853166908666,0.0005467345801061865,0.003229886676647126,0.012068637543245884,0.006571663683444586,0.0016295105684905758,0.005196349144987186,0.013226709533262057
200106,0.053506675255390504,0.005658826759460374,0.0039098041390924,0.008260992910960198,0.014793307074317447,0.011497685005867368,0.00470031728244779,0.007300867127845413,0.012882547262241245,0.006876115768090688,0.00012576846058462573,0.0006236510202364429,0.003707379672040073,0.012599696942883981,0.003028241265333537,0.0070842657850787505,0.013388572331145123,0.0035049439092448395,0.0009109041266743811,0.0023544558418237085,0.002755824613881683,0.0032156436936982102,0.00172598316240905,0.0004594813828664384,0.004599571591858917,0.017499637249252263,7.77958749474545e-05,0.00504850590008808,0.0015313511263427466,0.001444203430977402,0.002140670852464758,0.0,0.0004954076035544608,0.0015862151784236046,0.010293130701797656,0.00687499879834548,0.000613195616487338,0.0006985745225403391,0.009688636419484364,0.0008977911939979947,0.006241142588744107,0.0014716751744825347,0.0008882176896441979,0.0013934335739581366,0.0036964481859066,0.0022933920682044265,0.0024790158636998046,0.0041805050953649826,0.027090670756482846,0.008413370295508026,0.01242811305408548,0.00752542566321653,0.03878599948453622,0.003308950363882451,0.0032401415970465543,0.011840564398795411,0.0012609850979238624,0.00408224177392349,0.0003928532638161905,0.00011440374978194544,0.0005769958448272695,0.00809805400033266,0.020572763581771708,0.00364930358107545,0.0028104309898746463,0.009452299145779419,0.008839156545952888,0.01317740986394236,0.005676639464325929,8.923150319457717e-05,0.01222126659337561,0.00832854298270961,0.006363351911474452,0.009780999787764382,0.005701899498116141,0.0023459044419769956,0.000574604564703697,0.004196413262545465,0.004574931516484875,0.005808637959513781,0.00517998986798485,0.0034739727039820464,0.0055775740012994415,0.0031561961667686167,0.02203198281624111,0.0018309913197690772,0.0009244378880388065,0.02519455190655933,0.002076069410584503,5.974382164266729e-05,0.0055094183787176496,0.003052190844326043,0.0021052671843366207,0.01991176596233218,0.002394232432935774,0.010406691255352504,0.006684774594648371,0.001587290972406448,0.0037302549165448102,0.01993173098247446,0.011347610143508886,0.0015332066007087205,0.008191903461209881,0.0005681662707309839,0.0017718073695862087,9.856215182904057e-05,0.0006773801078012959,0.0031407081028602146,0.011377554247933935,0.006831902917850897,0.0004975308493491706,0.005558084531967592,0.01142825451838406
200107,0.05232288948567542,0.005005308154094552,0.0031610269562888345,0.00811188370576175,0.01521124113759495,0.011588754148883312,0.004190498950669329,0.006798091324811868,0.012763390745824197,0.006491754983181515,3.155334748060028e-05,0.0002653780606941922,0.004631929039835142,0.012069201978577757,0.0031496862119597293,0.006751175891723776,0.013062560685471165,0.0035493039436430107,0.0009337168998584524,0.003250713563416236,0.0030418754513288344,0.0029364848488748945,0.0016823349944981327,0.0002640319231805224,0.004549675263182478,0.017177920993159793,0.00010001865323514544,0.004197232286796627,0.001441484733177563,0.0014614602508291714,0.0018133287455202045,5.323015930717133e-05,0.00044646125271331554,0.0018377092508715341,0.010628204084840956,0.006965775216254866,0.0011589253725901266,0.00023642310430366063,0.009739958264587775,0.0007840607819003891,0.006073840185567268,0.0014865775607580268,0.000792066001101058,0.0020732773090356618,0.0037474259036377783,0.0024711931335105256,0.002150478061884584,0.0044597317257322085,0.02605164564263653,0.007488293766017932,0.013008545957057102,0.008281441580939828,0.038065943746325485,0.0030334821556857413,0.0027803313192460723,0.012136103778398868,0.0008414693721607408,0.0038596793773718664,0.00045483774376534487,0.0002991603453250265,0.0007106762337401498,0.00797504981116779,0.01941494191292793,0.0025870304494813264,0.003334492292626103,0.00937479330354714,0.007667903307806807,0.012134682208590248,0.005648315693984362,0.00013254541085518944,0.012125293285993302,0.008292545334682955,0.00662179967851288,0.009730620745815674,0.0056740250132278755,0.0023770923644000305,0.0002460500796728412,0.004539356223075663,0.004581480236915904,0.005655005689344365,0.004791307508980713,0.0037904553482304326,0.004426657812860654,0.003640337123333155,0.021844033593223396,0.0020218957216315355,0.000939342280047961,0.023690481672551254,0.002488651951359081,0.0004946344332085654,0.005328865630970004,0.003259654839592092,0.003046623341399895,0.020914051547552194,0.0021388376497148884,0.010032231616643928,0.007422173349562702,0.001503988998349078,0.0041559659821325074,0.019530688680639154,0.011455597078960883,0.001406697978810328,0.008628651947080481,0.0007201207933792449,0.0016825285037008078,0.00030518664893286045,0.0011692971209256702,0.0034725519787731185,0.011512594623349262,0.006758494416637403,0.001880752034991294,0.006444104999496705,0.013965950751009709
200108,0.05223183822038578,0.004932041539161336,0.0028231699648580705,0.008207610054658145,0.015263973531349036,0.011546538410793977,0.00374298469141265,0.007372665691613094,0.01251821339168032,0.007240527587492455,0.00024573196467030567,0.0003407997648810692,0.0046347669039028755,0.011768205878413766,0.003832789631561929,0.0067004821959348185,0.013112583502086704,0.0035695351636468244,0.0010536653311210972,0.0033346608900778254,0.0028484593343498414,0.0029261843748833393,0.0017803164710180502,0.0,0.0044359913144338785,0.017450850330083614,0.0,0.0045792715259909845,0.0009563314845701239,0.0013747798779338652,0.001359268086590594,9.682167585019046e-05,0.0003443368407333669,0.002105392324249473,0.0115138027393662,0.006883186242567943,0.0009296754203872315,9.628397991163202e-05,0.009680569155010664,0.0005020057877120986,0.00617053835668009,0.0014424244723068424,0.0006053285400428839,0.0024345843022278327,0.003612413485400384,0.002018860786462524,0.0022538226054986035,0.004642305686068042,0.024767547366495137,0.008167224356530603,0.012637682658313661,0.009508338378993016,0.03693360115418297,0.003200330567311574,0.003019147299248664,0.011915885458250374,0.0016263736379823464,0.0040104830514639785,0.0006090223276318757,0.00039721961392949484,0.00041669049344286144,0.008388014937606832,0.01965325053859633,0.0031405794159895676,0.0034074931911989097,0.008956862908417412,0.008170202417378465,0.011903704068168753,0.005250801867006843,0.0,0.011969974894853361,0.008812261019707085,0.006494363025858162,0.010125406912195517,0.005732163042721973,0.002410234469234497,0.0005890621864220007,0.004513645254655157,0.005030357245320423,0.0062021043899980945,0.004267149441656852,0.0037376293137928785,0.00504170281570583,0.004125292689682573,0.022016423003930564,0.0016908341676632795,0.0009475431309674113,0.02380296737753364,0.0026488685244836292,0.0007154072166599468,0.005450857954840705,0.0030393858474697956,0.0024162025968018272,0.021494139660001743,0.0024240663871419655,0.01014539138867505,0.008280232204795979,0.0011602294006978146,0.0043585567581926835,0.020299228914577493,0.011498433941194763,0.0014280839128534828,0.008400762524052445,0.0007423862556993318,0.0015756579971849553,0.00016615847681484186,0.0010824300654108361,0.0033906336735309065,0.011116216261273532,0.006486582413719362,0.001105450339626626,0.00727806823877411,0.013272681361320341
200109,0.05163869481659654,0.004401373152212933,0.001691773842836335,0.008255032304044965,0.015522812005178932,0.011229541032532061,0.0029813109280340576,0.007276222163002221,0.012406514940984818,0.006803222236516108,0.000965614096854811,0.0,0.006006701656799558,0.01116594695182778,0.0043049393373560604,0.0062420348348963236,0.012883151074223605,0.004117845583279495,0.00113067646761901,0.004449851399126317,0.003134539733607459,0.002731063674800681,0.0017820050193917843,0.0,0.004544604645791173,0.01732462584885122,6.218146283283114e-05,0.003960264622804898,0.0001677119606731307,0.0016016538348144896,0.0006780138371530908,0.0,0.0002770973540038512,0.002485304629833281,0.011110856672772049,0.006929676601295532,0.001061861324992221,0.0005281266603060068,0.009442239617766605,0.0004405423693148442,0.005707338792551274,0.0016501614092432958,0.0004268036570199888,0.0029171155908393415,0.0033334008514655867,0.002145576080887206,0.001875902954527449,0.005211815172322382,0.03101732774306835,0.006934120364385886,0.014840463955804059,0.010674143885186574,0.036579268621786516,0.0027764576512420043,0.0034902402107451556,0.012397499393128321,0.0012568851913163483,0.003461555573459467,0.0012159723481475406,0.00028860357393713096,0.0004884508496011676,0.008398183370302544,0.018980732806553817,0.00258597385963922,0.00421602797609317,0.008449612294821903,0.006618096343389869,0.009484700623119758,0.005268589423065306,0.00045716648796777047,0.01205737516063941,0.00852743961359073,0.006324397363974722,0.009996820657385216,0.005753709013958619,0.0024532189181187313,0.0004054780304661617,0.004842134428491441,0.005099018101215116,0.005911841327741162,0.003972785402705124,0.003500911319647782,0.004499732378042771,0.0036489966150773955,0.02164148714211596,0.0015851421514749397,0.0012411368662513826,0.030119363887352545,0.0028185117019164916,0.00033446994107929777,0.005137684510754123,0.003130359044759864,0.0032254503261168136,0.022083657419110784,0.0022140501013324355,0.00987220250341278,0.008289543684864916,0.0011250657687116152,0.004412325190306624,0.02006341002896997,0.012421152554304402,0.0017797972971130341,0.008278410883168474,0.0009618421047925323,0.0007851909067522714,4.0742124022757624e-05,0.001335892466223123,0.0034923066754050246,0.010950636776572936,0.0067710773363222326,0.0026964316633130456,0.007524817697176231,0.014896917104303247
200110,0.05061477293146663,0.004272281647970267,0.0013506555175650514,0.008071625933957853,0.015613684314387683,0.011166619199249056,0.002123225177663001,0.007690466660681071,0.01227090152123253,0.006342446680980542,0.0010492544550051329,0.0006769221408439322,0.007253863372463228,0.010477465784492958,0.004409395311189079,0.005951719862245594,0.012381356672024058,0.004379638253734761,0.0012165694689022484,0.004535417920662939,0.003255593563692507,0.0027420477332448386,0.001874196122162145,0.0,0.0045472153810076745,0.017244092639028628,0.0,0.002932504411061788,0.0,0.0017461415419799612,0.0010850693564318362,0.0,0.0004178827590566478,0.002565789114327539,0.0105535394048636,0.0071005810358317585,0.0019932271914594184,0.0013353984566763792,0.00907560348929716,0.0006497933140828409,0.005368574563324724,0.002253280708083199,0.0,0.0040181651713094395,0.002995804971974762,0.0022317817174321544,0.001377863113468483,0.005524978944256086,0.03129132497157815,0.006342142709476903,0.016242753716329533,0.011135246207601441,0.03724096697176755,0.0015183836051398977,0.0029966595563394025,0.011373491914204809,0.003329885390892204,0.004158781501749704,0.00148136697432498,0.00022414387382447786,0.0002827966792666064,0.008805349216048634,0.018089501774967483,0.000994087798795554,0.004199843695457149,0.009196514560306136,0.004806316820370232,0.0081569528529661,0.0049573748449279215,0.0009714378845405584,0.011961170964737498,0.00825785177210503,0.006126034269705228,0.00998148228190107,0.0057323136204890605,0.0023087512236524017,0.0,0.005021324502444921,0.005244340226866283,0.005493739334678446,0.00391488548038618,0.0032379556070907824,0.0035278920432602603,0.0033549162979270783,0.021869180583644617,0.0014150014697017661,0.0007378418648001216,0.029083258392533486,0.002889022894415227,0.0009101664345111914,0.005004281793071442,0.003301289275178314,0.004056483186676096,0.021183073763153155,0.002469101205831135,0.009703570810517259,0.007963154584509252,0.0010275117907101636,0.0040750119662898345,0.020335462296459092,0.013655737853406718,0.001915162313894735,0.008448767311316533,0.0014405304320563657,0.0006999425901445216,7.454038265659421e-05,0.0013083806682399441,0.0036312298688233567,0.011591469210456673,0.007772734344730582,0.003795180998451002,0.0075799356573577935,0.01626251250583666
200111,0.04676868412132684,0.004255788499948988,0.0011621486854462178,0.007857174988335611,0.015433068132120933,0.011847535415023125,0.0006851633009167914,0.007074591766064843,0.012083212741891102,0.004562893717990346,0.0010078491968199086,0.0014748039154727085,0.009833046754400934,0.009298823256257216,0.0051488651858230105,0.005224798852018807,0.011902579483691994,0.0037500012201604643,0.0014041673121562522,0.005335052111168474,0.0035443093798744976,0.002768648187593276,0.002061748335599633,0.0,0.004569168448346906,0.01747649717764626,0.0,0.001741411365236648,0.0,0.001684557625661335,0.00028401069136313293,0.0,0.0005226987437721808,0.0024784372321427187,0.011502034534927933,0.007090763436945453,0.003248103055606572,0.0018948536306400952,0.008007932121339066,0.0008404912069033706,0.005077372999124923,0.003257020472128357,0.0,0.005746462350204548,0.0029700459932355933,0.001882746659545164,0.00016286663653733327,0.006912330762295295,0.023947901493062872,0.005865779552042412,0.018045481724456497,0.012641621808538284,0.038253526541292875,0.0008395902325319257,0.002618418131581932,0.009883059891276172,0.004626389851823357,0.004383881634619891,0.002412882202904135,0.0001075967587426093,0.0002058352678613379,0.009060558980448719,0.016411519893716205,0.001588058020352873,0.004319093072838357,0.010706179317803176,0.003932659331020688,0.007234546360807094,0.005210510027244534,0.0015572183111674364,0.011950598456368882,0.008280456206027364,0.006385911666275557,0.008577773259936123,0.005733957850013089,0.002503110983278508,0.0,0.005718160617521141,0.005344313637144747,0.005362678040683131,0.0038927710144331575,0.00266255316089775,0.0021359531554511067,0.002661795798684642,0.021965423100311823,0.0015585854583652385,0.0,0.020547305807824053,0.0031921179022052957,0.0018651645239328891,0.005206609848912672,0.003593620495154557,0.005357323925230076,0.018959684215715738,0.003034551107023611,0.009932994317566274,0.007050860652563786,0.0011217069631617438,0.0032680724668251193,0.022011272266158594,0.016028291415068577,0.0018916116596424434,0.009022398581098486,0.0019030652252209103,0.0008037105017147781,9.766308932212954e-05,0.0009707387562824495,0.003982825219392829,0.012321309518670828,0.008551247548904774,0.0030751872127894437,0.007229596739949881,0.01623774483280335
200112,0.043807999367601276,0.003890895562103179,0.0007926815228189463,0.007832459873884997,0.015135171785425137,0.011879818986622475,0.00011084350298677224,0.0067782271555194,0.011315982213789488,0.00390073790671323,0.0013836850434397134,0.0014359724102835276,0.011168717575992023,0.008492233642924334,0.005434204424388865,0.004414909723319251,0.011231311346845777,0.0035063879257847606,0.0011896279498795923,0.005579362479819514,0.003836033686849353,0.002256213290525336,0.0020804388548261075,0.0,0.004639358710185868,0.017742006661519642,0.00024264715860454039,0.00031321244279727036,0.0,0.0019585507925309158,0.0003373677784402427,0.0,0.0007616259135101265,0.002265631065847876,0.011307263286095121,0.006947400362519906,0.003853520001463333,0.0027029345032845223,0.0071349619478383,0.0009255194235653012,0.004373550525104125,0.0038230430222588037,5.4709468177359966e-05,0.0064267304243455356,0.002639143629770388,0.001472731940262502,0.00024150154022114617,0.007377593553204051,0.023425265271828415,0.006765539673267996,0.017816450835113965,0.012194058437403493,0.039416409683518575,0.0028717040888226247,0.002170371912062776,0.008717023040095672,0.007035724855313038,0.005766472201893675,0.0028760473276420026,0.0,0.0,0.009798426819790962,0.014809057443393935,0.004074884630100278,0.004661140646143367,0.012266502363038523,0.003558892713297522,0.007191815633175829,0.005977625379694548,0.002296198096765563,0.012047347565388644,0.008351073131713684,0.006454019100035021,0.007694486270228197,0.00563552831638352,0.0026880160494184673,8.979162904937351e-05,0.00633619115557124,0.005666378498676945,0.004448650895734713,0.00399494914944999,0.002558062249109423,0.0021932666658149675,0.0025569655749600223,0.021439143000027718,0.0014638149810742428,0.0,0.022465445764766844,0.0033114745639484435,0.0018231819597146375,0.005270520516636158,0.0039015987487729217,0.006059727415823156,0.018029528981909234,0.003543519749790316,0.010610523669362139,0.007581771173100343,0.001387005948999832,0.002906076884727666,0.02226264243296822,0.01634672071643598,0.0021176769347079774,0.009518248214888048,0.0021116249798024825,0.0005804555538906293,0.0,0.00125788024412711,0.004222375758254732,0.01287451454201581,0.009471812307090065,0.0007454635263936111,0.0075903362180181465,0.015041467231994114
200201,0.03152118258911467,0.0023355092364920555,0.0007389794926703043,0.008020657463787296,0.014426318544812895,0.010169134039744813,0.00029434934840425955,0.00824832511539112,0.012842503444405802,0.005570726617219654,0.0,0.0013183375194016419,0.004286367038314675,0.01160559443757592,0.003688871069227663,0.0014000973689070131,0.012899667402670331,0.0027103570402125664,0.00034781020808835806,0.002542430102604296,0.0015114667404017507,0.0029004241293824444,0.00027820874276149343,0.0,0.0051746879933360045,0.016538220582494916,0.0,0.0012104895359406741,0.0,0.0012638266621735408,0.0,0.0,0.0,0.0,0.0041206408533219175,0.007305392127070141,0.001088482960543745,0.0015523488065255881,0.009350257002799539,0.0,0.0022651915441016936,0.0024518252946030073,0.0,0.0044221986200292576,0.002677735258513908,0.0026134517605340387,0.0005868729025746818,0.0053797862297221615,0.002358259918865806,0.0037434965295259667,0.008713202882450798,0.009238519102671686,0.03537750180168864,0.0,0.0,0.004890270914457558,0.0030499227543980653,0.0,0.0,0.0,0.0,0.007623686541127257,0.0,0.0,0.002356212729473942,0.006458904537929619,0.001968327619015565,0.00409645115108826,0.0039025246206306208,0.00019693687800536905,0.01333034790948177,0.008657641639054935,0.005302366267678995,0.009165376222755517,0.004792633917278082,0.0,0.0029831018327957375,0.003446790735399002,0.0021647380939016267,0.003412327150948941,0.003413516485065515,0.001167395155023566,0.0,0.0019693814435531067,0.021869172689217592,0.00014346986384897154,0.00019164204490009786,0.0,0.0,0.0,0.0032686916609054287,0.00243470714127526,0.0015425641236189427,0.02104358283043349,0.0013864965317425526,0.008063376854159495,0.0,0.0,0.0,0.020038846699552602,0.010828286639186642,0.0001047512798482313,0.009726540199232416,0.0,0.0,0.0,0.0,0.0029014340031515273,0.009474290293957185,0.004305907726626442,0.0,0.002253026623192192,0.010423493755758273
200202,0.02866716847033672,0.0022480774201636597,0.0006775358046329144,0.0077713244233486665,0.014643859336501643,0.010170487556893808,0.0,0.007814732309084598,0.013245652089307027,0.004337146621896198,0.0,0.0025934194853250857,0.0048546454751231816,0.010694123058338223,0.0035868724380546213,0.0006529220160795945,0.013088499119375437,0.0008344977125730454,0.00022175218002788664,0.0031551698547296917,0.0015022181008128642,0.002688582722924986,0.00030986047179756225,0.0,0.004481455545138566,0.014509602606596185,0.0,0.0014803412291610903,0.0,0.00122322111341301,0.0,0.0,0.0,0.0,0.004498420392621581,0.008236221436181001,0.0017351556184156522,0.0014394978976278998,0.008281784309227675,0.0,0.0026023507742273157,0.002785652668948332,0.0,0.005684124853783636,0.0024686434210685437,0.002462274496794026,0.0,0.00629087461712616,0.0025868377868711436,0.00031802254332757493,0.010800890385616855,0.011502854675328907,0.03333223987355132,0.0,0.0,0.0054700238109760034,0.0013690658000619573,0.0,0.0,0.0,0.0,0.00820643441882751,0.0,0.0,0.0026299443769492443,0.007690550612854474,0.0033279806867084934,0.0026562362188823673,0.004574499850085744,0.001205684762354896,0.013584074366863983,0.00879973768306915,0.004931318079818637,0.0072335109305427595,0.004159755836267064,0.0,0.003028669632289828,0.004258633542127901,0.002117235467254058,0.0037390059203897745,0.003156167473508293,0.0012366350886788087,0.0,0.0012698279551730666,0.021429354238598906,0.00033887819346465985,0.0,0.0,0.0007388122433041894,0.0,0.003798696390784073,0.002474659348678033,0.002364622301649105,0.02248975463211345,0.0013531308751867158,0.007082120859511543,0.0,0.0,0.0,0.020270940624763412,0.01288852874209271,0.000520428492724282,0.008980717329174819,0.0,0.0,0.0,0.0,0.00338952794126953,0.010120918523977358,0.0044471866978234844,0.0,0.00041880241385563885,0.010650384262770108
200203,0.027110028399077835,0.002372840929914451,3.420317823706199e-05,0.008174395211960844,0.01447108073477326,0.010432746772890116,0.0,0.007334517008889264,0.01261835970525194,0.003419207212415861,0.0,0.0027358056878226903,0.004988488586445316,0.010054487350258302,0.004153330119065681,0.0,0.012701903284116708,0.0,0.00016822134982975097,0.0038463012201096565,0.0013338937161768657,0.002632301448153684,0.00016350294742513525,0.0,0.00403376480281926,0.01274844475157737,0.0,0.0015304075137983328,0.0,0.001255117280098257,0.0,0.0,0.0,0.0,0.00467874488914994,0.008023344838191683,0.002091126365702739,0.0015360570983636128,0.007029364507356566,0.0,0.003146265491188439,0.002982612324699305,0.0,0.006723525544260996,0.001971474187388851,0.002156096904113217,0.0,0.006089611820636813,0.003637273812976972,0.0,0.011239407796852926,0.01219188565465675,0.034844917960591706,0.0,0.0,0.004768699118052782,0.0006643905608850084,0.0,0.0,0.0,0.0,0.009211000988805267,0.0,0.0,0.0026139315785157612,0.01002310226366976,0.002342185793933854,0.001203292024330159,0.005137076532165202,0.0018158127176162843,0.013476898342819402,0.008641237662922834,0.004746716387720597,0.007214965527480945,0.0039334599467363025,0.0,0.0037720331046199986,0.0043477123909366686,0.0024961125010009287,0.0035238216864349405,0.0033556228619920367,0.0011306064560607902,0.0,0.0008311155475974902,0.020737825580336662,0.0005893804031257065,0.0,0.0,0.0023277340925374392,0.0,0.003717868685907628,0.0026436466763515598,0.0028752738399647963,0.021266898497455947,0.0013460668601737202,0.0065582197677340566,0.0,3.548817490497664e-05,0.0,0.01870971857443948,0.013695419114502628,0.0003744870452126753,0.00867850766341778,0.0,0.0,0.0,0.0,0.00357819020186952,0.010606400220252638,0.0049888283134694855,0.0,0.000676079621832985,0.011537735824901649
200204,0.027304572610093503,0.0023007644742670686,0.0003134708530683814,0.007887722925618373,0.014920160999737071,0.010261714366118143,0.0,0.006920746721474237,0.012544519342316042,0.004473577754357023,0.0,0.0023803181082228866,0.003418971244535949,0.010640254461289524,0.004233014764658035,0.0,0.013264786248380607,0.0,0.00042683873908354563,0.003233964278177738,0.0012601535311952306,0.002806462393502304,8.274235842507444e-05,0.0,0.004214563821374394,0.01242766913354058,0.0,0.0008361154492842572,0.0,0.0012294756090469444,0.0,0.0,0.0,0.0,0.003011599697607229,0.007861857735928372,0.002603799880611062,0.0017466623419740968,0.0076313570223791,0.0,0.0030882261204901677,0.0029565732234752727,0.0,0.006591066167322262,0.001521468652304599,0.0020728597024783383,0.0,0.006052691041024696,0.0027098695192172063,0.0,0.00950942689049044,0.0111765641585746,0.03398992353743128,0.0,0.0,0.005104184674389622,0.0002533570249953586,0.0,0.0,0.0,0.0,0.007681128206691297,0.0,0.0,0.002568676801307461,0.009158624890940778,0.002880272542405581,0.0018887522329258818,0.004696609176276454,0.0016381725618298288,0.013634449325194095,0.008862379675293101,0.004838398112604638,0.0066293566698645634,0.0035395206675862575,0.0,0.0036735159946091702,0.004177811460153473,0.002198829465049914,0.0034548009759311753,0.003273699933485995,0.001174806111438257,0.0,0.0012063824832556228,0.020974694175436938,0.0002152515573695681,0.0,0.0,0.0012889267411213077,0.0,0.00390374897344782,0.0027798705079955604,0.0026273128147040956,0.02227137459748102,0.0014728501825774648,0.006530878445512803,0.0,0.0,0.0,0.019218078567554482,0.011777688327908716,0.0007256469136175329,0.009032089293521235,0.0,0.0,0.0,0.0,0.0032891728908168616,0.010435106198881175,0.005108050517855855,0.0,0.0008975360178224986,0.010970082673809854
200205,0.028129324272565207,0.0022666403587786616,0.00036799649545524843,0.008057247383755553,0.015063615215589621,0.01004640454205183,0.0,0.0069608907592080905,0.012615438252790911,0.0045626085516785675,0.00019377028379453614,0.002174046590746384,0.00332681440252804,0.011134499238065068,0.004138375589368478,0.0,0.013408880603192555,0.0,0.0002605995579816285,0.003187800617120005,0.001229687058217032,0.0027206702733787746,0.00028549188964781415,0.0,0.0042496482303619795,0.01284156341443949,0.0,0.0012106666275069938,0.0,0.0010149173105272215,0.0,0.0,0.0,0.0,0.0030641562372501693,0.007266952919699908,0.0023478405020373318,0.001873474444059141,0.007546350340065588,0.0,0.0030934282157370064,0.003002579781212111,0.0,0.006222472666483783,0.002058825565456626,0.002047237551033605,0.0,0.006214858714250083,0.002929180717682361,0.0,0.010371099505815955,0.011285697835488226,0.034468052232904924,0.0,0.0,0.005780207661302192,0.00020377655947450562,0.0,0.0,0.0,0.0,0.007896557316392855,0.0,0.0,0.0026686643154053397,0.009343533750195135,0.0026254454722790194,0.002094966870671045,0.004663915013674117,0.001615798049802083,0.013677084027342627,0.009192090674459369,0.004741628164650207,0.006306810493309903,0.003496440280425474,0.0,0.003885952854630451,0.0043125927301464004,0.002314982233809341,0.003732431547699234,0.003241755256110248,0.0010963943637244589,0.0,0.001211178373428405,0.02110856221675904,0.00035664242740658387,0.0,0.0,0.001194506073744897,0.0,0.003898407739269863,0.0029749705156711555,0.0023621891331701244,0.022527932713401554,0.0014300787035216621,0.00651868683789048,0.0,0.0,0.0,0.01913263616742338,0.012121901975744358,0.0008944868862457365,0.008916656481272158,0.0,0.0,0.0,0.0,0.0033490784912208866,0.010166616081082791,0.005173356862233487,0.0,0.000916769306522219,0.010675858585524854
200206,0.02815247539663609,0.0021740281895932406,8.781962088548234e-05,0.008097245172249842,0.01510558254454134,0.00969710418244607,0.0,0.006567444635764692,0.011833702670729042,0.004781932756991994,0.0007213456066950052,0.002839825579227449,0.0030456621799046664,0.010943305905551868,0.0044568907784162904,0.0,0.013862790358040375,0.0,0.00016200729314061143,0.003440616360000627,0.0013208593489944952,0.002637640675436658,0.00036213725977210043,0.0,0.00402439533170396,0.01239084753677447,0.0,0.0006598816769743783,0.0,0.001037542558761294,0.0,0.0,0.0,0.0,0.002063200279726846,0.006387098589066857,0.002435013651362581,0.001923714945447682,0.007088217190101286,0.0,0.0034886894745468347,0.0028583029821813545,0.0,0.005775522670715825,0.002330286743072146,0.0023615647512766898,0.0,0.006495913817727351,0.003056198983250891,0.0,0.010644388438252265,0.011246959301370037,0.03452219296535336,0.0,0.0,0.005699040878958735,0.00017696001321557668,0.0,0.0,0.0,0.0,0.008021212883322292,0.0,0.0,0.00282081921988476,0.009883165152310362,0.0023155257302273,0.0014659554360788225,0.0050201431911151085,0.0017907659217706834,0.013767733644484281,0.00943327963136403,0.00483378402801945,0.00596477293654627,0.0035479049783565223,0.0,0.003219468654826278,0.0043552733584335335,0.0024349447186924104,0.0037794594558930392,0.0029671311619428784,0.0008893282334615479,0.0,0.0015511704399774995,0.020763376431566196,0.00040658733810275746,0.0,0.0,0.0015044089004333343,0.0,0.0037341807296429525,0.0029263692744220023,0.0023809908431203734,0.022257226225909244,0.0014824633034710483,0.006215481195581977,0.0,0.0,0.0,0.01918361351595443,0.011781939781190277,0.0011771046793164098,0.008920337180573173,0.0,0.0,0.0,0.0,0.0033919071993268016,0.009947494718010425,0.005248592578842887,0.0,0.0010159533452322813,0.010705797434255336
200207,0.028397928342871158,0.0017883702441027032,0.0,0.007664525022519323,0.014876465019182312,0.009124847736932081,0.0,0.007266544556064703,0.011795582169282998,0.00425329348098595,0.0006652308829730621,0.003164149676179648,0.0032100211234696975,0.01074522283612665,0.004910201019112844,0.0,0.013463710055178534,0.0,5.345699637185963e-05,0.003807235094325414,0.0010196593985071683,0.0028141414367278666,0.00044305142339800456,0.0,0.0038929099633551946,0.01191381958087351,0.0,0.0013300282375768413,0.0,0.0006121278691611717,0.0,0.0,3.115647892712025e-05,0.0,0.002729620185952455,0.006198074508113726,0.00263753765253786,0.0022121197184644587,0.006114943899080888,0.0,0.0035963557193834515,0.0024400915898992173,0.0,0.006142486567214564,0.0021331204671525637,0.002691813053147694,0.0,0.006534460263066758,0.003507312506474451,0.0,0.011241216846410322,0.010904084096418,0.034510990037615576,0.0,0.0,0.004965411192610361,0.0002294585572867236,0.0,0.0,0.0,0.0,0.008760430391131944,0.0,0.0,0.002944732602082568,0.011165265184361416,0.0020944709504718516,0.0013114324940430434,0.005552257023764103,0.002034432165426722,0.013867319097200782,0.009549576416805032,0.004856097391266695,0.006100282102252269,0.003744813337067698,0.0,0.0023920491613095857,0.0041706341821887444,0.002634171544714459,0.0039707067820522095,0.0028117232875606293,0.00031091834347769055,0.0,0.0011166592389551032,0.020649167924245957,0.00021681474460208335,0.0,0.0,0.002200418281093292,0.0,0.0036217490386480427,0.0026919714108733835,0.002761576220738186,0.02185356240168709,0.001799828065627659,0.006083493263973707,0.0,0.0,0.0,0.01927932010858692,0.012035058169467875,0.0017865508254613824,0.00896446619661346,0.0,0.0,0.0,0.0,0.0032674321305116026,0.009884438864725287,0.005345454686900484,0.0,0.0010632009845595975,0.010668614237689477
200208,0.0285905625251208,0.0018330199999704872,0.0,0.007376107450948698,0.014678405151013126,0.008850519194260668,0.0,0.007880845982213116,0.010813095368234979,0.003478574623982212,0.000634291985763937,0.003748928683431755,0.0037698747651742355,0.010448595984695408,0.004763569155028011,0.0,0.013194308712562696,0.0,0.0,0.004228879931908827,0.0008774003816855956,0.002950955169171547,0.0005839356024333205,0.0,0.003703777473049552,0.011146453570409718,0.0,0.0017916486478033384,0.0,0.00030992823954111926,0.0,0.0,0.00019511450804353758,0.0,0.0031686385353908875,0.005502333714493694,0.0030982796703656655,0.0025906735047240954,0.0055126664967656575,0.0,0.0037321081010119545,0.0016006664689146672,0.0,0.006385600147588591,0.0022386912050563405,0.002487966659840729,0.0,0.006547869781130216,0.0035786231784405913,0.0,0.011747347361516029,0.01145607025659466,0.034961584662458196,0.0,0.0,0.004170175450090039,0.00045556448514080274,0.0,0.0,0.0,0.0,0.009208791277581908,0.0,0.0,0.002875938282476707,0.011956309701458242,0.0014011516227429761,0.00067904550333966,0.006192856958575216,0.0022127581970452738,0.01416738892122829,0.009215982361520452,0.00492924584424785,0.0055971612090331925,0.0033579219761499975,0.0,0.0025256401972329843,0.003949324835603659,0.0028207422840293927,0.0040432700301662955,0.0028421433634454214,0.00018671410982564558,0.0,0.00037384778790930086,0.020211666354714504,0.0,0.0,0.0,0.002635320171310219,0.00026974458182491413,0.00395177362619085,0.002330288194573666,0.002963963011846882,0.02160358831841224,0.001826122337566116,0.005832272062645503,0.0,0.0,0.0,0.01890351157694422,0.012180257499123081,0.0022497773648097854,0.008667799953058395,0.0004648863279483069,0.0,0.0,0.0,0.003163251740887761,0.010234405971991026,0.0053130746458760455,0.0,0.001104536032690657,0.010577845314941676
200209,0.029380492417207787,0.00156691967718264,0.0,0.007358048398690348,0.014835283996229739,0.008635318521598953,0.0,0.008465292384448783,0.010399077308691829,0.002632628248766155,0.000890728019891164,0.0033942459399136284,0.00394874729480868,0.010058488011960298,0.004911313345238289,0.0,0.012826358129676025,0.0,0.0,0.004542654877318841,0.0010075092720255331,0.003534657882679893,0.0007892817370795442,0.0,0.003642543752505144,0.01090479400279185,0.0,0.0026950168159651264,0.0,0.00012745129883934687,0.0,0.0,0.0005745667837541606,0.0,0.003615994766434322,0.005220914806034339,0.0035908784553606706,0.0028712005285331573,0.005154757828903346,0.0,0.0034980835836830016,0.0012160886891196849,0.0,0.006795435367320897,0.0024678674125906573,0.002644748360555646,0.0,0.006744537284559601,0.004071480178914822,0.0,0.01203522335178631,0.011456436909274014,0.03541920809133325,0.0,0.0,0.0031250375459970924,0.000594930290803676,0.0,0.0,0.0,0.0,0.009933660024324517,0.0,0.0,0.0031945686973199896,0.012791896859876879,0.001364409346409926,0.0008372582987834604,0.006793823939720841,0.0026655715530309793,0.013970381957331184,0.00913681123854617,0.0051297132683521705,0.005959581485404427,0.0031857680905006433,0.0,0.003388594648471097,0.0035470265973388806,0.003174111358372554,0.0040761725118739715,0.002433080380616408,0.0,0.0,0.0,0.02014688686065323,0.0,0.0,0.0,0.0031043934617368085,0.0005559020230262907,0.003968538918898325,0.002063626712833068,0.0031408387415888498,0.021129951678611533,0.0020205651467054163,0.006059992765994033,0.0,0.0,0.00020024123789501723,0.01803713838403913,0.0119545995136046,0.002401957485881875,0.008979835303839294,0.0006302536987825557,0.0,0.0,0.0,0.0031349383472081805,0.010567505572792785,0.005475209187859412,0.0,0.0012486260464782488,0.010483852554856388
200210,0.030203812490550697,0.0015465377184289766,0.0,0.007796234550945215,0.014819701962349958,0.008787089194001044,0.0,0.00855630182546018,0.011386439093733295,0.003967328398468361,0.0009268064088268609,0.0027696010240619226,0.0023067708668669195,0.011000269707665324,0.0045276151180300385,0.0,0.013698020720495753,0.0,0.0,0.003882110872387579,0.0013506291646427342,0.0032408986976295807,0.0005542314603212238,0.0,0.0035505872657757838,0.011127789740091895,0.0,0.0015459557612921553,0.0,0.0003451095976188028,0.0,0.0,0.000589040315327855,0.0,0.003079391292461576,0.005997643507107098,0.003462843036634408,0.002213031325866813,0.006435570471835999,0.0,0.0033870601760650387,0.0012487347770636283,0.0,0.0067582164712954185,0.0020579810213896357,0.002808826913228518,0.0,0.006917257385876556,0.0026582195061104334,0.0,0.010301931862439684,0.011192025280406165,0.03425331074775914,0.0,0.0,0.0033158852899612986,0.0008317494671712152,0.0,0.0,0.0,0.0,0.008274372557635091,0.0,0.0014988631616818118,0.0028501915934755406,0.01148362033763131,0.0013438660211887168,0.00039412483767294813,0.006489690264267601,0.0021325735073695487,0.014001496504043611,0.009308088417780429,0.00489799130481459,0.005541703641440159,0.0025252273182886885,0.0,0.004191490570768929,0.0035669517676983455,0.002800273850817105,0.004380653438889555,0.0028742516798626796,0.00015910544678073734,0.0,0.0004260836909314761,0.020912034325147304,0.0,0.0,0.0,0.002395758825885224,0.0,0.004108299193771695,0.002556927667352129,0.0028141194383284685,0.02243343782805739,0.0022851625423084177,0.006327512983801112,0.0,0.0,0.0,0.018719768559696034,0.011053265818293476,0.0023210403497787462,0.009061876337085223,0.0,0.0,0.0,0.0,0.0032774337960077725,0.010410341783917807,0.004827928702132811,0.0,0.001054827719871547,0.01002119619553535
200211,0.03135965818968486,0.0017076607194098886,0.0001082333285615902,0.007933149667939236,0.014960970415227943,0.00884345075078806,0.0,0.008371058799609555,0.011954246921266535,0.005111508602352447,0.0009308750133140953,0.002975327063193553,0.0014451340733098862,0.011298163611027277,0.004649929432098136,0.0,0.01450126736721145,0.0,0.0,0.0034587752349484104,0.0010686391911497572,0.003126491973318212,0.0,0.0,0.0033722046132954892,0.011680852732959636,0.0,0.00033952159936397264,0.0,0.0007411650869572402,0.0,0.0,0.00030551365044978674,0.0,0.0017728847182765114,0.006550083703394383,0.0034911192431626896,0.0016286060009638942,0.006933036422223268,0.0,0.0035391407964702483,0.0015734392451863045,0.0,0.005811436499450541,0.0018322873978469751,0.0031504433914825727,0.0,0.00643474159926274,0.0030000761670135614,0.0,0.010214422872517474,0.010525967307450356,0.03488359984603534,0.00022137120906206846,0.0,0.003173120478868308,0.001202195619781843,0.0,0.0,0.0,0.0,0.0074486515134692295,0.0,0.0008693754676727493,0.0031446438286581394,0.012148213581726127,0.0014602364251198503,0.0014796410459567452,0.006542446699216359,0.0021149684786762484,0.014487668957993674,0.009616310035678617,0.005078815120755009,0.004931167677521509,0.0024759328672356038,0.0,0.004551727111004849,0.0031185096957595587,0.002812444541516034,0.00438854257216187,0.0032555772593041614,8.247540870136367e-05,0.0,0.0015909096958018993,0.021529681334689934,0.000263297841591102,0.0,0.0,0.0022727664751400352,0.0,0.00376362176318482,0.0027362418367446574,0.0028344773406667567,0.021910853782540436,0.0022150535838208188,0.00615676723273363,0.0,0.0,0.0,0.019685224945821964,0.010903670909418012,0.0019831484645379182,0.008867729885359816,0.0,0.0,0.0,0.0,0.0031256314790773037,0.009902371078944159,0.005114356760148568,0.0,0.0013000710288797348,0.009836468751749528
200212,0.031680610437980775,0.0019183802030750812,0.00019807419178310105,0.007890814274402563,0.015157500073309627,0.008634152324775131,0.0,0.008689144891433355,0.011943108176539272,0.00470987209751667,0.0007486131184158516,0.002269813832882611,0.000577013562839834,0.011697210320388503,0.0043267889150666325,0.0,0.014465232465329922,0.000142095017383588,0.00020350762505840495,0.0035405974337093366,0.0010856140278125825,0.003329639920797389,0.0,0.0,0.0037092516594926226,0.012464539594693552,0.0,0.0009228366322334688,0.0,0.0010063518582119314,0.0,0.0,0.00035987446167145567,0.0,0.0022953001390772607,0.0061584547766061985,0.0034531970276718417,0.0013312170185934282,0.00697506259543904,0.0,0.0035228331121570106,0.001158890547684231,0.0,0.0058486297115276815,0.0016900583574261136,0.0032818067940937707,0.0,0.0061061279371538765,0.0020489309749614536,0.0,0.010265082207847076,0.010186179960863457,0.035292742425264735,0.0012563349353217565,0.0,0.003074088529316097,0.0016842528502153213,0.0,0.0,0.0,0.0,0.007471376682695229,0.0,0.0018038813356562107,0.0032608341778762252,0.012527305511882265,0.0014655246913683568,0.0023883255683939805,0.007028878991214107,0.0023704932171852294,0.014243089326935797,0.00947986827205003,0.005240844141989912,0.004740475405340024,0.0024063299683303786,0.0,0.004923946169226069,0.0038330750871423827,0.0017034744233310197,0.004215639975377579,0.0037488740235494464,0.00014580488575231142,0.0,0.00157142968318487,0.0220457300372086,0.0004051056439885248,0.0,0.0,0.002498238511060831,0.0,0.0038006129350572726,0.002809285011615503,0.0029062457819346924,0.021463515083341732,0.0021754906455665303,0.006904652457126197,0.0,0.0,0.0,0.01942626044094205,0.01111775104518123,0.0020204647056120016,0.008983375984975967,0.0,0.0,0.0,0.0,0.003031664883499843,0.009615156928264453,0.004849078661241803,0.0,0.0008855893605626905,0.009054413106254926
200301,0.03141280372177767,0.0015360055332201607,3.0679419373376394e-05,0.007842742334612357,0.014987875086450018,0.008119338084449883,0.0,0.007801317432904518,0.012402069541955394,0.003922920078988833,0.0,0.003029597171415132,0.00044872300179754886,0.011528574333503712,0.003958377012574385,0.0,0.015088085053332688,0.0,0.00014962943264981024,0.0037989594445669234,0.00039388022154677094,0.003255760129790745,0.000267073271532293,0.0,0.0033869593090924822,0.008743465747996157,0.0,0.0004244711590231665,0.0,0.0005154111745863595,0.0,0.0,8.228022020261987e-05,0.0,0.002034795191110182,0.0067928434267614055,0.0036722795191144286,0.001146368368880275,0.006930137632394438,0.0,0.003965020717820473,0.0010982277658328225,0.0,0.005785319567702891,0.0017330312020631905,0.0036317038948855463,0.0,0.006147931960656611,0.002472434742998363,0.0,0.008030662290198203,0.0103745754734286,0.03503702582554442,0.0011223048330124565,0.0,0.00325892899619093,0.0,0.0,0.0,0.0,0.0,0.005004070984714303,0.0,0.0019981946751706945,0.0030250844322545828,0.014100547561808154,0.0,0.0011871925085489374,0.005861487596938579,0.0019119308995655406,0.013665446187958931,0.008236484833478906,0.004604880878726795,0.004166344339242547,0.0019998962663396384,0.0,0.00555304786386674,0.003161238623191475,0.002253407025003723,0.005475110474001692,0.003781860717306532,2.378851419852704e-05,0.0,0.0009604337700630512,0.022712082202418986,0.0006400234361308605,0.0,0.0,0.000738766510984159,0.0,0.003514627780242427,0.0024288964165633735,0.0030579704149579106,0.019829373647802573,0.002006336317647699,0.004693694751285885,0.0,0.0,0.0,0.019694524484693884,0.010514987277775199,0.002199091545160518,0.008811758351508254,0.0,0.0,0.0,0.0,0.003318766019745046,0.009345963805451742,0.00427021932934025,0.0,0.0,0.009113618214733154
200302,0.03146688729913049,0.001405877289901701,2.2975561352661464e-05,0.007741487700406224,0.014685137041103436,0.008108192772403164,0.0,0.007579071116844389,0.011590392291456815,0.002757576653491073,0.0,0.003185761443393954,0.000729119768019175,0.011264090016273062,0.004239902353036267,0.0,0.014741321378449546,0.0,4.569058978394881e-05,0.004176484613322219,0.0004947563398579578,0.0033584200499379943,0.0005370474719419765,0.0,0.0031338483901077185,0.00743724378325356,0.0,0.0008865567503466634,0.0,0.0003936295715660654,0.0,0.0,0.00014506062953976542,0.0,0.002270121039192976,0.006147389015270287,0.004020219434745743,0.001455823261389218,0.006418935537620036,0.0,0.004291049765375889,0.0008390352018019056,0.0,0.006246606588127607,0.001583989728902663,0.003400450782772145,0.0,0.006226977436911853,0.0030081382356909616,0.0,0.007355486702612524,0.010793464575498032,0.035332164265938854,0.0024162389049810894,0.0,0.002386167597320124,0.0,0.0,0.0,0.0,0.0,0.0045871434773448,0.0,0.001898001642780581,0.0030228198165931073,0.015784442942016554,0.0,0.0017540060427632745,0.005599176060330864,0.0021081530089794675,0.012928586889662533,0.00818574881743497,0.0042996200938875025,0.005225596895401303,0.0013668580560480183,0.0,0.00585601506802221,0.002718357226199417,0.002510811082295364,0.005580327598048602,0.003175061238414847,0.0,0.0,0.00026596331449278254,0.022022572032280623,0.0003722897917271117,0.0,0.0,0.0005445584724815243,0.0,0.003311137925622464,0.0021223205455927216,0.003102962376665631,0.019972105630139184,0.0019514861398467317,0.004198349885857053,0.0,0.0,0.0,0.019031263642301916,0.010055105409056504,0.0025725402916014868,0.008993751772232515,6.280851475796149e-06,0.0,0.0,0.0,0.00325764794715999,0.009859034036577046,0.003798485268710959,0.0,0.0,0.0088648056099855
200303,0.03148760126728086,0.0017049389887568889,0.0,0.007437579496731361,0.01464376973205369,0.008409861624749278,0.0,0.007431805556855792,0.011376566399404663,0.0034206269733002923,0.0,0.0032614754407251363,0.0004949670749897049,0.011195034985670507,0.004029945682098627,0.0,0.014736802576570535,0.0,0.0003347767134881474,0.004458761080108006,0.000370244626865931,0.0030006103840312715,0.0007475918457043893,0.0,0.003105388377961218,0.0076763496012671115,0.0,0.0005762468254578864,0.0,0.0003734007306118424,0.0,0.0,0.0,0.0,0.0017542539639981516,0.0060014392904308295,0.00416961287332661,0.001019880874098846,0.006490727082659591,0.0,0.0046023139036694095,0.0007278044438224703,0.0,0.0059682318926555416,0.001283841212045353,0.0035341275960889436,0.0,0.006175259017335336,0.0026686263815471315,0.0,0.007812741247678326,0.011118005438363318,0.034959360374429226,0.0024101659484999116,0.0,0.002546025663983605,0.0,0.0,0.0,0.0,0.0,0.004456304766469514,0.0,0.001487930275468376,0.0029260777545833776,0.016459618232264953,0.0,0.0017034704505109615,0.005694261589077045,0.0019436088687172835,0.012971039540128881,0.008259998666906174,0.004418200773729291,0.005164704499293635,0.0011396388058981211,0.0,0.005661781229778429,0.002509747657862912,0.002864881105335024,0.005344565300523623,0.0031963725106172554,0.0,0.0,0.0005423117477565595,0.02214710417690353,0.00015234156841738327,0.0,0.0,0.0013259315540676481,0.0,0.0030344285013413196,0.0018614681542691493,0.003479704540894579,0.020158361897524072,0.0018747472443499014,0.004339407767711995,0.0,0.0,0.0,0.01925796303745551,0.010108762357107828,0.0023463685831947656,0.008987963221601307,0.000610574992499163,0.0,0.0,0.0,0.0032104304051257908,0.010022951694098656,0.003712760893267144,0.0,0.0,0.007889217659136903
200304,0.031451323526906445,0.0014354959422887444,0.0,0.007863313629320997,0.01491225223266805,0.008557751357783397,0.0,0.007134400836292069,0.010862733739982184,0.002810571328391198,0.0,0.0037277080448641525,0.002039434233473206,0.010692671374316187,0.004263802602060943,0.0,0.014297880819192421,0.0,0.0004589887481704268,0.004456605724359573,0.00034006755212670904,0.002951767131359476,0.0009174997914606951,0.0,0.0029721536950233886,0.007385355039295862,0.0,0.00135741928666903,0.0,5.6983133660174874e-05,0.0,0.0,0.0001023748854703079,0.0,0.0022132085733522415,0.005510478914074835,0.004376926106570247,0.0011372271005418157,0.005744805884177457,0.0,0.004429534479377169,0.00021774585515308028,0.0,0.006153380921653258,0.0015250057889742979,0.003944438523662049,0.0,0.00633093221056633,0.001172432217714842,0.0,0.009218050030992214,0.011612148242730417,0.033720078105919066,0.0017407546848983502,0.0,0.0024391258920708255,0.0,0.0,0.0,0.0,0.0,0.004829694648519542,0.0,0.001948976959472884,0.003129253245685715,0.016895710349244437,0.0,0.002220635278301368,0.005570305214651549,0.0019680197595022563,0.01380910872895186,0.008106222347871133,0.004410186727313068,0.004026284321390943,0.0010841572714794861,0.0,0.005287130319216712,0.0029653422882989938,0.002838855063059058,0.005498378267311477,0.0029470050270043865,0.0,0.0,0.0,0.02128103459655708,0.0,0.0,0.0,0.0009463092413771265,0.0,0.003028693359109604,0.0017729623036249744,0.0035099114747440116,0.020574059443660666,0.0019372615187145039,0.003947285610034129,0.0,0.0,0.0,0.018923942831954005,0.010356238432170371,0.0025880589585475736,0.009250882949273904,0.0005974909299932644,0.0,0.0,0.0,0.003152288421655819,0.01050837045179083,0.004050994807656277,0.0,0.00016808462721386248,0.00736988322507112
200305,0.031236384165022717,0.0014668159145295014,0.0,0.007766114979337691,0.015028900920055228,0.008504000154574792,0.0,0.006653181547106792,0.010248647045438129,0.0025300654189068478,0.0,0.004139397254866082,0.0022940003053151872,0.010466352719770733,0.0045396485915952306,0.0,0.013807499470320454,0.0,0.00031877676608213317,0.004638752311094803,0.000237928812852333,0.0031745951146020484,0.0009534904618591385,0.0,0.003009814791947669,0.007220028663828384,0.0,0.0014397273770691023,0.0,0.0,0.0,0.0,0.00016152471254171952,0.0,0.002127153714718519,0.005069872810156701,0.004581493899292235,0.0011976130198914133,0.005269180901351961,0.0,0.0043344183083315795,0.00027204123862022996,0.0,0.006546732493078198,0.0013788260432683723,0.003980056981158873,0.0,0.006162466736864281,0.0,0.0,0.010554782263315026,0.012085627655871579,0.0340079161984934,0.0017310831650801258,0.0,0.002378021207011314,0.0,0.0,0.0,0.0,0.0,0.004599112950159499,0.0,0.0017257841401040208,0.003206621320997862,0.017495408754280406,0.0,0.002698553249380273,0.005806877053735273,0.00217132679494151,0.014049744042106623,0.007720850169966187,0.004500947017344694,0.003980897862802085,0.0014451114843595158,0.0,0.005210178563507585,0.002930462885262407,0.0024972516391349097,0.005642953665409824,0.0028078373812625295,0.0,0.0,0.0,0.020893072951354775,0.0,0.0,0.001674075960113453,0.0006549039852085746,0.0,0.0030640296414379694,0.0017814846780157692,0.0035687432617445727,0.02033466902115558,0.0017874276215688893,0.003912576398325583,0.0,0.0,0.0,0.018738420048979073,0.010627905742292028,0.002539189992359041,0.009145506334931996,0.0007567165425834861,0.0,0.0,0.0,0.00312359002094396,0.010862648063759386,0.00434854099551191,0.0,0.0006605964869428163,0.007596288498228703
200306,0.030338136170604706,0.0011772119195107272,0.0,0.007860666699081767,0.015053840574162827,0.008460919808079214,0.0,0.006266502969743858,0.009412584745845574,0.0020592233552773104,0.0,0.004409216335565451,0.0030033820832061032,0.009569833859993044,0.0046476926919663255,0.0,0.013060711706036248,0.0,0.00022168875536349343,0.004543426925419914,0.0003578733181015647,0.0032604739045908027,0.0010209701186338252,0.0,0.002852642907008114,0.006352832416482379,0.0,0.0019184148311652076,0.0,0.0,0.0,0.0,0.0005454730194000992,0.0,0.0020987906338951322,0.004465598430974459,0.004654912906471296,0.000978805738811569,0.004803843451644406,0.0,0.004627409670538588,0.0,0.0,0.0064912573293191235,0.0014362860816185942,0.004153217190199642,0.0,0.006314507960713304,0.0,0.0,0.01163422711570025,0.012853266776407841,0.034228111339759976,0.0011662848263757244,0.0,0.0019488632323487957,0.0,0.0,0.0,0.0,0.0,0.004087380533897324,0.0,0.0025211866429984695,0.003585570860665496,0.017178982511613487,0.0,0.0024956390863134967,0.00624785048416821,0.002465914649965725,0.013329050804962866,0.00770578778028698,0.0046981251357819465,0.003702643018014831,0.0014557926755022195,0.0,0.005432285233047045,0.0031624624426320395,0.0018081586773819366,0.005600538071772792,0.0023680563233947813,0.0,0.0,0.0,0.020311974376165946,0.0,0.0,0.0010691794659005707,0.0,0.0,0.003236744383005514,0.0014883398938752297,0.0033093825651062917,0.020010314011342224,0.0017459919619851423,0.0036297196465358813,0.0,0.00019076472481105303,0.00023526356235844135,0.018371142428396627,0.010040068650240406,0.0028359375673378795,0.009342186300933536,0.0008932203923678933,0.0,0.0,0.0,0.0030846317113428705,0.011218507338827774,0.004768941171293358,0.0,0.0012739484178615652,0.007251596577187308
200307,0.030896851277863787,0.001105837808850933,0.0,0.007465628718920647,0.015022020803181456,0.008535971441755563,0.0,0.006552850946798977,0.009282048831585269,0.0018517161785412204,0.0,0.004065425069852969,0.003649057739358747,0.009834804140984976,0.004679135633339795,0.0,0.012996023170847767,0.0,0.00036431569809564947,0.0044101072748163215,0.00016829408076550869,0.0032470808388043596,0.0011850700998496898,0.0,0.002874667005815882,0.006510257769507646,0.0,0.0021696440949842064,0.0,0.00017664036209894451,0.0,0.0,0.0005068387533664978,0.0,0.00303134855974414,0.004200697169019135,0.005002756750899597,0.001155376035592086,0.004806149944813218,0.0,0.004766487940919795,0.0,0.0,0.0065727402327489465,0.0018396767744690698,0.004200322787474515,0.0,0.006407986970547399,0.0,0.0,0.011749464372802821,0.013180076908020604,0.03426974170636814,0.000931448689969708,0.0,0.0016047351480088774,0.0,0.0,0.0,0.0,0.0,0.0044855214313886446,0.0,0.002541060566491165,0.0033298083815358646,0.016514652592943983,0.0,0.0020899677730701017,0.006243770775049697,0.0026363404973160074,0.013369502264112702,0.007636567835959107,0.004685214041395732,0.003954851119337393,0.0015501505760797366,0.0,0.00576744413883881,0.003093072287135481,0.0018096119132154638,0.0051929154476653,0.0024752114527796776,0.0,0.0,0.0,0.020222110720040345,0.0,0.0,0.001331519939945478,0.0,0.0,0.0032553841858421135,0.0017156032835608296,0.0034810526727101377,0.019854060428342892,0.00196850989089783,0.003530218037680429,0.0,0.0003436138822056619,0.0003137066594583786,0.018643805612506736,0.010200211982433144,0.0028713166286006724,0.008832660581775896,0.0003654814772337502,0.0,0.0,0.0,0.0032982133114646864,0.011283077318645366,0.004557873452534968,0.0,0.0010285316780377445,0.007332409429125473
200308,0.03149616348486747,0.0007472696539255851,0.0,0.007466969703062505,0.014883278823412716,0.008409374839908088,0.0,0.006918104140588071,0.0089525401936792,0.0021249909520645025,0.00021390153283065117,0.0036601109030623925,0.003862836835801279,0.009871216243287902,0.004506280275487826,0.0,0.012905908897277935,0.0,0.0004855188351369622,0.0044182575088070365,0.00035533141132975375,0.0033445959047402325,0.0013471306428287306,0.0,0.002987867217576088,0.006868349052889181,0.0,0.001987552795855174,0.0,0.0002757611707460365,0.0,0.0,0.0006596872649665637,0.0,0.0032309556863019287,0.004088923883182121,0.004968247546145405,0.0011840507658345987,0.004702696040404532,0.0,0.004579893842077245,6.239853049548475e-05,0.0,0.007170355805425724,0.0016287249879821566,0.004427438250593418,0.0,0.006537084219345642,0.0,0.0,0.011492103306645235,0.013098652432742282,0.03428473286516023,0.0011525695407039022,0.0,0.002040505546325537,0.0,0.0,0.0,0.0,0.0,0.004777184452722077,0.0,0.0029081572377445335,0.003486485833776254,0.016978851356290788,0.0,0.0023754794553232776,0.006400218831745173,0.002769182135541775,0.013175023538951025,0.007317347322824358,0.004467072582448997,0.003881998130853479,0.0014118299511710185,0.0,0.005719431324005092,0.0032243343003620184,0.0018118502112826418,0.00494662634681805,0.0021500572963749106,0.0,0.0,0.0,0.020768105191248158,0.0,0.0,0.0005976217639439592,0.0,0.0,0.003212790322719722,0.0019228641441333576,0.0033612727465162787,0.019847108854472092,0.0019170102857492795,0.003681658177329178,0.0,0.000502651240087195,0.0005027465537289008,0.018777568950648384,0.010361208287483773,0.0030545003210152265,0.008843693434588651,0.00039516411384383213,0.0,0.0,0.0,0.0031411709922055933,0.011456038777908786,0.004615725949303584,0.0,0.0010736950963051578,0.007100855404511652
200309,0.030875565092496,0.0009219948663610032,0.0,0.007410890074470992,0.01492128600955036,0.008104337337949756,0.0,0.0068167583327871486,0.008155720185057839,0.0017145275293317446,0.00028261426268633285,0.0036400191945293154,0.004112186432723727,0.009768460405651304,0.004254124447248562,0.0,0.01238292810255034,0.0,0.0008514198531113976,0.0041210716580239466,0.0003337809290267828,0.0032808839631104634,0.0014364412549054163,0.0,0.0033925322323816298,0.006180812391969651,0.0,0.002069553111574618,0.0,0.0003479438563568232,0.0,0.0,0.0006753382272950689,0.0,0.003552458105485434,0.003367188776460871,0.005116298501510677,0.0010570329076729735,0.0042897488398543505,0.0,0.004909377628420671,0.0,0.0,0.007410782248532719,0.0014506094196480243,0.0046413732409439565,0.0,0.006739259874190875,0.0,0.0,0.011899449349974976,0.013758240931976294,0.03431010489257927,0.0013144321823393655,0.0,0.00100243832102652,0.0,0.0,0.0,0.0,0.0,0.004966456860921989,0.0,0.002787642346871939,0.0032992848165901293,0.016814508189502194,0.0,0.002020843098924251,0.006529525390424107,0.002697978521407985,0.013312792327291791,0.007178383152975426,0.004409155984662577,0.0044890401279205966,0.0011744718386192314,0.0,0.005582070737606728,0.003313132986574081,0.001295872655986502,0.0046346484854442455,0.002266795783682025,0.0,0.0,0.00036834525109976805,0.02042853032513224,0.0,0.0,0.001176598455066989,0.0,0.0,0.0031261796400492946,0.001865668041609487,0.0036065030300933302,0.019856560300348623,0.002055870275831367,0.0033899493349965324,0.0,0.0005310545121990026,0.0007685756693164035,0.01844374320099999,0.00991157785980342,0.0034634666767008023,0.008784890948692475,0.0004687159795728182,0.0,0.0003760184836029072,0.0,0.0033676057394129775,0.011018874688753344,0.0049771293380323324,0.0,0.0012364500770300027,0.006972995353467601
200310,0.031029082471874393,0.0009626579193101737,0.0,0.0075661252461036044,0.015119668222425454,0.008385508823296743,0.0,0.007016826274616982,0.008780521842000871,0.0022797904112419175,0.00021380558567585326,0.0031400476079056897,0.0033996700766022953,0.00980146303786645,0.004519890631313417,0.0,0.012767929581801354,0.0,0.0004329983259399936,0.004379772523411301,0.00022570869355034013,0.003080997544957317,0.0013670915469407737,0.0,0.0032279065537677335,0.006344277646091167,0.0,0.001309036374527751,0.0,9.71450045345491e-05,0.0,0.0,0.0005657051962830864,0.0,0.004056067336778424,0.0037482153618983447,0.00476658314439801,0.0017042170994556413,0.0043890916181348084,0.0,0.004530872744216672,0.0,0.0,0.006965656829451348,0.0016183901002415956,0.004927858803081361,0.0,0.006819592408829133,0.0,0.0,0.010220338196744061,0.013102008255315226,0.033983474838085,0.0015449681962649614,0.0,0.0009082674002742897,0.0,0.0,0.0,0.0,0.0,0.005438946013587145,0.0,0.0031135310598125435,0.003376218499262427,0.01727167231847192,0.0,0.0026004437967250627,0.006430233513154482,0.002493244270768842,0.01332449543881115,0.007254337515371957,0.004551052509306681,0.0053119411043599145,0.0013137313657887784,0.0,0.0060855891148161355,0.0031204278888735757,0.0015891982118088717,0.004355262470335343,0.002333933928322208,0.0,0.0,0.0,0.021198050274463084,0.0,0.0,0.0005095062217322639,0.0006466363590235929,0.0,0.0032084668338746136,0.002288599055821899,0.003392824673225863,0.020634502651883734,0.0021861962186075293,0.003367780640999297,0.0,0.0002825260431407121,8.573681027934965e-05,0.01840754154156011,0.01004239450679804,0.003357560750684538,0.008834399671214384,0.00028992639343238826,0.0,0.0,0.0,0.003302665858330798,0.01131330029156683,0.004471314430849845,0.0,0.0014194832938136568,0.007511983392452618
200311,0.03363768342065324,0.000380027845818487,2.9393855373553144e-05,0.008062800186325027,0.015463360956449996,0.009094379255012388,0.0002518809076421666,0.00785110395181651,0.010887325208150061,0.00315296046123152,0.00031925059291645853,0.002357700001785626,0.002303829566099105,0.011017415409637663,0.005157707272040357,0.0,0.013765180682558513,0.0,0.0,0.00512880737058295,0.0004331931611356448,0.0028196650665369,0.0013719670873835433,0.0,0.0032440159028662907,0.00852456810542251,0.0,0.0008713896871298446,0.0,0.0,0.0,0.0,0.0005887440763568413,0.0,0.003516760630432014,0.00501958610768504,0.004866551480157704,0.002459589933616275,0.005417336081615675,0.0,0.004216955451494391,0.0009269111152024678,0.0,0.006614093934838537,0.0012886860746178423,0.004700186077858925,0.0,0.006299199156283855,0.0,0.0,0.009364906077188189,0.012357404152403377,0.035612156994020046,0.0001399506217413839,0.0,0.002378954167297207,0.0,0.0,0.0,0.0,0.0,0.0069992022997386145,0.0,0.003332635232939236,0.003432740656971259,0.015270336706106315,0.0,0.002458109541198641,0.005537821419173354,0.002029333603968871,0.013212226834805768,0.00759678605617451,0.004366890893491216,0.007005444478623527,0.0010957250864209915,0.0,0.006211253865670775,0.0029411139221047415,0.002253033674940496,0.004318691094565594,0.0014680651729913345,0.0,0.0,0.0,0.022212818837976153,0.0,0.00018074871251753672,0.0,0.00147612018595627,0.0,0.002987214841678036,0.002688823650455952,0.003613400685590991,0.02007636839108899,0.00198447506002371,0.004628251024953446,0.0,0.0,0.0,0.01869411868485271,0.011050932593841092,0.0031714227416112465,0.009010958607394266,0.0004720997895203121,0.0,0.0,0.0,0.0030389308158888244,0.010776799911356525,0.003730593024165569,0.0,0.000951555437340082,0.007923196501591147
200312,0.03309879687974915,0.0006190121045089516,0.0,0.007952685035039545,0.015303447975423563,0.008686634473791392,0.0,0.007812694064707675,0.009949751191179862,0.002068035276300284,5.439100971605957e-05,0.002290303880077989,0.002688763841093977,0.010988407436945456,0.00499754590152277,0.0,0.013485437357316433,0.0,0.00029053530824920884,0.004830153622962936,0.00032833393333626064,0.003037796231076981,0.0015573373924473149,0.0,0.003104862059939173,0.00746146579282109,0.0,0.001431024014901285,0.0,0.0,0.0,0.0,0.0007269204790656611,0.0,0.0034031201626709803,0.0043563176307471465,0.004890354936115999,0.001891191177400641,0.005097826592436345,0.0,0.004501927737598952,0.00047606370229776924,0.0,0.006667159393080475,0.0011348495249770367,0.0045249493895085134,0.0,0.00672178761417917,0.0,0.0,0.009963448062497285,0.012483758884653227,0.034671050184226455,0.0006970480960987804,0.0,0.0013493365672446092,0.0,0.0,0.0,0.0,0.0,0.005816614979654742,0.0,0.0024305024531007515,0.0036738774831637402,0.0158996001980427,0.0,0.002664068901817009,0.006262524321637168,0.002324598480789864,0.012813108435348422,0.0078063440164993746,0.004119582021697224,0.00683572166249664,0.0006777338320494523,0.0,0.005820729034424412,0.002742057854992931,0.0021706533298853628,0.004213092359956067,0.0017577203058073555,0.0,0.0,0.0,0.021739806959818416,0.0,7.179616827170617e-05,0.0011236868449962098,0.0008734161513419936,0.0,0.0028712378585815145,0.0022323718319743036,0.003805256312533198,0.021147918103864172,0.00201836873295984,0.0040956586414998405,0.0,0.0001614454346343177,0.0,0.01851382382740111,0.010506745720929836,0.003305330864139245,0.009079505000059798,0.0006757643695209402,0.0,0.0,0.0,0.0031053968327408622,0.010997762445100678,0.0040122541867274155,0.0,0.0010820035240947199,0.007685270179841572
200401,0.04581951692768233,0.0028728796350366535,0.00033562990364155383,0.008903743335172156,0.01582099295508131,0.010958583482261175,0.003622973419677155,0.007573889813556745,0.012175155700492499,0.002249707311589092,0.0005549175130913614,0.003152478121717269,0.004854560121689922,0.014083309400951155,0.004987738154303098,0.00019708860453619188,0.0141567621018571,0.003384233268169619,0.0014673515894541504,0.006855243803612751,0.002056259192682098,0.004188800261901778,0.002781548165821153,2.542778420846356e-05,0.0036681935432963907,0.00993826051781745,0.00041546210446821984,0.0022222555694803993,0.0,0.0013551041283865338,0.0005745488766839486,0.0007980221456740048,0.0012935519759826916,0.0010153526645268363,0.0069402589259063945,0.005813626434597329,0.007289024684945155,0.0025225438614017615,0.006782026235048675,0.001102568308901391,0.005408856447858361,0.0016213549131413058,0.00015296710875773955,0.008532132081734105,0.001937458237161398,0.004693234085501868,1.4567794174651975e-05,0.008154625060546743,0.0009125913442203392,0.0028200910180574412,0.019165993773076137,0.013145669237923006,0.03535013527548329,0.004409157818875038,0.0025605100961158043,0.003302996786503515,0.0019012476762518792,0.0,5.315713203734066e-05,0.001111367185203243,4.2526979709692454e-05,0.006782034396198676,0.0048295250707811035,0.0014963007271369159,0.005341312617346492,0.02194853911347277,0.0007115012149627088,0.005830300907525152,0.00581956026651269,0.0033538448054404087,0.01385186025478993,0.008592367176566168,0.005904187102953209,0.0072024588144223405,0.0025334697191961536,0.0016357404433677532,0.006476638006365904,0.0037772711266149677,0.004299573609584653,0.005817677655368421,0.003085798437376036,0.0017193070924995295,0.0006051341067051091,0.0007259574815585122,0.023150172672218597,0.0008096583660988094,0.002749313735681788,0.003879947473499282,0.0028210597881135973,0.002069129588549697,0.004851734038143989,0.003643073796576891,0.005277235829294065,0.02141221352845353,0.0025728863368752915,0.006013530997210792,0.005174799654733998,0.0018830191229225355,0.0027650493772690076,0.019217309643744546,0.014797985613592076,0.003954637085210661,0.009377466596592604,0.0015478210958542523,0.0009470510650552011,0.0002008274201652721,0.0008197659499193844,0.003996346202482332,0.012339376244059874,0.007743844187701611,0.006997306254399594,0.006755931259937055,0.015209601041559802
200402,0.044897109192638486,0.0026642777228385447,0.0006159220070136363,0.008830815958183634,0.01576684191608762,0.010936387437115872,0.0033906100890324425,0.0077222833497420885,0.01174139661377432,0.002602643341258089,0.0005680603934611672,0.003434289140708807,0.005094483981239329,0.01416296568217696,0.004747722295928295,0.000210572526624112,0.014029516045916882,0.0031528796628917605,0.001609060301449993,0.006666389898379806,0.001932299413711385,0.0039044971035274365,0.0028200704053798482,8.929249460013338e-06,0.0036178742194098415,0.009479930749814073,0.00044219120870450543,0.0023420187484324622,0.0,0.0013145944069390724,0.0005403548939681989,0.0008665906732715776,0.0013879841962689942,0.0007502018030050946,0.00670632854873082,0.00550788882419617,0.007297683368387034,0.00216592183142076,0.0067764606884843925,0.0010926709713995869,0.005250289004914153,0.001299831166299512,0.0,0.007889136761498338,0.00215567208509376,0.005140881775039755,0.00028508382322035787,0.008686846400606305,0.0018759261550368163,0.00295955289984605,0.018969231275753232,0.01329823384606688,0.03501411626859298,0.004590800979108647,0.0023414892563165695,0.002993102560710986,0.0017071003933199738,0.0,0.00021686179491329735,0.0010442090463585291,0.0,0.006557639182048526,0.004312338035329992,0.001786937251911957,0.0057387174359345055,0.02136672975108273,0.0007915051131428061,0.0053056553416240305,0.005738552249211042,0.003702027291492549,0.013878088656062992,0.008908204776958223,0.005808273600475347,0.007392480146115453,0.0025324606162154713,0.001286696174556143,0.006572963120857372,0.00369685741640102,0.004209606723301582,0.0057765550730018295,0.0030839020489234403,0.0015434241797339925,0.0002224528456293136,0.000873009112618118,0.02310962888188909,0.0007830133983116874,0.0024818135752070875,0.004654410489434454,0.0026195991776624787,0.0020441057589286947,0.00484840969667295,0.0036440659615538107,0.005613326640781513,0.021138929718428595,0.0025962500545205222,0.005471950290301102,0.00464938689019479,0.001887897126322233,0.00262531350173759,0.018885319734355557,0.014820157086731997,0.003728815268034908,0.00930958550045242,0.0013275303413137524,0.001355598679000696,0.00039993056899319474,0.0007718000829832278,0.004004684189590899,0.012255598054335858,0.007709093816148159,0.006908356556860707,0.007134942255208139,0.015658086525498494
200403,0.04424874810588628,0.0022294017180473956,0.0005720998035404855,0.008858466307602371,0.015872864359260837,0.011276198225515538,0.003401387712276283,0.008166011711425092,0.011412859218911869,0.0027198876968578677,0.0005536707024511599,0.0028263727591623386,0.004857949139114233,0.014346193928430487,0.004810140409957505,0.00035134294490456864,0.014223552586944545,0.003281644775769895,0.0015593585855091458,0.0067977927421554825,0.0018268618818206715,0.0038354756731675795,0.003222349635760531,0.0001486778501077994,0.003564864442414942,0.009220530585624227,0.0002957523177692914,0.0023638239021444504,0.0,0.0011037257090142183,0.000968333046390914,0.000891000561156663,0.0013922414000590688,0.0008484021559764137,0.006478413467561234,0.00539043345625331,0.007125261748455541,0.0020946141484033992,0.006488967910394898,0.0012087535324457285,0.005274184710039633,0.000978635300867185,0.0,0.007700362216432012,0.0024234841869285495,0.005182640352020593,0.0006208615464060221,0.009058415580984035,0.0025254637075537564,0.0034352297283251113,0.018929816167104537,0.013374118667428438,0.03466852844610314,0.005048443114456904,0.002100752808491303,0.0023468115036642746,0.0017937791837247593,0.0,0.0,0.0011383926117210631,0.0,0.0066968853581941086,0.003088017187238236,0.001880672067837683,0.005668565949182013,0.021778919773135803,0.0005744928112992577,0.005479737121841806,0.005554958457069877,0.003911709791354104,0.013886102899087358,0.00882455561315527,0.005571939231329334,0.007282714861085292,0.0026302025413454102,0.0012607956108396019,0.006563059250104927,0.003705784214742863,0.004058503946708935,0.006141513964451608,0.0026844275050816662,0.0015413023301479375,1.02673218298323e-06,0.0010727357557540347,0.02340671805780513,0.0008081168418242039,0.0024329600686251065,0.005057472858524694,0.0027151810765719897,0.0022051535793797573,0.004957403056675455,0.0038141876541943408,0.00523838678243439,0.021057713887257943,0.0027380947004521016,0.005467696802943666,0.0045676727340249615,0.0019280605416066893,0.002726892401925453,0.018706417024865526,0.015062699442727154,0.0036938244633012486,0.00938712156640112,0.0012891137932556508,0.001957466388450263,0.0005834877447420229,0.0006406829171273543,0.004049348126840717,0.012555659999923153,0.007931136458967161,0.006990288278401333,0.007518924345214177,0.016083486991205865
200404,0.04575911438923131,0.002186131060043773,0.0005730931101075861,0.008881498547442367,0.015789878822933236,0.011432494651891776,0.003896510200585604,0.008328215723501599,0.011952178924236008,0.003556016674092223,0.0004112289066104276,0.002588279544577996,0.004536878336248018,0.014399795551853202,0.005070226762991835,0.0006353746358843561,0.01452366565221596,0.0038946158543652315,0.0015515884069459565,0.006297468985091591,0.0019864122675202853,0.0038827216371981606,0.0033017517774809376,0.00019749451140404998,0.003685419911150922,0.009494985915688507,0.000423284733031425,0.002160711207076022,0.0,0.0010897313298413819,0.00027294080035118984,0.0009987451434658656,0.00139322077941423,0.0009476497582586082,0.006032272764055706,0.005892918013351149,0.006772859195778823,0.0022646340643627683,0.006777570927620431,0.0013049070668011763,0.005101990047531672,0.0010622733641853423,9.962162473324835e-06,0.007442716590822607,0.002420800616207572,0.005193813737756192,0.0009293189808007537,0.009309200104082942,0.0,0.003396685670951412,0.01913938181466484,0.013612622883822539,0.03485518956655215,0.005403132312581415,0.0017193676902591672,0.0021394115776018027,0.002389221248099018,0.0,0.0,0.0014014996234187104,0.0003718707169803404,0.007314273089215449,0.0030427930960227477,0.0020113623073077774,0.005833301863107711,0.021709944479454138,8.862965449264763e-05,0.004697794298851969,0.005212728078636332,0.0037994589529595575,0.014318891699104224,0.008797584129226462,0.005848116215432156,0.007079456181825163,0.0029177444990668823,0.001408055163110523,0.006573523733328306,0.003629930442562979,0.004276933555875848,0.006230031227247642,0.0022345575843797276,0.0015336091593134732,0.0005738174797317928,0.000681192793632842,0.02361184307552393,0.0007686451245310556,0.00241830200720101,0.0022811319249162695,0.0032243171094955224,0.0019719179505561044,0.004682035799945947,0.003948308619699759,0.005022565296900059,0.02085857246665135,0.0025402614954002432,0.005239582788334036,0.005608551230934577,0.0017679475742363939,0.0026336041663087505,0.018683244979875637,0.01442334677712903,0.003746811353293248,0.009284972455696419,0.0014773657200222426,0.0018710961725231755,0.0006441907132925009,0.001110635968479341,0.004007303358664958,0.013324996105498001,0.0073210453385686046,0.006924485993448277,0.00786299832110216,0.015845981797614032
200405,0.04822257758211979,0.0017129328515581557,0.0011039368650931178,0.008942429504596325,0.015738329268179394,0.012653904507459424,0.004351084176682414,0.009287950519438438,0.013016508308658662,0.004708396903080758,0.00036537223799661063,0.001906624103344435,0.0035052511709337516,0.015826417093964873,0.005421673488672274,0.0024558564853457217,0.014807484337990147,0.004850716005069295,0.0013509044103036376,0.006290398886518226,0.001690221770000819,0.00425616133037825,0.0038257771907686373,0.0002670706887082453,0.0038748354445063632,0.01122036175831074,0.00016382261719850394,0.0025416176013138263,0.0,0.0006878450438924234,0.0,0.0009903802453883354,0.0013783082564277252,0.001303280623718048,0.006925439854955553,0.006711888390047258,0.00670547174644627,0.0026169526528206613,0.0072381596860775065,0.0016891366448948085,0.005419152073763929,0.0009603864110217152,2.695758099066097e-05,0.007895991362833032,0.00246570966719903,0.004381215780312934,0.0013423352207055568,0.009298293964594532,0.0,0.0030389319490211502,0.018037247113971186,0.014441459852001954,0.03531067199575733,0.005954496781139615,0.0025888738432836562,0.0037431743699852726,0.0027899063024208162,0.0003184345505252882,0.0,0.0019499068875996712,0.0006266611432547329,0.009248637458858644,0.00226321577281318,0.003001938440939031,0.005470529643741011,0.020881569787498555,0.0002735398051897874,0.0037883351911322835,0.004447427336736594,0.0037427577803781625,0.014350974420496099,0.009386674194492168,0.005521949959961483,0.007084806129550572,0.003521512031464127,0.0017958648748691902,0.006926813391110161,0.00370383710164773,0.004778635323514883,0.0062138244269951785,0.0011070357066575419,0.0010203567614996913,0.0010293911726388467,0.0004050082742437649,0.024485387007595154,0.0010219814943136368,0.0020133902867542687,0.001765078775260619,0.003871612472269154,0.0018571436069738869,0.004683416813114988,0.003880768325103225,0.005211669702195279,0.01988967986754546,0.002272658988880003,0.0060293485483518495,0.006816794656820823,0.0015028689550390247,0.0018281607365516388,0.019225045741756798,0.013912232931842655,0.003884988604753893,0.008948750775855795,0.002438633457321731,0.002999526625936267,5.3604852570843314e-05,0.001444341718415062,0.004046285892627862,0.01349543221155048,0.006302910676997502,0.005919752375025628,0.007505855610695043,0.01485897521580938
200406,0.04841498112950414,0.001916629621242787,0.000919164323419739,0.008817520586944846,0.01574502134180894,0.012702387530766095,0.00393859350000006,0.008882352574695728,0.0125933537697877,0.005085006728333651,0.00014809938643984197,0.0019287839326497622,0.0032668628125084704,0.015692725551806994,0.005958562563546852,0.0030343760924037683,0.01479196118218558,0.005137859325232869,0.0013989687150487867,0.0065550188610898116,0.0022069785098036885,0.004341338462727284,0.0038013824002457943,0.00030190456365811,0.004030724926548593,0.012053815211018126,0.00011441693021016208,0.0029565295886164406,8.323256860199087e-05,0.0008092467286433353,0.0,0.0009443364053199301,0.0015294711824554725,0.0013617833003579567,0.007343510455767504,0.006243211577924738,0.0067879894042700084,0.002515851912500085,0.00716226810815123,0.0019519442377920985,0.005966209412459598,0.0012512501391105247,0.0,0.007918927459185706,0.002494785788940561,0.0044202013927770135,0.0015604341012581595,0.009403967592191175,0.0,0.0028013592138888305,0.017633454463613606,0.014103571859566765,0.03541554321148739,0.0062477927571600814,0.002363154521785636,0.0038062666201007407,0.0031642484667013305,0.0002809985011647349,0.0,0.0024363243496598403,0.0006622576597085576,0.008978763587528681,0.0024059296562170206,0.00407712537707432,0.005461686965812336,0.020400357939242636,0.0004995521251361709,0.003908250736497609,0.004762032603895986,0.0037904486403656334,0.014172349893779817,0.00953059752109142,0.0055277989002034565,0.007065515825218358,0.003702733919507083,0.00199134141567621,0.006712842592669986,0.0030839964563047846,0.005508389966106078,0.006512816566245926,0.0005253704058733302,0.0007233441343272866,0.001254218504826215,0.00048090760885924415,0.024147241044954713,0.0010047691258890437,0.0019451774108738228,0.0008331714611708519,0.004085404167759239,0.0013844412071932289,0.00460829982197945,0.003909979527903119,0.005037780075818807,0.019527624353559363,0.002038960337480296,0.006227772868824548,0.007216074053434794,0.0016007022194672656,0.001530213349969035,0.01910000171206593,0.013650216049751158,0.0035929585647568193,0.009082986174940504,0.0033390860942637294,0.003011602223783551,0.00026712369384297686,0.0015490976052938287,0.0039235425549146285,0.013877324374408112,0.006249680166987791,0.005482031819745177,0.007279692264536321,0.014118239927369462
200407,0.04763893414389215,0.001901266067197595,0.0007802859615405928,0.008397413281818467,0.015799327815050508,0.012616366866678429,0.0036579628756623728,0.008621737988290953,0.012586438833819305,0.005367927945810355,0.00010189617696195757,0.0025326287612543927,0.0029087461701904783,0.015530596804794463,0.0061780107407145134,0.0029771032401983842,0.015139230494358464,0.0048229716220908716,0.0015846355448405015,0.006764749567642289,0.0024388635856032142,0.004350055829279251,0.0037409703949115697,0.0004724417081069791,0.004072190393583133,0.012036124833991928,3.967821894186078e-05,0.0031490960701592054,0.00010465172024085368,0.0007789931179078932,0.0,0.0008448248478988903,0.0015408668962461239,0.0014745411350184836,0.008388551923979496,0.006257630750205916,0.006699475303049066,0.002623403685849909,0.007159640254777954,0.0020825377002928343,0.006075267361185331,0.001772751132176324,7.641779441619298e-05,0.007906331832807456,0.0026276404188497952,0.004865992834058985,0.0015602962459540085,0.009419883555493079,0.0,0.002474971075827041,0.017909050995309803,0.014055532534766099,0.035337721195546894,0.006164657702911917,0.0022106522047248816,0.003829374683259369,0.0034235594646709676,0.0008975198219033079,0.0,0.002416272612235625,0.0009169156741953645,0.009155256225966977,0.0019019512975380717,0.004241691613496362,0.005334172850527955,0.020475943501517546,0.0009389229044891319,0.003958855919469776,0.004688318247583385,0.0037000805841224255,0.014022690158888344,0.009421404971603094,0.005267981024819536,0.007009158962202475,0.0036724955754580484,0.0018628943748323777,0.007260336274611606,0.0030320416134963207,0.0053918229501813165,0.006643620796346218,0.0005158130878200599,0.000714386144154352,0.0015042587413948243,9.794520426203884e-05,0.024116848486041273,0.0011019701576430148,0.0017698714352620865,0.0005017305974197185,0.004654114112369359,0.001398199167594647,0.004615574742519653,0.004053491622612149,0.00501474356674,0.01934611724307023,0.001956584753441175,0.006219874361514239,0.008415862679724807,0.0016777477279926283,0.001596689063473294,0.018927645803823428,0.013767602777392411,0.0034782941969900205,0.00896936441931905,0.003367183549653618,0.0032504745211909074,0.0003727395300783941,0.0016015636632524142,0.0036623959611526884,0.013901611673226795,0.005849229788152015,0.0054195159512814275,0.007735362945174462,0.01418936060051518
200408,0.04669572100470351,0.0018141762275451492,0.0009896255661625772,0.008301213207376604,0.015627490984353246,0.012209559252392595,0.0035221685761160854,0.008036257836868352,0.012534875637136844,0.005164148473753393,0.0,0.0025166451051231086,0.002776037553908568,0.01565060666004239,0.006421921914549268,0.002646677469083158,0.014967071042237984,0.00510800613942285,0.002094014230426548,0.006454602470160398,0.0030151277489671373,0.0046898672304440305,0.0035634118000702677,0.0005464178565990702,0.004117128519790201,0.011830723073247632,0.00028184497127326365,0.0030670881578584662,0.0006826167824434373,0.00023138420521463067,0.00013403925042762836,0.0010334511472231567,0.0015643512528496757,0.0015899916615674413,0.008841999657681284,0.006565015026910761,0.0068278962898492305,0.002680573147042732,0.007165196282998318,0.0017216677674128942,0.005900126765320311,0.0019039692240056451,0.00025423993609260004,0.00821844582644458,0.0025327696525480107,0.004668826289917345,0.0015871495897304055,0.0096279003227372,0.0,0.0021331956793506236,0.01767620515130358,0.014070810544762022,0.035622460753155095,0.006643664325849717,0.0023168895090177892,0.0031826164517773097,0.0035129661089992707,0.0003262363440541249,0.0002932430837422219,0.0021842380671166024,0.0005892814890906921,0.009102752881849677,0.0010588032423893589,0.0044073228408556715,0.005455170333163661,0.019956326519633055,0.0017365515192079217,0.0039293863752776345,0.00465965270873552,0.004177101388702099,0.014220925701207773,0.009729746016909274,0.0049213774593820075,0.007348295194715564,0.0037870484849381655,0.0021203311210043836,0.007802046120433412,0.003042213856137423,0.00512782669811206,0.006745789778692721,0.00022033562464749087,0.0006642047421551846,0.001766781309732696,7.155761318156418e-05,0.024329700007993397,0.0011202234059971925,0.0017240304361965382,0.0,0.004867573784165803,0.0014106719197684958,0.004563768362312638,0.004083622837888515,0.00487519227378972,0.01884287410511736,0.0018414578244826168,0.006280413300006899,0.008636199479178834,0.0014687716696557649,0.0016644858068144382,0.018961078210601966,0.014101624851117494,0.0038792525935909383,0.00890902300195177,0.003995046260018607,0.003355726666600572,0.0007286980459734306,0.001329063428539902,0.003752884626208907,0.013835170731093558,0.0061649324254929245,0.005763822051295848,0.007791086815598561,0.014364794921927694
200409,0.046643862360722904,0.0017402567899124227,0.0008704030711392275,0.008068055635882684,0.015556092737156671,0.012502868329495037,0.003314396744476925,0.0077361542642834895,0.01240101631178612,0.005311710124142723,0.0,0.002195673573041405,0.0026883704699253892,0.015717573567047415,0.006714572564380123,0.0025350592099292247,0.015215552699556703,0.005197375454670215,0.002058700625538699,0.0066549252144408036,0.002776836811561839,0.004531097732180703,0.0036354657004631402,0.0006578472698394251,0.004252515364332425,0.012056244231200728,0.00046856485493098986,0.003377167030766538,0.0007474289034371081,0.00011093945083679097,0.0,0.000831938477971813,0.0015332245082834792,0.001988741969057806,0.007996565415702999,0.00641196499252192,0.007134324800148267,0.002761751193477951,0.007088279845056223,0.0018202759773443611,0.0061319683711389345,0.0023930564347622763,0.00011776524983303698,0.008669588354559834,0.002573999486716797,0.004415194636935357,0.0019367683200699711,0.00996244525249504,0.0,0.002718534630575446,0.018421417395847624,0.01407516980352681,0.0356946934426892,0.0067614225433132585,0.0023964187865155875,0.002550765416600599,0.004000427501328505,0.0,7.230589889989712e-05,0.0021542287376730266,0.0006961671409671888,0.009327146784757077,0.0006092409841881407,0.004333322861720697,0.005629346132777116,0.019658209246649728,0.001971062518054229,0.0038601205108741697,0.004502954616298589,0.004550756957097507,0.014119841013179679,0.010073394097725022,0.004842862315962935,0.007232194759551266,0.0039796526988866735,0.0021841751100759037,0.007769924284134237,0.0026041759771658684,0.005418824814340193,0.0070079273367575036,0.0,0.0006737269864912504,0.0023856556385843993,0.0004339849486958378,0.024948622327029504,0.0012532760264791917,0.001641192545692656,0.00019537456296657017,0.004699597613835667,0.0011859870481217886,0.004488550219471244,0.00426162241937908,0.005220740843598836,0.019026593444337946,0.0015216682196843223,0.006386199181671021,0.008622090301000526,0.0015967164315500175,0.0016794939746240742,0.018863260968780864,0.014215074230104341,0.003691250463285688,0.008869895125275279,0.004214819211838045,0.0034193249069173954,0.000956037600135224,0.001476645021306748,0.003765621913738548,0.013319029821254599,0.006040113789633455,0.005572348287421105,0.007523257528255375,0.01400387798964757
200410,0.04684829868491904,0.001836733096821927,0.0013100998775925085,0.00809428299093427,0.015620096565702322,0.012457305074337701,0.0029718001603629383,0.007063582402597728,0.012102284110740056,0.005497655677749229,0.0,0.002674183214152634,0.0023974399951676847,0.0158005251430604,0.006665440687267417,0.002375164487421015,0.015379299568462686,0.005355892515486996,0.0019228270200368765,0.00667767527546771,0.0029072147611273382,0.004695419113831245,0.004103508796183016,0.0006907497987789046,0.004403498605107986,0.012398435073711907,0.0005041769303417487,0.003278754427808174,0.00047678541809858047,0.0,0.0,0.0006656010947071765,0.0014820103735487275,0.0024441033680992763,0.007939915498328167,0.006357380631961571,0.006792170263829357,0.003096019210168689,0.0070986525090655575,0.0018374894435739832,0.006113288177140865,0.0025116614773772355,0.00022103098952605023,0.009080949114628454,0.002681581228493814,0.00480751986614526,0.0019848674464493206,0.009926605586418136,0.0,0.002621868078214189,0.018373199259231834,0.014495569981287242,0.03507614785304925,0.007062486991398673,0.0024511525330185246,0.0022238450623796643,0.003871035162342432,0.0,4.525426194270689e-05,0.0022675412471861596,0.0008060686379325798,0.00957055380801871,0.00028721841487041824,0.004487689706180355,0.005295126970137968,0.020466978195296623,0.00179013585755201,0.003656150721639436,0.00417865937815645,0.004522167200260353,0.014324128913601759,0.010035639412689685,0.004531634463250126,0.007139891275623071,0.004035034626347486,0.002309009120020391,0.008096461800809779,0.0028078539303588636,0.005135332686009653,0.007231422976909,0.0,0.0007509877576891392,0.0026394917327542925,0.0002873876084799274,0.024868498321289997,0.0011565581997811992,0.0018448213967202382,0.0,0.0048897880907232535,0.0012080759344674816,0.0044867199986081486,0.004208167324730034,0.004929810314449048,0.01870136685487469,0.001251617276515593,0.006578372176243466,0.009466489072324714,0.0014712967066881234,0.0020170731213685,0.01890583280998807,0.013809127328668203,0.0037826661903654656,0.008827960583802736,0.003959387653497729,0.00387875901092336,0.0008574984144278548,0.001539371968806984,0.0032943751887834233,0.013422115657637176,0.0053900897064700064,0.005493350528136053,0.007593122013533791,0.013914723569768653
200411,0.046874234171471844,0.0018922487496656631,0.001904034649447573,0.008089737180499353,0.015570503989285892,0.012473162238418828,0.002793439721951938,0.007118667853273018,0.012071870984951685,0.005116428803513103,1.2933153133324318e-06,0.0026280487622246163,0.0024609641027378737,0.015542862942220627,0.006422047596129449,0.002280771182042686,0.015288226485030814,0.005390619771230829,0.0018183605478334223,0.006181845491261848,0.002942255968974713,0.004737191412826418,0.0040440500757509806,0.0005106384619279059,0.004478063368223998,0.012565144804705507,0.0006037083391037628,0.0032795963224390404,0.0005990758155037173,0.0,0.0004476645419219863,0.000550395207807166,0.0015351524786025082,0.0023582420776370435,0.007448965990404955,0.006277753759580254,0.006791712241593695,0.003173618105493352,0.0070129422393423605,0.0020425963286628455,0.006237221796719502,0.00233481464438248,8.81605762138877e-05,0.009369547831715565,0.0026154603478096504,0.004911376372864781,0.002291785580108329,0.010363781563983888,0.0,0.0027454437034758953,0.0194688240310147,0.014627193836605561,0.035241802616567626,0.006951816980331645,0.002558618306458644,0.0018461363686779722,0.004623574219064463,1.3491966821924168e-05,0.0,0.0019830873821540924,0.0006716550364406917,0.009325130038802998,0.0006289190434297346,0.004275854981864115,0.005386075454717565,0.0204742915548676,0.001851242031737157,0.0035486208024384956,0.004144980532363326,0.004806704526943969,0.014169504176811325,0.009880607379718171,0.004482432552821956,0.006949400549913946,0.0036162338363520943,0.0022312296391552348,0.00810368229468122,0.0029427638502348427,0.005058502371594527,0.006775009262615567,0.0,0.0006886496886631931,0.0028662132108573267,0.00043972320655814775,0.025008962603490083,0.0011416995943675126,0.001765359847811667,0.0,0.004567858576297331,0.0011330346724518611,0.0044211306640852596,0.0041201518197411515,0.004822371167066999,0.018599810147306706,0.0012465227264394686,0.006692033021181547,0.009835483509875308,0.0013642407238791043,0.0017308690306287594,0.01898490941368571,0.013944265144032051,0.0037675129184634804,0.008855511427103994,0.00367064278662777,0.00412668853568612,0.0009654844943129343,0.0016953777092261774,0.0033964925919100094,0.01338724119395707,0.005070229421050748,0.005410046532083627,0.007675859531583995,0.013526556817134288
200412,0.04736747632004671,0.001981657230697709,0.0022118235743316143,0.008185054159210566,0.015577626243195706,0.012406901901464354,0.002978404180603393,0.0073247083887503835,0.012000735844087264,0.005072186521740809,0.00012115953298853618,0.0023470770315590027,0.0026731757008840377,0.015265498682437666,0.006247937471618102,0.0021365709868020285,0.015038170285018955,0.005417148220465567,0.0016845380938686784,0.006315679829256107,0.0029663464204597845,0.005060465823597204,0.0037715994983566997,0.0003383881222338765,0.004266616803767316,0.01228647011446155,0.0006120694297414023,0.0033135161987138304,0.001198583526986077,0.0,0.00016867960521436184,0.0006514249270093892,0.0013142610171569585,0.0023423679055884165,0.007606673953209143,0.006279941280144711,0.007071704590570637,0.0032515051803649326,0.006910034765822421,0.0018109299717221485,0.006176528839749141,0.0020494834403386604,3.127285861624293e-06,0.00962769200738764,0.0026279648757330273,0.00465119189337021,0.0026669110217172253,0.010797504367735111,0.0,0.0019000300335055495,0.018130847265877475,0.014418477585782734,0.03525297951814032,0.007315442774829806,0.002084168214491505,0.0019976230261063922,0.004117771565449005,0.0,0.0,0.00195684927856259,0.0005682107411427223,0.009037363821933169,0.001211844373456559,0.004337602596867031,0.005377038663178718,0.020020994867407188,0.0021541670228274455,0.0038956549249759874,0.004541888925800318,0.005156855876567576,0.013861686299696429,0.009993569429438819,0.004325375053297963,0.007267588698741018,0.0035103563761225485,0.0022385097425982946,0.007548526620041527,0.0029070188078429036,0.00506368633914368,0.006536220846871945,0.0001258658217676671,0.0009550842931503933,0.0031313274288704957,0.00044201223338008607,0.02526103421015703,0.0009889399387749962,0.0019602801285727965,0.0,0.004236418537593129,0.0010115532066122647,0.004297928946489636,0.0040175272895609,0.0047934614929137495,0.018564465988872868,0.001375304675227531,0.0064036765812286595,0.009316473496429329,0.001605396941500063,0.002032815884108619,0.018944238292342302,0.013807394952709521,0.003931540269816324,0.008722698111871801,0.003813287288109506,0.003720367273549938,0.0005875129293473889,0.0016863727175743942,0.0034198824607053506,0.013357256060376623,0.004887006537156147,0.0052035329601898325,0.007943859220459476,0.014219160343463613
200501,0.0,0.0,0.0,0.0,0.0,0.0,0.0,0.0,0.0,0.0,0.0,0.0,0.0,0.0,0.0,0.0,0.0,0.0,0.0,0.0,0.0,0.0,0.0,0.0,0.0,0.0,0.0,0.0,0.0,0.0,0.0,0.0,0.0,0.0,0.0,0.0,0.0,0.0,0.0,0.0,0.0,0.0,0.0,0.0,0.0,0.0,0.0,0.0,0.0,0.0,0.0,0.0,0.0,0.0,0.0,0.0,0.0,0.0,0.0,0.0,0.0,0.0,0.0,0.0,0.0,0.0,0.0,0.0,0.0,0.0,0.0,0.0,0.0,0.0,0.0,0.0,0.0,0.0,0.0,0.0,0.0,0.0,0.0,0.0,0.0,0.0,0.0,0.0,0.0,0.0,0.0,0.0,0.0,0.0,0.0,0.0,0.0,0.0,0.0,0.0,0.0,0.0,0.0,0.0,0.0,0.0,0.0,0.0,0.0,0.0,0.0,0.0,0.0
200502,0.0,0.0,0.0,0.0,0.0,0.0,0.0,0.0,0.0,0.0,0.0,0.0,0.0,0.0,0.0,0.0,0.0,0.0,0.0,0.0,0.0,0.0,0.0,0.0,0.0,0.0,0.0,0.0,0.0,0.0,0.0,0.0,0.0,0.0,0.0,0.0,0.0,0.0,0.0,0.0,0.0,0.0,0.0,0.0,0.0,0.0,0.0,0.0,0.0,0.0,0.0,0.0,0.0,0.0,0.0,0.0,0.0,0.0,0.0,0.0,0.0,0.0,0.0,0.0,0.0,0.0,0.0,0.0,0.0,0.0,0.0,0.0,0.0,0.0,0.0,0.0,0.0,0.0,0.0,0.0,0.0,0.0,0.0,0.0,0.0,0.0,0.0,0.0,0.0,0.0,0.0,0.0,0.0,0.0,0.0,0.0,0.0,0.0,0.0,0.0,0.0,0.0,0.0,0.0,0.0,0.0,0.0,0.0,0.0,0.0,0.0,0.0,0.0
200503,0.0,0.0,0.0,0.0,0.0,0.0,0.0,0.0,0.0,0.0,0.0,0.0,0.0,0.0,0.0,0.0,0.0,0.0,0.0,0.0,0.0,0.0,0.0,0.0,0.0,0.0,0.0,0.0,0.0,0.0,0.0,0.0,0.0,0.0,0.0,0.0,0.0,0.0,0.0,0.0,0.0,0.0,0.0,0.0,0.0,0.0,0.0,0.0,0.0,0.0,0.0,0.0,0.0,0.0,0.0,0.0,0.0,0.0,0.0,0.0,0.0,0.0,0.0,0.0,0.0,0.0,0.0,0.0,0.0,0.0,0.0,0.0,0.0,0.0,0.0,0.0,0.0,0.0,0.0,0.0,0.0,0.0,0.0,0.0,0.0,0.0,0.0,0.0,0.0,0.0,0.0,0.0,0.0,0.0,0.0,0.0,0.0,0.0,0.0,0.0,0.0,0.0,0.0,0.0,0.0,0.0,0.0,0.0,0.0,0.0,0.0,0.0,0.0
200504,0.0,0.0,0.0,0.0,0.0,0.0,0.0,0.0,0.0,0.0,0.0,0.0,0.0,0.0,0.0,0.0,0.0,0.0,0.0,0.0,0.0,0.0,0.0,0.0,0.0,0.0,0.0,0.0,0.0,0.0,0.0,0.0,0.0,0.0,0.0,0.0,0.0,0.0,0.0,0.0,0.0,0.0,0.0,0.0,0.0,0.0,0.0,0.0,0.0,0.0,0.0,0.0,0.0,0.0,0.0,0.0,0.0,0.0,0.0,0.0,0.0,0.0,0.0,0.0,0.0,0.0,0.0,0.0,0.0,0.0,0.0,0.0,0.0,0.0,0.0,0.0,0.0,0.0,0.0,0.0,0.0,0.0,0.0,0.0,0.0,0.0,0.0,0.0,0.0,0.0,0.0,0.0,0.0,0.0,0.0,0.0,0.0,0.0,0.0,0.0,0.0,0.0,0.0,0.0,0.0,0.0,0.0,0.0,0.0,0.0,0.0,0.0,0.0
200505,0.0,0.0,0.0,0.0,0.0,0.0,0.0,0.0,0.0,0.0,0.0,0.0,0.0,0.0,0.0,0.0,0.0,0.0,0.0,0.0,0.0,0.0,0.0,0.0,0.0,0.0,0.0,0.0,0.0,0.0,0.0,0.0,0.0,0.0,0.0,0.0,0.0,0.0,0.0,0.0,0.0,0.0,0.0,0.0,0.0,0.0,0.0,0.0,0.0,0.0,0.0,0.0,0.0,0.0,0.0,0.0,0.0,0.0,0.0,0.0,0.0,0.0,0.0,0.0,0.0,0.0,0.0,0.0,0.0,0.0,0.0,0.0,0.0,0.0,0.0,0.0,0.0,0.0,0.0,0.0,0.0,0.0,0.0,0.0,0.0,0.0,0.0,0.0,0.0,0.0,0.0,0.0,0.0,0.0,0.0,0.0,0.0,0.0,0.0,0.0,0.0,0.0,0.0,0.0,0.0,0.0,0.0,0.0,0.0,0.0,0.0,0.0,0.0
200506,0.0,0.0,0.0,0.0,0.0,0.0,0.0,0.0,0.0,0.0,0.0,0.0,0.0,0.0,0.0,0.0,0.0,0.0,0.0,0.0,0.0,0.0,0.0,0.0,0.0,0.0,0.0,0.0,0.0,0.0,0.0,0.0,0.0,0.0,0.0,0.0,0.0,0.0,0.0,0.0,0.0,0.0,0.0,0.0,0.0,0.0,0.0,0.0,0.0,0.0,0.0,0.0,0.0,0.0,0.0,0.0,0.0,0.0,0.0,0.0,0.0,0.0,0.0,0.0,0.0,0.0,0.0,0.0,0.0,0.0,0.0,0.0,0.0,0.0,0.0,0.0,0.0,0.0,0.0,0.0,0.0,0.0,0.0,0.0,0.0,0.0,0.0,0.0,0.0,0.0,0.0,0.0,0.0,0.0,0.0,0.0,0.0,0.0,0.0,0.0,0.0,0.0,0.0,0.0,0.0,0.0,0.0,0.0,0.0,0.0,0.0,0.0,0.0
200507,0.0,0.0,0.0,0.0,0.0,0.0,0.0,0.0,0.0,0.0,0.0,0.0,0.0,0.0,0.0,0.0,0.0,0.0,0.0,0.0,0.0,0.0,0.0,0.0,0.0,0.0,0.0,0.0,0.0,0.0,0.0,0.0,0.0,0.0,0.0,0.0,0.0,0.0,0.0,0.0,0.0,0.0,0.0,0.0,0.0,0.0,0.0,0.0,0.0,0.0,0.0,0.0,0.0,0.0,0.0,0.0,0.0,0.0,0.0,0.0,0.0,0.0,0.0,0.0,0.0,0.0,0.0,0.0,0.0,0.0,0.0,0.0,0.0,0.0,0.0,0.0,0.0,0.0,0.0,0.0,0.0,0.0,0.0,0.0,0.0,0.0,0.0,0.0,0.0,0.0,0.0,0.0,0.0,0.0,0.0,0.0,0.0,0.0,0.0,0.0,0.0,0.0,0.0,0.0,0.0,0.0,0.0,0.0,0.0,0.0,0.0,0.0,0.0
200508,0.0,0.0,0.0,0.0,0.0,0.0,0.0,0.0,0.0,0.0,0.0,0.0,0.0,0.0,0.0,0.0,0.0,0.0,0.0,0.0,0.0,0.0,0.0,0.0,0.0,0.0,0.0,0.0,0.0,0.0,0.0,0.0,0.0,0.0,0.0,0.0,0.0,0.0,0.0,0.0,0.0,0.0,0.0,0.0,0.0,0.0,0.0,0.0,0.0,0.0,0.0,0.0,0.0,0.0,0.0,0.0,0.0,0.0,0.0,0.0,0.0,0.0,0.0,0.0,0.0,0.0,0.0,0.0,0.0,0.0,0.0,0.0,0.0,0.0,0.0,0.0,0.0,0.0,0.0,0.0,0.0,0.0,0.0,0.0,0.0,0.0,0.0,0.0,0.0,0.0,0.0,0.0,0.0,0.0,0.0,0.0,0.0,0.0,0.0,0.0,0.0,0.0,0.0,0.0,0.0,0.0,0.0,0.0,0.0,0.0,0.0,0.0,0.0
200509,0.0,0.0,0.0,0.0,0.0,0.0,0.0,0.0,0.0,0.0,0.0,0.0,0.0,0.0,0.0,0.0,0.0,0.0,0.0,0.0,0.0,0.0,0.0,0.0,0.0,0.0,0.0,0.0,0.0,0.0,0.0,0.0,0.0,0.0,0.0,0.0,0.0,0.0,0.0,0.0,0.0,0.0,0.0,0.0,0.0,0.0,0.0,0.0,0.0,0.0,0.0,0.0,0.0,0.0,0.0,0.0,0.0,0.0,0.0,0.0,0.0,0.0,0.0,0.0,0.0,0.0,0.0,0.0,0.0,0.0,0.0,0.0,0.0,0.0,0.0,0.0,0.0,0.0,0.0,0.0,0.0,0.0,0.0,0.0,0.0,0.0,0.0,0.0,0.0,0.0,0.0,0.0,0.0,0.0,0.0,0.0,0.0,0.0,0.0,0.0,0.0,0.0,0.0,0.0,0.0,0.0,0.0,0.0,0.0,0.0,0.0,0.0,0.0
200510,0.0,0.0,0.0,0.0,0.0,0.0,0.0,0.0,0.0,0.0,0.0,0.0,0.0,0.0,0.0,0.0,0.0,0.0,0.0,0.0,0.0,0.0,0.0,0.0,0.0,0.0,0.0,0.0,0.0,0.0,0.0,0.0,0.0,0.0,0.0,0.0,0.0,0.0,0.0,0.0,0.0,0.0,0.0,0.0,0.0,0.0,0.0,0.0,0.0,0.0,0.0,0.0,0.0,0.0,0.0,0.0,0.0,0.0,0.0,0.0,0.0,0.0,0.0,0.0,0.0,0.0,0.0,0.0,0.0,0.0,0.0,0.0,0.0,0.0,0.0,0.0,0.0,0.0,0.0,0.0,0.0,0.0,0.0,0.0,0.0,0.0,0.0,0.0,0.0,0.0,0.0,0.0,0.0,0.0,0.0,0.0,0.0,0.0,0.0,0.0,0.0,0.0,0.0,0.0,0.0,0.0,0.0,0.0,0.0,0.0,0.0,0.0,0.0
200511,0.0,0.0,0.0,0.0,0.0,0.0,0.0,0.0,0.0,0.0,0.0,0.0,0.0,0.0,0.0,0.0,0.0,0.0,0.0,0.0,0.0,0.0,0.0,0.0,0.0,0.0,0.0,0.0,0.0,0.0,0.0,0.0,0.0,0.0,0.0,0.0,0.0,0.0,0.0,0.0,0.0,0.0,0.0,0.0,0.0,0.0,0.0,0.0,0.0,0.0,0.0,0.0,0.0,0.0,0.0,0.0,0.0,0.0,0.0,0.0,0.0,0.0,0.0,0.0,0.0,0.0,0.0,0.0,0.0,0.0,0.0,0.0,0.0,0.0,0.0,0.0,0.0,0.0,0.0,0.0,0.0,0.0,0.0,0.0,0.0,0.0,0.0,0.0,0.0,0.0,0.0,0.0,0.0,0.0,0.0,0.0,0.0,0.0,0.0,0.0,0.0,0.0,0.0,0.0,0.0,0.0,0.0,0.0,0.0,0.0,0.0,0.0,0.0
200512,0.0,0.0,0.0,0.0,0.0,0.0,0.0,0.0,0.0,0.0,0.0,0.0,0.0,0.0,0.0,0.0,0.0,0.0,0.0,0.0,0.0,0.0,0.0,0.0,0.0,0.0,0.0,0.0,0.0,0.0,0.0,0.0,0.0,0.0,0.0,0.0,0.0,0.0,0.0,0.0,0.0,0.0,0.0,0.0,0.0,0.0,0.0,0.0,0.0,0.0,0.0,0.0,0.0,0.0,0.0,0.0,0.0,0.0,0.0,0.0,0.0,0.0,0.0,0.0,0.0,0.0,0.0,0.0,0.0,0.0,0.0,0.0,0.0,0.0,0.0,0.0,0.0,0.0,0.0,0.0,0.0,0.0,0.0,0.0,0.0,0.0,0.0,0.0,0.0,0.0,0.0,0.0,0.0,0.0,0.0,0.0,0.0,0.0,0.0,0.0,0.0,0.0,0.0,0.0,0.0,0.0,0.0,0.0,0.0,0.0,0.0,0.0,0.0
200601,0.009351490539544158,0.0,0.0,0.0,0.009187894995688572,0.007514112952242668,0.000646627796087668,0.0,0.0,0.0,0.0,0.0,0.0,0.0,0.0008022939947712514,0.0,0.003229180690103775,0.0,0.0,0.0,0.0,0.0,0.0,0.0,4.958464182722176e-06,0.0,0.0,0.0,0.0,0.0,0.0,0.0,0.0,0.0,0.0,0.0,0.0,0.0,0.0,0.0,0.0,0.0,0.0,0.0,0.0,0.0020040116829250637,0.0,0.0,0.0,0.0,0.005022911636072818,0.011244229774642933,0.024199743571814623,0.0,0.0,0.0,0.0,0.0,0.0,0.0,0.0,0.001983871714055241,0.0,0.0,0.0,0.003136446498328402,0.0,0.0,0.0028968081937850564,0.0,0.00443596684981529,0.0,0.0,0.0,0.0023056404782196283,0.0,0.0,0.0,0.0,0.0,0.0,0.0,0.0,0.0,0.010451244655531978,0.0,0.0,0.0,0.0,0.0,0.0,0.0,0.0,0.011943422276277026,0.0,0.0,0.0,0.0,0.0,0.005847783825541223,0.0,0.0022491432527125136,0.0018157740509261186,0.0,0.0,0.0,0.0,0.0,0.0014718971171649709,0.0,0.0,0.0,0.0
200602,0.009167197072833276,0.0,0.0,0.0,0.009237867975449475,0.007522325730073761,0.000710913493393182,0.0,0.0,0.0,0.0,0.0,0.0,0.0,0.0007472143416192173,0.0,0.003213775870140071,0.0,0.0,0.0,0.0,0.0,0.0,0.0,5.560891336108871e-05,0.0,0.0,0.0,0.0,0.0,0.0,0.0,0.0,0.0,0.0,0.0,0.0,0.0,0.0,0.0,0.0,0.0,0.0,0.0,0.0,0.001579350983792909,0.0,0.0,0.0,0.0,0.005248077803778247,0.01142581576228527,0.0244748985938323,0.0,0.0,0.0,0.0,0.0,0.0,0.0,0.0,0.002034876667664675,0.0,0.0,0.0,0.003362372760056357,0.0,0.0,0.002860598745269492,0.0,0.0045145520564602816,0.0,0.0,0.0,0.0019080854848481437,0.0,0.0,0.0,0.0,0.0,0.0,0.0,0.0,0.0,0.010159330980865614,0.0,0.0,0.0,0.0,0.0,0.0,0.0,0.0,0.01164954259134774,0.0,0.0,0.0,0.0,0.0,0.005670909968866623,0.0,0.0026179327032324648,0.0018300326113711864,0.0,0.0,0.0,0.0,0.0,0.0015584841235423588,0.0,0.0,0.0,0.0
200603,0.009754723469556869,0.0,0.0,0.0,0.009159048905974687,0.00754815695156594,0.0007740267275259054,0.0,0.0,0.0,0.0,0.0,0.0,0.0,0.0008341515422625083,0.0,0.003150816656854001,0.0,0.0,0.0,0.0,0.0,0.0,0.0,0.0,0.0,0.0,0.0,0.0,0.0,0.0,0.0,0.0,0.0,0.0,0.0,0.0,0.0,0.0,0.0,0.0,0.0,0.0,0.0,0.0,0.0019100544213960264,0.0,0.0,0.0,0.0,0.005255365131155806,0.011431039680129167,0.02442023028281779,0.0,0.0,0.0,0.0,0.0,0.0,0.0,0.0,0.002169234582558109,0.0,0.0,0.0,0.003569469357970043,0.0,0.0,0.002659551811828605,0.0,0.004745843859558708,0.0,0.0,0.0,0.0017024057574987594,0.0,0.0,0.0,0.0,0.0,0.0,0.0,0.0,0.0,0.009698738014432374,0.0,0.0,0.0,0.0,0.0,0.0,0.0,0.0,0.011344286441641899,0.0,0.0,0.0,0.0,0.0,0.005640716318572655,0.0,0.0027698984752574586,0.0019054797370037567,0.0,0.0,0.0,0.0,0.0,0.0014267074007442576,0.0,0.0,0.0,0.0
200604,0.009844897950908997,0.0,0.0,0.0,0.009100133486663187,0.007318786288618967,0.0005490986916369812,0.0,0.0,0.0,0.0,0.0,0.0,0.0,0.0007122671992952653,0.0,0.002962745996623459,0.0,0.0,0.0,0.0,0.0,0.0,0.0,0.0,0.0,0.0,0.0,0.0,0.0,0.0,0.0,0.0,0.0,0.0,0.0,0.0,0.0,0.0,0.0,0.0,0.0,0.0,0.0,0.0,0.0017684058922804102,0.0,0.0,0.0,0.0,0.005239032226769803,0.011220768074265433,0.02450689180679943,0.0,0.0,0.0,0.0,0.0,0.0,0.0,0.0,0.0022176192370882675,0.0,0.0,0.0,0.0038128292965052255,0.0,0.0,0.0025250857758895395,0.0,0.004843441131700539,0.0,0.0,0.0,0.0016597567479027025,0.0,0.0,0.0,0.0,0.0,0.0,0.0,0.0,0.0,0.009522263767037813,0.0,0.0,0.0,0.0,0.0,0.0,0.0,0.0,0.011093518840572367,0.0,0.0,0.0,0.0,0.0,0.0053551176551648785,0.0,0.002869526774192947,0.0018680950020864237,0.0,0.0,0.0,0.0,0.0,0.0014700181452596609,0.0,0.0,0.0,0.0
200605,0.009553647159376151,0.0,0.0,0.0,0.009090258056403398,0.007209201915528539,0.0006043491372270402,0.0,0.0,0.0,0.0,0.0,0.0,0.0,0.0006253855982807304,0.0,0.003048894187612577,0.0,0.0,0.0,0.0,0.0,0.0,0.0,0.0,0.0,0.0,0.0,0.0,0.0,0.0,0.0,0.0,0.0,0.0,0.0,0.0,0.0,0.0,0.0,0.0,0.0,0.0,0.0,0.0,0.0020143873829205476,0.0,0.0,0.0,0.0,0.005062611155252878,0.011141901178519254,0.024135732238276107,0.0,0.0,0.0,0.0,0.0,0.0,0.0,0.0,0.0023623789219798705,0.0,0.0,0.0,0.0037095603643850627,0.0,0.0,0.0025777880801889333,0.0,0.004715449338072692,0.0,0.0,0.0,0.0015782148855280887,0.0,0.0,0.0,0.0,0.0,0.0,0.0,0.0,0.0,0.009439952059506427,0.0,0.0,0.0,0.0,0.0,0.0,0.0,0.0,0.0113959379432181,0.0,0.0,0.0,0.0,0.0,0.005399044751113184,0.0,0.002779836826936474,0.0020916382003546372,0.0,0.0,0.0,0.0,0.0,0.0015986530684127783,0.0,0.0,0.0,0.0
200606,0.009912059771550685,0.0,0.0,0.0,0.009162136371989257,0.007293204946844366,0.0012467009739423455,0.0,0.0,0.0,0.0,0.0,0.0,0.0,0.0007293824347760649,0.0,0.0029830426668025823,0.0,0.0,0.0,0.0,0.0,0.0,0.0,4.108059356421339e-05,0.0,0.0,0.0,0.0,0.0,0.0,0.0,0.0,0.0,0.0,0.0,0.0,0.0,0.0,0.0,0.0,0.0,0.0,0.0,0.0,0.0019499376854262911,0.0,0.0,0.0,0.0,0.004638057691596994,0.010857300079198128,0.024493943570679643,0.0,0.0,0.0,0.0,0.0,0.0,0.0,0.0,0.002190490298431874,0.0,0.0,0.0,0.003645352461992198,0.0,0.0,0.002638125248958762,0.0,0.004668261604937791,0.0,0.0,0.0,0.0013669306686739878,0.0,0.0,0.0,0.0,0.0,0.0,0.0,0.0,0.0,0.008799691579104327,0.0,0.0,0.0,0.0,0.0,0.0,0.0,0.0,0.011539348603973106,0.0,0.0,0.0,0.0,0.0,0.0050748360055454245,0.0,0.0028495169231418,0.0018394726700756787,0.0,0.0,0.0,0.0,0.0,0.0015161345791300737,0.0,0.0,0.0,0.0
200607,0.00981361832707736,0.0,0.0,0.0,0.009131607998954322,0.007173742664017862,0.0014267050532351083,0.0,0.0,0.0,0.0,0.0,0.0,0.0,0.0004060677744727997,0.0,0.002837846902202082,0.0,0.0,0.0,0.0,0.0,0.0,0.0,0.0,0.0,0.0,0.0,0.0,0.0,0.0,0.0,0.0,0.0,0.0,0.0,0.0,0.0,0.0,0.0,0.0002102555241883771,0.0,0.0,0.0,0.0,0.0018184997550597798,0.0,0.0,0.0,0.0,0.004419014654991597,0.010888410302828114,0.02403191200910673,0.0,0.0,0.0,0.0,0.0,0.0,0.0,0.0,0.002100542948543498,0.0,0.0,0.0,0.003361556242269149,0.0,0.0,0.002673219010640746,0.0,0.00453945317309545,0.0,0.0,0.0,0.0012304773821727759,0.0,0.0,0.0,0.0,0.0,0.0,0.0,0.0,0.0,0.008770711811468946,0.0,0.0,0.0,0.0,0.0,0.0,0.0,0.0,0.011701951952201424,0.0,0.0,0.0,0.0,0.0,0.005331836816302643,0.0,0.0032221968017648616,0.0018336782387087423,0.0,0.0,0.0,0.0,0.0,0.0013673692163376034,0.0,0.0,0.0,0.0
200608,0.0098859759225745,0.0,0.0,0.0,0.009114225409811683,0.007276280717764361,0.001423937355362506,0.0,0.0,0.0,0.0,0.0,0.0,0.0,0.0003915474075929766,0.0,0.0029219535410246137,0.0,0.0,0.0,0.0,0.0,0.0,0.0,0.0,0.0,0.0,0.0,0.0,0.0,0.0,0.0,0.0,0.0,0.0,0.0,0.0,0.0,0.0,0.0,0.0005072693122209286,0.0,0.0,0.0,0.0,0.001968005801398796,0.0,0.0,0.0,0.0,0.003982616827199823,0.011054135157763104,0.023969144011362326,0.0,0.0,0.0,0.0,0.0,0.0,0.0,0.0,0.0016626566483647109,0.0,0.0,0.0,0.003563113611368312,0.0,0.0,0.003040986974347477,0.0,0.004421926199050688,0.0,0.0,0.0,0.0008476569750511035,0.0,0.0,0.0,0.0,0.0,0.0,0.0,0.0,0.0,0.008633173450398246,0.0,0.0,0.0,0.0,0.0,0.0,0.0,0.0,0.011401758259830983,0.0,0.0,0.0,0.0,0.0,0.0053541916136523255,0.0,0.003163623271072063,0.0017895277850692411,0.0,0.0,0.0,0.0,0.0,0.001350602866162707,0.0,0.0,0.0,0.0
200609,0.009700660513760959,0.0,0.0,0.0,0.009073333664186948,0.007360683272528882,0.0017316259846023021,0.0,0.0,0.0,0.0,0.0,0.0,0.0,0.0005158691413472034,0.0,0.002842600119805922,0.0,0.0,0.0,0.0,0.0,0.0,0.0,0.0,0.0,0.0,0.0,0.0,0.0,0.0,0.0,0.0,0.0,0.0,0.0,0.0,0.0,0.0,0.0,0.0005398584756815697,0.0,0.0,0.0,0.0,0.0017927209066904764,0.0,0.0,0.0,0.0,0.0037863796708532548,0.011019885880514519,0.0243251907735571,0.0,0.0,0.0,0.0,0.0,0.0,0.0,0.0,0.0011357178404287174,0.0,0.0,0.0,0.0035350530325697297,0.0,0.0,0.0031711557605897476,0.0,0.0042577302641566474,0.0,0.0,0.0,0.0006775978062587285,0.0,0.0,0.0,0.0,0.0,0.0,0.0,0.0,0.0,0.00857856541424014,0.0,0.0,0.0,0.0,0.0,0.0,0.0,0.0,0.011126591602610418,0.0,0.0,0.0,0.0,0.0,0.005460364745094359,0.0,0.003086242903688608,0.0017519830624226878,0.0,0.0,0.0,0.0,0.0,0.0013892954053056944,0.0,0.0,0.0,0.0
200610,0.009401888905356601,0.0,0.0,0.0,0.009097416970142784,0.007258431707346215,0.0016059856584285284,0.0,0.0,0.0,0.0,0.0,0.0,0.0,0.000553266703468163,0.0,0.002555633711849428,0.0,0.0,0.0,0.0,0.0,0.0,0.0,0.0,0.0,0.0,0.0,0.0,0.0,0.0,0.0,0.0,0.0,0.0,0.0,0.0,0.0,0.0,0.0,0.0004374192847064654,0.0,0.0,0.0,0.0,0.0020623216345819688,0.0,0.0,0.0,0.0,0.0038546180698343867,0.010763277562577922,0.024090730253953106,0.0,0.0,0.0,0.0,0.0,0.0,0.0,0.0,0.0014917444175049875,0.0,0.0,0.0,0.003144119077687601,0.0,0.0,0.003123441488697887,0.0,0.004417519974509415,0.0,0.0,0.0,0.0006648872589739651,0.0,0.0,0.0,0.0,0.0,0.0,0.0,0.0,0.0,0.008405116305169682,0.0,0.0,0.0,0.0,0.0,0.0,0.0,0.0,0.011313658674344845,0.0,0.0,0.0,0.0,0.0,0.005393286271110236,0.0,0.0031358519776027217,0.0016929159778214002,0.0,0.0,0.0,0.0,0.0,0.0010814549307717248,0.0,0.0,0.0,0.0
200611,0.00931863728545041,0.0,0.0,0.0,0.009208358619893033,0.007311653069625882,0.0016886798624221845,0.0,0.0,0.0,0.0,0.0,0.0,0.0,0.0004666238286968508,0.0,0.002675414966932153,0.0,0.0,0.0,0.0,0.0,0.0,0.0,0.0,0.0,0.0,0.0,0.0,0.0,0.0,0.0,0.0,0.0,0.0,0.0,0.0,0.0,0.0,0.0,0.00031084896088501523,0.0,0.0,0.0,0.0,0.002160405646489077,0.0,0.0,0.0,0.0,0.004229029008558903,0.010893671916191007,0.023817714313119038,0.0,0.0,0.0,0.0,0.0,0.0,0.0,0.0,0.0015759376937849374,0.0,0.0,0.0,0.002620024630467535,0.0,0.0,0.003121653599146472,0.0,0.00456120238159074,0.0,0.0,0.0,0.0006780321813376554,0.0,0.0,0.0,0.0,0.0,0.0,0.0,0.0,0.0,0.008277447581406768,0.0,0.0,0.0,0.0,0.0,0.0,0.0,0.0,0.011519130892628234,0.0,0.0,0.0,0.0,0.0,0.005358474484894525,0.0,0.0031018181033551384,0.0018011921551154247,0.0,0.0,0.0,0.0,0.0,0.0011709170731944761,0.0,0.0,0.0,0.0
200612,0.009398530283644912,0.0,0.0,0.0,0.009197013603551569,0.0071882301549731535,0.0016347315421978577,0.0,0.0,0.0,0.0,0.0,0.0,0.0,0.0003872177243339561,0.0,0.002813869447842795,0.0,0.0,0.0,0.0,0.0,0.0,0.0,0.0,0.0,0.0,0.0,0.0,0.0,0.0,0.0,0.0,0.0,0.0,0.0,0.0,0.0,0.0,0.0,0.0002613090133747456,0.0,0.0,0.0,0.0,0.0027120130614374134,0.0,0.0,0.0,0.0,0.004420736973887243,0.010983950707030782,0.023654333277140067,0.0,0.0,0.0,0.0,0.0,0.0,0.0,0.0,0.0017613985812394775,0.0,0.0,0.0,0.0021157317312417855,0.0,0.0,0.0031459841389708974,0.0,0.0046372554898509895,0.0,0.0,0.0,0.0005534962277621708,0.0,0.0,0.0,0.0,0.0,0.0,0.0,0.0,0.0,0.007754755347218713,0.0,0.0,0.0,0.0,0.0,0.0,0.0,0.0,0.01167999682488455,0.0,0.0,0.0,0.0,0.0,0.005112747968715588,0.0,0.0030288013806971012,0.0017307095150079842,0.0,0.0,0.0,0.0,0.0,0.0010973196957486866,0.0,0.0,0.0,0.0
200701,0.008702737324341146,0.0,0.0,0.0,0.009050623690455232,0.007034003861298852,0.002279732392846616,0.0,0.0,0.0,0.0,0.0,0.0,0.0,0.00028321521253515426,0.0,0.002918271022803738,0.0,0.0,0.0,0.0,0.0,0.0,0.0,0.0,0.0,0.0,0.0,0.0,0.0,0.0,0.0,0.0,0.0,0.0,0.0,0.0,0.0,0.0,0.0,0.0003414852455014827,0.0,0.0,0.0,0.0,0.00280517779347713,0.0,0.0,0.0,0.0,0.004176378285633857,0.011582772585318438,0.023642202709495665,0.0,0.0,0.0,0.0,0.0,0.0,0.0,0.0,0.0013460001854551202,0.0,0.0,0.0,0.002474874676495803,0.0,0.0,0.002982434224152603,0.0,0.00468146805207413,0.0,0.0,0.0,0.00045165515811326377,0.0,0.0,0.0,0.0,0.0,0.0,0.0,0.0,0.0,0.008071364481129968,0.0,0.0,0.0,0.0,0.0,0.0,0.0,0.0,0.011285843153834643,0.0,0.0,0.0,0.0,0.0,0.005389389974234591,0.0,0.002721306108141892,0.0016615530153071796,0.0,0.0,0.0,0.0,0.0,0.0014253886037195605,0.0,0.0,0.0,0.0
200702,0.009326635043325742,0.0,0.0,0.0,0.009057376276258376,0.007069956185627468,0.0021379769369271545,0.0,0.0,0.0,0.0,0.0,0.0,0.0,0.000265143227102644,0.0,0.0029484603442396706,0.0,0.0,0.0,0.0,0.0,0.0,0.0,0.0,0.0,0.0,0.0,0.0,0.0,0.0,0.0,0.0,0.0,0.0,0.0,0.0,0.0,0.0,0.0,0.0006075029471494606,0.0,0.0,0.0,0.0,0.002752911996731014,0.0,0.0,0.0,0.0,0.00399624081000241,0.011568182425500428,0.023771210712623128,0.0,0.0,0.0,0.0,0.0,0.0,0.0,0.0,0.0013032396339253452,0.0,0.0,0.0,0.002734326059718679,0.0,0.0,0.0028030987748495447,0.0,0.0045849809847858195,0.0,0.0,0.0,0.0003971895178759693,0.0,0.0,0.0,0.0,0.0,0.0,0.0,0.0,0.0,0.00817785350583438,0.0,0.0,0.0,0.0,0.0,0.0,0.0,0.0,0.011213389275310487,0.0,0.0,0.0,0.0,0.0,0.005318290796427132,0.0,0.002746767420181258,0.0017374976559579054,0.0,0.0,0.0,0.0,0.0,0.0013834866762971831,0.0,0.0,0.0,0.0
200703,0.009317661139412866,0.0,0.0,0.0,0.009125319167568447,0.0072408440599227965,0.0024631737403852994,0.0,0.0,0.0,0.0,0.0,0.0,0.0,0.0002501777608987111,0.0,0.003247524869943438,0.0,0.0,0.0,0.0,0.0,0.0,0.0,0.0,0.0,0.0,0.0,0.0,0.0,0.0,0.0,0.0,0.0,0.0,0.0,0.0,0.0,0.0,0.0,0.0004914709009857442,0.0,0.0,0.0,0.0,0.0027513118496717676,0.0,0.0,0.0,0.0,0.0038118066417303603,0.011744274310054535,0.023828628778555138,0.0,0.0,0.0,0.0,0.0,0.0,0.0,0.0,0.0010360187715525893,0.0,0.0,0.0,0.0030626747655097854,0.0,0.0,0.0025789810157729456,0.0,0.004510907589246352,0.0,0.0,0.0,0.00036678316491091357,0.0,0.0,0.0,0.0,0.0,0.0,0.0,0.0,0.0,0.008597801168395865,0.0,0.0,0.0,0.0,0.0,0.0,0.0,0.0,0.0111770638772562,0.0,0.0,0.0,0.0,0.0,0.005522936531872181,0.0,0.0027612416997405188,0.001752430090248785,0.0,0.0,0.0,0.0,0.0,0.0013630762000507192,0.0,0.0,0.0,0.0
200704,0.009765151853095866,0.0,0.0,0.0,0.008947289961761107,0.0073571737832835524,0.0026951297549861098,0.0,0.0,0.0,0.0,0.0,0.0,0.0,0.0,0.0,0.002886413345760643,0.0,0.0,0.0,0.0,0.0,0.0,0.0,0.0,0.0,0.0,0.0,0.0,0.0,0.0,0.0,0.0,0.0,0.0,0.0,0.0,0.0,0.0,0.0,0.000784107513671149,0.0,0.0,0.0,0.0,0.0023566614843650684,0.0,0.0,0.0,0.0,0.0036701614988329896,0.011486713831970521,0.024660109663343237,0.0,0.0,0.0,0.0,0.0,0.0,0.0,0.0,0.0007010187739022643,0.0,0.0,0.0,0.0030160540781649777,0.0,0.0,0.002538320184150344,0.0,0.004721505926206781,0.0,0.0,0.0,0.0005496854612734048,0.0,0.0,0.0,0.0,0.0,0.0,0.0,0.0,0.0,0.0077328919547798,0.0,0.0,0.0,0.0,0.0,0.0,0.0,0.0,0.0110182194762939,0.0,0.0,0.0,0.0,0.0,0.005778805717198705,0.0,0.002912656779364507,0.0015281148644662474,0.0,0.0,0.0,0.0,0.0,0.0015600863668720003,0.0,0.0,0.0,0.0
200705,0.010767508279671033,0.0,0.0,0.0,0.008750950321095107,0.007158884288032501,0.00302873884645922,0.0,0.0,0.0,0.0,0.0,0.0,0.0,0.0004925033183804542,0.0,0.00271872523178111,0.0,0.0,0.0,0.0,0.0,0.0,0.0,0.0,0.0,0.0,0.0,0.0,0.0,0.0,0.0,0.0,0.0,0.0,0.0,0.0,0.0,0.0,0.0,0.0011102203978830129,0.0,0.0,0.0,0.0,0.0019924900414645752,0.0,0.0,0.0,0.0,0.002496707315966046,0.011672597566628095,0.023494609561383478,0.0,0.0,0.0,0.0,0.0,0.0,0.0,0.0,0.0005215867359347049,0.0,0.0,0.0,0.0029534543217764357,0.0,0.0,0.0022708750916446124,0.0,0.004677863541876754,0.0,0.0,0.0,0.0007223742275896901,0.0,0.0,0.0,0.0,0.0,0.0,0.0,0.0,0.0,0.007309467187162861,0.0,0.0,0.0,0.0,0.0,0.0,0.0,0.0,0.01115724717011407,0.0,0.0,0.0,0.0,0.0,0.005457665581374278,0.0,0.0033256066285516513,0.001525231802370008,0.0,0.0,0.0,0.0,0.0,0.0017371350008047069,0.0,0.0,0.0,0.0
200706,0.010159686922661419,0.0,0.0,0.0,0.009028405789344461,0.007077570306634329,0.0030608276908213657,0.0,0.0,0.0,0.0,0.0,0.0,0.0,0.0003308098882026254,0.0,0.002866940974473979,0.0,0.0,0.0,0.0,0.0,0.0,0.0,7.098831466063401e-06,0.0,0.0,0.0,0.0,0.0,0.0,0.0,0.0,0.0,0.0,0.0,0.0,0.0,0.0,0.0,0.0008915379607559616,0.0,0.0,0.0,0.0,0.0022865984325878153,0.0,0.0,0.0,0.0,0.002307776983120596,0.012081310489124229,0.024454459158170253,0.0,0.0,0.0,0.0,0.0,0.0,0.0,0.0,0.0004119441223010645,0.0,0.0,0.0,0.0028427910996479374,0.0,0.0,0.0024339419865523296,0.0,0.004426240541644675,0.0,0.0,0.0,0.0005919384609187864,0.0,0.0,0.0,0.0,0.0,0.0,0.0,0.0,0.0,0.0076443300468013,0.0,0.0,0.0,0.0,0.0,0.0,0.0,0.0,0.010839905238201875,0.0,0.0,0.0,0.0,0.0,0.005913947325982991,0.0,0.0033365446575559137,0.0014051821051278802,0.0,0.0,0.0,0.0,0.0,0.0016901089921899396,0.0,0.0,0.0,0.0
200707,0.00932468138161407,0.0,0.0,0.0,0.00914329049060529,0.006903302761897031,0.0027595417070817446,0.0,0.0,0.0,0.0,0.0,0.0,0.0,0.00018423697644681907,0.0,0.002748229640739582,0.0,0.0,0.0,0.0,0.0,0.0,0.0,0.0,0.0,0.0,0.0,0.0,0.0,0.0,0.0,0.0,0.0,0.0,0.0,0.0,0.0,0.0,0.0,0.0006439381280393534,0.0,0.0,0.0,0.0,0.0022603611770814817,0.0,0.0,0.0,0.0,0.0025022679828606144,0.013022426393709213,0.023521131697327682,0.0,0.0,0.0,0.0,0.0,0.0,0.0,0.0,0.0008138799949583924,0.0,0.0,0.0,0.0028470532141386946,0.0,0.0,0.0027699720431497584,0.0,0.004540397843319238,0.0,0.0,0.0,0.0005615906929537258,0.0,0.0,0.0,0.0,0.0,0.0,0.0,0.0,0.0,0.007645725558390079,0.0,0.0,0.0,0.0,0.0,0.0,0.0,0.0,0.011429724053773144,0.0,0.0,0.0,0.0,0.0,0.005120719405295136,0.0,0.0031113827690909613,0.0013683542355535955,0.0,0.0,0.0,0.0,0.0,0.0016401824539679594,0.0,0.0,0.0,0.0
200708,0.009341351185263141,0.0,0.0,0.0,0.009061979837877647,0.006929592387306052,0.002872991176432961,0.0,0.0,0.0,0.0,0.0,0.0,0.0,0.00040661669917177337,0.0,0.003008512736560806,0.0,0.0,0.0,0.0,0.0,0.0,0.0,0.0,0.0,0.0,0.0,0.0,0.0,0.0,0.0,0.0,0.0,0.0,0.0,0.0,0.0,0.0,0.0,0.0007516350032709897,0.0,0.0,0.0,0.0,0.002210951594487785,0.0,0.0,0.0,0.0,0.002413061665454686,0.012827697802881342,0.02353771034552299,0.0,0.0,0.0,0.0,0.0,0.0,0.0,0.0,0.0009212916804542347,0.0,0.0,0.0,0.0024605300815764286,0.0,0.0,0.0029478133134335474,0.0,0.004234094070839695,0.0,0.0,0.0,0.0005591832906611788,0.0,0.0,0.0,0.0,0.0,0.0,0.0,0.0,0.0,0.007840283666601828,0.0,0.0,0.0,0.0,0.0,0.0,0.0,0.0,0.01105845856898712,0.0,0.0,0.0,0.0,0.0,0.004702408124721305,0.0,0.0032387056472195875,0.0013861047024296682,0.0,0.0,0.0,0.0,0.0,0.0015168903987878997,0.0,0.0,0.0,0.0
200709,0.009416369366757693,0.0,0.0,0.0,0.008929599683842751,0.00702868671725454,0.0029921968368568958,0.0,0.0,0.0,0.0,0.0,0.0,0.0,0.0003523317097570704,0.0,0.0029557189045912083,0.0,0.0,0.0,0.0,0.0,0.0,0.0,0.0,0.0,0.0,0.0,0.0,0.0,0.0,0.0,0.0,0.0,0.0,0.0,0.0,0.0,0.0,0.0,0.0008973105409126625,0.0,0.0,0.0,0.0,0.0027712160181616752,0.0,0.0,0.0,0.0,0.0024344317135004483,0.012689957152170672,0.023813870863749753,0.0,0.0,0.0,0.0,0.0,0.0,0.0,0.0,0.0014021731275830898,0.0,0.0,0.0,0.0020842713278263034,0.0,0.0,0.0029728523798831954,0.0,0.004068202343561088,0.0,0.0,0.0,0.0004645955841773782,0.0,0.0,0.0,0.0,0.0,0.0,0.0,0.0,0.0,0.007141002167964157,0.0,0.0,0.0,0.0,0.0,0.0,0.0,0.0,0.011165123634926206,0.0,0.0,0.0,0.0,0.0,0.004378573323518255,0.0,0.0032057379907079594,0.001492834934890942,0.0,0.0,0.0,0.0,0.0,0.0013764612902618326,0.0,0.0,0.0,0.0
200710,0.008435596375625737,0.0,0.0,0.0,0.008727695659992749,0.007382801726132148,0.002596153063202449,0.0,0.0,0.0,0.0,0.0,0.0,0.0,1.9362789153782535e-05,0.0,0.0031857211218300277,0.0,0.0,0.0,0.0,0.0,0.0,0.0,0.0,0.0,0.0,0.0,0.0,0.0,0.0,0.0,0.0,0.0,0.0,0.0,0.0,0.0,0.0,0.0,0.0008955611845377737,0.0,0.0,0.0,0.0,0.002956711862938687,0.0,0.0,0.0,0.0,0.002630358694548285,0.012771985087550166,0.024506546732808245,0.0,0.0,0.0,0.0,0.0,0.0,0.0,0.0,0.0018333640317613122,0.0,0.0,0.0,0.0014609645457348355,0.0,0.0,0.002889708880177393,0.0,0.0044449932302517104,0.0,0.0,0.0,0.0003129564342655414,0.0,0.0,0.0,0.0,0.0,0.0,0.0,0.0,0.0,0.006886806878092622,0.0,0.0,0.0,0.0,0.0,0.0,0.0,0.0,0.01138824846118316,0.0,0.0,0.0,0.0,0.0,0.004192783517407126,0.0,0.0026647638702713312,0.0014371308659487923,0.0,0.0,0.0,0.0,0.0,0.0009812552775619124,0.0,0.0,0.0,0.0
200711,0.007819880612515748,0.0,0.0,0.0,0.008816658638632171,0.00735862501514341,0.002260394362261044,0.0,0.0,0.0,0.0,0.0,0.0,0.0,0.0,0.0,0.0030049764845951187,0.0,0.0,0.0,0.0,0.0,0.0,0.0,0.0,0.0,0.0,0.0,0.0,0.0,0.0,0.0,0.0,0.0,0.0,0.0,0.0,0.0,0.0,0.0,0.0006817580527493542,0.0,0.0,0.0,0.0,0.0027227549779558265,0.0,0.0,0.0,0.0,0.003374965472874527,0.01258933216778569,0.02434789013959918,0.0,0.0,0.0,0.0,0.0,0.0,0.0,0.0,0.001917585280874095,0.0,0.0,0.0,0.0015202344948748185,0.0,0.0,0.0029532663098507093,0.0,0.004568023080411662,0.0,0.0,0.0,6.230833140583936e-05,0.0,0.0,0.0,0.0,0.0,0.0,0.0,0.0,0.0,0.006543731910546207,0.0,0.0,0.0,0.0,0.0,0.0,0.0,0.0,0.01143686022378796,0.0,0.0,0.0,0.0,0.0,0.004294459041056067,0.0,0.002658517825641353,0.001417139151118083,0.0,0.0,0.0,0.0,0.0,0.0005269207632116651,0.0,0.0,0.0,0.0
200712,0.007834020780760936,0.0,0.0,0.0,0.00885336975803551,0.007467418309069225,0.0020022379503388393,0.0,0.0,0.0,0.0,0.0,0.0,0.0,0.0,0.0,0.002921105164612415,0.0,0.0,0.0,0.0,0.0,0.0,0.0,0.0,0.0,0.0,0.0,0.0,0.0,0.0,0.0,0.0,0.0,0.0,0.0,0.0,0.0,0.0,0.0,0.00037390480615513585,0.0,0.0,0.0,0.0,0.0029638911805268606,0.0,0.0,0.0,0.0,0.0037216475790832807,0.012666154926809888,0.024368753839891313,0.0,0.0,0.0,0.0,0.0,0.0,0.0,0.0,0.0021367056051426634,0.0,0.0,0.0,0.0007950617800564948,0.0,0.0,0.003186743077768504,0.0,0.004323249907604613,0.0,0.0,0.0,0.00024531089335206815,0.0,0.0,0.0,0.0,0.0,0.0,0.0,0.0,0.0,0.006068583225630619,0.0,0.0,0.0,0.0,0.0,0.0,0.0,0.0,0.011714943518308183,0.0,0.0,0.0,0.0,0.0,0.004313051446166526,0.0,0.002515407175450938,0.0013976541196503954,0.0,0.0,0.0,0.0,0.0,0.00010208754772991343,0.0,0.0,0.0,0.0
200801,0.0,0.0,0.0,0.0,0.0,0.0,0.0,0.0,0.0,0.0,0.0,0.0,0.0,0.0,0.0,0.0,0.0,0.0,0.0,0.0,0.0,0.0,0.0,0.0,0.0,0.0,0.0,0.0,0.0,0.0,0.0,0.0,0.0,0.0,0.0,0.0,0.0,0.0,0.0,0.0,0.0,0.0,0.0,0.0,0.0,0.0,0.0,0.0,0.0,0.0,0.0,0.0,0.0,0.0,0.0,0.0,0.0,0.0,0.0,0.0,0.0,0.0,0.0,0.0,0.0,0.0,0.0,0.0,0.0,0.0,0.0,0.0,0.0,0.0,0.0,0.0,0.0,0.0,0.0,0.0,0.0,0.0,0.0,0.0,0.0,0.0,0.0,0.0,0.0,0.0,0.0,0.0,0.0,0.0,0.0,0.0,0.0,0.0,0.0,0.0,0.0,0.0,0.0,0.0,0.0,0.0,0.0,0.0,0.0,0.0,0.0,0.0,0.0
200802,0.0,0.0,0.0,0.0,0.0,0.0,0.0,0.0,0.0,0.0,0.0,0.0,0.0,0.0,0.0,0.0,0.0,0.0,0.0,0.0,0.0,0.0,0.0,0.0,0.0,0.0,0.0,0.0,0.0,0.0,0.0,0.0,0.0,0.0,0.0,0.0,0.0,0.0,0.0,0.0,0.0,0.0,0.0,0.0,0.0,0.0,0.0,0.0,0.0,0.0,0.0,0.0,0.0,0.0,0.0,0.0,0.0,0.0,0.0,0.0,0.0,0.0,0.0,0.0,0.0,0.0,0.0,0.0,0.0,0.0,0.0,0.0,0.0,0.0,0.0,0.0,0.0,0.0,0.0,0.0,0.0,0.0,0.0,0.0,0.0,0.0,0.0,0.0,0.0,0.0,0.0,0.0,0.0,0.0,0.0,0.0,0.0,0.0,0.0,0.0,0.0,0.0,0.0,0.0,0.0,0.0,0.0,0.0,0.0,0.0,0.0,0.0,0.0
200803,0.0,0.0,0.0,0.0,0.0,0.0,0.0,0.0,0.0,0.0,0.0,0.0,0.0,0.0,0.0,0.0,0.0,0.0,0.0,0.0,0.0,0.0,0.0,0.0,0.0,0.0,0.0,0.0,0.0,0.0,0.0,0.0,0.0,0.0,0.0,0.0,0.0,0.0,0.0,0.0,0.0,0.0,0.0,0.0,0.0,0.0,0.0,0.0,0.0,0.0,0.0,0.0,0.0,0.0,0.0,0.0,0.0,0.0,0.0,0.0,0.0,0.0,0.0,0.0,0.0,0.0,0.0,0.0,0.0,0.0,0.0,0.0,0.0,0.0,0.0,0.0,0.0,0.0,0.0,0.0,0.0,0.0,0.0,0.0,0.0,0.0,0.0,0.0,0.0,0.0,0.0,0.0,0.0,0.0,0.0,0.0,0.0,0.0,0.0,0.0,0.0,0.0,0.0,0.0,0.0,0.0,0.0,0.0,0.0,0.0,0.0,0.0,0.0
200804,0.0,0.0,0.0,0.0,0.0,0.0,0.0,0.0,0.0,0.0,0.0,0.0,0.0,0.0,0.0,0.0,0.0,0.0,0.0,0.0,0.0,0.0,0.0,0.0,0.0,0.0,0.0,0.0,0.0,0.0,0.0,0.0,0.0,0.0,0.0,0.0,0.0,0.0,0.0,0.0,0.0,0.0,0.0,0.0,0.0,0.0,0.0,0.0,0.0,0.0,0.0,0.0,0.0,0.0,0.0,0.0,0.0,0.0,0.0,0.0,0.0,0.0,0.0,0.0,0.0,0.0,0.0,0.0,0.0,0.0,0.0,0.0,0.0,0.0,0.0,0.0,0.0,0.0,0.0,0.0,0.0,0.0,0.0,0.0,0.0,0.0,0.0,0.0,0.0,0.0,0.0,0.0,0.0,0.0,0.0,0.0,0.0,0.0,0.0,0.0,0.0,0.0,0.0,0.0,0.0,0.0,0.0,0.0,0.0,0.0,0.0,0.0,0.0
200805,0.0,0.0,0.0,0.0,0.0,0.0,0.0,0.0,0.0,0.0,0.0,0.0,0.0,0.0,0.0,0.0,0.0,0.0,0.0,0.0,0.0,0.0,0.0,0.0,0.0,0.0,0.0,0.0,0.0,0.0,0.0,0.0,0.0,0.0,0.0,0.0,0.0,0.0,0.0,0.0,0.0,0.0,0.0,0.0,0.0,0.0,0.0,0.0,0.0,0.0,0.0,0.0,0.0,0.0,0.0,0.0,0.0,0.0,0.0,0.0,0.0,0.0,0.0,0.0,0.0,0.0,0.0,0.0,0.0,0.0,0.0,0.0,0.0,0.0,0.0,0.0,0.0,0.0,0.0,0.0,0.0,0.0,0.0,0.0,0.0,0.0,0.0,0.0,0.0,0.0,0.0,0.0,0.0,0.0,0.0,0.0,0.0,0.0,0.0,0.0,0.0,0.0,0.0,0.0,0.0,0.0,0.0,0.0,0.0,0.0,0.0,0.0,0.0
200806,0.0,0.0,0.0,0.0,0.0,0.0,0.0,0.0,0.0,0.0,0.0,0.0,0.0,0.0,0.0,0.0,0.0,0.0,0.0,0.0,0.0,0.0,0.0,0.0,0.0,0.0,0.0,0.0,0.0,0.0,0.0,0.0,0.0,0.0,0.0,0.0,0.0,0.0,0.0,0.0,0.0,0.0,0.0,0.0,0.0,0.0,0.0,0.0,0.0,0.0,0.0,0.0,0.0,0.0,0.0,0.0,0.0,0.0,0.0,0.0,0.0,0.0,0.0,0.0,0.0,0.0,0.0,0.0,0.0,0.0,0.0,0.0,0.0,0.0,0.0,0.0,0.0,0.0,0.0,0.0,0.0,0.0,0.0,0.0,0.0,0.0,0.0,0.0,0.0,0.0,0.0,0.0,0.0,0.0,0.0,0.0,0.0,0.0,0.0,0.0,0.0,0.0,0.0,0.0,0.0,0.0,0.0,0.0,0.0,0.0,0.0,0.0,0.0
200807,0.0,0.0,0.0,0.0,0.0,0.0,0.0,0.0,0.0,0.0,0.0,0.0,0.0,0.0,0.0,0.0,0.0,0.0,0.0,0.0,0.0,0.0,0.0,0.0,0.0,0.0,0.0,0.0,0.0,0.0,0.0,0.0,0.0,0.0,0.0,0.0,0.0,0.0,0.0,0.0,0.0,0.0,0.0,0.0,0.0,0.0,0.0,0.0,0.0,0.0,0.0,0.0,0.0,0.0,0.0,0.0,0.0,0.0,0.0,0.0,0.0,0.0,0.0,0.0,0.0,0.0,0.0,0.0,0.0,0.0,0.0,0.0,0.0,0.0,0.0,0.0,0.0,0.0,0.0,0.0,0.0,0.0,0.0,0.0,0.0,0.0,0.0,0.0,0.0,0.0,0.0,0.0,0.0,0.0,0.0,0.0,0.0,0.0,0.0,0.0,0.0,0.0,0.0,0.0,0.0,0.0,0.0,0.0,0.0,0.0,0.0,0.0,0.0
200808,0.0,0.0,0.0,0.0,0.0,0.0,0.0,0.0,0.0,0.0,0.0,0.0,0.0,0.0,0.0,0.0,0.0,0.0,0.0,0.0,0.0,0.0,0.0,0.0,0.0,0.0,0.0,0.0,0.0,0.0,0.0,0.0,0.0,0.0,0.0,0.0,0.0,0.0,0.0,0.0,0.0,0.0,0.0,0.0,0.0,0.0,0.0,0.0,0.0,0.0,0.0,0.0,0.0,0.0,0.0,0.0,0.0,0.0,0.0,0.0,0.0,0.0,0.0,0.0,0.0,0.0,0.0,0.0,0.0,0.0,0.0,0.0,0.0,0.0,0.0,0.0,0.0,0.0,0.0,0.0,0.0,0.0,0.0,0.0,0.0,0.0,0.0,0.0,0.0,0.0,0.0,0.0,0.0,0.0,0.0,0.0,0.0,0.0,0.0,0.0,0.0,0.0,0.0,0.0,0.0,0.0,0.0,0.0,0.0,0.0,0.0,0.0,0.0
200809,0.0,0.0,0.0,0.0,0.0,0.0,0.0,0.0,0.0,0.0,0.0,0.0,0.0,0.0,0.0,0.0,0.0,0.0,0.0,0.0,0.0,0.0,0.0,0.0,0.0,0.0,0.0,0.0,0.0,0.0,0.0,0.0,0.0,0.0,0.0,0.0,0.0,0.0,0.0,0.0,0.0,0.0,0.0,0.0,0.0,0.0,0.0,0.0,0.0,0.0,0.0,0.0,0.0,0.0,0.0,0.0,0.0,0.0,0.0,0.0,0.0,0.0,0.0,0.0,0.0,0.0,0.0,0.0,0.0,0.0,0.0,0.0,0.0,0.0,0.0,0.0,0.0,0.0,0.0,0.0,0.0,0.0,0.0,0.0,0.0,0.0,0.0,0.0,0.0,0.0,0.0,0.0,0.0,0.0,0.0,0.0,0.0,0.0,0.0,0.0,0.0,0.0,0.0,0.0,0.0,0.0,0.0,0.0,0.0,0.0,0.0,0.0,0.0
200810,0.0,0.0,0.0,0.0,0.0,0.0,0.0,0.0,0.0,0.0,0.0,0.0,0.0,0.0,0.0,0.0,0.0,0.0,0.0,0.0,0.0,0.0,0.0,0.0,0.0,0.0,0.0,0.0,0.0,0.0,0.0,0.0,0.0,0.0,0.0,0.0,0.0,0.0,0.0,0.0,0.0,0.0,0.0,0.0,0.0,0.0,0.0,0.0,0.0,0.0,0.0,0.0,0.0,0.0,0.0,0.0,0.0,0.0,0.0,0.0,0.0,0.0,0.0,0.0,0.0,0.0,0.0,0.0,0.0,0.0,0.0,0.0,0.0,0.0,0.0,0.0,0.0,0.0,0.0,0.0,0.0,0.0,0.0,0.0,0.0,0.0,0.0,0.0,0.0,0.0,0.0,0.0,0.0,0.0,0.0,0.0,0.0,0.0,0.0,0.0,0.0,0.0,0.0,0.0,0.0,0.0,0.0,0.0,0.0,0.0,0.0,0.0,0.0
200811,0.0,0.0,0.0,0.0,0.0,0.0,0.0,0.0,0.0,0.0,0.0,0.0,0.0,0.0,0.0,0.0,0.0,0.0,0.0,0.0,0.0,0.0,0.0,0.0,0.0,0.0,0.0,0.0,0.0,0.0,0.0,0.0,0.0,0.0,0.0,0.0,0.0,0.0,0.0,0.0,0.0,0.0,0.0,0.0,0.0,0.0,0.0,0.0,0.0,0.0,0.0,0.0,0.0,0.0,0.0,0.0,0.0,0.0,0.0,0.0,0.0,0.0,0.0,0.0,0.0,0.0,0.0,0.0,0.0,0.0,0.0,0.0,0.0,0.0,0.0,0.0,0.0,0.0,0.0,0.0,0.0,0.0,0.0,0.0,0.0,0.0,0.0,0.0,0.0,0.0,0.0,0.0,0.0,0.0,0.0,0.0,0.0,0.0,0.0,0.0,0.0,0.0,0.0,0.0,0.0,0.0,0.0,0.0,0.0,0.0,0.0,0.0,0.0
200812,0.0,0.0,0.0,0.0,0.0,0.0,0.0,0.0,0.0,0.0,0.0,0.0,0.0,0.0,0.0,0.0,0.0,0.0,0.0,0.0,0.0,0.0,0.0,0.0,0.0,0.0,0.0,0.0,0.0,0.0,0.0,0.0,0.0,0.0,0.0,0.0,0.0,0.0,0.0,0.0,0.0,0.0,0.0,0.0,0.0,0.0,0.0,0.0,0.0,0.0,0.0,0.0,0.0,0.0,0.0,0.0,0.0,0.0,0.0,0.0,0.0,0.0,0.0,0.0,0.0,0.0,0.0,0.0,0.0,0.0,0.0,0.0,0.0,0.0,0.0,0.0,0.0,0.0,0.0,0.0,0.0,0.0,0.0,0.0,0.0,0.0,0.0,0.0,0.0,0.0,0.0,0.0,0.0,0.0,0.0,0.0,0.0,0.0,0.0,0.0,0.0,0.0,0.0,0.0,0.0,0.0,0.0,0.0,0.0,0.0,0.0,0.0,0.0
200901,0.03172240806868337,0.0,0.0016686603102384452,0.005300231028220345,0.01431717330348187,0.008322572607724014,0.0,0.004969875185013184,0.008120525435409896,0.002242349658304936,0.00216099510028317,0.0021410280059001485,0.0016678165907856222,0.00860227377608507,0.005433354783690671,0.0,0.013905385705800527,0.005563926783714272,0.00025356167762343167,0.0034087492200579965,0.0009278056516652357,0.00736158105125727,0.0012169854526681188,0.0,0.0032873520959487046,0.00909529089698225,0.0,0.0028670207264620416,0.0015357679853384148,0.0006746047803974485,0.0,0.0,0.00030373789698967925,0.0017341286964084172,0.005468388539560527,0.003394174608914501,0.0059022566712435545,0.0019367905423525724,0.0025577250661037404,0.0,0.0059860852629454635,0.0,0.0005623109751897222,0.011905094291350612,0.0,0.004803850645507515,0.0,0.007708235404939419,0.0,0.0,0.003734529691227112,0.018432150617293194,0.030536322487135236,0.008734940521806834,0.0,0.00377621563641451,0.0,0.0,0.0,0.0020825446166862272,0.0,0.004657114802929376,0.0,0.0,0.0059182279608940855,0.015495036297487962,0.00033363292293228837,0.0003626694448633088,0.005380794259982009,0.006238648333664568,0.010351282035055984,0.007129158711581362,0.000494621960151274,0.002651361379185384,0.0003008100910550894,0.0,0.007693965650757881,0.0,0.0028882178994448283,0.005266773866794608,0.0,0.0,0.005321092720488694,0.0001764821059968483,0.01827831654945173,0.0,0.0008737526447909368,0.0,0.0007734847971235733,0.002085117523708821,0.0030325452260281335,0.004560385828329826,0.0033591514067793644,0.0131473486350336,0.0,0.003200898091908827,0.0,0.000822163149426476,0.0,0.016143432702923816,0.006477805009422619,0.002457870202292955,0.006704919610536371,0.0019833424344323546,0.0,0.0,0.0018292402293361122,0.0015710798348828455,0.008335761098769136,0.0,0.0,0.009095456759298973,0.009897985774011674
200902,0.031756320070946586,0.0,0.0017657664704582034,0.00546580663913312,0.01405978715540538,0.00824296682673735,0.0,0.005090079617295514,0.008195908033837285,0.002065178992452418,0.0023042381187487145,0.0019598158475448765,0.0015434274878956711,0.008654133932342824,0.005706170881810791,0.0,0.013816161250167689,0.00582300429153592,0.00021733241698467296,0.0035818525063752446,0.0009138792266810448,0.007524863511969968,0.0011393969117976456,0.0,0.0031987305619519605,0.009059087673774642,0.0,0.0027111226947025687,0.0018885006966274695,0.0004990119917070138,0.0,0.0,0.0001317136045984121,0.0014914332712248396,0.0065292796593426385,0.003446120433635115,0.005750280685737642,0.0017510817319673212,0.0023526747513430875,0.0,0.006095700864694688,0.0,0.0006835817929272194,0.012266670707526958,0.0,0.004333823740813431,0.0,0.007760042355361788,0.0,0.0,0.003577781674323387,0.019072641694427957,0.03023984491357901,0.008478092689500973,0.0,0.003947876992564833,0.0,0.0,0.0,0.002373283632403177,0.0,0.004603063978581956,0.0,0.00030340647169853677,0.005742797864981424,0.015221503479716302,0.0005807645833842247,0.00018140202055224065,0.005098375522231387,0.0062153022330884,0.010401792319075632,0.00741003336342751,0.0003540846861013322,0.0030552160912094978,0.0,0.0,0.007863194527753152,0.0,0.0026901667631310465,0.005333770788194408,0.0,0.0,0.00540502357086496,0.0003750361966381509,0.018663602051956957,0.0,0.0007395153481372781,0.0,0.00037020952600742255,0.0023538556284743565,0.0032785926039306493,0.0045634421423279385,0.0033435973203901387,0.012980962314468247,0.0,0.0035176308401007397,0.0,0.001277730988817944,0.0,0.01607420445000823,0.006681193240515253,0.0026453442594923595,0.007132225315483857,0.0018696119317927124,0.0,0.0,0.0021401413612442376,0.0012449661530332843,0.008179638188227594,0.0,0.0,0.008973281143099646,0.009790594911765229
200903,0.031699343927883254,0.0,0.0014791131115540295,0.005527923693736396,0.014030216095310398,0.00827534240139502,0.0,0.00523195860946868,0.008088885510538118,0.0018062214509393711,0.0021663472380640523,0.0019348887785146775,0.0011474938573330475,0.008604626019287487,0.006058339028844561,0.0,0.014043544914282967,0.005617441799898478,0.00023948662939479414,0.0036687253910337417,0.0010470030743470143,0.007787342711248314,0.001074968912545055,0.0,0.002984330058995724,0.009150664410605507,0.0,0.002881985697358998,0.001816027423028207,0.00041340794107000076,0.0,0.0,0.00010874812847749637,0.0015939238230195094,0.00752473212632658,0.0034408529261304175,0.005821346737158555,0.001771074416579849,0.0022669074626901864,0.0,0.0058187023597249905,0.0,0.0004357030205607181,0.012961154293267468,0.0,0.004234138981291115,0.0,0.008043661428439186,0.0,0.0,0.002486018049916667,0.01852294023566725,0.030004428815714235,0.00892492868422222,0.0,0.004352000097580576,0.0,0.0,0.0,0.002707006583244546,0.0,0.0046898047642973395,0.0,0.0006411821883984179,0.005642953862349004,0.015642972036932486,0.0010112292264450162,0.000737668530653778,0.004888071255249474,0.006274704223446253,0.010299131768323791,0.007418106275722351,0.0003815237476185584,0.002982661335045633,0.0,0.0,0.00756703096057463,0.0,0.002839977264159877,0.005528193956295126,0.0,0.0,0.0055816035729401,0.0,0.018830002682574017,0.0,0.0009860200860881269,0.0,0.000417388085400634,0.002307938892748267,0.003253993582787389,0.004410541086776192,0.003230546530124024,0.012897867841423088,0.0,0.00357428316245499,0.0,0.0011438781148273352,0.0,0.01639567136813274,0.005658070327306066,0.003090492514491691,0.006827315652829261,0.0017885251150602606,0.0,0.0,0.0021788798545506775,0.0012849016802215466,0.00845856025215304,0.0,0.0,0.00960147843514781,0.009580076511272281
200904,0.031409624768300226,0.0,0.0017346247856594725,0.00578358728691752,0.01406566615585087,0.008485809588204333,0.0,0.004812156685422001,0.008132498302367895,0.0017446424304319098,0.0025212971076685946,0.0021473207628716737,0.0014361743369294142,0.009005649844106638,0.005983661694999201,0.0,0.01412853267735771,0.005592801944655163,0.0002612554279161627,0.0037454894492378594,0.001075320139166996,0.0076680817517534045,0.001113702253283244,0.0,0.0030737311868094604,0.009401159194808108,0.0,0.003228321045366612,0.00216841482943529,0.0001605845013828735,0.0,0.0,9.991347026298698e-05,0.0014840470152316868,0.006878730734070328,0.003391286188293753,0.005884038339391084,0.0018469020616945265,0.0024658791687862318,0.0,0.0058680463638112555,0.0001298208561905846,0.00031547356702773074,0.013228967257300979,0.0,0.004066469445901802,0.0,0.008089075538443945,0.0,0.0,0.002002389348888591,0.018723920228217353,0.029645403348069175,0.008861390178204998,0.0,0.00464603001443244,0.0,0.0,0.0,0.0029274782936704355,0.0,0.004464530799780056,0.0,0.0009182830405337982,0.005692256644151132,0.015400134034054517,0.0014826053036618026,0.0007279150813044906,0.004580316030070777,0.006234295433935088,0.010412622007463847,0.007449323248286671,0.0006137313513114854,0.0035042441587132952,0.0,0.0,0.007406762133475575,0.0,0.0029089264227118196,0.005246575417049949,0.0,0.0,0.005931070001835697,0.0,0.01894976189697388,0.0,0.0012393251648695884,0.0,0.0003208361817305063,0.0020533994457026306,0.0029446818024630446,0.004449508734359272,0.003507818547953699,0.013028216170305524,1.846089613629129e-05,0.003481249962771552,0.0,0.0011158413746460228,0.0,0.016126703899227764,0.0052865456637714355,0.0027318779493816256,0.006608151815372327,0.001784019869747763,0.0,0.0,0.002072689973855603,0.001123266637292506,0.008394136819489082,0.0,0.0,0.009601199359254546,0.009485443933027693
200905,0.031056754679945744,0.0,0.0019164484320465395,0.005721168649611695,0.014000614936669119,0.00850030207935343,0.0,0.004986840155368456,0.007998452758145312,0.0020562818329231333,0.0029214750130178973,0.002188492201014413,0.0018985822479798604,0.009120958669957945,0.006391105787710122,0.0,0.013781156440208522,0.005385955758080639,3.744801155838479e-05,0.00379645732007616,0.001160814687558712,0.007886533415822706,0.0009944958078461695,0.0,0.003018938192503831,0.009491614055029435,0.0,0.0038083044073399077,0.0025727954991067842,7.978546123963112e-05,0.0,0.0,2.2157988528252634e-05,0.0013790727240373737,0.006561321325000989,0.0034698713088492784,0.006136719968789403,0.002549027126333848,0.002341640655122058,0.0,0.005954046235938478,0.00013024248822607286,0.00019620084171189167,0.013202688195918445,0.0,0.003703925132709194,0.0,0.008379425100040637,0.0,0.0,0.0025245450288130843,0.01874437343592481,0.03049776642406025,0.008784447224652521,0.0,0.004324420384134599,0.0,0.0,0.0,0.0030687211916717743,0.0,0.004054462796238467,0.0,0.000436161872615182,0.005667872606241823,0.015324903611554416,0.0016665003034920084,0.0012821775770919639,0.004848962597047346,0.006381229502028745,0.010412649753517326,0.0072474437791248975,0.0007204248978979238,0.003944970970676815,0.0,0.0,0.0076322026636937235,0.0,0.0031939276955057654,0.005283164376258818,0.0,0.0,0.006351969418891155,0.0,0.019287096503110272,0.0,0.0007359419739026455,0.0,0.00029763532894375606,0.0022837312762683066,0.0029011039852654226,0.0045414947761863965,0.0037090584761574497,0.012688319245337882,0.0,0.0035526659760727023,0.0,0.0011750239873705873,0.0,0.016143335050264503,0.005554750628957692,0.002808355702051731,0.0069787835026729195,0.0018154880592900547,0.0,0.0,0.002493107719266784,0.0010748495982186245,0.008526830051399724,0.0,0.0,0.010398529544740884,0.009639051926173231
200906,0.03091758911628369,0.0,0.0021086201694686495,0.005629013811486245,0.014105952952167246,0.008321046102700534,0.0,0.005204678998314186,0.007784578304576548,0.0017456842490287414,0.0031380763094474777,0.0021146399153776363,0.0022824175325621278,0.0095144979010084,0.007023186054829286,0.0,0.013376347408164964,0.005448351136155539,0.0,0.0038909095015617783,0.001141012765062218,0.007893678003478262,0.0007732748765221014,0.0,0.0030903189777826113,0.009184188852209065,0.0,0.004172811374601006,0.0029712412129211272,0.0,0.0,0.0,0.0,0.0014070186875300508,0.007263794194801687,0.003310568196523779,0.006175251217061223,0.0029380076620620136,0.00217981043180109,0.0,0.006449467461227348,0.0,0.0001016277309567582,0.013713724990781528,0.0,0.0029969528997790896,0.0,0.008813046527693815,0.0,0.0,0.002847781346956245,0.01898451605271444,0.030653445801758557,0.008311505343385959,0.0,0.0035447666724670976,0.0,0.0,0.0,0.003073199786927938,0.0,0.0037679368128426117,0.0,0.0003694191093633299,0.005931399964474653,0.014924901685638283,0.0015861733324463454,0.0016879027340887187,0.005287362215780069,0.006394559308373979,0.010249507871350571,0.006949712319165261,0.0006816617601405417,0.0036423414551074096,0.0,0.0,0.007893236941587585,0.0,0.0035096104063415067,0.005507976121875204,1.9455257890308818e-05,0.0,0.006708259102536188,0.0,0.019691414202346318,0.0,0.00015759559897691352,0.0,0.0,0.002458205063539927,0.003013126383051865,0.004566708226568121,0.003363746189140137,0.012484602920622926,0.0,0.003301434546810099,0.00040412156333502437,0.0012266408220566133,0.00029719342414341555,0.017093271211906375,0.006378276619586571,0.0029186002999023147,0.00672485733071291,0.0013175250332307113,0.0,0.0,0.0028754165213979092,0.0008813153051452231,0.008667460558993706,0.0,0.0,0.010967932540948439,0.01036488647073847
200907,0.030783188203345056,0.0,0.0014008261032142253,0.005504906101708831,0.01401708384413916,0.008659458580589736,0.0,0.005407055850965388,0.007894659239108969,0.002749242929652877,0.002511017671212916,0.0016381582248226824,0.0025258913103776057,0.009116524850622131,0.007186552276113681,0.0,0.013936966217108495,0.005272520318325867,0.0,0.0037259552925050904,0.0007718778302860787,0.007840542808857745,0.0010517055389740726,0.0,0.0031238769465849144,0.00835901047028882,0.0,0.003798869290005255,0.0026620640823292727,0.0,0.0,0.0,0.0,0.0014623612587770702,0.0060051362545668315,0.003357393915417444,0.005804445920244681,0.0027814331061845484,0.0024547098117489526,0.0,0.006225237916838616,0.0,0.0,0.013269973599919346,0.0,0.0030404505660479846,0.0,0.008865648874586574,0.0,0.0,0.002794517342420423,0.018523414348166446,0.029971476808153947,0.00767508657492863,4.835580596590941e-05,0.0040905906080568885,0.0,0.0,0.0,0.0029687905902258463,0.0,0.0036532078836226793,0.0,0.0,0.006013462536155781,0.015077519108311352,0.000893756976076232,0.0012470997392305917,0.0053876543578910245,0.006505779728038583,0.009972841104709591,0.007279537418514961,0.0007408522624433321,0.003156340064017906,0.0,0.0,0.007796720806357284,0.0,0.00342930638217327,0.005485988508186403,0.0,0.0,0.00729482403046478,0.0,0.019809196675736794,9.686715197978379e-05,0.0004822497838290934,0.0,0.0,0.0028520753893104965,0.003324720654952374,0.004809419889551694,0.0033836684340888996,0.013453599053058546,0.0,0.0029257317656030493,0.0005415449830936422,0.0008330784894811612,0.00022030582958501444,0.015693403110136978,0.005327839303106053,0.0027518468138743478,0.006242115884559409,0.002349310891833205,0.0,0.0,0.0028200970560763655,0.0011784363883291001,0.008610395911151657,0.0,0.0,0.010923674616753365,0.009502969222965582
200908,0.031092457649189945,0.0,0.0010380751146169523,0.005572425247840549,0.013876845135428773,0.008821118990841375,0.0,0.005609194651108543,0.007504693079157961,0.003735205195623735,0.0024909750319323273,0.001695878395511735,0.0026280965800913815,0.00857102645956352,0.00715792175100647,0.0,0.013951680761064001,0.005397870520734324,0.0,0.003896512931093308,0.0007959236026344063,0.00805241906626569,0.0011127248346548182,0.0,0.002927027204174347,0.008075734091119698,0.0,0.003962067083957451,0.0027233873307998158,0.0,0.0,0.0,0.00017946840311333,0.001681829863793002,0.0023507560005939458,0.003274405882578481,0.005954077665772583,0.003137635171899505,0.0023048849802911296,0.0,0.005944355698250015,0.0,0.0,0.012966022574075716,0.0,0.0035766985162876646,0.0,0.00900706733224125,0.0,0.0,0.004757742513726696,0.018507729744209642,0.03014160125138655,0.008243797170915411,0.0,0.004075446380612178,0.0,0.0,0.0,0.0029057519583193013,0.0,0.0036141908108902492,0.0,0.0,0.006314726304415107,0.015330656488964393,6.487179620870523e-05,0.0012530350485115782,0.005585631393488484,0.006660920241770924,0.01032484967702633,0.006775676012630594,0.000763686510481928,0.003691942511381693,0.0,0.0,0.007918056721403265,0.0,0.003732760086797946,0.005185812254455223,0.0,0.0,0.007993543345063862,0.0,0.01886455365074171,0.0,0.0004902670454183513,0.00021004033499835638,0.0,0.0025345826166795608,0.0031736889945175885,0.005149710888209166,0.003574900257845328,0.013649908910439204,0.0,0.0025332944722039597,0.0019910555966161873,0.0008495037301797941,8.015629288541425e-05,0.015609267695255422,0.005122145068830007,0.002499437453854421,0.0063381968401454115,0.002656030069022837,0.0,0.00026380219439756255,0.0031047024857180946,0.0012892390486781724,0.008506536322005997,0.0,0.0,0.011681050298061225,0.008844055278224048
200909,0.031391238476893735,0.0,0.0006851938654674463,0.0048790644948768285,0.013682851419438863,0.00867180126387047,0.0,0.005436277962917688,0.007727359559122736,0.0025271075703213464,0.0018224999015325966,0.001093694049637951,0.0013816042106171561,0.008210245087769272,0.007283109348206546,0.0,0.013765481379635283,0.0052202397578892425,0.0,0.0041398590643984485,0.000344716030548356,0.007605605149156119,0.0008814663486332157,0.0,0.0026825171211929803,0.00782942228394028,0.0,0.0018095464239610503,0.002649695225121811,0.0,0.0,0.0,0.00014250777254429692,0.0013012149147919726,0.004551925717805647,0.003380282090863014,0.005280460495481623,0.002812896218805186,0.001882635295205874,0.0,0.005793655307797679,0.0,4.045961171925033e-05,0.012788166051255892,0.0,0.004376540697821715,0.0,0.00866134066404961,0.0,0.0,0.005285795476441587,0.017581579927885758,0.031802965186218585,0.0070136169411392025,0.0,0.004513914354758037,0.00014297081206385574,0.000249340449918876,0.0,0.002234712244104239,0.0,0.004684914740658467,0.0,0.0,0.006181559629841676,0.014771817321650256,0.0,0.0007228354388336481,0.005391476419710331,0.006871752424505574,0.010042487756483816,0.007343650601624855,0.0005779043647312227,0.0027317309097026083,0.0,0.0,0.008457694676680139,0.0,0.0039270549667282,0.005231943692380254,0.0,0.0,0.005921042230936169,0.0,0.01803117234242522,0.0,0.0007033831685431923,0.0,0.0,0.0013334632210180142,0.001717293047633101,0.005487664301886188,0.003447953679654196,0.012074010080025515,0.0,0.002326178219355954,0.001901008661560047,0.000205757774649341,0.0,0.015317473314063444,0.006085891962242821,0.002735567965698448,0.006701343884420516,0.0025096147140589117,0.0,0.00026057192614326524,0.0024187137934441405,0.0014000208581829861,0.008211323871235262,0.0,0.0,0.012555735941925286,0.008743950155514013
200910,0.031067594247086713,0.0,0.0008046109914122103,0.005048255891608802,0.013827448393752068,0.009369693226302543,0.00010684484647764448,0.005613895437934464,0.007882480482075627,0.0008741443858706039,0.0007511204343327029,0.00019692751077647353,0.0011064898388533251,0.008292355200001567,0.007574231918580301,0.0,0.014025915675990444,0.005314598394334021,0.0,0.0033304963840235387,0.0007245224447401867,0.007440609723732033,0.0009251884685321229,0.0,0.002545595268583222,0.008259310382112235,0.0,0.001264276596782695,0.002771690229808058,0.0,0.0,0.0,0.00010365537100196787,0.0012158209091674792,0.0061996854662102925,0.003570468749174954,0.00487809037868542,0.0020440351098607447,0.0019129101606609742,0.0,0.004678242330222181,0.0,0.00015860557262607902,0.013045736790440993,0.0,0.004630416096306693,0.0,0.008779423912221775,0.0,0.0,0.006100082355924251,0.016847053548565003,0.03267151811433066,0.0073268695452729325,0.00013034529666192826,0.0052944556135993345,0.0,0.0,0.0,0.002476650873313916,0.0,0.005088912859460682,0.0,0.0005317582772031197,0.0061914281650923665,0.015259531452206185,0.0005503035497225101,0.00027484771727488596,0.005532258611167867,0.006690996657339292,0.009801950296195218,0.007318557599757779,0.0011489432775527097,0.0029932568848478275,0.0,0.0,0.008603958622104923,0.0,0.003408902777037317,0.005175361015910518,0.0,0.0,0.005148484249499866,0.0,0.018099925116590077,0.00036278553222356217,0.0012736592400090616,0.0,0.0,0.0015950674412635116,0.0014873373994617857,0.005852150173911099,0.00309138302762094,0.01060643521217484,8.494463594995371e-05,0.003090125426014306,0.0016052920767459546,0.00015103178174831854,0.0,0.014943067736646993,0.006362534303142785,0.0025307138235915907,0.00666937499800088,0.0017898443395470364,0.0,0.00045438255342076714,0.0019754686036193687,0.0013422862574116194,0.007735637711584222,0.0,0.0,0.012131456156921986,0.008566538961372914
200911,0.030616722197414216,0.0,0.0010862422788703472,0.004500610267260119,0.013285262197428491,0.008481866858440957,1.7022822572592676e-05,0.004743613089422175,0.008537017447944302,0.0009228986931713995,0.00013973881851882345,0.00031507244229851103,0.0005096036665128656,0.009242324710625653,0.008127489674738543,0.0,0.013613767697564779,0.005007370737250305,0.0,0.003565317497257992,0.0004601813530938112,0.007409605852907184,0.0004541463465879808,0.00018263395567138816,0.002230816132776979,0.006862012016199992,0.0,0.0008634676488891023,0.002697945233586863,0.0,0.0,0.0,0.0005205366872740629,0.0008707804931889551,0.008320527178312337,0.004128287582769116,0.004914061020691008,0.0011938350505787158,0.0016823595699143141,0.0,0.004784213319086647,0.00019007141086230218,0.00018702918201318926,0.013205500965853578,0.0,0.003755395914388433,0.0,0.008280025239416598,0.0,0.0,0.005206947822468217,0.015331755732711219,0.03263811841085142,0.007169085172522863,0.0009057035012270711,0.004344881256337352,0.0,0.0,0.0,0.0021979702274362066,0.0,0.0046278021514247055,0.0,0.0016901850626289986,0.005942028119140388,0.015626740412633257,0.0010676074349018402,0.0,0.004878035711624547,0.006883329894323176,0.009290488805048075,0.007006486344828838,0.0012319775768673657,0.0035547224586326516,0.0,0.0,0.008167844216203587,0.0,0.004011366982114637,0.0046348486595956155,0.0,0.0,0.004555291189491211,0.0,0.018266358157926613,0.00047444100380963217,0.0009747987265543937,0.0,0.0,0.001477324923684545,0.0014074112214922398,0.0056850437751092935,0.0033967689167955653,0.009287167616817282,0.0004025370169347959,0.002903901189534871,0.0,0.0,0.0,0.0160552602336602,0.006812595765515633,0.0028461957028631233,0.006484954178764294,0.0019410426000615573,0.0,0.0009874920131643708,0.0019443599106727365,0.0010904348490161206,0.008464326025723489,0.0,0.0,0.012119409620320614,0.010161182399497865
200912,0.03042727510191326,0.0,0.0007173945891695567,0.004084592769991957,0.013189221812621327,0.0080788884501844,0.0,0.004786232312021205,0.00877653674099611,0.0021469939644629637,0.0,0.00040884634911066825,0.0006968803222426752,0.009503539056946448,0.008312235896759916,0.0,0.01403210775230409,0.005115158825627405,0.0,0.00408717915723595,0.00045605897059202913,0.007488682327454887,0.000673701391355669,0.00015673956702630599,0.0020380591386984495,0.006185422091164105,0.0,0.0006497346297649957,0.0021794697023893245,0.0,0.0,0.0,0.0001288817765686447,0.00127265020189688,0.008189966685303886,0.004350667716899538,0.005078795013762864,0.000961655110266882,0.0014250908125678183,0.0,0.00547266128921079,0.0,0.0005267876445083804,0.014070253769324876,0.0,0.0029203560781184707,0.0,0.008157855061909088,0.0,0.0,0.0036111267428266948,0.014944872129532452,0.03253958234152592,0.007316693535572281,0.0015927387931039825,0.004580003498353555,0.0,0.0,0.0,0.00248454503391758,0.0,0.004378696058749315,0.0008083173086423891,0.0015702796830729892,0.005954108779039771,0.0160518362663937,6.991794188944005e-05,0.0,0.004772388710560069,0.0069314957685450386,0.009325283444676247,0.007163439608412535,0.0009641156543032837,0.0031647526408907787,0.0,0.0,0.008360998547264355,0.0,0.004146542326312692,0.004467906401733344,0.0,0.0,0.005728119781597795,0.0,0.018404436113977254,0.00065783722570987,0.0009957895825524604,0.0,0.0,0.000952504138838648,0.0009906701187810778,0.006140826938871503,0.003585825389278956,0.009962417380084817,0.0003429402213308133,0.0024299284987126355,0.0009001610449248201,0.00019688475911797072,0.0,0.014956761453762337,0.0061318654337224054,0.003050866623341559,0.006474356356504207,0.002511682227622732,0.0,0.0004883654158338727,0.002863519760806211,0.0009216043760698876,0.008917271534815167,0.0,0.0,0.012854933665878854,0.010644274292130992
201001,0.029389539154561006,0.0,0.00037730070474776585,0.004169625051686495,0.013029086804083448,0.008183237689808323,0.000385083908131332,0.004592365489283437,0.00975197034413361,0.0026458356967068064,6.058241957909133e-06,0.0008106699320538052,0.002667583454272818,0.010585845369417774,0.008060222477513415,0.0,0.014089852595068503,0.005612000701913735,0.0,0.0038243999130045743,0.0007058843822018254,0.007396093964154938,0.0010360384687181708,6.81347094982565e-05,0.0024972250024230007,0.006865055684907496,0.0,0.000591984888602163,0.001582067804309115,0.0003025282560729202,0.0,0.0,0.0,0.0014662313720399632,0.0032459803965072167,0.005081068851423107,0.005792437123494765,0.0010952369030855199,0.0014139064559783446,0.0,0.005634726803182852,0.0006086089904504449,0.0007200699952968829,0.014355025814410794,0.0,0.0018315940422140688,0.0,0.007840887795991595,0.0,0.0,0.004117355838192397,0.01395995724908418,0.03190524305130473,0.00648217143778776,0.0021541462951316583,0.005621074044560452,0.0,0.0,0.0,0.0026696620835207764,0.0,0.00394596580022225,0.0019735389158510204,0.0029236766697453643,0.005996100654015703,0.016111929039457667,0.0,0.0,0.003312355430107431,0.006523392558078616,0.009679138681667799,0.007235283375260336,0.0013761829222475536,0.0016539916769845232,0.0,0.0,0.008525073555428815,0.0,0.004358224046179427,0.005297159644679701,0.0,0.0,0.007406352124184867,0.0,0.019404900113356865,0.00029145539712659044,0.000178320263402362,0.0,0.0,0.0,0.0004215934965496891,0.006100204552724347,0.003935073938338705,0.00934728152386333,4.271617596349712e-05,0.0031268912684542663,0.0018919561735802608,0.0,0.0,0.014302873696172641,0.004583627856176271,0.0024371973724516428,0.006420222696091222,0.00262778912515862,0.0,9.236294075206042e-05,0.0027310766393364282,0.0010418995870884312,0.009526786926262906,0.0,0.0,0.01056680370198886,0.012422139831573536
201002,0.029151460355759263,0.0,0.0006261082555210823,0.004402759784556725,0.01303276594873716,0.008077297461184622,0.00029056490283272714,0.004947929837226489,0.009529633874980894,0.0023601552630509418,0.00024699093790657835,0.0010430324286361792,0.003217528186573929,0.010885358683188075,0.008128020348960749,0.0,0.013759002395053193,0.0053760227954601295,0.0,0.003917339814371862,0.000729188973518241,0.007172269791180117,0.000984776469452172,0.0,0.002319436010763977,0.006310021845995508,0.0,0.0003536422311555998,0.0021201670149679224,0.00018371717958117536,0.0,0.0,0.0,0.0015801926079135756,0.0015786339682188942,0.00538521127933068,0.006217266259495483,0.0008271202120285382,0.0017797535775048513,0.0,0.005637241820468147,0.0007140838785325482,0.00044906224692885314,0.013749576141403612,0.0,0.002040469889606843,0.0,0.008162552060806485,0.0,0.0,0.006145562612381028,0.014440686917609446,0.032036044505015814,0.007031902262415756,0.0011354166426936184,0.005268094084446489,0.0,0.0,0.0,0.002801421849678682,0.0,0.003980042268317193,0.0013350861865464008,0.003456466603467712,0.005962773183443166,0.01691255355384523,0.0,0.0,0.002849368334008423,0.006448596139385814,0.009463209497432578,0.007114125601208377,0.001504953114773063,0.0016744758684491125,0.0,0.0,0.008724481960161424,0.0,0.004332258952320647,0.005910826420214053,0.0,0.0,0.006992562282460467,0.0,0.019904127609845064,0.00020295960849438615,0.0,0.0,0.00021349424815275206,0.0,0.0005407512072338291,0.006125153179368798,0.004254372129864362,0.008646334620669214,0.0,0.002836571556600666,0.001684677701709351,0.0,0.0,0.013763862891679683,0.004770038584326071,0.0025459248429867917,0.006526629173399372,0.002472840228111331,0.0,0.0,0.0025822865826641973,0.001197344680500746,0.0094143043852745,0.0,0.0,0.010222039231397043,0.012388731073752858
201003,0.03340443096981115,0.0,0.0003940993694715371,0.005192060877981818,0.01310862660611846,0.007426718237860268,2.378555744860421e-05,0.005130505394182474,0.008895446287642522,0.002986658356800982,0.0004766432907195118,0.0012677670819528047,0.00304059805104298,0.010819990010603398,0.008048322238204042,0.0,0.013474881576738242,0.007834684336433998,0.0,0.0037498845456119373,0.00011820537221377075,0.0063895440742796124,0.0008980476652611436,0.0,0.0021734517928157053,0.008479127550763363,0.0,0.0008894367864139723,0.0021601047081732977,5.631217631714881e-07,0.0,0.0,6.601200959803949e-05,0.0011406104809411001,0.003216071644407777,0.003740429964801236,0.006265269585192584,0.0009817536448231236,0.0013758081409669467,0.0,0.004911795056151729,0.0,0.00031054645869854034,0.01390464282471652,0.00011274502248480492,0.0019294714903342798,0.0,0.008486231261299177,0.0,0.0,0.005147816912610904,0.014434931656584686,0.032238939833817294,0.007481471105163876,0.0016601580562528764,0.005484692482335185,0.0007360297195477404,0.0,0.0,0.0021091333432910774,0.0,0.004743983139709552,0.000945201683229153,0.003347450310047179,0.006055758119525232,0.015426605067568315,0.0,0.0,0.0033812524218607156,0.006351364659068327,0.009087014219460846,0.007010892990196257,0.0013160082033439008,0.001804336475625599,0.0,0.0,0.008642384031250765,0.0,0.00397249191589804,0.0068037022478106765,0.0,0.0,0.007548357265795974,0.0,0.020429536188299756,0.0005099642687274514,0.0,0.0,0.0,0.0,0.00028073354223914776,0.006209951613076182,0.0038437918251097818,0.009638829546476706,8.437982047999784e-05,0.0031263848950331724,0.0019426482149243684,0.0,0.0,0.01385760267855807,0.005329044623061827,0.0021390370233251117,0.0063280025348236854,0.003064047049111282,0.0,4.1390517389694e-05,0.0019377280321651621,0.0014725704545042522,0.00990218283467278,0.0,0.0,0.011055194914490607,0.01246515833279266
201004,0.03671004130639907,0.0,0.0,0.004747161648910336,0.013113166137303005,0.007863018897337917,0.0,0.00518902520244592,0.008124911023277122,0.0049758595286813374,0.0,0.0018701810914380343,0.0018825203905242704,0.010731062255657554,0.007633246109270061,0.0,0.013842151446929183,0.008786596140423765,0.0,0.003965730140613585,0.0,0.0059608361868204885,0.0009943862255228436,0.0,0.002322853749624036,0.01168280695109492,0.0,0.0016473990681875926,0.0015704445557152744,0.0004916230085578426,0.0,0.0,0.0,0.0008898703556153311,0.0035166960850284874,0.002249486255498757,0.00658206076373659,0.0012463985273825197,0.001539210270428032,0.0,0.004560736498249834,7.069546292737192e-05,0.0,0.013763437308246999,2.60534738972523e-06,0.002414135687148587,0.0,0.008154767689123559,0.0,0.0004571876549959492,0.002522619392533713,0.01451389780723454,0.03218248687229342,0.005801037788419633,0.0017967810393813314,0.006024563514416115,0.0017654470795541851,0.0,0.0,0.002518047975244355,0.0,0.005161082329381113,0.0002860706861621378,0.0027268018638287547,0.00568042979860962,0.012724827845402827,0.0,0.0005314202111500449,0.0035532225655813257,0.0067929846516714435,0.008800968164395406,0.007736865602784063,0.0015794906401465887,0.0020435954216430517,0.0,0.0,0.008385386918338102,0.0,0.0039472831523954715,0.007011458417751676,0.0,0.0,0.007803445283927904,0.0,0.018915905014783355,0.0003172161843977501,0.0002311967914601533,0.0,0.0,0.0,7.22186394559357e-06,0.006142454226256696,0.0038544032434190147,0.008981233028131717,8.743701195487947e-05,0.004268275701924679,0.0029273975479958566,0.0,0.0,0.015353252106578435,0.004131265957976186,0.00200657216157863,0.006361517831147014,0.004525637922126823,0.0,0.0,0.0016541592771527952,0.0015689569600705802,0.009815592602375306,0.0,0.0,0.01082808212883681,0.012223471084970617
201005,0.0366744116423917,0.0,0.0,0.0047797716833370375,0.013212508527079177,0.007592558131033753,0.0,0.005086931439666662,0.008465911278677726,0.005724625559802928,0.0006700880322226869,0.001567868063226115,0.0022579693994100687,0.010893222931207924,0.007027532779561373,0.0,0.013529454992459543,0.009917294318259003,0.0,0.003737539793383861,0.0,0.006351787817671979,0.000878336708947426,0.0003182613193779872,0.0027438726666858112,0.013189093941929589,0.0,0.0018033108748458796,0.0009261370761070698,0.001144103897082289,0.0,0.0,0.0,0.0006747069372862524,0.0038576180234890984,0.002157950974030432,0.006370645903922321,0.0014222598688689763,0.0017911895677374385,0.0,0.0045094783238908,0.00023415293947617598,0.0,0.013363432608925913,0.0,0.001758018303807117,0.0,0.00822897457278235,0.0,0.0,0.0030096158048643646,0.014897462692509711,0.031592523080444086,0.006236883145912521,0.0019632066655865814,0.006379060100135259,0.0020219566255753546,0.0,0.0,0.0028011117205582335,0.0,0.004968944033888356,0.0011701103728319522,0.002952050985668734,0.005964894588567751,0.011592239454190504,0.0,0.0,0.003938090025024071,0.006592371208949186,0.008223382851746171,0.008073401137414834,0.0017174818431194949,0.0028794394852418447,0.0,0.0,0.008291943008329875,0.0,0.003727282085711243,0.006737967932496732,0.0,0.0,0.007704275132314924,0.0,0.018914828645998905,0.0002273483622398176,4.2002030997692134e-05,0.0,0.0,0.0,0.00019154427596921038,0.006259779658052294,0.0041215607813224085,0.008401457511404666,0.0,0.004723151228110328,0.0027310387675292154,0.0,0.0,0.015803757305975566,0.004691589657299758,0.0015571490242734679,0.006691974775228222,0.005150613076298406,0.0,0.0,0.002400946216221581,0.0012606798633367433,0.00884920793370153,0.0,0.0,0.01147963282712517,0.013044081166878213
201006,0.03793977137785215,0.0,0.0,0.004367430730169596,0.013369689377580476,0.007409426754050891,0.0,0.005300403484908466,0.00841484034809797,0.004891160780431402,0.0004464764313089061,0.001770955273517672,0.0018592202300625573,0.011323547429063958,0.006188926701288519,0.0,0.013646783333320093,0.010271843683078945,0.0,0.0033392269617195562,0.0,0.006149756143231675,0.0009299249806674483,0.0002754584707797111,0.002948933716410493,0.013288353094126092,0.0,0.001689293445186904,0.0008246059373678293,0.0009622136775048954,0.0,0.0,0.0,0.0004922255133701233,0.0030494427835264172,0.002349777016110072,0.006522247221324627,0.0014215740558612884,0.001840089371105206,0.0,0.00508843541664211,0.0008750992815805309,0.0,0.014041537297064732,0.0,0.002062383410956972,0.0,0.008239447874498039,0.0,0.0,0.0022917808937107606,0.014828021473141455,0.031414815082205484,0.006060891322459448,0.0026942761673120885,0.006774731345621631,0.0013462925796071702,0.0,0.0,0.0025959956225458246,0.0,0.004905018889696621,0.0005173750933670508,0.00337146651310449,0.00574716062907928,0.011392216246858948,0.0,0.0,0.004469901426846803,0.00634836855792076,0.008158875113056699,0.008441267450463722,0.002317176681549253,0.003104212227634787,0.0,0.0,0.007447626228604943,0.0,0.003488101033796548,0.007367847245694134,0.0,0.0,0.008441313302030184,0.00015010061080699273,0.01947046021784054,0.00023829967198027476,0.0,0.0,0.0,0.0,0.0003180491923280933,0.006388773172411801,0.0041564068800614366,0.00838032067595761,0.0,0.004998197376156073,0.003877872009093302,0.0,0.0,0.015776066979632516,0.0046552062735047296,0.0014358660712495285,0.00675481314975942,0.004765221918738609,0.0,0.0,0.0024808941717661295,0.001412429715549903,0.008717931671030256,0.0,0.0,0.011580426395908242,0.01408804325893626
201007,0.038664292095020425,0.0,0.0,0.004086561468359525,0.013598207010940291,0.007166412772332591,0.0,0.005011476428361293,0.008407358256165292,0.005700952630049509,0.0,0.002178729272843024,0.0021581508492441717,0.010777032272220884,0.006239437492979565,0.0,0.013430981948962176,0.010880591264160962,0.0,0.003217637437294205,0.0,0.006124315530640026,0.0008310238526031876,0.0006310348318571396,0.002879026858737312,0.013063699328405735,0.0,0.0022083994114770185,0.0004262857218352581,0.0008456216975953864,0.0,0.0,0.0,0.0003753103991264546,0.0023009193674013114,0.0022733979291729243,0.00672653796558845,0.001601257607416898,0.002041088198340052,0.0,0.005357547040623122,0.0008936651350583768,0.0,0.013594941983198962,0.0,0.0019747090828002765,0.0,0.0077739510640212955,0.0,0.0,0.002622412995281861,0.014992610087609827,0.03156867382954305,0.0066202224872402675,0.002061367277898933,0.00576036936095295,0.0015659575814240142,0.0,0.0,0.0028686043568933476,0.0,0.004646564621646325,0.0,0.003427052705852221,0.005528175489335068,0.011389634781985862,0.0,0.0,0.004319896412483467,0.006306922977795388,0.007821559962562345,0.008607387603969261,0.0022581287900723993,0.0036862157991643146,0.0,0.0,0.0067897358036654865,0.0,0.002999758178150285,0.007799413299807187,0.0,0.0,0.008413757008066115,8.299577693465852e-05,0.01941311698610574,0.0,0.00029151770170481945,0.0,0.0,0.0,0.0003235150419463132,0.006265516146746594,0.004136136057150549,0.008424975115516693,0.0,0.004496189882236731,0.0030528043578268186,0.0,0.0,0.015655706145470273,0.004391270608277827,0.0013160916100322668,0.006903770428981021,0.00516733566574907,0.0,0.0,0.002394061430811773,0.0012374715773581942,0.008140704357964247,0.0,0.0,0.011284259634599059,0.01357997538074076
201008,0.0393037937076519,0.0,0.0,0.0042851998945003834,0.013861918122164769,0.007633196885744324,0.0,0.004767865796164418,0.008217090827895294,0.006508575476491474,0.0,0.0026258558528765795,0.0022110560246964726,0.010704617639219463,0.005674157744046836,0.0,0.013080314896034702,0.01184467549987803,0.0,0.0033905761427291243,0.0,0.0059792415189045805,0.0008579060556678656,0.0008540202309152503,0.0033815180744966077,0.014332236726878528,0.0,0.0022424218835427885,0.000225946418400519,0.0010505850402019769,0.0,0.0,0.0,0.00017489324326243157,0.0,0.0022941699397690946,0.007143077420100911,0.0017585408124626623,0.0012719058747409783,0.0,0.005572548497798263,0.0011749400028171595,0.0,0.014518013531011075,0.00013721592547428777,0.0023753422144463243,0.0,0.0071040521215871445,0.0,0.0,0.002876069513429807,0.01481123347379711,0.03149082928243046,0.007093296125044845,0.0021851658799400954,0.004912137585417849,0.0017226316827278038,0.0,0.0,0.0026498847591357164,0.0,0.004904557920061708,0.0009483120316659031,0.003242308966505221,0.005433991780790046,0.009606831465739953,0.0,0.0,0.005219917321011739,0.0062166429291241445,0.007477387719822537,0.008116546795207185,0.0024846318247631945,0.004018566113366629,0.0,0.0,0.0060745967336080465,0.0,0.0025829284890715606,0.0077446245104800596,0.0,0.0,0.009535714704175594,0.0007890666352246699,0.018891960363477366,0.0,0.00011167561566311468,0.0,0.0,0.0,0.0003101338530722139,0.006263297644451465,0.004590158621206306,0.00848664800717921,0.0,0.004969783435523462,0.003975155978548237,0.0,0.0,0.016582340184485754,0.004325983791206473,0.0009090801042640836,0.006935682744895415,0.005374934367787191,0.0,0.0,0.0024406530066974296,0.0012468867211208497,0.007789870887551844,0.0,0.0,0.01167992198712235,0.014004525422416318
201009,0.03975758351274673,0.0,0.0,0.003943692887152641,0.014146924123646838,0.0084346114931964,0.0,0.003896835327639212,0.007896609658545462,0.006806888807031979,1.617395856543719e-05,0.0029824752691172884,0.002051391521615887,0.010912743064711126,0.005370533633698994,0.0,0.013291882908294294,0.0120339159361593,0.0,0.0032748311914265384,0.0,0.006194663905862996,0.0009301529645280106,0.0007820077832366656,0.003668067447156717,0.014079608532138476,0.0,0.0025458782634099975,0.0002114882868794766,0.000912179373818438,0.0,0.0,0.0,0.00032554129714436856,0.0,0.0022825695267184544,0.007064121381179493,0.0013920815253103973,0.0010266376078693542,0.0,0.005970193116232745,0.0013140001093449704,0.0,0.015667389786536697,0.00027646933005601523,0.0018931019780269642,0.0,0.0070151090837605795,0.0,0.0,0.0016552349573104648,0.014224924725922777,0.03022842885077867,0.007805448972819918,0.002954635573426001,0.004823431951354373,0.0014596531096696687,0.0,0.0,0.002914621482989414,0.0,0.004428352710148308,0.0010127158011229093,0.0037572204590194578,0.00583513374487148,0.008624713676025575,0.0005735294091448427,0.0,0.005077600152005366,0.005945974448073431,0.007422899508557528,0.007756491766589648,0.002680002292302244,0.003599365829247857,0.0003356718067847006,0.0,0.005191152305817326,0.0,0.0028595117601909457,0.008449963244138362,0.0,0.0,0.01071123333918017,0.0005983831257581367,0.01922598747317977,0.0,0.00020352742187932223,0.0,0.0,0.0,0.00028461314839876725,0.006333129914291321,0.0050890227219697005,0.008428563480868534,0.0,0.004459758188305717,0.004547808984703856,0.0,0.0,0.017043008356447533,0.0043011163188055295,0.0007059312832426467,0.007163230292746847,0.005055578703880299,0.0,0.0,0.002799864504916789,0.0012690522692062546,0.0077264907696014745,0.0,0.0,0.011714522481456767,0.014402839049649965
201010,0.039839065399007646,0.0,0.0,0.003942836518805125,0.014137846404211823,0.008317945158251405,0.0,0.0037014134357494645,0.008019516119030954,0.006604951498109056,0.0,0.0030793494124872174,0.0023408043507650417,0.011052715859785876,0.005116801664107624,0.0,0.01310655795097252,0.011636301727060965,0.0002496757987029737,0.0033209297245710948,0.0,0.00659372507532222,0.0006425254607485862,0.001004247961166126,0.0032709424995622503,0.013832020095179984,0.0,0.002506347293477479,0.000578659118092933,0.0007593893462252819,0.0,0.0,0.0,0.0005825832140164979,0.0,0.0024288403372518543,0.007185124407643842,0.0010782260592266135,0.001061640319805725,0.0,0.0061855635489819275,0.00139676818742536,0.0,0.017480065295925083,0.00011689339233921852,0.0016912363196076848,0.0,0.006878607972820698,0.0,0.0,0.00044980711113390507,0.01442871815830658,0.030013579768359975,0.007631946617466483,0.003735217927268915,0.0060140492802862955,0.0007073015981012546,0.0,0.0,0.0026467186613977262,0.0,0.004672196008368801,0.0006684768236571774,0.00394813019180709,0.005838269635455935,0.008470453028001028,0.0,0.0,0.00526724944302417,0.0057640490715266685,0.007422494090423396,0.007357607304666402,0.0025133532118977336,0.003688760718007881,0.0011138851770243158,0.0,0.005608694892193906,0.0,0.0032381454699247233,0.008845656811453289,0.0,0.0,0.012109592937474777,0.0006527889376804649,0.018861425461734787,0.0,3.06096554975052e-05,0.0,0.0,0.0,0.0003000205644493341,0.0060775876011073485,0.005376353118517225,0.008493883538921084,0.0,0.004457281222365511,0.005419389499502284,0.0,0.0,0.016770900401453022,0.003909313752887482,0.0006417904730738027,0.006905101975079738,0.0048261217670086875,0.0,0.0,0.003075525917498104,0.0014340812733898345,0.008109591909107554,0.0,0.0,0.010090070050711815,0.013370046349865994
201011,0.0407460596322181,0.0,0.0,0.0038677513531694047,0.014047417564869259,0.00827605114811031,0.0,0.0030517959568600213,0.007884940589063987,0.007146307722401596,0.0,0.0032804043678605495,0.0028446684992368162,0.011979487192248698,0.005349784585615786,0.0,0.013332782512153977,0.011509514519231186,0.0008687829765261853,0.0034034472005372266,0.0,0.006157079751591206,0.0005105919838905218,0.0011449367021133029,0.0034347794745620947,0.012767283134697344,0.0,0.0022939188933391546,0.0004049375365369497,0.00035973837872022946,0.0,0.0,0.0,0.0004655561524614595,0.001021204980643167,0.0023874027926446715,0.0077101672085210255,0.002613460566680387,0.0017571770841457216,0.0,0.006550008260024937,0.0018180020432852191,0.0,0.018784753095047457,0.0,0.0007616626729514359,0.0,0.00578239964386086,0.0,0.0007947062761245634,0.0,0.011912620750137671,0.027493792679963023,0.008813085868826431,0.004143243817545326,0.005450794205796832,0.0007480189587529212,0.0,0.0,0.0028770400782180613,0.0,0.003209043727018887,0.0020723228272126917,0.004581307595782641,0.005667455925274774,0.009124397280599883,0.0,0.0,0.004502671703725124,0.005030300218292567,0.008255042362874665,0.00740013146716303,0.003028530802980976,0.0032009780283735385,0.002146152434667049,0.0,0.005399296874323243,0.0,0.002406936858190013,0.008820367595268584,0.0,0.0,0.012950435094227072,0.0009972579444707673,0.01834206126112359,8.964458088396805e-05,0.0,0.0,0.0,0.0,0.0005180358762215904,0.006085870372200109,0.005856649924441644,0.007836069058731574,0.0,0.004221126875637462,0.0034597194228535673,0.0,0.0,0.016748679839906754,0.004040741310661364,0.0007067044196331049,0.006663597993444212,0.0041916666456160235,0.0,0.0,0.0029507616934215048,0.001531293626339599,0.008919613679743019,0.0,0.0,0.007794564923255458,0.012963698729632055
201012,0.04196130129765507,0.0,0.0,0.003905928259729261,0.013964862483178797,0.0084389353592591,0.0,0.002781073121557817,0.0077619974412622954,0.006425179500998222,0.0,0.0037864491799099,0.002321904806532243,0.012256224774589208,0.004851730822736215,0.0,0.013551160423478802,0.011607104773400267,0.0008074367539157708,0.002823137081008923,0.0,0.0057801312956957404,0.0010794859175531195,0.0011604328513673211,0.003469151781438917,0.012216781745393238,0.0,0.0018933135234489127,0.0,0.0,0.0,0.0,0.0,0.00041796551943788194,0.0012429390608833348,0.003157395819686149,0.008108951544767491,0.0034285418779106433,0.002105821172458489,0.0,0.006682224002808114,0.002194970193302711,0.0,0.020215285986334788,0.0,0.00045329863542292417,0.0,0.005668242848473167,0.0,0.0027841121839247904,0.0,0.009885933632457133,0.024882911578583713,0.0096838154903648,0.004767709641007657,0.005765573360036171,0.0,0.0,0.0,0.0032965837833030852,0.0,0.0020909374878779205,0.00334632219282432,0.005385420211278282,0.005725360170821861,0.009120379306201713,0.0,0.0,0.0043947686852552435,0.004737684430308389,0.009242035836434218,0.008138195796934512,0.002670821537694618,0.00313190448918837,0.0035256451903488218,0.0,0.0057648870165585495,0.0,0.0021027844135040755,0.009410430473489377,0.0,0.0,0.015416493958881826,0.0007283406831184426,0.017530821735887554,0.00016537190217337584,0.0,0.0,0.0,0.0,0.00041220326100089324,0.006316690633389754,0.006388715711195682,0.009468056051422454,0.0,0.003639018893363827,0.0032267951166965077,0.0,0.0,0.014496775247245759,0.004320331449384653,0.001069315551657298,0.006568004694965157,0.003811980659762031,0.0,0.0,0.0028312102694685202,0.0011710514011812564,0.009846550415279558,0.0,0.0,0.006718732941267567,0.012237259197504517
201101,0.01150665944866767,0.0,0.0,0.0,0.006678046684550004,0.0031766643387394706,0.0,0.0,0.0,0.0,0.0,0.0,0.0,0.0,0.0,0.0,0.0,0.0,0.0,0.0,0.0,0.0,0.0,0.0,0.0,0.004559486802471912,0.0,0.0,0.0,0.0,0.0,0.0,0.0,0.0,0.0,0.0,0.0,0.0,0.0,0.0,0.0028898493698885216,0.0,0.0,0.002429273288396503,0.0,0.0,0.0,0.0,0.0,0.0,0.0,0.003080194530709964,0.01247334866555619,0.0,0.0,0.0,0.0,0.0,0.0,0.0,0.0,0.0,0.0,0.0,0.0,0.0,0.0,0.0,0.0018608921278288873,0.0,0.000718656794867808,0.0,0.0,0.0,0.0,0.0,0.0,0.0,0.0,0.0012412203080234543,0.0,0.0,0.005299236912290012,0.0,0.00221102265461316,0.0,0.0,0.0,0.0,0.0,0.0,0.0,0.0,0.0053817829279560496,0.0,0.0,0.00039587586123729276,0.0,0.0,0.0013896223069524024,0.0,0.002800266133946891,0.0020307706288246836,0.0,0.0,0.0,0.0,0.0,0.0028770301505049094,0.0,0.0,0.0,0.0021040501835006675
201102,0.01591907501456348,0.0,0.0,0.0,0.0066792999913606035,0.00187947815220167,0.0,0.0,0.0,0.0,0.0,0.0,0.0,0.0,0.0,0.0,0.0,0.0,0.0,0.0,0.0,0.0,0.0,0.0,0.0,0.0037612079944308223,0.0,0.0,0.0,0.0,0.0,0.0,0.0,0.0,0.0,0.0,0.0,0.0,0.0,0.0,0.0032963166056474177,0.0,0.0,0.004523813919516059,0.0,0.0,0.0,0.0,0.0,0.0,0.0,0.0,0.008325371124979894,0.0,0.0,0.0,0.0,0.0,0.0,0.0,0.0,0.0,0.0,0.0022665876560259814,0.0,0.0,0.0,0.0,0.001599865140141219,0.0,0.0014067559221790358,0.0,0.0,0.0,0.0,0.0,0.0,0.0,0.0,0.0016094379533510472,0.0,0.0,0.006930695317724711,0.0,7.775847358358628e-05,0.0,0.0,0.0,0.0,0.0,0.0,0.0,0.0,0.007824612490728066,0.0,0.0,0.0,0.0,0.0,0.0,0.0,0.0031049595565744805,0.0020687958367677332,0.0,0.0,0.0,0.0,0.0,0.005929133973079212,0.0,0.0,0.0,0.002552391927227866
201103,0.015562382513254593,0.0,0.0,0.0,0.006704656322175995,0.002271844877904896,0.0,0.0,0.0,0.0,0.0,0.0,0.0,0.0,0.0,0.0,0.0,0.0,0.0,0.0,0.0,0.0,0.0,0.0,0.0,0.004647140854737395,0.0,0.0,0.0,0.0,0.0,0.0,0.0,0.0,0.0,0.0,0.0,0.0,0.0,0.0,0.003960451968333645,0.0,0.0,0.000891331580487069,0.0,0.0,0.0,0.0,0.0,0.0,0.0,0.0011395426148140264,0.00910080859966589,1.53253886040173e-05,0.0,0.0,0.0,0.0,0.0,0.0,0.0,0.0,0.0,0.0006715686107036826,0.0,0.0,0.0,0.0,0.002032881721243463,0.0,0.0006706245954231096,0.0,0.0,0.0,0.0,0.0,0.0,0.0,0.0,0.001651843385396097,0.0,0.0,0.004339793567225296,0.0,0.0,0.0,0.0,0.0,0.0,0.0,0.0,0.0,0.0,0.00677344550705677,0.0,0.0,0.0,0.0,0.0,0.0,0.0,0.0026177717065887555,0.001387194430238029,0.0,0.0,0.0,0.0,0.0,0.005226621443869377,0.0,0.0,0.0,0.0028458191114970194
201104,0.014434379279964285,0.0,0.0,0.0,0.006972623167533624,0.002855037879376593,0.0,0.0,0.0,0.0,0.0,0.0,0.0,0.0,0.0,0.0,0.0,0.0,0.0,0.0,0.0,0.0,0.0,0.0,0.0,0.005487532016105344,0.0,0.0,0.0,0.0,0.0,0.0,0.0,0.0,0.0,0.0,0.0,0.0,0.0,0.0,0.003481435783336127,0.0,0.0,0.0,0.0,0.00019763211232608818,0.0,0.0,0.0,0.0,0.0,0.003507853621461778,0.006989351739412868,0.00014261323442159014,0.0,0.0,0.0,0.0,0.0,0.0,0.0,0.0,0.0,0.0,0.0,0.0,0.0,0.0,0.003070949959243658,0.0,5.0612525275140634e-05,0.0,0.0,0.0,0.0,0.0,0.0,0.0,0.0,0.00199350631574108,0.0,0.0,0.004345105866344306,0.0,0.0,0.0,0.0,0.0,0.0,0.0,0.0,0.0,0.0,0.007522555796491685,0.0,0.0,0.0,0.0,0.0,0.0,0.0,0.002049110252156891,0.00012057841906498559,0.0,0.0,0.0,0.0,0.0,0.003202651717344387,0.0,0.0,0.0,0.0011008321848752433
201105,0.013224046741990412,0.0,0.0,0.0,0.0073427935404361,0.0028325576857631714,0.0,0.0,0.0,0.0,0.0,0.0,0.0,0.0,0.0,0.0,0.0,0.0,0.0,0.0,0.0,0.0,0.0,0.0,0.0,0.005557328235636359,0.0,0.0,0.0,0.0,0.0,0.0,0.0,0.0,0.0,0.0,0.0,0.0,0.0,0.0,0.002987618876495851,0.0,0.0,0.0,0.0,0.000642920811616494,0.0,0.0,0.0,0.0,0.0,0.005282521800257217,0.005313492275413001,0.0005910897489031927,0.0,0.0,0.0,0.0,0.0,0.0,0.0,0.0,0.0,0.0,0.0,0.0,0.0,0.0,0.003300862391363399,0.0,0.00018502812191042233,0.0,0.0,0.0,0.0,0.0,0.0,0.0,0.0,0.0025573721651631883,0.0,0.0,0.003851690598971329,0.0,0.0,0.0,0.0,0.0,0.0,0.0,0.0,0.0,0.0,0.00918741482147643,0.0,0.0,0.0009461110076180293,0.0,0.0,0.0,0.0,0.002070761699074544,0.0,0.0,0.0,0.0,0.0,0.0,0.0022007539716916566,0.0,0.0,0.0,0.0
201106,0.014845783610586107,0.0,0.0,0.0,0.007288424904125417,0.001782895658666894,0.0,0.0,0.0,0.0,0.0,0.0,0.0,0.0,0.0,0.0,0.0,0.0,0.0,0.0,0.0,0.0,0.0,0.0,0.0,0.00495663475197444,0.0,0.0,0.0,0.0,0.0,0.0,0.0,0.0,0.0,0.0,0.0,0.0,0.0,0.0,0.0035560321830311356,0.0,0.0,0.0,0.0,0.000635758354976246,0.0,0.0,0.0,0.0,0.0,0.0031997687982592317,0.007136162878016687,0.0015398996949400575,0.0,0.0,0.0,0.0,0.0,0.0,0.0,0.0,0.0,0.0,0.0,0.0,0.0,0.0,0.0024816868753849766,0.0,0.0013115661110577673,0.0,0.0,0.0,0.0,0.0,0.0,0.0,0.0,0.0026865473662861894,0.0,0.0,0.004449123092119187,0.0,0.0,0.0,0.0,0.0,0.0,0.0,0.0,0.0,0.0,0.006956668197151291,0.0,0.0,0.0,0.0,0.0,0.0,0.0,0.002649116947907641,0.0,0.0,0.0,0.0,0.0,0.0,0.003741906549917064,0.0,0.0,0.0,0.002722231113147909
201107,0.013914574737745452,0.0,0.0,0.0,0.006804942974484972,0.0019693158831524233,0.0,0.0,0.0,0.0,0.0,0.0,0.0,0.0,0.0,0.0,0.0,0.0,0.0,0.0,0.0,0.0,0.0,0.0,0.0,0.005154536027199338,0.0,0.0,0.0,0.0,0.0,0.0,0.0,0.0,0.0,0.0,0.0,0.0,0.0,0.0,0.0033163528995923818,0.0,0.0,0.0,0.0,0.00030104012234767407,0.0,0.0,0.0,0.0,0.0,0.0027111145680149954,0.007983653423230042,0.0006445989137114199,0.0,0.0,0.0,0.0,0.0,0.0,0.0,0.0,0.0,0.0,0.0,0.0,0.0,0.0,0.0026841991544447807,0.0,0.0010465105595464344,0.0,0.0,0.0,0.0,0.0,0.0,0.0,0.0,0.002938504473147858,0.0,0.0,0.004425751309270879,0.0,0.0,0.0,0.0,0.0,0.0,0.0,0.0,0.0,0.0,0.006352136467452527,0.0,0.0,0.000535275392850131,0.0,0.0,0.0,0.0,0.0022749933879298184,0.0,0.0,0.0,0.0,0.0,0.0,0.0029947163608560158,0.0,0.0,0.0,0.0011124146308935934
201108,0.014298593878438204,0.0,0.0,0.0,0.006778976171465242,0.0016900585244231901,0.0,0.0,0.0,0.0,0.0,0.0,0.0,0.0,0.0,0.0,0.0,0.0,0.0,0.0,0.0,0.0,0.0,0.0,0.0,0.004895616955301968,0.0,0.0,0.0,0.0,0.0,0.0,0.0,0.0,0.0,0.0,0.0,0.0,0.0,0.0,0.003579241336234615,0.0,0.0,0.0,0.0,0.0004058700148342942,0.0,0.0,0.0,0.0,0.0,0.001408334067635729,0.00863529692171044,0.0016063224999087742,0.0,0.0,0.0,0.0,0.0,0.0,0.0,0.0,0.0,0.0,0.0,0.0,0.0,0.0,0.002412998685416289,0.0,0.0010532819604180301,0.0,0.0,0.0,0.0,0.0,0.0,0.0,0.0,0.00299971623503709,0.0,0.0,0.004310623407278344,0.0,0.0,0.0,0.0,0.0,0.0,0.0,0.0,0.0,0.0,0.005930959140139174,0.0,0.0,0.0002587961622542249,0.0,0.0,0.0,0.0,0.0023336049940818077,0.0,0.0,0.0,0.0,0.0,0.0,0.0033565431835760142,0.0,0.0,0.0,0.0027769745825255397
201109,0.013951634107167515,0.0,0.0,0.0,0.006351922246653379,0.001679978930236811,0.0,0.0,0.0,0.0,0.0,0.0,0.0,0.0,0.0,0.0,0.0,0.0,0.0,0.0,0.0,0.0,0.0,0.0,0.0,0.0048084430417767625,0.0,0.0,0.0,0.0,0.0,0.0,0.0,0.0,0.0,0.0,0.0,0.0,0.0,0.0,0.003691309189898584,0.0,0.0,0.0,0.0,0.00022556393164458022,0.0,0.0,0.0,0.0,0.0,0.0,0.009015179287832638,0.0002442109733322604,0.0,0.0,0.0,0.0,0.0,0.0,0.0,0.0,0.0,0.0,0.0,0.0,0.0,0.0,0.0023882902281153746,0.0,0.0006921286119523388,0.0,0.0,0.0,0.0,0.0,0.0,0.0,0.0,0.003939116510163135,0.0,0.0,0.00515148073972664,0.0,0.0,0.0,0.0,0.0,0.0,0.0,0.0,0.0,0.0,0.006530937903853496,0.0,0.0,0.00041034945078007474,0.0,0.0,0.0,0.0,0.0016704856128967895,0.0,0.0,0.0,0.0,0.0,0.0,0.003004266703497276,0.0,0.0,0.0,0.0008563323803665437
201110,0.012860666352329748,0.0,0.0,0.0,0.00627134465989754,0.0016610543876539221,0.0,0.0,0.0,0.0,0.0,0.0,0.0,0.0,0.0,0.0,0.0,0.0,0.0,0.0,0.0,0.0,0.0,0.0,0.0,0.004998149300111777,0.0,0.0,0.0,0.0,0.0,0.0,0.0,0.0,0.0,0.0,0.0,0.0,0.0,0.0,0.003545926478931127,0.0,0.0,0.0,0.0,0.0,0.0,0.0,0.0,0.0,0.0,0.0,0.008475941488520839,0.0,0.0,0.0,0.0,0.0,0.0,0.0,0.0,0.0,0.0,0.0,0.0,0.0,0.0,0.0,0.0025679826983120184,0.0,0.0003999192015381518,0.0,0.0,0.0,0.0,0.0,0.0,0.0,0.0,0.004091378754342775,0.0,0.0,0.005831321743073904,0.0,0.0,0.0,0.0,0.0,0.0,0.0,0.0,0.0,0.0,0.006917453330792425,0.0,0.0,0.0009248732444166717,0.0,0.0,0.0,0.0,0.0008875279751000316,0.0,0.0,0.0,0.0,0.0,0.0,0.002103642440546877,0.0,0.0,0.0,0.0
201111,0.010853728932200596,0.0,0.0,0.0,0.006564003004433852,0.0014571489289142486,0.0,0.0,0.0,0.0007918306464904835,0.0,0.0,0.0,0.0,0.0,0.0,0.0,0.0,0.0,0.0,0.0,0.0,0.0,0.0,0.0,0.005233966918859122,0.0,0.0005756197408612885,0.0,0.0,0.0,0.0,0.0,0.0,0.0,0.0,0.0,0.0,0.0,0.0,0.00300679813115186,0.0,0.0,0.0,0.0,0.0,0.0,0.0,0.0,0.0,0.0,0.0,0.007024994190988354,0.0,0.0,0.0,0.0,0.0,0.0,0.0,0.0,0.0,0.0,0.0,0.0,0.0,0.0,0.0,0.0023819756772465966,0.0,0.00040646317021065365,0.0,0.0,0.0,0.0,0.0,0.0,0.0,0.0,0.004773519064265831,0.0,0.0,0.006394449088219353,0.0,0.0,0.0,0.0,0.0,0.0,0.0,0.0,0.0,0.0,0.008592797857607477,0.0,0.0,0.0002437613049981161,0.0,0.0,0.0,0.0,1.6842155377726296e-05,0.0,0.0,0.0,0.0,0.0,0.0,0.0,0.0,0.0,0.0,0.0
201112,0.010980228246592953,0.0,0.0,0.0,0.006677390926440591,0.0013708011291692836,0.0,0.0,0.0,0.002101657342393405,0.0,0.0,0.0,0.0,0.0,0.0,0.0,0.0,0.0,0.0,0.0,0.0,0.0,0.0,0.0,0.0054428586331292566,0.0,0.001393554233979361,0.0,0.0,0.0,0.0,0.0,0.0,0.0,0.0,0.0,0.0,0.0,0.0,0.0029403647592553626,0.0,0.0,0.0,0.0,0.0,0.0,0.0,0.0,0.0,0.0,0.0,0.005554977278511475,0.0,0.0,0.0,0.0,0.0,0.0,0.0,0.0,0.0,0.0,0.0,0.0,0.0,0.0,0.0,0.0019435382690694413,0.0,0.0,0.0,0.0,0.0,0.0,0.0,0.0,0.0,0.0,0.005504103868529128,0.0,0.0,0.008442844521657646,0.0,0.0,0.0,0.0,0.0,0.0,0.0,0.0,0.0,0.0,0.009674719020517407,0.0,0.0,0.0009343896751588928,0.0,0.0,0.0,0.0,0.0,0.0,0.0,0.0,0.0,0.0,0.0,0.0,0.0,0.0,0.0,0.0
201201,0.0,0.0,0.0,0.0,0.0,0.0,0.0,0.0,0.0,0.0,0.0,0.0,0.0,0.0,0.0,0.0,0.0,0.0,0.0,0.0,0.0,0.0,0.0,0.0,0.0,0.0,0.0,0.0,0.0,0.0,0.0,0.0,0.0,0.0,0.0,0.0,0.0,0.0,0.0,0.0,0.0,0.0,0.0,0.0,0.0,0.0,0.0,0.0,0.0,0.0,0.0,0.0,0.0,0.0,0.0,0.0,0.0,0.0,0.0,0.0,0.0,0.0,0.0,0.0,0.0,0.0,0.0,0.0,0.0,0.0,0.0,0.0,0.0,0.0,0.0,0.0,0.0,0.0,0.0,0.0,0.0,0.0,0.0,0.0,0.0,0.0,0.0,0.0,0.0,0.0,0.0,0.0,0.0,0.0,0.0,0.0,0.0,0.0,0.0,0.0,0.0,0.0,0.0,0.0,0.0,0.0,0.0,0.0,0.0,0.0,0.0,0.0,0.0
201202,0.0,0.0,0.0,0.0,0.0,0.0,0.0,0.0,0.0,0.0,0.0,0.0,0.0,0.0,0.0,0.0,0.0,0.0,0.0,0.0,0.0,0.0,0.0,0.0,0.0,0.0,0.0,0.0,0.0,0.0,0.0,0.0,0.0,0.0,0.0,0.0,0.0,0.0,0.0,0.0,0.0,0.0,0.0,0.0,0.0,0.0,0.0,0.0,0.0,0.0,0.0,0.0,0.0,0.0,0.0,0.0,0.0,0.0,0.0,0.0,0.0,0.0,0.0,0.0,0.0,0.0,0.0,0.0,0.0,0.0,0.0,0.0,0.0,0.0,0.0,0.0,0.0,0.0,0.0,0.0,0.0,0.0,0.0,0.0,0.0,0.0,0.0,0.0,0.0,0.0,0.0,0.0,0.0,0.0,0.0,0.0,0.0,0.0,0.0,0.0,0.0,0.0,0.0,0.0,0.0,0.0,0.0,0.0,0.0,0.0,0.0,0.0,0.0
201203,0.0,0.0,0.0,0.0,0.0,0.0,0.0,0.0,0.0,0.0,0.0,0.0,0.0,0.0,0.0,0.0,0.0,0.0,0.0,0.0,0.0,0.0,0.0,0.0,0.0,0.0,0.0,0.0,0.0,0.0,0.0,0.0,0.0,0.0,0.0,0.0,0.0,0.0,0.0,0.0,0.0,0.0,0.0,0.0,0.0,0.0,0.0,0.0,0.0,0.0,0.0,0.0,0.0,0.0,0.0,0.0,0.0,0.0,0.0,0.0,0.0,0.0,0.0,0.0,0.0,0.0,0.0,0.0,0.0,0.0,0.0,0.0,0.0,0.0,0.0,0.0,0.0,0.0,0.0,0.0,0.0,0.0,0.0,0.0,0.0,0.0,0.0,0.0,0.0,0.0,0.0,0.0,0.0,0.0,0.0,0.0,0.0,0.0,0.0,0.0,0.0,0.0,0.0,0.0,0.0,0.0,0.0,0.0,0.0,0.0,0.0,0.0,0.0
201204,0.0,0.0,0.0,0.0,0.0,0.0,0.0,0.0,0.0,0.0,0.0,0.0,0.0,0.0,0.0,0.0,0.0,0.0,0.0,0.0,0.0,0.0,0.0,0.0,0.0,0.0,0.0,0.0,0.0,0.0,0.0,0.0,0.0,0.0,0.0,0.0,0.0,0.0,0.0,0.0,0.0,0.0,0.0,0.0,0.0,0.0,0.0,0.0,0.0,0.0,0.0,0.0,0.0,0.0,0.0,0.0,0.0,0.0,0.0,0.0,0.0,0.0,0.0,0.0,0.0,0.0,0.0,0.0,0.0,0.0,0.0,0.0,0.0,0.0,0.0,0.0,0.0,0.0,0.0,0.0,0.0,0.0,0.0,0.0,0.0,0.0,0.0,0.0,0.0,0.0,0.0,0.0,0.0,0.0,0.0,0.0,0.0,0.0,0.0,0.0,0.0,0.0,0.0,0.0,0.0,0.0,0.0,0.0,0.0,0.0,0.0,0.0,0.0
201205,0.0,0.0,0.0,0.0,0.0,0.0,0.0,0.0,0.0,0.0,0.0,0.0,0.0,0.0,0.0,0.0,0.0,0.0,0.0,0.0,0.0,0.0,0.0,0.0,0.0,0.0,0.0,0.0,0.0,0.0,0.0,0.0,0.0,0.0,0.0,0.0,0.0,0.0,0.0,0.0,0.0,0.0,0.0,0.0,0.0,0.0,0.0,0.0,0.0,0.0,0.0,0.0,0.0,0.0,0.0,0.0,0.0,0.0,0.0,0.0,0.0,0.0,0.0,0.0,0.0,0.0,0.0,0.0,0.0,0.0,0.0,0.0,0.0,0.0,0.0,0.0,0.0,0.0,0.0,0.0,0.0,0.0,0.0,0.0,0.0,0.0,0.0,0.0,0.0,0.0,0.0,0.0,0.0,0.0,0.0,0.0,0.0,0.0,0.0,0.0,0.0,0.0,0.0,0.0,0.0,0.0,0.0,0.0,0.0,0.0,0.0,0.0,0.0
201206,0.0,0.0,0.0,0.0,0.0,0.0,0.0,0.0,0.0,0.0,0.0,0.0,0.0,0.0,0.0,0.0,0.0,0.0,0.0,0.0,0.0,0.0,0.0,0.0,0.0,0.0,0.0,0.0,0.0,0.0,0.0,0.0,0.0,0.0,0.0,0.0,0.0,0.0,0.0,0.0,0.0,0.0,0.0,0.0,0.0,0.0,0.0,0.0,0.0,0.0,0.0,0.0,0.0,0.0,0.0,0.0,0.0,0.0,0.0,0.0,0.0,0.0,0.0,0.0,0.0,0.0,0.0,0.0,0.0,0.0,0.0,0.0,0.0,0.0,0.0,0.0,0.0,0.0,0.0,0.0,0.0,0.0,0.0,0.0,0.0,0.0,0.0,0.0,0.0,0.0,0.0,0.0,0.0,0.0,0.0,0.0,0.0,0.0,0.0,0.0,0.0,0.0,0.0,0.0,0.0,0.0,0.0,0.0,0.0,0.0,0.0,0.0,0.0
201207,0.0,0.0,0.0,0.0,0.0,0.0,0.0,0.0,0.0,0.0,0.0,0.0,0.0,0.0,0.0,0.0,0.0,0.0,0.0,0.0,0.0,0.0,0.0,0.0,0.0,0.0,0.0,0.0,0.0,0.0,0.0,0.0,0.0,0.0,0.0,0.0,0.0,0.0,0.0,0.0,0.0,0.0,0.0,0.0,0.0,0.0,0.0,0.0,0.0,0.0,0.0,0.0,0.0,0.0,0.0,0.0,0.0,0.0,0.0,0.0,0.0,0.0,0.0,0.0,0.0,0.0,0.0,0.0,0.0,0.0,0.0,0.0,0.0,0.0,0.0,0.0,0.0,0.0,0.0,0.0,0.0,0.0,0.0,0.0,0.0,0.0,0.0,0.0,0.0,0.0,0.0,0.0,0.0,0.0,0.0,0.0,0.0,0.0,0.0,0.0,0.0,0.0,0.0,0.0,0.0,0.0,0.0,0.0,0.0,0.0,0.0,0.0,0.0
201208,0.0,0.0,0.0,0.0,0.0,0.0,0.0,0.0,0.0,0.0,0.0,0.0,0.0,0.0,0.0,0.0,0.0,0.0,0.0,0.0,0.0,0.0,0.0,0.0,0.0,0.0,0.0,0.0,0.0,0.0,0.0,0.0,0.0,0.0,0.0,0.0,0.0,0.0,0.0,0.0,0.0,0.0,0.0,0.0,0.0,0.0,0.0,0.0,0.0,0.0,0.0,0.0,0.0,0.0,0.0,0.0,0.0,0.0,0.0,0.0,0.0,0.0,0.0,0.0,0.0,0.0,0.0,0.0,0.0,0.0,0.0,0.0,0.0,0.0,0.0,0.0,0.0,0.0,0.0,0.0,0.0,0.0,0.0,0.0,0.0,0.0,0.0,0.0,0.0,0.0,0.0,0.0,0.0,0.0,0.0,0.0,0.0,0.0,0.0,0.0,0.0,0.0,0.0,0.0,0.0,0.0,0.0,0.0,0.0,0.0,0.0,0.0,0.0
201209,0.0,0.0,0.0,0.0,0.0,0.0,0.0,0.0,0.0,0.0,0.0,0.0,0.0,0.0,0.0,0.0,0.0,0.0,0.0,0.0,0.0,0.0,0.0,0.0,0.0,0.0,0.0,0.0,0.0,0.0,0.0,0.0,0.0,0.0,0.0,0.0,0.0,0.0,0.0,0.0,0.0,0.0,0.0,0.0,0.0,0.0,0.0,0.0,0.0,0.0,0.0,0.0,0.0,0.0,0.0,0.0,0.0,0.0,0.0,0.0,0.0,0.0,0.0,0.0,0.0,0.0,0.0,0.0,0.0,0.0,0.0,0.0,0.0,0.0,0.0,0.0,0.0,0.0,0.0,0.0,0.0,0.0,0.0,0.0,0.0,0.0,0.0,0.0,0.0,0.0,0.0,0.0,0.0,0.0,0.0,0.0,0.0,0.0,0.0,0.0,0.0,0.0,0.0,0.0,0.0,0.0,0.0,0.0,0.0,0.0,0.0,0.0,0.0
201210,0.0,0.0,0.0,0.0,0.0,0.0,0.0,0.0,0.0,0.0,0.0,0.0,0.0,0.0,0.0,0.0,0.0,0.0,0.0,0.0,0.0,0.0,0.0,0.0,0.0,0.0,0.0,0.0,0.0,0.0,0.0,0.0,0.0,0.0,0.0,0.0,0.0,0.0,0.0,0.0,0.0,0.0,0.0,0.0,0.0,0.0,0.0,0.0,0.0,0.0,0.0,0.0,0.0,0.0,0.0,0.0,0.0,0.0,0.0,0.0,0.0,0.0,0.0,0.0,0.0,0.0,0.0,0.0,0.0,0.0,0.0,0.0,0.0,0.0,0.0,0.0,0.0,0.0,0.0,0.0,0.0,0.0,0.0,0.0,0.0,0.0,0.0,0.0,0.0,0.0,0.0,0.0,0.0,0.0,0.0,0.0,0.0,0.0,0.0,0.0,0.0,0.0,0.0,0.0,0.0,0.0,0.0,0.0,0.0,0.0,0.0,0.0,0.0
201211,0.0,0.0,0.0,0.0,0.0,0.0,0.0,0.0,0.0,0.0,0.0,0.0,0.0,0.0,0.0,0.0,0.0,0.0,0.0,0.0,0.0,0.0,0.0,0.0,0.0,0.0,0.0,0.0,0.0,0.0,0.0,0.0,0.0,0.0,0.0,0.0,0.0,0.0,0.0,0.0,0.0,0.0,0.0,0.0,0.0,0.0,0.0,0.0,0.0,0.0,0.0,0.0,0.0,0.0,0.0,0.0,0.0,0.0,0.0,0.0,0.0,0.0,0.0,0.0,0.0,0.0,0.0,0.0,0.0,0.0,0.0,0.0,0.0,0.0,0.0,0.0,0.0,0.0,0.0,0.0,0.0,0.0,0.0,0.0,0.0,0.0,0.0,0.0,0.0,0.0,0.0,0.0,0.0,0.0,0.0,0.0,0.0,0.0,0.0,0.0,0.0,0.0,0.0,0.0,0.0,0.0,0.0,0.0,0.0,0.0,0.0,0.0,0.0
201212,0.0,0.0,0.0,0.0,0.0,0.0,0.0,0.0,0.0,0.0,0.0,0.0,0.0,0.0,0.0,0.0,0.0,0.0,0.0,0.0,0.0,0.0,0.0,0.0,0.0,0.0,0.0,0.0,0.0,0.0,0.0,0.0,0.0,0.0,0.0,0.0,0.0,0.0,0.0,0.0,0.0,0.0,0.0,0.0,0.0,0.0,0.0,0.0,0.0,0.0,0.0,0.0,0.0,0.0,0.0,0.0,0.0,0.0,0.0,0.0,0.0,0.0,0.0,0.0,0.0,0.0,0.0,0.0,0.0,0.0,0.0,0.0,0.0,0.0,0.0,0.0,0.0,0.0,0.0,0.0,0.0,0.0,0.0,0.0,0.0,0.0,0.0,0.0,0.0,0.0,0.0,0.0,0.0,0.0,0.0,0.0,0.0,0.0,0.0,0.0,0.0,0.0,0.0,0.0,0.0,0.0,0.0,0.0,0.0,0.0,0.0,0.0,0.0
201301,0.0048929920342484605,0.0,0.0,0.0,0.004499050472375282,0.003612137878801934,0.0,0.0,0.0,0.0013118308325846446,0.0,0.0,0.0,0.0,0.0,0.0,0.0,0.0,0.0,0.0,0.0,0.0,0.0,0.0,0.0,0.004644547216372273,0.0,0.0007530594901972412,0.0,0.0,0.0,0.0,0.0,0.0,0.0,0.0,0.0,0.0,0.0,0.0,0.00040307550275704604,0.0,0.0,0.0,0.0,0.0,0.0,0.0,0.0,0.0,0.0,0.0,0.007501399871587276,0.0,0.0,0.0,0.0,0.0,0.0,0.0,0.0,0.0,0.0,0.0,0.0,0.0,0.0,0.0,0.0,0.0,0.0,0.0,0.0,0.0,0.0,0.0,0.0,0.0,0.0,0.002400118619411143,0.0,0.0,0.0017043560454243797,0.0,0.0,0.0,0.0,0.0,0.0,0.0,0.0,0.0,0.0,0.0020226964172156267,0.0,0.0,0.0,0.0,0.0,0.0,0.0,0.0,0.0,0.0,0.0,0.0,0.0,0.0,0.0,0.0,0.0,0.0,0.000384955769532802
201302,0.004564701565440587,0.0,0.0,0.0,0.004780942127788511,0.0029747100588862073,0.0,0.0,0.0,0.0028767366510841436,0.0,0.0,0.0,0.0,0.0,0.0,0.0,0.0,0.0,0.0,0.0,0.0,0.0,0.0,0.0,0.005136398982716108,0.0,0.00022849843171145453,0.0,0.0,0.0,0.0,0.0,0.0,0.0,0.0,0.0,0.0,0.0,0.0,0.00017358554645699443,0.0,0.0,0.0,0.0,0.0,0.0,0.0,0.0,0.0,0.0,0.0,0.006283392931375749,0.0,0.0,0.0,0.0,0.0,0.0,0.0,0.0,0.0,0.0,0.0,0.0,0.0,0.0,0.0,0.0,0.0,0.0,0.0,0.0,0.0,0.0,0.0,0.0,0.0,0.0,0.0018974533471249216,0.0,0.0,0.002760006070555784,0.0,0.0,0.0,0.0,0.0,0.0,0.0,0.0,0.0,0.0,0.0023411780775266077,0.0,0.0,0.0,0.0,0.0,0.0,0.0,0.0,0.0,0.0,0.0,0.0,0.0,0.0,0.0,0.0,0.0,0.0,0.0
201303,0.004463756245116216,0.0,0.0,0.0,0.004958550250644351,0.003339501078866799,0.0,0.0,0.0,0.002125518862020395,0.0,0.0,0.0,0.0,0.0,0.0,0.0,0.0,0.0,0.0,0.0,0.0,0.0,0.0,0.0,0.0051697346339011595,0.0,0.00039715394363286946,0.0,0.0,0.0,0.0,0.0,0.0,0.0,0.0,0.0,0.0,0.0,0.0,0.0,0.0,0.0,0.0,0.0,0.0,0.0,0.0,0.0,0.0,0.0,0.0,0.006404232873423844,0.0,0.0,0.0,0.0,0.0,0.0,0.0,0.0,0.0,0.0,0.0,0.0,0.0,0.0,0.0,0.0,0.0,0.0,0.0,0.0,0.0,0.0,0.0,0.0,0.0,0.0,0.0017319519772598282,0.0,0.0,0.0027948443603762613,0.0,0.0,0.0,0.0,0.0,0.0,0.0,0.0,0.0,0.0,0.001891662916894143,0.0,0.0,0.0,0.0,0.0,0.0,0.0,0.0,0.0,0.0,0.0,0.0,0.0,0.0,0.0,0.0,0.0,0.0,9.48530434770472e-05
201304,0.0033997375733380445,0.0,0.0,0.0,0.004553925347191504,0.002989735369602223,0.0,0.0,0.0,0.0031540104879605453,0.0,0.0,0.0,0.0,0.0,0.0,0.0,0.0,0.0,0.0,0.0,0.0,0.0,0.0,0.0,0.005342187834356736,0.0,0.0,0.0,0.0,0.0,0.0,0.0,0.0,0.0,0.0,0.0,0.0,0.0,0.0,0.0,0.0,0.0,0.0,0.0,0.0,0.0,0.0,0.0,0.0,0.0,0.0,0.007445165835530925,0.0,0.0,0.0,0.0,0.0,0.0,0.0,0.0,0.0,0.0,0.0,0.0,0.0,0.0,0.0,0.0,0.0,0.0,0.0,0.0,0.0,0.0,0.0,0.0,0.0,0.0,0.0008100193448882118,0.0,0.0,0.003082239441666829,0.0,0.0,0.0,0.0,0.0,0.0,0.0,0.0,0.0,0.0,0.0016940645825515893,0.0,0.0,0.0,0.0,0.0,0.0,0.0,0.0,0.0,0.0,0.0,0.0,0.0,0.0,0.0,0.0,0.0,0.0,0.0
201305,0.0028079640518345185,0.0,0.0,0.0,0.004196078125703238,0.0027732361094207378,0.0,0.0,0.0,0.0031767313566525655,0.0,0.0,0.0,0.0,0.0,0.0,0.0,0.0,0.0,0.0,0.0,0.0,0.0,0.0,0.0,0.005287996110202591,0.0,0.0,0.0,0.0,0.0,0.0,0.0,0.0,0.0,0.0,0.0,0.0,0.0,0.0,0.0,0.0,0.0,0.0,0.0,0.0,0.0,0.0,0.0,0.0,0.0,0.0,0.006545092757306398,0.0,0.0,0.0,0.0,0.0,0.0,0.0,0.0,0.0,0.0,0.0,0.0,0.0,0.0,0.0,0.0,0.0,0.0,0.0,0.0,0.0,0.0,0.0,0.0,0.0,0.0,0.0006029552774762193,0.0,0.0,0.0032127818165590444,0.0,0.0,0.0,0.0,0.0,0.0,0.0,0.0,0.0,0.0,0.0017589901030932425,0.0,0.0,0.0,0.0,0.0,0.0,0.0,0.0,0.0,0.0,0.0,0.0,0.0,0.0,0.0,0.0,0.0,0.0,0.0
201306,0.0024378660420574265,0.0,0.0,0.0,0.004078446915156205,0.0023062868486946825,0.0,0.0,0.0,0.004729781655862425,0.0,0.0,0.0,0.0,0.0,0.0,0.0,0.0,0.0,0.0,0.0,0.0,0.0,0.0,0.0,0.005275315963568037,0.0,0.0,0.0,0.0,0.0,0.0,0.0,0.0,0.0,0.0,0.0,0.0,0.0,0.0,0.0,0.0,0.0,0.0,0.0,0.0,0.0,0.0,0.0,0.0,0.0,0.0,0.005644199256321472,0.0,0.0,0.0,0.0,0.0,0.0,0.0,0.0,0.0,0.0,0.0,0.0,0.0,0.0,0.0,0.0,0.0,0.0,0.0,0.0,0.0,0.0,0.0,0.0,0.0,0.0,0.00032677578715963545,0.0,0.0,0.0038706372360159886,0.0,0.0,0.0,0.0,0.0,0.0,0.0,0.0,0.0,0.0,0.0022611594417257627,0.0,0.0,0.0,0.0,0.0,0.0,0.0,0.0,0.0,0.0,0.0,0.0,0.0,0.0,0.0,0.0,0.0,0.0,0.0
201307,0.0019088831629109442,0.0,0.0,0.0,0.004089979650843468,0.0023414068713447857,0.0,0.0,0.0,0.005300586875943839,0.0,0.0,0.0,0.0,0.0,0.0,0.0,0.0,0.0,0.0,0.0,0.0,0.0,0.0,0.0,0.0047991651101920935,0.0,0.0,0.0,0.0,0.0,0.0,0.0,0.0,0.0,0.0,0.0,0.0,0.0,0.0,0.0,0.0,0.0,0.0,0.0,0.0,0.0,0.0,0.0,0.0,0.0,0.0,0.005004615368650038,0.0,0.0,0.0,0.0,0.0,0.0,0.0,0.0,0.0,0.0,0.0,0.0,0.0,0.0,0.0,0.0,0.0,0.0,0.0,0.0,0.0,0.0,0.0,0.0,0.0,0.0,0.0007673298250809232,0.0,0.0,0.0038767096150151407,0.0,0.0,0.0,0.0,0.0,0.0,0.0,0.0,0.0,0.0,0.0025267350543260987,0.0,0.0,0.0,0.0,0.0,0.0,0.0,0.0,0.0,0.0,0.0,0.0,0.0,0.0,0.0,0.0,0.0,0.0,0.0
201308,0.0015811859624564777,0.0,0.0,0.0,0.0041164402325158545,0.0023741395557102815,0.0,0.0,0.0,0.005652505671766791,0.0,0.0,0.0,0.0,0.0,0.0,0.0,0.0,0.0,0.0,0.0,0.0,0.0,0.0,0.0,0.0044963533891299425,0.0,0.0,0.0,0.0,0.0,0.0,0.0,0.0,0.0,0.0,0.0,0.0,0.0,0.0,0.0,0.0,0.0,0.0,0.0,0.0,0.0,0.0,0.0,0.0,0.0,0.0,0.0047213649076942475,0.0,0.0,0.0,0.0,0.0,0.0,0.0,0.0,0.0,0.0,0.0,0.0,0.0,0.0,0.0,0.0,0.0,0.0,0.0,0.0,0.0,0.0,0.0,0.0,0.0,0.0,0.000823213671455726,0.0,0.0,0.003765925169289589,0.0,0.0,0.0,0.0,0.0,0.0,0.0,0.0,0.0,0.0,0.0023014356706635643,0.0,0.0,0.0,0.0,0.0,0.0,0.0,0.0,0.0,0.0,0.0,0.0,0.0,0.0,0.0,0.0,0.0,0.0,0.0
201309,0.0021031242309882616,0.0,0.0,0.0,0.0038844068581355014,0.0026810893363542346,0.0,0.0,0.0,0.007134859573576969,0.0,0.0,0.0,0.0,0.0,0.0,0.0,0.0,0.0,0.0,0.0,0.0,0.0,0.0,0.0,0.004951382134854449,0.0,0.0,0.0,0.0,0.0,0.0,0.0,0.0,0.0,0.0,0.0,0.0,0.0,0.0,0.0,0.0,0.0,0.0,0.0,0.0,0.0,0.0,0.0,0.0,0.0,0.0,0.004238005686443394,0.0,0.0,0.0,0.0,0.0,0.0,0.0,0.0,0.0,0.0,0.0,0.0,0.0,0.0,0.0,0.0,0.0,0.0,0.0,0.0,0.0,0.0,0.0,0.0,0.0,0.0,0.0009515052129296205,0.0,0.0,0.004456034540629594,0.0,0.0,0.0,0.0,0.0,0.0,0.0,0.0,0.0,0.0,0.0023743528439339285,0.0,0.0,0.0,0.0,0.0,0.0,0.0,0.0,0.0,0.0,0.0,0.0,0.0,0.0,0.0,0.0,0.0,0.0,0.0
201310,0.0026697414601730535,0.0,0.0,0.0,0.0035509119945065833,0.002425414847340456,0.0,0.0,0.0,0.005544284717884342,0.0,0.0,0.0,0.0,0.0,0.0,0.0,0.0,0.0,0.0,0.0,0.0,0.0,0.0,0.0,0.004796077675709941,0.0,0.0,0.0,0.0,0.0,0.0,0.0,0.0,0.0,0.0,0.0,0.0,0.0,0.0,0.0,0.0,0.0,0.0,0.0,0.0,0.0,0.0,0.0,0.0,0.0,0.0,0.00480852849744673,0.0,0.0,0.0,0.0,0.0,0.0,0.0,0.0,0.0,0.0,0.0,0.0,0.0,0.0,0.0,0.0,0.0,0.0,0.0,0.0,0.0,0.0,0.0,0.0,0.0,0.0,0.0012416960161852678,0.0,0.0,0.004131124274131878,0.0,0.0,0.0,0.0,0.0,0.0,0.0,0.0,0.0,0.0,0.001090314304992294,0.0,0.0,0.0,0.0,0.0,0.0,0.0,0.0,0.0,0.0,0.0,0.0,0.0,0.0,0.0,0.0,0.0,0.0,0.0
201311,0.0007989711467710404,0.0,0.0,0.0,0.003227312181758003,0.002018060359945052,0.0,0.0,0.0,0.002735389394160944,0.0,0.0,0.0,0.0,0.0,0.0,0.0,0.0,0.0,0.0,0.0,0.0,0.0,0.0,0.0,0.003765731294836185,0.0,0.0,0.0,0.0,0.0,0.0,0.0,0.0,0.0,0.0,0.0,0.0,0.0,0.0,0.0,0.0,0.0,0.0,0.0,0.0,0.0,0.0,0.0,0.0,0.0,0.0,0.0018446230039193953,0.0,0.0,0.0,0.0,0.0,0.0,0.0,0.0,0.0,0.0,0.0,0.0,0.0,0.0,0.0,0.0,0.0,0.0,0.0,0.0,0.0,0.0,0.0,0.0,0.0,0.0,0.0014556088824568241,0.0,0.0,0.0024179139184618502,0.0,0.0,0.0,0.0,0.0,0.0,0.0,0.0,0.0,0.0,0.0011861524843660746,0.0,0.0,0.0,0.0,0.0,0.0,0.0,0.0,0.0,0.0,0.0,0.0,0.0,0.0,0.0,0.0,0.0,0.0,0.0
201312,0.001459514401311639,0.0,0.0,0.0,0.003173606810750548,0.0020876310312474148,0.0,0.0,0.0,0.00494171576145551,0.0,0.0,0.0,0.0,0.0,0.0,0.0,0.0,0.0,0.0,0.0,0.0,0.0,0.0,0.0,0.004265744089937814,0.0,0.0,0.0,0.0,0.0,0.0,0.0,0.0,0.0,0.0,0.0,0.0,0.0,0.0,0.0,0.0,0.0,0.0,0.0,0.0,0.0,0.0,0.0,0.0,0.0,0.0,0.0030387395904797093,0.0,0.0,0.0,0.0,0.0,0.0,0.0,0.0,0.0,0.0,0.0,0.0,0.0,0.0,0.0,0.0,0.0,0.0,0.0,0.0,0.0,0.0,0.0,0.0,0.0,0.0,0.0016402418575963407,0.0,0.0,0.0026180285389603925,0.0,0.0,0.0,0.0,0.0,0.0,0.0,0.0,0.0,0.0,0.0,0.0,0.0,0.0,0.0,0.0,0.0,0.0,0.0,0.0,0.0,0.0,0.0,0.0,0.0,0.0,0.0,0.0,0.0,0.0
201401,0.035062338191167185,0.0,0.0025365974098312564,1.0626385053297472e-05,0.011036926105171931,0.0057677465534388146,0.0022166771190824538,0.0,0.00471321001848187,0.010960736252388338,0.001508144504810159,0.00011515998263651204,0.0012511104829459607,0.005768622647518864,3.320491886079327e-05,0.0016700978658127797,0.011269436245013174,0.014597078131153391,0.0003507232821058849,0.0,0.0011394997189658914,0.0027911995396105883,0.0005867285351342747,0.0013848885048135555,0.002787346714744535,0.013816896300249244,0.0,0.0033599108625059684,0.00094008538908162,0.0,0.0,0.0,0.0,0.0,0.0,0.0007664285774235957,0.0035013594282975653,0.0,0.004705982384787488,0.00022220354914306606,0.0034249087788671352,0.004383499557037946,0.0,0.0037273902123733226,0.0037105978003694248,0.0,0.000256814761643341,0.0,0.001033919254915704,0.0005730552776778977,0.0,0.00347463147035935,0.013782635779466909,0.003539882506702929,0.0,0.011875440513994124,0.0,0.0033651851839521956,0.000857234379975522,0.000817802546206136,0.0,0.0,0.0,0.0,0.003687382161929633,0.0012788771043744358,0.006256371639015178,0.0026151725034903855,0.0,0.0041791156704086155,0.0032451115839939744,0.005947205642943427,0.002282306504930317,0.0017950068692587828,0.005066008986696678,0.00012473109226853704,0.0,0.0,0.00034551311882635477,0.00880512147775029,0.0,0.00035828526680186144,0.005012881889042017,0.003906567958830986,0.008632074078166609,0.0,0.0008819404002875493,0.0,0.0,0.0,0.0,0.004677540499152027,0.0,0.005553849992530005,0.0,0.001727615348880268,0.0,0.0,0.0,0.007984657404130312,0.0,0.0,0.00040751457786682545,0.0026915133646878493,0.0,0.0005763737821878513,0.002291753249363046,0.0,0.004515980673825586,0.0,0.005650542679629221,0.0017350440697388157,0.0035873659550914867
201402,0.03557149831543042,0.0,0.0023315050297290168,0.0,0.011244990222530445,0.005664433826486177,0.0025617044581365852,0.0,0.005230018049934249,0.01086076336823081,0.001444719048369285,0.0005082758684930615,0.0011135564702737608,0.005659555259154179,0.0,0.0017299097430114381,0.011295739303097123,0.014871573203766936,0.0003297862484903284,0.0,0.001467340596233398,0.0028772922705048998,0.0005415555255228373,0.0013400190441345207,0.0028408062911947215,0.013908770087981581,0.0,0.003392076625589917,0.0006885644436554753,0.0,0.0,0.0,0.0,0.0,0.0,0.0014552473861883302,0.0038038431543266802,0.0,0.004711448670115549,0.00020198150667357923,0.0035066432756564532,0.004847872975296715,0.0,0.003815580849609194,0.003909718066264809,0.0,2.9984304057444546e-05,0.0,0.0008978875183529167,0.0008031594368240345,0.0,0.0036178228733434762,0.013893696118702172,0.0036782066824682285,0.0,0.012663891929812793,0.0,0.0038674164933336264,0.0011089226256842677,0.0007421890142640555,0.0,0.0,0.0,0.0,0.003507889561135215,0.0005481965171592173,0.005700824416884626,0.0028761979328643093,0.0,0.004215115988129323,0.0032179642244396984,0.006053312291005781,0.002283962515041977,0.0014690981111413126,0.004919467878681614,0.0001778220401954225,0.0,0.0,0.0005628207406100851,0.009266646536486565,0.0,0.0003815012321946452,0.005235745570498619,0.004343451393909868,0.0086708949344645,0.0,0.0009048959212939511,0.0,0.0,0.0,0.0,0.004760860705194081,0.0,0.005573845569225179,0.0,0.0017084007995003929,0.0,0.0,0.0,0.0081003949294507,0.0,0.0,0.00041927533640825985,0.0025642272250361855,0.0,0.0005905370114268567,0.0023339998088374747,0.0,0.004479815234630132,0.0,0.005739572241050088,0.002238097569794509,0.00362877555416823
201403,0.03519093829313282,0.0,0.0026626452249759996,0.0,0.011046623333878193,0.005630496192891998,0.0025672776361596733,0.0,0.005499814492239221,0.010598445708368745,0.0014985369573630256,1.558036287937269e-05,0.0010763477444606724,0.00559996512917537,0.0,0.0015490038449435522,0.011040945594218724,0.014584318318232812,0.00027006529201845027,0.0,0.001849714312185611,0.002748650352977501,0.00042933587946838796,0.0014363631367421356,0.0029477857750879657,0.013830952014982438,0.0,0.0035226427773832887,0.0009643777890849227,0.0,0.0,0.0,0.0,0.0,0.0,0.0016180168705711012,0.003968834335447879,7.557944765441042e-05,0.004792379619517096,0.00026231381505151404,0.003519205577303658,0.004908838042721005,0.0,0.0037642447268971956,0.003636735144800971,0.0,2.3011198710465922e-05,0.0,0.000779028311535548,0.0011040852636686762,0.0,0.0035485677431531617,0.013919173511599334,0.003388501016512966,0.0,0.013072873045568518,0.0,0.0042330961190104165,0.0016606396340771196,0.0003611779119757419,0.0,0.0,0.0,0.0,0.0032436050319458714,0.0016176556091187337,0.006597093973486249,0.0026670536384848557,0.0,0.004058570521121352,0.0031485609915444827,0.006033120727544272,0.0025528181988882246,0.001832647306019094,0.005118621852722327,0.0003716519030381254,0.0,0.0,0.0004988127440032726,0.009109771492253591,0.0,0.00017590428075735975,0.005261015766801986,0.0048424704538658735,0.008313384657787743,0.0,0.0008016758387386088,0.0,0.0,0.0,6.444784196403911e-05,0.004732389336357614,0.0,0.0053798985364947646,0.0,0.0015345633936988067,0.0,0.0,0.0,0.008252738968912404,0.0,0.0,0.0005243058783759429,0.002500682006094267,0.0,0.0007384213964417176,0.002140208158123369,0.0,0.004239280204793859,0.0,0.005825967854778884,0.0017819389972296934,0.0033914119990133625
201404,0.03265074354582807,0.0,0.002519556142602765,0.0,0.010907665953412575,0.005410887498451749,0.0016987051554012492,0.0,0.00471970854165134,0.010089720061369975,0.0012461745073905892,0.0,0.0010091359072834645,0.004829513622573416,0.0,0.0005109631987906979,0.010688548844316026,0.013526002392756125,0.0002488406348335941,0.0,0.0017972186060489258,0.002151061126376003,0.0003151850247412697,0.0013334548353034256,0.0029083674036096924,0.013729523580005416,0.0,0.004090308554550349,0.0008193734819200365,0.0,0.0,0.0,0.0,0.0,0.0,0.00117042167644892,0.004325816904634732,4.5413439658830644e-05,0.0047725105892199565,0.00030045439217325385,0.003750972804506949,0.0049545084920574215,0.0,0.0037542166126897487,0.003687738541186468,0.0,3.2438006919994935e-05,0.0,0.0011355763399317296,0.0004314372580505771,0.0,0.0035137442495641246,0.013672936683517772,0.003081290410318363,0.0,0.011961135367857128,0.0,0.0033754525258050103,0.0019190562724728769,6.161884843758515e-05,0.0,0.0,0.0,0.0,0.003054465214915027,0.00040961821580971514,0.006770549846031573,0.003422023706690896,0.0,0.004159691341901291,0.002997118481902131,0.006016578981369867,0.0025626314377509224,0.0018858569711300295,0.00558499468964539,0.0006833039347665579,0.0,0.0,0.00036031482325111645,0.009076851927091732,0.0,9.790494734025036e-05,0.00483236841055139,0.003779441000894623,0.008000948488620362,0.0,0.0006693953960369738,0.0,0.0,0.0,0.00026723949600123114,0.004513363401969768,0.0,0.005346277674043355,0.0,0.0014568916119467549,0.0,0.0,0.0,0.0077455590956083745,0.0,0.0,0.00032773430329335456,0.002866368088407729,0.0,0.00027134398465450063,0.0017485994158307906,0.0,0.003492743407013849,0.0,0.005356936320349957,0.0016923919101701785,0.003887497280804342
201405,0.02861982681847742,0.0,0.0019697507592892787,0.0,0.010651068171021688,0.004321769745548887,0.00016950594498563979,0.0,0.0030951203832570878,0.009132097875259666,0.001037322683143473,0.0,0.0008977360854596422,0.003195692367647695,0.0,0.0,0.010297933346328956,0.011364974422961867,0.0006054652196225927,0.0,0.0020450333473226784,0.0011284685552346494,6.202036023274628e-05,0.0014361286649256732,0.002846343228375921,0.01290012748591929,0.0,0.0038720973019610045,0.0009689827726560009,0.0,0.0,0.0,0.0,0.0,0.0,0.0,0.004371678937307157,0.0001222920471435314,0.004369754183142534,0.0001853245287838887,0.0037943449208468457,0.0037361128445784087,0.0,0.002746053104807124,0.003372272113664305,0.0,0.00014281461532041735,0.0,0.001545970026242469,0.00027904438533360286,0.0,0.0026591519117844273,0.012650506091684477,0.0013581757923291058,0.0,0.009258325290703947,0.0,0.00036310618110196126,0.001674452965093078,0.0,0.0,0.00017693235346038933,0.0,0.0,0.0029642495515939523,0.0,0.006375624337313242,0.003311683764656966,0.0,0.004153625338565697,0.003319692579518247,0.005595217898713348,0.002690793847062486,0.0019882454774842596,0.006286262992258545,0.001476925334229763,0.0,0.0,0.0,0.009498596239666838,0.0,0.0,0.0033707286190360814,0.002916030660252446,0.0066833901656137215,0.0,0.00049911762825759,0.0,0.0,0.0,0.00047064455967246374,0.004436436374435559,0.0,0.006286050504538303,0.0,0.0006809748982144784,0.0,0.0,0.0,0.007223362214786938,0.0,0.0,0.0001641721193876142,0.003945896216064136,0.0,0.0,0.0008250940803968754,0.0,0.0038174025853068907,0.0,0.003894420256597242,0.00220982092326828,0.005787509854328893
201406,0.02823654547906653,0.0,0.001652907581898683,0.0,0.010474167037574174,0.004117791946999961,0.00018555202933496278,0.0,0.0030157155023451316,0.008688289932398886,0.0009407482188560799,0.0,0.0010494856680410855,0.0030226969995949477,0.0,0.0,0.010303107564648115,0.010988587098260769,0.00034988487136098213,0.0,0.001613934950961357,0.0004920518137439062,0.00021112963111821238,0.0015005959710293459,0.002815762194121259,0.012207323744777796,0.0,0.003613084200323375,0.0006756008917470212,0.0,0.0,0.0,0.0,0.0,0.0,0.0,0.0043249692847927654,0.0005297587952883267,0.004187639866539553,0.00022576589093184818,0.0035606671535302874,0.0033866506929212063,0.0,0.0017658853711309261,0.003373565630449488,0.0,0.0002935306614043234,0.0,0.001620590631585374,9.714632786411167e-05,0.0,0.0031196741525161683,0.012359762841185567,0.0007279139798280639,0.0,0.008655414887704325,0.0,0.0001391925064704066,0.0016193819224141817,0.0,0.0,0.00039991879776375293,0.0,0.0,0.002878246477325954,0.0,0.006197281563965632,0.0027450505450625834,0.0,0.004172183232154694,0.003499218903270863,0.005490736724775766,0.002742616990211827,0.0020461606350346082,0.006253874972059365,0.0016136057486191232,0.0,0.0,0.0,0.009541184660212212,0.00037423083558367167,0.0,0.0024575758059579406,0.002868640915111087,0.007040465907092279,0.0,0.0004899517985040855,0.0,0.0,0.0,0.0005616073541491641,0.004502247865802771,0.0,0.006329093777664637,0.0,0.00020334448494632607,0.0,0.0,0.0,0.007426679813233782,0.0,0.0,0.00018989544234903662,0.004042551957930354,0.0,0.0,0.00032785110230909413,0.0,0.0036553658350272546,0.0,0.002963185267824454,0.0022582967546650023,0.006580227575092595
201407,0.02792635715294015,0.0,0.0018324040955030373,0.0,0.010379404318301259,0.004186375446740076,0.0005826666481656485,0.0,0.0028215134024986463,0.008146107040706861,0.0008605978223508268,0.0,0.0007607322324164578,0.0033220181819658325,0.0,0.0,0.009721189121332416,0.010810690666655414,0.00022973201319079133,0.0,0.0015004702613605307,0.0005244793310895575,0.000338133965123495,0.0017159610921745247,0.0028940266250095585,0.01253036381631623,0.0,0.0036290212345944286,0.0007950369492386439,0.0,2.8749636242278316e-05,0.0,0.0,0.0,0.0,0.0,0.004341736416852821,0.0004342240963956225,0.004230175877089943,0.0005564730729328198,0.003480208341824927,0.0031076487705622657,0.0,0.0015216176293388365,0.003347508803492607,0.0,0.0,0.0,0.0028607741494807827,0.0008467172494579807,0.0,0.0028951043987458266,0.012398166169081987,0.0003640575290238106,0.0,0.008465289149526408,0.0,0.0,0.001815137541014103,0.0,0.0,0.0005939454016148015,0.0,0.0,0.0026343628172481102,0.0,0.00527288999889289,0.002610977670810498,0.0,0.004252017082300595,0.003773757184043498,0.005357175750731312,0.0027780614237066814,0.0019570922686687306,0.00595800028432926,0.0015487245416924444,0.0,0.0,0.0,0.00917508446435822,0.0003187473169001319,0.0,0.0018393227206896672,0.0023606583317933912,0.007346834858726849,0.0,0.0005658830381444264,0.0,0.0,0.0,0.00036251380801977513,0.004313726139554152,0.0,0.0063868353175038604,0.0,0.0007178578492313747,0.0,0.0,0.0,0.007315190051201174,0.0,0.0,0.0004094986840822825,0.004585485923671661,0.0,0.0,0.00025463263967529935,0.0,0.003484469985314484,0.0,0.002494266723196733,0.0013520174457583567,0.005770509232239081
201408,0.028231276340846947,0.0,0.0020640232666668356,0.0,0.010411413878548959,0.004526632060877622,0.000917667628923885,0.0,0.002789194164739964,0.007846116014530466,0.0006725447802842483,0.0,0.0007442429386445743,0.003252223049781418,0.0,0.0,0.009759119096283254,0.011032315748981187,8.887348372784798e-05,0.0,0.0013016672888299054,0.0004546384865852085,0.00022493235698935912,0.0019085586828241647,0.0028102934193009617,0.012653477957778792,0.0,0.003646974047348072,0.0008967599413717789,0.0,7.398052875978989e-05,0.0,0.0,0.0,0.0,0.0,0.004350448379592963,0.00019047211017263958,0.004187561682627163,0.0005436709758897442,0.0034304341276569926,0.002913339144017792,0.0,0.0015670056880112242,0.0034093387193881077,0.0,0.0,0.0,0.003280016903425346,0.001149673610859785,0.0,0.0026029269931786645,0.012321434861098473,0.0,0.0,0.008649082395902006,0.0,0.0,0.0017701108435531807,0.0,0.0,0.0008370082728136903,0.0,0.0,0.00273053758502796,0.0,0.004589138461146235,0.0023281694937079263,0.00018052115086075366,0.00392660607349279,0.0037446240856515408,0.0051474632373063435,0.002876246156011718,0.0018781195492120618,0.005992534053497979,0.0013777046339398676,0.0,0.0,0.0,0.008947504304933544,0.00025781849564180927,0.0,0.0016293550475518102,0.0017712840679150576,0.007175569760051768,0.0,0.0006939983570839554,0.0,0.0,0.0,0.00037362567868892373,0.004017861029500396,0.0,0.006616101065007928,0.0,0.0007472122094632136,0.0,0.0,0.0,0.007153931632320673,0.0,0.0,0.0004774833582364099,0.004462650300183243,0.0,7.259295223140233e-05,0.00011377168974913261,0.0,0.0037062921074039064,0.0,0.002442691356502201,0.0008932027293837093,0.005500246100491125
201409,0.027627216380042164,0.0,0.0019547784997395084,0.0,0.01032876426291447,0.0038440324272805255,0.0009700818599759366,0.0,0.002998185840258411,0.007752826174479009,0.0008666457391205111,0.0,0.0009477139079148606,0.003219573594099758,0.0,0.0,0.009663029214036393,0.010700686225217321,0.0,0.0,0.0014998390079350784,0.00040544462387312284,0.00029767840244236237,0.0018856713405755868,0.002749629691868472,0.012864316700529264,0.0,0.003162835082116523,0.0007789233702319058,0.0,0.0,7.828321898603318e-06,0.0,0.0,0.0,0.0,0.004134839511566851,0.0005941692746258455,0.0044640522621444785,0.0006412314427558874,0.0030371278510395003,0.0026441599492142993,0.0,0.00037379397876294345,0.0031456776541471877,0.0,0.0,0.0,0.0030442106681137222,0.001275019755232227,0.0,0.002733261378322798,0.012210415876953899,0.0,0.0,0.008773749885342316,0.0,0.0,0.002005269248218627,0.0,0.0,0.0010980908985978104,0.0,0.0,0.002496421871184966,0.0,0.004214778540911405,0.0023900226460010832,0.0004637382523478874,0.0036518954225487864,0.003751068137451153,0.004994235348697769,0.0026041374893266875,0.0021520825116747486,0.0059278861596197404,0.0015889487869701613,0.0,0.0,0.0,0.009000813355840272,0.000646184680431,0.0,0.000676228496896772,0.0021069223154658694,0.006661300334107785,0.0,0.0006186219696227985,0.0,0.0,0.0,0.00027982619131709113,0.003882974828920095,0.0,0.006408430905759161,0.0,0.0006834511535851365,0.0,2.9487193820086212e-05,0.0,0.0071152426505156595,0.0,0.0,0.0003040801205282212,0.004388311002228815,0.0,0.0002004186574951531,3.041784241087628e-05,0.0,0.004155323666335968,0.0,0.0018576705940575786,0.0004424695985373505,0.0053177920192574194
201410,0.027455396361426788,0.0,0.0016270720801116938,0.0,0.01022087997704283,0.004013672432255412,0.0015979946954084332,0.0,0.003385580190699678,0.007266138627180757,0.0009909438949592673,0.0,0.0007051857815096753,0.003279207603963147,0.0,0.0,0.00926814708119075,0.010625779754685942,0.00016851039431689933,0.0,0.0015446184503099792,0.0004204634390523024,0.0001893123853496237,0.0018361768059017998,0.002723972454312996,0.012859678187507266,0.0,0.00358279209984327,0.001105041975338383,0.0,0.0,0.0,0.0,0.0,0.0,0.0,0.004288627418393237,0.00041704386053079774,0.004614284574699396,0.0006126358193030014,0.003208244185982722,0.0024737892130526845,0.0,0.0005096725577603545,0.002855144051759036,0.0,0.0,0.0,0.0036135489275848647,0.0009683158956497653,0.0,0.0019242508813058859,0.012997600099467842,0.0,0.0,0.009022427397721917,0.0,0.0,0.0021264995875861503,0.0,0.0,0.0017063512480273951,0.0,0.0,0.0023101093591276736,0.0,0.0039055711762766357,0.0031842374398752303,0.0007235733969850928,0.0034138858769543787,0.0035996119466184446,0.005395558281255807,0.0026187177348544464,0.0022720378152007946,0.0058935976002465335,0.0015328477234066958,0.0,0.0,0.0,0.008695923560154344,0.0009380490033041836,0.0,0.0006042212339942366,0.001739912510217555,0.00639415380599046,0.0,0.0010222336670799475,0.0,0.00012857105682784466,0.0,0.0002897893505839328,0.0038094280188563853,0.0,0.0065413004488086915,0.0,0.0006513912062956328,0.0,0.0,0.0,0.006993800484420498,0.0,0.0,0.00035821378570114506,0.004500583661099049,0.0,0.0003987957168076494,0.0,0.0,0.004340672049223346,0.0,0.00203412750760504,0.0,0.004926846288199913
201411,0.02725988169461052,0.0,0.0012008207595093471,0.0,0.010067705163247533,0.004117789507679435,0.002063353128895533,0.0,0.003369583078870939,0.007398422255583164,0.001134217297203806,0.0,0.0007312521804338938,0.003358053558714954,0.0,0.0,0.00906042739330677,0.010448281546363748,4.96287755549536e-06,0.0,0.0014363111601863826,0.0003620328167720741,0.00024356402998119584,0.0015744943984392183,0.0028472149933672017,0.013041357410257285,0.0,0.0034895348608507634,0.0009247736571351168,0.0,0.0,0.0,0.0,0.0,0.0,0.0,0.004144172350432936,0.0003365996812263016,0.004740095464324039,0.0007166398590651964,0.0031843512495318884,0.002271058406110629,0.0,0.0001782394555692555,0.0028117388024798315,0.0,0.0,0.0,0.003550433341451669,0.001033378976266236,0.0,0.0017370810535986703,0.012359482872455044,0.0,0.0,0.009073097939914237,0.0,0.0,0.0026277009208590016,0.0,0.0,0.0018321276203552858,2.2099896669503075e-05,0.0,0.0022751283064933988,0.0,0.00373265920510437,0.0034934473277419996,0.0005673691160425183,0.0033160233498955327,0.0036334771000150223,0.005618287988483478,0.0028193218090888515,0.0022854247940225776,0.0052579602930876036,0.0015282320555861288,0.0,0.0,0.0,0.009065753127198718,0.0009178835713609437,0.0,0.0002107032126316792,0.0018759930153419758,0.006386286697723745,0.0,0.0011296012169290466,0.0,0.000667755824803561,0.0,0.00023338265423563878,0.00380361113442818,0.0,0.006630112190659699,0.0,0.0007680384083103251,0.0,0.0,0.0,0.006884453753292135,0.0,0.0,0.0003501517347979886,0.004431353961947025,0.0,0.0005465351250938486,0.0,0.0,0.004137572672285256,0.0,0.0017374143687199767,0.0,0.005230327927438307
201412,0.026675425622490815,0.0,0.0007438422309008361,0.0,0.009919795584892527,0.003957398936513351,0.0018542619182569055,0.0,0.003223370729606805,0.007625171504182934,0.0010491861239921231,0.0,0.0003337078895464323,0.003365905938086407,0.0,0.0,0.009272561110998083,0.010600273955273434,0.000137616102908474,0.0,0.0013959630180570475,0.0,0.0003287510118787403,0.0013376840392253704,0.0029828229591397125,0.013008614422761139,0.0,0.003325577118401943,0.00040373394873723415,0.0,0.0,0.0,0.0,0.0,0.0,0.0,0.004147641927007926,4.4068006058274636e-05,0.00435667623632394,0.0006570273046299246,0.0029431850436379583,0.0024225165435947586,0.0,4.664039378582388e-05,0.002887382583580251,0.0,0.0,0.0,0.0034559838029133514,0.0006835115478581554,0.0,0.002163584801943362,0.012329516037376528,0.0,0.0,0.00907051718049433,0.0,0.0,0.0025677035012476243,0.0,0.0,0.0013513703142340764,0.0006955379822623484,0.0,0.0025337112858915484,0.0,0.004041460128144542,0.0030808902821990156,0.0001496131094550258,0.0033031573148163853,0.0037407357997088562,0.005503712736579556,0.0029388812176221134,0.001987992573433826,0.005004850431595815,0.0014993782190297683,0.0,0.0,0.0,0.00951188653120079,0.0007673539872637971,0.0,6.407224433661524e-06,0.0016235701718167524,0.00664252466115552,0.0,0.001138772803456078,0.0,0.0004433888055890503,0.0,0.00019881760961688316,0.003938568689734643,0.0,0.006380865832051889,0.0,0.000841113871231739,0.0,0.0,0.0,0.006898541759381999,0.0,0.0,0.00017253136083917773,0.004286348792480977,0.0,3.4256070286650394e-06,0.00019148396318753076,0.0,0.004175183756993012,0.0,0.0018250424954497438,0.00019570753365968243,0.005064487089081306
201501,0.02629903769304539,0.0,0.00038375229183758243,0.0,0.009825933367060155,0.003090410274195505,0.002268542476668247,0.0,0.003309399392431558,0.006219874395260688,0.0013334714854911418,0.0,0.0002997803541908692,0.0030890490862853877,0.0,0.0,0.009398763834269602,0.010343969156207604,5.523511143225177e-05,0.0,0.0015549738089865458,0.0,0.00034623896251129556,0.0013563127381572343,0.002960128721743103,0.013048348041620158,0.0,0.002672805213173195,0.000274191532967847,0.0,0.0,5.7435113443341263e-05,0.0,0.0,0.0,0.0,0.004268728895131455,0.0,0.004234095006707773,0.001051103157375482,0.003016160338456426,0.0024814701137490674,0.0,0.0,0.0022157440764348415,0.0,0.0,0.0,0.003004650172102545,4.90214052779346e-06,0.0,0.0021589892941929634,0.012462789808163966,0.0,0.0,0.010371632531651787,0.0,0.0008070290385839388,0.003008249834406867,0.0,0.0,0.002071237874597957,0.0005578140630987606,0.0,0.002307074890699299,0.0,0.00233850807972119,0.00269457889405307,0.00020835366438061215,0.003626448398861455,0.0032790074139229753,0.005178318727084269,0.0030280551147144575,0.0014533609901859056,0.00536167122633902,0.0020045007275009594,0.0,0.0,0.0,0.00943106822533721,0.0011753710111441665,0.0,0.0,0.0010777749998637132,0.006302810617404558,0.0,0.001341745530141284,0.0,0.001161690870589187,0.0,0.0002193245944871912,0.004319078815340843,0.0,0.0058403235159574405,0.0,0.0011529788977278116,0.0,0.0,0.0,0.006416016985103185,0.0,0.0,0.0,0.0038432087984514945,0.0,0.0002739001578880547,0.0,0.0,0.004105119347234965,0.0,0.0005418780703715807,0.0,0.005584492397336799
201502,0.026624183248251738,0.0,0.00036225438976395994,0.0,0.009800308545582934,0.003307417029584154,0.0022236354264225855,0.0,0.0033350007039640982,0.006507614925537596,0.0011177358772768108,0.0,0.0,0.003347988926893975,0.0,0.0,0.009081731921083976,0.010412970989137748,0.00019396829396707926,0.0,0.0015365808405481494,0.0,0.00040000996401026235,0.001092099493386883,0.002954401762875229,0.012983876053970604,0.0,0.002713969111095821,0.00036180182619047663,0.0,0.0,0.0,0.0,0.0,0.0,0.0,0.004100185245423065,0.0,0.004343473837681455,0.000996154212359173,0.0028288109468303188,0.002589534827525607,0.0,0.0,0.002297502014736925,0.0,0.0,0.0,0.0029242128668672145,0.0,0.0,0.0020804399036474693,0.013003484060387609,0.0,0.0,0.01068967724719241,0.0,0.0013313591979699465,0.00283235645887241,0.0,0.0,0.0014510220481302974,0.0,0.0,0.002284235767744048,0.0,0.0031545408115316535,0.002955532527529369,0.0,0.00350980537322165,0.003350093094556793,0.005291206265938947,0.0031260433503640024,0.0012760765260808218,0.005053708150576681,0.0018830545982565794,0.0,0.0,0.0,0.009139271905140823,0.0009667052360466639,0.0,0.0,0.000871369575237152,0.006610903178243157,0.0,0.0012605351402382758,0.0,0.0007737083738371109,0.0,0.00027746327183786616,0.004416527224200589,0.0,0.005537348725487809,0.0,0.0012413929329231114,0.0,0.0,0.0,0.006650820919561392,0.0,0.0,0.0,0.003870742535687444,0.0,0.0,0.0002503006371970523,0.0,0.0038219536241190307,0.0,0.0006703972367582174,0.0,0.0049338307834339255
201503,0.026464727256391693,0.0,0.0005705759322325251,0.0,0.009563366182084192,0.003448142477486233,0.0024073444590068495,0.0,0.003446333519445968,0.0066493725289808675,0.0011655286101825647,0.0,7.757269347290759e-05,0.003098723937181073,0.0,0.0,0.00917620129769643,0.010150752317915748,5.714752083228068e-05,0.0,0.001580049332493148,0.0,0.0004801502686538627,0.0010856500648108534,0.0027465352636440667,0.012797093770341054,0.0,0.0026725845251323196,0.00044137904127987767,0.0,0.0,0.0,0.0,0.0,0.0,0.0,0.004120108159666232,0.0,0.004384642380849679,0.0010195594627068893,0.0028477363157681243,0.0023115794412839207,0.0,0.0,0.002303247267351604,0.0,0.0,0.0,0.0031458912029160707,0.0,0.0,0.0018055267821737414,0.012460770606803378,0.0,0.0,0.01055477873720749,0.0,0.0016651457357105158,0.0026906224406337874,0.0,0.0,0.0009536930770511866,0.0,0.0,0.002113623803352977,0.0,0.002858322363504197,0.0025999255707845306,0.00023344620467770979,0.0032514722793238627,0.003114612116706039,0.005417181261908662,0.003175101711373271,0.0012120828288091877,0.004990143490157355,0.0019643599934261696,0.0,0.0,0.0,0.009269616422887369,0.000996376323404786,0.0,0.0,0.001228429983597246,0.006875540899234011,0.0,0.0016508075887179767,0.0,0.0003263867434634225,0.0,0.0002442843139883288,0.004378282680723763,0.0,0.005881362346488126,0.0,0.0014334695402140655,0.0,0.0,0.0,0.006831887648362062,0.0,0.0,8.00719165067218e-05,0.003839500071773238,0.0,0.0,0.00042139183812774816,0.0,0.00390745488544814,0.0,0.00037302875992021114,0.0,0.005341905021196317
201504,0.02618662694788662,0.0,0.0007765806561003811,0.0,0.009374662010661675,0.00361279615734708,0.0019829589867262037,0.0,0.0034560493471144393,0.0067067144766453386,0.0011242019223441672,0.0,0.0009161365343932331,0.002824067066314122,0.0,0.0,0.009425859083666372,0.010369960312823704,0.00036060581267437496,0.0,0.001290822203752774,0.0,0.0005771078035386761,0.0011779455818938394,0.0025807171182762154,0.01289888397263944,0.0,0.003098472485561893,0.00021506977287852713,0.0,0.0,0.0,0.0,0.0,0.0,0.0,0.003986880725141845,0.0,0.004713304498406198,0.0009416710611870286,0.00273355302727474,0.002562999958812976,0.0,0.0,0.0020545995089014057,0.0,0.0,0.0,0.003422326188058222,0.0,0.0,0.0013176214009782289,0.012874857862931736,0.0,0.0,0.010640941443499242,0.0,0.0016545379335669286,0.0022769197149064245,0.0,0.0,0.0008142295005918916,0.00048179486946298437,0.0,0.002200062367997583,0.0,0.003286889350165276,0.0027929332693987455,0.0,0.0027983547496719186,0.0031057599593966347,0.005712242003660685,0.0033108990394039492,0.001601858479502614,0.005330700551041309,0.0017182955413515663,0.0,0.0,0.0,0.008758121111173344,0.0010422990953084905,0.0,0.0005459092035550283,0.0011998688382211604,0.007109225288400138,0.0,0.0018708271266948736,0.0,0.0,0.0,0.0,0.00434422365796007,0.0,0.005489785104743757,0.0,0.001376455927831047,0.0,0.0,0.0,0.00743456474183539,0.0,0.0,0.0,0.0037035604767227215,0.0,0.0,0.0003008962240032331,0.0,0.004231571077777218,0.0,0.00018173372496055383,0.0,0.005285778641723755
201505,0.02508351364257284,0.0,0.0008183949334457246,0.0,0.009286862271789457,0.003583570435220345,0.0018133281164358786,0.0,0.003442104644513532,0.006820486293087304,0.0011576293172284964,0.0,0.0009664087886253675,0.002961305328917619,0.0,0.0,0.009316994969807696,0.010617338790021347,0.0002165988586024879,0.0,0.001382551446028702,0.0,0.0005629974327583315,0.0011611794469322382,0.002632245268446937,0.013030893179755516,0.0,0.0031473305882297005,6.245249805807315e-05,0.0,0.0,0.0,0.0,0.0,0.0,0.0,0.004086604790984978,0.0,0.004687351277116633,0.000978434951679047,0.0029955727674147504,0.0026576070457426933,0.0,4.9014191634558735e-05,0.0022283443316942894,0.0,0.0,0.0,0.0039153438105380325,1.3988875402023921e-05,0.0,0.0012224447426444846,0.01323952361243882,0.0,3.3925338812282224e-05,0.010769648525785993,0.0,0.0015495895090825123,0.002582920937476036,0.0,0.0,0.0007898986737109081,0.0015761742021928725,0.0,0.002149533918936188,0.0,0.003043639253498525,0.0026470474187627415,0.0,0.0028107840268543354,0.0034111899742121864,0.005597169202260929,0.003090959319305745,0.0016907118468552126,0.005260174017216178,0.0015803266314843253,0.0,0.0,4.003287581632467e-05,0.008824444309953624,0.0008005950316460416,0.0,0.0008400719241997011,0.001112635710331376,0.007110740709712534,0.0,0.0017584078564021005,0.0,0.0,0.0,0.0,0.004170461016805114,0.0,0.0051316901143781775,0.0,0.0013842834443914484,0.0,0.0,0.0,0.007454694674764173,0.0,0.0,0.0,0.0037918988491439376,0.0,0.0,0.0004365929639559916,0.0,0.00392935244652911,0.0,0.0010683967532919734,0.0,0.00457060189312301
201506,0.024875568665828025,0.0,0.0008908107531336028,0.00012177066679009805,0.009191382424042336,0.0036775587606993425,0.001851149609196716,0.0,0.0035290716835747393,0.006914843854902484,0.0010469357912101234,0.0,0.0007863631203412475,0.002872699623829377,0.0,0.0,0.009263492721980252,0.010365119620906103,0.00032958441222671544,0.0,0.0011767544218961568,0.0,0.0003649813113468701,0.001146871439994712,0.002624754105275202,0.012851951981866528,0.0,0.0032158104041924212,0.00015170209482261865,0.0,0.0,0.0,0.0,0.0,0.0,0.0,0.004025378066862136,0.0,0.004696045574917512,0.0010339375524486328,0.0030532254690888313,0.0028197783598918305,0.0,0.0,0.002345823951280403,0.0,4.218239642338687e-05,0.0,0.003587349022990137,0.0,0.0,0.0013817939321426223,0.013337727921123808,0.0,0.0,0.010758674757592315,0.0,0.001924887308660374,0.0025290370388531555,0.0,0.0,0.0006191715016286765,0.001024245105621562,0.0,0.002128193941163543,0.0,0.0029258912517952434,0.0027514056270630115,0.0,0.0027723373506972405,0.00350574041043349,0.005606209254242068,0.003212612742206145,0.0015034569212279206,0.004916411652645442,0.0014090431315266312,0.0,0.0,0.00011430442985644542,0.00832734306041707,0.0007056616587433809,0.0,0.0008677887671761038,0.0008977360649242206,0.007205981424940723,0.0,0.0017339582038017334,0.0,0.0,0.0,0.0,0.004108247274735832,0.0,0.005266140421995709,0.0,0.001472522795455389,0.0,0.0,0.0,0.0076184993701255265,0.0,0.0,0.0,0.0037430405472881167,0.0,0.0,0.0004288344523986236,0.0,0.0035913759189197553,0.0,0.0015488288719037809,0.0,0.0038141071430829077
201507,0.024091403007110237,0.0,0.0008203949583713274,2.7010968464846015e-05,0.009188401370748889,0.00411904226200565,0.0019173981830381598,0.0,0.0035698751171438403,0.0075657259753630565,0.0009684416837879202,0.0,0.0009301688282587554,0.003009475605362303,0.0,0.0,0.009515960793163115,0.010341761036125044,0.00026592954215307713,0.0,0.0010150784309845727,0.0,0.0003391488252206553,0.0010160920732331649,0.00278477467668794,0.012664732628998226,0.0,0.0028999046042223336,0.00023780632571769792,0.0,0.0,0.0,0.0,0.0,0.0,0.0,0.004179527191147286,0.0,0.004926623262892804,0.0007340854741947551,0.002633675307065838,0.0028510295513326923,0.0,0.0,0.002560810610877518,0.0,3.7965797843800277e-05,0.0,0.00345359101864116,0.0003632094137006533,0.0,0.0012545588552355163,0.013143515047689064,0.0,0.0,0.010603403774945161,0.0,0.0019912428381780776,0.002168537727867535,0.0,0.0,0.00017947178671613747,0.0013825043727922072,0.0,0.002169573446322439,0.0,0.003236965359885942,0.0031504223762515975,0.0,0.00258125875672653,0.0026800631805808236,0.005563665227179435,0.003343585446998107,0.0018704836249316707,0.004684431767387863,0.001046508482582294,0.0,0.0,9.654814878818178e-05,0.008339740833738464,0.0003039501337239869,1.0695776390106551e-05,0.0011358692900888354,0.0012379139317379218,0.007398824157631373,0.0,0.0017131153195612736,0.0,0.0,0.0,2.081474055716426e-05,0.00396052975251553,0.0,0.005705528857158563,0.0,0.0015697206548378516,0.0,0.0,0.0,0.007233127981565513,0.0,0.0,0.00016150709498726425,0.004232417530846628,0.0,0.0,0.0002755056577407519,0.0,0.0034027466691726764,0.0,0.001667282133392558,0.0,0.0032850760646567214
201508,0.024170258395359006,0.0,0.0010289627277328395,0.00010903176369221777,0.009359619794889995,0.004071863546945396,0.0017691243031320628,0.0,0.0038005032315497128,0.007800872258996695,0.0008248417738139715,0.0,0.0006963568751212014,0.003102564949389518,0.0,0.0,0.009474873891206782,0.01024299756213053,0.00032961736441224575,0.0,0.0008463411179523253,0.0,0.0004918420626711468,0.0010076313407303284,0.002889479155388269,0.012632628106113092,0.0,0.0028517979350121733,4.499912096375958e-05,0.0,0.0,0.0,0.0,0.0,0.0,0.0,0.004204305099001117,0.0,0.004929179256841688,0.0006231678822748226,0.00235143136039551,0.0029765106487289637,0.0,0.0,0.002415498129433312,0.0,5.569007900507956e-05,0.0,0.0029787220647418777,0.0003776179770288099,0.0,0.0016059270700119431,0.012919210394440647,0.00018232634402652926,0.0,0.010753340713434919,0.0,0.0019782836607092325,0.002294000345290713,0.0,0.0,0.0,0.0011501161201058687,0.0,0.0019857359497808843,0.0,0.0033669253465594827,0.0033458103713233807,0.0,0.0026220142484947974,0.0025094292183484024,0.0056902218582272415,0.003398252462461796,0.0019389120314779122,0.004582996529549032,0.0008270841557782564,0.0,0.0,0.0005131788752041681,0.008882544668779187,0.00030276956936821787,8.954358803323611e-05,0.0007526068020822409,0.0011770309566153016,0.007298327828256813,0.0,0.0018515673318724492,0.0,0.0,0.0,0.0,0.004078948770560431,0.0,0.006296902166220988,0.0,0.0013652580675283569,0.0,0.0,0.0,0.006849736086450066,0.0,0.0,0.00027316443113915644,0.004278523008379094,0.0,0.00014224036807160086,0.0001977865210749536,0.0,0.0036389564164956635,0.0,0.0013560471946165453,0.0,0.003235599505341832
201509,0.024559958778161955,0.0,0.00079821958550252,7.374736768667392e-05,0.009487149061000667,0.004347026107484218,0.0019105315067802953,0.0,0.003749524854992835,0.007321061572656377,0.0007787907089509742,0.0,0.0006380543290082285,0.002935663335137649,0.00015867571870913156,0.0,0.009409898976717818,0.01054372800951318,0.00021665910437168058,0.0,0.0010787551338245765,0.0,0.0007436706694403484,0.001048536521767997,0.0029202214950683762,0.012983951140326569,0.0,0.0028105037104487465,9.77927629907269e-05,0.0,0.0,0.0,0.0,0.0,0.0,0.0,0.004157520509559056,0.0,0.005082422670693518,0.00045283852634808215,0.002242823316415222,0.0028062994607005623,0.0,0.0,0.0028854518823984206,0.0,0.00010646142303179777,0.0,0.0032835215420408746,5.4066562239899156e-05,0.0,0.001155341572075258,0.01319025103419072,0.00020928365717285302,0.0,0.010968433959707405,0.0,0.0015806139460929154,0.0026062405374510152,0.0,0.0,0.0003009486577989859,0.0008962921401923026,0.0,0.0021629263463595937,0.0,0.003219517912731551,0.003076616662431237,0.0,0.002689704355351338,0.002395147746384846,0.005692762317609625,0.003470704683667626,0.0018068831197108482,0.004274710079233532,0.000681730595302818,0.0,0.0,0.0004683062917671437,0.009214951415708914,0.0005686562091126411,0.0002156529770401357,0.0008008642040984553,0.001339322271618763,0.007606959696731765,0.0,0.0014454154339958723,0.0,0.0,0.0,9.226978337721152e-05,0.004188259943074941,0.0,0.0059870709318679185,0.0,0.0013537673358114768,0.0,0.0,0.0,0.006722034456801453,0.0,0.0,0.0002676422664080954,0.004069972431907311,0.0,0.0003180520096522261,0.0002899684543671039,0.0,0.0033896343126619067,0.0,0.0012798255610015489,0.0,0.0038965844620052017
201510,0.02415108984125954,0.0,0.00046602386868833663,8.143269659722232e-05,0.00964025911671162,0.0041975726152905235,0.0020669729176116492,0.0,0.003798995511800148,0.007019068712230092,0.0007056797059352131,0.0,0.0007754798721685229,0.002705382799412526,4.039241347848349e-05,0.0,0.009583596328789312,0.010292183910383262,0.00010911233608316903,0.0,0.001393737966983148,0.0,0.0006590264489674869,0.0010007812040075449,0.0029178216645400676,0.013267167974148937,0.0,0.0031718597934061272,0.00012536947641883888,0.0,0.0,0.0,0.0,0.0,0.0,2.237308483504077e-05,0.004035253168137813,0.0,0.0051051186220825474,0.0005199214248655855,0.002270066350934362,0.0026937471802898324,0.0,0.0,0.003040829534494367,0.0,4.036510079643637e-05,0.0,0.004095060437897378,0.0011114536833002695,0.0,0.0005670647729449013,0.013872516994945185,0.0003998065176454622,0.0,0.011497211973855259,0.0,0.0016542108640461252,0.0029482349665241347,0.0,0.0,0.0008314864975097623,0.0009176706604712929,0.0,0.0022401505446580784,0.0,0.0035263913617244844,0.003389682146703175,0.0,0.0031175361068472465,0.0019589415109863193,0.00596871761353305,0.0033235056097267795,0.0017517319542942678,0.004108101065154531,0.0007845555321661583,0.0,0.0,0.00021063887034228202,0.009761486398839087,0.000797511992913541,0.0003333806613338475,0.000379757839049801,0.002015167800245861,0.007976159531659003,0.0,0.001408678509421588,0.0,0.0,0.0,1.830655790697148e-05,0.004068360857636316,0.0,0.005877948375586314,0.0,0.0014850458935152444,0.0,0.0,0.0,0.0065877821757694905,0.0,0.0,0.0003943835459847565,0.003765843055874175,0.0,0.00021840548559870092,0.00038773063976666415,0.0,0.003263941630354128,0.0,0.0014865105673552243,0.0,0.0042912938639797765
201511,0.023441621992913993,0.0,0.0,0.0,0.009687217232560233,0.00400344534603762,0.002199392725454745,0.0,0.0037015722437746283,0.006671021729888613,0.0005494185119852848,0.0,0.0010456172479498943,0.0027445494130636876,0.0004039960006453664,0.0,0.009790953640719096,0.010413729808494037,0.00014025868684540887,0.0,0.001136834084193896,0.0,0.0006089343438479843,0.0007631548319318992,0.0029917129961257553,0.013400512307091746,0.0,0.003342900321859274,0.00024412149319764028,0.0,0.0,0.0,0.0,0.0,0.0,0.0,0.0037152137792072866,0.0,0.005080090820251319,0.0006410689684967227,0.001953717466485086,0.0025247286912658128,0.0,0.0,0.0031475275079681712,0.0,9.381459143685349e-05,0.0,0.004828961585581446,0.0007127135800686768,0.0,0.000954538604158674,0.014191702219207838,0.0,0.0,0.011319858164801124,0.0,0.0012306708785721561,0.0027738613711379835,0.0,0.0,0.0009243202823861938,0.0013913163583550805,0.0,0.002090986492312167,0.0,0.003696185524188419,0.002787700405664282,0.0,0.0029950118253930305,0.0018505836729209924,0.006018089318162741,0.0039776897060305625,0.002218255364596217,0.0038472511743117568,0.0009512343661094386,0.0,0.0,0.0,0.00959016539667992,0.001043615357859308,0.0002852380375147421,0.000532696473731651,0.0018999501560354824,0.007882217091237605,0.0,0.0011166302982206237,0.0,0.0,0.0,3.631322348225728e-05,0.0036719657318741764,0.0,0.005379637099136934,0.0,0.0013677657570110029,0.0,0.0,0.0,0.006128881300492278,0.0,0.0,5.4046145744297535e-05,0.0036269757587404673,0.0,0.00043301017743760996,0.00043056321917888735,0.0,0.00293486253896874,0.0,0.0011591378496644158,0.0,0.0049437550489229085
201512,0.02371741324990234,0.0,0.0,0.0,0.009588528268776363,0.0036907740302808576,0.0022547031855810837,0.0,0.003951226000176832,0.00611919240517906,0.0006394882206608606,0.0,0.0009754414177587084,0.0028572156601091407,0.0010865443294279182,0.0,0.009619630656334062,0.010305017629762882,0.0,0.0,0.0012284718093455117,0.0,0.0008213821091617395,0.0007345375427704644,0.002905273282034838,0.013161125016255796,6.821094246504359e-05,0.0035580357737364002,0.0005252940013842585,0.0,0.0,0.0,0.0001103641137919784,0.0,0.0,0.0,0.0037197380943752773,0.0,0.0051111113116461245,0.000624211552819375,0.00196796338080012,0.0026209402491387907,0.0,0.0,0.002791703782988843,0.0,0.00015791451464159545,0.0,0.005286800719367643,0.000897622455312199,0.0,0.0017555302813983481,0.014043451678392369,0.0,0.0,0.012072203146879498,0.0,0.0014685540019392144,0.003125820283777747,0.0,0.0,0.0010079840623374674,0.0012132262419863417,0.0,0.0020302614481024256,0.0,0.0038238156788124723,0.0018439513390213053,0.0,0.0033444639584129933,0.0023498501424174967,0.005969316475999189,0.003892961954084543,0.002319560355370481,0.0033310873101193832,0.0010345416866576695,0.0,0.0,0.0,0.009634131907912435,0.0013006628325930116,0.0002807295226499412,9.159237386426385e-05,0.0023672731315574217,0.007869257637024318,0.0,0.0011398744630349953,0.0,0.0,0.0,0.0,0.003808315347033111,0.0,0.004881692247329936,0.0,0.0013352431598963534,0.0,0.0,0.0,0.005575485849067546,0.0,0.0,0.0,0.003527830309106242,0.0,0.0008114087398889727,0.00029596305811838705,0.0,0.00259993710907074,0.0,0.0016020190491153725,0.0,0.005088129267620157
201601,0.023234679305609213,0.0,0.0,0.0,0.009514166024456058,0.0037345719894093994,0.002526086225979869,0.0,0.004053347739449727,0.0058103376856380095,0.0006480017382321122,0.0,0.0009664787959131834,0.0029276009354321543,0.0009042720595346714,0.0,0.010113563533574815,0.009801772058090841,0.00011627092219079249,0.0,0.0011800027750958648,0.0,0.0008469076422260012,0.0009480386519620406,0.0026804542820128845,0.013559032264288931,0.0,0.003152478414822943,0.0002632251155477692,0.0,0.0,0.0,0.00021585275241794462,0.0,0.0,0.0,0.0035041350219227954,0.0,0.005052295336349762,0.0006893703351504065,0.0016679022306658505,0.002496314478376263,0.0,0.0,0.002845200523840074,0.0,0.00016409254964527102,0.0,0.005124610737991396,0.00085120733796427,0.0,0.0015077218137805701,0.014614583921935202,0.0,0.0,0.011870615790444993,0.0,0.0012650981413793595,0.0034931128295543905,0.0,0.0,0.0008768801002136339,0.0006966694510188917,0.0,0.0018635056420867025,0.0,0.0035991859835003423,0.0017114196376784617,0.0,0.0031878237032834196,0.002635117623165922,0.006559929408992771,0.004207386167229366,0.0031659318774803252,0.003473782529621781,0.0009029643685202069,0.0,0.0,0.0,0.009531198410452297,0.0013553499888216375,0.0003011220279929103,0.0004454814833798864,0.0022977974188492446,0.008278257429848378,0.0,0.0009995246351213725,0.0,0.0,0.0,8.017199374261432e-05,0.0037855817569250176,0.0,0.004601640776616933,0.0,0.0015050859579397943,0.0,0.0,0.0,0.005463447395054108,0.0,0.0,0.0003162866217640639,0.0034984820423393076,0.0,0.0008200184729422254,7.346765785967812e-05,0.0,0.002128948095227386,0.0,0.0004801429602383375,0.0,0.005555393941031869
201602,0.023583245266602364,0.0,0.0,0.0,0.009548116157619692,0.0034552879312214784,0.002949970698240565,0.0001250211608657959,0.003998552566443699,0.006312080950831571,0.0002793737656697644,0.0,0.00046529828252856944,0.00322829221050639,0.0009359281396811203,0.0,0.00969979470200622,0.009707671641518223,0.00010738498194753956,0.0,0.00127468176300507,0.0,0.0007087144152524219,0.0009862174450993926,0.0026555347114234186,0.013685477690374277,0.0,0.0033590294354984103,0.0002753374400290768,0.0,0.0,0.0,9.176160859502224e-05,0.0,0.0,0.0,0.00349056705299364,0.0,0.005109247389353607,0.0007504780790294529,0.0015576531283020554,0.0026365306812200355,0.0,0.0,0.0033561954743203722,0.0,0.0004080418280238076,0.0,0.004980086939169167,0.0005843269552214087,0.0,0.0012493620574899405,0.014296485801908393,0.0,0.0,0.011944073837041798,0.0,0.0012067239433583422,0.003114930063524854,0.0,0.0,0.0008807576470362939,0.0006947191805475912,0.0,0.002236492543130823,0.0,0.0027868739685210286,0.0015591430263693872,0.0,0.002987413931451066,0.0025917402082229826,0.0066010716160324456,0.004079433331396189,0.002985845130247777,0.0028998210733485325,0.0006778222656286291,0.0,0.0,0.0001447093970495641,0.009695671352161171,0.001016082537398195,0.00015864739823459172,0.0006230900989984163,0.0025430457607055067,0.008470034492094868,0.0,0.0011681495335096991,0.0,0.0,0.0,0.0002995994953147099,0.003729491764925164,0.0,0.005643475449884352,0.0,0.0014293491595075913,0.0,0.0,0.0,0.005442059167479821,0.0,0.0,0.0006315346644712084,0.0034540828258367985,0.0,0.0007612822365121815,0.0,0.0,0.001697363057614404,0.0,0.0,0.0,0.0055373559612273745
201603,0.02369559348682849,0.0,0.0,2.9755215117856727e-05,0.009622889631146807,0.0033086781577527343,0.0031130951712492225,0.000399686121732834,0.0040100968968692285,0.0064014396112718405,0.00021766036053983112,0.0,0.00042829430397895205,0.0030408044103935757,0.00038518164017521575,0.0,0.009252039415275186,0.009696336964536987,0.00013716566608793055,0.0,0.0013446054043992166,0.0,0.0008274617692199525,0.0009813295856569767,0.002556379114557945,0.014065631572214535,0.00010485423140563537,0.003553593650023546,0.00014481543109871455,0.0,0.0,0.0,0.00010212782449353693,0.0,0.0,0.0,0.003510491580808174,0.0,0.004941350628683363,0.000686610776236708,0.0015745642160988956,0.002353925650643606,0.0,0.0,0.0033008723807488225,0.0,0.0005757480863334463,0.0,0.005254159695151011,0.0007033576231185803,0.0,0.0012618139110190368,0.014172343175116713,0.0,0.0,0.011777348672879242,0.0,0.0010695223325296007,0.003535741349418036,0.0,0.0,0.0011727090687601608,0.00014117494080192176,0.0,0.0022308322049640755,0.0,0.002773950992281084,0.0009791770354510394,0.0,0.0027232559611866398,0.002545210732175875,0.006569455472250617,0.004050264194521741,0.002814476484354249,0.0025248033530014557,0.0007437099420883543,0.0,0.0,0.0002666629171836888,0.00975162390907701,0.0010034725602067183,0.00015079173142977683,0.0005359595891838179,0.0024470547548141167,0.009174069390345665,0.0,0.0012317317143741087,0.0,0.0,0.0,0.0003163454053141874,0.003834181552715817,0.0,0.0058993926768821595,0.0,0.0015862323140818728,0.0,0.0,0.0,0.00538217045193485,0.0,0.0,0.0009405995671359303,0.003161383943138855,0.0,0.0007524107126245652,0.0,0.0,0.001640588558623479,0.0,0.0,0.0,0.005388330216495013
201604,0.023739382758796425,0.0,0.00021215312740776267,0.0,0.009632021237637945,0.0032821645415697072,0.003031589495096208,4.075954243014529e-05,0.003946865186163155,0.007044698600954081,4.751533058643705e-05,0.0,0.0003928805418800788,0.0031493645115977967,0.00026890431986938015,0.0,0.008885437904039247,0.010109081351432975,0.0001390758808978386,0.0,0.0015260170416095272,0.0,0.0007914260419280335,0.0009171281008537179,0.002568625179648074,0.014231266485117671,6.792308878188631e-05,0.003373623601321101,0.00017750776277111353,0.0,0.0,0.0,5.274772546564132e-05,0.0,0.0,0.0,0.003636273840912162,0.0,0.004920533690839952,0.0005582833562897757,0.0015975240946325116,0.0026309213285776014,0.0,0.0,0.003052737346358139,0.0,0.0005541410456531079,0.0,0.004951953670587999,0.0012171927637891912,0.0,0.0008355852031468916,0.013442922047322317,0.0,0.0,0.011640518733929593,0.0,0.0011714570784646914,0.0036321541439997404,0.0,0.0,0.000751309424011617,0.0004607200655819119,0.0,0.0022018368906548203,0.0,0.0019204773378153229,0.0012768168566736186,0.0,0.0024416073368859633,0.002435388282782813,0.007060715436570928,0.003697110787335141,0.0027547138565101846,0.0024804682876295617,0.0007092768138303796,0.0,0.0,6.072048142495476e-05,0.009533240082815033,0.0010976171179622714,0.00020503451611433764,0.0009817140904802926,0.002129128651913638,0.009240203874197538,0.0,0.0012075642991434105,0.0,0.0,4.6021061892454275e-05,0.0004367577869639596,0.003666729465838355,0.0,0.006420605269043747,0.0,0.001567551403800102,0.0,0.0,0.0,0.005712534933360088,0.0,0.0,0.0007325907794417082,0.0033136087619927714,0.0,0.0005003310584706838,0.0,0.0,0.0023207134400246585,0.0,0.0005318903429442413,0.0,0.003992222193766749
201605,0.02322841677932212,0.0,0.0,0.0,0.009605033036029272,0.0032203243898774984,0.003004489699149582,0.0,0.004172347269652745,0.006862397422697264,7.431504694988957e-05,0.0,0.00024910255949345787,0.003293657966198515,0.0002040279426785718,0.0,0.008942539994782298,0.010127498460338148,0.0,0.0,0.0014606086435481746,0.0,0.000898644368921326,0.0008508872273199972,0.0024821448131497766,0.014052727240978186,1.1339426647792304e-05,0.003406630934779569,0.0001720840167997168,0.0,0.0,0.0,7.865102897312624e-05,0.0,0.0,0.0,0.003428768359700489,0.0,0.004886120306191677,0.0005733841478514706,0.0016406636875640503,0.0026011891068128045,0.0,0.0,0.0031538974508395923,0.0,0.0005456025386981581,0.0,0.004965027975894057,0.0009577741258107691,0.0,0.001198719190705081,0.013311775334213388,0.0,0.0,0.012012612979553843,0.0,0.001720771840213768,0.0035326106140521015,0.0,0.0,0.0008329077081309737,0.0006592278975725925,0.0,0.002157429566768561,0.0,0.0019926369572617706,0.0009909540651866036,0.0,0.002701086017146798,0.0026513645061893255,0.006640131354718126,0.0036058430254930617,0.0028270670942917332,0.0022177240061393637,0.0008561698907287353,0.0,0.0,0.00011565620357245234,0.009588689246620688,0.0012255779953311142,0.0002363397998899733,0.000609470177763732,0.0018691953479484428,0.009250272255297608,0.0,0.0014965878927973226,0.0,1.2644783251580376e-05,0.0,0.0003423050328029099,0.00374099035595812,0.0,0.006347465698567326,0.0,0.0013733738967941526,0.0,0.0,0.0,0.0053452292102586845,0.0,0.0,0.0011712314091038413,0.003067824784424196,0.0,0.0005131610972364777,0.0,0.0,0.0015108906013409661,0.0,0.0005585705580621454,0.0,0.0045614381284255195
201606,0.023714559387860046,0.0,0.0,0.0,0.009388285530440152,0.0032594776899123193,0.003578155738263427,0.0,0.004059561441205445,0.007027082314587274,9.161908844736458e-05,0.0,0.0,0.0032331412831264157,0.00031686660987546926,0.0,0.00865116107576477,0.010001570826925562,0.0,0.0,0.001551288890001428,0.0,0.0007854941121535401,0.000768265274072288,0.0023866158796599663,0.013937446037089607,0.00027883360328479834,0.003316059888651556,0.000522843843855236,0.0,0.00020070677100312507,0.0,0.00019313078533158914,0.0,0.0,0.0,0.00346888973872032,0.0,0.004841873924574037,0.0004954118900056355,0.0015027274072413593,0.002490191856468791,0.0,0.0,0.0035607836150034168,0.0,0.0006830945257061882,0.0,0.005238420505650701,0.0009749358837531255,0.0,0.0008183985203723012,0.013633571706048458,0.0,0.0,0.011601096413429619,0.0,0.001207540818863606,0.0038570356184315854,0.0,0.0,0.0007753814639108629,0.00012152456653246934,0.0,0.002144255659781256,0.0,0.002226163312172831,0.0008768039128982941,0.0,0.002636425413085098,0.0030079017060357064,0.006492750304478371,0.0037111134964291936,0.0027157137539021775,0.0016434730236418301,0.000794279958589507,0.0,0.0,4.002098404081982e-05,0.009730916807958364,0.0011617268714420013,0.0001681865901371865,0.00034634311848283817,0.002159792421591385,0.009349409195208706,0.0,0.0014082387683563733,0.0,0.0,0.0,0.0003623070930236259,0.0038750406215044956,0.0,0.0058111762111189135,0.0,0.0012525266257039248,0.0,0.0,0.0,0.005429548118111613,0.0,0.0,0.0014631594639243075,0.0030119625107704116,0.0,0.0006599506751650771,0.0,0.0,0.0014457246727299666,0.0,0.00031532571476341114,0.0,0.005282254087868417
201607,0.02402078293463337,0.0,0.0,0.0,0.009279976394081657,0.0031251476472954278,0.003958333938707903,0.0,0.004025021812468483,0.006576170296595268,8.432516449889525e-05,0.0,0.00011501211296493553,0.0031022175893477845,0.0007539149181396357,0.0,0.009089843900868139,0.01036056526086233,0.0,0.0,0.0016416179406059822,0.0,0.000570835476167402,0.0008288581697124291,0.002339544148541617,0.01434530970269664,0.0003376649435636344,0.0030079373222097745,0.00031418526681529027,0.0,5.217665060667874e-05,0.0,0.00034766570020934053,0.0,0.0,0.00014941781022465218,0.00310067316437926,0.0,0.004684490182461305,0.0006544186863830968,0.000960906301796484,0.002559524412414888,0.0,0.0,0.003957398327572964,0.0,0.0005398674181933238,0.0,0.005351785519932378,0.0,0.0,0.0008179532927655393,0.014544518370657834,0.0,0.0,0.012296234161844853,0.0,0.001773811921940608,0.004149706904116912,0.0,0.0,0.0005105221900002803,0.0,0.0,0.0021977508601622128,0.0,0.003516632475540244,0.0010165924473214214,0.0,0.0030619083867838427,0.002924488304611,0.006462483797623797,0.004048412633223354,0.003365227803616013,0.0012756429737298728,0.0007526646421357601,0.0,0.0,1.0967387050527152e-06,0.009603240016803936,0.0012622516188919393,0.0003523720136082137,0.00026751846533223353,0.002120239237537963,0.008656990243086053,0.0,0.0015198264570578498,0.0,0.0004365306622708556,0.0,0.00045493217792954644,0.0036235662164807126,0.0,0.005445829352327865,0.0,0.001445934695048195,0.0,0.0,0.0,0.00491148151276048,0.0,0.0,0.0015069634729555515,0.002972558475165679,0.0,0.0005943864485123832,0.0,0.0,0.0010892815297327098,0.0,0.0004145713201812685,0.0,0.0058416117856153055
201608,0.024690566029254783,0.0,0.0,0.0,0.009271443853529205,0.003037104459619079,0.0036178471091869286,0.0002046253960479089,0.004368441640280663,0.006597120796134764,0.00019554015935507312,0.0,4.847996952318957e-05,0.0031943352324703064,0.0010955745261744363,0.0004525305739861967,0.009099115287761295,0.010328785399051105,0.0,0.0,0.0016923211331793912,0.0,0.0004073986669633862,0.0009447363608117203,0.00247181000553155,0.014432405530648638,0.0003567471901047015,0.002755958742714453,0.00027162314877185874,0.0,0.0,0.0,0.00023187396652917796,0.0,0.0,0.0004495903402853967,0.002836361092476912,0.0,0.004506724415575465,0.0006559785933752816,0.0008035318673263875,0.0024909545387741317,0.0,0.0,0.004345027092579995,0.0,0.00043665217842332163,0.0,0.005468116756405973,0.0,0.0,0.0005293079591550425,0.013988519529770364,0.0,0.0,0.012374651653749505,0.0,0.0016734023463541878,0.004302549746140482,0.0,0.0,0.0005536937297583127,0.0,0.0,0.002190092599034056,0.0,0.003406516679788205,0.0014672359212012313,0.0,0.002849301977928208,0.002797638122156148,0.006128709517120548,0.004049348138338296,0.0034036549494254505,0.0014513148456080302,0.0007169995220123422,0.0,0.0,0.0,0.00977709110717626,0.0014508437845262223,0.00037857887289637743,0.0004910770353003884,0.0021153406087017846,0.008423151908090896,0.0,0.0013099139179041208,0.0,0.0004337661333834385,0.0,0.000358270762980999,0.0035665281292779297,0.0,0.005561649444057958,0.0,0.001418771927181741,0.0,0.0,0.0,0.004763582753952269,0.0,0.0,0.0014932192192351511,0.0024898575884059722,0.0,0.0005453154456892431,7.46624454607282e-05,0.0,0.0016049976502917087,0.0,0.00030137819922260135,0.0,0.0059575286741352165
201609,0.02493351527568261,0.0,0.0,0.0,0.00923297042305348,0.0026792636110018124,0.004036802560912835,0.0003957481758173198,0.004584566635551598,0.006179009228655301,0.00023448563382168715,0.0,0.0003566572933985116,0.0031186662090791346,0.0010313501375885286,0.0002363078218706942,0.00894555037414464,0.010103984134569888,0.0,0.0,0.0016418513098231651,0.0,0.0004849185574505176,0.0011319003180565448,0.002489005823504405,0.014537325926782049,0.0006697278392666496,0.003108016345366954,3.122530405866189e-05,0.0,0.0001570889612231696,0.0,0.00025805576416471695,0.0,0.0,0.001065039075492056,0.0029435231629490197,0.0,0.004505346095495526,0.0005584322951108686,0.000520298665367647,0.0024934362363326443,0.0,0.0,0.004981251616974408,0.00048481180381519006,9.572142296069079e-05,0.0,0.006166335902906442,0.0,0.0,0.000489235231232805,0.013336757049181238,0.0,0.0,0.012199352945138159,0.0,0.0019835958594037998,0.00437992798513102,0.0,0.0,0.0,0.0,0.0,0.0022036455372298727,0.0,0.00362641632383823,0.0012403547385969997,0.0,0.0027660499324822013,0.002647961834151511,0.0059211365218765554,0.004154669671487743,0.0037128028183350476,0.000938458818387433,0.0006488721961072605,0.0,0.0,0.0,0.009869361742744538,0.0014411260791822402,0.00024422137842846964,0.0008787575240472669,0.002187509936880214,0.008516814833568387,0.0,0.0014260912453234016,0.0,0.000508606489558407,0.0,0.00036455439387655735,0.003515518430356476,0.0,0.00555132962959974,0.0,0.0012937483840579397,0.0,0.0,0.0,0.00542676194950648,0.0,0.0,0.0011465534168864377,0.002388706562419288,0.0,0.0005659890975164592,0.0,0.0,0.0016706100198153016,0.0,0.0007447385017869609,0.0,0.0059559001233971745
201610,0.024567371768678042,0.0,0.0,0.0,0.00908410621668933,0.002858433223473158,0.004058982436450626,0.000464312524579836,0.004741163083116083,0.006466655911893542,0.00017930682177080603,0.0,0.0005543028623952823,0.003022315990799743,0.0009130540092927688,0.0,0.008816540709754272,0.010160891267415314,0.0,0.0,0.0013931085218575263,0.0,0.0007363776042666433,0.0011774449429074823,0.0023927955669876843,0.014708218740732385,0.0007733443584445906,0.003437071708629791,0.0,0.0,0.00024681119646801513,0.0,0.00012625836736835413,0.0,0.0,0.0010743718470031243,0.002707163968992853,0.0,0.004336463952234565,0.0005160962673527183,0.0003124907919815308,0.0024855049023606583,0.0,0.0,0.004442826300810936,0.00018962897889327127,0.0,0.0,0.005894331198074985,0.0,0.0,0.0005864399240806564,0.01357063376376052,0.0,0.0,0.012005217554212739,0.0,0.0013588974022342932,0.0038938760973992754,0.0,0.0,0.0003893502558536269,0.0,0.0,0.0025777716450936052,0.0,0.0037183211172590446,0.0016177197997239467,0.0,0.002718960311140191,0.0026886807754196254,0.0056009213100526554,0.0042295990324993865,0.003681830229365286,0.0010663581237551816,0.0006410521276830249,0.0,0.0,0.0,0.009721028736939011,0.0015935483256990454,0.00013282213732864257,0.0010597358528012563,0.0024330624385762115,0.009152148540249469,0.0,0.0012451642009384286,0.0,0.0002730422271925584,0.0,0.0004223429515418211,0.003574081022057129,0.0,0.005890771358095987,0.0,0.0011374556018641348,0.0,0.0,0.0,0.004935530427810033,0.0,0.0,0.0014589163541937778,0.0024687617368977185,0.0,0.0005603130733817619,0.0,0.0,0.0020373816435903225,0.0,0.0009155128404244329,0.0,0.005521278414281972
201611,0.024419710769895568,0.0,0.0,0.0,0.00902455140385317,0.0030304304859345146,0.004508307252886746,0.000715117893483272,0.005642890434572188,0.006409620488780208,0.00029804339532110485,0.0,0.00021237382201640272,0.0030644356068214294,0.00030691559805909384,0.0008369493522039333,0.008858369502757589,0.010122000932146382,0.0,0.0,0.001632280759127579,0.0,0.0007256787467518759,0.000973494283722461,0.002335510909802268,0.014307710945019994,0.0007032196400517647,0.003195471910959381,0.00023907300755729539,0.0,0.0004281937520711509,0.0,0.0002614306358069172,0.0,0.0,0.0018639424551800824,0.0027811008643979064,9.522844455477644e-05,0.004351364365794144,0.000745981894241808,0.00036861147771540643,0.002249593067590963,0.0,0.0,0.0047121950215844735,0.00015855323325446798,0.0001814213965721613,0.0,0.006402478823327936,0.0,0.0,0.0007556519067016305,0.013559417115686409,0.0,0.0,0.01288250939978963,0.0,0.002735651675978694,0.003799633046476015,0.0,0.0,0.0004332594923115267,0.0,0.0,0.0024535103480068,0.0,0.0036440730823669777,0.0014868357934334103,0.0,0.0029800753845461176,0.0028021513541656956,0.0057123338255698625,0.003949254638123261,0.0036415098489740276,0.0005129226832947908,0.0006488046412554095,0.0,0.0,0.0,0.010035650413702319,0.0013515522114604089,0.00018732198165037406,0.0006543824503311947,0.0018068566028262584,0.010249205741099181,0.0,0.0012371551909329222,0.0,8.381057036984304e-05,0.0,0.0003569337512211345,0.0034938519513735074,0.00017613101528354559,0.006011949363411294,0.0,0.0007659167799014105,0.0,0.0,0.0,0.004539043702437153,8.389403124048495e-05,0.0,0.0014603141582899344,0.0027348584298339863,0.0,0.0004825700885489486,3.928637235177795e-05,0.0,0.0015126290846470725,0.0,0.0011502416121846543,0.0,0.004778737247586377
201612,0.02428555754921221,0.0,0.0,0.0,0.00897342382366946,0.0032295677347320318,0.0048279987584946135,0.0007567796962058387,0.005710580323905136,0.0057846947219597,0.00012459759749119609,0.0,0.00031151798672662194,0.003300891426362014,0.0002595050263115547,0.0006185836450591153,0.008908157689791378,0.010088807697536274,0.0,0.0,0.0017010077041085799,0.0,0.0006360742624311688,0.0007934167954275127,0.002444338385647594,0.014419927853012311,0.0008158596321402726,0.0032573729552979164,0.0004771392427833914,0.0,0.0004993489722127888,0.0,0.0003194336753646332,0.0,0.0,0.0018862041524633918,0.0024595364483577116,0.00027620273954472507,0.004343903129927913,0.000762814243734019,7.797649791450715e-05,0.0019449470903234404,0.0,0.0,0.004761675986736764,0.0007681064204255115,0.00014000246715389631,0.0,0.006713536686279165,0.0,0.0,0.0008789679609406769,0.013408276568685939,0.00013954301614028743,0.0,0.012817600598699169,0.0,0.0025599284113891605,0.004025662374292877,0.0,0.0,0.0006725870049836555,0.0,0.0,0.0025167849533252627,0.0,0.003873330938706201,0.0014323942310301584,0.0,0.0027898496529445913,0.0024683786337976205,0.005819879925987162,0.0039295686693332854,0.0035971668941086167,0.00018627513955619997,0.0007293117786156148,0.0,0.0,0.0,0.009755237470917232,0.0014894294293113135,0.00016422621284873813,0.00044731278842053524,0.0016989843609361024,0.010009280541144703,0.0,0.0012911411612539965,0.0,0.00042448033865523057,0.0,0.00023450417264565807,0.0035425760246028584,0.0006937239918809352,0.006069997737654797,0.0,0.0008491750403499526,0.0,0.0,0.0,0.004690373071472736,0.0,0.0,0.0012882130310199525,0.002715692085637372,0.0,0.000412467235696355,0.00017585058703303218,0.0,0.0013322391280403086,0.0,0.0017094131259311404,0.0,0.004279405157931699
201701,0.024968989789105243,0.0,0.0,0.0,0.008804923425781394,0.003450746925824749,0.00536855965773718,0.0004670693356787905,0.005516824584528215,0.005142582086443847,7.199030842810134e-05,0.0,0.0010857339727607799,0.0033242338782458795,0.0002366839886605717,0.0,0.008432734407253633,0.010235887844992035,0.0,0.0,0.0019541227327562645,0.0006336556389010941,0.0005481719184482813,0.0008900641049292033,0.0025241841403307796,0.014198591035267449,0.001081991171452034,0.003082038449070826,0.0003064346562639139,0.0,0.000228012331941667,0.0,0.0002852448325081852,0.0,0.0,0.0017907843591623244,0.0028761135535458754,0.0001382507840242077,0.0042450451915334655,0.0006777825509011967,0.0,0.0018091611440985765,0.0,0.0,0.004881685340976388,0.0017878207503291478,0.0,0.0,0.006815932813087923,0.0,0.0,0.0008052697795218834,0.012875110743037597,0.00018856268825910403,0.0,0.011334258150832055,0.0,0.0019482812644005414,0.004154839990585888,0.0,0.0,0.0,0.0,0.0,0.002641174518654428,0.0,0.003549855821885095,0.0009311404079304661,4.046397277287304e-05,0.0026129822635616185,0.0017586318649031162,0.005168327091956769,0.003702222873944955,0.0041034577250305985,6.224919873444396e-05,0.0004939585919799097,0.0,0.0,0.0,0.00972085846413674,0.0016381194796102525,0.00011516854337835255,0.0004033355837980436,0.0017519689042229721,0.009750919024958577,0.0001555524093627769,0.0010647324275800823,0.0006843270911661547,0.0009681292118033965,0.0,0.00011524420384205045,0.003529121427296632,0.0002384567739716543,0.005650695878306176,0.0,0.0006879847175320326,0.0,0.0,0.0,0.004388147534996582,0.0,0.0,0.0012177206232732106,0.0030818856517727455,0.0,0.0,4.645817349767222e-05,0.0,0.0015065076397436554,0.0,0.0020460729932429635,0.0,0.004820603952293042
201702,0.02483495517542615,0.0,0.0,0.0,0.008553265118885474,0.003589305736542484,0.005371698261040732,0.00028098782950670466,0.0057271140658374685,0.004841691795395764,0.0001961979250246173,0.0,0.0014944142040960785,0.0034600545763566705,0.0002316534233767935,0.0,0.008283333309004862,0.010396631642544566,0.0,0.0,0.0016245113087792048,0.0007509482034669049,0.0006172453364077836,0.000987660512826472,0.0025809007153516296,0.01453748819971242,0.0009712589764554969,0.003140418606069747,0.0,0.0,0.0,0.0,0.00022066179496293246,0.0,0.0,0.0020750705932283155,0.0032705063631573183,0.0003637087550631612,0.004281307393511309,0.0005410847905874497,0.0,0.0017615452920552782,0.0,0.0,0.004615746682441604,0.001656553146724036,0.0,7.140873719227164e-05,0.006439602246836176,0.0,0.0,0.0014577745696368802,0.013254497558959754,0.00027914530598115693,0.0,0.011362110844157072,0.0,0.0016305278388563293,0.003970423412539656,0.0,0.0,0.0,0.0,0.000208574551489895,0.0027633806952607485,0.0,0.0032662038270621055,0.0006870079643279786,0.0,0.0025953325583602236,0.0018473190413186313,0.0054015507754636505,0.003853561935702003,0.004054268472329555,0.00010308760116461058,0.0005440182508512973,0.0,0.0,0.0,0.009742228259935733,0.001632176184292624,0.00024265354140356714,0.00043788050245214914,0.0015168777931039747,0.009602776064733616,0.0002614094062199867,0.0006101545299372901,0.0003118657321934754,0.0011092825087385667,0.0,0.0,0.0037704620817481864,0.0,0.005209059095960697,0.0,0.0010123269128574242,0.0,0.0,0.0,0.004192864196697477,0.0,0.0,0.0014348863876606848,0.00339894079415901,0.0,0.0,0.0,0.0,0.002154651708836659,0.0,0.002053319719522504,0.0,0.004554280819503006
201703,0.025693506237007002,0.0,0.0,0.0,0.008517351945855144,0.003358630375729635,0.0053433850073841375,0.0002486649800791549,0.005094740201466667,0.0053089007893809504,0.00041073604859848123,0.0,0.0017743637018120143,0.0036660512540496043,0.0005671073533786809,0.0,0.008247345999174921,0.01042484810995158,0.0,0.0,0.001649022176014067,0.0006409993550865825,0.0006308581473317289,0.0012697093597938446,0.0025602086198951504,0.015072909793926203,0.000979369076364729,0.0027543384413266756,0.0,0.0,0.0,0.0,0.0002020170135574482,0.0,0.0,0.000919613349038384,0.0031461454138100794,0.0,0.004817332213692365,0.0007034027043903979,0.0001819681638959267,0.0017877786617386947,0.0,0.0,0.00463075095549166,0.0010549650826117524,0.0,7.54927793711686e-06,0.006335698647817604,0.0,0.0,0.0010560141371815243,0.012973680421661455,0.00032570360761503,0.0,0.011461862895222158,0.00011665506210526753,0.0013814003307221117,0.004010762061820877,0.0,0.0,0.0,0.0,0.00034486606069819223,0.00276727643830949,0.0,0.002433097930858927,0.0010646038845134164,0.0,0.0024154309763087622,0.0018650268627753725,0.00569343265118075,0.00391417155128094,0.0038989467156900492,0.000408785235953295,0.0006086895465993422,0.0,0.0,0.0,0.009736911931653245,0.0016273737111769393,0.00022900504083451926,0.00044108792753157244,0.0017327814404210127,0.009812203082252089,0.0004881018964854463,0.0003524826484708768,0.00022883519479312357,0.000991600412463952,0.0,0.0,0.0035859055649942284,0.0,0.005579893149433393,0.0,0.001181527227365361,0.0,0.0,0.0,0.0035870512114563927,0.0,0.0,0.001566198442435334,0.0037606056559139206,0.0,0.0,0.0,0.0,0.001956774836624598,0.0,0.002576834463454515,0.0,0.00394953606982301
201704,0.02639752969438642,0.0,0.0,0.0,0.008588338832985662,0.003202401286508755,0.005383319860251352,0.0004006346872442674,0.004694480969390044,0.005630566108045731,0.0009646048516443964,0.0,0.001438681700575103,0.004091749089118031,0.0013563838232281999,0.0,0.008543397927436842,0.010117436777742229,0.0,0.0,0.0018565953282991838,0.0004162849144787038,0.0005635033593331635,0.0014698707068760693,0.0026632364949657774,0.0157236878128604,0.0009488243527241381,0.00227451353864345,0.0,0.0,0.0,0.0,0.0,0.0,0.0,0.0,0.0026951188995761348,0.0,0.004928751451950684,0.0008464668202061887,0.0003308302335289932,0.001822288112819698,0.0,0.0,0.004531756427582032,0.0002987731236493593,0.0,0.0,0.006664500195792381,0.0,0.0,0.0010038846342626596,0.012851719545020294,0.0,0.0,0.010645206835637206,0.0008469134962437615,0.0013194992952415892,0.003929816964419601,0.0,0.0,0.0,0.0,3.918356478093498e-05,0.0027363477756633665,0.0,0.0023637593449761744,0.001460929943404989,0.0,0.0020586161010344812,0.0016495096309124607,0.005755039012289458,0.00379229567047806,0.0049090678977285,0.0008572906556598785,0.00040664856421399146,0.0,0.0,0.0,0.009306710095327521,0.0019054981709688387,0.0005242730387396944,0.0009478366345609608,0.0018271244466805604,0.009359379014164285,0.00045013557366418386,0.00017877582736209872,0.0,0.0010593154737464207,0.0,0.0,0.0034529171878163053,0.0,0.0054344128252777025,0.0,0.0013714349590921479,0.0,0.0,0.0,0.004119710288242976,0.0,0.0,0.001977580664513545,0.0037636531704066173,0.0,0.0,6.460630505424271e-05,0.0,0.0009623034055230735,0.00019578396482462996,0.002756927003654611,0.0,0.0037155303299100002
201705,0.025247586970477687,0.0,0.0,0.0,0.008530079076274604,0.00306908902387287,0.005688704861615214,0.00046650685440183893,0.005268174955036723,0.005636846038733061,0.0005614640298986246,0.0,0.0015071020568839678,0.004169179467391967,0.0010693875072025926,8.896308188919296e-05,0.008640284661487046,0.009641063133801524,0.0,0.0,0.001577872967826333,0.0,0.0004645436983077569,0.0014072948103975432,0.0024549631509664734,0.015394054262411548,0.0011328035337264972,0.0024341696695967937,0.0,0.0,8.65485408736134e-05,0.0,1.0030547179396528e-05,0.0,0.0,0.0011038489819272016,0.0026298452500431863,0.0,0.004943385870648807,0.0006113925021068208,0.00020730919869921686,0.00210534095688447,0.0,0.0,0.004671140907087618,0.0005150181111947924,0.0,0.00019442483899913856,0.006118777852413978,0.0,0.0,0.0011221650728879483,0.012713406859813854,0.0,0.0,0.010560415079150965,0.0006637419652942268,0.001075262590563777,0.003737552092457956,0.0,0.0,0.0,0.0,1.6051867576835577e-05,0.002513701890045984,0.0,0.002997911132294059,0.0014493062073823015,0.0,0.002040794715139092,0.0022022203294560123,0.00539712429632868,0.0037050423877821675,0.005558542323734879,0.0005403565868556539,0.0004179737234314334,0.0,0.0,0.0,0.008820589102935632,0.0019473820830934784,0.00048364172097388594,0.0006650240878952215,0.0020082576859455554,0.0099416200353846,0.0004679748290274276,0.00029837822927465283,0.0,0.0010593221893369228,0.0,0.0,0.0033643687901021013,0.0,0.0056684216844211256,0.0,0.0014196776928239157,0.0,0.0,0.0,0.004251572092014223,0.0,0.0,0.002042203209210431,0.0032554884475424132,0.0,0.0,0.0004788540629742934,0.0,0.0013794338241414432,7.019863557803554e-05,0.0036379764281719565,0.0,0.002553731270798447
201706,0.02528305589901133,0.0,0.0,0.0,0.008585102084091068,0.0033163585612085,0.005501583522995127,0.0004388181580481211,0.005287131053324106,0.00544475422364074,0.0006391660200367941,0.0,0.0017576255630009168,0.0044770726070860745,0.0012858263986817644,0.000343968838426342,0.008495044994992007,0.00957141476761933,0.0,0.0,0.001167800605203238,2.5176886602678566e-05,0.0001791918869350214,0.0013640832218305909,0.002441484568590624,0.01549928266409687,0.001106825445104324,0.0022157417188960983,4.807203916069465e-06,0.0,0.0,0.0,6.147888992849642e-05,0.0,0.0,0.0012297716845928377,0.0025470023712229413,0.0,0.005303826733537492,0.00045958097572526405,4.048566081377702e-05,0.002420815598740411,0.0,0.0,0.004696278614340102,0.000531482850679662,0.0,0.0003658230974183882,0.005367985629801292,0.0,0.0,0.0016583229901865578,0.012104199979288547,0.0,0.0,0.010298417580363347,0.0011194462481439538,0.001245321329080424,0.003413812089823912,0.0,0.0,0.0,0.0,4.504729959429056e-05,0.002395571178991239,0.0,0.0031088389095771276,0.0012017695640452162,0.0,0.001990244873569223,0.0022141237875104992,0.005759998286158197,0.003934726923090379,0.0054354391953469255,0.0009159862058515244,0.0002767819165372896,0.0,0.0,0.0,0.008930887151550621,0.0018350292843728952,0.00034946731983945186,0.0011342035485763919,0.0018953620336421336,0.009806039058788551,0.0005761450387553573,0.0002748529678539565,0.00041334196804688247,0.0008493405479895469,0.0,0.0,0.00314142992587112,0.0,0.006031896516061607,0.0,0.0016387471348329593,0.0,0.0,0.0,0.004130047288471938,0.0,0.0,0.001838082243003509,0.0035826262948969907,0.0,0.0,0.0003907272265889887,0.0,0.0014657640214481636,0.0,0.0037913941519945433,0.0,0.0023370308807568268
201707,0.02471153459154728,0.0,0.0,0.0,0.008546905806419985,0.003404920901293917,0.00545151445433056,0.0005944740863504449,0.005557127344735531,0.005931758955571772,0.0007189569545247542,0.0,0.001408301296947198,0.004525212019955645,0.0015373758351877244,0.0002480215176795943,0.008709803404375554,0.009536485047527996,0.0,0.0,0.0012066086903892458,0.0,0.00011942304350431487,0.001284722562075338,0.0025290140866751627,0.01577047044529206,0.0009325205194712945,0.0021525603740021972,0.0001301473843581177,0.0,0.0,0.0,0.00017641584763822892,0.0,0.0,0.001854008410399912,0.0024281999850443194,0.0,0.0056355597925175725,0.00022704893922877989,0.0,0.002333334451822956,0.0,0.0,0.004849816611314939,0.0005300936824675278,0.0,0.00039943361864381877,0.005274078654375502,0.0,0.0,0.0012722556541862272,0.011715907583317035,0.0,0.0,0.009204863053010156,0.002029551267368155,0.0006339079641480136,0.003614704013863586,0.0,0.0,0.0,0.0,0.0,0.0023123040020807846,0.0,0.0030215114442640532,0.0011940856840353964,0.0,0.0022220753385555894,0.001964856109414365,0.005657274011929888,0.003974187486470942,0.005677666864770256,0.0009981652206688804,0.00042584419003792635,0.0,0.0,0.0,0.009287196501542831,0.0019179731660557535,0.0002684799737812051,0.001142981087734728,0.0018237412734067747,0.00967993416860985,0.0007614530012481161,0.000327854123972617,0.0,0.0009811637094139288,0.0,0.0,0.0033056798473639704,9.86752496755373e-06,0.006282606375682934,0.0,0.001919302540631276,0.0,0.0,0.0,0.003772734959796424,0.0,0.0,0.001926163035330582,0.003259513736486226,0.0,0.0,0.00048227837671469405,0.0,0.0012082151220188708,6.70752798094694e-05,0.003590535176602612,0.0,0.0020698992960482615
201708,0.026262612060461762,0.0,0.0,0.0,0.008584941431742326,0.0031010038595384653,0.005629180473294202,0.00036372469096994234,0.005141197098974923,0.005967638553479863,0.0007096352296531772,0.0,0.001097295601744943,0.004597260420177033,0.0012159131969962812,0.0008896854025858631,0.008228493853036055,0.010409587566488037,0.0,0.0,0.0012716027469868794,0.0,0.000271073635149155,0.001244767405804767,0.002418745617196343,0.01589154650322469,0.0008710695466039067,0.002482296983593372,0.00011063595175720309,0.0,0.0,0.0,9.559222554842553e-05,0.0,0.0,0.0015638132116616108,0.0020392600972154447,0.0,0.005482263133249439,0.0005335295780249336,0.0,0.002263768064866596,0.0,0.0,0.004993005613877645,0.0008852566113766335,0.0,0.0002357387705725973,0.0052775507566545,0.0,0.0,0.0013267597242586904,0.01152124126807946,0.0,0.0,0.009967900475828143,0.0018159981529843813,0.0014008073275384848,0.0034020968036938596,0.0,0.0,0.0,0.0,0.0,0.0024670811035182763,0.0,0.0030817170029191565,0.000931572128638877,0.0,0.002320222217242767,0.001965511745044519,0.005536921952977458,0.003652128038764732,0.005722568456632752,0.0008946930298500387,0.00047032733130079494,0.0,0.0,0.0,0.009629522843242899,0.0018445141204180796,0.0005114293068338579,0.0011015068487015126,0.0017262318525733216,0.009849751900297167,0.0005788460713013487,0.00022752945895369915,0.0,0.0013701970437042864,0.0,0.0,0.00331988874525214,0.0,0.006049759404803758,0.0,0.0017855782315665148,0.0,0.0,0.0,0.00427997989418335,0.0,0.0,0.002187256674113865,0.0032241773027865384,0.0,0.00014505658452416536,0.00042870946450035045,0.0,0.0011450318934595677,0.00015612098081718964,0.003292717660191434,0.0,0.002329611957514303
201709,0.025190047017207312,0.0,0.0,0.0,0.008824820572605098,0.0030210030547232814,0.005893421576393718,0.0007808157141364686,0.005465304554181778,0.005958358877068611,0.0009102674776101916,0.0,0.0008119857791492223,0.0048243748933747,0.0008452459496299514,0.0010091653190426933,0.008122624646919055,0.009824928502797505,0.0,0.0,0.0011332686737775207,0.0,0.0003245678217699704,0.0012529809114592953,0.0023323858562603076,0.016028415699004844,0.0007421708999333395,0.0025782525252546072,0.00020128133091344198,0.0,0.0001322764037410086,0.0,8.495900670909056e-05,2.277858502923779e-05,0.0,0.0020337512352367813,0.0021466146855309647,0.0,0.005243252163661295,0.0005760312626484534,0.0,0.0020380408127101818,0.0,0.0,0.004632637586056004,3.128027879565629e-05,0.0,0.0,0.004981566483365448,0.0,0.0,0.002087487243723429,0.011207177564003488,0.0,0.0,0.01060936471297734,0.0012207405904971474,0.0014007283328349594,0.0031088843213256927,0.0,0.0,0.0,0.0,0.0,0.002332480906042064,0.0,0.003012164988986468,0.0006213342821316071,0.0,0.0023660743563252173,0.002138468609796182,0.005595538208429421,0.0035476427325417605,0.0059249985646445584,0.0007452723730174216,0.0005109423530520437,0.0,0.0,0.0,0.009335835774365977,0.0016102942057446216,0.00031753931912343046,0.0010062490692727842,0.001692680226121067,0.011134038089068706,0.0006328086590990919,0.00013346517678138614,0.0,0.0014850180115392173,3.186189001892052e-05,0.0,0.0031744316772548695,0.0002847332548450411,0.005859339002382066,0.0,0.001668830233462523,0.0,0.0,0.0,0.0045901020341385995,0.0,0.0,0.0022593984022063426,0.0035723433908145014,0.0,0.00014432563204822807,0.00046384912693830563,0.0,0.0014212953110436836,0.00032705630094778334,0.0033383747991741416,0.0,0.0021839625873368313
201710,0.02588258207325089,0.0,0.0,0.0,0.008893407949631855,0.0029102822511510207,0.005813014260359944,0.000406399111386552,0.005194930123838182,0.005565983459119448,0.0005259655041654692,0.0,0.0012088911974021854,0.004689837971315203,0.0009963681899058635,0.00048417992148965764,0.007658156483195305,0.010349896125104379,0.0,0.0,0.001293687885298911,0.0,0.0002670029473758262,0.0012575578743904397,0.002343610021073637,0.015927374785745102,0.0008748316148390685,0.0026582681082273595,0.0,0.0,9.204936420774991e-05,0.0,0.0,0.0,0.0,0.0016361700931452946,0.0024055540526260843,0.0,0.005111741303842505,0.0006804075877203143,0.0,0.0016838686241029662,0.0,0.0,0.0046646682397374906,0.0006449161600046704,0.0,0.0,0.00524540245449172,0.0,0.0,0.002135192854662892,0.010953613921388347,0.0,0.0,0.009583047724558869,0.0016930459459097158,0.0013753089214178687,0.003348464588650898,0.0,0.0,0.0,0.0,0.0,0.002153141680053761,0.0,0.002693518079930229,6.323097360461651e-05,0.0,0.0022814478214962775,0.0021115860443694104,0.0059751336114040815,0.003595798943956235,0.006053879332231205,0.0006372656528077529,0.00045241048481160957,0.0,0.0,0.0,0.009143131003904022,0.001841125847754546,0.0002383933228462665,0.0012991382573640552,0.0018661997765317241,0.010815632345555616,0.0007499971520926762,0.00017094615942663801,0.0,0.0015885634817397224,4.964702721788292e-05,0.0,0.0031990057027648216,0.00014343804589718952,0.005948125277438433,0.0,0.0014722194922671065,0.0,0.0,0.0,0.004422337753566693,0.0,0.0,0.002427960386699658,0.0033258629630866857,0.0,0.0,0.0006955568879529709,0.0,0.0016071293150059017,0.0005599100700382849,0.0029397891269766466,0.0,0.0031320975317073434
201711,0.027603997067373817,0.0,0.0,0.0,0.008929286776196348,0.0026902536733027496,0.005529257420965678,0.0008821051218609443,0.004952091644245844,0.006032131244654897,0.0005445448597086791,0.0,0.0005929761217388603,0.005090034203920154,0.0013530860425775852,0.0008617593949247322,0.007393802743226752,0.01015110103524818,0.0,0.0,0.0014653966640395602,0.00036049868131959227,0.0,0.0015226681126749662,0.002075643912604136,0.015847905082136668,0.0008329831586473986,0.0032480000225624042,0.0,0.0,0.0,0.0,5.167953068963961e-05,8.041481424056615e-05,0.0,0.0011911088989589465,0.0021828458802254642,0.0,0.005147507270731082,0.0010278314985140275,0.0,0.001378041887228093,0.0,0.0,0.004884981250733545,0.0007142280649899424,0.0,0.0,0.005300160240200156,0.0,0.0,0.002174287156848996,0.011075787177002921,0.0,0.0,0.00892480612236934,0.002144966438322581,0.0013730419997570608,0.003164818086275651,0.0,0.0,0.0,0.0,0.0,0.0022605739389019272,0.0,0.0035582912963232896,0.0,0.0,0.0024651265512393972,0.0017781691827191463,0.005901760377898428,0.0037097669126375924,0.006680034634950224,0.0002603837356414731,0.0006454248513355405,0.0,0.0,0.0,0.009618864659940884,0.001476745852032505,0.00017056123395944482,0.000952548176868313,0.0020767595530461792,0.010800324998137479,0.00044100027667604485,0.0001095094038982969,0.0,0.002548482857965632,5.801195833291844e-05,0.0,0.0029700742141135945,0.00016705950537372575,0.006120081805473254,0.0,0.001438582481143415,0.0,0.0,0.0,0.004933653949092108,0.0,0.0,0.0021524264385973753,0.003661092786270994,0.0,0.0,0.0004906927963498706,0.0,0.0017047539626380557,0.0011557659888311396,0.0031098713677622657,0.0,0.0026932535722427402
201712,0.027591028306558695,0.0,0.0,0.0,0.008724845793498628,0.002727688817591572,0.005305836788885703,0.0014273431953699455,0.004934955786965077,0.005918109892149042,0.0007323934396085137,0.0,0.00042508048526271016,0.004996123292804554,0.0012773020368694974,0.0006925632588409702,0.007069225015853035,0.010140353811606675,0.0,0.0,0.0012962491538262007,0.00017232516117547412,0.0,0.0015752399799241889,0.0021807914534175423,0.016048027136389045,0.0008311071752440967,0.0033491397496117482,0.0,0.0,6.558436011407903e-06,0.0,0.0,0.00023725532236420498,0.0,0.0012103561500110117,0.0023864257889492785,0.0,0.005197485146450619,0.0009508529358572841,0.0,0.0009957164304878446,0.0,0.0,0.004732435277200089,0.0009167417856896258,0.0,0.0,0.005514302667233686,0.0,0.0,0.0018639857612695332,0.011861013268127033,9.123896103945991e-06,0.0,0.008023799244456991,0.0024323759444237585,0.0012613451226383876,0.0027265256980656097,0.0,0.0,0.0,0.0,0.0,0.0021938823187213348,0.0,0.0036694353539569033,0.0,0.0,0.0024646374642901736,0.0017540921194363459,0.005896896400065155,0.0036894577308260843,0.006656098902142376,0.0003492745414488355,0.000464717163915908,0.0,0.0,0.0,0.00922942336563851,0.0014155838431736372,0.0001814115536187478,0.001171603070240801,0.0022146604819332037,0.01052770872025229,0.00044835631220153775,0.0001395840034902871,0.0,0.002886757205244082,0.0,0.0,0.0028366886866203374,0.00021925389191857836,0.005858986287761715,0.0,0.0016958584686494786,0.0,0.0,0.0,0.004625928304225245,0.0,0.0,0.0020775431455010217,0.004078133573454204,0.0,0.0,0.0005777350702293689,0.0,0.001941054608029826,0.0015891775156681024,0.003283243799130811,0.0,0.002407895129969068
201801,0.0,0.0,0.0,0.0,0.0007974655792272896,0.0,0.0,0.0,0.0,0.0,0.0,0.0,0.0,0.0,0.0,0.0,0.0,0.0,0.0,0.0,0.0,0.0,0.0,0.0,0.0,0.005323548902917011,0.0,0.0,0.0,0.0,0.0,0.0,0.0,0.0,0.0,0.0,0.0,0.0,0.0,0.0,0.0,0.0,0.0,0.0,0.0,0.0,0.0,0.0,0.0,0.0,0.0,0.0,0.0,0.0,0.0,0.0,0.0,0.0,0.0,0.0,0.0,0.0,0.0,0.0,0.0,0.0,0.0,0.0,0.0,0.0,0.0,0.0,0.0,0.0,0.0,0.0,0.0,0.0,0.0,0.0,0.0,0.0,0.0,0.0,0.0,0.0,0.0,0.0,0.0,0.0,0.0,0.0,0.0,0.0,0.0,0.0,0.0,0.0,0.0,0.0,0.0,0.0,0.0,0.0,0.0,0.0,0.0,0.0,0.0,0.0,0.0,0.0,0.0
201802,0.0,0.0,0.0,0.0,0.0009705845791009622,0.0,0.0,0.0,0.0,0.0,0.0,0.0,0.0,0.0,0.0,0.0,0.0,0.0,0.0,0.0,0.0,0.0,0.0,0.0,0.0,0.005535613217663797,0.0,0.0,0.0,0.0,0.0,0.0,0.0,0.0,0.0,0.0,0.0,0.0,0.0,0.0,0.0,0.0,0.0,0.0,0.0,0.0,0.0,0.0,0.0,0.0,0.0,0.0,0.0,0.0,0.0,0.0,0.0,0.0,0.0,0.0,0.0,0.0,0.0,0.0,0.0,0.0,0.0,0.0,0.0,0.0,0.0,0.0,0.0,0.0,0.0,0.0,0.0,0.0,0.0,0.0,0.0,0.0,0.0,0.0,0.0,0.0,0.0,0.0,0.0,0.0,0.0,0.0,0.0,0.0,0.0,0.0,0.0,0.0,0.0,0.0,0.0,0.0,0.0,0.0,0.0,0.0,0.0,0.0,0.0,0.0,0.0,0.0,0.0
201803,0.0,0.0,0.0,0.0,0.0008799867601408089,0.0,0.0,0.0,0.0,0.0,0.0,0.0,0.0,0.0,0.0,0.0,0.0,0.0,0.0,0.0,0.0,0.0,0.0,0.0,0.0,0.005248543871602603,0.0,0.0,0.0,0.0,0.0,0.0,0.0,0.0,0.0,0.0,0.0,0.0,0.0,0.0,0.0,0.0,0.0,0.0,0.0,0.0,0.0,0.0,0.0,0.0,0.0,0.0,0.0,0.0,0.0,0.0,0.0,0.0,0.0,0.0,0.0,0.0,0.0,0.0,0.0,0.0,0.0,0.0,0.0,0.0,0.0,0.0,0.0,0.0,0.0,0.0,0.0,0.0,0.0,0.0,0.0,0.0,0.0,0.0,0.0,0.0,0.0,0.0,0.0,0.0,0.0,0.0,0.0,0.0,0.0,0.0,0.0,0.0,0.0,0.0,0.0,0.0,0.0,0.0,0.0,0.0,0.0,0.0,0.0,0.0,0.0,0.0,0.0
201804,0.0,0.0,0.0,0.0,0.0008189114423845567,0.0,0.0,0.0,0.0,0.0,0.0,0.0,0.0,0.0,0.0,0.0,0.0,0.0,0.0,0.0,0.0,0.0,0.0,0.0,0.0,0.00545985157061605,0.0,0.0,0.0,0.0,0.0,0.0,0.0,0.0,0.0,0.0,0.0,0.0,0.0,0.0,0.0,0.0,0.0,0.0,0.0,0.0,0.0,0.0,0.0,0.0,0.0,0.0,0.0,0.0,0.0,0.0,0.0,0.0,0.0,0.0,0.0,0.0,0.0,0.0,0.0,0.0,0.0,0.0,0.0,0.0,0.0,0.0,0.0,0.0,0.0,0.0,0.0,0.0,0.0,0.0,0.0,0.0,0.0,0.0,0.0,0.0,0.0,0.0,0.0,0.0,0.0,0.0,0.0,0.0,0.0,0.0,0.0,0.0,0.0,0.0,0.0,0.0,0.0,0.0,0.0,0.0,0.0,0.0,0.0,0.0,0.0,0.0,0.0
201805,0.0,0.0,0.0,0.0,0.0008993837875129845,0.0,0.0,0.0,0.0,0.0,0.0,0.0,0.0,0.0,0.0,0.0,0.0,0.0,0.0,0.0,0.0,0.0,0.0,0.0,0.0,0.005382550289189314,0.0,0.0,0.0,0.0,0.0,0.0,0.0,0.0,0.0,0.0,0.0,0.0,0.0,0.0,0.0,0.0,0.0,0.0,0.0,0.0,0.0,0.0,0.0,0.0,0.0,0.0,0.0,0.0,0.0,0.0,0.0,0.0,0.0,0.0,0.0,0.0,0.0,0.0,0.0,0.0,0.0,0.0,0.0,0.0,0.0,0.0,0.0,0.0,0.0,0.0,0.0,0.0,0.0,0.0,0.0,0.0,0.0,0.0,0.0,0.0,0.0,0.0,0.0,0.0,0.0,0.0,0.0,0.0,0.0,0.0,0.0,0.0,0.0,0.0,0.0,0.0,0.0,0.0,0.0,0.0,0.0,0.0,0.0,0.0,0.0,0.0,0.0
201806,0.0,0.0,0.0,0.0,0.0006472204497091729,0.0,0.0,0.0,0.0,0.0,0.0,0.0,0.0,0.0,0.0,0.0,0.0,0.0,0.0,0.0,0.0,0.0,0.0,0.0,0.0,0.005290130663792458,0.0,0.0,0.0,0.0,0.0,0.0,0.0,0.0,0.0,0.0,0.0,0.0,0.0,0.0,0.0,0.0,0.0,0.0,0.0,0.0,0.0,0.0,0.0,0.0,0.0,0.0,0.0,0.0,0.0,0.0,0.0,0.0,0.0,0.0,0.0,0.0,0.0,0.0,0.0,0.0,0.0,0.0,0.0,0.0,0.0,0.0,0.0,0.0,0.0,0.0,0.0,0.0,0.0,0.0,0.0,0.0,0.0,0.0,0.0,0.0,0.0,0.0,0.0,0.0,0.0,0.0,0.0,0.0,0.0,0.0,0.0,0.0,0.0,0.0,0.0,0.0,0.0,0.0,0.0,0.0,0.0,0.0,0.0,0.0,0.0,0.0,0.0
201807,0.0,0.0,0.0,0.0,0.0007268619460141796,0.0,0.0,0.0,0.0,0.0,0.0,0.0,0.0,0.0,0.0,0.0,0.0,0.0,0.0,0.0,0.0,0.0,0.0,0.0,0.0,0.0051114314139944885,0.0,0.0,0.0,0.0,0.0,0.0,0.0,0.0,0.0,0.0,0.0,0.0,0.0,0.0,0.0,0.0,0.0,0.0,0.0,0.0,0.0,0.0,0.0,0.0,0.0,0.0,0.0,0.0,0.0,0.0,0.0,0.0,0.0,0.0,0.0,0.0,0.0,0.0,0.0,0.0,0.0,0.0,0.0,0.0,0.0,0.0,0.0,0.0,0.0,0.0,0.0,0.0,0.0,0.0,0.0,0.0,0.0,0.0,0.0,0.0,0.0,0.0,0.0,0.0,0.0,0.0,0.0,0.0003903909386241861,0.0,0.0,0.0,0.0,0.0,0.0,0.0,0.0,0.0,0.0,0.0,0.0,0.0,0.0,0.0,0.0,0.0,0.0,0.0
201808,0.0,0.0,0.0,0.0,0.0007223513491459682,0.0,0.0,0.0,0.0,0.0,0.0,0.0,0.0,0.0,0.0,0.0,0.0,0.0,0.0,0.0,0.0,0.0,0.0,0.0,0.0,0.005106878720179135,0.0,0.0,0.0,0.0,0.0,0.0,0.0,0.0,0.0,0.0,0.0,0.0,0.0,0.0,0.0,0.0,0.0,0.0,0.0,0.0,0.0,0.0,0.0,0.0,0.0,0.0,0.0,0.0,0.0,0.0,0.0,0.0,0.0,0.0,0.0,0.0,0.0,0.0,0.0,0.0,0.0,0.0,0.0,0.0,0.0,0.0,0.0,0.0,0.0,0.0,0.0,0.0,0.0,0.0,0.0,0.0,0.0,0.0,0.0,0.0,0.0,0.0,0.0,0.0,0.0,0.0,0.0,0.00022284646754263188,0.0,0.0,0.0,0.0,0.0,0.0,0.0,0.0,0.0,0.0,0.0,0.0,0.0,0.0,0.0,0.0,0.0,0.0,0.0
201809,0.0,0.0,0.0,0.0,0.0005308010881258759,0.0,0.0,0.0,0.0,0.0,0.0,0.0,0.0,0.0,0.0,0.0,0.0,0.0,0.0,0.0,0.0,0.0,0.0,0.0,0.0,0.004575383910600186,0.0,0.0,0.0,0.0,0.0,0.0,0.0,0.0,0.0,0.0,0.0,0.0,0.0,0.0,0.0,0.0,0.0,0.0,0.0,0.0,0.0,0.0,0.0,0.0,0.0,0.0,0.0,0.0,0.0,0.0,0.0,0.0,0.0,0.0,0.0,0.0,0.0,0.0,0.0,0.0,0.0,0.0,0.0,0.0,0.0,0.0,0.0,0.0,0.0,0.0,0.0,0.0,0.0,0.0,0.0,0.0,0.0,0.0,0.0,0.0,0.0,0.0,0.0,0.0,0.0,0.0,0.0,0.0005440540913731828,0.0,0.0,0.0,0.0,0.0,0.0,0.0,0.0,0.0,0.0,0.0,0.0,0.0,0.0,0.0,0.0,0.0,0.0,0.0
201810,0.00020325828664014635,0.0,0.0,0.0,0.0007954383458644977,0.0,0.0,0.0,0.0,0.0,0.0,0.0,0.0,0.0,0.0,0.0,0.0,0.0,0.0,0.0,0.0,0.0,0.0,0.0,0.0,0.0044479330914223405,0.0,0.0,0.0,0.0,0.0,0.0,0.0,0.0,0.0,0.0,0.0,0.0,0.0,0.0,0.0,0.0,0.0,0.0,0.0,0.0,0.0,0.0,0.0,0.0,0.0,0.0,0.0,0.0,0.0,0.0,0.0,0.0,0.0,0.0,0.0,0.0,0.0,0.0,0.0,0.0,0.0,0.0,0.0,0.0,0.0,0.0,0.0,0.0,0.0,0.0,0.0,0.0,0.0,0.0,0.0,0.0,0.0,0.0,0.0,0.0,0.0,0.0,0.0,0.0,0.0,0.0,0.0,0.0011162739140118845,0.0,0.0,0.0,0.0,0.0,0.0,0.0,0.0,0.0,0.0,0.0,0.0,0.0,0.0,0.0,0.0,0.0,0.0,0.0
201811,0.0004625114566274337,0.0,0.0,0.0,0.0006092592213007524,0.0,0.0,0.0,0.0,0.0,0.0,0.0,0.0,0.0,0.0,0.0,0.0,0.0,0.0,0.0,0.0,0.0,0.0,0.0,0.0,0.004243877689861608,0.0,0.0,0.0,0.0,0.0,0.0,0.0,0.0,0.0,0.0,0.0,0.0,0.0,0.0,0.0,0.0,0.0,0.0,0.0,0.0,0.0,0.0,0.0,0.0,0.0,0.0,0.0,0.0,0.0,0.0,0.0,0.0,0.0,0.0,0.0,0.0,0.0,0.0,0.0,0.0,0.0,0.0,0.0,0.0,0.0,0.0,0.0,0.0,0.0,0.0,0.0,0.0,0.0,0.0,0.0,0.0,0.0,0.0,0.0,0.0,0.0,0.0,0.0,0.0,0.0,0.0,0.0,0.0012652290023667334,0.0,0.0,0.0,0.0,0.0,0.0,0.0,0.0,0.0,0.0,0.0,0.0,0.0,0.0,0.0,0.0,0.0,0.0,0.0
201812,0.0008768117279457801,0.0,0.0,0.0,0.00042994891640618687,0.0,0.0,0.0,0.0,0.0,0.0,0.0,0.0,0.0,0.0,0.0,0.0,0.0,0.0,0.0,0.0,0.0,0.0,0.0,0.0,0.0036114905069148016,0.0,0.0,0.0,0.0,0.0,0.0,0.0,0.0,0.0,0.0,0.0,0.0,0.0,0.0,0.0,0.0,0.0,0.0,0.0,0.0,0.0,0.0,0.0,0.0,0.0,0.0,0.0,0.0,0.0,0.0,0.0,0.0,0.0,0.0,0.0,0.0,0.0,0.0,0.0,0.0,0.0,0.0,0.0,0.0,0.0,0.0,0.0,0.0,0.0,0.0,0.0,0.0,0.0,4.518258615329684e-05,0.0,0.0,0.0,0.0,0.0,0.0,0.0,0.0,0.0,0.0,0.0,0.0,0.0,0.0013880181760407022,0.0,0.0,0.0,0.0,0.0,0.0,0.0,0.0,0.0,0.0,0.0,0.0,0.0,0.0,0.0,0.0,0.0,0.0,0.0
201901,0.0,0.0,0.0,0.0,0.0005074546226060782,0.0,0.0,0.0,0.0,0.0,0.0,0.0,0.0,0.0,0.0,0.0,0.0,0.0,0.0,0.0,0.0,0.0,0.0,0.0,0.0,0.004065380572863397,0.0,0.0,0.0,0.0,0.0,0.0,0.0,0.0,0.0,0.0,0.0,0.0,0.0,0.0,0.0,0.0,0.0,0.0,0.0,0.0,0.0,0.0,0.0,0.0,0.0,0.0,0.0,0.0,0.0,0.0,0.0,0.0,0.0,0.0,0.0,0.0,0.0,0.0,0.0,0.0,0.0,0.0,0.0,0.0,0.0,0.0,0.0,0.0,0.0,0.0,0.0,0.0,0.0,0.0002836444377420106,0.0,0.0,0.0,0.0,0.0,0.0,0.0,0.0,0.0,0.0,0.0,0.0,0.0,0.0007892704174940182,0.0,0.0,0.0,0.0,0.0,0.0,0.0,0.0,0.0,0.0,0.0,0.0,0.0,0.0,0.0,0.0,0.0,0.0,0.0
201902,0.0,0.0,0.0,0.0,0.0005324905177289038,0.0,0.0,0.0,0.0,0.0,0.0,0.0,0.0,0.0,0.0,0.0,0.0,0.0,0.0,0.0,0.0,0.0,0.0,0.0,0.0,0.004188076564727349,0.0,0.0,0.0,0.0,0.0,0.0,0.0,0.0,0.0,0.0,0.0,0.0,0.0,0.0,0.0,0.0,0.0,0.0,0.0,0.0,0.0,0.0,0.0,0.0,0.0,0.0,0.00035394234087963864,0.0,0.0,0.0,0.0,0.0,0.0,0.0,0.0,0.0,0.0,0.0,0.0,0.0,0.0,0.0,0.0,0.0,0.0,0.0,0.0,0.0,0.0,0.0,0.0,0.0,0.0,9.819951970874731e-05,0.0,0.0,0.0,0.0,0.0,0.0,0.0,0.0,0.0,0.0,0.0,0.0,0.0,0.0002329378834593842,0.0,0.0,0.0,0.0,0.0,0.0,0.0,0.0,0.0,0.0,0.0,0.0,0.0,0.0,0.0,0.0,0.0,0.0,0.0
201903,0.0,0.0,0.0,0.0,0.0004649841202686537,0.0,0.0,0.0,0.0,0.0,0.0,0.0,0.0,0.0,0.0,0.0,0.0,0.0,0.0,0.0,0.0,0.0,0.0,0.0,0.0,0.0040800983027106524,0.0,0.0,0.0,0.0,0.0,0.0,0.0,0.0,0.0,0.0,0.0,0.0,0.0,0.0,0.0,0.0,0.0,0.0,0.0,0.0,0.0,0.0,0.0,0.0,0.0,0.0,0.0005018223254642898,0.0,0.0,0.0,0.0,0.0,0.0,0.0,0.0,0.0,0.0,0.0,0.0,0.0,0.0,0.0,0.0,0.0,0.0,0.0,0.0,0.0,0.0,0.0,0.0,0.0,0.0,0.00017618111584452093,0.0,0.0,0.0,0.0,0.0,0.0,0.0,0.0,0.0,0.0,0.0,0.0,0.0,0.00012902284001794614,0.0,0.0,0.0,0.0,0.0,0.0,0.0,0.0,0.0,0.0,0.0,0.0,0.0,0.0,0.0,0.0,0.0,0.0,0.0
201904,0.00042496885337727646,0.0,0.0,0.0,0.0004270301888768143,0.0,0.0,0.0,0.0,0.0,0.0,0.0,0.0,0.0,0.0,0.0,0.0,0.0,0.0,0.0,0.0,0.0,0.0,0.0,0.0,0.0036510722819076327,0.0,0.0,0.0,0.0,0.0,0.0,0.0,0.0,0.0,0.0,0.0,0.0,0.0,0.0,0.0,0.0,0.0,0.0,0.0,0.0,0.0,0.0,0.0,0.0,0.0,0.0,0.0009328073152842409,0.0,0.0,0.0,0.0,0.0,0.0,0.0,0.0,0.0,0.0,0.0,0.0,0.0,0.0,0.0,0.0,0.0,0.0,0.0,0.0,0.0,0.0,0.0,0.0,0.0,0.0,0.00015851941498985607,0.0,0.0,0.0,0.0,0.0,0.0,0.0,0.0,0.0,0.0,0.0,0.0,0.0,0.0,0.0,0.0,0.0,0.0,0.0,0.0,0.0,0.0,0.0,0.0,0.0,0.0,0.0,0.0,0.0,0.0,0.0,0.0,0.0
201905,0.0006182761284801081,0.0,0.0,0.0,0.000579589899063782,0.0,0.0,0.0,0.0,0.0,0.0,0.0,0.0,0.0,0.0,0.0,0.0,0.0,0.0,0.0,0.0,0.0,0.0,0.0,0.0,0.003365695334974661,0.0,0.0,0.0,0.0,0.0,0.0,0.0,0.0,0.0,0.0,0.0,0.0,0.0,0.0,0.0,0.0,0.0,0.0,0.0,0.0,0.0,0.0,0.0,0.0,0.0,0.0,0.00011845460000641725,0.0,0.0,0.0,0.0,0.0,0.0,0.0,0.0,0.0,0.0,0.0,0.0,0.0,0.0,0.0,0.0,0.0,0.0,0.0,0.0,0.0,0.0,0.0,0.0,0.0,0.0,8.758004974358272e-05,0.0,0.0,0.0,0.0,0.0,0.0,0.0,0.0,0.0,0.0,0.0,0.0,0.0,0.0003074284649042071,0.0,0.0,0.0,0.0,0.0,0.0,0.0,0.0,0.0,0.0,0.0,0.0,0.0,0.0,0.0,0.0,0.0,0.0,0.0
201906,0.0018008504305018491,0.0,0.0,0.0,0.00045233569266378234,0.0,0.0,0.0,0.0,0.0,0.0,0.0,0.0,0.0,0.0,0.0,0.0,0.0,0.0,0.0,0.0,0.0,0.0,0.0,0.0,0.0031667671743088937,0.0,0.0,0.0,0.0,0.0,0.0,0.0,0.0,0.0,0.0,0.0,0.0,0.0,0.0,0.0,0.0,0.0,0.0,0.0,0.0,0.0,0.0,0.0,0.0,0.0,0.0,0.0,0.0,0.0,0.0,0.0,0.0,0.0,0.0,0.0,0.0,0.0,0.0,0.0,0.0,0.0,0.0,0.0,0.0,0.0,0.0,0.0,0.0,0.0,0.0,0.0,0.0,0.0,0.00026707991398853566,0.0,0.0,0.0,0.0,0.0,0.0,0.0,0.0,0.0,0.0,0.0,0.0,0.0,0.000782874723835879,0.0,0.0,0.0,0.0,0.0,0.0,0.0,0.0,0.0,0.0,0.0,0.0,0.0,0.0,0.0,0.0,0.0,0.0,0.0
201907,0.0012858677798944986,0.0,0.0,0.0,0.0006393787202779414,0.0,0.0,0.0,0.0,0.0,0.0,0.0,0.0,0.0,0.0,0.0,0.0,0.0,0.0,0.0,0.0,0.0,0.0,0.0,0.0,0.0037727236424423345,0.0,0.0,0.0,0.0,0.0,0.0,0.0,0.0,0.0,0.0,0.0,0.0,0.0,0.0,0.0,0.0,0.0,0.0,0.0,0.0,0.0,0.0,0.0,0.0,0.0,0.0,0.0,0.0,0.0,0.0,0.0,0.0,0.0,0.0,0.0,0.0,0.0,0.0,0.0,0.0,0.0,0.0,0.0,0.0,0.0,0.0,0.0,0.0,0.0,0.0,0.0,0.0,0.0,5.699934053219456e-05,0.0,0.0,0.0,0.0,0.0,0.0,0.0,0.0,0.0,0.0,0.0,0.0,0.0,0.0,0.0,0.0,0.0,0.0,0.0,0.0,0.0,0.0,0.0,0.0,0.0,0.0,0.0,0.0,0.0,0.0,0.0,0.0,0.0
201908,5.5960250267437585e-05,0.0,0.0,0.0,0.0010147392244891737,0.0,0.0,0.0,0.0,0.0,0.0,0.0,0.0,0.0,0.0,0.0,0.0,0.0,0.0,0.0,0.0,0.0,0.0,0.0,0.0,0.0036937984376353298,0.0,0.0,0.0,0.0,0.0,0.0,0.0,0.0,0.0,0.0,0.0,0.0,0.0,0.0,0.0,0.0,0.0,0.0,0.0,0.0,0.0,0.0,0.0,0.0,0.0,0.0,0.0,0.0,0.0,0.0,0.0,0.0,0.0,0.0,0.0,0.0,0.0,0.0,0.0,0.0,0.0,0.0,0.0,0.0,0.0,0.0,0.0,0.0,0.0,0.0,0.0,0.0,0.0,0.0,0.0,0.0,0.0,0.0,0.0,0.0,0.0,0.0,0.0,0.0,0.0,0.0,0.0,0.00015012249607906773,0.0,0.0,0.0,0.0,0.0,0.0,0.0,0.0,0.0,0.0,0.0,0.0,0.0,0.0,0.0,0.0,0.0,0.0,0.0
201909,0.0,0.0,0.0,0.0,0.0009633382712953203,0.0,0.0,0.0,0.0,0.0,0.0,0.0,0.0,0.0,0.0,0.0,0.0,0.0,0.0,0.0,0.0,0.0,0.0,0.0,0.0,0.004084463717397782,0.0,0.0,0.0,0.0,0.0,0.0,0.0,0.0,0.0,0.0,0.0,0.0,0.0,0.0,0.0,0.0,0.0,0.0,0.0,0.0,0.0,0.0,0.0,0.0,0.0,0.0,0.0,0.0,0.0,0.0,0.0,0.0,0.0,0.0,0.0,0.0,0.0,0.0,0.0,0.0,0.0,0.0,0.0,0.0,0.0,0.0,0.0,0.0,0.0,0.0,0.0,0.0,0.0,0.0006537947757507647,0.0,0.0,0.0,0.0,0.0,0.0,0.0,0.0,0.0,0.0,0.0,0.0,0.0,0.0006596052256103392,0.0,0.0,0.0,0.0,0.0,0.0,0.0,0.0,0.0,0.0,0.0,0.0,0.0,0.0,0.0,0.0,0.0,0.0,0.0
201910,0.0,0.0,0.0,0.0,0.0007352474388733245,0.0,0.0,0.0,0.0,0.0007107434050062981,0.0,0.0,0.0,0.0,0.0,0.0,0.0,0.0,0.0,0.0,0.0,0.0,0.0,0.0,0.0,0.004089691677772871,0.0,0.0,0.0,0.0,0.0,0.0,0.0,0.0,0.0,0.0,0.0,0.0,0.0,0.0,0.0,0.0,0.0,0.0,0.0,0.0,0.0,0.0,0.0,0.0,0.0,0.0,0.0,0.0,0.0,0.0,0.0,0.0,0.0,0.0,0.0,0.0,0.0,0.0,0.0,0.0,0.0,0.0,0.0,0.0,0.0,0.0,0.0,0.0,0.0,0.0,0.0,0.0,0.0,0.0007367815558730999,0.0,0.0,0.0,0.0,0.0,0.0,0.0,0.0,0.0,0.0,0.0,0.0,0.0,0.0012478084769310318,0.0,0.0,0.0,0.0,0.0,0.0,0.0,0.0,0.0,0.0,0.0,0.0,0.0,0.0,0.0,0.0,0.0,0.0,0.0
201911,0.00033172707020510473,0.0,0.0,0.0,0.0008789178793236228,0.0,0.0,0.0,0.0,0.001302552426525623,0.0,0.0,0.0,0.0,0.0,0.0,0.0,0.0,0.0,0.0,0.0,0.0,0.0,0.0,0.0,0.004249370085206089,0.0,0.0,0.0,0.0,0.0,0.0,0.0,0.0,0.0,0.0,0.0,0.0,0.0,0.0,0.0,0.0,0.0,0.0,0.0,0.0,0.0,0.0,0.0,0.0,0.0,0.0,0.0,0.0,0.0,0.0,0.0,0.0,0.0,0.0,0.0,0.0,0.0,0.0,0.0,0.0,0.0,0.0,0.0,0.0,0.0,0.0,0.0,0.0,0.0,0.0,0.0,0.0,0.0,0.0008913655454282664,0.0,0.0,0.0,0.0,0.0,0.0,0.0,0.0,0.0,0.0,0.0,0.0,0.0,0.002019062782622346,0.0,0.0,0.0,0.0,0.0,0.0,0.0,0.0,0.0,0.0,0.0,0.0,0.0,0.0,0.0,0.0,0.0,0.0,0.0
201912,0.0,0.0,0.0,0.0,0.0010209071514201353,0.0,0.0,0.0,0.0,0.0,0.0,0.0,0.0,0.0,0.0,0.0,0.0,0.0,0.0,0.0,0.0,0.0,0.0,0.0,0.0,0.004272630317996172,0.0,0.0,0.0,0.0,0.0,0.0,0.0,0.0,0.0,0.0,0.0,0.0,0.0,0.0,0.0,0.0,0.0,0.0,0.0,0.0,0.0,0.0,0.0,0.0,0.0,0.0,0.0,0.0,0.0,0.0,0.0,0.0,0.0,0.0,0.0,0.0,0.0,0.0,0.0,0.0,0.0,0.0,0.0,0.0,0.0,0.0,0.0,0.0,0.0,0.0,0.0,0.0,0.0,0.00045119865694974584,0.0,0.0,0.0,0.0,0.0,0.0,0.0,0.0,0.0,0.0,0.0,0.0,0.0,0.0006287814501259465,0.0,0.0,0.0,0.0,0.0,0.0,0.0,0.0,0.0,0.0,0.0,0.0,0.0,0.0,0.0,0.0,0.0,0.0,0.00032990823051514713
202001,0.00011011005039896603,0.0,0.0,0.0,0.0004540086883496961,0.0,0.0,0.0,0.0,0.0004546416067052399,0.0,0.0,0.0,0.0,0.0,0.0,0.0,0.0,0.0,0.0,0.0,0.0,0.0,0.0,0.0,0.003959068168090089,0.0,0.0,0.0,0.0,0.0,0.0,0.0,0.0,0.0,0.0,0.0,0.0,0.0,0.0,0.0,0.0,0.0,0.0,0.0,0.0,0.0,0.0,0.0,0.0,0.0,0.0,0.0,0.0,0.0,0.0,0.0,0.0,0.0,0.0,0.0,0.0,0.0,0.0,0.0,0.0,0.0,0.0,0.0,0.0,0.0,0.0,0.0,0.0,0.0,0.0,0.0,0.0,0.0,0.00020452075636123054,0.0,0.0,0.0,0.0,0.0,0.0,0.0,0.0,0.0,0.0,0.0,0.0,0.0,0.0006698561821489471,0.0,0.0,0.0,0.0,0.0,0.0,0.0,0.0,0.0,0.0,0.0,0.0,0.0,0.0,0.0,0.0,0.0,0.0,0.0
202002,0.0008067023510074811,0.0,0.0,0.0,0.00032005666411275533,0.0,0.0,0.0,0.0,0.0016020247034624244,0.0,0.0,0.0,0.0,0.0,0.0,0.0,0.0,0.0,0.0,0.0,0.0,0.0,0.0,0.0,0.00428865005142201,0.0,0.0,0.0,0.0,0.0,0.0,0.0,0.0,0.0,0.0,0.0,0.0,0.0,0.0,0.0,0.0,0.0,0.0,0.0,0.0,0.0,0.0,0.0,0.0,0.0,0.0,0.0,0.0,0.0,0.0,0.0,0.0,0.0,0.0,0.0,0.0,0.0,0.0,0.0,0.0,0.0,0.0,0.0,0.0,0.0,0.0,0.0,0.0,0.0,0.0,0.0,0.0,0.0,0.0,0.0,0.0,0.0,0.0,0.0,0.0,0.0,0.0,0.0,0.0,0.0,0.0,0.0,0.0012045919229332304,0.0,0.0,0.0,0.0,0.0,0.0,0.0,0.0,0.0,0.0,0.0,0.0,0.0,0.0,0.0,0.0,0.0,0.0,0.0
202003,0.0,0.0,0.0,0.0,0.0004339847727260205,0.0,0.0,0.0,0.0,0.0,0.0,0.0,0.0,0.0,0.0,0.0,0.0,0.0,0.0,0.0,0.0,0.0,0.0,0.0,0.0,0.0024407897459713893,0.0,0.0,0.0,0.0,0.0,0.0,0.0,0.0,0.0,0.0,0.0,0.0,0.0,0.0,0.0,0.0,0.0,0.0,0.0,0.0,0.0,0.0,0.0,0.0,0.0,0.0,0.0,0.0,0.0,0.0,0.0,0.0,0.0,0.0,0.0,0.0,0.0,0.0,0.0,0.0,0.0,0.0,0.0,0.0,0.0,0.0,0.0,0.0,0.0,0.0,0.0,0.0,0.0,0.0,0.0,0.0,0.0,0.0,0.0,0.0,0.0,0.0,0.0,0.0,0.0,0.0,0.0,0.0,0.0,0.0,0.0,0.0,0.0,0.0,0.0,0.0,0.0,0.0,0.0,0.0,0.0,0.0,0.0,0.0,0.0,0.0,0.0
202004,0.0,0.0,0.0,0.0,0.0012586890095053406,0.0,0.0,0.0,0.0,0.0,0.0,0.0,0.0,0.0,0.0,0.0,0.0,0.0,0.0,0.0,0.0,0.0,0.0,0.0,0.0,0.0002649488772434264,0.0,0.0,0.0,0.0,0.0,0.0,0.0,0.0,0.0,0.0,0.0,0.0,0.0,0.0,0.0,0.0,0.0,0.0,0.0,0.0,0.0,0.0,0.0,0.0,0.0,0.0,0.0,0.0,0.0,0.0,0.0,0.0,0.0,0.0,0.0,0.0,0.0,0.0,0.0,0.0,0.0,0.0,0.0,0.0,0.0,0.0,0.0,0.0,0.0,0.0,0.0,0.0,0.0,0.0,0.0,0.0,0.0,0.0,0.0,0.0,0.0,0.0,0.0,0.0,0.0,0.0,0.0,0.00036805377444178866,0.0,0.0,0.0,0.0,0.0,0.0,0.0,0.0,0.0,0.0,0.0,0.0,0.0,0.0,0.0,0.0,0.0,0.0,0.0
202005,0.0,0.0,0.0,0.0,0.0014931166627466987,0.0,0.0,0.0,0.0,0.0,0.0,0.0,0.0,0.0,0.0,0.0,0.0,0.0,0.0,0.0,0.0,0.0,0.0,0.0,0.0,0.0,0.0,0.0,0.0,0.0,0.0,0.0,0.0,0.0,0.0,0.0,0.0,0.0,0.0,0.0,0.0,0.0,0.0,0.0,0.0,0.00017728807606180527,0.0,0.0,0.0,0.0,0.0,0.0,0.0,0.0,0.0,0.0,0.0,0.0,0.0,0.0,0.0,0.0,0.0,0.0,0.0,0.0,0.0,0.0,0.0,0.0,0.0,0.0,0.0,0.0,0.0,0.0,0.0,0.0,0.0,0.0,0.0,0.0,0.0,0.0,0.0,0.0,0.0,0.0,0.0,0.0,0.0,0.0,0.0,0.00040951425652169406,0.0,0.0,0.0,0.0,0.0,0.0,0.0,0.0,0.0,0.0,0.0,0.0,0.0,0.0,0.0,0.0,0.000229658908747756,0.0,0.0
202006,0.0,0.0,0.0,0.0,0.00141969059046629,0.0,0.0,0.0,0.0,0.0,0.0,0.0,0.0,0.0,0.0,0.0,0.0,0.0,0.0,0.0,0.0,0.0,0.0,0.0,0.0,0.0,0.0,0.0,0.0,0.0,0.0,0.0,0.0,0.0,0.0,0.0,0.0,0.0,0.0,0.0,0.0,0.0,0.0,0.0,0.0,0.0001586986340130045,0.0,0.0,0.0,0.0,0.0,0.0,0.0,0.0,0.0,0.0,0.0,0.0,0.0,0.0,0.0,0.0,0.0,0.0,0.0,0.0,0.0,0.0,0.0,0.0,0.0,0.0,0.0,0.0,0.0,0.0,0.0,0.0,0.0,0.0,0.0,0.0,0.0,0.0,0.0,0.0,0.0,0.0,0.0,0.0,0.0,0.0,0.0,0.00011595572829923755,0.0,0.0,0.0,0.0,0.0,0.0,0.0,0.0,0.0,0.0,0.0,0.0,0.0,0.0,0.0,0.0,0.0,0.0,0.0
202007,0.0,0.0,0.0,0.0,0.001226226038242417,0.0,0.0,0.0,0.0,0.0,0.0,0.0,0.0,0.0,0.0,0.0,0.0,0.0,0.0,0.0,0.0,0.0,0.0,0.0,0.0,0.0,0.0,0.0,0.0,0.0,0.0,0.0,0.0,0.0,0.0,0.0,0.0,0.0,0.0,0.0,0.0,0.0,0.0,0.0,0.0,0.0007066360650229213,0.0,0.0,0.0,0.0,0.0,0.0,0.0,0.0,0.0,0.0,0.0,0.0,0.0,0.0,0.0,0.0,0.0,0.0,0.0,0.0,0.0,0.0,0.0,0.0,0.0,0.0,0.0,0.0,0.0,0.0,0.0,0.0,0.0,0.0,0.0,0.0,0.0,0.0,0.0,0.0,0.0,0.0,0.0,0.0,0.0,0.0,0.0,0.0,0.0,0.0,0.0,0.0,0.0,0.0,0.0,4.8487624023687214e-05,0.0,0.0,0.0,0.0,0.0,0.0,0.0,0.0,0.00036700832202353104,0.0,0.0
202008,0.0,0.0,0.0,0.0,0.0010608721773949215,0.0,0.0,0.0,0.0,0.0,0.0,0.0,0.0,0.0,0.0,0.0,0.0,0.0,0.0,0.0,0.0,0.0,0.0,0.0,0.0,0.0,0.0,0.0,0.0,0.0,0.0,0.0,0.0,0.0,0.0,0.0,0.0,0.0,0.0,0.0,0.0,0.0,0.0,0.0,0.0,0.0005385512338666041,0.0,0.0,0.0011565061681060318,0.0,0.0,0.0,0.0,0.0,0.0,0.0,0.0,0.0,0.0,0.0,0.0,0.0,0.0,0.0,0.0,0.0020529690990782144,0.0,0.0,0.0,0.0,0.0,0.0,0.0,0.0,0.0,0.0,0.0,0.0,0.0,0.0,0.0,0.0,0.0,0.0,0.0,0.0,0.0,0.0,0.0,0.0,0.0,0.0,0.0,0.0,0.0,0.0,0.0,0.0,0.0,0.0,0.0,0.0,0.0,0.0,0.0,0.0,0.0,0.0,0.0,0.0,0.0005996971897366724,0.0,0.0
202009,0.0,0.0,0.0,0.0,0.0006737991036359345,0.0,0.0,0.0,0.0,0.0,0.0,0.0,0.0,0.0,0.0,0.0,0.0,0.0,0.0,0.0,0.0,0.0,0.0,0.0,0.0,0.0,0.0,0.0,0.0,0.0,0.0,0.0,0.0,0.0,0.0,0.0,0.0,0.0,0.0,0.0,0.0,0.0,0.0,0.0,0.0,0.0012620533336991802,0.0,0.0,0.0017940094818421314,0.0,0.0,0.0,0.0,0.0,0.0,0.0,0.0,0.0,0.0,0.0,0.0,0.0,0.0,0.0,0.0,0.0022655604758050982,0.0,0.0,0.0,0.0,0.0,0.0,0.0,0.0,0.0,0.0,0.0,0.0,0.0,0.0,0.0,0.0,0.0,0.0,0.0,0.0,0.0,0.0,0.0,0.0,0.0,0.0,0.0,0.0,0.0,0.0,0.0,0.0,0.0,0.0,0.0,0.00021919814398526594,0.0,0.0,0.0,0.0,0.0,0.0,0.0,0.0,0.0008673129868083262,0.0,0.0
202010,0.0,0.0,0.0,0.0,0.0006649389425790274,0.0,0.0,0.0,0.0,0.0,0.0,0.0,0.0,0.0,0.0,0.0,0.0,0.0,0.0,0.0,0.0,0.0,0.0,0.0,0.0,0.0,0.0,0.0,0.0,0.0,0.0,0.0,0.0,0.0,0.0,0.0,0.0,0.0,0.0,0.0,0.0,0.0,0.0,0.0,0.0,0.0009167388697080251,0.0,0.0,0.001571117000655912,0.0,0.0,0.0,0.0,0.0,0.0,0.0,0.0,0.0,0.0,0.0,0.0,0.0,0.0,0.0,0.0,0.002576712264558999,0.0,0.0,0.0,0.0,0.0,0.0,0.0,0.0,0.0,0.0,0.0,0.0,0.0,0.0,0.0,0.0,0.0,0.0,0.0,0.0,0.0,0.0,0.0,0.0,0.0,0.0,0.0,0.0,0.0,0.0,0.0,0.0,0.0,0.0,0.0,0.00037311513628482786,0.0,0.0,0.0,0.0,0.0,0.0,0.0,0.0,0.0003247206459201627,0.0,0.0
202011,0.0,0.0,0.0,0.0,0.0005290157495732343,0.0,0.0,0.0,0.0,0.0,0.0,0.0,0.0,0.0,0.0,0.0,0.0,0.0,0.0,0.0,0.0,0.0,0.0,0.0,0.0,0.0,0.0,0.0,0.0,0.0,0.0,0.0,0.0,0.0,0.0,0.0,0.0,0.0,0.0,0.0,0.0,0.0,0.0,0.0,0.0,0.0012565057187099167,0.0,0.0,0.0011640019921938178,0.0,0.0,0.0,0.0,0.0,0.0,0.0,0.0,0.0,0.0,0.0,0.0,0.0,0.0,0.0,0.0,0.002110916173071497,0.0,0.0,0.0,0.0,0.0,0.0,0.0,0.0,0.0,0.0,0.0,0.0,0.0,0.0,0.0,0.0,0.0,0.0,0.0,0.0,0.0,0.0,0.0,0.0,0.0,0.0,0.0,0.0,0.0,0.0,0.0,0.0,0.0,0.0,0.0,5.050133846375361e-05,0.0,0.0,0.0,0.0,0.0,0.0,0.0,0.0,0.0006025305544148244,0.0,0.0
202012,0.0,0.0,0.0,0.0,0.0005671577464332179,0.0,0.0,0.0,0.0,0.0,0.0,0.0,0.0,0.0,0.0,0.0,0.0,0.0,0.0,0.0,0.0,0.0,0.0,0.0,0.0,0.0,0.0,0.0,0.0,0.0,0.0,0.0,0.0,0.0,0.0,0.0,0.0,0.0,0.0,0.0,0.0,0.0,0.0,0.0,0.0,0.00041831136822434255,0.0,0.0,0.0006511331766250085,0.0,0.0,0.0,0.0,0.0,0.0,0.0,0.0,0.0,0.0,0.0,0.0,0.0,0.0,0.0,0.0,0.0014691611474882086,0.0,0.0,0.0,0.0,0.0,0.0,0.0,0.0,0.0,0.0,0.0,0.0,0.0,0.0,0.0,0.0,0.0,0.0,0.0,0.0,0.0,0.0,0.0,0.0,0.0,0.0,0.0,0.0,0.0,0.0,0.0,0.0,0.0,0.0,0.0,0.0,0.0,0.0,0.0,0.0,0.0,0.0,0.0,0.0,0.0007723407545951926,0.0,0.0
202101,0.0,0.0,0.0,0.0,0.0,0.0,0.0,0.0,0.0,0.0,0.0,0.0,0.0,0.0,0.0,0.0,0.0,0.0,0.0,0.0,0.0,0.0,0.0,0.0,0.0,0.0,0.0,0.0,0.0,0.0,0.0,0.0,0.0,0.0,0.0,0.0,0.0,0.0,0.0,0.0,0.0,0.0,0.0,0.0,0.0,0.0,0.0,0.0,0.0,0.0,0.0,0.0,0.0,0.0,0.0,0.0,0.0,0.0,0.0,0.0,0.0,0.0,0.0,0.0,0.0,0.0,0.0,0.0,0.0,0.0,0.0,0.0,0.0,0.0,0.0,0.0,0.0,0.0,0.0,0.0,0.0,0.0,0.0,0.0,0.0,0.0,0.0,0.0,0.0,0.0,0.0,0.0,0.0,0.0,0.0,0.0,0.0,0.0,0.0,0.0,0.0,0.0,0.0,0.0,0.0,0.0,0.0,0.0,0.0,0.0,0.0,0.0,0.0
202102,0.0,0.0,0.0,0.0,0.0,0.0,0.0,0.0,0.0,0.0,0.0,0.0,0.0,0.0,0.0,0.0,0.0,0.0,0.0,0.0,0.0,0.0,0.0,0.0,0.0,0.0,0.0,0.0,0.0,0.0,0.0,0.0,0.0,0.0,0.0,0.0,0.0,0.0,0.0,0.0,0.0,0.0,0.0,0.0,0.0,0.0,0.0,0.0,0.0,0.0,0.0,0.0,0.0,0.0,0.0,0.0,0.0,0.0,0.0,0.0,0.0,0.0,0.0,0.0,0.0,0.0,0.0,0.0,0.0,0.0,0.0,0.0,0.0,0.0,0.0,0.0,0.0,0.0,0.0,0.0,0.0,0.0,0.0,0.0,0.0,0.0,0.0,0.0,0.0,0.0,0.0,0.0,0.0,0.0,0.0,0.0,0.0,0.0,0.0,0.0,0.0,0.0,0.0,0.0,0.0,0.0,0.0,0.0,0.0,0.0,0.0,0.0,0.0
202103,0.0,0.0,0.0,0.0,0.0,0.0,0.0,0.0,0.0,0.0,0.0,0.0,0.0,0.0,0.0,0.0,0.0,0.0,0.0,0.0,0.0,0.0,0.0,0.0,0.0,0.0,0.0,0.0,0.0,0.0,0.0,0.0,0.0,0.0,0.0,0.0,0.0,0.0,0.0,0.0,0.0,0.0,0.0,0.0,0.0,0.0,0.0,0.0,0.0,0.0,0.0,0.0,0.0,0.0,0.0,0.0,0.0,0.0,0.0,0.0,0.0,0.0,0.0,0.0,0.0,0.0,0.0,0.0,0.0,0.0,0.0,0.0,0.0,0.0,0.0,0.0,0.0,0.0,0.0,0.0,0.0,0.0,0.0,0.0,0.0,0.0,0.0,0.0,0.0,0.0,0.0,0.0,0.0,0.0,0.0,0.0,0.0,0.0,0.0,0.0,0.0,0.0,0.0,0.0,0.0,0.0,0.0,0.0,0.0,0.0,0.0,0.0,0.0
202104,0.0,0.0,0.0,0.0,0.0,0.0,0.0,0.0,0.0,0.0,0.0,0.0,0.0,0.0,0.0,0.0,0.0,0.0,0.0,0.0,0.0,0.0,0.0,0.0,0.0,0.0,0.0,0.0,0.0,0.0,0.0,0.0,0.0,0.0,0.0,0.0,0.0,0.0,0.0,0.0,0.0,0.0,0.0,0.0,0.0,0.0,0.0,0.0,0.0,0.0,0.0,0.0,0.0,0.0,0.0,0.0,0.0,0.0,0.0,0.0,0.0,0.0,0.0,0.0,0.0,0.0,0.0,0.0,0.0,0.0,0.0,0.0,0.0,0.0,0.0,0.0,0.0,0.0,0.0,0.0,0.0,0.0,0.0,0.0,0.0,0.0,0.0,0.0,0.0,0.0,0.0,0.0,0.0,0.0,0.0,0.0,0.0,0.0,0.0,0.0,0.0,0.0,0.0,0.0,0.0,0.0,0.0,0.0,0.0,0.0,0.0,0.0,0.0
202105,0.0,0.0,0.0,0.0,0.0,0.0,0.0,0.0,0.0,0.0,0.0,0.0,0.0,0.0,0.0,0.0,0.0,0.0,0.0,0.0,0.0,0.0,0.0,0.0,0.0,0.0,0.0,0.0,0.0,0.0,0.0,0.0,0.0,0.0,0.0,0.0,0.0,0.0,0.0,0.0,0.0,0.0,0.0,0.0,0.0,0.0,0.0,0.0,0.0,0.0,0.0,0.0,0.0,0.0,0.0,0.0,0.0,0.0,0.0,0.0,0.0,0.0,0.0,0.0,0.0,0.0,0.0,0.0,0.0,0.0,0.0,0.0,0.0,0.0,0.0,0.0,0.0,0.0,0.0,0.0,0.0,0.0,0.0,0.0,0.0,0.0,0.0,0.0,0.0,0.0,0.0,0.0,0.0,0.0,0.0,0.0,0.0,0.0,0.0,0.0,0.0,0.0,0.0,0.0,0.0,0.0,0.0,0.0,0.0,0.0,0.0,0.0,0.0
202106,0.0,0.0,0.0,0.0,0.0,0.0,0.0,0.0,0.0,0.0,0.0,0.0,0.0,0.0,0.0,0.0,0.0,0.0,0.0,0.0,0.0,0.0,0.0,0.0,0.0,0.0,0.0,0.0,0.0,0.0,0.0,0.0,0.0,0.0,0.0,0.0,0.0,0.0,0.0,0.0,0.0,0.0,0.0,0.0,0.0,0.0,0.0,0.0,0.0,0.0,0.0,0.0,0.0,0.0,0.0,0.0,0.0,0.0,0.0,0.0,0.0,0.0,0.0,0.0,0.0,0.0,0.0,0.0,0.0,0.0,0.0,0.0,0.0,0.0,0.0,0.0,0.0,0.0,0.0,0.0,0.0,0.0,0.0,0.0,0.0,0.0,0.0,0.0,0.0,0.0,0.0,0.0,0.0,0.0,0.0,0.0,0.0,0.0,0.0,0.0,0.0,0.0,0.0,0.0,0.0,0.0,0.0,0.0,0.0,0.0,0.0,0.0,0.0
202107,0.0,0.0,0.0,0.0,0.0,0.0,0.0,0.0,0.0,0.0,0.0,0.0,0.0,0.0,0.0,0.0,0.0,0.0,0.0,0.0,0.0,0.0,0.0,0.0,0.0,0.0,0.0,0.0,0.0,0.0,0.0,0.0,0.0,0.0,0.0,0.0,0.0,0.0,0.0,0.0,0.0,0.0,0.0,0.0,0.0,0.0,0.0,0.0,0.0,0.0,0.0,0.0,0.0,0.0,0.0,0.0,0.0,0.0,0.0,0.0,0.0,0.0,0.0,0.0,0.0,0.0,0.0,0.0,0.0,0.0,0.0,0.0,0.0,0.0,0.0,0.0,0.0,0.0,0.0,0.0,0.0,0.0,0.0,0.0,0.0,0.0,0.0,0.0,0.0,0.0,0.0,0.0,0.0,0.0,0.0,0.0,0.0,0.0,0.0,0.0,0.0,0.0,0.0,0.0,0.0,0.0,0.0,0.0,0.0,0.0,0.0,0.0,0.0
202108,0.0,0.0,0.0,0.0,0.0,0.0,0.0,0.0,0.0,0.0,0.0,0.0,0.0,0.0,0.0,0.0,0.0,0.0,0.0,0.0,0.0,0.0,0.0,0.0,0.0,0.0,0.0,0.0,0.0,0.0,0.0,0.0,0.0,0.0,0.0,0.0,0.0,0.0,0.0,0.0,0.0,0.0,0.0,0.0,0.0,0.0,0.0,0.0,0.0,0.0,0.0,0.0,0.0,0.0,0.0,0.0,0.0,0.0,0.0,0.0,0.0,0.0,0.0,0.0,0.0,0.0,0.0,0.0,0.0,0.0,0.0,0.0,0.0,0.0,0.0,0.0,0.0,0.0,0.0,0.0,0.0,0.0,0.0,0.0,0.0,0.0,0.0,0.0,0.0,0.0,0.0,0.0,0.0,0.0,0.0,0.0,0.0,0.0,0.0,0.0,0.0,0.0,0.0,0.0,0.0,0.0,0.0,0.0,0.0,0.0,0.0,0.0,0.0
202109,0.0,0.0,0.0,0.0,0.0,0.0,0.0,0.0,0.0,0.0,0.0,0.0,0.0,0.0,0.0,0.0,0.0,0.0,0.0,0.0,0.0,0.0,0.0,0.0,0.0,0.0,0.0,0.0,0.0,0.0,0.0,0.0,0.0,0.0,0.0,0.0,0.0,0.0,0.0,0.0,0.0,0.0,0.0,0.0,0.0,0.0,0.0,0.0,0.0,0.0,0.0,0.0,0.0,0.0,0.0,0.0,0.0,0.0,0.0,0.0,0.0,0.0,0.0,0.0,0.0,0.0,0.0,0.0,0.0,0.0,0.0,0.0,0.0,0.0,0.0,0.0,0.0,0.0,0.0,0.0,0.0,0.0,0.0,0.0,0.0,0.0,0.0,0.0,0.0,0.0,0.0,0.0,0.0,0.0,0.0,0.0,0.0,0.0,0.0,0.0,0.0,0.0,0.0,0.0,0.0,0.0,0.0,0.0,0.0,0.0,0.0,0.0,0.0
202110,0.0,0.0,0.0,0.0,0.0,0.0,0.0,0.0,0.0,0.0,0.0,0.0,0.0,0.0,0.0,0.0,0.0,0.0,0.0,0.0,0.0,0.0,0.0,0.0,0.0,0.0,0.0,0.0,0.0,0.0,0.0,0.0,0.0,0.0,0.0,0.0,0.0,0.0,0.0,0.0,0.0,0.0,0.0,0.0,0.0,0.0,0.0,0.0,0.0,0.0,0.0,0.0,0.0,0.0,0.0,0.0,0.0,0.0,0.0,0.0,0.0,0.0,0.0,0.0,0.0,0.0,0.0,0.0,0.0,0.0,0.0,0.0,0.0,0.0,0.0,0.0,0.0,0.0,0.0,0.0,0.0,0.0,0.0,0.0,0.0,0.0,0.0,0.0,0.0,0.0,0.0,0.0,0.0,0.0,0.0,0.0,0.0,0.0,0.0,0.0,0.0,0.0,0.0,0.0,0.0,0.0,0.0,0.0,0.0,0.0,0.0,0.0,0.0
202111,0.0,0.0,0.0,0.0,0.0,0.0,0.0,0.0,0.0,0.0,0.0,0.0,0.0,0.0,0.0,0.0,0.0,0.0,0.0,0.0,0.0,0.0,0.0,0.0,0.0,0.0,0.0,0.0,0.0,0.0,0.0,0.0,0.0,0.0,0.0,0.0,0.0,0.0,0.0,0.0,0.0,0.0,0.0,0.0,0.0,0.0,0.0,0.0,0.0,0.0,0.0,0.0,0.0,0.0,0.0,0.0,0.0,0.0,0.0,0.0,0.0,0.0,0.0,0.0,0.0,0.0,0.0,0.0,0.0,0.0,0.0,0.0,0.0,0.0,0.0,0.0,0.0,0.0,0.0,0.0,0.0,0.0,0.0,0.0,0.0,0.0,0.0,0.0,0.0,0.0,0.0,0.0,0.0,0.0,0.0,0.0,0.0,0.0,0.0,0.0,0.0,0.0,0.0,0.0,0.0,0.0,0.0,0.0,0.0,0.0,0.0,0.0,0.0
202112,0.0,0.0,0.0,0.0,0.0,0.0,0.0,0.0,0.0,0.0,0.0,0.0,0.0,0.0,0.0,0.0,0.0,0.0,0.0,0.0,0.0,0.0,0.0,0.0,0.0,0.0,0.0,0.0,0.0,0.0,0.0,0.0,0.0,0.0,0.0,0.0,0.0,0.0,0.0,0.0,0.0,0.0,0.0,0.0,0.0,0.0,0.0,0.0,0.0,0.0,0.0,0.0,0.0,0.0,0.0,0.0,0.0,0.0,0.0,0.0,0.0,0.0,0.0,0.0,0.0,0.0,0.0,0.0,0.0,0.0,0.0,0.0,0.0,0.0,0.0,0.0,0.0,0.0,0.0,0.0,0.0,0.0,0.0,0.0,0.0,0.0,0.0,0.0,0.0,0.0,0.0,0.0,0.0,0.0,0.0,0.0,0.0,0.0,0.0,0.0,0.0,0.0,0.0,0.0,0.0,0.0,0.0,0.0,0.0,0.0,0.0,0.0,0.0
202201,0.0,0.0,0.0,0.0,0.0,0.0,0.0,0.0,0.0,0.0,0.0,0.0,0.0,0.0,0.0,0.0,0.0,0.0,0.0,0.0,0.0,0.0,0.0,0.0,0.0,0.0,0.0,0.0,0.0,0.0,0.0,0.0,0.0,0.0,0.0,0.0,0.0,0.0,0.0,0.0,0.0,0.0,0.0,0.0,0.0,0.0,0.0,0.0,0.0,0.0,0.0,0.0,0.0,0.0,0.0,0.0,0.0,0.0,0.0,0.0,0.0,0.0,0.0,0.0,0.0,0.0,0.0,0.0,0.0,0.0,0.0,0.0,0.0,0.0,0.0,0.0,0.0,0.0,0.0,0.0,0.0,0.0,0.0,0.0,0.0,0.0,0.0,0.0,0.0,0.0,0.0,0.0,0.0,0.0,0.0,0.0,0.0,0.0,0.0,0.0,0.0,0.0,0.0,0.0,0.0,0.0,0.0,0.0,0.0,0.0,0.0,0.0,0.0
202202,0.0,0.0,0.0,0.0,0.0,0.0,0.0,0.0,0.0,0.0,0.0,0.0,0.0,0.0,0.0,0.0,0.0,0.0,0.0,0.0,0.0,0.0,0.0,0.0,0.0,0.0,0.0,0.0,0.0,0.0,0.0,0.0,0.0,0.0,0.0,0.0,0.0,0.0,0.0,0.0,0.0,0.0,0.0,0.0,0.0,0.0,0.0,0.0,0.0,0.0,0.0,0.0,0.0,0.0,0.0,0.0,0.0,0.0,0.0,0.0,0.0,0.0,0.0,0.0,0.0,0.0,0.0,0.0,0.0,0.0,0.0,0.0,0.0,0.0,0.0,0.0,0.0,0.0,0.0,0.0,0.0,0.0,0.0,0.0,0.0,0.0,0.0,0.0,0.0,0.0,0.0,0.0,0.0,0.0,0.0,0.0,0.0,0.0,0.0,0.0,0.0,0.0,0.0,0.0,0.0,0.0,0.0,0.0,0.0,0.0,0.0,0.0,0.0
202203,0.0,0.0,0.0,0.0,0.0,0.0,0.0,0.0,0.0,0.0,0.0,0.0,0.0,0.0,0.0,0.0,0.0,0.0,0.0,0.0,0.0,0.0,0.0,0.0,0.0,0.0,0.0,0.0,0.0,0.0,0.0,0.0,0.0,0.0,0.0,0.0,0.0,0.0,0.0,0.0,0.0,0.0,0.0,0.0,0.0,0.0,0.0,0.0,0.0,0.0,0.0,0.0,0.0,0.0,0.0,0.0,0.0,0.0,0.0,0.0,0.0,0.0,0.0,0.0,0.0,0.0,0.0,0.0,0.0,0.0,0.0,0.0,0.0,0.0,0.0,0.0,0.0,0.0,0.0,0.0,0.0,0.0,0.0,0.0,0.0,0.0,0.0,0.0,0.0,0.0,0.0,0.0,0.0,0.0,0.0,0.0,0.0,0.0,0.0,0.0,0.0,0.0,0.0,0.0,0.0,0.0,0.0,0.0,0.0,0.0,0.0,0.0,0.0
202204,0.0,0.0,0.0,0.0,0.0,0.0,0.0,0.0,0.0,0.0,0.0,0.0,0.0,0.0,0.0,0.0,0.0,0.0,0.0,0.0,0.0,0.0,0.0,0.0,0.0,0.0,0.0,0.0,0.0,0.0,0.0,0.0,0.0,0.0,0.0,0.0,0.0,0.0,0.0,0.0,0.0,0.0,0.0,0.0,0.0,0.0,0.0,0.0,0.0,0.0,0.0,0.0,0.0,0.0,0.0,0.0,0.0,0.0,0.0,0.0,0.0,0.0,0.0,0.0,0.0,0.0,0.0,0.0,0.0,0.0,0.0,0.0,0.0,0.0,0.0,0.0,0.0,0.0,0.0,0.0,0.0,0.0,0.0,0.0,0.0,0.0,0.0,0.0,0.0,0.0,0.0,0.0,0.0,0.0,0.0,0.0,0.0,0.0,0.0,0.0,0.0,0.0,0.0,0.0,0.0,0.0,0.0,0.0,0.0,0.0,0.0,0.0,0.0
202205,0.0,0.0,0.0,0.0,0.0,0.0,0.0,0.0,0.0,0.0,0.0,0.0,0.0,0.0,0.0,0.0,0.0,0.0,0.0,0.0,0.0,0.0,0.0,0.0,0.0,0.0,0.0,0.0,0.0,0.0,0.0,0.0,0.0,0.0,0.0,0.0,0.0,0.0,0.0,0.0,0.0,0.0,0.0,0.0,0.0,0.0,0.0,0.0,0.0,0.0,0.0,0.0,0.0,0.0,0.0,0.0,0.0,0.0,0.0,0.0,0.0,0.0,0.0,0.0,0.0,0.0,0.0,0.0,0.0,0.0,0.0,0.0,0.0,0.0,0.0,0.0,0.0,0.0,0.0,0.0,0.0,0.0,0.0,0.0,0.0,0.0,0.0,0.0,0.0,0.0,0.0,0.0,0.0,0.0,0.0,0.0,0.0,0.0,0.0,0.0,0.0,0.0,0.0,0.0,0.0,0.0,0.0,0.0,0.0,0.0,0.0,0.0,0.0
202206,0.0,0.0,0.0,0.0,0.0,0.0,0.0,0.0,0.0,0.0,0.0,0.0,0.0,0.0,0.0,0.0,0.0,0.0,0.0,0.0,0.0,0.0,0.0,0.0,0.0,0.0,0.0,0.0,0.0,0.0,0.0,0.0,0.0,0.0,0.0,0.0,0.0,0.0,0.0,0.0,0.0,0.0,0.0,0.0,0.0,0.0,0.0,0.0,0.0,0.0,0.0,0.0,0.0,0.0,0.0,0.0,0.0,0.0,0.0,0.0,0.0,0.0,0.0,0.0,0.0,0.0,0.0,0.0,0.0,0.0,0.0,0.0,0.0,0.0,0.0,0.0,0.0,0.0,0.0,0.0,0.0,0.0,0.0,0.0,0.0,0.0,0.0,0.0,0.0,0.0,0.0,0.0,0.0,0.0,0.0,0.0,0.0,0.0,0.0,0.0,0.0,0.0,0.0,0.0,0.0,0.0,0.0,0.0,0.0,0.0,0.0,0.0,0.0
202207,0.0,0.0,0.0,0.0,0.0,0.0,0.0,0.0,0.0,0.0,0.0,0.0,0.0,0.0,0.0,0.0,0.0,0.0,0.0,0.0,0.0,0.0,0.0,0.0,0.0,0.0,0.0,0.0,0.0,0.0,0.0,0.0,0.0,0.0,0.0,0.0,0.0,0.0,0.0,0.0,0.0,0.0,0.0,0.0,0.0,0.0,0.0,0.0,0.0,0.0,0.0,0.0,0.0,0.0,0.0,0.0,0.0,0.0,0.0,0.0,0.0,0.0,0.0,0.0,0.0,0.0,0.0,0.0,0.0,0.0,0.0,0.0,0.0,0.0,0.0,0.0,0.0,0.0,0.0,0.0,0.0,0.0,0.0,0.0,0.0,0.0,0.0,0.0,0.0,0.0,0.0,0.0,0.0,0.0,0.0,0.0,0.0,0.0,0.0,0.0,0.0,0.0,0.0,0.0,0.0,0.0,0.0,0.0,0.0,0.0,0.0,0.0,0.0
202208,0.0,0.0,0.0,0.0,0.0,0.0,0.0,0.0,0.0,0.0,0.0,0.0,0.0,0.0,0.0,0.0,0.0,0.0,0.0,0.0,0.0,0.0,0.0,0.0,0.0,0.0,0.0,0.0,0.0,0.0,0.0,0.0,0.0,0.0,0.0,0.0,0.0,0.0,0.0,0.0,0.0,0.0,0.0,0.0,0.0,0.0,0.0,0.0,0.0,0.0,0.0,0.0,0.0,0.0,0.0,0.0,0.0,0.0,0.0,0.0,0.0,0.0,0.0,0.0,0.0,0.0,0.0,0.0,0.0,0.0,0.0,0.0,0.0,0.0,0.0,0.0,0.0,0.0,0.0,0.0,0.0,0.0,0.0,0.0,0.0,0.0,0.0,0.0,0.0,0.0,0.0,0.0,0.0,0.0,0.0,0.0,0.0,0.0,0.0,0.0,0.0,0.0,0.0,0.0,0.0,0.0,0.0,0.0,0.0,0.0,0.0,0.0,0.0
202209,0.0,0.0,0.0,0.0,0.0,0.0,0.0,0.0,0.0,0.0,0.0,0.0,0.0,0.0,0.0,0.0,0.0,0.0,0.0,0.0,0.0,0.0,0.0,0.0,0.0,0.0,0.0,0.0,0.0,0.0,0.0,0.0,0.0,0.0,0.0,0.0,0.0,0.0,0.0,0.0,0.0,0.0,0.0,0.0,0.0,0.0,0.0,0.0,0.0,0.0,0.0,0.0,0.0,0.0,0.0,0.0,0.0,0.0,0.0,0.0,0.0,0.0,0.0,0.0,0.0,0.0,0.0,0.0,0.0,0.0,0.0,0.0,0.0,0.0,0.0,0.0,0.0,0.0,0.0,0.0,0.0,0.0,0.0,0.0,0.0,0.0,0.0,0.0,0.0,0.0,0.0,0.0,0.0,0.0,0.0,0.0,0.0,0.0,0.0,0.0,0.0,0.0,0.0,0.0,0.0,0.0,0.0,0.0,0.0,0.0,0.0,0.0,0.0
202210,0.0,0.0,0.0,0.0,0.0,0.0,0.0,0.0,0.0,0.0,0.0,0.0,0.0,0.0,0.0,0.0,0.0,0.0,0.0,0.0,0.0,0.0,0.0,0.0,0.0,0.0,0.0,0.0,0.0,0.0,0.0,0.0,0.0,0.0,0.0,0.0,0.0,0.0,0.0,0.0,0.0,0.0,0.0,0.0,0.0,0.0,0.0,0.0,0.0,0.0,0.0,0.0,0.0,0.0,0.0,0.0,0.0,0.0,0.0,0.0,0.0,0.0,0.0,0.0,0.0,0.0,0.0,0.0,0.0,0.0,0.0,0.0,0.0,0.0,0.0,0.0,0.0,0.0,0.0,0.0,0.0,0.0,0.0,0.0,0.0,0.0,0.0,0.0,0.0,0.0,0.0,0.0,0.0,0.0,0.0,0.0,0.0,0.0,0.0,0.0,0.0,0.0,0.0,0.0,0.0,0.0,0.0,0.0,0.0,0.0,0.0,0.0,0.0
202211,0.0,0.0,0.0,0.0,0.0,0.0,0.0,0.0,0.0,0.0,0.0,0.0,0.0,0.0,0.0,0.0,0.0,0.0,0.0,0.0,0.0,0.0,0.0,0.0,0.0,0.0,0.0,0.0,0.0,0.0,0.0,0.0,0.0,0.0,0.0,0.0,0.0,0.0,0.0,0.0,0.0,0.0,0.0,0.0,0.0,0.0,0.0,0.0,0.0,0.0,0.0,0.0,0.0,0.0,0.0,0.0,0.0,0.0,0.0,0.0,0.0,0.0,0.0,0.0,0.0,0.0,0.0,0.0,0.0,0.0,0.0,0.0,0.0,0.0,0.0,0.0,0.0,0.0,0.0,0.0,0.0,0.0,0.0,0.0,0.0,0.0,0.0,0.0,0.0,0.0,0.0,0.0,0.0,0.0,0.0,0.0,0.0,0.0,0.0,0.0,0.0,0.0,0.0,0.0,0.0,0.0,0.0,0.0,0.0,0.0,0.0,0.0,0.0
202212,0.0,0.0,0.0,0.0,0.0,0.0,0.0,0.0,0.0,0.0,0.0,0.0,0.0,0.0,0.0,0.0,0.0,0.0,0.0,0.0,0.0,0.0,0.0,0.0,0.0,0.0,0.0,0.0,0.0,0.0,0.0,0.0,0.0,0.0,0.0,0.0,0.0,0.0,0.0,0.0,0.0,0.0,0.0,0.0,0.0,0.0,0.0,0.0,0.0,0.0,0.0,0.0,0.0,0.0,0.0,0.0,0.0,0.0,0.0,0.0,0.0,0.0,0.0,0.0,0.0,0.0,0.0,0.0,0.0,0.0,0.0,0.0,0.0,0.0,0.0,0.0,0.0,0.0,0.0,0.0,0.0,0.0,0.0,0.0,0.0,0.0,0.0,0.0,0.0,0.0,0.0,0.0,0.0,0.0,0.0,0.0,0.0,0.0,0.0,0.0,0.0,0.0,0.0,0.0,0.0,0.0,0.0,0.0,0.0,0.0,0.0,0.0,0.0
202301,0.025175106157774695,0.0030253204237000245,0.002403895779271317,0.00015254619339884537,0.005117520069226825,4.2460286849066185e-05,0.00442403340309766,0.0030769007311738012,0.005019679258845864,0.0063428997200906554,0.0002659553105136623,0.0020486072786614793,0.000864765672254301,0.0036743855475588542,0.004127128017272324,0.004146971415790769,0.004050380779087958,0.00823781480915938,0.0035136322748786815,0.003066113102689497,0.0006658199442307737,0.002191040776089904,0.0005173242505170295,0.0013461990775094812,0.0023559469810824035,0.012275785974214066,0.002518864328192235,0.001078199108601601,0.0020878610525498346,0.0024063396195948663,0.0004868977869851314,0.0039064337248616915,0.0002740833633132139,0.0001754071189940437,0.005988519388295188,0.0035558191774399043,0.0,0.003938976093973453,0.005732449819476134,8.210064355330885e-05,0.0013787211021046085,0.0006076421371387505,0.00010853095885219261,0.004418976179607136,0.005883021461970961,0.005258785855119373,0.001009884973378447,0.0,0.0008116464490162849,0.007915295944259583,0.0007163769514080674,0.001860418582212402,0.005340146900117065,0.005898918328176991,0.00025515962393252547,0.009756216475799535,0.003895137682067325,0.010205715210015632,8.018427486143204e-05,0.0010010634808215572,0.0034036905592025606,0.00046956226148395095,0.0,0.004054488316597514,0.0046120095413257345,0.005968671399816194,0.007727767000472313,0.0,0.002899960395051857,0.0069474782177046425,0.0043770234161311615,0.004282794940693588,0.003516107747276599,0.0007744117809059432,0.003908264865537742,0.0005899672479372823,0.0015297668558195742,0.005804548218322721,0.0012018225846216614,0.005316033080087837,0.0036051451272249312,0.002193185803706103,0.003303925601845804,0.0026767505269953925,0.008922919170215636,0.0014607024856024607,0.0015838291410972928,0.005263995547797095,0.00273006180604878,0.000276093026700118,0.002533294148728942,0.002879267714089353,0.0007076549160506761,0.003865655563043099,0.001915369537971819,0.0006296301532753755,0.008493344747057008,0.0017388629975486458,0.0011993005066626697,0.0013126554608299337,0.004326141652529551,0.007267881478712381,0.0012207522360815468,0.0013719796941119148,0.0052794924856209655,0.0018867913603867127,0.0028810411785156064,0.0,0.000271484976912038,0.0022318565714157497,0.007567017480297268,0.002912216210538826,0.0037464485089164995
202302,0.02430122615498358,0.002757715141412903,0.0024412538533260556,0.00029039226055632076,0.004891949780640828,0.00023288954089561794,0.004270690493803036,0.0030879232686444194,0.0045626979988701065,0.0064658894548803,0.0,0.002288171356042781,0.0012908098644627288,0.0037107087944692374,0.0036188727866798306,0.003909178294012146,0.003809387548549779,0.007799451861546141,0.0037818871535732503,0.0032091031728478728,0.0007888993507516721,0.0024007204361616344,0.000500151733604424,0.001015778938263034,0.002356254627166372,0.011601399074688842,0.002781373386474204,0.0012394377037968194,0.0022583702853082124,0.0022165262087680275,0.0010104681707072956,0.003896628124854591,0.00014206598656822493,0.00039104804564275126,0.00705202963733423,0.0033603127309301557,0.0,0.004013442572129117,0.005613370484755334,0.00011817456272506703,0.001223913475993069,0.0007949772144501689,6.956320118017648e-05,0.004903392406850217,0.005357614232341309,0.0053881858198081166,0.0007595131685925082,0.0,0.0006688967014137665,0.008553516281836102,0.0,0.001963493146382419,0.005837098566699375,0.005799669690741478,0.0005182321418016229,0.00972801211858572,0.004119593985894832,0.00998916573548437,0.0,0.0008330655904378408,0.0035127179324123915,0.0007611302983383704,0.0,0.00393926724475438,0.0045544648476210925,0.006281657568198013,0.007926600675717363,0.00019014085049030656,0.0031754623480704756,0.007194948075101523,0.004129316258539332,0.004118164858535999,0.0034895981208420096,0.000991782203688558,0.0033349875654100367,0.0005036492817872781,0.0015818647771393775,0.006261991924549769,0.0015669948600533128,0.0050321545587795335,0.0034854413223521065,0.0024083678887341997,0.00339538669819183,0.0026886459353554605,0.008724760558530945,0.001356888260732376,0.001543924796497312,0.005808911590219966,0.0028216992099322617,0.0005776920148787197,0.002706136770901383,0.002805794984129644,0.00048092185170737345,0.0034820558790907784,0.0019444741490480802,0.0003061142983697012,0.009890218229398682,0.001567613362572938,0.0011011866774522751,0.0013753295038581737,0.00435050884989388,0.007428735443612242,0.001071324844137858,0.0010020419131060974,0.005185250292849768,0.0020505983525837958,0.003063151026617164,0.00031394605681963044,0.000671263195216028,0.00212883192935809,0.007123819080222827,0.002267689254127279,0.004500175634321067
202303,0.025357874392880262,0.0027683627494011075,0.0022567495877511084,0.00040276352150805874,0.004776085081499195,5.677313231836722e-05,0.004637392249109355,0.0034741885581911713,0.0047834807788712675,0.006630653711141859,0.0,0.0029780730293673574,0.0012062592739308128,0.00363739646854031,0.0031422459707942615,0.003811580008710352,0.00345696161465878,0.008327142417571817,0.003560905904006987,0.0035808908834762732,0.0012032510904275177,0.00210756204945061,0.0006288398272259608,0.0007966747288973883,0.0023017949770714552,0.01120179118165862,0.0027650252534575505,0.0009312722003602997,0.0018823771740233732,0.0019681156604068354,0.0005545184074418775,0.004223880488387881,0.00025311847894124087,0.0004946501143556818,0.00684066903270231,0.003948694475749557,0.0,0.004194326222174735,0.005490830329846316,0.00024820339318017636,0.001069332311398272,0.0004956661089028916,0.00023835534290795037,0.005889823929056057,0.005075636701314699,0.0042351638428218185,0.00018668644958079342,0.0005832944874742272,0.0027253418519714006,0.007880946514713931,0.0,0.002084886243035523,0.006129021322911484,0.006352620347970973,0.00018023372359194688,0.009970201031691151,0.004299500363796847,0.009616357816902846,0.0002313537738440724,0.00033039325755823175,0.003543497418275916,0.001165618723263238,0.0010760946800850003,0.0033542040644624804,0.004319391251626998,0.006453086173408202,0.007705103967153104,0.0,0.0038865120546493223,0.00725307267056757,0.004366480628111685,0.003969559098064768,0.003465397129098122,0.0007120250145718702,0.0029811859171278324,0.0006472440087880924,0.0020022090853824698,0.005984493513112968,0.001837803277461017,0.005133200458663001,0.0036757412360258054,0.0025120940304206975,0.0037761857122233454,0.002625960393570393,0.00883817955652543,0.00141173653770333,0.0013266495521232036,0.008138352377724648,0.002252356048956855,0.0006933134397124749,0.0026827385880170145,0.0030815738200282387,0.0004863781278500242,0.003577585042899041,0.0013268977991297184,0.0005045958535859356,0.009028690292293777,0.0018449139614271067,0.0008284532851473249,0.0011257770330164213,0.003651690550128196,0.007444899278433626,0.0012623988793910219,0.0017845787306887838,0.004600405488078714,0.0017799557214905203,0.003227663066711943,0.00030164095282711917,0.000889026965987206,0.002566248247612631,0.006718834758631897,0.0020771322760833977,0.004764938009404193
202304,0.024918749872420362,0.0027238943480548676,0.00229687586911923,0.0007329461322863999,0.004471810377106602,0.0,0.004105855583909067,0.003264210177280802,0.004484602061402658,0.006799392414720204,0.00010864987706883715,0.0027428575886256634,0.0019024103580146273,0.003314453671019901,0.0034462551859814673,0.0034507216872192636,0.0030706828451179066,0.008246515891903993,0.0035450254439556737,0.0034414387344082913,0.0011463946220447085,0.002828260724953861,0.000639684284031828,0.0008781257918521535,0.002449679570311322,0.011498172236344003,0.0029688039331646557,0.0007004547220157394,0.0020104083277224507,0.002239399181456115,0.001386396908836711,0.004337476546093393,0.0001766233717574332,0.0005484879621779645,0.008371101862993589,0.0036572294671322033,0.0,0.004022271569506165,0.005378796777568357,0.00042115130180580526,0.0009093731652986902,0.00030419448180036353,0.00021016464375595934,0.006212513965271452,0.004800593706243261,0.004464382131020047,0.0002735702379719227,0.00023301862379331432,0.004191833284102176,0.008116390871578547,0.0,0.0027613384856658815,0.005987464992653312,0.00555801639226157,0.00035213347733809773,0.009779666186150742,0.0036359270262872286,0.009847589257491915,0.00012513847930795577,0.0007129436035892848,0.003570576536305007,0.0012291184486624058,0.0019174797678851649,0.0036638565088720843,0.0046523137656411095,0.00514657466652016,0.008812783331393069,0.0017655590855457375,0.003050538438452689,0.007273255056822294,0.004337002901601176,0.003929597101565827,0.003463315036576231,0.0013656107914293764,0.003023301575469956,0.0005506949895891085,0.002634570387762156,0.006284421989921905,0.0017877892589003683,0.005204839749357623,0.003805033046022839,0.003182655784289624,0.0038476214079658684,0.0028738858606453524,0.009120395186049237,0.0009500910324860676,0.0015640514620798953,0.010162968818266793,0.003334298078839602,0.0009351874156254933,0.0028306986349080914,0.003338218692405595,0.0004295132887825286,0.0036459929737328945,0.0018110069873268774,0.00048365356662371096,0.010223148597477532,0.0019446011435273983,0.00021357775559639004,0.0005814132220478411,0.0033960712770297256,0.007830944610154109,0.0009160038894759628,0.0012936235488625728,0.005121572844325105,0.002192286122340324,0.003539441111997273,0.0004207830295694814,0.0007072855623504299,0.0016346758112751373,0.006094357208280533,0.0024537351587013622,0.003157013683991311
202305,0.02527336432590658,0.002252917414825777,0.0021182627225756357,0.0005584564211273822,0.0041601311080318,0.00038198437995717004,0.004004940765080032,0.0022800348989986995,0.00448316381148256,0.007501624651616852,0.00021877095198476166,0.002385629002380097,0.0023755734437773215,0.003078464605709871,0.00307520316906638,0.002829988317556625,0.0026821717478648682,0.008391846447636915,0.0032029194779282194,0.0035714242703943863,0.0012432127793318927,0.0030050235928065676,0.0008450411474106816,0.0010464023532229024,0.002444216638882556,0.011285349517952395,0.00315349906512042,0.0003994301938095366,0.0016465700077320036,0.002078831193307285,0.0017699742811404543,0.004829172780574054,1.4625789268405754e-05,0.001212324505127028,0.007248490242516572,0.0036772406578505037,0.00031153308257867644,0.003996456906435621,0.005436838880184084,0.0005982918719958884,0.0008128129204021453,0.0011114874314822386,0.00026745418277128707,0.007393702344857115,0.004402831443423634,0.0045706056920941885,0.0,0.00031183389068374173,0.0044074895016702476,0.00888729304415487,3.64469810495933e-05,0.003454959605409892,0.00617208449909522,0.005922896505705916,0.0008565958196753614,0.009332984038696939,0.0028018387441257207,0.009649626131262535,0.0003166406181425592,0.00043745082940817515,0.003635227066693353,0.0006768864584629768,0.0028794754838328434,0.003410622383386765,0.004830111808802209,0.004747060327295247,0.009491707676879917,0.002421218827103569,0.003147874775741534,0.006967929666868906,0.004137980061928036,0.00387271186001398,0.0032181556021884717,0.0016022692015900952,0.003057906285346878,0.0007729234978725496,0.003527705614885127,0.00611816219556402,0.001953209708316095,0.004822515101527155,0.0034164243476005962,0.003736056335366044,0.00437037655510943,0.0030935241413681067,0.00961014921414127,0.0007612884827400706,0.0013824993699358074,0.010634574203882547,0.004010284698817477,0.0008557101635238332,0.002861389822296834,0.0036811800683748275,0.0001552147686167455,0.003626870673848932,0.0016391947245170734,0.00031424581646330793,0.010410412744775787,0.001977008390604904,0.0,0.00034770686179794375,0.004337558915205502,0.007897253718319015,0.0005733765655800653,0.0011280760626795135,0.005578350588501331,0.002471701436336611,0.003517043515658731,0.000403339514655983,0.0011279299729541946,0.000744484608915376,0.006708389577881145,0.0023553541720234476,0.0032428931663937978
202306,0.02797441852356081,0.002401800922994846,0.0022837268736546307,0.0008306234426050829,0.003962671339562686,0.0,0.005041910284094015,0.0029909278629451225,0.0054164670025846524,0.007097507599270755,0.0007508193333148991,0.0016747469246545955,0.0024661450596734943,0.0035863846520518467,0.003672512367834233,0.002890807894619197,0.0033996460890863955,0.008585693069440485,0.0026184884626434283,0.003675940335298013,0.0009402741983095773,0.0028992489835825016,0.0012826345754766357,0.0006129357072832434,0.0022887991886286424,0.01190011115572153,0.0026061696500923504,0.000549584533339431,0.0019717881381310118,0.0029168770823354926,0.0015025473111417082,0.004592359269534428,0.0,0.0011271201899497084,0.008291746961124134,0.004326012961227923,0.00024922233050863555,0.0037514089454455408,0.0054232107869014775,0.0005556890154222527,0.0010848932318839467,0.0011664616602999772,0.0003494412304380168,0.006456295471201224,0.005593367774450002,0.004259800303863808,0.0,0.0006367114487858433,0.005174896565492943,0.008637079405884806,0.0,0.0026679211079485322,0.00620177588903221,0.006366779514474272,0.0013708978497476382,0.009292617219119366,0.0028958198639522197,0.009469750822257907,0.00047470723942802417,0.00038791690506980483,0.003884875018569746,0.0009647210063971043,0.0040666643273198685,0.004318745854610543,0.004682652766853871,0.0061052890954298705,0.008818224954168955,0.0024968428870722503,0.002951887660994219,0.006673158249688863,0.0038181510239560013,0.004073961286639905,0.0034369459897259994,0.0014525444747307264,0.0037294998873148083,0.0008254188003945923,0.003087683080638947,0.005810230366960354,0.001381655004915293,0.005365424076884355,0.0035050347970959623,0.0032758947731205044,0.0033322805747729787,0.0028384705002262095,0.009914253947085417,0.0009840289297416015,0.0014819123559248553,0.011160933631088643,0.004211864364137517,0.00011558127088891594,0.002828878481142588,0.003552040475368609,0.0,0.003898331757598638,0.0022821206607929537,0.0,0.009348594464452988,0.0019905615271040658,0.00023184988594023793,0.00012193067133756003,0.0026953600657756397,0.0076127596354599245,0.000567868987834742,0.001125703390756486,0.005630241351645769,0.002586374568830755,0.004080416346338957,7.128836569639854e-05,0.0005278269257027161,0.0012654251772468692,0.007242609287348851,0.002157348768519189,0.0033486253768665545
202307,0.02869576468987862,0.0020298773494925528,0.002706677273604021,0.0007883010062645296,0.0038626030286503608,0.0,0.004825849938807436,0.003215091077464778,0.004500466810524226,0.00754470484859555,0.0006704647140298104,0.00160592542095719,0.0025418193698067307,0.003355204972791565,0.003943907828644138,0.0031420211369265483,0.0035337391069747448,0.009165001848988214,0.002490353767683197,0.0030730123029454473,0.0008925094421898004,0.0029608248452546466,0.0014790423446477464,0.0005273673023568824,0.0024817331524538684,0.01218874935484735,0.0026685001647788957,0.0002564362305561199,0.0022626697877704436,0.0033893576073681167,0.002042342498255731,0.005021407081140225,0.0,0.0013646062048580745,0.006441316870036396,0.003456295682372196,0.00045306704365770856,0.003984543213965245,0.0055509803801902565,0.0004794043320147033,0.0013416299795074814,0.000859211311822961,0.00030434977851309924,0.006332310970581051,0.005402573692489619,0.004235008037153554,0.0,0.0006302525405301944,0.0018078683376663814,0.009911927027603231,0.000560453157867557,0.0027646332606909973,0.005942156193930398,0.0061018210171347705,0.0012849170543826995,0.009908859325218837,0.002827917749367108,0.009199147919756704,0.0006390348585619684,0.00011152515680625215,0.003882961981974503,0.00045531586041465665,0.004302470809862573,0.003973469745460254,0.004355536948812192,0.005308144737204549,0.008770779894888845,0.001700377528652148,0.0033805587992216213,0.00657139913674282,0.004102900047971377,0.004021090716645638,0.0032699386906081024,0.0012582134189907518,0.002965242872132218,0.0008733511651902404,0.002805930195181511,0.006330722218387366,0.0017643806546430024,0.005274545978987877,0.002906444759560338,0.003264246126038304,0.004366062671771062,0.002881065758407654,0.00953443343562494,0.000983643918244213,0.001518745048837688,0.007851273901597922,0.003229484090834601,0.00014530839477107415,0.0029244255703047644,0.0035776628765255636,0.0002963408857632644,0.004701092602224421,0.0024527357465161186,0.0,0.009711802490866657,0.0019930780005717238,0.0003999142420549694,0.0008800528617078479,0.004876751631123388,0.008267044189265833,0.0,0.0005655137647044871,0.0056285647264721055,0.0023471120093059824,0.0036225106605264454,0.00027646498073296904,0.00018097076232925655,0.0007975212773120848,0.007880122322150785,0.0029167544493135834,0.003090077814583476
202308,0.030112611461746378,0.0022701117565583576,0.0029664878585785592,0.00048605896563522704,0.0038096671880156426,0.0,0.004870841596088601,0.003538486009640312,0.004897035056346143,0.00766466814190987,0.0005284714216672668,0.0020540611844136183,0.0021783615457529005,0.0034971790943540476,0.003979383838585193,0.002897942917975385,0.0037317221324004624,0.00952661892319386,0.002770391330295135,0.0035787405262640536,0.0012877519927953017,0.003028018821808377,0.0012153948024385933,0.0009215952638356028,0.0023023505056643675,0.012612748466099544,0.002492877675015485,0.00013886855806541945,0.0022080736951367607,0.0032342879998150833,0.0014846283993988569,0.005094197993219547,0.0,0.0015077915215421518,0.00712334559431642,0.00338694215325536,0.00023188346820837276,0.004223778376992854,0.005337901333282937,0.00029268093461976176,0.0012257241431722786,0.0009073632089200748,0.0001022286933738625,0.00559490383792152,0.005138066235575729,0.003706082328716824,0.0,0.0007540195788019648,0.0015073370691314437,0.009710711234405221,0.00024593998399583103,0.002515222592853378,0.006193387417749246,0.0062610637931058725,0.0009402364367507001,0.01021199302788308,0.0034397807205848604,0.00969909276457601,0.0002787735464924592,0.00026418414663437824,0.004313358415862374,0.0006159735471357369,0.005026280234712824,0.0036132499625699402,0.004278015738677772,0.005548517408621546,0.008248455040743907,0.0018945065666703242,0.0036280548315303263,0.006715881067109421,0.004236667031962317,0.0037930421054870466,0.003031327204951278,0.0014775342990691865,0.0035071837102547297,0.0003274471157103397,0.0031937890076364967,0.006272585575799266,0.001796713792435932,0.005766818414142399,0.0034259704154961618,0.0036988233028627826,0.003635856457848466,0.0025094899694961845,0.009751707984991817,0.0010310541072132374,0.0014615801312173617,0.008157447450845302,0.0027508251151222326,0.00042308158822935825,0.003158847365432599,0.003452022403357186,0.00039273462917579767,0.004909882618638287,0.0027322735774796833,0.0,0.009538430551659293,0.0021746172001915597,0.0,0.0005133244397142622,0.0039878262835013,0.00862755721805105,0.0,0.0013109928786534154,0.005701068300276633,0.0018003887151589965,0.0035958521913630483,0.00010143515643797585,0.0,0.001223522939440174,0.007350170199836477,0.003051419824750692,0.002524924323052418
202309,0.02868303641534754,0.0023732949062788803,0.002712500814224746,0.0007157559461575685,0.0037299936617430597,0.0,0.004312107354063068,0.0038017447489904948,0.004826596699998719,0.007721642835849869,0.0006257342543724361,0.0016811283437277637,0.002646319952418374,0.0031662797566829846,0.00399024235713825,0.0026284913064353655,0.0037897771364213506,0.009033495223873355,0.00285771843521239,0.0035356488207228002,0.0011417429382717954,0.002782489902715524,0.0009711985467401237,0.0007971493188502913,0.0022827449103664456,0.012041598257807993,0.002629079851086654,3.4721927145462375e-05,0.0020471137480682867,0.002942114136560049,0.0017134360779315107,0.005413744298568564,0.0,0.0016215803972980515,0.00844464019939521,0.003389188967726721,0.0005312928498408622,0.003540318229044396,0.005255897920588499,0.0005054001703207914,0.0007457853213778281,0.00043500050846742805,0.0003476198092954547,0.0048052519049148635,0.005301928338236305,0.003845040680930946,0.00044611535367216715,0.00046187114712491613,0.0010994173512104168,0.009361655630828613,0.0,0.001928683088477192,0.006491712058812339,0.005451022972902053,0.0014367451580823306,0.00911471793760157,0.002932719998824783,0.009204901550757464,0.00035985214438995656,3.358642240961649e-05,0.004225095638275245,0.0004648550326005444,0.005996418034630278,0.005019696831910668,0.004696729700315479,0.004543711501207446,0.009112466606319248,0.002964147958734441,0.0028522421286587387,0.006468334898544973,0.0038106265916854954,0.0036303999972316526,0.0030433240911066474,0.002009809741220758,0.0038579441223704192,0.00024560742734220856,0.0033017703286497366,0.006867338162860131,0.0019264166574304604,0.005641144872252438,0.003097294539139744,0.003770712226132364,0.0027208861649433615,0.0013380975335418703,0.010171270579377844,0.001274730137089616,0.0016895841081533915,0.007271402926261886,0.0030254605778085443,3.869478427498213e-05,0.0030706850525796837,0.003411430100880766,0.0005883176929042074,0.004603377715716264,0.0032308733549592295,0.0,0.0108805264444764,0.00226990840448843,0.0002253076839996478,0.0003277827303452985,0.003540436580314608,0.009103792901365652,0.0,0.00023197850844265287,0.005819465201529405,0.0019183478094835543,0.003744226156675789,0.0002315241413879147,0.0,0.0007115470911910694,0.0074479651766434255,0.0032473269109592187,0.0017169736272523192
202310,0.02616927883731499,0.002255698936148676,0.0019252488584047464,0.0007343861882351933,0.003567154202820777,0.0,0.0038761852800431504,0.004069533078550719,0.0039717389022261365,0.008419224369308042,0.00039911736656639594,0.0014742336154194373,0.0025955189595118157,0.0028590279457303648,0.004620063853588076,0.0017388900291818085,0.0032838645432237473,0.007581220159514423,0.0026878211794924916,0.003570750037691889,0.0005871526973077305,0.0038265274888849726,0.0008267425817584986,0.0004468476128748631,0.002468516117381023,0.012279387313221786,0.0030677633593259824,0.00045658057022676164,0.001769321709046585,0.0027308308437580123,0.002404666719424041,0.0051743666310193615,6.669981782374561e-05,0.001432131479596799,0.008538387900927464,0.0024777652165217288,0.0009349606720970777,0.003896971623750253,0.0056179315416822785,0.0003814708313505498,0.0008848760420356443,0.00012569198101929394,0.000732925585212021,0.004828284361142268,0.004779964821840994,0.004006074148332282,0.0,0.000475263236378828,0.000540797965109124,0.010398654688370456,0.0009615538878951227,0.0030439642054966953,0.005814717329057108,0.005175492834379962,0.00218641274936774,0.006970014683101845,0.0010296053096409531,0.010170933215677844,0.0007041120369758789,0.0004539605528654415,0.0039796229265816755,0.0009349451035237208,0.0052031468994545365,0.00521038887628248,0.004495444691297796,0.004254166457430422,0.009273898030466505,0.002563281147500717,0.00370743176453428,0.006560723842767661,0.003996466344593311,0.003977155328955899,0.003044445007139222,0.002122536772640995,0.003652409475655766,0.00011296895916786291,0.00280689197227763,0.007171606158235872,0.0018132796705562842,0.0049052426066055355,0.0027236076561112524,0.003478496162792947,0.0033668121893357505,0.0014619474398439472,0.010154452838588325,0.0009489588548833471,0.0016817966036429628,0.006875920533920924,0.002606768386528313,0.0001611446530249876,0.0030156985899479753,0.003743697210219392,0.0006668933218984449,0.004512786809429381,0.002628341803318514,0.00017471190039805982,0.012332788449986332,0.002226175886477537,0.0006954956052057724,0.00098894560420342,0.0054002538737578,0.00964747945916734,0.00034842674437317474,7.209353174260309e-05,0.005993491708244936,0.0025086941302571116,0.0028969041740284384,5.224655876701342e-05,0.00040908285324617555,6.559315426624406e-05,0.008582452271962313,0.003135317181412964,0.002970891459481393
202311,0.024541711365540553,0.0018278761734732232,0.001628899176138019,0.0013000729423582106,0.003223822813977048,6.0749995193091575e-05,0.003275649032783295,0.0036750233416801763,0.0031488022005715824,0.008486958394483187,0.00019659939647298042,0.001403251632308861,0.0024374915402824433,0.002634429725839974,0.00461800878910732,0.0013238552414982015,0.0029676538541855355,0.00660727100443717,0.0026994838620451322,0.003022085608585192,0.0,0.0038045127479155003,0.00040230248294768716,0.0003639869431273324,0.0024226428516385726,0.012584862381831865,0.002927620440629177,0.0006395918313947153,0.0018485533432770975,0.002364649775436675,0.0030339868158462033,0.005233153040361207,4.1060578845678024e-05,0.0012021779427898063,0.00957288786120889,0.0014523665945128665,0.0011550593090551306,0.004369324706208366,0.005743845362907091,0.00032310503550038444,0.0011140549638912354,0.00028370098185312876,0.0009085654128804452,0.0051171171309502515,0.004473025228467794,0.00445996006869619,0.00042309751451153694,0.000827226295337743,0.00019088892949397138,0.010770967427806828,0.004005465121363698,0.002330760582974393,0.006175379539084559,0.004733188513505229,0.002351676616670429,0.0068715832136516395,0.001147205821642481,0.011083911475296982,0.0009885282802049966,0.0006894111912728497,0.0032074605060951897,0.0011836265641690855,0.005891948898984065,0.005536156124000311,0.0041502269965376015,0.004963612052925884,0.008729730636599622,0.0028530243289262504,0.004100016781497201,0.006225983100167535,0.0040719365916459084,0.003916041889683309,0.002958517206122241,0.002055312736841936,0.004021118054766674,0.0,0.003323494686171711,0.007916580146027186,0.001560415601449417,0.004093244412348173,0.002436784481377942,0.0032042187834335667,0.003657461573911732,0.0012907264795082758,0.010193920867070851,0.0004909030141787454,0.001878740598055314,0.006286383892890645,0.002951869556074717,0.0,0.0028233360288443584,0.0034293463355939,0.000600300100258444,0.004388537892813002,0.0028718103519975524,0.00021560329048738737,0.011711977776856121,0.002333933244072022,0.0010111402458783962,0.001115056098326351,0.00686092565533086,0.010395539194741319,0.0005483266949973389,0.0013986595660631564,0.006569464497959413,0.002263859860142063,0.0018709047095696741,6.847823245343507e-05,0.00034403497321321076,6.438881377261568e-05,0.00980967016882663,0.003643329127425804,0.0038089592921149123
202312,0.023013058652911988,0.0016000804123463446,0.0017644561954232021,0.0017181333106018207,0.0030888393639548653,0.0004856539932419615,0.00289008777138816,0.003518009181579109,0.0029275942025500414,0.007411429570330622,0.0002685654158892803,0.0009110883980602953,0.002534840298469642,0.0025795281164995125,0.004753736885516463,0.0006695136101697598,0.003006327120481075,0.006419551824239935,0.0028338003818051075,0.0033950942560641417,0.0,0.003393184534629945,0.00031920474461764225,0.0004949175232615569,0.0022132416483544278,0.012731089161333253,0.0028970873337972256,0.0013826565284475844,0.001833529482887544,0.0023838176645570746,0.00319013069893622,0.005006240408068438,0.0,0.0008151648263980983,0.010096983573308923,0.001201885727877574,0.0011705178728895014,0.004478712690316903,0.005913932656077581,0.0,0.0011084778994022429,0.0005299029640000835,0.0013083840499137722,0.004724489629960368,0.0048338707192739395,0.004295262655392716,0.0004969836461079687,0.0008593760007331242,0.0018546097675107966,0.010544882294493208,0.0030905579505515505,0.002153990757368135,0.005877425264102281,0.0047955534090549715,0.002940808201319728,0.005793891617996724,0.0005141194949116399,0.011294960107320085,0.0010360538651112952,0.0010424863446350638,0.0030290064503548063,0.0016645224731174002,0.0059472760275271555,0.006246132838775222,0.004397965700215693,0.004890084143707117,0.009279320543733672,0.0029455076028691404,0.0042792178635402845,0.006319061251966471,0.0038862996654203375,0.003788438971241059,0.002992195842996983,0.002610102986764693,0.004531818164168441,0.0003827603331467596,0.0034328533834627937,0.008158676505142704,0.000785805373715851,0.004206279173180827,0.00207908404102765,0.0032358081699259173,0.0027854600300024988,0.0002496465315525861,0.010637202863812712,0.0003063724562788859,0.00229766867939877,0.007588392022877817,0.0031659780672494385,5.2488775320564006e-05,0.0028466028975623423,0.0032622137739885984,0.0005721168457745715,0.003889790634244717,0.0033362023352421317,0.0006840703005616999,0.012444522533442642,0.002179334908706086,0.0008530357046430036,0.000909026537573796,0.006357390089962436,0.01059085814294503,0.0002403694364580857,0.0024717018846244286,0.00668297159758681,0.002291632365599684,0.001851796860928442,0.0,0.0,0.0,0.01036173943855152,0.003864242733865919,0.003942876704066515
202401,0.012680517927549557,3.847976366049874e-05,0.0,0.0,0.002799252940873822,0.0,0.001627831113252908,0.003064114121826972,0.0037140435228498014,0.006891679770266748,0.0,0.0,0.0,0.0018405025981226054,0.0030786117016506176,0.0,0.003386720708258904,0.0004088725413219431,0.0020111961163286752,0.002619852143012918,0.0,0.00039358484642372407,0.0002674621598205894,0.00012456990943394194,0.0016701881889371487,0.010126621262207933,0.0006849593310849635,0.0006500685497287961,0.0,0.0,0.0021602745587007283,0.0024678176249457217,0.0,0.0,0.0,0.002079229348853676,0.0,0.0033815149751929992,0.005226009042098736,0.0,0.00012100105760888503,0.0,0.0002854028243223781,0.002803694471014147,0.003813763481916044,0.004682174960604784,0.0,0.0,0.0,0.005918811984414962,0.0,0.0014429158545911575,0.005423692621318065,0.003416307607318311,0.0015547270790588186,0.0028378631493386243,0.0,0.0063181469367492365,0.0,0.0,0.000640454538943598,0.0,0.0,0.003362150676232082,0.0019089371598101368,0.0027547198007489347,0.005372584662266626,0.0028826020078618468,0.0010850399369683084,0.0042503559910288,0.0031997419579907357,0.0026602633701064524,0.001793213290250091,0.0,0.0014318632130528699,0.0,0.0,0.003784366496959723,0.0,0.003485976905478363,0.0017507788697994952,0.0022980511016907615,0.0,0.0012538315942540652,0.008151567246906414,0.0,0.0018778222456043259,0.004991873199146313,0.0008250752747194126,0.0,0.0015889073924306716,0.002219096610437359,0.0,0.005107746994967647,0.0024581700482595834,0.0,0.0010206399427918635,0.0,0.0,0.0,0.0023010400237517587,0.007184248661209135,0.0002452692983787322,0.0,0.0034778574309721074,0.0,0.0,0.0,0.0,0.0010424508624258888,0.004693409408018687,0.0,0.0
202402,0.011730386275573445,0.0,0.0,0.0,0.0027299302697557704,0.0,0.0010908830320237833,0.0027914347222554384,0.003243142752915313,0.007289889432711149,0.0,0.0,0.0,0.0015346124929487032,0.0035049042423135265,0.0,0.0032631316184798267,0.0,0.0019616079986666934,0.0024136260400913763,0.0,0.0005782461567367424,4.28460964924147e-05,8.883810758619593e-05,0.001642456718956407,0.01003382521204753,0.0009612300291256144,0.000280461612199601,0.0,0.0,0.0026248090523036042,0.00264518955233313,0.0,0.0,0.0,0.0015126292585233522,0.0,0.0033721284098559906,0.00499602698142589,0.0,0.0,0.0,0.0005218800433402828,0.0026602679357470597,0.0036121182161463006,0.004887927678902491,0.0,0.0,0.0,0.005551065421766572,0.0,0.001714507492417993,0.005292004746465023,0.0027971820315201364,0.0014338989556003812,0.002996975747912229,0.0,0.0066774006124763466,0.0,0.0,0.0007188067764552963,0.0,0.0,0.0028826971378510926,0.0020393452191037643,0.002180172289676089,0.005273394705612798,0.0036717372535763405,0.001423215418155482,0.003940933793028513,0.003563922901424979,0.002558269956344652,0.0016539359194636019,0.0,0.0010346602146661503,0.0,0.0,0.003768824879861566,0.0,0.0032763561420241227,0.0013689083453929424,0.0023848841175148033,0.0,0.0010763368593428827,0.007720513535669926,0.0,0.002205143779186895,0.005644626344395669,0.0007937656309281385,0.0,0.0013699510689232695,0.0023420235990424133,0.0,0.005885335363081118,0.002348513760974299,0.0,0.001312449002273281,0.0,0.0,0.0,0.002714994566288074,0.007417563315650675,5.817117364071928e-05,0.0,0.003535195921465849,0.0,0.0,0.0,0.0,0.0005421126222777084,0.0051236676697106005,0.0,0.0
202403,0.009526103707289088,5.090040683560211e-05,0.0,0.0,0.002639293799625542,0.0,0.0004428309545283839,0.002124242382452989,0.0029242093801821025,0.007214009343283473,0.0,0.0,0.000583079028890716,0.0014626376897946354,0.003641253561569035,0.0,0.0034645992288003104,0.0,0.001957602319702992,0.0023997881756345845,0.0,0.0003740450397122599,0.00022704201632411057,0.0,0.0016246579826388419,0.009927911160737952,0.0004777988641242996,0.0,0.0,0.0,0.002932771542590626,0.0028250185666306707,0.0,0.0,0.0,0.0012931473584170568,0.0,0.0034105275692846086,0.005184126915641854,0.0,0.0,0.0,0.0007635785244644233,0.002895143564589942,0.0030404282355217384,0.004978671598818783,0.0,0.0,0.0,0.004689252791369934,0.0,0.001625250507580459,0.004781747528433144,0.002347312324192107,0.0020747035243158917,0.0021690955567689285,0.0,0.007070872835246979,0.0,0.0,0.0006604524524458797,0.0,0.0,0.003291030849549323,0.001861136965925664,0.002010849648508905,0.0045529361100507685,0.004378968144411706,0.0014238198792270618,0.003882094054864283,0.004172689637634051,0.002414398825990523,0.0013047723900463765,0.0,0.0010271089947739417,0.0,0.0,0.004092340942749988,0.0,0.0035403982773547023,0.0016106795109664988,0.0022284090148617245,0.0,0.0006817215096378951,0.00753627165876255,0.0,0.0022523985582384174,0.0052388791630929455,0.00041304130299701507,0.0,0.001486390187192477,0.001819433147068513,0.0,0.005781577622388372,0.002507005032914788,0.0,0.0017450888481079952,0.0,0.0,0.0,0.0029106612496924518,0.007891907093821704,0.00012634139873031678,0.0,0.0038751881569999763,0.0,0.0,0.0,0.0,0.00030897408806835746,0.005557908133014287,0.0,0.0
202404,0.009470804491510046,0.00013535418178269354,0.0,0.0,0.0027256245902151695,0.0,0.000374461580036725,0.001988121535055636,0.003087802404622179,0.0069444476524816124,0.0,0.0,0.00043944864807835487,0.0016848241661979971,0.003802424180770156,0.0,0.0036313548423462585,0.0,0.0018858877727387143,0.00243828342817007,0.0,0.0001715471407790686,0.0004052648264467865,0.0,0.0016673794307601945,0.009983837287219148,0.0004082643635255192,0.00023873659950356972,0.0,0.0,0.0027003816109516794,0.0030076185492545703,0.0,0.0,0.0,0.0010987997971922785,0.0,0.0033747114887315655,0.005223633775364611,0.0,0.0002779271454753359,0.0,0.000507920119075629,0.002699078580044052,0.0032194674305308195,0.004405961233141093,0.0,0.0,0.0,0.0057655471291639,0.0,0.0010472471890679946,0.004165862145711824,0.0025637654810595992,0.0023820242823207926,0.001969717921364726,0.0,0.007044119908925723,0.0,0.0,0.0007317369976909094,0.0,0.0,0.0031041778628164416,0.0018944292230172616,0.003532339779742257,0.003024290520271821,0.004145058117579678,0.001426546647488571,0.0037085083339402154,0.004057768523079601,0.002495148804687242,0.0013602507126113913,0.0,0.0009280815800352471,0.0,0.0,0.0042219621796718825,0.0,0.003609210163777832,0.0014620001112245664,0.0019030999939261622,0.0,0.0005597677259898716,0.007786754028738437,0.0,0.0021411628057927587,0.006200922019695648,6.400711967577337e-05,0.0,0.001257480546487789,0.001705816839286504,0.0,0.005468889979353872,0.0027806691131657215,0.0,0.0018022799296429002,0.0,0.0,0.0,0.0030428076050523383,0.008225313832108455,0.0,0.0,0.0036305099767484704,0.0,0.0,0.0,0.0,0.00024747865668719424,0.005815612909832817,0.0,0.0
202405,0.009014741156414569,0.00034905488162289563,0.0,0.0,0.0027414568109274053,0.0,0.0007024083363698494,0.002258375684516754,0.0036089479688883137,0.006907575952024779,0.0,0.0,0.00029768732782785485,0.0017742377353680225,0.0038264003114482316,0.0,0.004267415703359174,0.0,0.0020427115646480865,0.002536536899014971,0.0,0.0,0.000375474175327253,0.0,0.0019387202350376143,0.009637534007466678,0.0002869813918773801,0.0,0.0,0.0,0.002485118659667822,0.002854092211690075,0.0,0.0,0.0,0.0015247619717111136,0.0,0.003562754360789904,0.00566157756816225,0.0,0.0002995509109791248,0.0,0.0004790103138009841,0.002254269045023516,0.003104070395693362,0.004145837744716556,0.0,0.0,0.0,0.005025141440927207,0.0,0.0011976115778365116,0.0034806720313031014,0.0025038732572964994,0.0023831581551735487,0.0011598102991810407,0.0,0.006513537476074155,0.0,0.0,0.0007145149226913992,0.0,0.0,0.003444421425268193,0.0014277207052958954,0.002828447357438416,0.004161339836111674,0.0035675862563282045,0.0005388407111205744,0.003375742047229169,0.0038486944765104207,0.002780546738531564,0.0017418972870125197,0.0,0.0007654375855920485,0.0,0.0,0.004009505249967369,0.0,0.0034393827802407075,0.0018172376293600196,0.0021286047663125634,0.0,0.0009956644624502708,0.008231244461048219,0.0002546398100109165,0.001997900264411402,0.006013834511574643,0.00013797486473854443,0.0,0.0010185127530597104,0.001422566100798348,0.0,0.005520838588905782,0.0025366916439923974,0.0,0.0013711402597976865,0.0,0.0,0.0,0.0025256932743203506,0.007668633662533045,0.0,0.0,0.004080163863825882,0.0,0.0,0.0,0.0,0.0010736406796066037,0.00625282784932524,0.0,0.0
202406,0.008224296441437209,0.0,0.0,0.0,0.0028434874570045596,0.0,0.0005749381874362913,0.0015468697634945694,0.0035699082894090997,0.007574287699590551,0.0,0.0,0.0002430171489581681,0.0012676148614037572,0.0037285479133101827,0.0,0.004133453326384418,0.0,0.0016383690549240163,0.002432953505510793,0.0,0.0,0.00032194234053155394,0.0,0.001945932722106047,0.00997134191947622,0.00022261616872005878,0.0,0.0,0.0,0.002805653814204186,0.0029997696344535416,0.0,0.0,0.0,0.0015544933935697303,0.0,0.0029687606839403588,0.005937543621997401,0.0,0.00032355614097304586,0.0,0.0005482790671214092,0.0028621905117336764,0.0027454190085059002,0.0040624892106861,0.0,0.0,0.0,0.005102706605704063,0.0,0.0009896018274917913,0.0032455251011536614,0.0025547079454203234,0.0019983983487048265,0.0016092111913453366,0.0,0.006565621082348576,0.0,0.0,0.0007273972103400034,0.0,0.0,0.0034511971110984204,0.0012256564268727454,0.0018569526345636625,0.0051981629336879135,0.002939202150690214,0.0008102746797526491,0.003213560210756331,0.003636110641389968,0.0025010429171207194,0.0012921982310551642,0.0,0.0002718362990023062,0.0,0.0,0.0042186815251763505,0.0,0.003437223398540064,0.0013100991807497022,0.002183047152255186,0.0,0.001536503071732191,0.008065484775941024,0.00030716260635432996,0.00174385665396221,0.0058374857706523465,0.0,0.0,0.0010412404447987195,0.0011749460690511006,0.0,0.006033684178234169,0.002758688540717671,0.0,0.0018282905587066157,0.0,0.0,0.0,0.0030351968001928967,0.008037629320141038,0.0,0.0,0.0040920383668098135,0.0,0.0,0.0,0.0,0.0015308667696986176,0.005890869040525175,0.0,0.0
202407,0.00932098509748858,0.0,0.0,0.0,0.0026829417263509107,0.0,0.00038385388072164354,0.001492934414233809,0.003569969985146179,0.008008329005413813,0.0,0.0,0.0007189579883024436,0.0014818585706676288,0.0034209116851563835,0.0,0.00424757493303588,0.0,0.0016731806487134625,0.003103374003881708,0.0,0.0,0.0004745433925866004,0.0,0.0019465408629225002,0.009712168976913106,0.00041399207233835494,0.0,0.0,0.0,0.0021310847909271537,0.0034710512560897867,0.0,0.0,0.0,0.0014141240609482136,0.0,0.0032876825012127385,0.005532955515982177,0.0,0.0003443301465151578,0.0,0.0001803602470450558,0.002983874404557877,0.002421222746972287,0.004647952063346123,0.0,0.0,0.0,0.004373494755816863,0.0007644111985647792,0.0006920397263322854,0.003372674368162194,0.0027285803369158355,0.001780313148826552,0.0018512388009200309,0.0,0.006572867788326184,0.0,0.0,0.0006973357709506324,2.6394237854818186e-05,0.0,0.0026024600612489903,0.0013184361328518175,0.002147867581913235,0.005103783930070532,0.0024377295404707775,0.0008825326379660392,0.003086977161273918,0.0035019801280012867,0.002469594986186779,0.0015374324642980948,0.0,0.00026932233472498325,0.0,0.0,0.004095248633263391,0.0,0.0029901612228403394,0.001395392285183034,0.0019147679034107103,0.0,0.001460561524039579,0.00815296222288922,0.0002566866436876471,0.0016644790198554922,0.0054267299153737,8.440701429521161e-05,0.0,0.0009097636578828251,0.001104558450815044,0.0,0.0056363294056616725,0.0026383408293017586,0.0,0.0015460482387316715,0.0,0.0,0.0,0.0035414964115862433,0.008307660190795738,0.0005054475377170035,0.0,0.004180818013555085,0.0,0.0,0.0,0.0,0.002421702057892618,0.005168787484365516,0.0,0.0
202408,0.00908647625981814,0.0,0.0,0.0,0.0024877801456821935,0.0,0.0005242846475582418,0.0017957903656536768,0.00350610682146005,0.007867791966527484,0.0,0.0,0.0004912648383313458,0.001191279090573789,0.003286842023718838,0.0,0.0041232534175499325,0.0,0.0013578105506984745,0.0032062009782832675,0.0,0.0,2.1912349004809396e-05,0.0,0.0020249412780901192,0.009330656542275021,0.0004537159350002254,0.00019485552101778107,0.0,0.0,0.0013557088237460839,0.003410634860048195,0.0,0.00013840825896917764,0.0,0.001402817488330182,0.0,0.0032219554918253707,0.0056706219219866535,0.0,0.0,0.0,0.0003840193658431938,0.0028822417398556214,0.0020318471411721805,0.004749005893199948,8.361308927698743e-05,0.0,0.0,0.0034681942549882844,0.0,0.0005312989181454542,0.003115263373850031,0.002222293704194425,0.0023158694340436933,0.0012937521269030282,0.0,0.006795704983805693,0.0,0.0,0.000746858545962117,0.0001398814045897919,0.0,0.002256814403630879,0.000830225806064835,0.002313116227373265,0.005161338347077397,0.003054013978866087,0.0010349847051667647,0.0032356690513520615,0.003560949759178177,0.0024918657781651797,0.0012542161616483853,0.0,0.0,0.0,0.0,0.0037111015504391687,0.0,0.0030058519330286577,0.0014422999346567018,0.0016542813813714956,0.0,0.0014560951512295165,0.008445672734803688,0.00035668158724228184,0.0013037711148798819,0.0065204166129914365,3.1052559484691e-05,0.0,0.0008901597619821588,0.001388031528487105,0.0,0.005950817938489706,0.003049185899543845,0.0,0.0024350366110625003,0.0,0.0,0.0,0.0038846894655105136,0.008300405443133367,0.00027809059633288215,0.0,0.003763227110944273,0.0,0.0,0.0,0.0,0.0021843111320436668,0.004982603251889521,0.0,0.0
202409,0.009173276421326077,0.0,0.0,0.0,0.0026078731203790285,0.0,0.0004416588882607573,0.0021130131121418574,0.0033321675271630884,0.007318093422641056,0.0,0.0,0.0004798997401448176,0.0012410917850739856,0.0029904212109004608,0.0,0.004096361558165438,0.0,0.0009065975629166546,0.003757668242052469,0.0,0.0,0.0,0.0,0.0020306832732329234,0.009075698678172204,0.0004416163157096523,0.0003254378689075474,0.0,0.0,0.0003552400852287442,0.0030725463347152995,0.0,0.00032793195263540524,0.0,0.0014437906085494584,0.0,0.00317236262618918,0.005602145695586985,0.0,0.0,0.0,0.00040404488972467024,0.003312642069317502,0.0017830005747591208,0.005110917569721971,9.595521602895692e-05,0.0,0.0,0.0035540961707537662,0.0,0.00014421577333564498,0.003179293439272518,0.0018387651259411469,0.0024196797380084036,0.0010739314218466737,0.0,0.007777559335029944,0.0,6.191318795370669e-05,0.0007628763455267432,0.0004311382498739459,0.0,0.002601527481474513,0.0005374164203227669,0.0028623624280366936,0.004587890812779893,0.0033201601087404667,0.001313699831577257,0.003256803138859513,0.0036062709376976643,0.0023794382847448664,0.0013513100814750937,0.0,0.0,0.0,0.0,0.0035134445652690734,0.0,0.002639457991766338,0.0014513011862752087,0.0014876456745745107,0.0,0.0011243796897621814,0.008391194261334885,0.0005854357098978806,0.0011000718177663039,0.007105527293209867,8.80808068810408e-06,0.0,0.0009235139176390697,0.001372101451241827,0.0,0.0052312553259931385,0.0032757246463587203,0.0,0.0024447059014416623,0.0,0.0,0.0,0.0038557443187432886,0.008288894176817873,0.0002638496343837594,0.0,0.00376196352963185,0.0,0.0,0.0,0.0,0.00233273701830334,0.00510839398112388,0.0,0.0
202410,0.008250327082023454,0.00014354321393052514,0.0,0.0,0.0025177530160139243,0.0,0.0005477588580318463,0.002310981676929725,0.003198338926950483,0.006779325916675873,0.0,0.0002636176692863189,0.0008173157614944226,0.0009949458842190171,0.0030666993816574747,0.0,0.0040956669769225545,0.0,0.0006445354013188557,0.0037774576054600156,0.0,0.0,1.4562270304913322e-06,0.0,0.0018768657732553494,0.008849363533953977,0.00030547434325106757,0.000977109944623394,0.0,0.0,5.569860143091372e-05,0.0026886160230141275,0.0,0.0006988696639951127,0.0,0.001649182377094987,0.0,0.003213643232536571,0.0055263443079317425,0.0,0.0,0.0,0.00024127105216961676,0.002997985512272661,0.0016561700523718419,0.004716893859421086,0.0003633771199255759,0.0,0.0,0.0031773797117744702,0.0,0.0,0.0033407197433556065,0.0014202590637585628,0.002569812753417996,0.0004585791547674067,0.0,0.00829137121190201,0.0,5.219816091644766e-06,0.0009631959071695621,0.0003927286196639504,0.0,0.002871939667608337,0.00035315148778278195,0.0031906780123192326,0.003979007247874618,0.0036979733897263274,0.0017001955400522343,0.003672457017817363,0.003674265238391879,0.0026647431668133494,0.0014662890737186661,0.0,0.0,0.0,0.0,0.0036136538680645314,0.0,0.002328845224281772,0.0012385055704035796,0.0013125615144213823,0.0,0.0008958374897199918,0.00836569389440115,0.000543898231260539,0.0014441938806269508,0.006891209071171136,0.0,0.0,0.0009836575627932078,0.0013561127772440968,0.0,0.004707038289475877,0.0035556664984173424,0.0,0.002525397169251132,0.0,0.0,0.00024250127831948904,0.00403064096896222,0.008463017318037811,0.0001693365958043341,0.0009570683043977484,0.0037438895416297326,0.0,0.0,0.0,0.0,0.0018416628875132727,0.005407115393818616,0.0,0.0
202411,0.009223128440638377,0.0,0.0,0.0,0.0028314516520624605,0.0,0.0007179102570561098,0.002118098714782348,0.003079642488894125,0.007239376379832776,5.971356415578488e-05,0.00045218632721548435,0.0011284174556280204,0.0011795282320634203,0.002694242695528967,0.0,0.00503911408227914,0.0,0.0011630202060755426,0.00422088106760934,0.0,0.0,0.0,0.0,0.0017349631551157138,0.008971134666420421,0.00031908999462716654,0.0017161024904568702,0.0,0.0,0.0,0.003592264828090536,0.0,0.0007748227818913149,0.0,0.0014778478595315512,0.0,0.0034771633127383393,0.006046729441317209,0.0,0.0,0.0,0.00041671018942985606,0.003005568897265987,0.001830139624771078,0.005291333621664434,0.00028897121455060017,0.0,0.0,0.0030742870849208483,0.001230528466369602,0.0,0.0037163576444874937,0.0012507220657463059,0.0026151531255597326,0.0006456757967935337,0.0,0.007270194112879265,0.0,0.0,0.0008554737444718646,0.0,0.0,0.002300807010152382,0.00043664952166574386,0.001983002348252651,0.0052415826888885875,0.0034986151263462833,0.0011315801684255121,0.00347346147148964,0.0036983642816937412,0.002840363647659434,0.0012966497069985673,0.0,0.0,0.0,0.0,0.00393167183624981,0.0,0.0018971263743101426,0.0014169036275928281,0.0010588545988941198,0.0,0.0013546806224750529,0.0077714425582402,0.00029306184736893734,0.0011836035423809057,0.00699886447471096,0.00027900004097231436,0.0,0.0007781571793567635,0.0014008363569126756,0.0,0.005845994800440725,0.0029446907324220725,0.0,0.001917539790836343,0.00011582820928012015,0.0,0.0,0.004369195763811776,0.009156121626021899,0.0005282884976395321,0.0006015008639492285,0.003412792360784592,0.0,0.0,0.0,0.0,0.002864126525262631,0.005062966881477578,0.0,0.0
