yyyymm,AM,AbnormalAccruals,Accruals,AnalystRevision,AnnouncementReturn,AssetGrowth,BM,BMdec,BPEBM,Beta,BetaLiquidityPS,BetaTailRisk,BidAskSpread,BookLeverage,CBOperProf,CF,Cash,CashProd,ChAssetTurnover,ChEQ,ChInv,ChInvIA,ChNNCOA,ChNWC,ChTax,CompEquIss,CompositeDebtIssuance,CoskewACX,DelCOA,DelCOL,DelEqu,DelFINL,DelLTI,DelNetFin,DolVol,EBM,EP,EarnSupBig,EarningsStreak,EarningsSurprise,EntMult,EquityDuration,ExclExp,FEPS,ForecastDispersion,GP,Herf,HerfBE,IdioVol3F,IdioVolAHT,Illiquidity,IndMom,IndRetBig,IntMom,IntanBM,IntanCFP,IntanEP,IntanSP,InvGrowth,InvestPPEInv,Investment,LRreversal,Leverage,MaxRet,MeanRankRevGrowth,Mom12m,Mom12mOffSeason,Mom6m,MomOffSeason,MomOffSeason06YrPlus,MomSeason,MomSeason06YrPlus,MomSeason11YrPlus,MomSeasonShort,NOA,NetDebtFinance,NetDebtPrice,NetEquityFinance,NetPayoutYield,OPLeverage,PctAcc,PctTotAcc,Price,PriceDelayRsq,RD,RDS,REV6,RealizedVol,ResidualMomentum,ReturnSkew,ReturnSkew3F,RevenueSurprise,RoE,STreversal,ShareIss1Y,ShareIss5Y,Size,Tax,TotalAccruals,TrendFactor,VolSD,XFIN,betaVIX,cfp,dNoa,grcapx,grcapx3y,hire,roaq,std_turn,zerotrade12M,zerotrade1M,zerotrade6M
200001,0.00022262055426836014,3.4350869100308046e-05,2.2289732442004606e-05,0.0005872211768291891,0.0022769090719521046,0.00011084147990914062,7.125143747543916e-05,5.333661465556361e-05,3.467276110313833e-05,0.0003974808205384761,9.728040822665207e-06,8.959006663644686e-06,0.00031552897416986525,4.4263782911002636e-05,3.576889503165148e-05,8.542991417925805e-05,0.00043185646063648164,7.43514028727077e-05,9.631295142753515e-06,2.3740596589050256e-05,5.814510222990066e-05,1.3833433513354976e-05,1.0634795216901693e-05,7.191600616351934e-06,0.0008113154326565564,0.00022813279065303504,6.512836989713833e-06,0.0002610927331261337,1.9540939319995232e-05,8.02882368589053e-06,2.6431367587065324e-05,2.57682640949497e-05,0.005921289324760437,1.9804198018391617e-05,0.0007690640049986541,9.281677921535447e-05,1.96082783077145e-05,0.0001530257286503911,0.0003938256704714149,0.00018167603411711752,0.0006460951990447938,9.626438986742869e-05,0.001080017420463264,2.8496117010945454e-05,2.286032895426615e-06,0.0001062199953594245,0.00028382058371789753,0.00010604356793919578,0.0015108117368072271,0.00025058697792701423,0.000640694226603955,0.0004887628019787371,0.0038408557884395123,0.0005516374949365854,6.989095254539279e-06,6.239982758415863e-05,1.6336824046447873e-05,3.6692417779704556e-05,5.535438049264485e-06,0.00024134255363605917,3.3466346849309048e-06,8.792056905804202e-05,8.18493717815727e-05,0.0012016160180792212,7.646752237633336e-06,0.0016384330810979009,0.0005840692319907248,0.0003048705402761698,0.0007360989111475646,4.891790013061836e-06,0.0013892111601307988,0.00017267321527469903,1.5175899534369819e-05,0.000636911194305867,0.0003074665437452495,1.8497261407901533e-05,0.00030257587786763906,6.808174657635391e-05,8.181549674191047e-06,3.8098667573649436e-05,6.369021139107645e-05,1.5793568309163675e-05,0.002412825357168913,0.00047078696661628783,0.0016704619629308581,1.89218462764984e-05,3.631447907537222e-05,0.001098200329579413,0.00013084494275972247,0.00019164156401529908,0.00024208604008890688,1.3822629625792615e-05,5.645291457767598e-05,0.0031710872426629066,0.0004534923646133393,1.1210817319806665e-05,0.0016694354126229882,0.0011813538148999214,1.1742715287255123e-05,0.0012498461874201894,0.00013686875172425061,0.0008781094220466912,0.0005647526704706252,0.0005671369144693017,0.00015421771968249232,5.2933987717551645e-06,1.5430781786562875e-05,0.00013901741476729512,0.0009166907402686775,0.0002767108380794525,0.00030831521144136786,0.00039106025360524654,0.0003724027774296701
200002,0.0002597822458483279,3.0390703614102677e-05,2.004179623327218e-05,0.000884551031049341,0.002050419570878148,0.00014983757864683867,6.149637920316309e-05,5.671897088177502e-05,1.8094109691446647e-05,7.015053415670991e-05,1.2747232176479883e-05,4.863322374148993e-06,0.0002869510790333152,4.0224487747764215e-05,2.8664828278124332e-05,6.724076956743374e-05,0.00038451424916274846,5.096564564155415e-05,7.798102160450071e-06,1.918852467497345e-05,6.0588026826735586e-05,6.535000920848688e-06,6.837043201812776e-06,7.066409580147592e-06,0.0006505663623102009,0.0002091004716930911,6.428226697607897e-06,0.00028282805578783154,1.551211425976362e-05,4.8122919906745665e-06,3.213619493180886e-05,6.356502854032442e-05,0.0025593123864382505,1.681093272054568e-05,0.0008378321654163301,9.352529013995081e-05,1.2678927305387333e-05,0.00015409706975333393,0.0002815969637595117,0.0001502489612903446,0.0005500029074028134,4.948861169395968e-05,0.0016071622958406806,1.545560735394247e-05,1.766522018442629e-06,0.00014810421271249652,0.00026840801001526415,7.812425610609353e-05,0.0015780843095853925,0.00026928680017590523,0.0007112095481716096,0.00039807899156585336,0.0037353963125497103,0.0005683450144715607,8.289826837426517e-06,3.579054100555368e-05,1.0141316124645527e-05,2.550980934756808e-05,4.252263352100272e-06,0.00024079688591882586,2.922392923210282e-06,6.147010572021827e-05,7.92959617683664e-05,0.0011934805661439896,8.51249205879867e-06,0.0016488104593008757,0.0005161957815289497,0.0002920425613410771,0.0007004257058724761,9.391878847964108e-06,0.0012831559870392084,0.00012733493349514902,2.2108624762040563e-05,0.0006410721107386053,0.0002946636523120105,6.743867743352894e-06,0.0002727129904087633,3.9239013858605176e-05,4.3229165385128e-06,2.075569318549242e-05,8.105320739559829e-05,1.4935555554984603e-05,0.0023661255836486816,0.0004988839500583708,0.001330994418822229,1.9169565348420292e-05,3.338381793582812e-05,0.0011515392689034343,0.00010314155952073634,0.00021829646721016616,0.00024244977976195514,7.2368234214081895e-06,2.2064417862566188e-05,0.0028974665328860283,0.00043354270746931434,3.998486590717221e-06,0.0016671199118718505,0.00022578125935979187,8.419489859079476e-06,0.0011570618953555822,9.627841063775122e-05,0.0009378924733027816,0.0005135337123647332,0.000553784950170666,0.00017913024930749089,6.7971996031701565e-06,1.13438536573085e-05,0.00015317129145842046,0.0010126634733751416,0.00019627308938652277,0.00023911190510261804,0.00028494265279732645,0.00045361637603491545
200003,0.00018609524704515934,5.0531471060821787e-05,1.2206704923301004e-05,0.0007249946938827634,0.002109088934957981,0.00012020218855468556,9.061509626917541e-05,7.468955300282687e-05,4.0351817006012425e-05,0.00020595997921191156,9.754406164574903e-06,2.273609652547748e-06,0.0003019375435542315,3.172779906890355e-05,4.157473085797392e-05,5.2013128879480064e-05,0.0004930286668241024,4.739035648526624e-05,7.3002274803002365e-06,1.5204267583612818e-05,2.3574955775984563e-05,6.373171345330775e-06,5.446263457997702e-06,5.238719950284576e-06,0.000639521807897836,0.00023281593166757375,6.785829100408591e-06,0.0002360979706281796,1.3450516235025134e-05,6.466978447861038e-06,2.014778510783799e-05,3.031676897080615e-05,0.00426916079595685,1.8130647731595673e-05,0.0008487465092912316,0.00013812212273478508,2.483296520949807e-05,0.00019148262799717486,0.00026139026158489287,0.00015132600674405694,0.0006516255671158433,4.3846233893418685e-05,0.0016067995456978679,1.689212331257295e-05,2.399926415819209e-06,0.00010503839439479634,0.0002192118699895218,9.229791612597182e-05,0.0016879428876563907,0.0001967897842405364,0.0006715637864544988,0.00039024773286655545,0.003846200415864587,0.0006195893511176109,8.93451306183124e-06,6.510825187433511e-05,1.7462509276811033e-05,2.202643736382015e-05,5.359467650123406e-06,0.00019321010040584952,2.7877888442162657e-06,7.182263652794063e-05,5.4073272622190416e-05,0.001187003799714148,8.998080375022255e-06,0.0016057791654020548,0.0005786736728623509,0.0003154267615173012,0.0007263658917509019,6.1245582401170395e-06,0.0014559465926140547,0.0002343483647564426,1.8978405933012255e-05,0.0006824788870289922,0.0003263730905018747,5.84226017963374e-06,0.0003064713382627815,2.996424154844135e-05,8.451283065369353e-06,3.364832446095534e-05,0.00010088842827826738,2.2891623302712105e-05,0.0023071514442563057,0.00040423363680019975,0.0014756994787603617,1.1501443623274099e-05,4.1923562093870714e-05,0.0010560320224612951,0.00010766367631731555,0.00022386906493920833,0.00024223090440500528,1.1405941222619731e-05,3.065114651690237e-05,0.003026725258678198,0.0003642183437477797,7.652851309103426e-06,0.0017175694229081273,0.0006808157777413726,1.2906422853120603e-05,0.0012085698544979095,0.00012407040048856288,0.0009624268859624863,0.00048492822679691017,0.0005512878997251391,0.00013846023648511618,3.389588982827263e-06,1.0943686902464833e-05,0.00020942045375704765,0.0009040493750944734,0.00018786449800245464,0.0001842974015744403,0.0003398242115508765,0.0003421751316636801
200004,0.00023813873121980578,4.018631807412021e-05,1.254661492566811e-05,0.0006468397914431989,0.002110302448272705,0.00017884530825540423,8.512816566508263e-05,4.9843438318930566e-05,3.898340946761891e-05,0.00014821358490735292,9.285353371524252e-06,3.802632818405982e-06,0.000319707760354504,2.9049493605270982e-05,7.53226486267522e-05,7.782255852362141e-05,0.00048730967682786286,5.2882180170854554e-05,4.074385287822224e-06,1.6207506632781588e-05,1.3573579053627327e-05,6.600165306736017e-06,9.435943866265006e-06,7.896100214566104e-06,0.0006409359630197287,0.00022618065122514963,6.601298991881777e-06,0.00024132469843607396,1.35682303152862e-05,5.7452584769634996e-06,3.199892307748087e-05,3.186368485330604e-05,0.0008617750718258321,1.4043196642887779e-05,0.00081162917194888,7.879515760578215e-05,2.1534631741815247e-05,0.00017152976943179965,0.0003823814040515572,0.00016233971109613776,0.0006871672812849283,6.085711356718093e-05,0.0008721044287085533,1.817363408918027e-05,2.790553025988629e-06,9.492629033047706e-05,0.00023707783839199692,0.00011685142817441374,0.0017733590211719275,0.00016338194836862385,0.000678632000926882,0.00042161985766142607,0.00386217562481761,0.0006142497295513749,4.086181434104219e-06,4.320809239288792e-05,3.4555105230538175e-05,2.7120428057969548e-05,1.2040199180773925e-05,0.0001713276724331081,3.1671552278567106e-06,6.84081605868414e-05,5.132995647727512e-05,0.0011010275920853019,7.840922080504242e-06,0.0015658061020076275,0.0004993166076019406,0.0002970944333355874,0.0007892070570960641,5.961496299278224e-06,0.0014223348116502166,0.0001674898958299309,1.865945705503691e-05,0.0006560731562785804,0.00021379537065513432,1.1772720426961314e-05,0.0002731122949626297,2.4180004402296618e-05,4.234677817294141e-06,4.445750892045908e-05,0.0001394487189827487,1.088171575247543e-05,0.0023803184740245342,0.0004050519783049822,0.001164319459348917,1.2126742149121128e-05,3.267686770414002e-05,0.0011608118657022715,0.00014846128760837018,0.0001943017414305359,0.00019247889576945454,1.635462831472978e-05,2.3699620214756578e-05,0.0029679974541068077,0.0003586183302104473,6.082448180677602e-06,0.001760723884217441,0.000663350336253643,1.1811965123342816e-05,0.0013529557036235929,0.00012151424016337842,0.0008990613860078156,0.00040951897972263396,0.000602975080255419,0.00012743724801111966,4.658573288907064e-06,1.2869661986769643e-05,4.497091140365228e-05,0.0008543842704966664,0.0002085821033688262,0.00020318770839367062,0.0003560852783266455,0.00032098611700348556
200005,0.0001745749032124877,3.835488314507529e-05,1.3945073078502901e-05,0.0005301922792568803,0.00205475022085011,0.00012721285747829825,7.8263932664413e-05,5.234405762166716e-05,3.045953781111166e-05,0.00012763006088789552,8.897894076653756e-06,8.3781033026753e-06,0.00035287463106215,5.3655272495234385e-05,5.139556378708221e-05,9.814000077312812e-05,0.00047938473289832473,3.706067946041003e-05,4.207705842418363e-06,1.8063939933199435e-05,0.00012127534864703193,5.5300247367995325e-06,5.7060224207816646e-06,5.405249794421252e-06,0.0007918181945569813,0.00024206556554418057,6.083482276153518e-06,0.00024866065359674394,2.3303722628043033e-05,8.584021088609006e-06,2.3949382011778653e-05,4.411209738464095e-05,0.004512397106736898,1.852930108725559e-05,0.0007631823536939919,9.009862696984783e-05,2.410062006674707e-05,0.00020843101083301008,0.00039741414366289973,0.00015907801571302116,0.000740497896913439,5.4927011660765857e-05,0.0014983955770730972,1.4237612958822865e-05,3.680305553643848e-06,4.938828351441771e-05,0.00031519480398856103,4.282570807845332e-05,0.0015569421229884028,0.0001543586840853095,0.000676772731821984,0.00040728229214437306,0.003789443988353014,0.0005794227472506464,6.968681191210635e-06,3.7815229006810114e-05,2.470534309395589e-05,3.6866418668068945e-05,8.286552656500135e-06,0.0001997699000639841,3.1784450129634934e-06,8.47223709570244e-05,5.694832725566812e-05,0.0011014185147359967,4.744744728668593e-06,0.0013708733022212982,0.000525031122379005,0.0002625216729938984,0.0008244425989687443,1.0530561667110305e-05,0.0014367642579600215,0.00010067488619824871,1.4961792658141349e-05,0.0006639198400080204,0.0001829568500397727,6.520466286019655e-06,0.0002992665395140648,3.3912405342562124e-05,6.260131158342119e-06,2.8113425287301652e-05,9.690996375866234e-05,9.249772119801491e-06,0.002478203969076276,0.0004213837382849306,0.0011190928053110838,1.667463220655918e-05,3.864182508550584e-05,0.001269758096896112,0.0001187419329653494,0.0001935854961629957,0.00013536745973397046,3.497865918689058e-06,3.8138285162858665e-05,0.0031124029774218798,0.00036838266532868147,8.105783308565151e-06,0.0018163120839744806,0.00042271389975212514,1.0017180102295242e-05,0.0012885589385405183,0.00015150292892940342,0.0008859650115482509,0.00042571689118631184,0.0006604185909964144,0.0001492948067607358,3.1617209970136173e-06,9.464908544032369e-06,0.0001160766405519098,0.0009238795610144734,0.0001555003400426358,0.0002198659349232912,0.00038545424467884004,0.0003278263902757317
200006,0.00018869723135139793,2.485790173523128e-05,1.3399393537838478e-05,0.000560578191652894,0.0020913805346935987,0.0001221402344526723,0.00012287255958653986,8.816943591227755e-05,4.476484173210338e-05,0.0002071884082397446,9.426899850950576e-06,5.661977866111556e-06,0.0003983379574492574,4.28894127253443e-05,7.204306166386232e-05,7.201822882052511e-05,0.0004998987424187362,4.018127219751477e-05,6.0024717640772e-06,1.1968604667345062e-05,4.731748049380258e-05,8.84563814906869e-06,1.141299435403198e-05,5.5458458518842235e-06,0.0006528588710352778,0.00020631974621210247,8.667883776070084e-06,0.0002709464752115309,2.443963421683293e-05,4.893970981356688e-06,1.731074007693678e-05,4.890296622761525e-05,0.0012126342626288533,1.29724949147203e-05,0.0008957342361100018,7.98875407781452e-05,1.3397837392403744e-05,0.000202630486455746,0.00040023826295509934,0.00022555087343789637,0.0006609017145819962,5.67233219044283e-05,0.0010501125361770391,1.4336182175611611e-05,2.2418682874558726e-06,4.6202807425288484e-05,0.0003200847131665796,8.58725979924202e-05,0.0016462741186842322,0.0001816864823922515,0.0006051392992958426,0.0005824660183861852,0.0037790145725011826,0.0004631980846170336,2.7792300443252316e-06,5.326772588887252e-05,3.35754593834281e-05,2.7931853765039705e-05,2.1407877284218557e-05,0.0001545796258142218,3.2615698728477582e-06,9.488698560744524e-05,5.510816117748618e-05,0.0010546607663854957,5.913193035667064e-06,0.001434300560504198,0.0005382646922953427,0.00028600715450011194,0.0007769160438328981,5.399912879511248e-06,0.001407811651006341,0.00016852184489835054,2.2803182218922302e-05,0.00067080621374771,0.00019303576846141368,1.3138307622284628e-05,0.000297033810056746,5.677746230503544e-05,3.837606982415309e-06,4.934532262268476e-05,0.00011246947542531416,9.3105145424488e-06,0.002533284015953541,0.0004621116677299142,0.0014292962150648236,1.6466436136397533e-05,1.8313072359887883e-05,0.0012766021536663175,0.0001427784445695579,0.00020650312944781035,0.00016493744624312967,1.4088688658375759e-05,4.452829307410866e-05,0.003218086203560233,0.0003464823239482939,4.943215571984183e-06,0.0017437920905649662,0.002365608001127839,7.82419192546513e-06,0.0013920728815719485,0.00010156058851862326,0.0008607368799857795,0.00042028632014989853,0.0007919853669591248,0.00017104638391174376,7.07151275491924e-06,7.338632258324651e-06,6.496776040876284e-05,0.0008754445007070899,0.00020836599287576973,0.00020728773961309344,0.0003211396106053144,0.00030083252931945026
200007,0.0001836020383052528,3.382802606211044e-05,1.1349587111908477e-05,0.0006315791397355497,0.0019851161632686853,0.000140607007779181,6.550872785737738e-05,6.284787377808243e-05,4.598344457917847e-05,0.00016611532191745937,7.108243607945042e-06,9.44082967180293e-06,0.00038913008756935596,5.485667134053074e-05,4.4081491068936884e-05,0.00010001939517678693,0.0005817536730319262,3.8253194361459464e-05,7.1717367973178625e-06,1.7473703337600455e-05,3.195257522747852e-05,7.790605195623357e-06,6.304996531980578e-06,6.7693863456952386e-06,0.0008066180162131786,0.0002446005237288773,8.009270459297113e-06,0.0002128675696440041,1.833136957429815e-05,1.3997894711792469e-05,3.619934796006419e-05,4.575421553454362e-05,0.0006131725967861712,1.875795169326011e-05,0.0008768907864578068,9.071827662410215e-05,2.7048090487369336e-05,0.00015960674500092864,0.00043858017306774855,0.000278789404546842,0.0006658855709247291,9.067168139154091e-05,0.0020674625411629677,2.933717223640997e-05,2.781184321065666e-06,6.48129207547754e-05,0.00029928062576800585,8.424530096817762e-05,0.0015782596310600638,0.00014681728498544544,0.0006609310512430966,0.00037549613625742495,0.0036165278870612383,0.0004802787443622947,3.2258885767078027e-06,6.446518091252074e-05,2.4923438104451634e-05,3.5475579352350906e-05,1.7991829736274667e-05,0.00018418928084429353,5.023930043535074e-06,7.632563938386738e-05,4.062751031597145e-05,0.0011652997927740216,8.258394700533245e-06,0.0013768641510978341,0.0005035569192841649,0.0002654238196555525,0.0008638784056529403,1.0141166058019735e-05,0.0014102307613939047,0.00013025561929680407,1.7033082258421928e-05,0.0006645451067015529,0.00017326910165138543,1.3172197213862091e-05,0.000328941474435851,5.203809269005433e-05,5.069254257250577e-06,3.3179763704538345e-05,0.00011365253158146515,1.0876105989154894e-05,0.0025236522778868675,0.0002674311399459839,0.001348548918031156,2.3637732738279738e-05,2.4862996724550612e-05,0.0011919725220650434,0.00016552969464100897,0.00019969786808360368,0.00016929877165239304,9.516242243989836e-06,3.7530411646002904e-05,0.0031940215267241,0.0003748966846615076,1.0224317520624027e-05,0.0017986590974032879,0.002142741810530424,1.5124685887712985e-05,0.00135915563441813,0.00010137588833458722,0.0009023734019137919,0.000332847295794636,0.000831030250992626,0.00012910881196148694,1.0848858664758154e-06,9.176727871818002e-06,2.3798793336027302e-05,0.0007452935096807778,0.00021358464437071234,0.00019838774460367858,0.00030651368433609605,0.0003217087942175567
200008,0.000156922047608532,6.0247646615607664e-05,1.0715396456362214e-05,0.0007568518631160259,0.0020458907820284367,0.0001831801637308672,7.409061799990013e-05,5.907634840696119e-05,4.7010573325678706e-05,0.00016359046276193112,8.022691872611176e-06,3.870815817208495e-06,0.0004664879816118628,5.131258876645006e-05,6.328083691187203e-05,6.370457413140684e-05,0.0005896892980672419,6.557730375789106e-05,3.2027182896854356e-06,1.5024955246190075e-05,2.3362394131254405e-05,6.1374153119686525e-06,1.1425002412579488e-05,8.204710866266396e-06,0.0011486774310469627,0.00020974341896362603,5.414757652033586e-06,0.00025848313816823065,2.2377724235411733e-05,7.187588835222414e-06,3.751712938537821e-05,4.3205986003158614e-05,0.0006754031637683511,1.6735797544242814e-05,0.0008350394782610238,7.952385931275785e-05,1.5218283806461841e-05,0.00020443892572075129,0.0003779340477194637,0.0002017483493546024,0.0006327515002340078,5.7444576668785885e-05,0.0014037572545930743,1.801215512386989e-05,2.6928466922981897e-06,7.362358155660331e-05,0.0002840662491507828,0.00010243711585644633,0.001532816793769598,0.00018326273129787296,0.0006974444258958101,0.0004319842264521867,0.00394361512735486,0.0005110489437356591,6.7461667185853e-07,6.733808550052345e-05,2.2573329260922037e-05,3.3918433473445475e-05,4.356881163403159e-06,0.00021327588183339685,3.26948361362156e-06,6.181488424772397e-05,7.044977974146605e-05,0.001201963284984231,9.015767318487633e-06,0.0012492518872022629,0.0005988747579976916,0.0002536163665354252,0.0008498773095197976,8.319895641761832e-06,0.001384112285450101,0.00012787198647856712,2.0385661628097296e-05,0.0006526923971250653,0.0001992130564758554,7.471262051694794e-06,0.0003235696640331298,4.186933801975101e-05,5.566835170611739e-06,2.8180618755868636e-05,0.00010299599671270698,1.353528568870388e-05,0.002348333364352584,0.0006646549445576966,0.0015369091415777802,2.1785379431094043e-05,1.954271283466369e-05,0.0013055495219305158,0.0002876630751416087,0.00015847387840040028,0.00014026650751475245,3.4142765343858628e-06,3.0434686777880415e-05,0.0034220546949654818,0.0003773595963139087,9.797462553251535e-06,0.0018372589256614447,0.0032191635109484196,1.48669159898418e-05,0.001319998293183744,0.00012021516886306927,0.000894116354174912,0.00033585363416932523,0.0007192406919784844,0.00018703352543525398,8.695425094629172e-06,1.503748990216991e-05,7.967184501467273e-05,0.0008131517097353935,0.00027041108114644885,0.00016891055565793067,0.00033437731326557696,0.0003360201371833682
200009,0.00017777241009753197,5.7518453104421496e-05,1.2804003745259251e-05,0.000546070106793195,0.0020036499481648207,0.00013934067101217806,6.995126022957265e-05,5.402804890763946e-05,6.033515091985464e-05,0.00020559877157211304,9.513668373983819e-06,4.544016064755851e-06,0.000431039952673018,5.150486686034128e-05,8.227729995269328e-05,7.264953455887735e-05,0.0006935507408343256,6.209409912116826e-05,6.483754987129942e-06,1.6310528735630214e-05,2.036751902778633e-05,7.844409992685542e-06,7.444494258379564e-06,1.583592893439345e-05,0.001417416031472385,0.00026248747599311173,7.140999059629394e-06,0.00019917874305974692,2.989067797898315e-05,6.658996426267549e-06,2.8798405764973722e-05,5.395283005782403e-05,0.00046949685201980174,1.4893038496666122e-05,0.0008739873301237822,6.682761159026995e-05,2.6870065994444303e-05,0.00018359451496507972,0.00041629455517977476,0.00016651835176162422,0.0005803623935207725,7.089697464834899e-05,0.001153230550698936,1.8863307559513487e-05,7.333752819249639e-06,4.863873982685618e-05,0.00028449512319639325,5.382252129493281e-05,0.0015737098874524236,0.00015031172370072454,0.0007125856354832649,0.0004508041020017117,0.003840693971142173,0.0004825956129934639,5.163528840057552e-06,8.171795343514532e-05,1.9053677533520386e-05,2.8534295779536478e-05,3.511306658765534e-06,0.00018447298498358577,2.9137795536371414e-06,6.367893365677446e-05,4.0505765355192125e-05,0.0011547704925760627,1.294657340622507e-05,0.0014705590438097715,0.0005908216699026525,0.0002927278110291809,0.0008690718677826226,6.183045570651302e-06,0.0014921666588634253,0.00018878529954236,2.046371992037166e-05,0.0006638682098127902,0.00015633294242434204,6.008381205901969e-06,0.0003210433351341635,2.9472957976395264e-05,7.068987997627119e-06,2.6490668460610323e-05,0.0001233092334587127,1.4778157492401078e-05,0.002431031782180071,0.0006566006923094392,0.0015645172679796815,2.815508923958987e-05,2.3232063540490344e-05,0.0011069076135754585,0.00015868085029069334,0.0001609771716175601,0.0001499016652815044,6.070477866160218e-06,3.862529047182761e-05,0.003052794374525547,0.00041011383291333914,1.2301425158511847e-05,0.0018006152240559459,0.0005774610908702016,8.694333700987045e-06,0.00130692298989743,7.882490172050893e-05,0.0009680092334747314,0.0003765297878999263,0.0006712728063575923,0.00018248484411742538,4.439670192368794e-06,1.1412400453991722e-05,7.060160714900121e-05,0.0008732622372917831,0.0002019932580878958,0.00012823079305235296,0.00037330258055590093,0.00028453514096327126
200010,0.00020970212062820792,3.986843876191415e-05,2.095716990879737e-05,0.0006895483820699155,0.001959865679964423,0.00023618726118002087,0.00011525669106049463,6.437391857616603e-05,4.35300862591248e-05,0.00019730320491362363,9.874714123725425e-06,5.541422524402151e-06,0.00044110973249189556,5.876343493582681e-05,6.786471203668043e-05,5.5104817874962464e-05,0.0006086726789362729,7.438554894179106e-05,4.871125383942854e-06,1.3100423529976979e-05,3.997881503892131e-05,4.7518915380351245e-06,9.480002518102992e-06,6.290369128691964e-06,0.0008196591516025364,0.00021074914548080415,4.4968810470891185e-06,0.0001755677949404344,2.1664229279849678e-05,8.858951332513243e-06,2.924492218880914e-05,7.272626680787653e-05,0.0005225912318564951,1.406314731866587e-05,0.0008476598304696381,8.345491369254887e-05,2.5525790988467634e-05,0.0001667500037001446,0.0002920352853834629,0.00016046903328970075,0.000601469015236944,5.812372546643019e-05,0.0008695885189808905,3.417716288822703e-05,4.448414983926341e-06,6.873862002976239e-05,0.00032463466050103307,8.631840319139883e-05,0.001361113740131259,0.0001396521838614717,0.0006676056073047221,0.00042882119305431843,0.003815531264990568,0.0005048534367233515,6.967198260099394e-06,4.0274884668178856e-05,3.702526373672299e-05,3.8268928619800135e-05,8.073198841884732e-06,0.00019151695596519858,7.347558721448877e-07,9.088603110285476e-05,5.445423812489025e-05,0.0009813926881179214,5.514523763849866e-06,0.0015289891744032502,0.0005627878126688302,0.00025330710923299193,0.0007856464362703264,4.138148142374121e-06,0.0014958572573959827,0.00017648053471930325,1.5238562809827272e-05,0.0006106303189881146,0.00020735141879413277,1.4001761883264408e-05,0.0003432001976761967,4.466057725949213e-05,2.922882458733511e-06,2.9073051337036304e-05,0.00015947232895996422,7.601653578603873e-06,0.002253597369417548,0.0005462333210743964,0.001397511688992381,1.629133112146519e-05,3.856471448671073e-05,0.001216461299918592,0.00019551960576791316,0.00017151921929325908,0.00011884874402312562,1.9769640857703052e-05,3.763997301575728e-05,0.0031808861531317234,0.0004224852309562266,1.255654660781147e-05,0.0017878912622109056,0.0023027327843010426,9.283535291615408e-06,0.0014282152988016605,8.638264262117445e-05,0.0009186689858324826,0.0004108776629436761,0.0006741954130120575,0.00019693236390594393,4.906470621790504e-06,1.0770621884148568e-05,7.98065957496874e-05,0.0008434646297246218,0.00019507494289427996,0.00016213134222198278,0.00035041046794503927,0.00022730759519618005
200011,0.00010996672790497541,3.7163394154049456e-05,1.923128729686141e-05,0.0007075376342982054,0.0020362958312034607,0.00018268632993567735,0.00012575500295497477,6.752060289727524e-05,5.6971024605445564e-05,0.00039318224298767745,8.527242243872024e-06,4.610721134667983e-06,0.0003618447808548808,3.851759174722247e-05,7.057900074869394e-05,6.296452920651063e-05,0.0008405474363826215,6.067940921639092e-05,4.592091954691568e-06,1.113791859097546e-05,4.201109186396934e-05,7.241824732773239e-06,7.445699793606764e-06,1.0676782949303742e-05,0.0007482226355932653,0.00024345166457351297,8.22326273919316e-06,0.0002445511636324227,2.643046173034236e-05,1.1928593266929965e-05,5.4962991271167994e-05,4.890692434855737e-05,0.0012831836938858032,3.216739060007967e-05,0.0007107232231646776,9.208948904415593e-05,1.3144553122401703e-05,0.00017046992434188724,0.00030752448947168887,0.00016806123312562704,0.0005791225121356547,5.436194987851195e-05,0.0017334147123619914,3.608426413848065e-05,1.7262517530980404e-06,7.412504055537283e-05,0.00033538852585479617,8.76402627909556e-05,0.0011813028249889612,9.823017899179831e-05,0.0005651450483128428,0.0006950447568669915,0.004130067303776741,0.0006126725347712636,1.9138208244839916e-06,6.81438177707605e-05,3.835903407889418e-05,2.7326643248670734e-05,1.7924099665833637e-05,0.0002459269016981125,4.442231329448987e-06,9.162083733826876e-05,2.6518020604271442e-05,0.0010637472150847316,6.437006504711462e-06,0.0015319057274609804,0.0007030318956822157,0.0002338383928872645,0.0008797416230663657,5.683031304215547e-06,0.0013185585848987103,0.00020562495046760887,2.0575980670400895e-05,0.0007327281055040658,0.0002256394363939762,2.734688314376399e-05,0.00032621025457046926,4.584092312143184e-05,6.187124199641403e-06,2.4052940716501325e-05,0.00018758425721898675,5.83476503379643e-06,0.002447062637656927,0.0005462662084028125,0.001364253694191575,1.7865853806142695e-05,2.755746572802309e-05,0.0010353794787079096,0.0001289090287173167,0.00019405366037972271,0.00011173928214702755,1.0350318916607648e-05,3.463431858108379e-05,0.0034038613084703684,0.00037724911817349494,9.409484846401028e-06,0.0019047758542001247,0.002787082688882947,1.5251004697347526e-05,0.001376243308186531,7.670622289879248e-05,0.0010401991894468665,0.00045937439426779747,0.0005729164695367217,0.00022590250591747463,1.0295085530742654e-06,1.0869914149225224e-05,2.927039167843759e-05,0.0006198485498316586,0.00016218613018281758,8.697390876477584e-05,0.0003598736657295376,0.00024643162032589316
200012,7.873920549172908e-05,3.383240255061537e-05,2.4548729925299995e-05,0.0005437468644231558,0.0020128334872424603,0.0001555280468892306,9.718583169160411e-05,8.285686635645106e-05,5.147777483216487e-05,0.0004804776981472969,7.092772648320533e-06,4.865090431849239e-06,0.0003510895185172558,4.0220671507995576e-05,8.216384594561532e-05,9.219216735800728e-05,0.0009137163287959993,3.0057562980800867e-05,7.384570835711202e-06,2.9079679734422825e-05,2.44073526118882e-05,9.612995199859142e-06,1.2085296475561336e-05,4.8540832722210325e-06,0.0007727821939624846,0.0002326075336895883,1.1616334631980862e-05,0.0002734533918555826,3.061339521082118e-05,1.151343803940108e-05,4.082048690179363e-05,6.767728336853907e-05,0.0005104911979287863,2.0011271772091277e-05,0.000616303295828402,2.552523073973134e-05,8.070211151789408e-06,0.00017920714162755758,0.00027556600980460644,8.65415931912139e-05,0.0005350832943804562,6.224839307833463e-05,0.0008831754676066339,4.945827095070854e-05,2.022329681494739e-06,6.313948688330129e-05,0.0003804329608101398,0.00012457420234568417,0.0008873037295415998,0.00011236478894716129,0.0006168302497826517,0.0007479613414034247,0.004239723552018404,0.0005599596188403666,4.444939349923516e-06,4.084527608938515e-05,1.8285727492184378e-05,2.1525889678741805e-05,6.660266080871224e-06,0.00027377091464586556,1.7095800330935162e-06,0.00012952269753441215,3.44670879712794e-05,0.0010468006366863847,4.976444415660808e-06,0.0016186265274882317,0.0008335692109540105,0.00031393670360557735,0.0007350664818659425,3.265144869146752e-06,0.001157592050731182,0.00017111455963458866,2.4399399990215898e-05,0.0006295153871178627,0.00032000071951188147,1.932922714331653e-05,0.00035997905069962144,5.041305848862976e-05,8.675074241182301e-06,2.8296060918364674e-05,0.00022755276586394757,1.6288151527987793e-05,0.0025056488811969757,0.0005799196078442037,0.0015595945296809077,1.2964770576218143e-05,1.4317481145553757e-05,0.0007939987699501216,0.00019637920195236802,0.00016034631698857993,0.00018798114615492523,9.015933756018057e-06,4.1370738472323865e-05,0.003630310297012329,0.000400702963816002,1.8843848010874353e-05,0.0019394318806007504,0.0003204018867108971,1.1029004781448748e-05,0.0016710942145437002,8.993933442980051e-05,0.0008910148753784597,0.0004391664988361299,0.0005956036038696766,0.00014420606021303684,4.168741725152358e-06,1.080136098607909e-05,9.240813233191147e-05,0.0005092702922411263,0.00018924902542494237,7.164684939198196e-05,0.0003147980023641139,0.0002217370638391003
200101,0.0005250101094134152,0.00026572815841063857,5.542672079172917e-05,0.002274848520755768,0.0026993199717253447,0.00038288626819849014,0.00028871948597952724,0.0003866532351821661,0.000259082909906283,0.0014107255265116692,0.00016650778707116842,6.738091178704053e-05,0.0012310342863202095,0.00025448171072639525,0.00011777522013289854,0.0004893769510090351,0.001253642956726253,0.000184348551556468,5.8342509873909876e-05,0.00013913442671764642,0.000177553782123141,5.8814261137740687e-05,7.606743020005524e-05,5.475489160744473e-05,0.001921988558024168,0.0003180140338372439,3.065768032683991e-05,0.0010685853194445372,0.00011059452663175762,8.654646808281541e-05,0.0003344824071973562,0.00014439111691899598,0.004377070814371109,7.099483627825975e-05,0.001000049989670515,0.0002926974557340145,4.646478555514477e-05,0.0007992649916559458,0.0006216397741809487,0.0006644147215411067,0.00088857626542449,0.00017726249643601477,0.0027882878202944994,0.0005005606799386442,4.319426807342097e-05,0.0001716944098006934,0.0005180027219466865,0.0001543288235552609,0.0017885398119688034,0.0004349848604761064,0.0011347923427820206,0.0016575419576838613,0.004886571317911148,0.001259683514945209,5.374601096264087e-05,0.0003756972146220505,0.00023841316578909755,8.588931814301759e-05,6.995005969656631e-05,0.000414999492932111,0.00011352388537488878,0.00035364110954105854,0.000133641209686175,0.0014780645724385977,8.752898429520428e-05,0.001738523948006332,0.0012457144912332296,0.0011930131586268544,0.0012029553763568401,6.967463559703901e-05,0.001976301893591881,0.0007582218968309462,0.00031154791940934956,0.0014135095989331603,0.00045251453411765397,0.00015308780712075531,0.0005610687658190727,0.0007102762465365231,0.00012450844224076718,0.00019632169278338552,0.0006660930230282247,7.651818305021152e-05,0.0037186818663030863,0.0012462115846574306,0.001836308278143406,0.00010324751929147169,0.00015300599625334144,0.0014235196867957711,0.00023194047389551997,0.0004157863440923393,0.0009862766601145267,0.00013662614219356328,0.00022289922344498336,0.004424205515533686,0.0006920230225659907,0.0001565900311106816,0.0023613779339939356,0.004874040372669697,7.277427357621491e-05,0.002203552518039942,0.0001709811040200293,0.0008157147094607353,0.0011693228734657168,0.0008503525168634951,0.00021548087534029037,0.00011242355685681105,8.581703150412068e-05,0.001475840457715094,0.001254300237633288,0.00029041411471553147,0.000394469010643661,0.0004646318848244846,0.0006664135726168752
200102,0.00022796554549131542,0.00028410780942067504,9.595831215847284e-05,0.0016412875847890973,0.0029361445922404528,0.0003190463758073747,0.00028064980870112777,0.00021366335568018258,0.0002091533096972853,0.0017820666544139385,0.00014966980961617082,3.5828936233883724e-05,0.0012370893964543939,0.0002108999469783157,0.00011467053991509601,0.0004286394396331161,0.001240983372554183,0.0002078559627989307,5.706658339477144e-05,8.368287672055885e-05,0.0002005266142077744,4.8242185584967956e-05,0.00012501726450864226,0.00011073164932895452,0.0010371096432209015,0.00031313393265008926,6.139714969322085e-05,0.0010848063975572586,0.00010958669008687139,0.0001624382712179795,0.0003249930450692773,0.00021356619254220277,0.0009421972208656371,8.31547295092605e-05,0.000863116467371583,0.00022318541596177965,3.982300404459238e-05,0.0008136655669659376,0.0005712651181966066,0.0006953135598450899,0.0008662652689963579,0.00014789096894674003,0.001984028145670891,0.0006095683202147484,2.5080336854443885e-05,0.00013319322897586972,0.0006345242145471275,0.00024165718059521168,0.0018725695554167032,0.0004917456535622478,0.0014261300675570965,0.001701161963865161,0.00523812510073185,0.001083415700122714,4.168729719822295e-05,0.0002570374635979533,0.00024318939540535212,0.00011091069609392434,0.0001175208599306643,0.00037491865805350244,9.194494487019256e-05,0.00042615720303729177,0.00021655285672750324,0.0016937904292717576,8.22351430542767e-05,0.002283145673573017,0.0012464593164622784,0.0012267593992874026,0.0010041494388133287,5.779190905741416e-05,0.0020216701086610556,0.000724256329704076,0.00037691593752242625,0.0012933786492794752,0.00037794187664985657,0.0001710130018182099,0.0004982483224011958,0.0007626094156876206,9.557730663800612e-05,0.00019981867808382958,0.0004993241745978594,5.590062937699258e-05,0.004185833502560854,0.0011252111289650202,0.002191841835156083,0.000105043756775558,0.0001341546740150079,0.0008628692594356835,0.00022628488659393042,0.0004083123349118978,0.0008216644055210054,0.00013242910790722817,0.00016380212036892772,0.004163464996963739,0.000788537843618542,0.00014897850633133203,0.0023148597683757544,0.004493497312068939,7.943716627778485e-05,0.0026343148201704025,0.0001096538471756503,0.0008652933756820858,0.0010450836271047592,0.0007330550579354167,0.00028297529206611216,8.853102190187201e-05,6.0908481827937067e-05,0.0014815623871982098,0.0011995512759312987,0.00026827267720364034,0.00031279405811801553,0.0005216814461164176,0.0005719407345168293
200103,0.00023840670473873615,0.00029690584051422775,6.8908222601749e-05,0.0016732547665014863,0.0026699653826653957,0.00023622740991413593,0.00022821560560259968,0.00020783529907930642,0.00025326939066872,0.0015596982557326555,0.000119634838483762,5.002270336262882e-05,0.0010873565915971994,0.00020192729425616562,0.00012401386629790068,0.000376787967979908,0.0016076609026640654,0.00017300384934060276,5.251638140180148e-05,0.00015656054893042892,0.0001750257652020082,4.6115128498058766e-05,8.540453563909978e-05,7.051528518786654e-05,0.0005975996027700603,0.00044183494173921645,4.749067375087179e-05,0.0009912519017234445,0.00011554513912415132,0.0001352082908852026,0.0003997259773313999,0.00016516578034497797,0.0057308608666062355,6.855611718492582e-05,0.0008762850193306804,0.0002764823439065367,5.146429248270579e-05,0.0008117326651699841,0.0006002245936542749,0.0007725211908109486,0.00088359514484182,0.00015131651889532804,0.0020589318592101336,0.0004762380849570036,5.462988337967545e-05,0.0001385000068694353,0.0006195046589709818,0.0002266607480123639,0.0017448175931349397,0.0003918067959602922,0.0016224688151851296,0.001988919684663415,0.004674071911722422,0.001242347527295351,3.368235411471687e-05,0.00015997297305148095,0.0002430010645184666,0.00011729130346793681,8.680093742441386e-05,0.0004595850477926433,0.00010508771083550528,0.00039869610918685794,0.00015400674601551145,0.0015609962865710258,0.00010906114766839892,0.0019382418831810355,0.0012380914995446801,0.0011752062710002065,0.0011041989782825112,4.239054032950662e-05,0.002066400134935975,0.000863993598613888,0.0003146589151583612,0.0012667636619880795,0.00048267978127114475,0.00014752181596122682,0.000551197212189436,0.0007642681594006717,0.00010325504263164476,0.0001908927079057321,0.0006355200312100351,6.423776358133182e-05,0.004473951179534197,0.0011288716923445463,0.001876744907349348,7.306466432055458e-05,0.00019858989981003106,0.0011232892284169793,0.0002595850091893226,0.0004113528993912041,0.0009014183306135237,9.68380190897733e-05,0.0001626855373615399,0.004579616244882345,0.0007423978531733155,0.0001766889326972887,0.002621658146381378,0.00899174902588129,7.239141996251419e-05,0.00213693012483418,0.00019007617083843797,0.0010151200694963336,0.0012426734901964664,0.000721359218005091,0.00026439124485477805,0.00013242251588962972,8.493509085383266e-05,0.0014104838483035564,0.001101408968679607,0.00024116247368510813,0.00021509057842195034,0.0006408755434677005,0.0005389205762185156
200104,0.0005111924256198108,0.00029067645664326847,7.052784349070862e-05,0.004506194498389959,0.0027300561778247356,0.0003140181943308562,0.0002360216894885525,0.0002177311689592898,0.00020782985666301101,0.001423866138793528,0.0001786298817023635,7.492530858144164e-05,0.001355247455649078,0.0001633421634323895,9.207070979755372e-05,0.0003313105262350291,0.0013945639366284013,0.0002132439403794706,5.416505882749334e-05,9.422752918908373e-05,0.0002791327715385705,3.994807048002258e-05,9.513121040072292e-05,0.00010193847992923111,0.0008050563046708703,0.0004052832955494523,2.1366402506828308e-05,0.0009088779333978891,0.00010257741814712062,9.378606046084315e-05,0.0003198538033757359,0.00013833600678481162,0.005307204555720091,7.660177652724087e-05,0.0009005707106553018,0.0002915200893767178,3.621665746322833e-05,0.0009024211321957409,0.000696166418492794,0.0007444462971761823,0.0008539361879229546,0.00021302024833858013,0.0020092776976525784,0.0003185173845849931,6.609151023440063e-05,6.993335409788415e-05,0.0008003530092537403,0.00021304872643668205,0.0018778335070237517,0.0006704581319354475,0.0012112297117710114,0.002888525603339076,0.004681403283029795,0.0011748778633773327,4.687860928243026e-05,0.00021172135893721133,0.0002532476792111993,0.00012065142800565809,0.00011236769205424935,0.0003939320449717343,6.799190305173397e-05,0.0004979174700565636,0.00019964648527093232,0.0016328715719282627,8.67275521159172e-05,0.00206593400798738,0.0011378743220120668,0.0013770537916570902,0.0010066506220027804,5.079347829450853e-05,0.002244673203676939,0.0007811345858499408,0.0003080453025177121,0.0013705500168725848,0.00034973479341715574,0.00010784989717649296,0.0005209738737903535,0.0006047742208465934,9.734549530548975e-05,0.0002176437119487673,0.0006305559072643518,5.494446668308228e-05,0.004637531936168671,0.0008733172435313463,0.0021570115350186825,9.430605859961361e-05,0.0002353159070480615,0.0012603492941707373,0.0002348278067074716,0.00036540094879455864,0.0007981793605722487,0.00019093685841653496,0.0001516411721240729,0.004576545208692551,0.0007070633582770824,0.00015564201748929918,0.002946420107036829,0.009366077370941639,7.758900756016374e-05,0.0019401476019993424,0.00033192799310199916,0.0008402754319831729,0.0012927009956911206,0.000756479799747467,0.00029449284193105996,0.00014285567158367485,7.808051304891706e-05,0.0012647748226299882,0.0012590851401910186,0.00033220648765563965,0.00021120136079844087,0.0005533182411454618,0.0007175146602094173
200105,0.0005247480585239828,0.00030441812123171985,9.092633990803733e-05,0.0018359004752710462,0.002685357816517353,0.0003535618889145553,0.00016488961409777403,0.00020955572836101055,0.00016049099212978035,0.0012889152858406305,0.00018141735927201807,7.756669219816104e-05,0.0014290957478806376,0.0001757750433171168,0.00012821315613109618,0.00034546255483292043,0.0014120052801445127,0.00026043137768283486,4.0731389162829146e-05,0.000127173843793571,0.00031852370011620224,7.283635204657912e-05,0.00010262557043461129,9.629646228859201e-05,0.0008132366347126663,0.00046743088751100004,4.7965848352760077e-05,0.000612876727245748,0.00010595595085760579,6.459568248828873e-05,0.0003485005290713161,0.00010647143790265545,0.004884420428425074,0.0001067647899617441,0.0012434651143848896,0.0002211608225479722,3.243764513172209e-05,0.0009417779510840774,0.0005443730624392629,0.0007400049944408238,0.0007450143457390368,0.00011197727144462988,0.00301750679500401,0.00011444373376434669,5.0976417696801946e-05,0.00011007740249624476,0.000852028199005872,0.00024429187760688365,0.0018504037288948894,0.000916812103241682,0.001312983687967062,0.0021731595043092966,0.006251396611332893,0.001170505303889513,2.0430430595297366e-05,0.00025093017029576004,0.0002409291046205908,0.00010604908311506733,8.713296119822189e-05,0.0004054751479998231,5.1396309572737664e-05,0.00043852024828083813,0.00014297090820036829,0.0020654869731515646,9.043447789736092e-05,0.0020836314652115107,0.00094767747214064,0.0014654349070042372,0.0012006990145891905,7.776379788992926e-05,0.0019673537462949753,0.0008571112412028015,0.000353160867234692,0.0013145084958523512,0.0003583095676731318,0.00011191958037670702,0.0005595127586275339,0.0007583820261061192,4.009443364338949e-05,0.0001733985118335113,0.0005505513399839401,5.312234134180471e-05,0.004172691609710455,0.000986886559985578,0.002080004196614027,5.9601694374578074e-05,0.0003049786319024861,0.001222575781866908,0.00013802506146021187,0.0003280054952483624,0.0007416871376335621,0.00015475279360543936,0.0002648336230777204,0.0044267564080655575,0.0006341811385937035,0.0001780803722795099,0.002585030859336257,0.010557453148066998,7.419869507430121e-05,0.0021261214278638363,0.00038244912866503,0.0008126713801175356,0.0013970242580398917,0.0009873569943010807,0.0002956915704999119,0.0001028614497045055,7.713749801041558e-05,0.001201357925310731,0.0013267629547044635,0.00036720113712362945,0.00010176376235904172,0.0005437232321128249,0.0006759389070793986
200106,0.0004131252062506974,0.00032092438777908683,5.6696826504776254e-05,0.002221821341663599,0.0025656127836555243,0.00038277555722743273,0.00019758875714614987,0.00021120432938914746,0.0001884977682493627,0.0014585941098630428,0.00014793593436479568,9.522217442281544e-05,0.0013303697342053056,0.0003136013983748853,0.00017382025544065982,0.00036923072184436023,0.0016520606586709619,0.00026596186216920614,7.0568872615695e-05,0.00010457634198246524,0.00039239373290911317,9.838821279117838e-05,0.00010762509919004515,0.00013269015471450984,0.0006566126830875874,0.0004259714623913169,0.0001328104262938723,0.0008425434352830052,9.57127776928246e-05,0.00012217900075484067,0.0003725971910171211,0.000157855378347449,0.004872169811278582,0.0001022005089907907,0.0010324964532628655,0.00022354275279212743,3.5604683944256976e-05,0.0007820664905011654,0.000602683168835938,0.0008153212838806212,0.0008708777604624629,0.00022475917648989707,0.0029230769723653793,0.00021276612824294716,9.012315422296524e-05,9.48059605434537e-05,0.0009146101074293256,0.00041652846266515553,0.00224606366828084,0.0004227803729008883,0.001334764645434916,0.0037083630450069904,0.005070570856332779,0.001079721376299858,4.7097426431719214e-05,0.00030744695686735213,0.00019816981512121856,0.00013696560927201062,0.0001505030522821471,0.00041120898094959557,9.690646402304992e-05,0.0004372545809019357,0.00019284799054730684,0.0015334537019953132,0.00010424348874948919,0.001995517872273922,0.0013346730265766382,0.0015812184428796172,0.0012094464618712664,5.8066336350748315e-05,0.0020262536127120256,0.0007794914999976754,0.0002715262526180595,0.00136873300652951,0.00033197918673977256,0.0001896952308015898,0.0005327038816176355,0.0007540874648839235,3.4596545447129756e-05,0.0002153783425455913,0.0006446628831326962,5.6566717830719426e-05,0.004084872081875801,0.0009219868807122111,0.0022724505979567766,0.00010285131429554895,0.0002620487648528069,0.0009318572701886296,0.00022063154028728604,0.0004057346668560058,0.0007218560203909874,0.00018281416851095855,0.00022688700119033456,0.004794578067958355,0.0007862275233492255,0.00017077813390642405,0.002549733268097043,0.003351788967847824,8.394302858505398e-05,0.001849950640462339,0.00033969973446801305,0.001076132757589221,0.0015961852623149753,0.0007950879517011344,0.00021872443903703243,7.113753235898912e-05,6.353284697979689e-05,0.0009528415976092219,0.001007498474791646,0.00035571903572417796,0.00019215236534364522,0.0005198856233619153,0.0006257712375372648
200107,0.0007840446778573096,0.0002788255224004388,7.298617856577039e-05,0.002768873702734709,0.00265564420260489,0.00039556497358717024,0.00028113400912843645,0.00016926470561884344,0.00022675194486510009,0.0013306161854416132,0.00015098851872608066,8.428336877841502e-05,0.0013075561728328466,0.0001687386102275923,0.0001624781871214509,0.00047032107249833643,0.0014313581632450223,0.00023223066818900406,4.172240733169019e-05,0.0002546990290284157,0.0004011134442407638,5.163953028386459e-05,9.240560029866174e-05,0.00010947617556666955,0.0006396104581654072,0.0004893515724688768,9.01487292139791e-05,0.0005937136011198163,0.00011801975051639602,0.00011784870002884418,0.0003202377411071211,9.966039942810312e-05,0.003186384914442897,9.811190102482215e-05,0.0013516602339223027,0.0003092853585258126,4.693895243690349e-05,0.0009333547204732895,0.0006274917395785451,0.0007190856267698109,0.0007599088712595403,0.00020340173796284944,0.0018779367674142122,0.00011362079385435209,7.619236566824839e-05,0.0001784870692063123,0.0007632501656189561,0.0003412487276364118,0.002055594464763999,0.00046990287955850363,0.0014024958945810795,0.0019303023582324386,0.004873497411608696,0.000991438515484333,6.341911648632959e-05,0.00029065084527246654,0.0002667176304385066,6.647725967923179e-05,0.0001760440500220284,0.0003900099254678935,5.6258395488839597e-05,0.0004915398312732577,0.0001928276033140719,0.001579382224008441,0.0001379195600748062,0.0019818341825157404,0.001087607815861702,0.0015701521188020706,0.0011786756804212928,5.966239041299559e-05,0.0020386658143252134,0.0008031608886085451,0.0003244922845624387,0.001308685401454568,0.00043498622835613787,0.0001635191001696512,0.0005299605545587838,0.0007465436938218772,5.7220404414692894e-05,0.00018306983110960573,0.000493858300615102,8.207506471080706e-05,0.004209365230053663,0.0006587184616364539,0.0019900782499462366,0.00010105148248840123,0.00022650134633295238,0.0010669608600437641,0.00034619984216988087,0.0003804609877988696,0.000641162390820682,0.00015038694255053997,0.0002663484774529934,0.005042949225753546,0.000733306398615241,0.00013918003241997212,0.002509297337383032,0.002239139750599861,7.686777098570019e-05,0.0017613277304917574,0.00025998594355769455,0.0009354294743388891,0.0014586127363145351,0.0010210161563009024,0.0003161962376907468,0.00010821191244758666,9.575035073794425e-05,0.0012865121243521571,0.0011413595639169216,0.0003799040277954191,0.00014272153202909976,0.0004785466881003231,0.0006317764637060463
200108,0.0005069912294857204,0.00024615562870167196,8.8379681983497e-05,0.001849056570790708,0.002611578907817602,0.0005485516740009189,0.0003031435189768672,0.00014410424046218395,0.00024033000227063894,0.0014673565747216344,0.0001283735764445737,4.651604103855789e-05,0.0015721992822363973,0.0001968597644008696,0.00017411545559298247,0.0003952296683564782,0.0015563195338472724,0.00021915424440521747,5.125406460138038e-05,0.0001290531799895689,0.0007073241868056357,5.749291813117452e-05,0.00010604285489534959,0.0001016202149912715,0.000769780483096838,0.00039542154991067946,0.00012108267401345074,0.0006528213853016496,8.508294558851048e-05,0.0001389499957440421,0.00037694451748393476,0.00019732798682525754,0.002389141358435154,0.00011098756658611819,0.0010794660774990916,0.00030934042297303677,4.383554187370464e-05,0.0008948296308517456,0.000548856274690479,0.000867821800056845,0.00083145871758461,0.0002656751312315464,0.0018799023237079382,7.011040725046769e-05,8.859456283971667e-05,0.00014193142123986036,0.0008549144840799272,0.0004672178183682263,0.001931766397319734,0.0004479436611291021,0.0013335871044546366,0.0022455863654613495,0.0051912604831159115,0.0010248901089653373,5.459077510749921e-05,0.0002659368037711829,0.0001719273132039234,0.00010610994650050998,0.00014875986380502582,0.00045567788765765727,0.0001381449546897784,0.000501563074067235,0.0002421476092422381,0.0016384008340537548,0.000195206594071351,0.00212227925658226,0.0012578670866787434,0.0016335111577063799,0.0011558594414964318,5.0185684813186526e-05,0.0020573646761476994,0.0008696767035871744,0.00033910677302628756,0.0014166301116347313,0.00035197657416574657,0.00012318597873672843,0.0005534352967515588,0.00073620694456622,5.511450217454694e-05,0.00025244647986255586,0.00045205000787973404,4.468749830266461e-05,0.003971665631979704,0.0013734950916841626,0.0020660697482526302,8.407798304688185e-05,0.00028021298930980265,0.0010019277688115835,0.00019044963119085878,0.00038177400710992515,0.0007327371858991683,0.00019138464995194227,0.00018752673349808902,0.005087418016046286,0.0006639705970883369,0.0001468477857997641,0.0023556044325232506,0.0004234334046486765,8.086378511507064e-05,0.0018410647753626108,0.0002554221427999437,0.0009287219727411866,0.001532281399704516,0.001032244530506432,0.00022716342937201262,6.245599070098251e-05,9.641981159802526e-05,0.001253945054486394,0.0011793718440458179,0.0003375466330908239,8.544246520614251e-05,0.0007663587457500398,0.0007567427237518132
200109,0.0007186654256656766,0.00030452830833382905,7.721575093455613e-05,0.004536098800599575,0.002622240921482444,0.0003569246910046786,0.0003177911858074367,0.00017798753106035292,0.00019365015032235533,0.0015445012832060456,0.0001509882276877761,4.0254697523778304e-05,0.0015789330936968327,0.00027363322442397475,0.00015132319822441787,0.0006404689629562199,0.0014793566660955548,0.0003728061856236309,5.4202293540583923e-05,0.0002071650087600574,0.0008737564203329384,9.819028491619974e-05,0.00013186071009840816,0.00010237802780466154,0.000817708030808717,0.0005738753825426102,0.00014871412713546306,0.0006041493033990264,9.83333884505555e-05,0.0001102737951441668,0.0002790294529404491,0.00019351113587617874,0.006323970854282379,7.712148362770677e-05,0.0008392264135181904,0.0002780046488624066,4.378295489004813e-05,0.0009240485960617661,0.0004656310484278947,0.0008207259234040976,0.0008661223691888154,0.00010561315866652876,0.002038262551650405,8.236511348513886e-05,0.0001157027727458626,0.0001511746522737667,0.0009249549475498497,0.0005024742567911744,0.001983585301786661,0.0005537795950658619,0.0013865157961845398,0.002518124645575881,0.004297667182981968,0.0008523547439835966,5.936322486377321e-05,0.0002272257988806814,0.00023015889746602625,0.0001683632144704461,0.00011723591887857765,0.000498657173011452,0.00011481129331514239,0.000617349985986948,0.00019330864597577602,0.0017027702415362,0.0001878083567135036,0.0019440201576799154,0.0012944028712809086,0.001459526945836842,0.0011385848047211766,4.4247834011912346e-05,0.002074240706861019,0.0009159782784990966,0.00029691046802327037,0.0016004315111786127,0.0005159946158528328,0.0001173877390101552,0.0005085042794235051,0.0006714378832839429,9.74983922787942e-05,0.00019691135094035417,0.0005059243994764984,6.346480222418904e-05,0.003920888062566519,0.0015486882766708732,0.001918015070259571,7.959728100104257e-05,0.00025039809406735003,0.0007945787510834634,0.00014733475109096617,0.0004003876238130033,0.0007367772050201893,0.00017524378199595958,0.00026414747117087245,0.004958488512784243,0.0005731255514547229,0.0001801610633265227,0.0022157072089612484,0.0026734706480056047,8.238751615863293e-05,0.001800035941414535,0.000258862302871421,0.0009717349894344807,0.0016687748720869422,0.000969822343904525,0.0002737636095844209,7.975927292136475e-05,9.565425716573372e-05,0.001267966814339161,0.001244395854882896,0.00034323788713663816,0.0001825899671530351,0.00051243940833956,0.00061812560306862
200110,0.0007094258326105773,0.0002879724488593638,7.85753145464696e-05,0.0020556366071105003,0.0025794575922191143,0.00039750218275003135,0.00030952694942243397,0.00012434353993739933,0.0002260470064356923,0.0014084053691476583,0.0001573591580381617,0.0001587989245308563,0.0018795293290168047,0.00025460837059654295,0.00020998581021558493,0.0008188259671442211,0.0013666314771398902,0.0003369273035787046,9.578594472259283e-05,0.0002445345453452319,0.0009499291772954166,4.25669968535658e-05,0.0001223858998855576,7.315782568184659e-05,0.0006469989893957973,0.0005167987546883523,0.00013482947542797774,0.00044008938129991293,0.00011879400699399412,9.918934665620327e-05,0.00033446261659264565,0.00013074421440251172,0.004794281907379627,0.00014444671978708357,0.0010680926498025656,0.0003309293242637068,6.627277616644278e-05,0.001050319755449891,0.00046473342808894813,0.0007585652056150138,0.0006691274465993047,0.00014526549784932286,0.0018030803184956312,8.745367085793987e-05,0.00017741478222887963,0.00033296202309429646,0.000701125361956656,0.0005236309953033924,0.001984251197427511,0.0005938204121775925,0.0014626715565100312,0.002656778087839484,0.0048489342443645,0.0006709599401801825,6.307171861408278e-05,0.00030960579169914126,0.0002515056112315506,0.00014117569662630558,7.346392521867529e-05,0.00032217128318734467,0.00010251910862280056,0.0005944910226389766,0.00025391255621798337,0.0014089263277128339,0.00020740748732350767,0.00210096244700253,0.0011671469546854496,0.001394646824337542,0.0011268662055954337,4.6231238229665905e-05,0.0022936267778277397,0.0008338988991454244,0.0003010703076142818,0.0015638206386938691,0.0005677902954630554,8.47681803861633e-05,0.0005887700244784355,0.0005299178301356733,0.00012263796816114336,0.0002160792937502265,0.0005213828408159316,3.0820065148873255e-05,0.0034691826440393925,0.001327684847638011,0.002082599326968193,5.251566835795529e-05,0.00022301069111563265,0.0008746168459765613,0.00023929202870931476,0.0003378686378709972,0.000705456011928618,0.0001844162616180256,0.00035563510027714074,0.005041940603405237,0.0006701829261146486,0.00015514399274252355,0.002230187179520726,0.002945754211395979,7.938750059111044e-05,0.0018134869169443846,0.00029009743593633175,0.0008847946883179247,0.0014929283643141389,0.001021473086439073,0.00038272602250799537,0.0001586337311891839,6.932453834451735e-05,0.0013731056824326515,0.0014555291272699833,0.0004152707115281373,0.000175087436218746,0.0006115384749136865,0.0008351112483069301
200111,0.0008697746088728309,0.00023911340394988656,5.294491711538285e-05,0.001575841917656362,0.0025936667807400227,0.0004971464513801038,0.0003666104166768491,0.0002305562811670825,0.00023724252241663635,0.0010581876849755645,0.00017491438484285027,0.0001836067094700411,0.00197834731079638,0.00014747641398571432,0.0002796777698677033,0.0009735146886669099,0.0013194301864132285,0.0004199845716357231,7.084216485964134e-05,0.00031332505750469863,0.000532816571649164,7.555722550023347e-05,0.00011504803114803508,0.00012167313252575696,0.0006991058471612632,0.0005960842827335,5.5389533372363076e-05,0.00019864598289132118,0.00011621772864600644,0.00016613115440122783,0.0003465592162683606,0.00011810844443971291,0.0035747294314205647,8.643660112284124e-05,0.0012016916880384088,0.00025192429893650115,6.955806020414457e-05,0.0009076469577848911,0.0003742527333088219,0.0008441609097644687,0.0008502513519488275,0.00011482995614642277,0.0019533715676516294,0.00010256317182211205,3.587033643270843e-05,0.0002637833822518587,0.0006034031393937767,0.0006318618543446064,0.0019742464646697044,0.0008400053484365344,0.0014496487565338612,0.0033210315741598606,0.004464945290237665,0.00037340098060667515,5.183671601116657e-05,0.00026418655761517584,0.0003227599081583321,0.00011781784996856004,8.22047222754918e-05,0.0003606888640206307,0.00014316577289719135,0.0006795575609430671,0.00023665223852731287,0.0013897119788452983,0.00022981141228228807,0.002276310697197914,0.0010181113611906767,0.0013322862796485424,0.0012680843938142061,0.00010377052240073681,0.0022014433052390814,0.0008101768908090889,0.0002996910479851067,0.001334813074208796,0.00032564913271926343,0.0001373807608615607,0.0006216782494448125,0.0006317429943010211,7.47770827729255e-05,0.0002608203503768891,0.00040608615381643176,5.837795833940618e-05,0.0033566413912922144,0.0014993477379903197,0.002020020503550768,8.607824565842748e-05,0.00011711507977452129,0.001467681722715497,0.00023352359130512923,0.0003252869355492294,0.0006724409176968038,0.00012641727516893297,0.00023942365078255534,0.00497426837682724,0.0007193605415523052,0.00015680142678320408,0.002245485782623291,0.00812452845275402,7.633100904058665e-05,0.0021144687198102474,0.0003615644236560911,0.0009116571163758636,0.0016419395105913281,0.001344610471278429,0.00030303242965601385,4.9129150283988565e-05,9.088915976462886e-05,0.0014480766840279102,0.0016061972128227353,0.0004214461660012603,0.00019008899107575417,0.0008248586673289537,0.0012350187171250582
200112,0.0005541143473237753,0.0002802779490593821,8.30651551950723e-05,0.001442337641492486,0.002535346196964383,0.0003877112758345902,0.0005236354772932827,0.00011035463103326038,0.00021633150754496455,0.0009037843556143343,0.00015049813373479992,0.0001251528738066554,0.0022586043924093246,0.00016397023864556104,0.0002543651207815856,0.0008084457367658615,0.0012773389462381601,0.0001768993679434061,8.659905142849311e-05,0.0002800788206513971,0.0007112592575140297,5.250706090009771e-05,0.00011578203702811152,8.148517372319475e-05,0.0006199667113833129,0.0006023885798640549,0.00010213661880698055,0.00010696649405872449,0.0001782210310921073,8.81679734447971e-05,0.0003980790206696838,0.00010996906348736957,0.005765569396317005,9.178077016258612e-05,0.000979498727247119,0.0002250470861326903,4.3391355575295165e-05,0.0010571585735306144,0.0003137426683679223,0.0007981406524777412,0.0006787526072002947,0.00011654257832560688,0.0018890331266447902,0.00011965739395236596,6.438439595513046e-05,0.00023604273155797273,0.000531727506313473,0.0007574061746709049,0.0019098238553851843,0.0009028927306644619,0.0015698809875175357,0.002982633886858821,0.005069785751402378,0.0002844079281203449,2.0794781448785216e-05,0.000294550001854077,0.0003121102345176041,0.000141980592161417,0.0001033073422149755,0.0002512855571694672,0.0001770911767380312,0.0006606289534829557,0.00032734847627580166,0.0016529859276488423,0.00034708177554421127,0.0020776826422661543,0.0011643104953691363,0.0012322613038122654,0.0014338569017127156,0.00013840360043104738,0.0020398932974785566,0.0008533012005500495,0.0003229458525311202,0.001128527568653226,0.00046943858615122736,8.626078488305211e-05,0.000571979267988354,0.0006476923008449376,5.84657936997246e-05,0.00021781752002425492,0.0003018126299139112,5.979881461826153e-05,0.0033044381998479366,0.0013789337826892734,0.002034514443948865,7.43436103221029e-05,0.00017998224939219654,0.0010369346709921956,0.0002728310355450958,0.0002867119328584522,0.0006825185846537352,0.00024661768111400306,0.00023252500977832824,0.005169576965272427,0.0007728306227363646,9.790408512344584e-05,0.002132793189957738,0.003167246002703905,8.041292312555015e-05,0.0020522484555840492,0.00036111610825173557,0.0010352716781198978,0.0017218779539689422,0.0015472149243578315,0.0004276904510334134,8.455236093141139e-05,7.565400301245973e-05,0.001279010670259595,0.0015321483369916677,0.0004978700308129191,0.0006693367031402886,0.0007665532757528126,0.0007808212540112436
200201,0.00035910820588469505,4.420845289132558e-05,1.4828497114649508e-05,0.0010427143424749374,0.001579335774295032,0.00022506035747937858,0.00017898218357004225,4.8823181714396924e-05,9.991809929488227e-05,0.00021818802633788437,1.2639737178687938e-05,2.9709561204072088e-05,0.0005548130138777196,2.7353144105290994e-05,0.00022570847067981958,0.00011505865404615179,0.0005386457196436822,0.00013224704889580607,7.246955647133291e-06,2.4449767806800082e-05,0.00029469767468981445,1.620282455405686e-05,1.473654447181616e-05,1.0630438737280201e-05,0.00035995416692458093,0.00036121750599704683,1.2034801102345227e-06,5.4390027798945084e-05,3.231189839425497e-05,7.023575562925544e-06,5.617699207505211e-05,5.182960376259871e-05,0.0005652444087900221,7.839953468646854e-06,0.0007427571108564734,0.00011540047853486612,5.877519470232073e-06,0.0004692387883551419,0.00010685183224268258,0.00021759863011538982,0.0003317260998301208,6.81715173413977e-05,0.0006416027317754924,6.253956235013902e-05,2.4252594812423922e-05,9.76548544713296e-05,0.0003134494472760707,0.0004078866622876376,0.0011416652705520391,0.00027366785798221827,0.0005663413903675973,0.001637166365981102,0.004662102088332176,8.705556683707982e-05,6.984143055888126e-06,4.7179135435726494e-05,1.4900672795192804e-05,4.1898430936271325e-05,9.104727723752148e-06,0.0001869151456048712,2.0825186766160186e-06,0.0003169178089592606,3.771257615881041e-05,0.0011012159520760179,8.099952538032085e-06,0.0012805728474631906,0.0003842611622530967,0.0003627492405939847,0.000602806219831109,8.112180694297422e-06,0.0019070792477577925,0.00023588602198287845,1.4372771147463936e-05,0.0009610076667740941,0.0002581623266451061,1.8784061467158608e-05,0.00046310172183439136,2.1963669496471994e-05,1.8113080386683578e-06,2.1467463739099912e-05,0.00013629248132929206,7.922487384348642e-06,0.002673817565664649,0.00036931823706254363,0.0019368157954886556,1.012527627608506e-05,9.988165402319282e-06,0.0008064680732786655,0.0002640058228280395,2.9587015887955204e-05,2.6699088266468607e-05,1.2296088243601844e-05,3.500121965771541e-05,0.0035973736084997654,0.00034540967317298055,9.656098882260267e-06,0.0020219176076352596,0.004814620595425367,9.939236406353302e-06,0.001317954738624394,0.00015613211144227535,0.0009381773415952921,0.0012075402773916721,0.0007633122149854898,0.0002150602958863601,1.1412304047553334e-05,1.3531907825381495e-05,0.00039537803968414664,0.0005733863217756152,0.00014672326506115496,7.594391354359686e-05,0.0003641241346485913,0.00033440787228755653
200202,0.00043465389171615243,2.4987275537569076e-05,1.288951807509875e-05,0.0011979425325989723,0.0017122634453698993,0.0002565595495980233,0.0001619817194296047,5.4741893109166995e-05,7.880487100919709e-05,9.029278589878231e-05,1.0688618203857914e-05,1.932258419401478e-05,0.00058024498866871,2.1926718545728363e-05,0.00016459630569443107,9.81696430244483e-05,0.0005672178813256323,0.00017389692948199809,4.605445610650349e-06,3.41667837346904e-05,0.00034859750303439796,8.044005880947225e-06,1.1420768714742735e-05,9.139675967162475e-06,0.00021451039356179535,0.0003255578048992902,1.035099444379739e-06,4.691978756454773e-05,1.8564685888122767e-05,9.036622941493988e-06,7.339487638091668e-05,2.6203257220913656e-05,0.0006099525489844382,1.588410850672517e-05,0.0007708659977652133,0.0001096016276278533,5.261249498289544e-06,0.0006427303305827081,9.166183008346707e-05,9.690553997643292e-05,0.0004771313688252121,6.149816181277856e-05,0.0009458808344788849,0.00010442223720019683,1.7406058532287716e-06,7.823051419109106e-05,0.00030387358856387436,0.00039753763121552765,0.0011551259085536003,0.00044769133091904223,0.000551052566152066,0.002116478281095624,0.0043401531875133514,0.00010668233881006017,8.631281161797233e-06,3.270413071732037e-05,1.9103335944237188e-05,4.227188037475571e-05,4.01852366849198e-06,0.00022922089556232095,2.088802375510568e-06,0.0003098648739978671,4.052595249959268e-05,0.001035810331813991,6.657300673396094e-06,0.0015530782984569669,0.00047523604007437825,0.0004156542709097266,0.0008148612105287611,9.154921826848295e-06,0.0019233431667089462,0.00030415726359933615,1.531828638690058e-05,0.0005867735017091036,0.00019146989507135004,3.023658246092964e-05,0.00045211229007691145,4.0006416384130716e-05,4.92235085403081e-06,1.603507735126186e-05,7.381726754829288e-05,1.1383022865629755e-05,0.002807349432259798,0.0004451170389074832,0.0018698094645515084,1.3159652553440537e-05,1.1580298632907216e-05,0.0013165958225727081,0.00019492278806865215,2.3153945221565664e-05,2.710864646360278e-05,1.0352999197493773e-05,4.2351617594249547e-05,0.0036710549611598253,0.00039418027154169977,1.5546773283858784e-05,0.0021245251409709454,0.0025126372929662466,1.1283353160251863e-05,0.0013782435562461615,0.00012010829232167453,0.0009809641633182764,0.001120285945944488,0.0009085944620892406,0.00017122826830018312,4.695747065852629e-06,1.1193443242518697e-05,0.0003157292667310685,0.0006917432765476406,0.0001755752309691161,0.00011511993943713605,0.0004266024043317884,0.0004815228749066591
200203,0.00028630965971387923,2.816152300511021e-05,1.1571217328310013e-05,0.0010441215708851814,0.0017447948921471834,0.00022669718600809574,0.00023778402828611434,6.742751429555938e-05,5.114428495289758e-05,8.566585893277079e-05,8.14246141089825e-06,1.4944029317121021e-05,0.0005575941759161651,2.5236804503947496e-05,0.0001258139091078192,0.00012743129627779126,0.0006494746194221079,6.523264164570719e-05,3.3728215385053772e-06,5.27823758602608e-05,0.00028803644818253815,7.310840828722576e-06,1.034474371408578e-05,1.040406550600892e-05,0.00016710051568225026,0.0002277814783155918,4.533869741862873e-06,2.200848211941775e-05,1.2280985174584202e-05,1.2780479664797895e-05,7.885092054493725e-05,2.9027287382632494e-05,0.0009237168706022203,5.661909199261572e-06,0.0008904634742066264,0.00010417067096568644,6.355121058732038e-06,0.0005576389376074076,6.155826122267172e-05,7.423190982080996e-05,0.0005066115991212428,4.3232852476648986e-05,0.0011402987875044346,8.115162927424535e-05,1.1493219744806993e-06,5.3359108278527856e-05,0.000363933970220387,0.00037820960278622806,0.0011331804562360048,0.0008017378859221935,0.0005069194594398141,0.002158412244170904,0.004839492030441761,0.00010963996464852244,7.140331490518292e-06,1.0867131095437799e-05,4.155610440648161e-06,3.498090518405661e-05,7.485641162929824e-06,0.00024186713562812656,4.795204404217657e-06,0.0003698489163070917,4.885430462309159e-05,0.0009702680399641395,9.736763786349911e-06,0.0017777184257283807,0.00048573987442068756,0.0004868239921052009,0.0008770064450800419,1.0805290003190748e-05,0.0018203213112428784,0.0002473781642038375,9.59123826760333e-06,0.0005819929065182805,0.00015631118731107563,3.465122790657915e-05,0.0003858758427668363,1.7534564904053695e-05,1.5418066823258414e-06,2.0522569684544578e-05,3.0338320357259363e-05,6.4142150222323835e-06,0.0027034967206418514,0.0004750894440803677,0.001738847466185689,1.4621957234339789e-05,1.6575915651628748e-05,0.0013989059953019023,0.0001409379328833893,1.909220009110868e-05,2.574362952145748e-05,8.732366950425785e-06,5.047179729444906e-05,0.003640761598944664,0.0004044368106406182,7.786506103002466e-06,0.0019539331551641226,0.002316403901204467,5.863920705451164e-06,0.001235703588463366,0.00011486891162348911,0.0011021873215213418,0.0009663444361649454,0.001054394873790443,0.0001764542976161465,8.230205821746495e-06,8.250051905633882e-06,5.067165329819545e-05,0.0006118070450611413,0.00015700161748100072,0.0002453274792060256,0.00031338835833594203,0.0006730554159730673
200204,0.00032528251176699996,2.7803214834420942e-05,1.3066170140518807e-05,0.0010972911259159446,0.0017968909814953804,0.00021656260651070625,0.00024501807638444006,5.165866605238989e-05,8.062782580964267e-05,0.00012375297956168652,1.7538077372591943e-05,1.5092459761945065e-05,0.0004420611949171871,2.673748713277746e-05,0.00016759391291998327,0.00010989632573910058,0.000762621930334717,7.003975042607635e-05,2.1338919395930134e-06,3.842038495349698e-05,0.0002553225203882903,1.4521245248033665e-05,8.045730282901786e-06,4.979068307875423e-06,0.0001790884416550398,0.00021263577218633145,3.3734925182216102e-06,3.172739525325596e-05,9.997420420404524e-06,6.678824775008252e-06,7.81511262175627e-05,4.236783934175037e-05,0.0005606792983599007,1.4337600077851675e-05,0.0007735549006611109,0.0001511578302597627,1.4605498108721804e-05,0.0006623740773648024,8.970616181613877e-05,9.218137711286545e-05,0.0005171994562260807,4.5318982301978394e-05,0.0011468979064375162,0.00010872758139157668,9.913543408401893e-07,9.776520892046392e-05,0.00030341994715854526,0.00031306646997109056,0.001001110766083002,0.0007266809116117656,0.00043567942338995636,0.002012929180637002,0.004490966908633709,0.00012095987040083855,5.892930403206265e-06,3.184284287272021e-05,1.6247448002104647e-05,2.8276092052692547e-05,9.242833584721666e-06,0.00022382738825399429,1.2012895922453026e-06,0.00030924801831133664,2.6217247068416327e-05,0.0010998037178069353,8.492281267535873e-06,0.0016509389970451593,0.0004912968724966049,0.0004337782156653702,0.0007101094233803451,2.6246357265335973e-06,0.0019318790873512626,0.0002636321005411446,1.3555341865867376e-05,0.0004757660790346563,0.0001530373265268281,2.1156176444492303e-05,0.0004173161869402975,1.1854113836307079e-05,4.3702166294679046e-06,2.342418702028226e-05,3.807710891123861e-05,8.510346560797188e-07,0.0026826367247849703,0.0003431081713642925,0.001663989620283246,1.554432492412161e-05,4.229681508149952e-06,0.0011863716645166278,0.00011237938451813534,3.0093959139776416e-05,3.4741715353447944e-05,1.5708032151451334e-05,4.435803566593677e-05,0.0036997725255787373,0.00039903484866954386,1.0428370842419099e-05,0.0020846377592533827,0.0028441851027309895,1.0609292075969279e-05,0.0012218450428918004,0.00014981449930928648,0.0011118986876681447,0.0010933002922683954,0.000928407593164593,0.00017037235375028104,1.7242828107555397e-06,8.320216693391558e-06,4.514418833423406e-05,0.0006136771407909691,0.0001970109442481771,0.00018604662909638137,0.0003747006121557206,0.0005228135269135237
200205,0.0003219277423340827,3.8169320760061964e-05,1.095495099434629e-05,0.001428035320714116,0.0017781680217012763,0.0002641055907588452,0.00017149749328382313,6.238518108148128e-05,8.900471584638581e-05,8.219356823246926e-05,1.15240673039807e-05,2.042955020442605e-05,0.0005344681558199227,2.9191547582740895e-05,0.0001719196152407676,0.00012313021579757333,0.0007598023512400687,8.124803571263328e-05,2.7010169105778914e-06,3.7708799936808646e-05,0.0005438754451461136,1.1686637662933208e-05,1.6667236195644364e-05,1.0662637578207068e-05,0.00020789595146197826,0.00027398025849834085,6.022099569236161e-06,3.971686965087429e-05,1.3134635992173571e-05,6.988754648773465e-06,3.7222715036477894e-05,6.191992724779993e-05,0.0005451795877888799,9.912112545862328e-06,0.000790452235378325,0.00012911811063531786,3.3771821108530276e-06,0.0005319451447576284,7.36008005333133e-05,0.00013764257892034948,0.00048330865683965385,5.3569674491882324e-05,0.001095032086595893,0.00010863577335840091,2.620551640575286e-06,0.00010457941971253604,0.0003025977057404816,0.00041649493505246937,0.000903245119843632,0.0006465598708018661,0.0005590602522715926,0.0020056578796356916,0.003935838118195534,0.00010981417290167883,3.960923550039297e-06,2.7832067644339986e-05,1.3538359780795872e-05,2.6014045943156816e-05,3.3748362966434797e-06,0.00022875469585414976,2.2445804006565595e-06,0.00034596974728628993,3.549101165845059e-05,0.0010302227456122637,1.3065606253803708e-05,0.0015978056471794844,0.0005373549647629261,0.0004231202183291316,0.0007243491127155721,6.970438789721811e-06,0.0020150933414697647,0.000280442793155089,1.1602623089856934e-05,0.0004009438562206924,0.00011674857523757964,1.4972716599004343e-05,0.000445641519036144,2.4396136723225936e-05,4.17621185988537e-06,2.3627251721336506e-05,3.310581450932659e-05,5.430593773780856e-06,0.0028606904670596123,0.000338177167577669,0.001720049069263041,1.3373460205912124e-05,6.165703780425247e-06,0.0013534954050555825,0.00012420755228959024,1.803204395400826e-05,2.541951835155487e-05,2.347205372643657e-05,4.1137682273983955e-05,0.003985218238085508,0.00038947968278080225,7.803681910445448e-06,0.002095721196383238,0.001808247296139598,9.930995474860538e-06,0.0012441773433238268,0.0001344960619462654,0.0010602541733533144,0.0010088334092870355,0.0009572742856107652,0.00022931805870030075,5.098105248180218e-06,8.941275154938921e-06,9.348279854748398e-05,0.0005415970226749778,0.00019557680934667587,0.00019186115241609514,0.00038050609873607755,0.0004438825708348304
200206,0.00030956935370340943,3.22319901897572e-05,1.7836906408774666e-05,0.0027054762467741966,0.001777839963324368,0.0002980298886541277,0.0002606573107186705,9.957389556802809e-05,8.113854710245505e-05,7.646324229426682e-05,1.9211238395655528e-05,2.640835191414226e-05,0.000425681471824646,4.13525958720129e-05,0.00015285924018826336,0.00021036267571616918,0.0009068947983905673,0.00011673775588860735,2.1643343188770814e-06,3.468724389676936e-05,0.0003170108248014003,1.169418464996852e-05,1.0715315511333756e-05,8.293412065540906e-06,0.0002438676601741463,0.00032599864061921835,4.513288331509102e-06,2.9871165679651313e-05,2.1392213966464624e-05,9.335345566796605e-06,4.7262543375836685e-05,3.8535898056579754e-05,0.0005788881098851562,1.2185995728941634e-05,0.0008070835028775036,0.00010956892947433516,1.0284853487974033e-05,0.0006379216210916638,5.004212653147988e-05,0.0001119694861699827,0.000491973536554724,6.968012166908011e-05,0.0015602768398821354,0.00015411237836815417,4.387843546282966e-06,0.00013407680671662092,0.0004170593456365168,0.0004465914098545909,0.0010623796842992306,0.0007702356670051813,0.0005117004620842636,0.0018320012604817748,0.0044260392896831036,0.00010231407213723287,1.8041697330772877e-05,4.060485298396088e-05,1.305943078477867e-05,3.180093699484132e-05,1.2362851521174889e-05,0.0002461976546328515,2.4051164473348763e-06,0.0003914871485903859,3.0205606890376657e-05,0.0010576627682894468,6.007204319757875e-06,0.0015099550364539027,0.0005297960597090423,0.000494500040076673,0.0008148768683895469,9.492951903666835e-06,0.0019296467071399093,0.00038581190165132284,5.898195922782179e-06,0.0003972960985265672,0.00018171541159972548,2.7668802431435324e-05,0.0003974568098783493,3.085068237851374e-05,3.1417785066878423e-06,2.3714690541964956e-05,1.4846601516183e-05,4.488170816330239e-06,0.0026272302493453026,0.00034029476228170097,0.0017114689107984304,7.28840495867189e-06,8.078164682956412e-06,0.0013379304436966777,0.00017079358804039657,3.6873247154289857e-05,2.863472400349565e-05,2.65345679508755e-05,4.6000161091797054e-05,0.0038279746659100056,0.0003709740412887186,1.9593351680669002e-05,0.00218000914901495,0.0041704364120960236,1.1748059478122741e-05,0.0012408934999257326,0.0001623586576897651,0.0011142464354634285,0.0010446029482409358,0.0009936116402968764,0.00024265835236292332,6.66981077301898e-06,1.4597079825762194e-05,6.506876525236294e-05,0.0005362647352740169,0.0002206973877036944,0.00012661404616665095,0.00040716546936891973,0.0004483654338400811
200207,0.00023519754176959395,3.984284558100626e-05,1.2087631148460787e-05,0.003250604961067438,0.0016868831589818,0.00018206049571745098,0.0003134822763968259,0.00010039396147476509,8.61298103700392e-05,5.928691825829446e-05,1.0401561667094938e-05,1.5812816855031997e-05,0.0004133407783228904,1.675452404015232e-05,0.00020661274902522564,0.00021686880791094154,0.0008051114273257554,0.00012236488691996783,2.7820267405331833e-06,2.5713838113006204e-05,0.0002948633336927742,1.2605212759808637e-05,6.983490493439604e-06,7.201361313491361e-06,0.0001343034382443875,0.0003187237016391009,1.6666219835315133e-06,2.8962485885131173e-05,2.0728011804749258e-05,9.135755135503132e-06,5.939200855209492e-05,5.965879972791299e-05,0.0007179526728577912,1.9108885680907406e-05,0.0006940357852727175,6.220569048309699e-05,1.0273568022967083e-06,0.0005694512510672212,3.847847256110981e-05,8.654807606944814e-05,0.0005031729815527797,7.328227366087958e-05,0.0012502449098974466,7.208833994809538e-05,3.086669948970666e-06,0.00020802953804377466,0.00037950684782117605,0.0005138989654369652,0.0008472102927044034,0.0005949054029770195,0.0004773488035425544,0.0017439660150557756,0.004503922071307898,0.00010245932207908481,1.4536559319822118e-05,3.168799594277516e-05,2.7872363716596738e-05,3.5167446185369045e-05,1.3850911273038946e-05,0.000269893353106454,2.643098014232237e-06,0.0004707994812633842,4.309288488002494e-05,0.001176186022348702,6.775073416065425e-06,0.0014779886696487665,0.0004868124960921705,0.0005014276830479503,0.00098823057487607,9.234120625478681e-06,0.002073582960292697,0.0003540372126735747,1.6134792531374842e-05,0.00046822961303405464,0.0002023241249844432,2.7783598852693103e-05,0.0003696379135362804,2.745954589045141e-05,3.313758270451217e-06,3.543212005752139e-05,3.599975389079191e-05,2.7679200229613343e-06,0.0026452012825757265,0.0003151757409796119,0.001733335549943149,1.9541372239473276e-05,7.189066309365444e-06,0.0014686324866488576,9.04113330761902e-05,2.9744966013822705e-05,3.984507929999381e-05,1.6864605640876107e-05,4.0916496800491586e-05,0.003855383023619652,0.0004234227235428989,1.812899427022785e-05,0.002154670190066099,0.0006122064078226686,9.390051673108246e-06,0.0012121446197852492,0.0001269252970814705,0.0010816022986546159,0.0011279635364189744,0.0010240179253742099,0.0001299682044191286,4.957158125762362e-06,1.2537452676042449e-05,5.501131454366259e-05,0.0006084774504415691,0.00020548567408695817,0.00020704572671093047,0.0002986005856655538,0.0004356408608146012
200208,0.00021492441010195762,4.303579771658406e-05,1.2911501471535303e-05,0.001159842242486775,0.001787583576515317,0.0002585328766144812,0.0001929438440129161,6.376101373462006e-05,5.230214082985185e-05,9.02604078873992e-05,9.017080628836993e-06,2.7624366339296103e-05,0.0005067295860499144,3.139882392133586e-05,0.00018397484382148832,0.00024624759680591524,0.0007601464749313891,9.503729961579666e-05,3.982784164691111e-06,3.0114428227534518e-05,0.00029715336859226227,2.9758699383819476e-05,9.786624104890507e-06,8.700564649188891e-06,0.00012420282291714102,0.00033622566843405366,7.000173354754224e-06,3.217098492314108e-05,1.749018883856479e-05,5.938373305980349e-06,4.736433766083792e-05,7.151460886234418e-05,0.0007719882414676249,1.672146208875347e-05,0.0008291190024465322,7.89876066846773e-05,6.3594020502932835e-06,0.0007279043202288449,3.398096305318177e-05,7.957356865517795e-05,0.0005509862676262856,6.924300396349281e-05,0.0011030174791812897,9.384279837831855e-05,3.5145460515195737e-06,0.0002080739359371364,0.00043163992813788354,0.0004918215563520789,0.0008972034556791186,0.0007720392313785851,0.0005485722213052213,0.001993613550439477,0.0055158562026917934,0.00012915483966935426,2.3482209144276567e-05,1.8278240531799383e-05,2.0644172764150426e-05,3.5009819839615375e-05,3.770717057705042e-06,0.00031194635084830225,1.6260908068943536e-06,0.0004747438943013549,5.3291823860490695e-05,0.0010838562157005072,1.0282457878929563e-05,0.0017171874642372131,0.0004881547065451741,0.0005670987884514034,0.00110450922511518,8.565423740947153e-06,0.0021139371674507856,0.0003346081357449293,1.3362263416638598e-05,0.000393684022128582,0.0001528329448774457,2.4006663807085715e-05,0.00037027927464805543,1.8052520317723975e-05,3.830942205240717e-06,3.191320865880698e-05,1.2994509233976714e-05,6.300545464910101e-06,0.00232482235878706,0.0006962260813452303,0.0017290387768298388,1.96899982256582e-05,7.152532816689927e-06,0.0014839762588962913,7.971021841512993e-05,5.781212530564517e-05,2.8266456865821965e-05,8.860989510139916e-06,4.998130680178292e-05,0.0038226849865168333,0.0004373069677967578,1.2811668057111092e-05,0.001962995156645775,0.0020684150513261557,1.624872129468713e-05,0.0011882749386131763,0.00015430411440320313,0.0011690063402056694,0.0009537761798128486,0.001199987018480897,0.00022692207130603492,3.178496626787819e-06,1.3787172974843998e-05,5.012101973989047e-05,0.0005889229942113161,0.00022197840735316277,0.00015699600044172257,0.00042794219916686416,0.0004764227196574211
200209,0.00028416028362698853,3.888317951350473e-05,1.7485204807599075e-05,0.0009133085259236395,0.0017798029584810138,0.00015944136248435825,0.00024327605206053704,7.475238817278296e-05,5.865425555384718e-05,6.972796836635098e-05,1.4742357961949892e-05,3.591956556192599e-05,0.00042631610995158553,2.4913646484492347e-05,0.00013491648132912815,0.00020342653442639858,0.000656602845992893,0.00017379601194988936,2.5411102342332015e-06,1.778400837793015e-05,0.00043228548020124435,2.9249724320834503e-05,1.9124254322377965e-05,9.023125130624976e-06,0.00015404523583129048,0.00037603071541525424,7.0827109084348194e-06,3.30334369209595e-05,1.9150858861394227e-05,9.584756298863795e-06,5.2707364375237375e-05,5.914076609769836e-05,0.000933427014388144,1.8343169358558953e-05,0.0009189778938889503,9.525100176688284e-05,4.657551926356973e-06,0.000676877039950341,3.0853800126351416e-05,8.15234670881182e-05,0.000532172794919461,6.237625348148867e-05,0.000893320539034903,9.091085667023435e-05,2.1833479877386708e-06,0.00035861541982740164,0.00038370807305909693,0.0004849078832194209,0.0009253488387912512,0.0007973386673256755,0.0004971278831362724,0.0021171062253415585,0.0040231551975011826,9.731704631121829e-05,5.754894573328784e-06,1.3651408153236844e-05,2.024191962846089e-05,3.341282354085706e-05,2.845576318577514e-06,0.00035936813219450414,1.2030312745991978e-06,0.0004814689455088228,4.626253939932212e-05,0.0010396296856924891,1.3441539522318635e-05,0.0018047322519123554,0.00040310434997081757,0.0004971795133315027,0.001101636909879744,1.05958115454996e-05,0.002043253742158413,0.00038625826709903777,1.0857444976863917e-05,0.0004733102105092257,0.00011059924145229161,3.910147643182427e-05,0.00037523452192544937,1.2953111763636116e-05,7.74675663706148e-06,2.2990952857071534e-05,6.691667749691987e-06,5.682649771188153e-06,0.0022967024706304073,0.0006629708805121481,0.0015135057037696242,1.1197294952580705e-05,1.6135962141561322e-05,0.0015493975952267647,8.89035000000149e-05,4.586299473885447e-05,1.9556160623324104e-05,1.1140239621454384e-05,7.19165473128669e-05,0.003752416232600808,0.0004651953058782965,9.422733455721755e-06,0.0019644468557089567,0.0013353200629353523,1.2971589057997335e-05,0.0011022333055734634,0.00017923337873071432,0.0011780281784012914,0.001041548210196197,0.0011735258158296347,0.0001721414882922545,5.724529273720691e-06,1.2595999578479677e-05,3.0497076295432635e-05,0.0007574234623461962,0.00023919774685055017,0.00022856082068756223,0.00036707171238958836,0.0004614798817783594
200210,0.0003214891185052693,3.6823563277721405e-05,1.0723147170210723e-05,0.0011484522838145494,0.0017605754546821117,0.0002168932114727795,0.0002636149583850056,6.453812966356054e-05,7.426975207636133e-05,7.506634574383497e-05,1.4791432477068156e-05,1.8284996258444153e-05,0.0004328664217609912,3.3411492040613666e-05,0.00012401775165926665,0.00017065872089006007,0.0007839094032533467,0.0001350208040094003,2.07474249691586e-06,2.0760217012139037e-05,0.000346253247698769,1.9946402971982025e-05,1.5779687601025216e-05,1.2155907825217582e-05,0.00010914546146523207,0.0003956981236115098,6.558544555446133e-06,2.668283377715852e-05,1.3662935089087114e-05,1.6102156223496422e-05,3.9764945540810004e-05,7.615506183356047e-05,0.0008235470741055906,1.58361599460477e-05,0.000766789133194834,0.00011005021224264055,6.131147529231384e-06,0.0005663008196279407,3.541394471540116e-05,7.099261711118743e-05,0.0005123369046486914,7.028151594568044e-05,0.0015947676729410887,0.00011269664537394419,1.1202513405805803e-06,0.00028215136262588203,0.00033896605600602925,0.0004786894714925438,0.0008426883141510189,0.0005965320742689073,0.0004522745730355382,0.002036619232967496,0.003955765161663294,8.709554822416976e-05,8.478539712086786e-06,6.645823759754421e-06,2.942163519037422e-06,3.6120218283031136e-05,7.284074854396749e-06,0.0002928328176494688,2.8826668767578667e-06,0.00038075700285844505,5.1376995543250814e-05,0.001309852465055883,1.0711456525314134e-05,0.001739606261253357,0.00046202141675166786,0.00046299147652462125,0.0010121094528585672,8.950151823228225e-06,0.00200296170078218,0.0003973045386373997,1.5324761989177205e-05,0.00036982138408347964,5.680349568137899e-05,2.5258179448428564e-05,0.00038176399539224803,1.3231759112386499e-05,4.369949692772934e-06,2.84942943835631e-05,1.323013839282794e-05,4.354653356131166e-06,0.0024498137645423412,0.0005432035541161895,0.0019330393988639116,8.53666369948769e-06,9.438651431992184e-06,0.0013750602956861258,0.00010788974032038823,4.223393989377655e-05,3.4761102142510936e-05,3.044917139050085e-05,7.530432776547968e-05,0.004026065580546856,0.0005332278087735176,1.6008843886083923e-05,0.0019198880763724446,0.0030651623383164406,1.3588714864454232e-05,0.0011441311798989773,0.00019405325292609632,0.0011786568211391568,0.0010538266506046057,0.0011593354865908623,0.00013228403986431658,3.427505589570501e-06,1.4680732419947162e-05,3.730683965841308e-05,0.0006510621751658618,0.00027437511016614735,0.00015871791401878,0.00028469221433624625,0.00041607965249568224
200211,0.0004415444564074278,3.366303280927241e-05,9.345261787530035e-06,0.0014372325967997313,0.0017938966630026698,0.0002019767853198573,0.0003126502560917288,5.378899004426785e-05,6.112323171691969e-05,0.00010912302241194993,7.861597623559646e-06,2.495417902537156e-05,0.0003632360021583736,2.973931623273529e-05,0.0001650638150749728,0.00017504602146800607,0.0009940601885318756,0.00013202510308474302,4.349192295194371e-06,2.7922260414925404e-05,0.00031498834141530097,1.79586568265222e-05,4.910487859888235e-06,8.187129424186423e-06,9.280241647502407e-05,0.0003470726660452783,6.618400675506564e-06,2.141968252544757e-05,1.7321854102192447e-05,9.644629244576208e-06,3.883987301378511e-05,4.373449337435886e-05,0.0007321816519834101,1.8295959307579324e-05,0.0007141139940358698,0.00013143605610821396,7.619976713613141e-06,0.0005098279798403382,5.13884806423448e-05,0.00010365618800278753,0.00046046290663070977,8.923902350943536e-05,0.0008768182015046477,0.0001464423257857561,6.589544682356063e-06,0.00022259879915509373,0.00043476454447954893,0.00034585202229209244,0.0009117948939092457,0.0006439625867642462,0.0005014832131564617,0.001975668827071786,0.0045678201131522655,7.51690604374744e-05,6.399410267476924e-06,1.7735250366968103e-05,3.376636414031964e-06,4.463924415176734e-05,1.1729200195986778e-05,0.000223713563173078,4.751166216010461e-06,0.0002784354146569967,5.690429316018708e-05,0.0011836289195343852,8.728241482458543e-06,0.0016528475098311901,0.0005049300962127745,0.0005371710867621005,0.001034074928611517,9.515270903648343e-06,0.0021309314761310816,0.0004857348103541881,6.9123966568440665e-06,0.00038509222213178873,0.00011789540440076962,2.8791950171580538e-05,0.00040001561865210533,2.2285959857981652e-05,3.657839215520653e-06,2.9045790142845362e-05,1.5836792954360135e-05,7.736172847216949e-06,0.002327391179278493,0.0004903865046799183,0.0020887237042188644,2.592735836515203e-05,2.4658464099047706e-05,0.0014224050100892782,0.00011820919462479651,3.510290844133124e-05,2.1632269636029378e-05,6.354568995448062e-06,8.570493082515895e-05,0.0038305972702801228,0.0005273285787552595,3.740151669262559e-06,0.0018415000522509217,0.001480724080465734,1.3699314877158031e-05,0.0012972289696335793,0.0002222944749519229,0.0011011353926733136,0.0009936277056112885,0.0011651385575532913,9.641938231652603e-05,9.661699550633784e-06,1.3235080587037373e-05,3.482457759673707e-05,0.0005869173328392208,0.00022942510258872062,0.0001401873741997406,0.00034734656219370663,0.0003518903104122728
200212,0.0004981851670891047,2.9713290132349357e-05,1.8339200323680416e-05,0.0011919025564566255,0.001840907265432179,0.0002533688675612211,0.00029673331300728023,6.697345816064626e-05,0.00010495376045582816,0.0001137674626079388,8.139543751894962e-06,9.330026841780636e-06,0.00037173586315475404,5.7061311963479966e-05,0.0001762563770171255,0.00021603376080747694,0.0010138044599443674,0.00019747605256270617,1.936454054884962e-06,2.3844295355957e-05,0.00033462708233855665,1.1060345059377141e-05,6.411701178876683e-06,8.78754144650884e-06,0.00010620365355862305,0.0004937686608172953,3.4397182844259078e-06,1.7201060472871177e-05,1.604452518222388e-05,8.447284017165657e-06,4.4145836000097916e-05,7.51555198803544e-05,0.0007516704499721527,1.7453077816753648e-05,0.0007403922500088811,0.00011082378478022292,5.508055437530857e-06,0.0004945153486914933,5.1108738261973485e-05,0.00013723576557822526,0.00048639735905453563,0.00010686088353395462,0.0007649490726180375,0.0001419154432369396,1.0006572210841114e-06,0.0002164516190532595,0.0004070550203323364,0.0002822268579620868,0.0008818485075607896,0.0005600314470939338,0.0005526974564418197,0.0016911657294258475,0.004535647574812174,6.491130625363439e-05,1.1055676623072941e-05,4.4776414142688736e-05,1.1968425496888813e-05,3.536475924192928e-05,1.683379196038004e-05,0.00021594726422335953,2.456196170896874e-06,0.00033895837259478867,4.527223791228607e-05,0.001170571194961667,9.266370398108847e-06,0.0015926002524793148,0.00046090525574982166,0.0004225329030305147,0.0010356507264077663,1.3315831893123686e-05,0.002126527950167656,0.0004649741458706558,9.593082722858526e-06,0.0003076637804042548,8.840516966301948e-05,4.6468147047562525e-05,0.00045580125879496336,4.030988202430308e-05,4.0368740883423015e-06,3.4658067306736484e-05,1.7015219782479107e-05,1.0230929547105916e-05,0.002489493926987052,0.000450782070402056,0.001954802544787526,1.295728998229606e-05,1.2588088793563657e-05,0.0013865245273336768,8.120985148707405e-05,4.0509166865376756e-05,2.6807862013811246e-05,8.664869710628409e-06,9.169213444693014e-05,0.004074228927493095,0.0005211226525716484,1.1581132639548741e-05,0.0018627735553309321,0.0018524506594985723,1.0364101399318315e-05,0.0013181763933971524,0.0001715493417577818,0.0010730387875810266,0.0010238909162580967,0.001295400201343,0.00011262958287261426,8.728454304218758e-06,1.9496112145134248e-05,6.30382273811847e-05,0.0005796701880171895,0.0002427297440590337,0.00015142725897021592,0.0003775347722694278,0.0004102339444216341
200301,0.0003572306304704398,1.0432873978061252e-06,1.2055423894707928e-06,0.001105814822949469,0.0015579871833324432,0.00020113943901378661,0.00033512042136862874,1.9408527805353515e-05,5.8966823416994885e-05,2.3712695110589266e-05,2.6918792173091788e-06,5.863189016963588e-06,0.00028275090153329074,3.5879347706213593e-06,6.651751755271107e-05,0.00010839607421075925,0.0008809322025626898,8.888525189831853e-05,1.6731833056837786e-06,9.73707574303262e-06,0.00015247258124873042,2.7415094336902257e-06,4.236938821122749e-06,2.7092200980405323e-06,3.0324918043334037e-05,9.602046338841319e-05,0.0,3.184364686603658e-06,3.5818229662254453e-06,1.2047528343828162e-06,2.7322274036123417e-05,2.1824598661623895e-05,0.0006524301716126502,4.102646471437765e-06,0.0005797509802505374,6.340574327623472e-05,4.185736543149687e-06,0.000293263845378533,1.801403413992375e-05,6.563332863152027e-05,0.000557907042093575,4.3558036850299686e-05,0.0007213421049527824,0.00010127718996955082,0.0,0.00018733314936980605,0.0002901962725445628,0.0001723877649055794,0.0007083711097948253,0.0003712998586706817,0.000344974483596161,0.0015815409133210778,0.004150001797825098,3.756420483114198e-05,0.0,7.410240868921392e-06,1.080658876162488e-05,1.0916652399828308e-06,6.323997695290018e-06,0.0001502711238572374,0.0,9.589285764377564e-05,6.512569143524161e-06,0.0012763218255713582,9.398805218552297e-07,0.0017690106760710478,0.0002667566295713186,0.00042745383689180017,0.0007259061094373465,1.6358753782697022e-06,0.0017892214236781001,0.00013602880062535405,1.1463446298876079e-06,0.00012189654808025807,9.332316039944999e-06,2.3573418729938567e-05,0.0004325079789850861,3.4276552014489425e-06,1.0370330301157082e-06,6.366922207234893e-06,3.4943761875183554e-06,2.10963867175451e-06,0.0019682489801198244,0.00033734182943589985,0.002095389412716031,9.826138921198435e-06,0.0,0.0013929145643487573,7.404938514810055e-05,6.565996045537759e-06,3.8097462038422236e-06,0.0,5.2170515118632466e-05,0.003049287712201476,0.0004720067954622209,6.34970456303563e-06,0.001657190383411944,0.0011172916274517775,1.1120228009531274e-05,0.0011612760135903955,0.00013297396071720868,0.0012902907328680158,0.0009680466027930379,0.0011632004752755165,0.00013896801101509482,8.18838600480376e-07,3.1969218525773613e-06,2.210213460784871e-05,0.0003956355794798583,0.00014356104657053947,7.774605182930827e-05,0.00029431318398565054,0.0002774684689939022
200302,0.00044942329986952245,9.336531547887716e-06,1.883813638414722e-06,0.0015611427370458841,0.0014838991919532418,0.00012600008631125093,0.0003837643307633698,2.4474706151522696e-05,5.254138523014262e-05,3.512096009217203e-05,1.6904019730645814e-06,1.2174198218417587e-06,0.00029857829213142395,2.592535793155548e-06,9.862603474175557e-05,0.0001609033643035218,0.0008409015135839581,0.00012076462735421956,8.988780564322951e-07,6.822864179412136e-06,0.00016590692393947393,9.587537533661816e-06,9.310887435276527e-06,3.0264416182035347e-06,3.423709495109506e-05,9.436339314561337e-05,8.298593456856906e-07,2.9237532999104587e-06,1.8482749055692693e-06,0.0,2.380252226430457e-05,2.608585054986179e-05,0.0007917826878838241,1.3800683518638834e-05,0.0005209660157561302,9.643576049711555e-05,0.0,0.0003742883855011314,4.667917437473079e-06,2.683149796212092e-05,0.0005325765232555568,7.918466144474223e-05,0.0011347015388309956,0.00012394135410431772,0.0,0.00017003003449644893,0.00022084785450715572,0.00018147993250750005,0.0006303630070760846,0.000604054715950042,0.00027142884209752083,0.0016043774085119367,0.004066359251737595,2.800942093017511e-05,0.0,1.0859771464311052e-05,1.190107923321193e-06,6.356944595609093e-06,0.0,0.00023616428370587528,0.0,4.525512849795632e-05,3.862394078169018e-05,0.0012632603757083416,1.8927451037598075e-06,0.0018184406217187643,0.0002096060197800398,0.0005103732110001147,0.0005910252803005278,1.8961903833769611e-06,0.0015372087946161628,0.00014921992260497063,2.7092683012597263e-06,0.00014083340647630394,1.3843012311554048e-05,2.1244175513857044e-05,0.0004565997514873743,4.0174722926167306e-06,9.001504395200755e-07,9.079040864889976e-06,9.025046665556147e-07,7.1554113674210384e-06,0.0019251476041972637,0.0002963639853987843,0.0018247009720653296,2.66974439000478e-05,2.2295077997114277e-06,0.0015416127862408757,6.649974966421723e-05,1.4883368748996872e-05,2.420657892798772e-06,2.4042572022153763e-06,4.952766539645381e-05,0.00299747078679502,0.0004066318506374955,4.8924866860033944e-06,0.0016423186752945185,0.0008920966065488756,3.445253014433547e-06,0.0011047860607504845,0.00017514136561658233,0.0012774933129549026,0.0009794625220820308,0.0011199164437130094,8.166666520992294e-05,1.0586719554339652e-06,7.531716619268991e-06,2.4114877305692062e-05,0.00044345486094243824,0.000157456990564242,0.00012611340207513422,0.00029902203823439777,0.0002545762399677187
200303,0.0003831328358501196,1.487084500695346e-05,2.3737220544717275e-06,0.001635473920032382,0.001466195099055767,0.00012064397742506117,0.00027001756825484335,3.2734329579398036e-05,5.7934455981012434e-05,0.000118995965749491,9.726826419864665e-07,1.813456583477091e-05,0.00028420667513273656,8.252329280367121e-06,3.9244583604158834e-05,0.00012603499635588378,0.0009450913639739156,7.55453365854919e-05,2.441801427721657e-07,9.838058758759871e-06,0.00012106756184948608,1.008435447147349e-06,6.783948265365325e-06,1.4231897011995898e-06,4.987313150195405e-05,7.831782568246126e-05,2.3800681958618952e-07,3.167627937727957e-06,1.4230162150852266e-06,3.366103271673637e-07,4.648015237762593e-05,3.460924563114531e-05,0.002509879879653454,5.130263161845505e-06,0.0006174166919663548,6.164015940157697e-05,0.0,0.0003125598595943302,2.737414433795493e-06,2.2022586563252844e-06,0.0006146300584077835,6.36458134977147e-05,0.0013326293556019664,0.0001044302262016572,0.0,0.0002326370740775019,0.00021473965898621827,0.0002232957340311259,0.0005636409041471779,0.0005618499708361924,0.00038004975067451596,0.002294293139129877,0.004113673698157072,2.3970609618118033e-05,1.5147461454034783e-06,1.3886739907320589e-05,0.0,5.4021870710130315e-06,1.4059560271562077e-06,0.00012780439283233136,0.0,0.00015453110972885042,2.6544959837337956e-05,0.0013033213326707482,2.3720963326923084e-06,0.0018935443367809057,0.0001831896515795961,0.0004003877693321556,0.0005791439907625318,1.9673339011205826e-06,0.001665170886553824,0.00022535520838573575,1.260208705389232e-06,0.00015121880278456956,5.1940725825261325e-05,2.8764850867446512e-05,0.0004462517099454999,2.7748628781409934e-05,4.403113678108639e-07,5.637709818984149e-06,2.501843709978857e-06,6.622677574341651e-06,0.0018923106836155057,0.00035081894020549953,0.001830953755415976,1.3829702766088303e-05,9.282190148951486e-06,0.0015287438873201609,9.78537427727133e-05,8.433962648268789e-06,3.54538769897772e-06,3.6074607123737223e-07,4.6163790102582425e-05,0.003300243755802512,0.0003795250959228724,3.1795848371984903e-06,0.0016229328466579318,0.0010636129882186651,6.413988558051642e-06,0.0011405118275433779,0.00012919402797706425,0.0012295943452045321,0.0008508826140314341,0.001140371197834611,0.00013780595327261835,0.0,8.117385732475668e-06,1.9829960365314037e-05,0.0004809534875676036,0.00015400367556139827,0.00013492279686033726,0.00024274285533465445,0.00020306117949075997
200304,0.0003923906187992543,7.67902110965224e-06,3.180979092576308e-06,0.0027499841526150703,0.0015452814986929297,0.00014222832396626472,0.00034876499557867646,3.9952792576514184e-05,5.608714491245337e-05,1.3561193554778583e-05,1.6105154827528168e-06,6.153551566967508e-06,0.00025662037660367787,1.175991383206565e-05,9.53268026933074e-05,0.00020403244707267731,0.0007834821590222418,8.26488176244311e-05,1.0463306665542405e-07,9.238482562068384e-06,0.00022126109979581088,6.257405402720906e-07,3.53579480361077e-06,2.937347062470508e-06,4.87435536342673e-05,9.97121023829095e-05,0.0,2.652255034263362e-06,1.2807790881197434e-05,1.5326289712902508e-06,4.6319313696585596e-05,4.010918564745225e-05,0.001065551652573049,6.247267720027594e-06,0.0006026188493706286,4.254418672644533e-05,7.172131518018432e-06,0.0002514574152883142,1.4780126548430417e-05,7.232698408188298e-05,0.0006966047803871334,7.502864173147827e-05,0.0013503482332453132,0.0001413612044416368,1.544367364658683e-06,0.0002815901243593544,0.00020757773017976433,0.0002823792165145278,0.0007766659837216139,0.0006586657837033272,0.00035204176674596965,0.0016967466799542308,0.003832537215203047,4.7734170948388055e-05,1.1959484709223034e-06,8.254465683421586e-06,5.218230398895685e-06,5.459273779706564e-06,8.633670063318277e-07,0.0001513788738520816,0.0,0.00014741276390850544,2.0601826690835878e-05,0.001190375885926187,2.604782821435947e-06,0.0019674848299473524,0.0002627605281304568,0.00029923603869974613,0.0006108956877142191,5.967561946818023e-07,0.001761781401000917,0.00020237058924976736,2.785552055684093e-07,0.0001029161358019337,1.7167218175018206e-05,1.9386330677662045e-05,0.00043983329669572413,9.97948973235907e-07,0.0,3.6946341879229294e-06,1.1743155482690781e-05,3.803446816164069e-06,0.00194191571790725,0.00029092596378177404,0.001792940660379827,2.8818099963245913e-05,0.0,0.0014330727281048894,0.00016615133790764958,1.4290413673734292e-05,4.146910214331001e-06,9.308950552622264e-07,4.861687193624675e-05,0.0034317830577492714,0.00033319706562906504,0.0,0.0016280352137982845,0.001067437115125358,6.502794349216856e-06,0.0011058595264330506,8.398609497817233e-05,0.0013047227403149009,0.0009953416883945465,0.0010951203294098377,0.00014154997188597918,2.021118007178302e-06,7.369722879957408e-06,1.796696233213879e-05,0.0004492136067710817,0.0001635835797060281,7.71053964854218e-05,0.00030609406530857086,0.0002032908669207245
200305,0.0004376594442874193,9.42095084610628e-06,2.8818685677833855e-06,0.0013521064538508654,0.0015234241727739573,0.00027813491760753095,0.00033110124059021473,4.792606341652572e-05,3.5939538065576926e-05,3.1945513910613954e-05,9.428474072592508e-07,3.3021481158357346e-06,0.00027714238967746496,6.470686912507517e-06,9.377641981700435e-05,0.00018810376059263945,0.0006940985913388431,7.351671229116619e-05,5.383407142289798e-07,2.201167262683157e-05,0.00019138283096253872,3.4407605653541395e-06,8.899715794541407e-06,2.583514287834987e-06,3.6862267734250054e-05,0.00010066822142107412,0.0,3.244077788622235e-06,2.7094617962575285e-06,0.0,4.511415681918152e-05,3.991727498942055e-05,0.0008843372925184667,7.4374975156388246e-06,0.0007193589117377996,5.3633117204299197e-05,4.500886007008376e-06,0.00029994978103786707,2.1527586795855314e-05,4.531168087851256e-05,0.0006241133087314665,8.521338168065995e-05,0.0011554502416402102,0.00019164114200975746,0.0,0.00033740969956852496,0.00020918136578984559,0.000235143190366216,0.0005784202949143946,0.0005760019994340837,0.00039158514118753374,0.0016660672845318913,0.003977598622441292,4.349803930381313e-05,3.851299425150501e-06,0.0,1.2463309531085542e-06,3.586345883377362e-06,2.2045201149012428e-06,0.00016266197781078517,0.0,0.00010193391790380701,2.9541790354414843e-05,0.0011373163433745503,1.3041146758041577e-06,0.002012793440371752,0.0002873886551242322,0.0005110135534778237,0.0007065869285725057,4.910560164717026e-06,0.0017786758253350854,0.00015674138558097184,1.965324827324366e-06,9.630701970309019e-05,1.2581203918671235e-05,2.1980658857501112e-05,0.0004125449631828815,8.919631909520831e-06,0.0,5.467074970511021e-06,0.0,6.139965762486099e-07,0.0017857279162853956,0.00038246289477683604,0.0017728856764733791,6.72575993121427e-07,1.1489680673548719e-06,0.0016550704604014754,0.00010407967783976346,2.363970452279318e-06,5.326933205651585e-06,5.544923169509275e-06,4.816399814444594e-05,0.0031981223728507757,0.0003944916825275868,3.467429678494227e-06,0.0016148105496540666,0.001154972822405398,7.859091965656262e-06,0.0011028643930330873,0.00011180793808307499,0.0012695107143372297,0.000900319020729512,0.0010850278194993734,0.0002088125911541283,0.0,0.0,2.002183100557886e-05,0.0005452306941151619,0.00013248588948044926,9.342528937850147e-05,0.0002518816909287125,0.0001963616523426026
200306,0.000390397704904899,1.7542373825563118e-05,4.3079421629954595e-06,0.0012891471851617098,0.001497910008765757,0.00021186766389291734,0.00029105678549967706,1.8794309653458185e-05,2.5092005671467632e-05,1.569712367199827e-05,1.4664186664958834e-06,4.0050322240858804e-06,0.0002733308938331902,2.2707352400175296e-05,6.833161023678258e-05,0.000254461367148906,0.0005840540397912264,8.535089727956802e-05,1.853317712630087e-07,1.3590046364697628e-05,0.00023425821564160287,1.0969261893478688e-05,6.7644082264450844e-06,1.7758426338332356e-06,6.477619899669662e-05,4.2759576899698004e-05,0.0,4.1480980144115165e-06,7.742198249616195e-06,1.614648567738186e-06,4.301926674088463e-05,4.8456364311277866e-05,0.000756165012717247,5.886725375603419e-06,0.0006072878022678196,4.396248186822049e-05,3.979217126470758e-06,0.0002574682584963739,5.679050445905887e-06,2.526740172470454e-05,0.0006064820336177945,7.640461990376934e-05,0.0009354106732644141,0.00019534130115061998,0.0,0.00043720545363612473,0.00016426316869910806,0.0003031777741853148,0.0005113721708767116,0.0006924858898855746,0.00039443292189389467,0.001943723764270544,0.004115077201277018,3.7721660191891715e-05,0.0,1.379663353873184e-05,0.0,0.0,0.0,0.0001119627631851472,0.0,6.849750207038596e-05,8.896426152205095e-06,0.0012962415348738432,0.0,0.002059565857052803,0.00032154598738998175,0.000373377522919327,0.0007380747701972723,9.005372589854233e-07,0.0015435375971719623,0.00015870944480411708,9.21966375244665e-07,0.00012052309466525912,4.110942245461047e-05,1.7020867744577117e-05,0.00038754960405640304,0.0,0.0,5.040481482865289e-06,5.566916570387548e-06,2.2954427549848333e-06,0.0017336256569251418,0.0003436613769736141,0.0015974892303347588,1.457257258152822e-05,0.0,0.0016607546713203192,0.0001704545138636604,1.0553631000220776e-05,2.1862138055439573e-06,2.2845267722004792e-07,5.151531513547525e-05,0.0030015818774700165,0.0003235714975744486,1.4178225455907523e-06,0.0015868778573349118,0.0016618387307971716,6.6365341808705125e-06,0.0011511482298374176,0.00016651111945975572,0.001331989886239171,0.0009449815261177719,0.0010561898816376925,0.00016909444821067154,0.0,2.6893155791185563e-06,4.963086394127458e-05,0.0005806998233310878,0.00016211556794587523,7.141794048948213e-05,0.0002147396153304726,0.00023816768953111023
200307,0.00029378666658885777,8.691716175235342e-06,4.629471732187085e-06,0.004156747832894325,0.001480849226936698,0.00014826920232735574,0.000355155294528231,3.9354861655738205e-05,1.946748307091184e-05,1.3413515262072906e-05,3.202148946002126e-07,2.789457312246668e-06,0.00025964347878471017,9.021769983519334e-06,0.00010508164996281266,0.00019017273734789342,0.00047575304051861167,0.0001432313147233799,1.208349090120464e-06,4.847980108024785e-06,0.00024271188885904849,2.370746415181202e-06,4.1912830965884496e-06,1.8418149920762517e-06,3.573103458620608e-05,5.387384589994326e-05,0.0,2.188284042858868e-06,5.628186499961885e-06,1.7873235265142284e-06,3.326011210447177e-05,4.05239625251852e-05,0.00498453201726079,7.562974133179523e-06,0.0006018491694703698,5.0526945415185764e-05,0.0,0.00024747461429797113,1.1627171261352487e-05,2.3997528842301108e-05,0.0006486651254817843,6.926205242052674e-05,0.001239563338458538,0.00021096640557516366,0.0,0.0004538093344308436,0.00021116029529366642,0.00036060879938304424,0.000962147896643728,0.0007583346450701356,0.0003786984016187489,0.0019634715281426907,0.003857840085402131,4.7705361794214696e-05,0.0,0.0,5.001701538276393e-06,2.873927769542206e-06,0.0,0.00015949957014527172,0.0,9.77107192738913e-05,1.704053283901885e-05,0.0011236793361604214,2.626653213155805e-06,0.0020244503393769264,0.00033319604699499905,0.00037646639975719154,0.0007863600621931255,2.7064670575782657e-06,0.0013285840395838022,0.00010199940879829228,0.0,8.885521674528718e-05,4.030619311379269e-05,2.137529918400105e-05,0.00039845469291321933,1.3524758060157183e-06,2.060677388726617e-06,7.829456080798991e-06,0.0,4.029962838103529e-06,0.001713464269414544,0.0003572374989744276,0.0016025607474148273,6.598496838705614e-06,2.7947469334321795e-06,0.0016250716289505363,0.00011787647235905752,4.692064976552501e-06,1.962469013960799e-06,6.315842711046571e-06,4.906049434794113e-05,0.002983969170600176,0.00039190135430544615,1.000114593807666e-06,0.0015599050093442202,0.0014425581321120262,3.0939370390115073e-06,0.0011160181602463126,0.00015259381325449795,0.0013619816163554788,0.0008547601755708456,0.0008719029719941318,0.0001600379473529756,1.6911966440602555e-06,2.4763976398389786e-06,4.60119845229201e-05,0.0006240078946575522,0.00012661532673519105,0.0001121038876590319,0.00021080009173601866,0.0002817219356074929
200308,0.00039660758920945227,8.907316441764124e-06,5.430850706034107e-06,0.0015129654202610254,0.0014153231168165803,0.00015882471052464098,0.0002745195815805346,1.652645914873574e-05,2.9179203920648433e-05,3.655317414086312e-05,2.3540646907349583e-06,1.2314145351410843e-05,0.0002601250307634473,2.0636522094719112e-05,8.576655091019347e-05,0.00023670925293117762,0.0004762444586958736,4.299077045288868e-05,0.0,5.204461558605544e-06,0.00021588627714663744,4.9614541239861865e-06,2.9969903607707238e-06,3.3565049761818955e-06,4.468330371310003e-05,4.616204751073383e-05,1.2598951570907957e-06,0.0,7.099379217834212e-06,5.077250534668565e-06,3.142195419059135e-05,4.1475526813883334e-05,0.0010355815757066011,6.035619207978016e-06,0.0006388918263837695,5.4909323807805777e-05,0.0,0.00022267176245804876,2.6904262995230965e-06,3.852425652439706e-05,0.0006559934699907899,5.8446912589715794e-05,0.0008674610289745033,0.000248326308792457,5.156038014320075e-07,0.0004312704550102353,0.00020561063138302416,0.00035025208489969373,0.0006524413474835455,0.0006873531965538859,0.00041855554445646703,0.002459564246237278,0.004009972792118788,3.8782636693213135e-05,5.204617536946898e-07,6.169743301143171e-06,1.2482935289881425e-06,4.513938449690613e-07,0.0,0.0001985860290005803,0.0,0.00014277391892392188,2.3854701794334687e-05,0.0011950235348194838,1.5638464674339048e-06,0.0021004057489335537,0.0003170400741510093,0.00031660610693506896,0.000737479655072093,5.0729981921904255e-06,0.001440331805497408,6.484473124146461e-05,4.629167506209342e-06,7.718797132838517e-05,6.0828137065982446e-05,1.1439189620432444e-05,0.0004353229596745223,3.0152327781252097e-06,0.0,3.030318339369842e-06,7.537689270975534e-06,6.007833690091502e-06,0.001716748345643282,0.0004604300484061241,0.0016526741674169898,3.481262922377937e-07,0.0,0.0015661653596907854,0.00013874712749384344,6.221048352017533e-06,3.0301853257697076e-06,6.858408028165286e-07,5.1926090236520395e-05,0.003144705668091774,0.00039468714385293424,2.6261054699716624e-06,0.0015752158360555768,0.0018237880431115627,3.8758485061407555e-06,0.0011368506820872426,0.00010419401951367036,0.001275690970942378,0.0008608503849245608,0.0011308375978842378,0.000175471868715249,8.569709848416096e-07,1.9576270915422356e-06,1.3099835996399634e-05,0.0006811451748944819,0.00016011584375519305,9.877525735646486e-05,0.0001957406202564016,0.00026876540505327284
200309,0.0004393966810312122,1.031561077979859e-05,3.3566568617970916e-06,0.0012619850458577275,0.0015128359664231539,8.663620246807113e-05,0.00032708924845792353,2.396952550043352e-05,2.138816489605233e-05,2.3479889932787046e-05,1.8935548951048986e-06,4.742967121273978e-06,0.00021640864724759012,2.4391601982642896e-05,0.00011060722317779437,0.0002463582786731422,0.0004687022010330111,6.717565702274442e-05,0.0,1.1557094694580883e-05,0.00017203256720677018,1.5557839105895255e-06,4.3558861761994194e-06,2.0092384147574194e-06,9.829308692133054e-05,3.0158011213643476e-05,9.468434996051656e-07,5.706498541258043e-06,7.1880422183312476e-06,2.119680402756785e-06,8.805884135654196e-06,3.772138006752357e-05,0.007129515986889601,7.434851795551367e-06,0.0006781587726436555,6.998763274168596e-05,0.0,0.0002652264665812254,5.75962258153595e-06,1.7569565898156725e-05,0.0006736345821991563,9.807929745875299e-05,0.0007106437697075307,0.000290415424387902,0.0,0.0006129526882432401,0.00030039233388379216,0.00030946009792387486,0.0006304348353296518,0.0009100222960114479,0.0004556462517939508,0.0021959070581942797,0.004282097332179546,2.9507324143196456e-05,3.980986093665706e-06,0.0,9.04020851066889e-07,4.9475597734272014e-06,1.162528747045144e-06,0.00023446195700671524,0.0,8.170870569301769e-05,2.4272725568152964e-05,0.0012815012596547604,1.425497771379014e-06,0.0021647459361702204,0.00026820378843694925,0.00038189292536117136,0.0007624788559041917,5.379768595048517e-07,0.0012286410201340914,4.030222771689296e-05,7.6658619718728e-07,7.66123557696119e-05,1.9926519598811865e-05,2.742269862210378e-05,0.00032928347354754806,2.727392711676657e-06,0.0,4.405753770697629e-06,3.451226291417697e-07,2.2666245058644563e-06,0.0016966842813417315,0.0004652409115806222,0.0014887979486957192,1.611222728570283e-06,1.103883505493286e-06,0.0016478670295327902,0.00011010441085090861,7.244876542245038e-06,3.821010068350006e-06,0.0,4.903302760794759e-05,0.002686024410650134,0.0003980591718573123,1.7518796084914356e-06,0.0014866320416331291,0.0019504190422594547,3.6666517644334817e-06,0.001064265612512827,0.00014613621169701219,0.0014265995705500245,0.0008212300017476082,0.0010278606787323952,0.0001989209558814764,0.0,5.213829808781156e-06,4.394751522340812e-05,0.0005796360783278942,0.0001301981246797368,0.00013241883425507694,0.00020051017054356635,0.00033556006383150816
200310,0.00038905645487830043,1.0482021025381982e-05,2.4839091565809213e-06,0.0013205823488533497,0.0015509893419221044,0.00013210151519160718,0.0002632451069075614,4.652191637433134e-05,2.219471389253158e-05,3.7397378036985174e-05,1.2348651807769784e-06,3.4454537853889633e-06,0.00025017044390551746,1.72301588463597e-05,7.859155448386446e-05,0.00021497397392522544,0.00045078175025992095,9.846087777987123e-05,1.5369778338936158e-06,2.8415603082976304e-05,0.00018964300397783518,5.194686423237727e-07,5.438668722490547e-06,1.3158106639821199e-06,2.5468987587373704e-05,3.4670312743401155e-05,0.0,1.8481204051568056e-06,5.738634627050487e-06,1.0679463002816192e-06,3.033574830624275e-05,1.1608492059167475e-05,0.0031274226494133472,4.496812380239135e-06,0.0006974464631639421,5.6424116337439045e-05,0.0,0.00018576791626401246,9.199329724651761e-06,2.972363290609792e-05,0.0005899028619751334,5.937405876466073e-05,0.0005656706634908915,0.00022263056598603725,0.0,0.000564548943657428,0.00035797880263999104,0.0003162296488881111,0.0006329406751319766,0.0006107257795520127,0.0003023422905243933,0.0019786448683589697,0.003945349715650082,4.267140320735052e-05,0.0,2.4842370294209104e-06,1.2816093430956244e-06,0.0,0.0,0.00020117605163250118,0.0,0.00010921363718807697,2.008691808441654e-05,0.0012244614772498608,1.0297254675606382e-06,0.0022020814940333366,0.00019769440405070782,0.00030595524003729224,0.0006793496431782842,1.6280428098980337e-06,0.001401520916260779,8.997124677989632e-05,2.5473887035332154e-06,0.00014059856766834855,2.5033705242094584e-05,1.7237080101040192e-05,0.0003621822106651962,7.376874236797448e-06,8.832201956465724e-07,5.483171662490349e-06,3.0218404845072655e-06,2.8663471312029287e-06,0.0017980171833187342,0.0004969696165062487,0.0016181732062250376,8.780406460573431e-06,3.688605374918552e-06,0.0015243232483044267,0.00017092238704208285,6.5505000748089515e-06,9.139320127360406e-07,9.373958960168238e-07,4.449528205441311e-05,0.003054081927984953,0.0004698708944488317,6.198291657710797e-07,0.0014637768035754561,0.0014097559032961726,1.0605389434203971e-05,0.001095056184567511,0.00022607416030950844,0.001420494052581489,0.0007573447073809803,0.0011312629794701934,0.00017737883899826556,0.0,4.037544385937508e-06,2.3110105757950805e-05,0.0006167057435959578,0.00013669910549651831,0.00011768301919801161,0.00017060345271602273,0.00027746002888306975
200311,0.0004316404229030013,8.220426934713032e-06,7.5022035161964595e-06,0.0017508981982246041,0.001565946382470429,0.00027816975489258766,0.0002973525843117386,3.4405897167744115e-05,3.5399836633587256e-05,4.6107423258945346e-05,3.2715229281166103e-06,4.113445356779266e-06,0.00026016257470473647,6.81125720802811e-06,8.947903552325442e-05,0.00017239092267118394,0.0005426566349342465,0.00011711022671079263,0.0,1.5140095456445124e-05,0.0003199310158379376,3.7644774693035288e-06,1.7976950630327337e-06,4.352065388957271e-06,8.738345059100538e-06,4.650878327083774e-05,0.0,5.8949012782250065e-06,1.3204459719418082e-05,1.4945089787943289e-06,4.343063119449653e-05,1.777896613930352e-05,0.003736517857760191,5.1485221774782985e-06,0.0005350737483240664,0.0001058916313922964,1.987647920032032e-06,0.00029511781758628786,5.327952294464922e-06,6.662376836175099e-05,0.0005705146468244493,8.941988198785111e-05,0.0006756092770956457,0.00019912868447136134,0.0,0.00035683740861713886,0.0003040510055143386,0.00034387348568998277,0.0005790188442915678,0.0006348967435769737,0.0002934882359113544,0.001955652143806219,0.00382296834141016,3.3298361813649535e-05,1.9015249108633725e-06,2.315274286956992e-06,1.9661088117572945e-06,2.1592147732008016e-06,0.0,0.00011818181519629434,0.0,0.00018345550051890314,1.9069191694143228e-05,0.0012698316713795066,1.4165184438752476e-06,0.001956742024049163,0.00020071656035725027,0.00026338957832194865,0.0006708589498884976,0.0,0.0012654574820771813,0.00013059342745691538,9.83699351309042e-07,0.0004133207257837057,4.435017399373464e-05,1.7522928828839213e-05,0.00036752878804691136,1.0646234613886918e-06,0.0,5.471949862112524e-06,2.0013949324493296e-06,3.5714651858143043e-06,0.0019270654302090406,0.00031673471676185727,0.001679640612564981,6.112317123552202e-07,0.0,0.0013717456022277474,3.759206447284669e-05,6.049981493561063e-06,8.31112117793964e-07,0.0,3.909232691512443e-05,0.0031005474738776684,0.00044147559674456716,0.0,0.0015931420493870974,0.0012697321362793446,1.2007589020868181e-06,0.0012304492993280292,0.0001814702554838732,0.0014188973000273108,0.0008684215717948973,0.0012006311444565654,0.00016551901353523135,9.229999022863922e-07,1.5697561366323498e-06,5.319231058820151e-05,0.0005138342385180295,7.836722215870395e-05,9.716941713122651e-05,0.00027906091418117285,0.0002929213223978877
200312,0.000367584521882236,5.401537691795966e-06,7.430256573570659e-06,0.0013759746216237545,0.0014809422427788377,0.0001691124343778938,0.0003195608442183584,3.1163424864644185e-05,3.964375355280936e-05,3.2604475563857704e-05,1.3232854598754784e-06,2.5815370463533327e-06,0.00025243524578399956,1.5591615010634996e-05,0.00010517083865124732,0.00021272014419082552,0.0004983899416401982,6.067027061362751e-05,0.0,1.9680148398038e-05,0.00023254752159118652,3.3427577363909222e-06,1.0298152119503357e-05,2.407836745987879e-06,4.126494604861364e-05,3.350938277435489e-05,0.0,4.299809006624855e-06,2.6371246804046677e-06,1.0785729500639718e-06,3.135933729936369e-05,2.8151383958174847e-05,0.0014490801841020584,8.647248250781558e-06,0.0005830591544508934,7.51951229176484e-05,3.36672087541956e-06,0.0002888588351197541,3.008898602274712e-06,2.2555366740562022e-05,0.0006235206965357065,0.00010170529276365414,0.0007081581861712039,0.0001839824253693223,0.0,0.00037004961632192135,0.0002645302447490394,0.00038380257319658995,0.0006073962431401014,0.0006272958707995713,0.00032027054112404585,0.002078813035041094,0.003778955666348338,4.3516007281141356e-05,6.425570404644532e-07,4.14688929595286e-06,8.784513738646638e-07,6.480211141024483e-06,0.0,0.00016943052469287068,0.0,4.876799357589334e-05,1.8988876036019064e-05,0.001249272609129548,6.448943281611719e-07,0.0020012850873172283,0.00020213414973113686,0.000319894083077088,0.0007737157866358757,0.0,0.0013343006139621139,0.0001322689204243943,1.3761981563220615e-06,0.00035299730370752513,5.90329545957502e-05,9.187652722175699e-06,0.0003683702670969069,3.4856748243328184e-06,0.0,1.8602596583150444e-06,0.0,7.834285497665405e-06,0.0018983560148626566,0.0004470252606552094,0.0015671583823859692,1.01389423434739e-06,0.0,0.0014144136803224683,0.00012505176709964871,7.093615749909077e-06,4.7347689360321965e-06,6.800035521337122e-07,4.075625474797562e-05,0.003063816111534834,0.0004423426289577037,2.0997490537411068e-06,0.0015361558180302382,0.001862717210315168,2.685928166101803e-06,0.0011877615470439196,0.00011754094884963706,0.001425792695954442,0.0008971535717137158,0.0012337260413914919,0.0001639563124626875,0.0,0.0,5.30609795532655e-05,0.0004689787747338414,0.00010476557508809492,0.00010705296881496906,0.00021974202536512166,0.0002707649546209723
200401,7.988750439835712e-05,0.0,0.0,0.000851331336889416,0.0003000958531629294,0.00010812203254317865,0.00024258751363959163,2.436185013721115e-06,1.4714934877702035e-05,2.5466879378654994e-06,0.0,0.0,0.0001748171343933791,0.0,2.859589221770875e-05,0.00010096136975334957,3.6754139728145674e-05,0.0,0.0,0.0,1.8030576029559597e-05,0.0,0.0,0.0,0.0,1.2707192581729032e-05,0.0,0.0,0.0,0.0,0.0,0.0,0.001103270216844976,0.0,0.0003010937653016299,8.06474872661056e-06,0.0,9.384125587530434e-05,0.0,0.0,0.0001789009984349832,9.327717634732835e-06,0.0,4.7801731852814555e-05,0.0,4.0963081119116396e-05,0.00012644000526051968,0.00012464374594856054,0.00023682008031755686,0.00010974158794851974,8.195574628189206e-05,0.0010774065740406513,0.0027411167975515127,0.0,0.0,0.0,0.0,0.0,0.0,0.0,0.0,1.3177265827835072e-05,3.881333213939797e-06,0.0009420485002920032,0.0,0.001340287970378995,8.212697866838425e-05,0.0002344495296711102,0.00023486783902626485,0.0,0.0004031891585327685,0.0,0.0,0.0,0.0,2.5162279371215845e-07,9.057793795363978e-05,0.0,0.0,0.0,0.0,0.0,0.001185265020467341,2.6206971597275697e-05,0.0010181620018556714,0.0,0.0,0.0008250081446021795,7.558640936622396e-05,0.0,0.0,0.0,1.7306447261944413e-05,0.0015431127976626158,9.351994231110439e-05,0.0,0.0013033333234488964,0.0009427983895875514,0.0,0.0002176271955249831,2.619210135890171e-05,0.0012724612606689334,4.450060077942908e-05,0.0005483328131958842,3.9874234062153846e-05,0.0,0.0,0.0,2.2643716874881648e-05,5.294541551847942e-06,0.0,1.429957410437055e-05,4.616631122189574e-05
200402,3.814483352471143e-05,0.0,1.2891142660009791e-06,0.00140585214830935,0.00028054980793967843,3.587745959521271e-05,0.0003794232034124434,0.0,1.0749003195087425e-05,0.0,0.0,0.0,0.0001752471725922078,0.0,2.4313627022820583e-07,9.656201291363686e-05,3.626449324656278e-05,0.0,0.0,0.0,0.0,0.0,0.0,0.0,7.872774403949734e-06,2.268055595777696e-06,0.0,0.0,0.0,0.0,4.63579453935381e-06,0.0,0.00141515105497092,0.0,0.00023510535538662225,9.262964340450708e-06,0.0,2.842481444531586e-05,1.5888939742580988e-05,0.0,0.00011532298231031746,0.0,7.097012712620199e-05,6.0470119933597744e-05,0.0,1.659298322920222e-05,0.00015688776329625398,0.00014884606935083866,0.00023615549434907734,0.0001307647762587294,0.00010442701750434935,0.0012107796501368284,0.0026841822545975447,0.0,0.0,0.0,0.0,0.0,0.0,0.0,0.0,1.2661033906624652e-05,3.5284906516608316e-06,0.0009220480569638312,0.0,0.0012043277965858579,7.676527457078919e-05,0.00019826891366392374,0.00018462860316503793,0.0,0.00030968995997682214,0.0,0.0,0.0,1.0670932169887237e-05,7.743813625893381e-07,8.124610030790791e-05,0.0,0.0,0.0,0.0,0.0,0.001197118079289794,1.6918043911573477e-05,0.0009326901636086404,0.0,0.0,0.0008636634447611868,7.261012069648132e-05,0.0,0.0,0.0,3.7517238524742424e-05,0.0016971937147900462,9.669986320659518e-05,0.0,0.0013317218981683254,0.0008674111450091004,0.0,0.00015691763837821782,3.7180030631134287e-05,0.0012502747122198343,8.085643639788032e-05,0.00036919317790307105,3.6776553315576166e-05,0.0,0.0,8.900940883904696e-06,1.5173476640484296e-05,0.0,1.4775446288695093e-05,4.58125832665246e-05,5.5901517043821514e-05
200403,7.005129009485245e-05,0.0,0.0,0.0011348285479471087,0.00027698680059984326,5.4275380534818396e-05,0.0002448027953505516,1.1181442459928803e-05,5.983820301480591e-06,0.0,0.0,0.0,0.00016192745533771813,0.0,1.0816537724167574e-05,0.00011195776460226625,4.214295040583238e-05,0.0,0.0,0.0,0.0,0.0,0.0,0.0,0.0,5.09461278852541e-06,0.0,0.0,0.0,0.0,0.0,0.0,0.0013579265214502811,0.0,0.00020769014372490346,0.0,0.0,5.801234146929346e-05,0.0,0.0,0.00010899228072958067,0.0,0.00012767758744303137,4.3156960600754246e-05,0.0,4.9435257096774876e-05,0.00010727541666710749,0.00021805253345519304,0.00029963679844513535,0.00014881693641655147,8.263397467089817e-05,0.0012822075514122844,0.0026518392842262983,0.0,0.0,0.0,0.0,0.0,0.0,0.0,0.0,1.1442140021244995e-05,3.072796971537173e-06,0.0009522574837319553,0.0,0.0012364656431600451,7.954283501021564e-05,0.0002515462983865291,7.435701991198584e-05,0.0,0.00026775916921906173,0.0,0.0,6.82082963976427e-06,0.0,0.0,8.707839151611552e-05,0.0,0.0,0.0,0.0,0.0,0.001233772374689579,3.407859185244888e-05,0.0010300833964720368,0.0,0.0,0.0007300584111362696,3.7921516195638105e-05,1.1644018513834453e-06,0.0,0.0,2.4040060452534817e-05,0.0016604484990239143,6.039587970008142e-05,0.0,0.001289975130930543,0.0008108278852887452,0.0,0.00015742506366223097,2.1632451534969732e-05,0.0012972645927220583,2.4163648049579933e-05,0.0003121868649031967,7.048473344184458e-05,0.0,9.703143177830498e-07,0.0,2.0477751604630612e-05,0.0,0.0,4.955225813318975e-05,6.845439202152193e-05
200404,3.383032526471652e-05,0.0,1.0454133416715194e-06,0.0012229515705257654,0.00023885940026957542,5.215442070038989e-05,0.0002902969135902822,5.089045316708507e-06,1.2523073564807419e-05,0.0,0.0,0.0,0.00011666966747725382,0.0,1.2187877018732252e-07,0.00012054608669131994,3.077441215282306e-05,0.0,0.0,0.0,3.4169788705185056e-05,0.0,0.0,0.0,0.0,5.61822707823012e-06,0.0,0.0,0.0,0.0,6.107492026785621e-06,0.0,0.0009097132133319974,0.0,0.00021328066941350698,7.569070021418156e-06,0.0,0.00013266221503727138,0.0,0.0,0.0001231103960890323,0.0,0.00018241579527966678,5.134243838256225e-05,0.0,8.212606189772487e-05,6.187392864376307e-05,0.00019098698976449668,0.00034118673647753894,0.0001397724263370037,0.00011215203994652256,0.0010847821831703186,0.002736554015427828,0.0,0.0,0.0,0.0,0.0,0.0,2.308952207386028e-05,0.0,2.4967652279883623e-05,6.122282229625853e-06,0.0009058808209374547,9.021914024742728e-07,0.001038778224028647,5.386291741160676e-05,0.0002722711069509387,4.5585886255139485e-05,0.0,0.00044387165689840913,0.0,0.0,0.0,5.33958082087338e-05,1.7317604488198413e-06,8.431918104179204e-05,0.0,0.0,0.0,0.0,0.0,0.0012281874660402536,1.4248873412725516e-05,0.0010762732708826661,0.0,0.0,0.000665503554046154,0.0,0.0,0.0,0.0,1.5363688362413086e-05,0.0016432476695626974,0.0001239506818819791,0.0,0.001209955895319581,0.0008752518915571272,0.0,0.00014973545330576599,3.853221278404817e-05,0.0011700382456183434,2.1819347239215858e-05,0.00033347701537422836,7.58916576160118e-05,0.0,0.0,0.0,6.199802010087296e-05,0.0,1.6800895537016913e-05,2.8786816983483732e-05,6.193328590597957e-05
200405,4.2912812205031514e-05,0.0,0.0,0.0016959860222414136,0.00027922954177483916,0.00024106369528453797,0.0001585848949616775,1.3551836673286743e-05,8.660439561936073e-06,1.6698037143214606e-05,0.0,0.0,0.00017047845176421106,0.0,2.7628632892628957e-07,8.760015771258622e-05,0.0001481240033172071,1.7483001784057706e-06,0.0,0.0,1.9505765521898866e-05,0.0,0.0,0.0,0.0,1.8536307834438048e-05,0.0,0.0,0.0,0.0,1.1056947187171318e-05,0.0,0.001098001142963767,0.0,0.00013854404096491635,0.0,0.0,5.984327071928419e-05,0.0,0.0,0.0001036154426401481,2.7572463295655325e-05,0.0002617468708194792,7.817350706318393e-05,0.0,3.2341311452910304e-05,8.18623011582531e-05,0.000151152751641348,0.00022874388378113508,5.962475552223623e-05,0.0001305306504946202,0.0012018021661788225,0.0029190541245043278,0.0,0.0,0.0,0.0,0.0,0.0,0.0,0.0,7.736152474535629e-05,3.604722678574035e-06,0.0008160099387168884,0.0,0.0009099725866690278,3.1169442081591114e-05,0.0003385104064363986,2.103899350913707e-05,0.0,0.00040286692092195153,0.0,0.0,0.0,0.00011326469393679872,1.3210666338636656e-07,0.0001323347387369722,0.0,0.0,0.0,0.0,0.0,0.0013244834262877703,3.710660166689195e-05,0.001287351711653173,0.0,0.0,0.0008080573170445859,3.248300708946772e-05,0.0,0.0,0.0,3.006584847753402e-05,0.0017160867573693395,7.792246469762176e-05,0.0,0.0012489695800468326,0.0005456028156913817,0.0,0.00022479117615148425,5.900933319935575e-05,0.0010949330171570182,1.800918107619509e-05,0.0003032588865607977,7.504822860937566e-05,0.0,0.0,0.0,2.1541874957620166e-05,0.0,1.3997896530781873e-05,6.162760109873489e-05,8.572034857934341e-05
200406,1.924052594404202e-05,0.0,1.0519996749280836e-06,0.001278320443816483,0.00042500748531892896,0.00027456865063868463,7.07323124515824e-05,0.0,2.598598257463891e-05,1.1780075510614552e-05,0.0,0.0,0.00014259610907174647,0.0,4.820082608603116e-07,5.414533370640129e-05,9.066749043995515e-05,0.0,0.0,0.0,9.115632565226406e-05,0.0,0.0,0.0,0.0,2.3373526346404105e-05,0.0,0.0,0.0,0.0,0.0,0.0,0.002811022801324725,0.0,0.00016469079128000885,0.0,0.0,3.961526817874983e-05,0.0,0.0,8.502618584316224e-05,0.0,0.00033825304126366973,8.601915033068508e-05,0.0,3.010155296578887e-06,8.90536030055955e-05,0.0001580086100148037,0.00029769676621071994,2.830390258168336e-05,9.758441592566669e-05,0.0013321436708793044,0.0029810054693371058,0.0,0.0,0.0,0.0,0.0,0.0,9.144770956481807e-06,0.0,0.00014981575077399611,0.0,0.0008379205246455967,0.0,0.0007904707454144955,7.050317799439654e-05,0.00026102070114575326,9.132792183663696e-05,0.0,0.00033341499511152506,0.0,0.0,2.984011189255398e-07,0.00012796663213521242,0.0,0.00013998027134221047,0.0,0.0,4.323777034187515e-07,0.0,0.0,0.001351070823147893,5.075363878859207e-05,0.0012924076290801167,0.0,0.0,0.0007053314475342631,1.1014972187695093e-06,0.0,0.0,0.0,0.0,0.001628586440347135,8.634616824565455e-05,0.0,0.001241297577507794,0.0006019239081069827,0.0,0.00022734740923624486,8.55850157677196e-05,0.0009898761054500937,4.281197107047774e-05,0.00037622349918819964,7.466975512215868e-05,0.0,0.0,0.0,7.338428258663043e-05,0.0,4.621737843990559e-06,4.977254866389558e-05,5.5107491789385676e-05
200407,3.66902349924203e-05,0.0,0.0,0.0011792350560426712,0.0004575132334139198,0.00030026439344510436,6.79936638334766e-05,2.280776243424043e-06,1.4305611330200918e-05,0.0,0.0,0.0,0.00017817206389736384,0.0,3.5636119719129056e-05,5.518921898328699e-05,0.00010798508446896449,0.0,0.0,1.4936339539417531e-05,0.00014011831081006676,0.0,0.0,0.0,0.0,2.1565578208537772e-05,0.0,0.0,0.0,0.0,3.371240745764226e-05,0.0,0.0023490176536142826,0.0,0.00021231529535725713,0.0,0.0,3.1117455364437774e-05,0.0,0.0,6.73609392833896e-05,3.679709698189981e-05,0.0003235950425732881,5.317126488080248e-05,2.901052084780531e-06,1.692752630333416e-05,0.00010597814980428666,9.326307917945087e-05,0.0001502456871094182,9.322463301941752e-05,0.00011303726205369458,0.001341533032245934,0.0032114777714014053,4.7094194997043815e-06,0.0,0.0,0.0,0.0,0.0,0.0,0.0,0.00015922686725389212,5.1893807722080965e-06,0.0008264472708106041,0.0,0.0007241542916744947,9.717472858028486e-05,0.00029884991818107665,2.5537339752190746e-05,0.0,0.00040707580046728253,0.0,0.0,0.0,0.0002485367585904896,0.0,0.00011311389243928716,0.0,0.0,0.0,0.0,0.0,0.0013670719927176833,4.924617678625509e-05,0.0013325230684131384,0.0,0.0,0.0007297920528799295,0.0,0.0,0.0,0.0,1.2362946108623873e-05,0.0015628891997039318,5.875916758668609e-05,0.0,0.001209678710438311,0.0003671905433293432,0.0,0.0002817278727889061,6.859959103167057e-05,0.0009892825037240982,1.8244911188958213e-05,0.0003016494447365403,8.318518666783348e-05,0.0,0.0,0.0,7.123438990674913e-05,0.0,0.0,1.3314804164110683e-05,9.484358997724485e-06
200408,5.0575366913108155e-05,0.0,0.0,0.0014833079185336828,0.0004878111358266324,0.0003448830102570355,0.00017984841542784125,1.8571840882941615e-06,1.5829189578653313e-05,2.057746496575419e-05,0.0,0.0,0.0001933214080054313,0.0,3.431653749430552e-05,5.294969378155656e-05,0.00018809358880389482,0.0,0.0,0.0,0.00017611068324185908,0.0,0.0,0.0,0.0,2.136169860023074e-05,0.0,9.219974344887305e-06,0.0,0.0,1.7892098185257055e-05,0.0,0.004299015738070011,0.0,0.00015973037807270885,0.0,0.0,5.843416874995455e-05,0.0,0.0,6.24976892140694e-05,8.749848348088562e-06,0.00032498230575583875,6.905802729306743e-05,3.0778471682424424e-06,1.0435521744511789e-06,9.693713946035132e-05,8.358246850548312e-05,0.00035296427085995674,0.00018713796453084797,8.358561899513006e-05,0.0012893731473013759,0.0030051094945520163,0.0,0.0,0.0,0.0,0.0,0.0,0.0,0.0,0.0002575229445938021,1.3324016435944941e-05,0.0008900330285541713,0.0,0.0007437243475578725,6.660069630015641e-05,0.00024949974613264203,4.084959073225036e-05,0.0,0.0005264711217023432,0.0,0.0,2.904562506955699e-06,0.00023929211602080613,0.0,0.00012535644054878503,0.0,0.0,0.0,0.0,0.0,0.0014037705259397626,4.057708429172635e-05,0.0013351740781217813,0.0,0.0,0.00046987590030767024,0.0,1.3303327932590037e-06,0.0,0.0,2.0215178665239364e-05,0.0015415403759106994,3.7102039641467854e-05,5.823806077387417e-06,0.001255133538506925,0.00037379260174930096,0.0,0.00028291152557358146,2.4511005904059857e-05,0.001012248219922185,2.3683727704337798e-05,0.00023749317915644497,0.00011555356468306854,0.0,0.0,0.0,5.1758368499577045e-05,0.0,0.0,1.8474931493983604e-05,2.338046942895744e-05
200409,4.614144199877046e-05,0.0,2.9719603844569065e-06,0.0023261297028511763,0.000495513784699142,0.00034294486977159977,8.32571167848073e-05,4.2987780943803955e-06,2.9517876100726426e-05,5.000178862246685e-05,0.0,0.0,0.00015765547868795693,0.0,0.0,6.977781595196575e-05,0.00018666429969016463,1.9910150967916707e-06,0.0,2.6308051019441336e-05,9.992686682380736e-05,0.0,0.0,0.0,2.9139851903892122e-05,7.392395218630554e-06,0.0,5.280103323457297e-06,0.0,0.0,1.6593487089267e-05,0.0,0.005445460323244333,0.0,0.00019888819952029735,1.3655601833306719e-05,0.0,6.388239125953987e-05,0.0,0.0,0.00012481976591516286,0.0,0.00030854501528665423,7.028062827885151e-05,3.853640009765513e-06,9.21926357477787e-07,2.2619855371885933e-05,9.027440682984889e-05,0.00034356681862846017,0.00013674283400177956,0.00015088333748281002,0.0012760137906298041,0.0031957298051565886,0.0,0.0,0.0,0.0,0.0,0.0,2.1338673832360655e-06,0.0,0.0002830683661159128,0.0,0.0007748020580038428,0.0,0.0008671486284583807,7.029427797533572e-05,0.00016239726392086595,1.0594309060252272e-05,0.0,0.0004062584775965661,0.0,0.0,0.0,0.00026060669915750623,0.0,0.00014528559404425323,0.0,0.0,0.0,0.0,0.0,0.0014384404057636857,4.690348941949196e-05,0.0015280272345989943,0.0,0.0,0.0005507039022631943,0.0,0.0,0.0,0.0,3.1953331927070394e-05,0.0015801757108420134,1.5065782463352662e-05,0.0,0.0012491444358602166,0.00036403685226105154,0.0,0.00029612972866743803,1.236659136338858e-05,0.0010157532524317503,1.750680894474499e-05,0.0003248756693210453,0.00015409865591209382,0.0,0.0,0.0,6.081389801693149e-05,0.0,0.0,4.093911047675647e-05,5.191078162170015e-05
200410,4.3742347770603374e-05,0.0,0.0,0.001967858290299773,0.0005104665760882199,0.00046912074321880937,0.00014039526286069304,1.996522769331932e-06,4.246314802003326e-06,0.0,0.0,0.0,0.00017300416948273778,0.0,0.0,7.513808668591082e-05,0.00021863063739147037,0.0,0.0,1.8600130715640262e-05,0.00014813122106716037,0.0,0.0,0.0,0.0,1.0796511560329236e-05,0.0,0.0,0.0,0.0,8.953480573836714e-05,0.0,0.0019495286978781223,0.0,0.00020331547420937568,0.0,0.0,8.225749479606748e-05,0.0,9.845741715253098e-07,4.521372466115281e-05,4.142369289183989e-05,0.00038697998388670385,4.145764614804648e-05,0.0,1.6222480553551577e-05,9.495917765889317e-05,8.295800944324583e-05,0.00018851208733394742,9.437298285774887e-05,9.842792496783659e-05,0.0013809395022690296,0.003129257122054696,0.0,0.0,0.0,0.0,0.0,0.0,0.0,0.0,0.0002443376579321921,0.0,0.0008051046752370894,0.0,0.0009049141081050038,5.537781908060424e-05,0.0003308665764052421,2.6848254492506385e-05,0.0,0.0004661475832108408,0.0,0.0,0.0,0.00022815728152636439,0.0,0.00015302163956221193,0.0,0.0,0.0,0.0,0.0,0.0014605397591367364,4.653681753552519e-05,0.0015752979088574648,0.0,0.0,0.0005551530630327761,3.350646875333041e-05,0.0,0.0,0.0,2.0588995539583266e-05,0.0015142254997044802,6.314830534392968e-05,0.0,0.0012620079796761274,0.0003483816981315613,0.0,0.00023480277741327882,1.916810651891865e-05,0.0008915570215322077,3.210701106581837e-05,0.0004143277183175087,0.0001346199424006045,0.0,0.0,8.988517038233113e-06,4.285206159693189e-05,0.0,4.101357262698002e-06,3.8422713259933516e-05,3.0511086151818745e-05
200411,3.876882328768261e-05,0.0,9.060444199349149e-07,0.0011284311767667532,0.0005797860212624073,0.0004469015111681074,0.00015278434148058295,2.223160208814079e-06,1.7580994608579203e-05,1.2378079190966673e-05,0.0,0.0,0.00018636429740581661,0.0,1.4034016260211502e-07,7.630000618519261e-05,0.00024747694260440767,0.0,0.0,8.448960215901025e-06,0.0002499049878679216,0.0,0.0,0.0,0.0,1.2784147656930145e-05,0.0,0.0,0.0,0.0,5.7190769439330325e-05,0.0,0.005697647575289011,0.0,0.00016221287660300732,2.272912024636753e-05,0.0,9.626395330997184e-05,0.0,0.0,5.744584268541075e-05,5.853507173014805e-05,0.00038676202530041337,3.447760173003189e-05,0.0,1.806603540899232e-05,6.186180689837784e-05,8.453530608676374e-05,0.00027952963137067854,4.456267924979329e-05,0.0001199472026200965,0.00130266638007015,0.0030643234495073557,0.0,0.0,0.0,0.0,0.0,0.0,0.0,0.0,0.0002347335102967918,2.2652786356047727e-05,0.0007088941056281328,0.0,0.0008423845865763724,9.168936230707914e-05,0.00026795032317750156,3.419246058911085e-05,0.0,0.00042353098979219794,0.0,0.0,0.0,0.0002551172219682485,0.0,0.000125215039588511,0.0,0.0,0.0,0.0,0.0,0.001497726421803236,2.687378400878515e-05,0.0015317011857405305,0.0,0.0,0.0005498853861354291,0.0,0.0,0.0,0.0,2.075422162306495e-05,0.0015008829068392515,1.576448448759038e-05,0.0,0.0012206363026052713,0.00031053804559633136,0.0,0.00024559636949561536,4.155330316280015e-06,0.0008987820474430919,2.367200613662135e-05,0.0003219025384169072,0.0001687349285930395,0.0,0.0,0.0,5.118392436997965e-05,0.0,0.0,2.6078005248564295e-05,3.5098306398140267e-05
200412,2.891013355110772e-05,0.0,0.0,0.0009240958606824279,0.0005938301328569651,0.0004464241210371256,0.00017807306721806526,6.554868377861567e-06,1.0510882020753343e-05,1.7788395780371502e-05,0.0,0.0,0.00020456727361306548,0.0,2.441587275825441e-05,7.163949339883402e-05,0.00020901410607621074,0.0,0.0,2.4946075427578762e-05,0.0003080518508795649,0.0,0.0,0.0,1.2561511539388448e-05,4.817419267055811e-06,0.0,7.201478183560539e-06,0.0,0.0,0.0,0.0,0.004765572492033243,0.0,0.00016988359857350588,6.344214853015728e-06,0.0,7.021471537882462e-05,7.856550837459508e-06,0.0,6.52533199172467e-05,4.0058755985228345e-05,0.000332411756971851,3.7516598240472376e-05,0.0,6.91209208980581e-07,8.789687854005024e-05,8.603609603596851e-05,0.0002921339764725417,8.758980402490124e-05,9.502072498435155e-05,0.0014449080917984247,0.003096494125202298,0.0,0.0,0.0,0.0,0.0,0.0,2.407550027783145e-06,0.0,0.00034606075496412814,9.865309948509093e-06,0.0006757507799193263,0.0,0.0009625651873648167,3.2112096960190684e-05,0.0003768038877751678,3.352263956912793e-05,0.0,0.0004556567291729152,0.0,0.0,0.0,0.00013076589675620198,0.0,0.00013544008834287524,0.0,0.0,1.2726573004329111e-06,0.0,0.0,0.001445602159947157,2.2424896087613888e-05,0.0014877318171784282,0.0,0.0,0.0006868013879284263,0.0,0.0,0.0,0.0,2.6249357688357122e-05,0.0014792829751968384,3.457640195847489e-05,0.0,0.0012593144783750176,0.00036441630800254643,0.0,0.0003546512743923813,2.896304795285687e-05,0.0008994551026262343,2.3701615646132268e-05,0.00037307178718037903,8.37156330817379e-05,0.0,0.0,0.0,2.2011397959431633e-05,0.0,0.0,2.3195238100015558e-05,3.510919486870989e-05
200501,9.220092033501714e-05,1.8658776070878957e-06,2.723231773416046e-06,0.0009379691909998655,0.0009402517462149262,0.0005535229574888945,0.0001712319062789902,1.685024835751392e-05,3.781415580306202e-05,9.46902364376001e-05,0.0,0.0,0.00021258211927488446,5.208569291426102e-07,3.6223118513589725e-05,0.0003181557694915682,0.0005468985764309764,1.861595592345111e-05,9.692990943221957e-07,3.759580431506038e-05,0.0002809378202073276,6.396791377483169e-06,1.0657422535587102e-06,1.1940551303268876e-06,5.0050162826664746e-05,1.3563277207140345e-05,0.0,3.0281767976703122e-05,0.0,1.2827838418161264e-06,0.00010500912321731448,1.3511757970263716e-06,0.008237474597990513,2.0249003682693e-06,0.00025463354540988803,2.3568720280309208e-05,0.0,0.0002864844282157719,1.1787193216150627e-05,0.0,0.0002720482007134706,7.425112562486902e-05,0.000520661473274231,0.00013345811748877168,3.0373116715054493e-06,5.245199645287357e-05,0.0001488804555265233,0.0003174668818246573,0.0002975449024233967,0.00028128360281698406,0.0001371940888930112,0.0018063820898532867,0.003356801113113761,3.44229590609757e-07,0.0,9.773286365089007e-06,6.526404945361719e-07,0.0,6.094735454098554e-06,1.936109947564546e-05,1.0634236105033779e-06,0.000510173209477216,3.871744775096886e-05,0.0008302456699311733,0.0,0.0011284727370366454,7.432556594721973e-05,0.00047897573676891625,8.99048536666669e-05,1.8000696400122251e-06,0.0007535571930930018,2.3646160116186365e-05,1.0498072242626222e-06,2.9456326956278645e-05,0.00022885101498104632,0.0,0.0002212695253547281,1.4760315934836399e-05,1.0892562158915098e-06,6.011255209159572e-06,2.6247316782246344e-06,2.819775545503944e-06,0.0016711909556761384,0.00016396430146414787,0.0019699728582054377,4.543122031464009e-06,0.0,0.0008006647694855928,1.983235335956124e-07,2.8846693567174952e-06,3.669754562451999e-07,0.0,1.712456469249446e-05,0.0018544059712439775,8.064373105298728e-05,0.0,0.0012253237655386329,0.0003450344083830714,4.891232038062299e-06,0.0006399623234756291,3.8560676330234855e-05,0.0009125320939347148,4.44574689026922e-05,0.0006841390859335661,0.00014756295422557741,0.0,0.0,2.8455369829316624e-05,0.00022475718287751079,5.556121777772205e-06,4.7770208766451105e-05,6.659611244685948e-05,0.00011658400762826204
200502,0.00010793751425808296,1.2250903864696738e-06,2.117873691531713e-06,0.001035985304042697,0.0009309450397267938,0.0005709245451726019,0.00019798902212642133,4.8190522647928447e-05,3.940689202863723e-05,3.1658943044021726e-05,0.0,0.0,0.00021642901992890984,1.7614695025258698e-05,8.897364750737324e-05,0.00023711263202130795,0.0003764600260183215,3.089054735028185e-05,4.35839552892503e-07,4.174858986516483e-05,0.0003026396734640002,0.0,0.0,1.4832495480732177e-06,6.933668191777542e-05,1.8387230738881044e-05,0.0,3.956873115384951e-05,6.842225275249803e-07,0.0,0.00011610277579165995,9.60062607191503e-06,0.00846162810921669,6.713462880725274e-06,0.00023284132475964725,1.7655102055869065e-05,5.215901637711795e-06,0.0002784451353363693,0.0,2.790397104490694e-07,0.00025047807139344513,7.348879444180056e-05,0.0005510624614544213,0.00013569946167990565,0.0,4.4154930947115645e-05,0.00017834109894465655,0.00028204015688970685,0.0003979066386818886,0.0004783507902175188,0.00017961136472877115,0.0015635654563084245,0.0034196211490780115,4.0611740814711084e-07,0.0,1.8174068827647716e-05,0.0,0.0,0.0,2.04874413611833e-06,1.1441351688290524e-07,0.000419201678596437,1.5024318599898834e-05,0.0008458778029307723,1.1221211480005877e-06,0.0011189180659130216,0.00017347589891869575,0.0004993918701075017,6.1645099776797e-05,2.3965628770383773e-07,0.000792020873632282,3.877070776070468e-05,9.009737027554365e-07,6.5640060711302795e-06,0.0001858459145296365,1.5091645764186978e-06,0.00022609421284869313,8.270517355413176e-06,0.0,6.972745268285507e-06,0.0,2.0644922642532038e-06,0.0016849894309416413,0.00020636661793105304,0.0019014294957742095,9.840654456638731e-06,0.0,0.000937092409003526,2.209437298006378e-05,1.0046227544080466e-05,2.185674475185806e-06,0.0,1.4963926332711708e-05,0.0018678279593586922,5.6631404731888324e-05,0.0,0.0012491242960095406,0.00042303535155951977,9.558926876707119e-07,0.0006171059794723988,6.559119356097654e-05,0.0008631795062683523,3.301559263491072e-05,0.0005711120902560651,9.852658695308492e-05,0.0,3.4055969422297494e-07,1.6682750356267206e-05,0.0003649232385214418,7.209329396573594e-06,2.9375212761806324e-05,0.00010492193541722372,7.639871182618663e-05
200503,6.769289029762149e-05,1.2912050806335174e-06,2.990052280438249e-06,0.0009144499199464917,0.0009836857207119465,0.0005017544026486576,0.00010734371608123183,3.379662666702643e-05,3.538155942806043e-05,0.00013048430264461786,5.751697926825727e-07,0.0,0.00021584333444479853,1.5121827345865313e-05,6.163642683532089e-05,0.0005694993888027966,0.0003709350130520761,1.7051138456736226e-06,0.0,4.0363389416597784e-05,0.0001404073991579935,0.0,0.0,0.0,3.282782563474029e-05,2.3709750166744925e-05,0.0,4.58356698800344e-05,2.309551973667112e-06,9.22086030641367e-07,0.00015545774658676237,0.0,0.008340016938745975,2.489029611751903e-06,0.00033835950307548046,2.124972888850607e-05,0.0,0.0002268439857289195,8.399512125834008e-07,0.0,0.00019806732598226517,0.0001716062834020704,0.000635745411273092,0.00013545784167945385,0.0,3.372580977156758e-05,0.00017773371655493975,0.00024137469881679863,0.0002906541631091386,0.0005247119697742164,0.00017884423141367733,0.0017470823368057609,0.0034711866173893213,0.0,3.843059857899789e-06,1.0194231435889378e-05,0.0,0.0,0.0,8.839049769449048e-06,0.0,0.000411506014643237,2.1142697733012028e-05,0.0008477765368297696,4.3401308857937693e-07,0.0011930696200579405,0.00012941846216563135,0.00044383390923030674,6.614493031520396e-05,0.0,0.0008367978152818978,3.1577135814586654e-05,2.0040429262735415e-06,1.550190972920973e-05,0.0002004600246436894,1.365566163258336e-06,0.0002667107619345188,5.719786713598296e-06,0.0,4.306837581680156e-06,3.5556280408854946e-07,1.407049126100901e-06,0.001655614236369729,0.00020279045565985143,0.0019197717774659395,7.697677574469708e-06,0.0,0.0010512471199035645,0.0,4.2867741285590455e-06,5.283524728838529e-07,0.0,3.122342604910955e-05,0.0018870719941332936,8.173111564246938e-05,0.0,0.0012135598808526993,0.0007240845588967204,0.0,0.0005797403864562511,7.169818854890764e-05,0.0008173829992301762,0.00011264743079664186,0.00084322300972417,0.00013786602357868105,0.0,3.207926226878044e-07,4.599526437232271e-05,0.00032169956830330193,1.1662159522529691e-05,3.7566962419077754e-05,7.295179239008576e-05,6.888779898872599e-05
200504,0.0001351624814560637,0.0,3.622185886342777e-06,0.0010522871743887663,0.001009074505418539,0.0004658939433284104,0.0001787914225133136,3.612650107243098e-05,2.9462380553013645e-05,0.0001917502231663093,0.0,0.0,0.00020209695503581315,5.37094001629157e-06,1.2230956599523779e-05,0.00032510532764717937,0.0004328533250372857,5.0012960855383426e-05,0.0,2.1997871954226866e-05,0.00016290988423861563,1.2780903944076272e-06,0.0,1.287328473154048e-06,6.682494858978316e-05,2.396256968495436e-05,0.0,4.0753431676421314e-05,0.0,0.0,0.00015509712102357298,1.9797046206804225e-06,0.007750459015369415,0.0,0.000328327645547688,0.0,2.471320840413682e-06,0.0002590848016552627,6.393916464730864e-06,5.611317646980751e-06,0.00023722714104223996,6.582230707863346e-05,0.0007070357096381485,0.00013816016144119203,0.0,3.869485590257682e-05,9.154092549579218e-05,0.0002959795529022813,0.00032596386154182255,0.00036036831443198025,0.00020399574714247137,0.00195963098667562,0.00333941588178277,8.795601047495438e-07,0.0,3.8116579617053503e-06,0.0,2.2952854124014266e-06,0.0,3.2333837225451134e-06,0.0,0.00032594919321127236,1.669723314989824e-05,0.0008741539786569774,1.1311753951304127e-06,0.0010327904019504786,0.00011238271690672264,0.00037491624243557453,0.00010174693306908011,2.2189509252257267e-07,0.0007654379587620497,1.7701619071885943e-05,4.452424491319107e-06,1.818979944800958e-05,0.00016442347259726375,6.693251748401963e-07,0.0002026653237408027,0.0,0.0,2.379065108470968e-06,9.181510449707275e-07,1.6683471812939388e-06,0.0016448190435767174,0.00018114283739123493,0.0017978629330173135,0.0,3.5803861919703195e-07,0.0010747311171144247,3.853582529700361e-05,3.3925778097909642e-06,7.503457482016529e-07,4.6122039520923863e-07,3.7374211387941614e-05,0.0017776715103536844,7.775051926728338e-05,1.322561911365483e-05,0.0013026780216023326,0.0006494958652183414,3.227478657663596e-07,0.0006286560674197972,0.00010397431469755247,0.0009472969104535878,6.64448452880606e-05,0.0005878134979866445,5.495004006661475e-05,1.2430767810656107e-06,0.0,1.1299714060442057e-05,0.0002326909452676773,7.1435756581195164e-06,3.419806671445258e-05,0.00010299047426087782,0.00010945298708975315
200505,0.00011497737432364374,0.0,8.101288585748989e-06,0.0011239990126341581,0.0010294331004843116,0.000572655291762203,0.00017325255612377077,1.4796351933910046e-05,3.6410492612048984e-05,3.247337735956535e-05,1.383249468744907e-06,0.0,0.00020783937361557037,1.2189641893201042e-05,4.9878777645062655e-05,9.697720815893263e-05,0.00042137535638175905,1.4170354006637353e-05,0.0,2.902724372688681e-05,0.00025004101917147636,1.8530456600274192e-06,0.0,0.0,3.9460635889554396e-05,1.5796398656675592e-05,0.0,5.036294896854088e-05,0.0,8.454773023913731e-07,0.00017909440794028342,8.09195262263529e-06,0.008233146741986275,3.9448918869311456e-06,0.0003291485190857202,4.942934901919216e-05,0.0,0.00017839102656580508,9.712781320558861e-06,1.9966482511790673e-07,0.0003002384619321674,0.00013402577314991504,0.0007311327499337494,0.00015077422722242773,0.0,0.00011976023233728483,0.00021032699442002922,0.00024981494061648846,0.00027471446082927287,0.00027444795705378056,0.00016848054656293243,0.002442451659590006,0.0031774130184203386,1.3569630255005904e-06,3.8719795156794135e-06,7.0147843871382065e-06,1.1377153441571863e-06,1.211717062687967e-06,0.0,5.493391199706821e-06,1.3983922144689132e-06,0.00042837357614189386,4.317328057368286e-05,0.0008962241699919105,0.0,0.0011107827303931117,7.67800520407036e-05,0.00045645280624739826,8.76924314070493e-05,0.0,0.000832436082419008,1.4828022358415183e-05,3.7467525544343516e-06,5.360288014344405e-06,0.0001731215452309698,5.645063083647983e-07,0.00024108025536406785,1.4002578154759249e-06,1.3863119363577425e-07,3.3107621675299015e-06,2.9251521027617855e-06,0.0,0.0016846746439114213,0.00018156298028770834,0.0018755104392766953,1.47590594679059e-06,9.428488851881411e-07,0.0009777018567547202,2.3456374037778005e-05,0.0,3.528248839756998e-07,0.0,2.1414551156340167e-05,0.001964002149179578,8.787528349785134e-05,0.0,0.0013021735940128565,0.0005791081348434091,0.0,0.0006347657763399184,6.711424794048071e-05,0.0009352730703540146,7.129144796635956e-05,0.0005918228998780251,0.00011542675929376855,3.1239962936524535e-06,3.3123694720416097e-07,6.524043328681728e-06,0.00023218890419229865,2.5924980491254246e-06,1.3770371879218146e-05,6.49401918053627e-05,7.93833241914399e-05
200506,8.704460196895525e-05,1.1679021554300562e-06,3.6705168895423412e-06,0.0009677617345005274,0.0009825285524129868,0.0004949301946908236,0.00014499740791507065,3.4301709092687815e-05,3.847250991384499e-05,4.8793419409776106e-05,2.319656232430134e-06,3.156697232498118e-07,0.00022374332183972,0.0,6.036463310010731e-05,0.00011108193575637415,0.00039354959153570235,2.0118610336794518e-05,0.0,1.5776855434523895e-05,0.00027967209462076426,0.0,8.36471315324161e-07,0.0,2.145875259884633e-05,2.8363643650664017e-05,0.0,4.2289975681342185e-05,0.0,0.0,0.00013496227620635182,1.2303361472731922e-05,0.003608275670558214,1.009408947538759e-06,0.0002950387424789369,1.0768810170702636e-05,0.0,0.0003108935197815299,7.2703514888416976e-06,8.938754945120309e-06,0.0001933869207277894,0.00010063524678116664,0.0007242935826070607,0.000199977308511734,0.0,5.4503558203577995e-05,8.58100684126839e-05,0.00023967893503140658,0.0003792063216678798,0.0002966356696560979,0.00015977256407495588,0.0017451776657253504,0.0027878950349986553,5.227652764006052e-07,4.2972919800376985e-06,3.7751578929601237e-06,0.0,6.1133832787163556e-06,3.6803240277549776e-07,5.271479949442437e-06,8.072012178672594e-07,0.0003282186225987971,1.0985169865307398e-05,0.0007901283679530025,0.0,0.0010263563599437475,0.00015080775483511388,0.0003667017153929919,8.49246425786987e-05,7.661679433113022e-07,0.0007598192896693945,4.251971040503122e-05,2.2075050765124615e-06,1.434215755580226e-05,0.00016827711078803986,0.0,0.0001918518537422642,3.193443376403593e-07,0.0,3.448401685091085e-06,4.11804876421229e-07,0.0,0.0016595259075984359,0.0001537875650683418,0.0015943895559757948,4.134863957006019e-06,0.0,0.0010030812118202448,4.891553908237256e-05,2.219455382146407e-06,0.0,0.0,3.91700814361684e-05,0.0020355882588773966,8.916810475056991e-05,6.387292614817852e-07,0.0013102497905492783,0.0003749828028958291,0.0,0.0005978362751193345,6.139816105132923e-05,0.0008464821148663759,4.441530563781271e-06,0.0005502768908627331,0.00012498442083597183,0.0,1.787987145007719e-07,8.945409717853181e-06,0.000283603003481403,2.420495729893446e-05,2.3027489078231156e-05,8.351937140105292e-05,0.00010837193258339539
200507,7.034972804831341e-05,2.8210160962771624e-06,4.540976988209877e-06,0.0008961419225670397,0.0010059335036203265,0.0004710823413915932,0.00025599237415008247,2.0040530216647312e-05,3.2169173209695145e-05,2.780294198601041e-05,7.601764764331165e-07,0.0,0.0001724584581097588,7.361747975664912e-07,1.8597660528030246e-05,9.070038504432887e-05,0.00028830720111727715,5.929316102992743e-06,0.0,1.789626185200177e-05,0.00028915551956743,1.622945262624853e-07,0.0,1.0452890819578897e-06,3.529863533913158e-05,1.7414145986549556e-05,0.0,2.2899846953805536e-05,0.0,0.0,4.88513323944062e-05,9.843632142292336e-06,0.002804357325658202,2.5091748057093355e-07,0.00029664882458746433,1.206971410283586e-05,0.0,0.0003386942553333938,3.3263202112721046e-06,2.881930959119927e-05,0.0002711028791964054,0.00011616328993113711,0.00032069734879769385,0.0001566300488775596,0.0,3.3662148780422285e-05,9.319687524111941e-05,0.00025394526892341673,0.0004238710680510849,0.00026000430807471275,0.00018743214604910463,0.0019115547183901072,0.003631810424849391,5.918194801779464e-06,0.0,0.0,8.938210953601811e-07,6.37845778328483e-06,0.0,1.2516491096903337e-06,4.0117532762451447e-07,0.0002947729080915451,7.2480902417737525e-06,0.0008571800426580012,1.0096665619130363e-06,0.0009871252113953233,0.00015257387713063508,0.0003957656444981694,0.00011360105418134481,0.0,0.0007883090293034911,3.711724275490269e-05,1.5982867580532911e-06,1.551496643514838e-05,9.817461977945641e-05,0.0,0.00024260101781692356,0.0,0.0,3.573802814571536e-06,3.206008386769099e-06,2.500003574823495e-06,0.0016433348646387458,0.000147501181345433,0.001584935700520873,4.606845777743729e-06,2.62642743109609e-07,0.0008940433035604656,1.2034877727273852e-05,3.165184580211644e-06,0.0,6.412753464246634e-06,5.961575880064629e-05,0.0019590938463807106,6.656305049546063e-05,1.6101133724077954e-06,0.001290066516958177,0.0008369453134946525,3.449881205597194e-06,0.0005714687868021429,7.814692799001932e-05,0.0008925807196646929,3.9638154703425243e-05,0.0006649325951002538,8.422895189141855e-05,0.0,2.974996959892451e-07,2.0947169105056673e-05,0.00017188515630550683,1.4391705008165445e-05,3.185197419952601e-05,8.14699669717811e-05,7.73822539485991e-05
200508,9.074806439457461e-05,1.9814272036455804e-06,8.745259378883929e-07,0.0011594038223847747,0.0010799737647175789,0.0003968570090364665,0.0001960756053449586,3.90209534089081e-05,3.8993726775515825e-05,1.2474230970838107e-05,7.905821917120193e-07,0.0,0.00021251417638268322,4.746583726955578e-06,2.555893843236845e-05,0.00010599687084322795,0.00025064664077945054,1.1374747373338323e-05,0.0,3.120482506346889e-05,0.0003382100258022547,0.0,4.4129708953732916e-07,6.158696237434924e-07,5.439408414531499e-05,2.5888439267873764e-05,0.0,1.6920048437896185e-05,0.0,4.610650705672015e-07,6.971236143726856e-05,8.826665180095006e-06,0.0034122103825211525,6.38719939161092e-07,0.00028337049297988415,2.2296739189187065e-05,0.0,0.00019515395979397,5.423873403742618e-07,6.666495664831018e-06,0.000267883762717247,0.00015349201567005366,0.00047163243289105594,0.00015740050002932549,3.227551360396319e-06,3.05181929434184e-05,0.00013381314056459814,0.0003088727535214275,0.0003943606570828706,0.00015306167188100517,0.0002296364400535822,0.0018362735863775015,0.0028384607285261154,3.507863652885135e-07,0.0,3.250567033319385e-06,4.111498583370121e-06,0.0,6.344183134388004e-07,1.0882726201089099e-05,0.0,0.00020691596728283912,5.315482212608913e-06,0.0008874523919075727,7.054709953990823e-07,0.0009281320963054895,6.631173164350912e-05,0.0005239894962869585,0.0001221494167111814,1.789176963029604e-06,0.0009000169229693711,2.132739609805867e-05,1.9507822344166925e-06,1.9124614482279867e-05,0.00014531475608237088,9.480312428422621e-07,0.000216837550397031,1.709296270746563e-06,0.0,3.9301808101299684e-06,6.812481387896696e-07,3.994203325419221e-06,0.0015904188621789217,0.00013486217358149588,0.0015458997804671526,1.3561715377363726e-06,0.0,0.0009764908463694155,2.8185717383166775e-05,5.230343504081247e-06,3.2101713713927893e-06,0.0,3.8654732634313405e-05,0.0017752840649336576,7.588630978716537e-05,0.0,0.0012818502727895975,0.0008254649583250284,1.1925081935260096e-06,0.0005623919423669577,8.36324252304621e-05,0.0009127266239374876,2.6218542188871652e-05,0.0006826973403804004,8.426325803156942e-05,0.0,0.0,1.3413062333711423e-05,0.0002849714655894786,7.356030891969567e-06,2.9013805033173412e-05,9.270141163142398e-05,0.0001116367566282861
200509,0.00010780822049127892,0.0,2.5519507289573085e-06,0.004126132000237703,0.0010406034998595715,0.0003558520693331957,0.00020098693494219333,3.960272442782298e-05,3.245622428948991e-05,3.2566684240009636e-05,9.034919230543892e-07,0.0,0.00019432792032603174,3.3360001907567494e-06,8.985140993900131e-06,0.00010616581130307168,0.00022895654547028244,1.1767701835196931e-05,0.0,2.2590606022276916e-05,0.00015877801342867315,2.0723668967548292e-06,0.0,1.0551839295658283e-06,3.4042335755657405e-05,1.8882779841078445e-05,0.0,3.5270946682430804e-05,3.3055218295885425e-07,0.0,0.0001600054238224402,6.911918717378285e-06,0.0011676399735733867,1.0976261819450883e-06,0.00029659943538717926,2.583060813776683e-05,6.3181355471897405e-06,0.00021879856649320573,0.0,4.5757178668281995e-06,0.0002095251256832853,0.0001459051127312705,0.0004916524048894644,0.00017122139979619533,0.0,7.852282578824088e-06,8.389124559471384e-05,0.00030422667623497546,0.00042635301360860467,0.0003106488729827106,0.00025402652681805193,0.001879644813016057,0.0028173362370580435,4.76102059110417e-06,0.0,2.420392092972179e-06,3.8679177123412956e-06,0.0,0.0,1.161216823675204e-05,3.255307774452376e-07,0.00020196237892378122,1.0037599167844746e-05,0.0009166334057226777,0.0,0.0009833963122218847,0.00010156134521821514,0.0004304535104893148,0.0001094099206966348,2.2822426615221048e-07,0.0008356072357855737,1.7529286196804605e-05,2.2404158244171413e-06,3.0544410947186407e-06,0.00022457986779045314,4.313872068451019e-07,0.00024068946368061006,3.6428843941394007e-07,7.579798193546594e-07,3.2225289032794535e-06,0.0,7.219912845357612e-07,0.0015866464236751199,0.00020581207354553044,0.0016129385912790895,0.0,0.0,0.0009877043776214123,2.1414300135802478e-05,2.76789978670422e-06,0.0,0.0,2.783129457384348e-05,0.0018088283250108361,8.584095485275611e-05,0.0,0.0012461052974686027,0.0011342628858983517,1.2631859362954856e-06,0.0006145876832306385,6.976538861636072e-05,0.0009259332437068224,2.9757597076240927e-05,0.0006666936096735299,9.839757694862783e-05,0.0,2.860687686734309e-07,1.179792161565274e-05,0.00020818330813199282,3.733078528966871e-06,5.0026297685690224e-05,9.600725752534345e-05,0.00010696710523916408
200510,9.944804332917556e-05,0.0,6.764869340258883e-07,0.004078168887645006,0.0009993991116061807,0.0003942266630474478,0.00026138147222809494,1.971426718228031e-05,4.0038066799752414e-05,8.523461292497814e-05,1.2625359602225217e-07,6.003584758218494e-07,0.00016397450235672295,1.4299420172392274e-06,3.766629015444778e-05,0.00010468910477356985,0.00018474835087545216,1.9517958207870834e-05,6.371183189912699e-07,2.573130404925905e-05,0.0002254345890833065,1.7097609088523313e-06,0.0,1.0514966106711654e-06,5.0347214710200205e-05,3.3528591302456334e-05,0.0,4.5331442379392684e-05,4.144494596403092e-07,0.0,0.00010434522846480832,3.7243928545649396e-06,0.0010836452711373568,9.7205474958173e-07,0.00030494059319607913,4.0814134081301745e-06,0.0,0.00023144425358623266,2.7960136321780737e-06,1.2334913890299504e-06,0.00023204504395835102,8.918059756979346e-05,0.0002447065489832312,0.0001644246804062277,2.376267275394639e-06,6.76772515362245e-06,0.00013906293315812945,0.0003215396136511117,0.00035298155853524804,0.0003202013031113893,0.00024380137620028108,0.001994053367525339,0.002704271348193288,3.061046527363942e-07,0.0,1.0765489605546463e-05,4.0989366425492335e-06,0.0,0.0,4.950841230311198e-06,0.0,0.00016981136286631227,9.928938197845127e-06,0.0008164548198692501,8.711942882655421e-07,0.0009788991883397102,9.19176745810546e-05,0.0004483933444134891,7.791404641466215e-05,3.087045797656174e-06,0.0008710550027899444,6.759054667782038e-05,8.979362746686093e-07,1.3426221812551375e-05,0.00013889113324694335,0.0,0.000210042271646671,1.2930230468555237e-06,0.0,2.0708548618131317e-06,0.0,1.5361366649813135e-06,0.0016791874077171087,0.0001909512939164415,0.001495897420682013,2.7780658911069622e-06,0.0,0.0008700862526893616,2.9091759643051773e-05,4.615954821929336e-06,9.809622270040563e-07,0.0,4.2044735891977325e-05,0.0019290212076157331,8.984269516076893e-05,1.7117220068030292e-06,0.0012295423075556755,0.0010892674326896667,0.0,0.000652074464596808,7.561241363873705e-05,0.0008589128265157342,0.0,0.0007464452646672726,8.796583279035985e-05,0.0,2.8860876000180724e-07,1.551703826407902e-05,0.0001836027659010142,5.7177662711183075e-06,2.9274717235239223e-05,8.271662227343768e-05,9.468196367379278e-05
200511,0.0001352201506961137,0.0,1.5689163319621002e-06,0.0013484328519552946,0.0009847902692854404,0.0003295176138635725,0.00022078871552366763,2.2872274712426588e-05,2.8323102014837787e-05,4.5383028918877244e-05,0.0,0.0,0.00017767817189451307,9.790510375751182e-07,2.5935029043466784e-05,8.928663737606257e-05,0.0002825114061124623,3.939604721381329e-05,3.077415726693289e-07,1.8536264178692363e-05,0.00021064312022645026,2.427542767691193e-06,1.3707270909435465e-06,3.2821733384480467e-06,3.1960862543201074e-05,2.2299531337921508e-05,0.0,3.253650720580481e-05,0.0,0.0,0.00011059571988880634,1.4075186300033238e-05,0.0009165824158117175,1.171477606476401e-06,0.0002733635192271322,2.729181323957164e-05,0.0,0.00027883535949513316,6.324699484139273e-07,2.3622002117917873e-05,0.0002768616541288793,0.00019143862300552428,0.00042966127512045205,0.00011643786274362355,0.0,1.4615083273383789e-05,0.00012489664368331432,0.00019310957577545196,0.00039352444582618773,0.00014584926248062402,0.0002591648371890187,0.001976925414055586,0.002660263329744339,7.323635600187117e-07,0.0,2.0034356111864327e-06,0.0,0.0,5.311852419254137e-06,1.7571301214047708e-06,2.1610378553305054e-07,0.00023233276442624629,1.2038361091981642e-05,0.0008388423593714833,4.855888846577727e-07,0.0008997041149996221,0.00017698061128612608,0.0004089579451829195,0.0001413964928360656,6.281139235397859e-07,0.000925348256714642,3.382797149242833e-05,2.402790869382443e-06,1.1023385013686493e-05,0.0001510093716206029,3.7553857623606746e-07,0.00017079281678888947,1.1841584637295455e-06,0.0,4.332062871981179e-06,8.77059108006506e-07,8.600953833592939e-07,0.0016237958334386349,0.0001751764939399436,0.0014649165095761418,0.0,4.236569111526478e-06,0.0009065958438441157,5.2459359721979126e-05,3.2868495054572122e-06,0.0,0.0,3.703801485244185e-05,0.0018936769338324666,3.8485974073410034e-05,4.62958723801421e-07,0.00129899219609797,0.0011757200118154287,0.0,0.0006094272248446941,9.912835230352357e-05,0.0008956642122939229,1.2917979802296031e-05,0.0008027301519177854,8.200630691135302e-05,0.0,0.0,8.105429515126161e-06,0.0001802545739337802,1.0263105650665238e-05,4.0313490899279714e-05,9.160346235148609e-05,9.310611494584009e-05
200512,0.00011490644101286307,0.0,0.0,0.0010865863878279924,0.0009595391456969082,0.00045375051558949053,0.00034925428917631507,1.781861465133261e-05,4.0877719584386796e-05,5.755845268140547e-05,7.515452580264537e-07,0.0,0.0002080388949252665,2.3039260099722014e-07,4.297284976928495e-05,7.538709905929863e-05,0.0002841006498783827,1.8310722225578502e-05,0.0,8.442061698588077e-06,0.00017709667736198753,3.2511013614566764e-07,2.815688162627339e-07,2.2427350359066622e-06,2.0717934603453614e-05,1.7749738617567345e-05,0.0,2.1396219381131232e-05,0.0,0.0,6.983287312323228e-05,7.53901872485585e-07,0.00154384586494416,1.2697028068942018e-06,0.00025886582443490624,4.698978955275379e-05,0.0,0.00020598105038516223,1.6191748954952345e-06,1.1034629778805538e-06,0.0003047247009817511,5.534883894142695e-05,0.0003260457597207278,0.0001874176086857915,0.0,3.849273343803361e-05,9.713001054478809e-05,0.000208727884455584,0.00042344199027866125,0.00016756690456531942,0.00021546398056671023,0.0021140347234904766,0.0028050255496054888,1.3006382459934684e-06,1.0842104529729113e-05,0.0,0.0,6.1215782807266805e-06,0.0,1.18744901556056e-06,7.425236390190548e-07,0.000207589560886845,2.6245967092108913e-05,0.0007544349646195769,0.0,0.0008494794019497931,0.00014736599405296147,0.00041258259443566203,9.250028961105272e-05,0.0,0.0008548850892111659,5.775672252639197e-05,0.0,4.795786480826791e-06,6.712864706059918e-05,3.7735203477495816e-06,0.00021759766968898475,2.8607610147446394e-07,1.4515883606236457e-07,2.0065833723492688e-06,2.160600161005277e-06,7.978172220646229e-07,0.0016997642815113068,0.00020012429740745574,0.001421605353243649,9.476116247242317e-06,1.549722469462722e-06,0.0008200547890737653,4.4488821004051715e-05,2.7697928999259602e-06,1.1457294704086962e-06,0.0,2.702741949178744e-05,0.0019831890240311623,7.023559737717733e-05,3.500688762869686e-06,0.0013402218464761972,0.0007905573584139347,8.775076821621042e-06,0.0007253116345964372,8.383533713640645e-05,0.0009495075209997594,0.0,0.0006127748638391495,0.00010602045222185552,1.768171841831645e-06,0.0,1.4284864846558776e-05,0.0001539901422802359,8.678631274960935e-06,1.4551330423273612e-05,7.848856330383569e-05,7.484324305551127e-05
200601,8.541766874259338e-06,0.0,0.0,3.7884477933403105e-05,0.0,5.951151251792908e-05,2.2601208911510184e-05,0.0,6.804579015806667e-07,0.0,0.0,0.0,2.6398889531265013e-05,0.0,0.0,7.702417860855348e-06,1.7726789565131185e-06,0.0,0.0,0.0,4.399002591526369e-06,0.0,0.0,0.0,0.0,1.3083215435472084e-06,0.0,0.0,0.0,0.0,8.683559826749843e-06,0.0,0.00019600162340793759,0.0,1.0705127351684496e-05,0.0,0.0,2.279930868098745e-06,0.0,0.0,0.0,0.0,0.0,1.5027957488200627e-05,0.0,0.0,0.0,6.092081548558781e-06,1.2164911140644108e-06,4.2049096009577624e-06,2.7637057428364642e-05,0.000214743718970567,0.00045303645310923457,0.0,0.0,0.0,0.0,0.0,0.0,0.0,0.0,1.9514782252372243e-05,5.039883603785711e-07,5.120064656694012e-07,0.0,3.705492781591602e-05,3.2230136639554985e-06,1.0072621989820618e-05,0.0,0.0,0.0,0.0,0.0,0.0,1.726290247461293e-05,0.0,6.589478743990185e-06,0.0,0.0,0.0,0.0,0.0,0.0002387899294262752,0.0,0.00014128185284789652,0.0,0.0,9.8222994893149e-07,0.0,0.0,0.0,0.0,2.2400179204851156e-06,0.00011028035078197718,0.0,0.0,0.000141352487844415,9.237276390194893e-05,1.4447883813772933e-06,0.0,0.0,1.4281418771133758e-05,0.0,5.814483756694244e-06,1.219906425831141e-05,0.0,0.0,0.0,1.2201966228531091e-06,0.0,0.0,0.0,1.1382554703232017e-06
200602,3.5303446566103958e-06,0.0,0.0,5.3701282013207674e-05,3.6890410228807013e-06,6.656058394582942e-05,1.5845045709284022e-05,0.0,4.833727871300653e-07,0.0,0.0,0.0,2.2217760488274507e-05,0.0,0.0,9.18302066565957e-06,1.9627893834694987e-06,0.0,0.0,0.0,1.5047725355543662e-05,0.0,0.0,0.0,0.0,6.560501901731186e-07,0.0,0.0,0.0,0.0,8.595196959504392e-06,0.0,0.00020412160665728152,0.0,1.2858666195825208e-05,0.0,0.0,2.4690875761734787e-06,0.0,0.0,0.0,5.99291479375097e-06,0.0,1.4728118912898935e-05,0.0,0.0,0.0,3.1456629585591145e-06,1.7382263877152582e-06,5.0673706937232055e-06,2.2975093088462017e-05,0.00022160304069984704,0.0004840038309339434,4.0441366877530527e-07,0.0,0.0,0.0,0.0,0.0,0.0,0.0,2.761114046734292e-05,5.500008910530596e-07,5.697250458069902e-07,0.0,3.3202279155375436e-05,2.225812977485475e-06,8.225013516494073e-06,0.0,0.0,0.0,0.0,0.0,0.0,8.783792509348132e-06,0.0,7.500824267481221e-06,0.0,0.0,0.0,0.0,0.0,0.00022871924738865346,0.0,0.0001366786746075377,0.0,0.0,4.751505855438154e-07,0.0,0.0,0.0,0.0,2.227120603492949e-06,0.00010686960740713403,0.0,0.0,0.0001450915588065982,9.677279012976214e-05,1.6081295370895532e-06,0.0,0.0,2.1440568161779083e-05,0.0,6.861107976874337e-06,1.8210448615718633e-05,0.0,0.0,0.0,1.4364604794536717e-06,0.0,0.0,9.553634754411178e-07,1.1311366279187496e-06
200603,6.693450359307462e-06,0.0,0.0,4.2100051359739155e-05,3.779348162424867e-06,5.462017361423932e-05,2.7520174626260996e-05,2.749161467363592e-07,1.3249621133581968e-06,0.0,0.0,0.0,2.2640464521828108e-05,0.0,0.0,8.88331214810023e-06,1.3925590565122548e-06,0.0,0.0,0.0,8.162580343196169e-06,0.0,0.0,0.0,0.0,0.0,0.0,0.0,0.0,0.0,1.3368013242143206e-05,0.0,0.0001596590445842594,0.0,9.852959919953719e-06,0.0,0.0,2.235788088000845e-06,0.0,0.0,0.0,1.4893769730406348e-05,0.0,1.8983124391525052e-05,0.0,1.5503283066209406e-06,0.0,3.3717176393111004e-06,1.363498085993342e-06,4.925775101582985e-06,2.4863064027158543e-05,0.00024940428556874394,0.0004812028491869569,0.0,0.0,0.0,0.0,0.0,0.0,0.0,0.0,2.3658174541196786e-05,0.0,4.142592899825104e-07,0.0,4.871115743299015e-05,1.2072878234903328e-06,7.231808012875263e-06,0.0,0.0,0.0,0.0,0.0,0.0,4.884037480223924e-06,0.0,8.094922122836579e-06,0.0,0.0,0.0,0.0,0.0,0.0002238973684143275,0.0,0.00014134615776129067,0.0,0.0,2.2003805497661233e-06,0.0,0.0,0.0,0.0,2.902747610278311e-06,0.00010232151544187218,2.7992427931167185e-06,0.0,0.00014977817772887647,0.00010991930321324617,1.641350195313862e-06,0.0,0.0,2.775523898890242e-05,0.0,4.863221420237096e-06,7.531148185080383e-06,0.0,0.0,0.0,1.4073332295083674e-06,0.0,0.0,1.591847876625252e-06,1.073145881491655e-06
200604,1.0375642887083814e-05,0.0,0.0,7.64598953537643e-05,0.0,7.772479875711724e-05,2.4174394638976082e-05,0.0,1.4017113016961957e-06,0.0,0.0,0.0,2.0865649275947362e-05,0.0,0.0,1.6893551219254732e-05,1.9720760064956266e-06,0.0,0.0,0.0,1.309136496274732e-05,0.0,0.0,0.0,0.0,5.228734494266973e-07,0.0,0.0,0.0,0.0,1.5389423424494453e-05,0.0,0.00010676486272132024,0.0,1.6587986465310678e-05,6.947975066395884e-07,0.0,0.0,0.0,0.0,0.0,1.2544598575914279e-05,0.0,2.0354214939288795e-05,0.0,0.0,0.0,4.756801445182646e-06,1.8393064920019242e-06,3.970012585341465e-06,3.294976340839639e-05,0.0002785487740766257,0.00046896858839318156,0.0,0.0,0.0,0.0,0.0,0.0,0.0,0.0,7.825015927664936e-06,0.0,5.735952299801284e-07,0.0,3.616397953010164e-05,2.4481034870404983e-06,9.749246601131745e-06,0.0,0.0,0.0,0.0,0.0,0.0,1.248101398232393e-05,0.0,5.884091478947084e-06,0.0,0.0,0.0,0.0,0.0,0.0002256168081657961,0.0,0.0001433627912774682,0.0,0.0,2.5274468953284668e-06,0.0,0.0,0.0,0.0,5.33795491719502e-06,0.00010027399548562244,0.0,0.0,0.00014398344501387328,0.0002783389063552022,1.4416054909816012e-06,0.0,3.7662340446331655e-07,2.2968180928728543e-05,0.0,6.201213182066567e-06,8.647866707178764e-06,0.0,0.0,0.0,2.7596572635957273e-06,0.0,0.0,8.863883635967795e-07,2.3280049390450586e-06
200605,3.7280376545822946e-06,0.0,0.0,7.363810436800122e-05,0.0,6.951927935006097e-05,1.205094849865418e-05,0.0,1.5660494909752742e-06,0.0,0.0,0.0,2.3484382836613804e-05,0.0,0.0,1.4477861441264395e-05,2.9644281767104985e-06,0.0,0.0,1.5237736761264387e-06,1.9179672108293744e-06,0.0,0.0,0.0,0.0,6.164702313071757e-07,0.0,0.0,0.0,0.0,1.331075509369839e-05,0.0,0.00014031161845196038,0.0,1.3187436707084998e-05,0.0,0.0,4.187224021734437e-06,0.0,0.0,0.0,2.912973968705046e-06,0.0,1.6681229681125842e-05,0.0,0.0,0.0,8.860050002112985e-06,2.2236986296775285e-06,4.376171546027763e-06,2.21091559069464e-05,0.0002793328312691301,0.00043782833381555974,0.0,0.0,0.0,0.0,0.0,0.0,0.0,0.0,1.3604332707473077e-05,5.328256520442665e-07,2.4099210804706672e-06,0.0,4.9217975174542516e-05,2.9172808808652917e-06,8.86284306034213e-06,0.0,0.0,0.0,0.0,0.0,0.0,1.2721133316517808e-05,0.0,6.671574737993069e-06,0.0,0.0,0.0,0.0,0.0,0.00022018735762685537,0.0,0.00012353176134638488,0.0,0.0,1.4699267012474593e-06,0.0,0.0,0.0,0.0,1.1392891792638693e-05,0.00011195319530088454,0.0,0.0,0.00014777205069549382,0.00024645571829751134,9.250242669622821e-07,0.0,0.0,2.3721871912130155e-05,0.0,5.448865522339474e-06,1.5271725715138018e-05,0.0,0.0,0.0,5.437708296085475e-06,0.0,0.0,2.0079010027984623e-06,2.4419257442787057e-06
200606,6.930906693014549e-06,0.0,0.0,8.025538409128785e-05,0.0,8.022568363230675e-05,2.2710071789333597e-05,0.0,2.108255102939438e-06,0.0,0.0,0.0,2.317085636605043e-05,0.0,0.0,1.3667292478203308e-05,6.188239240145776e-06,0.0,0.0,0.0,4.2094115997315384e-06,0.0,0.0,0.0,0.0,5.28764076079824e-07,0.0,0.0,0.0,0.0,1.15659786388278e-05,0.0,0.00021498976275324821,0.0,8.871259524312336e-06,0.0,0.0,2.2296335373539478e-06,0.0,0.0,0.0,6.161676537885796e-06,0.0,1.8645512682269327e-05,0.0,0.0,1.5205736190182506e-06,3.659973799585714e-06,2.5951658244594e-06,6.762916655134177e-06,2.346606197534129e-05,0.00024237408069893718,0.00046315480722114444,0.0,0.0,0.0,0.0,0.0,0.0,0.0,0.0,1.522135062259622e-05,5.673317673426936e-07,5.563311447076558e-07,0.0,3.2948009902611375e-05,1.7233514881809242e-06,7.40922951081302e-06,0.0,0.0,0.0,0.0,0.0,0.0,4.617477770807454e-06,0.0,5.584499376709573e-06,0.0,0.0,0.0,0.0,0.0,0.00021036849648226053,0.0,0.00013712423969991505,0.0,0.0,1.0718730436565238e-06,0.0,0.0,0.0,0.0,5.308813342708163e-06,0.00010575429769232869,0.0,0.0,0.00014476210344582796,0.00014949330943636596,1.504040142208396e-06,0.0,0.0,2.2288253603619523e-05,0.0,7.070300398481777e-06,1.6207730368478224e-05,0.0,0.0,0.0,0.0,0.0,0.0,9.271318504033843e-07,2.5035199087142246e-06
200607,8.445430466963444e-06,0.0,0.0,4.310292933951132e-05,0.0,7.20592142897658e-05,3.723865302163176e-05,0.0,1.8822819356500986e-06,0.0,0.0,0.0,2.0831299480050802e-05,0.0,0.0,1.5026355868030805e-05,2.439340107684984e-07,3.8432568771895603e-07,0.0,0.0,7.337585884670261e-06,0.0,0.0,0.0,6.086473831601324e-07,3.8607640817645006e-07,0.0,0.0,0.0,0.0,2.3987540771486238e-05,0.0,0.00023564645380247384,0.0,1.1981924217252526e-05,0.0,0.0,7.729071512585506e-06,0.0,0.0,0.0,9.261335435439833e-06,0.0,1.7931131878867745e-05,0.0,0.0,0.0,1.6402135543103213e-06,1.3134543905835017e-06,4.407705546327634e-06,3.062627729377709e-05,0.00019481404160615057,0.0004247948818374425,0.0,0.0,0.0,0.0,0.0,0.0,0.0,0.0,2.3406053514918312e-05,2.867956027330365e-06,9.174969477498962e-07,0.0,2.7119071091874503e-05,3.0375688311323756e-06,7.751435987302102e-06,0.0,0.0,3.705959215949406e-06,0.0,0.0,0.0,3.7093284390721237e-06,0.0,7.696528882661369e-06,0.0,0.0,0.0,4.171845660039253e-07,0.0,0.00021362905681598932,0.0,0.00012329588935244828,0.0,0.0,0.0,0.0,0.0,0.0,0.0,2.8907736577821197e-06,0.00010615770588628948,0.0,0.0,0.00013788888463750482,0.000157632224727422,1.4198415101418504e-06,0.0,0.0,2.53586422331864e-05,0.0,6.09736480328138e-06,1.4642992937297095e-05,0.0,0.0,0.0,2.552292698965175e-06,0.0,0.0,9.548086836730363e-07,1.6003170912881615e-06
200608,6.785891855543014e-06,0.0,0.0,5.22743612236809e-05,3.82464395443094e-06,8.254145359387621e-05,3.699720400618389e-05,0.0,1.8982435676662135e-06,0.0,0.0,0.0,2.316229438292794e-05,0.0,0.0,1.13938185677398e-05,0.0,0.0,0.0,0.0,0.0,0.0,0.0,0.0,1.6433564269391354e-06,0.0,0.0,0.0,0.0,0.0,1.6052326827775687e-05,0.0,0.00024753808975219727,0.0,1.0319616194465198e-05,0.0,0.0,1.0717919394664932e-05,0.0,0.0,0.0,3.1706174468126846e-06,0.0,1.7383834347128868e-05,0.0,0.0,0.0,5.170346412342042e-06,2.3550251171400305e-06,4.787266334460583e-06,1.9478331523714587e-05,0.00019939884077757597,0.000456974288681522,4.5887136934652517e-07,0.0,0.0,0.0,0.0,0.0,0.0,0.0,2.8957136237295344e-05,5.007193522033049e-07,4.994134314983967e-07,0.0,2.0013510948047042e-05,2.4481798845954472e-06,7.953005479066633e-06,0.0,0.0,0.0,0.0,0.0,0.0,6.444573500630213e-06,0.0,5.591907665802864e-06,0.0,0.0,0.0,0.0,0.0,0.00020788307301700115,0.0,0.00013401104661170393,0.0,0.0,6.028648158462602e-07,0.0,0.0,0.0,0.0,5.512763891601935e-06,0.00010676482634153217,0.0,0.0,0.00014187312626745552,0.00017525471048429608,0.0,0.0,0.0,3.052950341952965e-05,0.0,6.425540959753562e-06,1.5634479495929554e-05,0.0,0.0,0.0,0.0,0.0,0.0,1.0117809097209829e-06,1.8847956653189613e-06
200609,6.249132638913579e-06,0.0,0.0,8.32687655929476e-05,0.0,7.495754107367247e-05,3.699328226502985e-05,0.0,3.4626596061571036e-06,0.0,0.0,0.0,2.2194719349499792e-05,0.0,0.0,1.1544110748218372e-05,1.4538820778398076e-06,0.0,0.0,0.0,1.682109541434329e-05,0.0,0.0,0.0,0.0,0.0,0.0,0.0,0.0,0.0,1.4954130165278912e-05,0.0,0.00024449426564387977,0.0,9.270345799450297e-06,0.0,0.0,0.0,0.0,0.0,0.0,0.0,0.0,1.7122725694207475e-05,0.0,0.0,0.0,1.7589110257176799e-06,9.718710316519719e-07,5.716988198400941e-06,2.2616215574089438e-05,0.00018189335241913795,0.0004254485247656703,6.03462353865325e-07,0.0,0.0,0.0,0.0,0.0,0.0,0.0,1.7976572053157724e-05,2.5900048967741895e-06,4.751132962610427e-07,0.0,3.0278173653641716e-05,3.240529395043268e-06,6.226810455700615e-06,0.0,0.0,3.5400400975049706e-06,0.0,0.0,0.0,1.3264663039080915e-06,0.0,7.37257641958422e-06,0.0,0.0,0.0,0.0,0.0,0.00021436232782434672,0.0,0.00012155788135714829,0.0,0.0,3.979496341344202e-07,0.0,0.0,0.0,0.0,8.102824722300284e-06,0.00010564297554083169,0.0,0.0,0.0001355396379949525,0.00017269037198275328,0.0,0.0,0.0,3.0293127565528266e-05,0.0,5.1411966524028685e-06,1.4912734513927717e-05,0.0,0.0,0.0,0.0,0.0,0.0,8.051866302594135e-07,1.5370035271189408e-06
200610,8.110517228487879e-06,0.0,0.0,0.00012061520101269707,0.0,6.493848195532337e-05,4.917765181744471e-05,0.0,3.956999535148498e-06,0.0,0.0,0.0,1.8779021047521383e-05,0.0,0.0,1.1011808965122327e-05,3.8332036638166755e-06,4.082999680576904e-07,0.0,1.773391772985633e-06,4.800645456271013e-06,0.0,0.0,0.0,0.0,3.573919684640714e-07,0.0,0.0,0.0,0.0,1.189178874483332e-05,0.0,0.00022542169608641416,0.0,1.0601827852951828e-05,0.0,0.0,0.0,0.0,0.0,0.0,3.1808910989639116e-06,3.2526429549761815e-06,1.9014370991499163e-05,0.0,0.0,0.0,1.3541226735469536e-06,2.0319096165621886e-06,5.106768185214605e-06,1.7694928828859702e-05,0.00017242749163415283,0.00045341954682953656,0.0,0.0,0.0,0.0,0.0,0.0,0.0,0.0,1.7026570276357234e-05,0.0,5.256478630144557e-07,0.0,3.460777588770725e-05,2.2848787466500653e-06,7.005185580055695e-06,3.7420447824842995e-06,0.0,0.0,0.0,0.0,0.0,1.7584412717042142e-06,0.0,7.369761533482233e-06,0.0,0.0,0.0,0.0,0.0,0.0002138908312190324,0.0,0.00013360450975596905,0.0,0.0,0.0,0.0,0.0,0.0,0.0,5.409762707131449e-06,9.783420682651922e-05,0.0,0.0,0.00013541268708650023,0.00015463853196706623,0.0,0.0,0.0,2.4990677047753707e-05,0.0,8.18103853816865e-06,2.4302156816702336e-05,0.0,0.0,0.0,1.6800564139884955e-07,0.0,0.0,1.0574415227893041e-06,6.393455009856552e-07
200611,6.581146863027243e-06,0.0,0.0,0.00010327409108867869,0.0,7.65516742831096e-05,3.7187950510997325e-05,0.0,3.461414280536701e-06,0.0,0.0,0.0,2.315384517714847e-05,0.0,0.0,8.941364285419695e-06,1.4143655562293134e-06,0.0,0.0,0.0,6.701940492348513e-06,0.0,0.0,0.0,0.0,0.0,0.0,0.0,0.0,0.0,1.4277014997787774e-05,0.0,0.00022971922589931637,0.0,1.0206801562162582e-05,0.0,0.0,0.0,0.0,0.0,4.678840014094021e-06,1.2307301403780002e-05,0.0,1.629294092708733e-05,0.0,0.0,0.0,1.5331106624216773e-06,0.0,5.078167305327952e-06,2.0126908566453494e-05,0.00017828692216426134,0.0004488139529712498,3.761322204809403e-07,0.0,0.0,0.0,0.0,0.0,0.0,0.0,2.654913259902969e-05,0.0,2.5163769805658376e-06,0.0,2.9761185942334123e-05,2.1023267890996067e-06,7.438984084728872e-06,3.7251381854730425e-06,0.0,0.0,0.0,0.0,0.0,4.564900791592663e-06,0.0,6.712541107845027e-06,0.0,0.0,0.0,0.0,0.0,0.0002147380873793736,0.0,0.00014094359357841313,0.0,0.0,6.618664656343753e-07,0.0,0.0,0.0,0.0,2.7488015348353656e-06,0.00010253690561512485,0.0,0.0,0.00013205634604673833,0.00013995327753946185,0.0,0.0,0.0,2.1724548787460662e-05,0.0,6.201574251463171e-06,1.4851316336716991e-05,0.0,0.0,0.0,2.6412812985654455e-06,0.0,0.0,9.505223488304182e-07,3.4141337437176844e-06
200612,1.3350622793950606e-05,0.0,0.0,6.848743942100555e-05,0.0,6.522396870423108e-05,5.606733247986995e-05,0.0,2.8235490390216e-06,0.0,0.0,0.0,2.4100809241645038e-05,0.0,0.0,1.2292056453588884e-05,0.0,0.0,0.0,1.6284312778225285e-06,3.4800448247551685e-06,0.0,0.0,0.0,0.0,0.0,0.0,0.0,0.0,0.0,1.9191085812053643e-05,0.0,0.00021533922699745744,0.0,1.0087434020533692e-05,0.0,0.0,0.0,0.0,0.0,0.0,3.02330727208755e-06,0.0,1.0393619049864355e-05,0.0,0.0,0.0,1.5553248431388056e-06,9.69651864579646e-07,3.3813707887020428e-06,3.4119904739782214e-05,0.0001993572514038533,0.0004078637284692377,4.882021471530607e-07,0.0,0.0,0.0,0.0,0.0,0.0,0.0,2.5617795472498983e-05,0.0,5.249605123935908e-07,0.0,2.0706320356111974e-05,5.135028004588094e-06,8.533466825610958e-06,3.7511717891902663e-06,0.0,0.0,0.0,0.0,0.0,3.932997060474008e-06,0.0,8.44035002955934e-06,0.0,0.0,0.0,0.0,0.0,0.00022080712369643152,0.0,0.0001221663987962529,0.0,0.0,9.145275043920265e-07,0.0,0.0,0.0,0.0,5.477693775901571e-06,0.00011646280472632498,0.0,0.0,0.0001342811738140881,0.00018593952700030059,0.0,0.0,0.0,2.677476186363492e-05,0.0,4.602447006618604e-06,1.4374446436704602e-05,0.0,0.0,0.0,5.211834832152817e-06,0.0,0.0,9.950753110388177e-07,1.509800767962588e-06
200701,9.897634299704805e-06,0.0,0.0,0.00011888419248862192,3.99853752242052e-06,6.925095658516511e-05,6.698368088109419e-05,2.9906800591561478e-06,4.7123912736424245e-06,0.0,0.0,0.0,2.175307054130826e-05,0.0,0.0,1.3464174116961658e-05,1.4972591770856525e-06,0.0,0.0,0.0,3.2617060696793487e-06,0.0,0.0,0.0,0.0,0.0,0.0,0.0,0.0,0.0,1.1543299478944391e-05,0.0,0.00019741196592804044,0.0,9.950767889677081e-06,0.0,0.0,0.0,0.0,0.0,0.0,9.278809557144996e-06,0.0,1.0643214409356005e-05,0.0,1.53984126427531e-06,0.0,1.4246578530219267e-06,4.1116149418485293e-07,4.580297627398977e-06,1.8203390936832875e-05,0.0002369386493228376,0.00042803416727110744,0.0,0.0,0.0,0.0,0.0,0.0,0.0,0.0,2.022933040279895e-05,4.736021992357564e-07,5.689493605132157e-07,0.0,3.3739805076038465e-05,2.568130184954498e-06,8.325471753778402e-06,0.0,0.0,0.0,0.0,0.0,0.0,2.6441459795023547e-06,0.0,8.878203516360372e-06,0.0,0.0,0.0,0.0,0.0,0.00021099267178215086,0.0,0.00012189154949737713,0.0,0.0,1.0461055808264064e-06,2.9479895147233037e-06,0.0,0.0,0.0,5.376679382607108e-06,0.0001027208345476538,3.4917497941933107e-06,0.0,0.00013185860007070005,0.00015915704716462642,1.437742298548983e-06,1.563903538226441e-06,8.686179171490949e-07,1.8186647139373235e-05,0.0,4.784059910889482e-06,1.057349072652869e-05,0.0,0.0,0.0,2.5617011942813406e-06,0.0,0.0,9.928050985763548e-07,1.642521056055557e-06
200702,1.8711220036493614e-05,0.0,0.0,9.483527537668124e-05,0.0,7.185598224168643e-05,6.353471690090373e-05,0.0,2.0332172425696626e-06,0.0,0.0,0.0,1.9636589058791287e-05,0.0,0.0,1.3802136891172267e-05,1.4268782706494676e-06,0.0,0.0,0.0,4.863280537392711e-06,0.0,0.0,0.0,0.0,1.4006515414166643e-07,0.0,0.0,0.0,0.0,1.3253704310045578e-05,0.0,0.00021330990421120077,0.0,1.0990589544235263e-05,0.0,0.0,0.0,0.0,0.0,4.449726020538947e-06,6.071729330869857e-06,0.0,1.6212368791457266e-05,0.0,1.6928125887716305e-06,1.4797842595726252e-06,3.011304897881928e-06,3.5972510659121326e-07,3.4294989745831117e-06,1.19558508231421e-05,0.0002161352167604491,0.00041488747228868306,0.0,0.0,0.0,0.0,0.0,0.0,0.0,0.0,1.8693244783207774e-05,6.758129984518746e-07,2.059118742181454e-06,0.0,2.806843440339435e-05,2.5149636257992825e-06,7.71938812249573e-06,0.0,0.0,1.0887546523008496e-05,0.0,0.0,0.0,2.5233243832190055e-06,0.0,3.3294529657723615e-06,0.0,0.0,0.0,0.0,0.0,0.00020810576097574085,0.0,0.0001221106795128435,0.0,0.0,6.290691203503229e-07,0.0,0.0,0.0,0.0,7.669877049920615e-06,9.568214591126889e-05,0.0,0.0,0.00012477060954552144,0.00016914799925871193,1.5377986528619658e-06,0.0,0.0,1.8733124306891114e-05,0.0,3.6441576867218828e-06,1.8032871594186872e-05,0.0,0.0,0.0,0.0,0.0,0.0,1.5629431118213688e-06,1.784431105988915e-06
200703,1.0882083188334946e-05,0.0,0.0,8.952290954766795e-05,3.811559281530208e-06,7.573907350888476e-05,5.274293653201312e-05,2.782473302431754e-06,3.7293523291737074e-06,0.0,0.0,0.0,2.2633877961197868e-05,0.0,0.0,1.1456529136921745e-05,1.5008209857114707e-06,0.0,0.0,0.0,0.0,0.0,0.0,0.0,5.11619020926446e-07,0.0,0.0,0.0,0.0,0.0,1.6434782082797028e-05,0.0,0.00019786314805969596,0.0,9.334133210359141e-06,0.0,0.0,4.797686870006146e-07,0.0,0.0,3.732027835212648e-06,3.0675053039885825e-06,0.0,1.2185433661215939e-05,0.0,0.0,1.4219793911252054e-06,2.9840105071343714e-06,3.8198356833163416e-07,3.883238605340011e-06,5.880950084247161e-06,0.00025076884776353836,0.00041391895501874387,5.630235477838141e-07,0.0,0.0,0.0,0.0,0.0,0.0,0.0,1.6415837308159098e-05,0.0,2.311441676283721e-06,0.0,3.456616832409054e-05,1.9041427776755881e-06,9.11048391571967e-06,0.0,0.0,0.0,0.0,0.0,0.0,0.0,0.0,6.338942512229551e-06,0.0,0.0,0.0,0.0,0.0,0.00021361271501518786,0.0,0.00012642977526411414,0.0,0.0,0.0,2.9687930691579822e-06,0.0,0.0,0.0,7.163072950788774e-06,0.00010431357804918662,0.0,0.0,0.00012449160567484796,0.0001496721524745226,0.0,0.0,0.0,2.365765794820618e-05,0.0,3.49476317751396e-06,1.899675407912582e-05,0.0,0.0,0.0,8.46973250645533e-07,0.0,0.0,9.517834200778452e-07,2.795749651340884e-06
200704,1.2551416148198768e-05,0.0,0.0,0.00011984977027168497,0.0,6.879102147649974e-05,6.877278065076098e-05,3.613297849369701e-06,4.298283329262631e-06,0.0,0.0,0.0,1.617012094357051e-05,0.0,0.0,1.0154257324757054e-05,1.3547653452405939e-06,0.0,0.0,0.0,0.0,0.0,0.0,0.0,0.0,3.5613444993032317e-07,0.0,0.0,0.0,0.0,1.9362034436198883e-05,0.0,0.00021649526024702936,0.0,1.1442763934610412e-05,0.0,0.0,4.6206108095248055e-07,0.0,0.0,2.2019899006409105e-06,3.2569469112786464e-06,0.0,6.298495918599656e-06,0.0,0.0,0.0,2.6389432150608627e-06,3.587243497804593e-07,6.378601938195061e-06,1.5464158423128538e-05,0.00019317440455779433,0.00040762597927823663,0.0,0.0,0.0,0.0,0.0,0.0,0.0,0.0,1.1948034625675064e-05,5.854709570485284e-07,0.0,0.0,2.717855568334926e-05,2.767005298665026e-06,7.316948540392332e-06,0.0,0.0,3.5067787393927574e-06,0.0,0.0,0.0,0.0,0.0,7.587762866023695e-06,0.0,0.0,0.0,0.0,0.0,0.00020891365420538932,0.0,0.00011144317250000313,0.0,0.0,3.3990505698966444e-07,4.11647397413617e-06,0.0,0.0,0.0,7.520108738390263e-06,9.534873242955655e-05,0.0,0.0,0.00012142345076426864,0.00016880783368833363,1.2271798368601594e-06,0.0,0.0,3.3843618439277634e-05,0.0,6.7404439505480696e-06,1.939924550242722e-05,0.0,0.0,0.0,4.038903171021957e-06,0.0,0.0,1.0105922001457657e-06,1.0951140438919538e-06
200705,1.4001870113133918e-05,0.0,0.0,9.345175203634426e-05,0.0,8.31573925097473e-05,6.73201575409621e-05,1.4019243280927185e-05,4.375614025775576e-06,0.0,0.0,0.0,1.8098100554198027e-05,0.0,1.6571078731431044e-06,1.223087474500062e-05,0.0,0.0,0.0,0.0,0.0,0.0,0.0,0.0,0.0,1.968424157894333e-06,0.0,0.0,0.0,0.0,2.711584784265142e-05,0.0,0.00022988584532868117,0.0,7.453630587406224e-06,0.0,0.0,0.0,0.0,0.0,6.329909865598893e-06,5.77143646296463e-06,0.0,2.084145125991199e-05,0.0,0.0,0.0,2.821795078489231e-06,0.0,2.076739519907278e-06,7.49680702938349e-06,0.00015349658497143537,0.00034251122269779444,0.0,0.0,0.0,0.0,0.0,0.0,0.0,0.0,6.767987542843912e-06,4.824305506190285e-07,2.5899710180965485e-06,0.0,1.599509960215073e-05,3.3629471545282286e-06,5.927960501139751e-06,0.0,0.0,0.0,0.0,0.0,0.0,0.0,0.0,6.8264366746007e-06,0.0,0.0,0.0,0.0,0.0,0.00018972306861542165,0.0,9.166278323391452e-05,0.0,0.0,7.068697414069902e-07,0.0,0.0,0.0,0.0,6.586194558622083e-06,9.029546345118433e-05,0.0,0.0,0.00012309158046264201,0.00015825404261704534,1.4613432313126395e-06,0.0,0.0,3.979170651291497e-05,0.0,5.714755843655439e-06,8.08181084721582e-06,0.0,0.0,0.0,4.9442669478594325e-06,0.0,0.0,8.415444199272315e-07,1.2419668564689346e-06
200706,1.0483818186912686e-05,0.0,0.0,6.673558527836576e-05,0.0,9.072786633623764e-05,5.947508543613367e-05,4.149945198150817e-06,4.122161954001058e-06,0.0,0.0,0.0,1.0547832971496973e-05,0.0,0.0,1.409708693245193e-05,0.0,0.0,0.0,0.0,2.6726224859885406e-06,0.0,0.0,0.0,0.0,2.002329210881726e-06,0.0,0.0,0.0,0.0,2.5956775061786175e-05,0.0,0.0005322329816408455,0.0,7.925790669105481e-06,0.0,0.0,0.0,0.0,0.0,1.8388195712759625e-06,2.9594345960504143e-06,0.0,2.2075482775107957e-06,0.0,0.0,1.612613232282456e-06,2.67730843006575e-06,0.0,4.386718501336873e-06,8.674234777572565e-06,0.00017082557315006852,0.0003922689938917756,0.0,0.0,0.0,0.0,0.0,0.0,0.0,0.0,7.1841855060483795e-06,5.126909172759042e-07,2.697380068639177e-06,0.0,1.6216044969041832e-05,2.061475470327423e-06,6.37130688119214e-06,0.0,0.0,0.0,0.0,0.0,0.0,1.6177530142158503e-06,0.0,4.075724064023234e-06,0.0,0.0,0.0,0.0,0.0,0.0001732955133775249,0.0,9.739497909322381e-05,0.0,0.0,9.8259670266998e-07,0.0,0.0,0.0,0.0,7.105393706297036e-06,8.423950930591673e-05,0.0,0.0,0.0001244637678610161,0.00018067109340336174,0.0,0.0,0.0,3.885282058035955e-05,0.0,5.326317477738485e-06,1.5255168364092242e-05,0.0,0.0,0.0,4.728749445348512e-06,0.0,0.0,7.950673079903936e-07,6.079380341361684e-07
200707,1.5699228242738172e-05,0.0,0.0,0.00015691413136664778,0.0,7.67031597206369e-05,5.0099810323445126e-05,6.820158887421712e-06,2.1344631022657268e-06,0.0,0.0,0.0,1.916418841574341e-05,0.0,0.0,5.934686669206712e-06,0.0,3.655556781723135e-07,0.0,0.0,0.0,0.0,0.0,0.0,4.939731184094853e-07,0.0,0.0,0.0,0.0,0.0,7.160675068007549e-06,0.0,0.0002035868528764695,0.0,7.91209276940208e-06,0.0,0.0,0.0,0.0,0.0,0.0,0.0,0.0,6.1927971728437115e-06,0.0,0.0,2.493345391485491e-06,3.071468427151558e-06,4.376650394988246e-06,2.078464603982866e-06,5.768694336438784e-06,0.00022313861700240523,0.0004050314018968493,4.780756057698454e-07,0.0,0.0,0.0,0.0,0.0,0.0,0.0,1.2017477274639532e-05,1.0466587809787598e-06,2.4131011286954163e-06,0.0,3.095257488894276e-05,3.3214996619790327e-06,5.023021458328003e-06,0.0,0.0,3.4132997370761586e-06,0.0,0.0,0.0,0.0,0.0,1.9632570911198854e-06,0.0,0.0,0.0,0.0,0.0,0.00018298010400030762,0.0,0.0001025051242322661,0.0,0.0,0.0,0.0,0.0,0.0,0.0,0.0,8.935684309108183e-05,0.0,0.0,0.00012008415797026828,0.00016475767188239843,1.379330683448643e-06,0.0,0.0,2.1966254280414432e-05,0.0,3.406020596230519e-06,1.7735013898345642e-05,0.0,0.0,0.0,0.0,0.0,0.0,1.0335446631870582e-06,2.2234899006434716e-06
200708,1.6214482457144186e-05,0.0,0.0,0.00013434056018013507,3.7684924336645054e-06,0.00010296448454027995,5.79555235162843e-05,3.661952860056772e-06,4.440644715941744e-06,0.0,0.0,0.0,1.8792994524119422e-05,0.0,0.0,7.504904715460725e-06,4.221532890369417e-06,4.2666334820751217e-07,0.0,0.0,4.0315512706001755e-06,0.0,0.0,0.0,0.0,9.63202637649374e-07,0.0,0.0,0.0,0.0,1.4510061191685963e-05,0.0,0.00021770011517219245,0.0,9.739942470332608e-06,0.0,0.0,4.756589362386876e-07,0.0,0.0,2.2268134216574254e-06,0.0,0.0,6.513116659334628e-06,0.0,0.0,3.32228069055418e-06,2.769711727523827e-06,2.2236356471694307e-06,3.4017957659671083e-06,3.630004812293919e-06,0.00020411510195117444,0.0003596786118578166,9.344662430521566e-07,0.0,0.0,0.0,0.0,0.0,0.0,0.0,5.4688316595274955e-06,2.111938329107943e-06,6.144868621049682e-06,0.0,2.3417494958266616e-05,3.2322243441740284e-06,3.942567218473414e-06,0.0,0.0,0.0,0.0,0.0,0.0,2.678162445590715e-06,0.0,3.5850214317179052e-06,0.0,0.0,0.0,0.0,0.0,0.00018224433006253093,0.0,0.00010729637142503634,0.0,0.0,6.664838565484388e-07,0.0,0.0,0.0,0.0,2.6231086849293206e-06,9.492406388744712e-05,0.0,0.0,0.00012385113222990185,6.852736987639219e-05,9.53971607486892e-07,0.0,0.0,2.8015665520797484e-05,0.0,3.3908738714671927e-06,1.4428097529162187e-05,0.0,0.0,0.0,1.8862617707782192e-06,0.0,0.0,1.0678116950657568e-06,1.9665244508360047e-06
200709,1.597573827893939e-05,0.0,0.0,0.00013466215750668198,0.0,9.190883429255337e-05,5.344783130567521e-05,0.0,3.954935891670175e-06,0.0,0.0,0.0,1.4802866644458845e-05,0.0,0.0,3.4521608540671878e-06,1.5384570133392117e-06,0.0,0.0,0.0,0.0,0.0,0.0,0.0,0.0,1.4977501905377721e-06,0.0,0.0,0.0,0.0,2.124068487319164e-05,0.0,0.0002178699360229075,0.0,6.647454938502051e-06,0.0,0.0,3.592276414110529e-07,0.0,0.0,4.646440629585413e-06,2.4482903882017126e-06,0.0,7.721841939201113e-06,0.0,0.0,1.576934550939768e-06,3.2497050597157795e-06,2.2049232484278036e-06,3.2841430765984114e-06,1.1079087926191278e-05,0.0001822195335989818,0.00036964708124287426,0.0,0.0,0.0,0.0,0.0,0.0,0.0,0.0,1.9063638319494203e-05,1.2964205780008342e-06,5.188318027649075e-06,0.0,2.3434486138285138e-05,2.784803427857696e-06,4.33844479630352e-06,0.0,0.0,2.255691470054444e-06,0.0,0.0,0.0,1.298033794228104e-06,0.0,5.960153430351056e-06,0.0,0.0,0.0,0.0,0.0,0.00018709302821662277,0.0,0.00011339533375576138,0.0,0.0,6.685192488475877e-07,0.0,0.0,0.0,0.0,0.0,8.90545779839158e-05,3.5145885703968816e-06,0.0,0.0001239935663761571,8.136215183185413e-05,0.0,0.0,0.0,3.0131190214888193e-05,0.0,5.269335360935656e-06,1.9405886632739566e-05,0.0,0.0,0.0,0.0,0.0,0.0,9.76778892436414e-07,5.569329459831351e-07
200710,1.4605031537939794e-05,0.0,0.0,0.00021541683236137033,0.0,7.744046160951257e-05,3.114211722277105e-05,0.0,2.862074097720324e-06,0.0,0.0,0.0,1.9346693079569377e-05,0.0,0.0,1.1402747077227104e-05,0.0,3.488953836949804e-07,0.0,0.0,0.0,0.0,0.0,0.0,0.0,4.309122516588104e-07,0.0,0.0,0.0,0.0,2.082902028632816e-05,0.0,0.00021757883951067924,0.0,6.068328275432577e-06,0.0,0.0,4.1203730916095083e-07,0.0,0.0,4.6781897253822535e-06,2.411768264209968e-06,0.0,4.3372292566346005e-06,0.0,0.0,0.0,2.928065214291564e-06,5.0251293259862e-07,1.9697545212693512e-06,5.2639757086581085e-06,0.000200512251467444,0.00042713453876785934,5.868958510291122e-07,0.0,0.0,0.0,0.0,0.0,0.0,0.0,1.5582298146910034e-05,2.0384368326631375e-06,2.3000111468718387e-06,0.0,1.637030072743073e-05,1.6219987628574017e-06,7.424142950185342e-06,0.0,0.0,3.462689164734911e-06,0.0,0.0,0.0,0.0,0.0,4.778377842740156e-06,0.0,0.0,0.0,0.0,0.0,0.0002057078672805801,0.0,0.00011870906746480614,0.0,0.0,2.864611815311946e-06,0.0,0.0,0.0,0.0,0.0,9.449657227378339e-05,0.0,0.0,0.00012528344814199954,0.00011270125105511397,2.257918822579086e-06,0.0,0.0,2.7011406928068027e-05,0.0,3.89379511034349e-06,1.4056740837986581e-05,0.0,0.0,0.0,0.0,0.0,0.0,9.675612773207831e-07,6.113574499977403e-07
200711,1.782391882443335e-05,0.0,0.0,0.0001268406049348414,3.567691919670324e-06,8.58073981362395e-05,2.6700601665652357e-05,2.819740529957926e-06,3.424459009693237e-06,0.0,0.0,0.0,1.5214906852634158e-05,0.0,0.0,5.440685072244378e-06,0.0,0.0,0.0,0.0,2.8023910090269055e-06,0.0,0.0,0.0,0.0,5.938109666203673e-07,0.0,0.0,0.0,0.0,1.5765261196065694e-05,0.0,0.00020987287280149758,0.0,6.896437298564706e-06,4.890746367891552e-07,0.0,0.0,0.0,0.0,6.762420980521711e-06,2.457291429891484e-06,0.0,1.0340482731407974e-05,0.0,0.0,0.0,3.170679292452405e-06,0.0,8.043607522267848e-06,6.669673439319013e-06,0.00020212486560922116,0.00044757185969501734,6.017299369887041e-07,0.0,0.0,0.0,0.0,0.0,0.0,0.0,1.8719973013503477e-05,1.5694647572672693e-06,2.1844246020918945e-06,0.0,2.0069592210347764e-05,2.8819620183639927e-06,5.5186965255416e-06,0.0,0.0,0.0,0.0,0.0,0.0,0.0,0.0,4.39635095972335e-06,0.0,0.0,0.0,0.0,0.0,0.00020736234728246927,0.0,0.00011519081454025581,0.0,0.0,6.366103662003297e-07,0.0,0.0,0.0,0.0,0.0,9.941931784851477e-05,0.0,0.0,0.00012930549564771354,0.00016816146671772003,1.320951696470729e-06,0.0,0.0,2.1490443032234907e-05,0.0,3.7742076983704465e-06,1.3553008102462627e-05,0.0,0.0,0.0,0.0,0.0,0.0,0.0,4.4997364057053346e-07
200712,1.1818377970485017e-05,0.0,0.0,0.00017018240760080516,0.0,8.063316636253148e-05,3.0126762794679962e-05,6.182345714478288e-06,2.7305502499075374e-06,0.0,0.0,0.0,1.86893084901385e-05,0.0,0.0,1.1990047823928762e-05,3.0897485885361675e-06,0.0,0.0,3.83743827114813e-06,0.0,0.0,0.0,0.0,0.0,9.685898021416506e-07,0.0,0.0,0.0,0.0,1.4592155821446795e-05,0.0,0.0002045621513389051,0.0,8.0797999544302e-06,0.0,0.0,0.0,0.0,0.0,6.490040505013894e-06,0.0,0.0,6.281458354351344e-06,0.0,0.0,1.3535134257836035e-06,1.433869556421996e-06,0.0,5.152760877535911e-06,1.0395624485681765e-05,0.00024902846780605614,0.0004397010197862983,4.857893713960948e-07,0.0,0.0,0.0,0.0,0.0,0.0,0.0,2.4190348995034583e-05,5.290949047775939e-07,2.185999164794339e-06,0.0,2.9807026294292882e-05,2.6809204882738413e-06,4.584820544550894e-06,3.56053374162002e-06,0.0,0.0,0.0,0.0,0.0,2.416280040051788e-06,0.0,5.519993919733679e-06,0.0,0.0,0.0,0.0,0.0,0.00023940889514051378,0.0,0.00011891073518199846,0.0,0.0,6.4845863789742e-07,0.0,0.0,0.0,0.0,0.0,0.00010691733041312546,0.0,0.0,0.00013645882427226752,8.019963570404798e-05,1.4241753660826362e-06,0.0,0.0,2.1444642698043026e-05,0.0,5.744063855672721e-06,1.0084684618050233e-05,0.0,0.0,0.0,0.0,0.0,0.0,9.456813927499752e-07,7.387988603113627e-07
200801,2.365155341976788e-05,0.0,2.3718718011878082e-07,0.0001232140202773735,1.3026875649302383e-06,0.00011063125566579401,3.435477992752567e-05,9.074758963834029e-06,7.077252121234778e-06,3.307879524072632e-06,1.6338579200692038e-07,0.0,1.455986603104975e-05,0.0,3.2489226668985793e-06,7.005009138083551e-06,1.2717715435428545e-05,3.902978733094642e-06,0.0,7.726275725872256e-06,2.889227914693038e-07,0.0,5.217336251917004e-08,0.0,2.03637841877935e-06,9.545324246573728e-07,0.0,0.0,0.0,1.288284465772449e-07,2.339111415494699e-05,0.0,6.903515895828605e-05,0.0,1.4654195183538832e-05,1.6319010001097922e-06,0.0,6.692042461509118e-06,4.6284051791189995e-07,0.0,7.94658171798801e-06,2.3849497665651143e-05,7.910500698926626e-07,8.340825843333732e-06,0.0,3.2472103157488164e-06,2.3833179511711933e-05,1.7900845705298707e-05,7.4398726610525046e-06,1.2347314623184502e-05,1.4424348592001479e-05,0.00023625466565135866,0.00038057129131630063,2.621260591695318e-06,0.0,0.0,3.319937036394549e-08,6.489862016678671e-07,0.0,0.0,0.0,2.0936839064233936e-05,5.261711521598045e-06,3.1871710234554484e-05,0.0,3.7750720366602764e-05,5.894994046684587e-06,5.753588993684389e-06,2.4224136723205447e-06,0.0,4.335611265560146e-06,0.0,0.0,0.0,3.202589141437784e-06,3.148346650050371e-07,1.37601400638232e-05,0.0,0.0,7.026561377188045e-08,4.2616403561623883e-07,0.0,0.00021827997989021242,1.4617430679209065e-06,0.00012002159928670153,0.0,0.0,2.8271786504774354e-05,6.5269609876850154e-06,0.0,7.760680631463401e-08,5.4867967946847784e-08,3.6732594708155375e-06,9.313267946708947e-05,3.235789336031303e-06,0.0,0.0001332508254563436,6.89356165821664e-05,0.0,6.625475180044305e-06,3.880948952428298e-06,7.970775186549872e-05,0.0,1.8732993339654058e-05,1.6862353731994517e-05,0.0,0.0,0.0,2.007942839554744e-06,1.0746575185294205e-07,4.066046130901668e-06,1.7264816278839135e-06,5.688488272426184e-06
200802,1.7525837392895482e-05,0.0,0.0,0.00010065509559353814,7.470750915672397e-06,9.145082731265575e-05,3.7150337448110804e-05,7.454216301994165e-06,5.479533228935907e-06,3.2258822102448903e-06,1.6593571672274265e-07,0.0,1.5026078472146764e-05,0.0,2.030096311500529e-06,1.3223688256402966e-05,1.3974047760711983e-05,2.248906184831867e-06,0.0,3.869048214255599e-06,2.265860075567616e-06,0.0,5.1936734024593534e-08,0.0,1.6956496438069735e-06,1.2552491170936264e-06,0.0,0.0,0.0,0.0,1.4199826182448305e-05,0.0,5.056833470007405e-05,0.0,1.5541454558842815e-05,4.1258121541432047e-07,0.0,4.100075329915853e-06,2.912219372319669e-07,0.0,8.155996511050034e-06,2.1218038455117494e-05,2.6478508630134456e-07,1.0073973498947453e-05,0.0,7.358813945756992e-06,2.684214268811047e-05,1.7148544429801404e-05,4.540577265288448e-06,1.0630133147060405e-05,1.7632284652790986e-05,0.00026761306799016893,0.0003819376870524138,1.6038843568821903e-06,0.0,0.0,0.0,3.8279571867860795e-07,0.0,0.0,0.0,2.1037580154370517e-05,2.276859959238209e-06,1.776099634298589e-05,0.0,4.0426319174002856e-05,1.1510470358189195e-05,5.58806823391933e-06,1.8177523770646076e-06,0.0,8.966268069343641e-06,0.0,0.0,7.695214776504145e-08,3.4916885738311976e-07,8.28134005814718e-08,1.602642259967979e-05,0.0,0.0,4.420628272328031e-07,1.6128731772369065e-07,0.0,0.00019483675714582205,2.3524485186499078e-06,0.0001384811766911298,0.0,0.0,2.5208953957189806e-05,1.277033516089432e-05,1.1226197926816894e-07,1.5316641110985074e-07,0.0,6.7870259954361245e-06,0.00010122425010195002,1.637464492887375e-06,0.0,0.0001254805101780221,6.561713962582871e-05,8.614931630290812e-07,7.213242042780621e-06,4.467485268833116e-06,5.937007881584577e-05,0.0,1.3499698980012909e-05,1.408113803336164e-05,0.0,0.0,0.0,5.5819336921558715e-06,3.0056489208618586e-07,2.5811818886722904e-06,2.017552333200001e-06,4.094365522178123e-06
200803,1.761715429893229e-05,0.0,0.0,0.00012069488730048761,9.256076737074181e-06,8.702143531991169e-05,2.7398056772653945e-05,9.330698048870545e-06,7.747855306661222e-06,1.9137751223752275e-06,0.0,0.0,1.6629941455903463e-05,0.0,1.0522548166136403e-07,9.883928214549087e-06,1.436057937098667e-05,2.471004791004816e-06,0.0,1.7332982338302827e-07,4.160756361670792e-06,0.0,6.694488519087827e-08,2.746516827301093e-07,1.6991275515465531e-06,1.6863286873558536e-06,0.0,0.0,0.0,0.0,1.2772539776051417e-05,3.4575069918219015e-08,6.877326086396351e-05,6.789092310555134e-08,1.5230360986606684e-05,5.298719543134212e-07,8.145261887193556e-08,6.985058007558109e-06,0.0,0.0,5.319428964867257e-06,8.914005775295664e-06,0.0,4.40878102381248e-06,0.0,3.907144673576113e-06,2.0109631805098616e-05,2.5519297196296975e-05,5.575135219260119e-06,8.309938493766822e-06,1.4309612197394017e-05,0.00030941172735765576,0.00039705316885374486,1.0631979421305005e-06,0.0,0.0,0.0,0.0,0.0,0.0,0.0,2.2881824406795204e-05,3.871413809974911e-06,2.8105230740038678e-05,0.0,5.210212111705914e-05,2.082234095723834e-05,8.235556379077025e-06,2.5438193915761076e-06,5.185120244277641e-08,7.561945494671818e-06,5.397884095259542e-08,0.0,1.860494194261264e-07,4.602582066581817e-06,0.0,1.8028656995738856e-05,0.0,0.0,2.8950233854629914e-07,1.4970046890994126e-07,0.0,0.00021491259394679219,4.7102162170631345e-06,0.00014597618428524584,0.0,0.0,1.5157706002355553e-05,0.0,3.1215137141771265e-07,0.0,0.0,2.01277316591586e-06,0.00010029570694314316,1.3339630413611303e-06,8.919289484765613e-07,0.00012252925080247223,7.481433567591012e-05,1.0534298553466215e-06,7.667488716833759e-06,2.622095735205221e-06,4.344893750385381e-05,0.0,9.318529919255525e-06,1.7501613911008462e-05,0.0,0.0,1.3369696034715162e-06,5.968097411823692e-06,5.844329393767111e-07,7.911488637546427e-07,1.8453519032846089e-06,4.358175829111133e-06
200804,1.728372080833651e-05,0.0,0.0,0.0001637662498978898,7.702974471612833e-06,8.841684757499024e-05,1.7915881471708417e-05,5.799405698780902e-06,6.156114523037104e-06,3.518888206599513e-06,1.1860326765145146e-07,0.0,1.8558994270279072e-05,0.0,0.0,7.676140739931725e-06,1.448153216188075e-05,1.058938323694747e-06,0.0,2.5004015924423584e-07,7.80485243012663e-06,1.6229529364863993e-07,0.0,0.0,1.557291056997201e-06,1.183635504276026e-06,0.0,0.0,0.0,0.0,1.2787027117155958e-05,0.0,6.206453690538183e-05,5.1240878207181595e-08,1.2802168384951074e-05,2.868134458822169e-07,0.0,1.0602935617498588e-05,2.9710361104662297e-07,0.0,4.267809345037676e-06,8.122105100483168e-06,0.0,9.298083568864968e-06,0.0,3.4191591566923307e-06,1.565696220495738e-05,2.43504618993029e-05,4.867336429015268e-06,1.1838806130981538e-05,1.2833324035455007e-05,0.00031422078609466553,0.00036303242086432874,1.9326023448229535e-06,0.0,0.0,4.489120541961711e-08,0.0,0.0,0.0,0.0,3.5011384170502424e-05,4.682241069531301e-06,2.6393807274871506e-05,0.0,5.185889676795341e-05,1.6736519683036022e-05,7.85907559475163e-06,1.4629920315201161e-06,0.0,0.0,0.0,0.0,2.5547808490955504e-07,9.10904631723497e-08,0.0,1.0728391316661146e-05,0.0,0.0,3.161419570574253e-08,2.9348842645049444e-07,0.0,0.00021345142158679664,2.420089913357515e-06,0.00015336029173340648,0.0,0.0,2.2045502191758715e-05,3.3074215934902895e-06,0.0,1.1219989914934558e-07,0.0,1.7616755485505564e-06,0.00010687905160011724,1.6067603780811623e-07,1.2301409242354566e-06,0.00011683857883326709,8.276457811007276e-05,8.624944598523143e-07,8.83244319993537e-06,4.662956598622259e-06,3.866025144816376e-05,0.0,6.800747087254422e-06,9.527562724542804e-06,1.0714251175159006e-07,0.0,9.533321332355627e-08,1.055437678587623e-05,1.9682404399645748e-06,6.700205972265394e-07,1.7982061990551301e-06,5.8231062212144025e-06
200805,2.1691594156436622e-05,0.0,0.0,8.060455729719251e-05,7.0696196416975e-06,8.905504364520311e-05,2.0724915884784423e-05,2.7190301352675306e-06,6.8210474637453444e-06,6.242265044420492e-06,1.837991590036836e-07,0.0,1.6192156181205064e-05,0.0,5.753869558589031e-08,8.852100108924787e-06,1.710786636976991e-05,3.4342569961154368e-06,0.0,3.8204368024707946e-07,6.015180133545073e-06,0.0,7.185010986177076e-08,2.4982534796436084e-07,3.970039017531235e-07,1.9949700345023302e-06,0.0,0.0,1.6684057868587843e-07,0.0,1.4283275049820077e-05,0.0,7.065801037242636e-05,0.0,1.493587751610903e-05,1.5671072333134362e-06,0.0,1.895702189358417e-05,7.564059387732414e-07,1.8506000287743518e-07,3.4393913210806204e-06,1.4247708350012545e-05,6.080845338374274e-08,1.4137923244561534e-05,0.0,1.4876025034027407e-06,2.142559242201969e-05,2.721880991884973e-05,7.114746949810069e-06,1.2911603334941901e-05,2.4696984837646596e-05,0.0002708218526095152,0.0003922749310731888,1.621234559934237e-06,8.581932320339547e-08,0.0,0.0,0.0,0.0,0.0,0.0,3.747207301785238e-05,3.744109790204675e-06,1.7215710613527335e-05,0.0,5.488608076120727e-05,2.1126628780621104e-05,6.2760273067397065e-06,1.9013497194464435e-06,1.4131089187685575e-07,3.3435283057769993e-06,5.610181474935416e-08,0.0,6.41059259010035e-08,1.5918325289021595e-06,3.3395849641237874e-07,1.4210928384272847e-05,0.0,0.0,1.9443790222339885e-07,3.810228292877582e-07,0.0,0.00021051111980341375,2.6406144115753705e-06,0.0001539736258564517,1.1291315331618534e-06,0.0,2.7355432393960655e-05,9.65456183621427e-06,2.2925404152829287e-07,1.712347739157849e-07,0.0,3.7685654206143226e-06,9.70452674664557e-05,1.3509412610801519e-06,1.2219910558997071e-06,0.00013329392822925001,5.0822345656342804e-05,3.981047029810725e-07,7.641368938493542e-06,3.3523165257065557e-06,4.834214996662922e-05,0.0,1.6733623851905577e-05,1.7077767552109435e-05,1.0700123453943888e-07,0.0,3.5236612347944174e-06,5.054960638517514e-06,2.165750402127742e-06,3.3408773560950067e-06,1.1850645478261868e-06,5.442475412564818e-06
200806,2.0326611775089987e-05,0.0,9.448670823530847e-08,5.906743899686262e-05,6.9170223468972836e-06,0.00010712616494856775,1.9605542547651567e-05,9.593477443559095e-06,7.589712822664296e-06,2.9481884666893166e-06,5.1588479266229115e-08,0.0,1.58365692186635e-05,0.0,0.0,1.0508436389500275e-05,1.6237152522080578e-05,2.41673251366592e-06,0.0,1.2644174603337888e-05,2.3522468950432085e-07,8.139640783610957e-08,8.176171917284591e-08,0.0,3.1311808470491087e-06,2.2267356598604238e-06,0.0,0.0,0.0,0.0,1.4052377991902176e-05,0.0,7.229806942632422e-05,0.0,1.1991140127065592e-05,3.2688859619156574e-07,0.0,1.1013142284355126e-05,5.178308697395551e-07,1.0939547934185612e-07,1.1813836863439064e-05,8.526071724190842e-06,9.750989704571111e-08,1.2204393897263799e-05,0.0,1.407207605552685e-06,1.3209476492193062e-05,1.866105230874382e-05,3.967752036260208e-06,1.2936278835695703e-05,2.015986137848813e-05,0.00024414839572273195,0.0004068247217219323,1.1808472208940657e-06,0.0,0.0,0.0,0.0,0.0,0.0,0.0,3.9711707358947024e-05,1.1777946156144026e-06,1.986264032893814e-05,0.0,4.8729551053838804e-05,1.4380764696397819e-05,8.038175110414159e-06,3.836169071291806e-06,0.0,5.405130423241644e-07,0.0,0.0,0.0,0.0,2.283477726905403e-07,1.796960896172095e-05,0.0,0.0,2.0317511939538235e-07,0.0,0.0,0.0002156823902623728,5.142927420820342e-06,0.00015402577992063016,0.0,0.0,1.2769869499607012e-05,3.6038775306224125e-06,5.9382891492987255e-08,1.9864808109559817e-07,0.0,2.139892103514285e-06,9.269822476198897e-05,1.3914360579292406e-06,1.3096711199978017e-06,0.00013280738494358957,5.0528971769381315e-05,1.5488758435822092e-06,1.0236235539196059e-05,3.8304920053633396e-06,4.285556497052312e-05,5.782029788292675e-08,8.97848713066196e-06,1.7738133465172723e-05,0.0,0.0,3.0990336199465673e-06,1.7417170965927653e-05,5.375412683861214e-07,1.5119425142984255e-06,6.414970812329557e-07,2.5364404336869484e-06
200807,1.9887920643668622e-05,0.0,0.0,0.00010428080713609233,6.584323273273185e-06,9.739373490447178e-05,1.59734354383545e-05,2.0722920908156084e-06,6.412161837943131e-06,5.640105428028619e-06,7.712014848948456e-08,0.0,1.5101497410796583e-05,0.0,0.0,1.0817755537573248e-05,1.3263987057143822e-05,3.3166529647132847e-06,0.0,1.2952427823620383e-05,0.0,0.0,5.62490320987763e-08,3.668546639801207e-07,1.0605835996102542e-06,1.5259255405908334e-06,0.0,2.7194607454816833e-08,4.385994500921697e-08,0.0,1.1620680197665934e-05,0.0,6.429251516237855e-05,5.317295048712367e-08,9.096468602365348e-06,2.7196171004106873e-07,2.4979516410894576e-07,8.06325624580495e-06,4.4896020767737355e-07,0.0,5.975981821393361e-06,7.2936227297759615e-06,6.616172498752348e-08,1.1051622095692437e-05,0.0,3.169512638123706e-06,1.1477336556708906e-05,2.243889139208477e-05,5.104429419588996e-06,1.5639501725672744e-05,2.4458027837681584e-05,0.00023392097500618547,0.0004012347781099379,2.839294097611855e-07,0.0,0.0,0.0,0.0,0.0,0.0,0.0,3.14137214445509e-05,2.64228401647415e-06,1.4677035323984455e-05,0.0,4.2789321014424786e-05,8.401756531384308e-06,8.546555363864172e-06,4.900814928987529e-06,0.0,4.277519281004061e-07,0.0,0.0,0.0,2.740758645813912e-06,0.0,1.2304865776968654e-05,0.0,0.0,4.731090541554295e-07,3.372968251369457e-07,9.621968644069057e-08,0.0002256186999147758,3.3837200135167222e-06,0.00014255093992687762,0.0,0.0,1.2306360986258369e-05,3.4661734389374033e-06,5.339063946507849e-08,2.5663248948148976e-07,0.0,4.071492639923235e-06,9.197937470162287e-05,5.967348215563106e-08,0.0,0.0001480289502069354,6.585453229490668e-05,1.3092794688418508e-06,1.1222365174035076e-05,6.402965027518803e-06,3.818975164904259e-05,0.0,7.2514867497375235e-06,1.5192791579465847e-05,0.0,0.0,2.201239567511948e-06,1.792074181139469e-05,6.392237992258742e-07,9.663964419814874e-07,1.2088542007404612e-06,2.5445303890592186e-06
200808,2.0253044567652978e-05,1.2110629654671357e-07,0.0,7.166599971242249e-05,8.605356015323196e-06,0.00010986018605763093,1.7760656191967428e-05,4.201185220154002e-06,9.07076355360914e-06,5.378426521929214e-06,1.4692531635773776e-08,0.0,8.909276402846444e-06,0.0,1.7206886013809708e-06,7.94268271420151e-06,1.4591123544960283e-05,3.1003412459540414e-06,0.0,1.2319084817136172e-05,0.0,4.9030756343881876e-08,0.0,1.0409555528667624e-07,2.117165649906383e-06,1.0929970812867396e-06,1.0547301343422077e-07,0.0,0.0,0.0,1.6851563486852683e-05,0.0,9.623105870559812e-05,0.0,1.3405271602096036e-05,2.790784265016555e-06,0.0,9.627385225030594e-06,0.0,2.8320812361926073e-06,3.1772672173246974e-06,9.31029899220448e-06,1.1304734925943194e-06,1.1515527148731053e-05,0.0,1.8028634940492339e-07,1.5318535588448867e-05,2.8619619115488604e-05,7.517100129916798e-06,1.4991860552981962e-05,1.976907515199855e-05,0.0002271700359415263,0.0004174994246568531,3.160405697144597e-07,0.0,0.0,1.086575736053419e-07,0.0,0.0,0.0,0.0,4.0640814404468983e-05,2.790337475744309e-06,2.331238101760391e-05,0.0,4.3503037886694074e-05,1.223017716256436e-05,5.8289060689276084e-06,2.539021124903229e-06,0.0,7.147007181629306e-07,0.0,4.17909049588161e-08,1.0813979400836615e-07,2.738125431278604e-06,5.080250389255525e-07,1.4397513041330967e-05,0.0,0.0,2.2052726933452504e-07,0.0,2.459611039284937e-07,0.00021411501802504063,1.0194081596637261e-06,0.00011688339145621285,1.0370117706770543e-06,0.0,2.3600889107910916e-05,6.9174666350591e-06,8.429778830532086e-08,1.695889579877985e-07,0.0,6.084365395508939e-06,8.736211020732298e-05,0.0,1.2545092431537341e-06,0.00015186851669568568,5.274295108392835e-05,1.7212256580023677e-06,1.0103785825776868e-05,3.844023922283668e-06,4.3080806790385395e-05,0.0,8.09230641607428e-06,1.0497949006094132e-05,0.0,0.0,0.0,1.398289532517083e-05,1.4184479368850589e-06,1.6825803186293342e-06,2.0104164377698908e-06,7.6038345468987245e-06
200809,1.7738180758897215e-05,2.781778896121523e-08,0.0,9.267211135011166e-05,1.1568379704840481e-05,0.0001084953619283624,8.9429058789392e-06,2.599932031444041e-06,8.357323167729191e-06,5.581663572229445e-06,0.0,7.708425897590132e-08,1.3929902706877328e-05,0.0,0.0,8.74410125106806e-06,1.3086438229947817e-05,4.46965213996009e-06,3.015341931700277e-08,1.2533130757219624e-05,0.0,0.0,4.6923474883442395e-08,1.3601457737877354e-07,4.701166290033143e-06,1.7793021243051044e-06,0.0,0.0,0.0,0.0,9.881357982521877e-06,0.0,0.00010535658657317981,0.0,1.194247215607902e-05,2.2850485947856214e-07,2.991965573073685e-07,1.366340529784793e-05,0.0,0.0,2.931531980721047e-06,1.0667818969523069e-05,8.690066124472651e-07,1.9609069568105042e-05,0.0,1.75791205947462e-06,9.920307093125302e-06,2.4432834834442474e-05,1.6824712929519592e-06,1.2607377357198857e-05,1.4928446034900844e-05,0.00022225035354495049,0.0003306138969492167,9.843108728091465e-07,0.0,0.0,5.6405152548677506e-08,0.0,2.71736144696888e-08,2.1409192640930996e-07,0.0,2.9395025194389746e-05,3.713473461175454e-06,1.6185627828235738e-05,9.329752259645829e-08,4.5147309720050544e-05,1.462223008275032e-05,9.076208698388655e-06,0.0,0.0,7.721889119238767e-07,0.0,0.0,0.0,0.0,2.8453780487325275e-07,9.013922863232438e-06,0.0,0.0,1.5078455817274516e-07,1.1325895599156866e-07,0.0,0.00022635141795035452,3.6989927139075007e-06,0.00011309676483506337,0.0,0.0,2.6688641810324043e-05,1.188381702377228e-05,0.0,2.8529694873213884e-07,0.0,4.509251084527932e-06,7.381488103419542e-05,0.0,0.0,0.00014774914598092437,4.627383532351814e-05,1.4070520819586818e-06,8.30713634059066e-06,7.5472235039342195e-06,3.475865378277376e-05,1.9385045391118183e-07,1.7131735148723237e-05,1.4025436939846259e-05,0.0,0.0,2.630296876304783e-06,1.509220601292327e-05,1.8698048052101512e-06,1.299644054597593e-06,1.2238766657901579e-06,6.059997303964337e-06
200810,1.9746583348023705e-05,0.0,0.0,8.837953646434471e-05,8.921992957766633e-06,7.470710261259228e-05,4.114404873689637e-06,1.5084054894032306e-06,9.195988241117448e-06,5.356051133276196e-06,0.0,0.0,8.345012247445993e-06,7.093099725352658e-07,1.8056035742120002e-06,6.505016244773287e-06,1.379889636154985e-05,3.967403245042078e-06,0.0,4.5381839299807325e-06,0.0,0.0,0.0,0.0,2.0453405795706203e-06,2.1817479591845768e-06,0.0,0.0,0.0,0.0,9.891054105537478e-06,0.0,0.00010553036554483697,0.0,7.3542069003451616e-06,0.0,0.0,1.839293872762937e-05,1.0860510712973337e-07,0.0,2.84275529338629e-06,1.340678682026919e-05,2.0652234411500103e-07,2.0162064174655825e-05,0.0,1.5543032532150391e-06,1.6126043192343786e-05,2.6022718884632923e-05,2.9858665584470145e-06,1.1451042155385949e-05,1.6212836271733977e-05,0.00030513995443470776,0.00033316199551336467,4.771807766701386e-07,0.0,0.0,0.0,0.0,0.0,2.7953669246016943e-07,0.0,2.3005877665127628e-05,5.253578819974791e-06,1.4016894965607207e-05,1.5506606132476008e-07,4.4074422476114705e-05,1.4735188415215816e-05,5.825154403282795e-06,0.0,5.091560240089166e-08,1.7943448256119154e-06,0.0,0.0,0.0,0.0,3.93748280202999e-07,2.045464498223737e-05,0.0,0.0,4.4721343783749035e-07,5.454114102576568e-07,0.0,0.00021284441754687577,4.433788490132429e-06,0.00013470579870045185,2.2445094600698212e-06,0.0,1.755067023623269e-05,3.0209262149583083e-06,1.4530418468439166e-07,1.1771795271897645e-07,0.0,4.096252723684302e-06,6.351091724354774e-05,1.049122033691674e-07,0.0,0.0001454303419450298,4.37549279013183e-05,0.0,9.994270840252284e-06,1.0478071089892182e-05,3.910199666279368e-05,3.8555263870421186e-08,1.479196271247929e-05,1.9831226381938905e-05,0.0,0.0,2.867455350497039e-06,2.37232288782252e-05,7.905342158665007e-07,2.0318582301115384e-06,1.3175766753192875e-06,2.119993723681546e-06
200811,2.1350466340663843e-05,1.8141544444461033e-07,0.0,0.00010593349725240842,1.3674064575752709e-05,8.750538836466148e-05,9.397002031619195e-06,5.083340511191636e-06,8.802912816463504e-06,3.5416708215052495e-06,0.0,0.0,9.5089390015346e-06,4.5002121851211996e-07,1.354733853986545e-06,9.625987331673969e-06,7.804966116964351e-06,3.868389285344165e-06,0.0,1.0924821935986984e-06,8.040693444399949e-08,0.0,4.293835331736773e-08,0.0,1.3055130239081336e-06,1.7461170500610024e-06,0.0,0.0,0.0,0.0,1.9557817722670734e-05,0.0,0.00151123630348593,0.0,1.0762657439045142e-05,1.1271259836576064e-06,0.0,1.4596618711948395e-05,5.7657118190945766e-08,4.313510615361338e-08,1.0956410960716312e-06,8.79216895555146e-06,0.0,1.8947688658954576e-05,0.0,1.493225340709614e-06,2.7701844373950735e-05,3.332263440825045e-05,3.3813892059697537e-06,1.5407948012580164e-05,2.048807800747454e-05,0.000362563383532688,0.0003304945712443441,1.1533851420608698e-06,0.0,0.0,0.0,0.0,0.0,0.0,0.0,2.7541227609617636e-05,3.0589671951020136e-06,2.0399600543896668e-05,0.0,6.0362279327819124e-05,1.8673701561056077e-05,9.441116162633989e-06,0.0,0.0,2.822266367275006e-07,1.460880554304822e-07,0.0,1.87388152994572e-07,3.512323473842116e-06,5.190485126149724e-07,1.7552072677062824e-05,0.0,0.0,1.044837887320682e-07,0.0,3.652628208783426e-07,0.0002331084688194096,2.87474790638953e-06,0.0001480985665693879,0.0,0.0,2.157122435164638e-05,6.841155027359491e-06,4.91519301704102e-07,2.755031687229348e-07,0.0,8.298537977680098e-06,7.584146806038916e-05,0.0,0.0,0.00015040797006804496,3.5516310163075104e-05,3.9344169522337324e-07,1.4159702004690189e-05,5.245061856840039e-06,2.4520042643416673e-05,5.2827150653911303e-08,8.594947757956106e-06,3.610742169257719e-06,0.0,6.061344492991338e-08,1.233754716167823e-07,2.6468867872608826e-05,0.0,1.0970569519486162e-06,8.848430184116296e-07,1.6152032458194299e-06
200812,2.067705281660892e-05,0.0,0.0,8.321245695697144e-05,1.3217653759056702e-05,5.807201159768738e-05,6.049396233720472e-06,2.946953372884309e-06,1.166454421763774e-05,4.426871782925446e-06,7.050265935504285e-07,0.0,1.5953912225086242e-05,8.073845378930855e-07,6.11820070162139e-08,1.2379828149278183e-05,1.5831710697966628e-05,2.605115696496796e-06,0.0,5.4730894589738455e-06,5.5595837267219395e-08,7.593062605337764e-07,0.0,0.0,8.917068328173627e-08,5.294016318657668e-06,0.0,0.0,0.0,0.0,1.730626536300406e-05,0.0,0.0011337836040183902,0.0,1.2626958778128028e-05,1.1560291568457615e-06,1.1552040746209968e-07,9.245964065485168e-06,0.0,0.0,3.5060043046541978e-06,0.0,3.3879055649777e-07,2.030070754699409e-05,5.536304570341599e-07,1.8082506585415103e-06,2.4186490918509662e-05,3.263209873693995e-05,1.1188590178790037e-06,1.464629440306453e-05,2.614408549561631e-05,0.00038726982893422246,0.0002864138223230839,1.431019541087153e-06,0.0,0.0,0.0,0.0,0.0,0.0,0.0,4.7729918151162565e-05,6.462047622335376e-06,9.010247595142573e-06,0.0,6.264385592658073e-05,3.1062503694556653e-05,1.713538949843496e-05,4.8119036364369094e-06,0.0,9.008878976146661e-08,0.0,0.0,0.0,4.796579560206737e-07,0.0,2.0303123164922e-05,0.0,0.0,1.1951415501698648e-07,1.967514009493243e-07,0.0,0.00022704259026795626,1.3662055380336824e-06,0.00017327434034086764,0.0,0.0,8.859085937729105e-06,9.592406968295109e-06,0.0,0.0,0.0,4.265072220732691e-06,0.00010480861237738281,0.0,3.3387775033588696e-07,0.00016328725905623287,3.1124898669077083e-05,4.944781153426447e-07,4.563489346764982e-05,1.4204462104316917e-06,2.716610651987139e-05,0.0,1.154626443167217e-05,3.464888777671149e-06,0.0,0.0,2.670122285053367e-06,5.013173722545616e-05,1.321733748227416e-06,1.0665171430446208e-06,6.711084665766975e-07,3.180789690304664e-06
200901,0.0006109200185164809,0.0,0.0,0.0017951192567124963,0.0019473122665658593,0.000406345643568784,0.00019634526688605547,4.569816610455746e-06,0.00013893190771341324,0.00011837412603199482,8.145319588948041e-05,9.338405106973369e-06,0.0004918067716062069,3.4185737604275346e-05,0.00020414497703313828,0.0006738539086654782,0.0010721496073529124,0.0002622132597025484,0.0,7.522651139879599e-05,8.243611955549568e-05,0.00014385173562914133,7.868074135330971e-06,1.122828234656481e-05,0.0003634497697930783,6.788950850022957e-05,1.7773443232727004e-06,0.0002173565881093964,0.0,0.0,0.0003240760415792465,0.00031552871223539114,0.015577038750052452,0.0,0.00038624805165454745,0.0,0.0,0.000727784528862685,5.503649663296528e-05,0.0001854689180618152,0.0007791538373567164,0.00026933473418466747,0.0006183194345794618,0.00031105350353755057,0.0,0.00016904591757338494,0.0004947796114720404,0.00038839023909531534,0.0006990241818130016,0.0005602232995443046,0.00024532622774131596,0.0028340097051113844,0.003900839015841484,8.695212454767898e-05,0.0,7.193091732915491e-05,5.12936785526108e-05,1.4676093087473419e-05,0.0,7.56540930524352e-06,1.997373828999116e-06,0.0004257053369656205,0.00011723839270416647,0.0006387426983565092,4.3062482291134074e-06,0.0007147690048441291,0.0007688078912906349,0.0005260783946141601,0.00042621284956112504,3.078728695982136e-05,0.0013845108915120363,0.00031792817753739655,1.6623682313365862e-05,2.2899594114278443e-05,0.00011479413660708815,0.0001027809630613774,0.0006058973376639187,3.1185129046207294e-05,0.0,2.9138966056052595e-05,4.630312560038874e-06,1.257637359231012e-05,0.0020403850357979536,0.00036605593049898744,0.001985841663554311,2.632794166856911e-05,0.0,0.001117380685172975,0.00021206091332715005,1.603850796527695e-05,2.818033863150049e-05,3.77404285245575e-05,0.0002224919735454023,0.0023061127867549658,0.00021088565699756145,1.295252423005877e-05,0.0015552249969914556,0.0007011415436863899,1.4600686881749425e-05,0.0017330716364085674,0.0001172370757558383,0.0008935171645134687,0.0005493081989698112,0.0013646123697981238,0.00011470416939118877,0.0,0.0,6.840961577836424e-05,0.001599525916390121,0.00011945553706027567,5.769326162408106e-05,3.689279765239917e-05,2.7718402634491213e-05
200902,0.0006100431201048195,2.1838054635736626e-06,0.0,0.0018350901082158089,0.0019702943973243237,0.000206907294341363,0.0002067948371404782,6.256264168769121e-05,0.00025982203078456223,7.534180622315034e-05,0.00011616363190114498,1.8346037222727318e-06,0.0005468358285725117,4.8149820941034704e-05,0.00020753106218762696,0.0003904083860106766,0.0008897286024875939,0.0002677891170606017,0.0,9.276653872802854e-05,7.63044590712525e-05,0.00010549551370786503,4.725570306618465e-06,0.0,0.00044314839760772884,0.00013401158503256738,0.0,0.00026284437626600266,1.822788362915162e-06,0.0,0.00026693890686146915,0.00017750902043189853,0.015294120647013187,0.0,0.0004228867474012077,3.721540906553855e-06,0.0,0.0007049674168229103,9.782466804608703e-05,0.00015070529479999095,0.0007125920383259654,0.00020369178673718125,0.0007546248962171376,0.00022570969304069877,2.012728145928122e-06,0.00021523478790186346,0.00030682471697218716,0.0003853350062854588,0.0006088727968744934,0.0005130294011905789,0.00019203720148652792,0.002811732003465295,0.00421570148319006,0.00012829092156607658,0.0,6.80051525705494e-05,5.169405267224647e-05,9.090725143323652e-06,8.174200957000721e-06,0.0,0.0,0.0002710000262595713,9.590953413862735e-05,0.0008184713660739362,6.095466233091429e-06,0.000861440843436867,0.0006835698150098324,0.0006328097078949213,0.0004384621570352465,3.965712676290423e-05,0.0012622647918760777,0.0004795284476131201,0.0,4.905181776848622e-05,0.00014988111797720194,9.217637125402689e-05,0.0007134771440178156,4.630796865967568e-06,1.6130588846863247e-05,2.2876049570186296e-06,0.0,1.74958877323661e-05,0.002253660699352622,0.00036843103589490056,0.0019682738929986954,1.1090859516116325e-05,2.691071313165594e-05,0.0011167684569954872,0.0003764151188079268,1.596405854797922e-05,2.6562802304397337e-05,4.97953369631432e-05,0.00021751901658717543,0.002467774087563157,0.00036721565993502736,9.728865734359715e-06,0.0018055321415886283,0.0004246041353326291,6.033802947058575e-06,0.0017355205491185188,6.157069583423436e-05,0.0008820682414807379,0.0006255842745304108,0.0012233576271682978,0.0001491615257691592,2.726420007093111e-06,2.0041977677465184e-06,4.251171776559204e-05,0.0013523187953978777,4.002019340987317e-05,3.926454883185215e-05,8.067338785622269e-05,8.384596731048077e-05
200903,0.0004022258799523115,1.8435055608279072e-05,0.0,0.0018410091288387775,0.0018417115788906813,0.0006044192123226821,0.00016505630628671497,1.5694771718699485e-05,0.0001781107857823372,9.343000419903547e-05,5.8819154219236225e-05,3.286404080427019e-06,0.000618968449998647,1.7862892491393723e-05,0.0001427932147635147,0.0003097358567174524,0.0012654510792344809,0.00011241087486268952,0.0,4.664567677536979e-05,8.958727266872302e-05,0.00015501127927564085,4.413990154716885e-06,1.6805696532173897e-06,0.0004313765384722501,0.0001218001198139973,0.0,0.0003521798935253173,0.0,4.829370936931809e-06,0.00020123006834182888,0.0004232509236317128,0.001620897208340466,6.692198439850472e-06,0.00032480928348377347,5.168476855033077e-05,0.0,0.0008433617185801268,3.0244984372984618e-05,0.00012498862633947283,0.0006640268838964403,0.0002829880395438522,0.0007119341753423214,0.00035992509219795465,0.0,0.00017182303417939693,0.00023674908152315766,0.0004953202442266047,0.0008871547761373222,0.000517027685418725,0.0003864905156660825,0.0031543683726340532,0.003022977616637945,0.00011209250806132331,0.0,5.417317879619077e-05,4.007184543297626e-05,0.0,0.0,0.0,3.009311512869317e-06,0.00025922805070877075,0.00016385471099056304,0.0007558509241789579,4.492550579016097e-05,0.0008126550237648189,0.0007599826785735786,0.0007118069916032255,0.0004546546551864594,3.326706064399332e-05,0.0013225669972598553,0.0005097056273370981,0.0,4.926545807393268e-05,8.784828241914511e-05,0.00017610526992939413,0.0004888544790446758,2.868860428861808e-05,5.67307597520994e-06,7.703305163886398e-05,0.0,1.3834026503900532e-05,0.0019452316919341683,0.0002942185674328357,0.0020590706262737513,0.0,5.2935706662537996e-06,0.0008378652855753899,0.0003775896329898387,3.205872781109065e-05,3.3375381462974474e-05,4.11160071962513e-05,0.00027248365222476423,0.0022793919779360294,0.0003056769783142954,5.190369483898394e-05,0.0016805941704660654,0.0004212158964946866,2.229884103144286e-06,0.0017216387204825878,2.319225313840434e-05,0.0008710313704796135,0.0005687556695193052,0.0014988715993240476,0.00011659211304504424,1.4424821529246401e-05,6.796215075155487e-06,9.90272092167288e-05,0.0014467386063188314,4.477838228922337e-05,0.00010224323341390118,6.60055156913586e-05,2.873448647733312e-05
200904,0.0006129674147814512,0.0,4.4990279093326535e-06,0.0035210365895181894,0.001936485874466598,0.0004864936345256865,0.00011569766502361745,2.3943777705426328e-05,0.00014618875866290182,9.424355084775016e-05,0.00014335400192067027,2.785112656056299e-06,0.0005414063925854862,7.025506783975288e-05,0.0002169013168895617,0.00029317918233573437,0.0011828955030068755,0.0001387748634442687,0.0,2.2607584924116964e-06,6.651623698417097e-05,0.00021377233497332782,2.377543523834902e-06,1.6312875459334464e-06,0.00039220863254740834,9.708262223284692e-05,2.7697765290213283e-06,0.00042976721306331456,0.0,0.0,9.136999869951978e-05,0.0005995308747515082,0.015851784497499466,7.144952633098001e-06,0.00013782230962533504,7.068454578984529e-05,0.0,0.0006470863590948284,4.607002483680844e-05,0.0001573411573190242,0.0005618378636427224,0.00021889021445531398,0.0005309089319780469,0.0004051748546771705,7.364557859546039e-06,0.00014285830548033118,0.00023256413987837732,0.0005466028233058751,0.0006636452162638307,0.0006239365902729332,0.0002229326928500086,0.0033668018877506256,0.0031012415420264006,9.905689512379467e-05,0.0,0.00010905531962634996,3.352282146806829e-05,0.0,8.20978925730742e-07,2.577377927082125e-06,0.0,0.0004758348222821951,0.00018398885731585324,0.000723950972314924,0.0,0.0009266000706702471,0.0009052447858266532,0.0004799135494977236,0.0002871050382964313,1.3005082109884825e-05,0.001341331866569817,0.0004364828928373754,1.5220882232824806e-05,4.659035039367154e-05,4.793520565726794e-05,1.816172880353406e-05,0.0004991277819499373,3.634388485806994e-05,1.368439188809134e-05,5.192889875615947e-05,0.0,0.0,0.0020198349375277758,0.0003593301516957581,0.001882521784864366,0.0,1.6804222468636e-05,0.0011073629138991237,0.00037713185884058475,1.9819401131826453e-05,6.732717338309158e-06,4.947272827848792e-05,2.5760638891370036e-05,0.002296110847964883,0.00041955974302254617,5.953893196419813e-05,0.0017460378585383296,0.0007887271931394935,3.932293111574836e-05,0.0018334006890654564,0.00010354643018217757,0.0008851127931848168,0.0004808858793694526,0.001739567145705223,0.00014321878552436829,1.6256475646514446e-05,0.0,0.00012278370559215546,0.001321913325227797,8.787272236077115e-05,6.30715221632272e-05,5.2969618991483e-05,4.439663825905882e-05
200905,0.0004271569778211415,0.0,2.3251961465575732e-05,0.001658682944253087,0.001977328909561038,0.00038219476118683815,0.00012082653120160103,9.396720088261645e-06,0.00015835864178370684,0.00014206585183274,0.000147073034895584,2.7092411983176135e-05,0.0005582597223110497,1.9076413082075305e-05,0.00018985557835549116,0.0002629425434861332,0.0009245288092643023,0.00015445867029484361,4.076461664226372e-06,3.8121484976727515e-05,4.812253246200271e-05,0.00019305790192447603,1.2127331501687877e-05,2.144051450159168e-06,0.00034437645808793604,4.938302663504146e-05,0.0,0.0003914112166967243,3.6869300856778864e-06,2.0744450921483804e-06,0.00016895249427761883,3.2445910619571805e-05,0.01529200654476881,5.5729219639033545e-06,0.0002564814640209079,3.0993362543085823e-06,0.0,0.000728798913769424,6.48698114673607e-05,0.00015627284301444888,0.0005996066029183567,0.00018234888557344675,0.000930476060602814,0.0005620246520265937,0.0,0.00011099880066467449,0.00023729127133265138,0.00041278672870248556,0.0007402171031571925,0.0007103507523424923,0.0002307203394593671,0.0034057500306516886,0.003258355427533388,5.3720104915555567e-05,0.0,0.00011322015052428469,6.5724848354875576e-06,1.2835462257498875e-05,0.0,1.0527935046411585e-05,0.0,0.0002710095141083002,8.422300015809014e-05,0.0007463197107426822,5.867139407200739e-06,0.0010009623365476727,0.0007260870770551264,0.0006460938020609319,0.00030925340251997113,4.859273030888289e-05,0.0013414554996415973,0.00042636593570932746,2.981257011924754e-06,7.762038876535371e-05,8.105641609290615e-05,0.00011707268276950344,0.0006894325488246977,7.148657459765673e-05,0.0,6.330277392407879e-05,0.0,0.0,0.0020045621786266565,0.00031680174288339913,0.001952393795363605,7.419502253469545e-06,1.649716796237044e-05,0.0009525685454718769,0.00023904845875222236,0.0,1.0671745258150622e-05,3.665606527647469e-06,0.00014784184168092906,0.00226505845785141,0.000441202602814883,9.867633343674242e-05,0.0016246961895376444,0.0010058116167783737,4.790734692505794e-06,0.00163942517247051,4.0768729377305135e-05,0.0009862561710178852,0.0005586210754700005,0.0017213185783475637,0.00022534833988174796,2.608851355034858e-05,0.0,9.245707042282447e-05,0.0012985587818548083,6.580886110896245e-05,4.719192293123342e-05,5.036918446421623e-05,0.00012801271805074066
200906,0.0004498380876611918,7.117688710422954e-06,0.0,0.00488455081358552,0.0017915746429935098,0.00041808944661170244,0.00012070624507032335,6.226042751222849e-05,0.00018372452177572995,0.00016114927711896598,0.00016650266479700804,6.400676284101792e-06,0.0007918416522443295,2.4324661353603005e-05,0.00024518431746400893,0.0006425639730878174,0.000886657158844173,0.00011561799328774214,0.0,6.694786134175956e-05,0.0,0.00021973747061565518,6.322872195596574e-06,1.0620638931868598e-05,0.00040503821219317615,5.04496056237258e-05,0.0,0.00044983922271057963,3.886404556396883e-06,0.0,9.334586502518505e-05,0.00018271499720867723,0.00160041858907789,6.4501105043746065e-06,0.0002753753506112844,3.4443135518813506e-05,1.5455956372534274e-06,0.0007637421949766576,8.426539716310799e-05,0.0001322335738223046,0.0006252178573049605,0.00019453845743555576,0.0006858527194708586,0.0005505759618245065,0.0,2.005762144108303e-05,0.00047160618123598397,0.00033416104270145297,0.0006326822913251817,0.0006566609954461455,0.0003068415680900216,0.003243994666263461,0.003594793379306793,4.535679909167811e-05,0.0,6.734597263857722e-05,3.723409099620767e-05,1.4553917026205454e-05,0.0,6.29099804427824e-06,0.0,0.0002719430485740304,0.00013184011913836002,0.0008081215783022344,8.410562259086873e-06,0.0008488360326737165,0.000802369206212461,0.0005081106792204082,0.00035744241904467344,3.5396435123402625e-05,0.0013359211152419448,0.0002048352762358263,4.536511369224172e-06,7.086939149303362e-05,4.018512481707148e-05,0.0006541090551763773,0.0005939884576946497,4.7150947466434445e-06,8.132828952511773e-06,9.40332975005731e-05,4.681069549405947e-05,7.407265002257191e-06,0.0019874523859471083,0.0003154225123580545,0.001907921046949923,9.655595931690186e-06,2.530934762035031e-05,0.001241931226104498,0.00023856597545091063,2.4610208129161038e-05,1.2908622920804191e-05,2.302250550201279e-06,0.00018291332526132464,0.0021839982364326715,0.00035556909278966486,5.048383172834292e-05,0.0016551581211388111,0.0010602637194097042,0.0,0.0017525990260764956,3.750437463168055e-05,0.0007471963763237,0.0005625446210615337,0.0015163731295615435,0.00022194319171831012,1.1018749319191556e-05,0.0,0.00010894143633777276,0.00148900062777102,7.084443495841697e-05,2.9037828426226042e-05,9.361667252960615e-06,0.00011448688746895641
200907,0.00036712654400616884,7.6128185355628375e-06,0.0,0.003789955284446478,0.001830977387726307,0.00024175479484256357,0.00021601594926323742,3.4366155887255445e-05,0.00016384887567255646,6.950332317501307e-05,6.582917558262125e-05,8.04470619186759e-06,0.00041966093704104424,7.39983152016066e-05,0.00013707412290386856,0.00020023596880491823,0.00099358637817204,7.282196020241827e-05,0.0,6.090826718718745e-05,3.125331932096742e-05,0.0002114878298016265,3.563473683243501e-06,1.2590201549755875e-05,0.0006079106242395937,6.482669414253905e-05,2.3592767774971435e-06,0.0004198331735096872,1.948820909092319e-06,1.2562413758132607e-05,0.00011679453018587083,0.00020894200133625418,0.0018219680059701204,1.0244911209156271e-05,0.0002536041138228029,2.8626893254113384e-05,0.0,0.0006537926965393126,8.390200673602521e-05,9.584762301528826e-05,0.0006367730675265193,0.0002124028542311862,0.0007340599549934268,0.0005073700449429452,0.0,9.397241956321523e-05,0.000384027895051986,0.0005438790540210903,0.0007671979255974293,0.00044588130549527705,0.0002955787058454007,0.004606726113706827,0.0034597415942698717,0.000145311641972512,0.0,0.00010030415432993323,7.348779763560742e-05,1.0496748473087791e-05,0.0,1.95668799278792e-05,0.0,0.00036090807407163084,0.00012190116103738546,0.0008107841713353992,0.0,0.0009763856651261449,0.0007618001545779407,0.0005520995473489165,0.00026575775700621307,1.4009587175678462e-05,0.0012338901869952679,0.0003114138380624354,0.0,4.1805913497228175e-05,5.289038199407514e-06,0.00041881451033987105,0.0006533097475767136,7.92886294220807e-06,2.100028177665081e-05,6.901864253450185e-05,0.0,0.0,0.001861267606727779,0.0001952233724296093,0.002039333339780569,0.0,1.8701482986216433e-05,0.0010644550202414393,0.0002007132861763239,2.4457996914861724e-05,3.689771256176755e-05,0.0,7.144459232222289e-05,0.002584315836429596,0.00037751905620098114,6.49347566650249e-05,0.0015445930184796453,0.0007971982704475522,6.652569481957471e-07,0.0015570736723020673,2.795088767015841e-05,0.000893379095941782,0.0005179702420718968,0.0019204224226996303,0.0002074588555842638,3.0436399356403854e-06,0.0,0.00010403198393760249,0.0014255179557949305,8.230602543335408e-05,5.934020737186074e-05,5.44524154975079e-05,9.484063048148528e-05
200908,0.0003891874512191862,1.5224966773530468e-05,2.6336181235819822e-06,0.002798602683469653,0.0016814656555652618,0.00027629005489870906,9.430885984329507e-05,6.0885118728037924e-05,0.00017033844778779894,0.00019292176875751466,3.7035966670373455e-05,3.134224607492797e-05,0.0006271578604355454,1.6663783526382758e-06,0.00019801223243121058,0.0004958770587109029,0.000996045651845634,0.00011262142652412876,0.0,1.9794881154666655e-05,2.9669288778677583e-05,0.00013957716873846948,0.0,1.9572939891077112e-06,0.0006329545867629349,7.46131336200051e-05,0.0,0.00030041535501368344,4.0825470932759345e-06,1.9487169993226416e-06,0.00037523472565226257,1.4291097613750026e-05,0.0018573233392089605,0.0,0.00017886137356981635,0.0001976405328605324,0.0,0.0007621650001965463,9.386352030560374e-05,0.00011138706031488255,0.000646861910354346,0.0002425481507088989,0.0006790221086703241,0.0005208564107306302,0.0,4.11321634601336e-05,0.0003542449849192053,0.0006432771915569901,0.0006202941876836121,0.0006329909083433449,0.0002010472526308149,0.0032379578333348036,0.0035106721334159374,3.812817158177495e-05,2.583691275503952e-05,0.00011565091699594632,2.0331797713879496e-05,1.209905713039916e-05,1.0528072380111553e-05,3.640175009422819e-06,0.0,6.676092016277835e-05,9.519368904875591e-05,0.0006589184631593525,9.896871051751077e-05,0.0008199918665923178,0.0009970114333555102,0.000559151463676244,0.00035944179398939013,7.651303167222068e-05,0.001333103864453733,0.00041007361141964793,0.0,0.00011131563951494172,5.3305870096664876e-05,0.0002548095944803208,0.0005199678125791252,9.314366252510808e-06,2.241208312625531e-05,4.386111322673969e-05,0.0,1.7607007976039313e-05,0.0017897260840982199,0.0004110225709155202,0.0018897983245551586,7.393688520096475e-06,3.218129131710157e-05,0.0013486630050465465,0.00019806563796009868,8.97728114068741e-06,8.156156582117546e-06,0.00011698433081619442,0.00019411795074120164,0.0024248133413493633,0.00032892890158109367,2.7887146643479355e-05,0.0016099367057904601,0.0009699222282506526,8.977703691925853e-05,0.0014863999094814062,3.3447257010266185e-05,0.0007388765807263553,0.00044735826668329537,0.001641995389945805,0.0002523741568438709,5.424273240350885e-06,0.0,0.00013965490506961942,0.0012620589695870876,9.78568714344874e-05,2.5911764168995433e-05,0.0001715796533972025,7.186071161413565e-05
200909,0.00033255101880058646,0.0,1.9298429378977744e-06,0.0023790805134922266,0.0017029428854584694,0.0005232900730334222,0.00021793109772261232,6.649793067481369e-05,0.0001256211835425347,5.655148925143294e-05,5.3130857850192115e-05,0.0,0.0006761913537047803,0.0,0.00017390107677783817,0.0006191162974573672,0.0008659409359097481,0.00019963974773418158,4.088192326889839e-06,0.00010105445835506544,0.0001344970951322466,0.00013944784586783499,1.9845138012897223e-05,6.126514563220553e-06,0.0007780921296216547,7.935652683954686e-05,0.0,3.108800228801556e-06,1.3970543477626052e-06,0.0,0.00022408048971556127,1.607794183655642e-05,0.0020852521993219852,2.313076720383833e-06,0.0002574725658632815,0.00010469972767168656,0.0,0.0005994546809233725,3.409681812627241e-05,0.0,0.0005942456191405654,0.0001996307837544009,0.0005042653065174818,0.0005287175299599767,0.0,0.00015097401046659797,0.0005059346440248191,0.00043861952144652605,0.0006129826651886106,0.0006840189453214407,0.00019477248133625835,0.0036689897533506155,0.0036745667457580566,6.922760076122358e-05,0.0,0.0001582778204465285,4.293948950362392e-05,2.3471578970202245e-05,0.0,6.5883459683391266e-06,0.0,0.00010184421989833936,0.0001461697102058679,0.000595954479649663,0.00010077335173264146,0.0009866914479061961,0.0007110689766705036,0.0005108706536702812,0.0004358223231974989,6.766797014279291e-05,0.0013195242499932647,0.0004855669103562832,0.0,4.094152609468438e-05,6.694782496197149e-05,5.633403270621784e-05,0.000652753806207329,3.856409603031352e-05,7.910407475719694e-06,8.213347609853372e-05,0.0,0.0,0.0017540116095915437,0.00039182609179988503,0.001703888294287026,4.1269017856393475e-06,2.301891436218284e-05,0.0010605015559121966,0.000188356134458445,2.8684435164905153e-05,9.335846698377281e-06,4.0735729271546006e-05,0.0003045835474040359,0.0020329118706285954,0.00020744261564686894,1.3864089851267636e-05,0.0015939070144668221,0.0020507448352873325,3.843952072202228e-06,0.0014127659378573298,4.090607035323046e-05,0.0008853325271047652,0.0005506310844793916,0.0015997588634490967,0.0002304344525327906,0.0,0.0,6.73600661684759e-05,0.001313981250859797,6.084922642912716e-05,4.943063686368987e-06,9.12730538402684e-05,9.483291069045663e-05
200910,0.00029065541457384825,3.0263490771176293e-06,1.900881943583954e-05,0.0021631703712046146,0.0018232706934213638,0.0004802767070941627,0.00032576252124272287,3.021820702997502e-05,0.00014729351096320897,7.148887380026281e-05,1.9114888345939107e-05,1.0906043826253153e-05,0.000742159434594214,6.423459853976965e-05,0.0002338887279620394,0.0012716201599687338,0.0008906236034817994,7.395341526716948e-05,4.18790796175017e-06,3.8215403037611395e-05,8.582490409025922e-05,0.00018461389117874205,5.3541671150014736e-06,5.518309649232833e-07,0.0008124680025503039,7.267894397955388e-05,0.0,7.094682132446906e-06,1.2448385859897826e-06,3.3424378216295736e-06,0.0002611771342344582,4.251267819199711e-05,0.0019333247328177094,4.818955858354457e-06,0.00020433240570127964,1.3714224223804194e-05,0.0,0.0006127796950750053,5.95237834204454e-05,2.0681140085798688e-05,0.00047890597488731146,0.00027375700301490724,0.00022003821504767984,0.0005387870478443801,1.1296634738755529e-06,0.0001890867861220613,0.0004084962129127234,0.0005336112226359546,0.000691384426318109,0.0008248730446211994,0.00019995466573163867,0.003091825172305107,0.0036871512420475483,0.00010920372005784884,6.4227060647681355e-06,0.00011389898281777278,5.3209627367323264e-05,4.041313786729006e-06,1.777026341187593e-06,0.0,0.0,0.00027998717268928885,0.0001700661814538762,0.0007400096510536969,0.00015375594375655055,0.0008604726172052324,0.0007846521912142634,0.000495061045512557,0.000568090588785708,5.4538282711291686e-05,0.0013635942013934255,0.0004319242434576154,0.0,0.00012962534674443305,2.075199518003501e-05,2.2539848941960372e-05,0.0006437429110519588,9.62458216235973e-05,1.2270696970517747e-05,1.0533099157328252e-05,0.0,1.099294240702875e-05,0.0016465728404000401,0.000301631836919114,0.0016862942138686776,2.0405805116752163e-05,0.0,0.0011064595310017467,0.00023301903274841607,6.79873046465218e-05,1.750269439071417e-05,0.0,0.0005509252077899873,0.0019494126318022609,0.00040037743747234344,2.9189823180786334e-05,0.0016102682566270232,0.00463856989517808,0.0,0.0012874678941443563,3.571262277546339e-05,0.0011185728944838047,0.0004608658782672137,0.001304221455939114,0.00022487631940748543,0.0,0.0,3.4052744013024494e-05,0.0009892818052321672,6.235193723114207e-05,4.608718154486269e-05,4.7538265789626166e-05,4.934244861942716e-05
200911,0.00023896722996141762,2.7580210826272378e-06,0.0,0.0022730983328074217,0.0016975010512396693,0.00040002050809562206,0.0004803312767762691,1.2729451555060223e-05,0.00010146071872441098,0.00018971947429236025,3.1385334295919165e-05,3.055557681364007e-05,0.0005369544378481805,2.904938446590677e-05,0.00029491656459867954,0.0005245641223154962,0.0008449248853139579,8.623870962765068e-05,0.0,7.265472959261388e-06,5.1326707762200385e-05,5.864259946974926e-05,6.347205271595158e-06,5.754264293500455e-06,0.0006486900383606553,2.9542359698098153e-05,5.572752343141474e-06,2.36982468777569e-05,1.6801275251054903e-06,0.0,8.51841177791357e-05,3.4574470191728324e-05,0.0021571507677435875,3.4156223591708113e-06,0.0005566035979427397,2.659565507201478e-05,0.0,0.0006452888483181596,9.863515879260376e-05,2.2043346689315513e-05,0.0004765849153045565,0.00014130643103271723,0.0006723859696649015,0.0005663757328875363,0.0,0.0001088442950276658,0.00030596237047575414,0.0005040756659582257,0.0007742286543361843,0.0006980031030252576,0.00020345865050330758,0.0030122241005301476,0.0035778696183115244,5.72972021473106e-05,7.0355240495700855e-06,0.00014176455442793667,1.4858970644127112e-05,0.0,6.5567801357246935e-06,5.339545623428421e-06,5.33794946022681e-06,6.573125574504957e-05,8.49719435791485e-05,0.0009632467408664525,0.0001202970597660169,0.0012876675464212894,0.00043291650945320725,0.0008407522109337151,0.0005067416932433844,1.4753586583537981e-05,0.0013074575690552592,0.00042602114262990654,0.0,9.320376557298005e-05,0.00010844957432709634,2.3913280529086478e-05,0.0007198175881057978,2.873190533136949e-05,2.2185276975505985e-06,8.812525629764423e-05,0.0,6.504689736175351e-06,0.0018866094760596752,0.0002721734344959259,0.0014405661495402455,7.721557267359458e-06,0.0,0.0011675759451463819,0.00018707025446929038,1.4786431165703107e-05,2.349689793845755e-06,4.964924664818682e-05,0.00033234304282814264,0.001965706469491124,0.00021110112720634788,1.1883830666192807e-05,0.0016879703616723418,0.004514279775321484,2.4742839741520584e-05,0.001428447780199349,1.3373682122619357e-05,0.0011752515565603971,0.0004519819631241262,0.0016616402426734567,0.0001651430211495608,5.39115171704907e-06,0.0,3.465503687039018e-05,0.0010908980621024966,0.0001074784086085856,1.7184243915835395e-05,6.386741006281227e-05,6.233869498828426e-05
200912,0.0002574340905994177,6.458871212089434e-06,0.0,0.002091681119054556,0.001663315575569868,0.0005362191004678607,0.0003831884532701224,5.64419970032759e-05,0.00020177857368253171,0.00014954748621676117,2.6960975446854718e-05,5.837087428517407e-06,0.00081104930723086,0.00010581484821159393,0.00024201151973102242,0.0008113912772387266,0.0008177166455425322,5.703599163098261e-05,0.0,9.786640293896198e-05,0.00012575321306940168,8.457098010694608e-05,7.0496384978468996e-06,0.0,0.00050766282947734,5.441340908873826e-05,1.6243863001363934e-06,2.6760339096654207e-05,0.0,2.2957938199397177e-06,5.774821329396218e-05,7.12761320755817e-05,0.0018783962586894631,3.618951041062246e-06,0.00042578732245601714,5.234334366832627e-06,2.805653366522165e-06,0.0006573874270543456,7.504032691940665e-05,5.091332786832936e-05,0.0005021424731239676,9.116744331549853e-05,0.002014271216467023,0.0006460192380473018,0.0,8.364005043404177e-05,0.00016410135140176862,0.0005829590954817832,0.0008352433214895427,0.0006304059643298388,0.0002848559233825654,0.0029635103419423103,0.004362519830465317,9.419616253580898e-05,0.0,0.00011711321712937206,1.4290681065176614e-05,4.0860282751964405e-05,1.4347258911584504e-05,6.599721928068902e-06,0.0,0.00040028925286605954,0.00012096946738893166,0.0007895134622231126,0.00012617507309187204,0.0009786848677322268,0.00045954936649650335,0.0006874976679682732,0.00041660454007796943,7.570285379188135e-05,0.0011802695225924253,0.0003591645509004593,9.382920325151645e-06,0.00013446134107653052,8.38400810607709e-05,4.2803018004633486e-05,0.0008225740166381001,1.2468161003198475e-05,0.0,1.3672170098288916e-05,0.0,6.335788839351153e-06,0.0019217927474528551,0.00020816407050006092,0.0017488263547420502,1.052706011250848e-05,2.237687658634968e-05,0.0011541078565642238,0.0001303772151004523,6.881068202346796e-06,2.3811049686628394e-05,9.925793710863218e-05,0.00019385926134418696,0.002075167139992118,0.00027760345255956054,1.2572253581311088e-05,0.001673722523264587,0.0026330561377108097,3.1919073535391362e-06,0.0013258151011541486,0.00010072461736854166,0.0009484319598414004,0.000608775473665446,0.001888018799945712,0.00013163898256607354,0.0,0.0,3.617590482463129e-05,0.001078159548342228,6.721516547258943e-05,2.0852265151916072e-05,0.00013661767297890037,3.9627644582651556e-05
201001,0.00022011117835063487,1.103942486224696e-05,7.5038137765659485e-06,0.0017120814882218838,0.001504744403064251,0.00032254960387945175,0.0002685298677533865,4.769001679960638e-05,0.00015715218614786863,9.480824519414455e-05,1.9322278603794985e-05,2.3122956918086857e-05,0.0005015183123759925,0.00018359279783908278,0.0002840466913767159,0.0002673159178812057,0.0007066017715260386,0.000155733447172679,3.3995229387073778e-06,5.474995487020351e-05,0.00010919541819021106,7.496454054489732e-05,1.3650335858983453e-05,3.067725174332736e-06,0.0007093154126778245,9.697931091068313e-05,7.678627298446372e-06,5.469148527481593e-05,2.7302671696816105e-06,9.21025093703065e-06,7.735782128293067e-05,4.293530946597457e-05,0.0021751022431999445,6.176576334837591e-06,0.0003094155981671065,3.77963442588225e-05,6.533972282340983e-06,0.0006072417600080371,5.430096643976867e-05,7.739055581623688e-05,0.0003967340162489563,0.00010423437197459862,0.0007617911323904991,0.0007093296153470874,1.1200622793694492e-06,0.00012321116810198873,0.0002520725247450173,0.00032709320657886565,0.0008706254884600639,0.000712070963345468,0.00032391006243415177,0.00260598654858768,0.0032577908132225275,5.9382735344115645e-05,5.38845370101626e-06,5.2907897043041885e-05,2.8933702196809463e-05,1.713044366624672e-05,2.5865417683235137e-06,6.945335371710826e-06,2.31683020501805e-06,0.0002329592389287427,0.00012596213491633534,0.0008102618739940226,5.6490538554498926e-05,0.0011671078391373158,0.0003764657594729215,0.0005260203033685684,0.0002569052157923579,4.793409971171059e-05,0.001109658507630229,0.00032308726804330945,1.1863578038173728e-05,2.9674203688045964e-05,5.5505828640889376e-05,3.4292803320568055e-05,0.0006459254072979093,4.88046498503536e-05,6.4013897826953325e-06,6.600464985240251e-05,5.467935807246249e-06,3.502264735288918e-05,0.0018441472202539444,0.0003455530677456409,0.0015742157120257616,2.1585423382930458e-05,2.693948226806242e-05,0.0010493688751012087,0.00013302417937666178,2.0029568986501545e-05,2.4294178729178384e-05,0.00012276928464416414,9.296873031416908e-05,0.001725522568449378,0.00022035290021449327,3.6650213587563485e-05,0.0013648909516632557,0.0022670147009193897,8.068347597145475e-06,0.001148262177594006,0.00012280882219783962,0.0008481807308271527,0.00031495417351834476,0.0015264804242178798,0.00015584401262458414,2.1115661184012424e-06,3.5726991427509347e-06,1.9990335204056464e-05,0.0010684934677556157,6.198665505507961e-05,0.00010262591240461916,7.553731120424345e-05,0.0002281384658999741
201002,0.00018063755123876035,8.745911145524587e-06,1.2453324416128453e-05,0.0017072678310796618,0.0015532870311290026,0.0003199170168954879,0.0002825806150212884,4.3059066229034215e-05,0.00015398002869915217,9.171142301056534e-05,3.57127319148276e-05,3.3322365197818726e-05,0.0006016747211106122,0.00013551076699513942,0.0002658127050381154,0.0002156636764993891,0.0006290603778325021,0.00012331620382610708,3.4731763207673794e-06,3.225852196919732e-05,9.44878556765616e-05,9.413092629984021e-05,8.63848163135117e-06,4.934654953103745e-06,0.0005434526829048991,8.256782166427001e-05,8.31959187053144e-06,5.238071389612742e-05,7.094414741004584e-06,3.1301301532948855e-06,0.00011576978431548923,4.2546133045107126e-05,0.001855582115240395,2.9573643587355036e-06,0.0003309626190457493,5.749260526499711e-05,7.486162871828128e-07,0.0006396608659997582,9.62187914410606e-05,5.736136154155247e-05,0.0003882056917063892,0.00014104375441092998,0.0006687758723273873,0.0008962571155279875,5.931218765908852e-06,8.992812217911705e-05,0.00026243977481499314,0.0003598961338866502,0.0006217714981175959,0.0007786587229929864,0.00040409225039184093,0.0033971869852393866,0.0036984144244343042,8.173134119715542e-05,1.0459097211423796e-05,5.454262645798735e-05,2.1880170606891625e-05,1.2269237231521402e-05,1.2132310075685382e-05,1.1083096069341991e-05,4.835812887904467e-06,0.0001815239229472354,0.00015808030730113387,0.0009700603550300002,0.00011656842980301008,0.0011411216109991074,0.0003045124758500606,0.0005579065764322877,0.00029094392084516585,6.182897050166503e-05,0.00104158790782094,0.00025207060389220715,2.799907815642655e-05,3.0018822144484147e-05,4.763816832564771e-05,2.3330372641794384e-05,0.0007319538854062557,3.949932215618901e-05,5.717050044040661e-06,0.0001198843601741828,2.276706072734669e-05,2.121317265846301e-05,0.0017968595493584871,0.00031402453896589577,0.0015092530520632863,3.2155265216715634e-05,1.0959944120259024e-05,0.0013184323906898499,0.00011770367564167827,2.154777030227706e-05,2.2814852854935452e-05,0.00017725059296935797,8.172110392479226e-05,0.001820818055421114,0.000246479146881029,6.458607822423801e-05,0.001478862832300365,0.002590441145002842,6.6451216298446525e-06,0.0010110967559739947,7.744183676550165e-05,0.0009915087139233947,0.0002930634072981775,0.0015912343515083194,0.00012050442455802113,8.668192094773985e-06,2.5557026219757972e-06,4.371439354144968e-05,0.0011579382698982954,6.112706614658237e-05,0.0001289068313781172,8.129722846206278e-05,0.00021830691548530012
201003,0.0002504728327039629,4.029526280646678e-06,1.8255863324156962e-05,0.0020611488725990057,0.0016179081285372376,0.0003041104937437922,0.00037658752989955246,4.011047349194996e-05,0.0002081145066767931,9.707237040856853e-05,2.268112621095497e-05,2.41791240114253e-05,0.0005474503268487751,0.00011364815873093903,0.00025668571470305324,0.0001852707500802353,0.0005920808762311935,0.00015820813132449985,4.2274473344150465e-06,5.216732824919745e-05,6.885564653202891e-05,5.82794746151194e-05,1.5912713934085332e-05,6.364163255057065e-06,0.0005621559685096145,0.00015773814811836928,1.3476503227138892e-05,7.756661216262728e-05,7.613981324539054e-06,3.201893605364603e-06,4.798853115062229e-05,1.6982448869384825e-05,0.0020658622961491346,7.393877694994444e-06,0.0003037829592358321,2.659790334291756e-05,6.272029168030713e-06,0.0006961923209019005,3.43136016454082e-05,5.073451393400319e-05,0.00033176850411109626,0.00014233389811124653,0.001531305373646319,0.0008087561000138521,1.1207738680241164e-05,6.907535862410441e-05,0.00035713138640858233,0.00034781344584189355,0.0004831533588003367,0.0007144047413021326,0.0002520858542993665,0.0026586612220853567,0.003763355314731598,2.772828156594187e-05,4.265326879249187e-06,9.305346611654386e-05,3.915353227057494e-05,1.8178276150138117e-05,1.0104839702762547e-06,1.0919797205133364e-05,6.507349553430686e-06,0.00025790755171328783,9.339082316728309e-05,0.001038530608639121,0.00010129146539838985,0.0011161555303260684,0.00032301575993187726,0.0004139475349802524,0.00028044753707945347,3.25570727000013e-05,0.001114201731979847,0.00027538734138943255,1.567404979141429e-05,2.5684414140414447e-05,5.949799742666073e-05,3.113861021120101e-05,0.0006510327220894396,5.88509974477347e-05,1.1851027920783963e-05,6.18745107203722e-05,4.801589057024103e-06,1.6501617210451514e-05,0.0018626099918037653,0.0002869101008400321,0.0016067161923274398,2.7267245968687348e-05,4.286882176529616e-05,0.00133282202295959,0.00011103870929218829,3.462510721874423e-05,1.9487461031530984e-05,0.00011280760372756049,6.376480450853705e-05,0.0020651137456297874,0.0002574529207777232,5.512902862392366e-05,0.0014873677864670753,0.0036902488209307194,7.353399269049987e-06,0.0010457884054630995,7.795632700435817e-05,0.0008667680667713284,0.00030504161259159446,0.0014267086517065763,0.00011480036482680589,6.3003999457578175e-06,2.891823442041641e-06,6.020630098646507e-05,0.0012483111349865794,5.428339500213042e-05,0.0001264731545234099,7.412579725496471e-05,0.00018619287584442645
201004,0.0002631670795381069,9.823255822993815e-06,1.3353260328585748e-05,0.001857316237874329,0.0016118978383019567,0.00039043286233209074,0.00021973812545184046,5.944267104496248e-05,0.00017490396567154676,0.00021968589862808585,1.700285793049261e-05,4.174115019850433e-05,0.000497376371640712,0.00012241331569384784,0.0001843712670961395,0.0002579855208750814,0.0006545241922140121,0.00016328375204466283,4.9067211875808425e-06,7.232997450046241e-05,2.8407001082086936e-05,5.820881779072806e-05,1.2783803867932875e-05,6.39533527646563e-06,0.0005803187959827483,0.00028195843333378434,5.787717782368418e-06,0.0001017589820548892,3.7569077449006727e-06,6.144176040834282e-06,7.728608761681244e-05,3.1997136829886585e-05,0.001663959352299571,4.3288582673994824e-06,0.00033438342506997287,2.1776100766146556e-05,1.1299391189822927e-05,0.000653108349069953,4.3253017793176696e-05,7.685158198000863e-05,0.00036281003849580884,0.00013092700100969523,0.0023457000497728586,0.0009355227812193334,1.4046459000383038e-05,5.164146932656877e-05,0.00043467603973113,0.00036062669823877513,0.0005404823459684849,0.0007721911533735693,0.0003382211143616587,0.0021921603474766016,0.0037956591695547104,4.525464464677498e-05,1.1255673598498106e-05,0.00011936275404877961,4.153323243372142e-05,2.1277684936649166e-05,2.4355219920835225e-06,1.3200081411923748e-05,3.6247172374714864e-06,0.0002819581131916493,9.327433508588001e-05,0.0008766526589170098,3.4585813409648836e-05,0.0009581013000570238,0.0002236508298665285,0.00024553629918955266,0.0002261559566250071,4.548647120827809e-05,0.0009712263126857579,0.0004107801942154765,6.140796358522493e-06,3.395606472622603e-05,6.278842192841694e-05,3.028021274076309e-05,0.0005896671791560948,8.177528798114508e-05,6.727828804287128e-06,3.775261575356126e-05,8.994857125799172e-06,2.2748215997125953e-05,0.0018882746808230877,0.00027291750302538276,0.001620801747776568,2.3678951038164087e-05,3.3198113669641316e-05,0.001031543593853712,0.00027856623637489974,2.930084701802116e-05,2.4000850316951983e-05,7.90962585597299e-05,0.0001221364946104586,0.0018864180892705917,0.0002395490009803325,4.493826781981625e-05,0.0013687429018318653,0.0009297109791077673,1.720079490041826e-05,0.0014432026073336601,6.109647802077234e-05,0.0007293779053725302,0.0003187997208442539,0.0015710414154455066,0.00014730285329278558,7.642554010089952e-06,3.8057698930060724e-06,2.92791683023097e-05,0.0011601747246459126,5.83432411076501e-05,7.961944356793538e-05,9.267793939216062e-05,0.0001428689283784479
201005,0.00021423811267595738,4.8793931455293205e-06,1.790331407391932e-05,0.002423551632091403,0.0016689780168235302,0.0003041527234017849,0.0001883110380731523,4.692296715802513e-05,0.0002108386834152043,0.0002510666090529412,2.119037162628956e-05,4.8288395191775635e-05,0.0003562853380572051,5.483083805302158e-05,0.00014014352927915752,0.0003143316716887057,0.0006397069082595408,0.00018678573542274535,6.008000582369277e-06,4.607550363289192e-05,5.460829197545536e-05,4.189613173366524e-05,1.7894151824293658e-05,4.5010829126113094e-06,0.00044782250188291073,0.00043127028038725257,9.409479389432818e-06,0.00012117658479837701,5.756386144639691e-06,5.895578851777827e-06,7.201533298939466e-05,3.6345933040138334e-05,0.0016664998838678002,1.183395397674758e-05,0.00034864639746956527,2.2376823835656978e-05,2.3010215954855084e-05,0.0006352044874802232,3.177268445142545e-05,6.602428038604558e-05,0.00038554074126295745,0.00014287976955529302,0.0014219802105799317,0.0008436856442131102,3.212419642295572e-06,5.5195145250763744e-05,0.00037452683318406343,0.0003623304655775428,0.0005714134895242751,0.0005907067679800093,0.000291742937406525,0.0029798138421028852,0.0031731443013995886,4.9481765017844737e-05,8.692752999195363e-06,0.0001301829470321536,5.086551755084656e-05,2.5955314413295127e-05,2.827418484230293e-06,1.455454093957087e-05,3.3191049624292646e-06,0.00035921798553317785,7.213040225906298e-05,0.0008273270213976502,2.758697337412741e-05,0.0007530528237111866,0.00026773824356496334,0.00034361754660494626,0.0002736177120823413,2.5979701604228467e-05,0.0008924542344175279,0.0003896836715284735,4.570632427203236e-06,2.6229974537272938e-05,2.7032572688767686e-05,3.5641274735098705e-05,0.0005408404394984245,5.656113717122935e-05,7.594976977998158e-06,3.99500822823029e-05,8.464405254926533e-06,1.726043046801351e-05,0.002100881887599826,0.00025838150759227574,0.0017424464458599687,2.041103107330855e-05,6.903332541696727e-05,0.0010078243212774396,0.00022587685089092702,2.7794789275503717e-05,2.1905510948272422e-05,8.188941137632355e-05,6.950723036425188e-05,0.0019782409071922302,0.00022791308583691716,5.674570275004953e-05,0.001433465862646699,0.002337836427614093,1.0202191333519295e-05,0.0015628216788172722,8.017473010113463e-05,0.0006993137067183852,0.00036018251557834446,0.001618129899725318,0.00017380938515998423,9.134204447036609e-06,3.8841076275275555e-06,2.904174107243307e-05,0.0008348319679498672,6.766345904907212e-05,9.747945296112448e-05,7.360534800682217e-05,0.0001401726040057838
201006,0.0002731488202698529,7.979720066941809e-06,8.910731594369281e-06,0.0009489216026850045,0.0017533303471282125,0.0002863224071916193,0.00013221378321759403,4.4201475247973576e-05,0.00019652223272714764,0.00014293739513959736,2.329622657271102e-05,2.312011747562792e-05,0.0002877897641155869,7.109635771485046e-05,0.00015799902030266821,0.00025294889928773046,0.0006450958899222314,0.00017089581524487585,5.235304342932068e-06,3.8608861359534785e-05,3.030765765288379e-05,4.752587847178802e-05,1.1478753549454268e-05,2.8149229365226347e-06,0.000547655567061156,0.00048255675937980413,1.5874530845394474e-06,9.940847667166963e-05,6.4800501604622696e-06,4.073221134603955e-06,0.00011248300143051893,2.0787954781553708e-05,0.0015407996252179146,6.911666787345894e-06,0.0002992878435179591,3.7495072319870815e-05,8.131957656587474e-06,0.0008307343232445419,5.989005512674339e-05,4.3098694732179865e-05,0.00045408992446027696,0.00016978714847937226,0.002114285482093692,0.000827037263661623,1.299893392570084e-05,6.443823804147542e-05,0.00037185873952694237,0.000390385917853564,0.0005647864891216159,0.0006117692682892084,0.0003839699784293771,0.0017928200541064143,0.0036451879423111677,5.040369796915911e-05,1.7222528185811825e-05,0.00012233329471200705,4.580557288136333e-05,2.3289388991543092e-05,2.270475988552789e-06,7.816815013939049e-06,5.746495389757911e-06,0.00041171268094331026,0.00011429095320636407,0.0008432253380306065,2.3943877749843523e-05,0.0008665699861012399,0.00024103022587951273,0.0003011063963640481,0.0003235314507037401,2.681124533410184e-05,0.0008790834108367562,0.0004310325894039124,1.919430542329792e-05,4.568379154079594e-05,5.025702193961479e-05,2.5522866053506732e-05,0.0005521122948266566,3.8422451325459406e-05,5.918446731811855e-06,5.043581040808931e-05,1.067323682946153e-05,1.4129090232017916e-05,0.0018457781989127398,0.00028792841476388276,0.001830945024266839,2.5314218873973005e-05,4.130871457164176e-05,0.0009492815588600934,0.00023471818713005632,3.3957061532419175e-05,2.863487861759495e-05,0.00012824818259105086,8.026224531931803e-05,0.0017932774499058723,0.0002329545677639544,4.052430085721426e-05,0.0013628157321363688,0.0018094300758093596,1.6996118574752472e-05,0.0014894225168973207,6.296180072240531e-05,0.0006641444051638246,0.00033943381276912987,0.0015362623380497098,0.00013937699259258807,4.742168584925821e-06,2.2275487481238088e-06,3.455528349149972e-05,0.0008098615799099207,3.52189272234682e-05,8.744274964556098e-05,5.585706458077766e-05,0.00018063653260469437
201007,0.00023604110174346715,7.019568784016883e-06,1.6221241821767762e-05,0.02409694716334343,0.001773311523720622,0.0003310750762466341,9.023919119499624e-05,3.4063075872836635e-05,0.00020424247486516833,0.00023723411140963435,2.2773301679990254e-05,2.8113192456657998e-05,0.002146037295460701,4.62305179098621e-05,0.00016360786685254425,0.0002443665871396661,0.0005085247685201466,0.000248482683673501,3.868765816150699e-06,5.701436020899564e-05,2.464392309775576e-05,4.073360105394386e-05,1.5380908735096455e-05,6.566480806213804e-06,0.0006337083759717643,0.00048623434850014746,3.750166115423781e-06,0.00013895177107769996,1.496184449933935e-05,2.0788343135791365e-06,9.676564513938501e-05,1.7682747056824155e-05,0.0013814381090924144,9.01053317647893e-06,0.0003049737715627998,2.816581036313437e-05,1.2887247976323124e-05,0.0007031681016087532,6.97924624546431e-05,4.776705100084655e-05,0.0004902990767732263,8.94308541319333e-05,0.0027178251184523106,0.0007351128151640296,6.758292329323012e-06,3.625311001087539e-05,0.0003602964570745826,0.00030657908064313233,0.0006731695611961186,0.0005643914919346571,0.0003312624467071146,0.0028120558708906174,0.0029103660490363836,3.7627854908350855e-05,1.4811700566497166e-05,9.906783088808879e-05,4.3275023926980793e-05,2.63366055150982e-05,2.5719177756400313e-06,7.132400241971482e-06,4.304089543438749e-06,0.00029825573437847197,0.0001473337906645611,0.000737737980671227,1.248156786459731e-05,0.0007814213167876005,0.000824160932097584,0.0006503137410618365,0.0002765738172456622,4.0634444303577766e-05,0.000795277941506356,0.0005369913997128606,4.49866683993605e-06,2.894207682402339e-05,3.873533569276333e-05,2.6455067200004123e-05,0.0005095382803119719,7.980919326655567e-05,8.294560757349245e-06,4.7217748942784965e-05,1.203295869345311e-05,1.4965066839067731e-05,0.002639378421008587,0.00022096319298725575,0.0018908840138465166,5.349739876692183e-05,4.791311948793009e-05,0.0007460304186679423,0.00022950810671318322,4.2033228965010494e-05,2.6437061023898423e-05,7.795111741870642e-05,0.00011450720194261521,0.002329102484509349,0.00020244480401743203,6.1842605646234e-05,0.0015046732733026147,0.000892454176209867,6.335995749395806e-06,0.001553497277200222,7.504854147555307e-05,0.0005364145617932081,0.0005117849796079099,0.0015267394483089447,0.00013088191917631775,7.075341272866353e-06,5.298142696119612e-06,2.4085360564640723e-05,0.000701336597558111,4.1026101825991645e-05,0.00012352045450825244,8.81568412296474e-05,0.000160592797328718
201008,0.0003059912414755672,8.387652087549213e-06,6.923485216248082e-06,0.0022649583406746387,0.0017980898264795542,0.0003695555787999183,0.00011769139382522553,6.106113141868263e-05,0.00021367674344219267,0.0002753518638201058,1.3304983440320939e-05,3.320662654004991e-05,0.00034425489138811827,4.445878948899917e-05,0.0001456479076296091,0.00021407290478236973,0.0004499572969507426,0.00022240991529542953,6.293804744927911e-06,5.169423093320802e-05,1.3338819371710997e-05,4.455957969184965e-05,1.165766025224002e-05,6.45434965917957e-06,0.001213033334352076,0.0006095176795497537,4.5260635488375556e-06,0.00013619351375382394,1.1095488844148349e-05,3.1845163448451785e-06,9.438548295293003e-05,5.904818681301549e-05,0.0014731152914464474,4.776693913299823e-06,0.0002434070484014228,4.8213692934950814e-05,1.5578127204207703e-05,0.000718995404895395,2.7916796170757152e-05,3.31895898852963e-05,0.0005365131655707955,0.00011969001207035035,0.0009083652985282242,0.0008576586842536926,1.0878887223952916e-05,4.188570164842531e-05,0.00035165742156095803,0.00026556575903669,0.0006689194706268609,0.00046591274440288544,0.00025556617765687406,0.002351384377107024,0.0034818421117961407,5.4211937822401524e-05,1.719654210319277e-05,0.0001086956326616928,4.695421739597805e-05,3.552835914888419e-05,2.9462307793437503e-06,9.95425580185838e-06,5.237213372311089e-06,0.00033834719215519726,0.00015995005378499627,0.0009248317219316959,1.0135373486264143e-05,0.0005010538152419031,0.00018492541857995093,0.00037147648981772363,0.0003565236693248153,2.3807848265278153e-05,0.0007622999255545437,0.00043948000529780984,9.943379154719878e-06,5.634422632283531e-05,4.572798570734449e-05,4.060016726725735e-05,0.0004856337036471814,4.399602039484307e-05,9.051591405295767e-06,6.853969534859061e-05,4.655156317312503e-06,2.1092972019687295e-05,0.0019815354607999325,0.00042321812361478806,0.0018083798931911588,3.0391804102691822e-05,3.568762622307986e-05,0.0008761631324887276,0.00023348844842985272,1.7794831364881247e-05,1.838775642681867e-05,6.056842175894417e-05,0.00010535636829445139,0.0018188972026109695,0.0002130795910488814,6.500632298411801e-05,0.0014723889762535691,0.00150117848534137,6.575607585546095e-06,0.0015282954555004835,3.623098382377066e-05,0.000491033773869276,0.000388367276173085,0.001569871325045824,0.00019405029888730496,3.393914084881544e-06,1.638592038943898e-06,2.1961859602015465e-05,0.0007076476467773318,5.633522232528776e-05,9.437016706215218e-05,4.5115833927411586e-05,0.00014760176418349147
201009,0.0002775980974547565,7.337083388847532e-06,4.014854766865028e-06,0.008932048454880714,0.0018475312972441316,0.0005745188682340086,9.902072633849457e-05,0.00012628472177311778,0.00019118381896987557,0.00030213152058422565,1.8616732631926425e-05,4.509711288847029e-05,0.0004211472987663001,9.878256969386712e-05,0.0001061618240782991,0.0001979090884560719,0.0004814017447642982,0.00020078607485629618,5.0885828386526555e-06,0.00011199399159522727,1.7338265024591237e-05,6.0592319641727954e-05,2.214386040577665e-05,6.3023503571457695e-06,0.0011826567351818085,0.0006501306197606027,7.826730325177778e-06,0.000127149120089598,1.0296332220605109e-05,2.5346305392304203e-06,0.00014217686839401722,4.326373527874239e-05,0.0009876838885247707,2.862425390048884e-06,0.00022862297191750258,4.4915752368979156e-05,1.2008454177703243e-05,0.001035281689837575,2.3449232685379684e-05,4.831285332329571e-05,0.0006766157457605004,0.00011890487803611904,0.0005568140186369419,0.00111444725189358,1.6575054360146169e-06,4.457437535165809e-05,0.0002870983153115958,0.00027310531004332006,0.0007037557079456747,0.0005831470480188727,0.0002897151280194521,0.0023588885087519884,0.003317255061119795,3.6905334127368405e-05,1.1985605851805303e-05,0.00010983098763972521,3.3031657949322835e-05,2.9557890229625627e-05,4.5971901272423565e-06,8.3727172750514e-06,5.042388238507556e-06,0.0003413843223825097,0.00013160117669031024,0.000753880653064698,1.2712092029687483e-05,0.0004896637983620167,0.00016939830675255507,0.00035143372952006757,0.0003189958806615323,3.266079511377029e-05,0.0008052037446759641,0.0003613448643591255,6.678560566797387e-06,2.5699771867948584e-05,3.261789970565587e-05,5.3557429055217654e-05,0.00055412866640836,5.714410508517176e-05,8.566669748688582e-06,9.380136179970577e-05,8.347171387868002e-06,2.6074731067637913e-05,0.002065964974462986,0.0003528422093950212,0.001796831376850605,2.0556664821924642e-05,4.014566002297215e-05,0.0011440441012382507,0.00017656713316682726,2.78802963293856e-05,3.552468479028903e-05,7.464444206561893e-05,0.00019265808805357665,0.001928752171806991,0.00014312981511466205,4.63617398054339e-05,0.001307023805566132,0.0006148147513158619,1.129870543081779e-05,0.001598120084963739,3.9273640140891075e-05,0.0003679736109916121,0.00042644646600820124,0.0015151622937992215,0.00012858063564635813,8.324146619997919e-06,6.126886546553578e-06,3.365975499036722e-05,0.0006814409280195832,4.623061613528989e-05,9.810129267862067e-05,3.744685454876162e-05,0.00014068740711081773
201010,0.00028705046861432493,7.536580596934073e-06,4.1050047911994625e-06,0.0026661057490855455,0.001824402716010809,0.00047985767014324665,0.00011047688167309389,0.00014712996198795736,0.00019917424651794136,0.0002710379776544869,1.4136780919216108e-05,8.611025987192988e-05,0.0005076329107396305,0.00010348809155402705,0.00010046624083770439,0.00027114167460240424,0.00033151113893836737,0.00020961857808288187,3.4910319754999364e-06,5.581590085057542e-05,2.777787813101895e-05,8.625403279438615e-05,1.0064457455882803e-05,7.715360879956279e-06,0.000851895019877702,0.0005602246965281665,3.444132744334638e-06,0.00014598385314457119,6.590987595700426e-06,4.089715275767958e-06,0.00014229340013116598,3.721053508343175e-05,0.00140494538936764,5.429373231891077e-06,0.0002623921900521964,3.255264527979307e-05,3.0981832424004097e-06,0.0009658412891440094,2.4626169761177152e-05,6.0408074205042794e-05,0.0006966482033021748,8.934622019296512e-05,0.001453479053452611,0.0011112653883174062,2.793203566398006e-05,6.98192889103666e-05,0.0002616377314552665,0.0002425814454909414,0.0007221667328849435,0.0004567115684039891,0.00027673409203998744,0.002381460042670369,0.0033233182039111853,2.9890905352658592e-05,1.1147749319206923e-05,0.00011775714665418491,3.042955358978361e-05,2.6172521756961942e-05,4.9774430408433545e-06,6.7582595875137486e-06,3.2080245091492543e-06,0.0003009863430634141,0.0001299176219617948,0.0009898630669340491,1.2762265214405488e-05,0.00040885520866140723,0.0001613891072338447,0.000357123208232224,0.00032811894197948277,2.7288055207463913e-05,0.0007841131300665438,0.00029873548191972077,4.287135197955649e-06,3.85894272767473e-05,5.475144280353561e-05,3.670156729640439e-05,0.0005832336028106511,9.263188258046284e-05,9.785987458599266e-06,7.207045564427972e-05,5.328024144546362e-06,2.4759146981523372e-05,0.002073545940220356,0.0003669386787805706,0.001758096506819129,1.9378898286959156e-05,4.301865919842385e-05,0.001057109679095447,0.000182031057192944,3.2780226320028305e-05,4.070221257279627e-05,6.908298382768407e-05,9.855972894001752e-05,0.00164687295909971,0.00014905142597854137,5.880846583750099e-05,0.0013757463311776519,0.0008547227480448782,1.3718737136514392e-05,0.0016565382247790694,3.828187254839577e-05,0.00033379276283085346,0.0004213114734739065,0.001468601287342608,9.888524800771847e-05,5.719341515941778e-06,7.586665105918655e-06,3.4511147532612085e-05,0.000786135031376034,5.4150303185451776e-05,8.577870903536677e-05,5.95423553022556e-05,0.00016700530250091106
201011,0.0002920563565567136,3.7773174881294835e-06,3.976082552981097e-06,0.0022923352662473917,0.0018579106545075774,0.000444303936092183,0.00015324358537327498,0.00016068592958617955,0.00020565952581819147,0.00023944344138726592,1.2105438145226799e-05,7.425687363138422e-05,0.00035507697612047195,7.705110328970477e-05,0.00011612817615969107,0.0002972152433358133,0.00038502339157275856,0.00019636540673673153,1.7531190678710118e-05,6.73070244374685e-05,1.974621591216419e-05,3.530555477482267e-05,1.1185275980096776e-05,3.184777142450912e-06,0.001064423704519868,0.0005776596954092383,4.103109404240968e-06,0.00014124212611932307,3.957955868827412e-06,1.9780666207225295e-06,0.00014248129446059465,2.5066090529435314e-05,0.001122904010117054,5.44784234079998e-06,0.00031645261333324015,4.2144645703956485e-05,5.895221420360031e-06,0.0008706490625627339,2.6319003154640086e-05,5.6001386838033795e-05,0.000798342633061111,9.965612116502598e-05,0.0012218697229400277,0.0012515095295384526,5.316987881087698e-06,2.352086994505953e-05,0.00019413391419220716,0.00022745001479052007,0.0007654420332983136,0.0005882025579921901,0.00026489782612770796,0.0021308797877281904,0.0028534841258078814,2.5856101274257526e-05,3.2914399525907356e-06,8.542828436475247e-05,3.796738019445911e-05,2.928625872300472e-05,4.212129169900436e-06,1.1096558409917634e-05,2.4881517219910165e-06,0.000236868581851013,0.00013399898307397962,0.0009530849638395011,7.562826340290485e-06,0.0003779575345106423,0.0001944212563103065,0.0003670540754683316,0.0002954515512101352,2.4100914743030444e-05,0.0009472777601331472,0.0003556923184078187,3.1235085771186277e-06,3.832762740785256e-05,5.445355782285333e-05,3.604590528993867e-05,0.000551647215615958,0.00012141977640567347,1.3965430298412684e-05,4.682888538809493e-05,1.3822679648001213e-05,1.4320275113277603e-05,0.0020688490476459265,0.0005359111237339675,0.001546893734484911,2.6855619580601342e-05,8.939613326219842e-05,0.0009021834703162313,0.0001888432161649689,3.543505590641871e-05,3.652999657788314e-05,0.00010740794823504984,0.000115490191092249,0.0017512227641418576,0.00016964800306595862,5.3916948672849685e-05,0.0014315476873889565,0.0011067796731367707,1.0682740139600355e-05,0.0016573111061006784,5.878382216906175e-05,0.00025437958538532257,0.00042191060492768884,0.0014527230523526669,8.24010421638377e-05,4.749286745209247e-06,1.5363410057034343e-05,2.1605239453492686e-05,0.0007694063242524862,6.616325117647648e-05,0.00014786349493078887,9.675991896074265e-05,0.000244787719566375
201012,0.0003930771490558982,3.3572066513443133e-06,5.6866210798034444e-06,0.0024716465268284082,0.0017853506142273545,0.0005755028687417507,0.00014706217916682363,0.00017246909555979073,0.00020177489204797894,0.0003916793211828917,6.389184818544891e-06,4.574397098622285e-05,0.00031203115941025317,8.103967411443591e-05,7.232691859826446e-05,0.0003510851529426873,0.0001755020348355174,0.0001467671390855685,1.5086432540556416e-05,7.153887418098748e-05,2.076190685329493e-05,4.098258796148002e-05,9.338096788269468e-06,3.103931931036641e-06,0.0012727975845336914,0.000619041093159467,2.1009204829169903e-06,0.00015407906903419644,3.357660034453147e-06,2.9103302949806675e-06,0.00011350966815371066,1.9410914319450967e-05,0.01277502253651619,6.448778094636509e-06,0.00038718958967365324,4.1857263568090275e-05,7.355227353400551e-06,0.0009448236087337136,4.2044146539410576e-05,6.297255458775908e-05,0.0008837748318910599,0.00010926215327344835,0.0007856781012378633,0.0012748736189678311,1.2658549167099409e-05,4.7702636948088184e-05,0.00019844528287649155,9.770988253876567e-05,0.0007065842510201037,0.0006932487012818456,0.00030498256091959774,0.0021140677854418755,0.0032490657176822424,0.0002064319996861741,4.396097210701555e-06,5.805747059639543e-05,5.662214243784547e-05,3.473441392998211e-05,5.615589088847628e-06,1.2400576451909728e-05,4.196512236376293e-06,0.00014594270032830536,0.0001128355652326718,0.0011826878180727363,7.688360710744746e-06,0.00043205099063925445,0.0002105967578245327,0.00032784201903268695,0.0003610737912822515,3.282101170043461e-05,0.001308910665102303,0.0005050651961937547,3.839245891867904e-06,3.859816933982074e-05,3.201220533810556e-05,2.347007830394432e-05,0.0006737223593518138,0.00011475321662146598,1.1422340321587399e-05,6.94676855346188e-05,1.0313804523320869e-05,1.876343048934359e-05,0.0021363263949751854,0.0005299421027302742,0.0015362212434411049,2.061469422187656e-05,6.95671551511623e-05,0.0011872687609866261,0.00014208551147021353,3.544317951309495e-05,4.5239998144097626e-05,5.193900869926438e-05,8.138734119711444e-05,0.0018413793295621872,0.0001779433514457196,4.5136839617043734e-05,0.0013202362461015582,0.0009403479052707553,1.702135705272667e-05,0.0014748105313628912,5.6151096941903234e-05,0.0002329147100681439,0.00038731994573026896,0.0013496370520442724,8.179574069799855e-05,1.1729887773981318e-05,7.611167347931769e-06,1.8819393517333083e-05,0.0010273728985339403,4.593379344441928e-05,0.0002267961244797334,9.595919254934415e-05,0.0003719491942320019
201101,0.0002950724447146058,0.0,0.0,0.000512501341290772,3.729956006282009e-07,6.939999730093405e-05,4.521971641224809e-05,5.0629620091058314e-05,3.945141361327842e-05,0.0,0.0,0.0,6.334579211397795e-06,1.976912244572304e-06,0.0,0.00012017731205560267,4.509544851316605e-06,3.853933958453126e-05,0.0,0.0,0.0,0.0,0.0,0.0,0.0001519442885182798,8.490141772199422e-05,0.0,0.0,0.0,0.0,6.690643658657791e-06,0.0,0.0006487026112154126,0.0,1.184026405098848e-05,1.931889528350439e-05,0.0,0.0,0.0,0.0,0.00030968626379035413,1.4568349797627889e-05,2.7447258617030457e-06,0.00016918897745199502,0.0,0.0,2.0818745838369068e-07,0.0,2.6277049983036704e-05,1.205713033414213e-05,7.877683856349904e-06,3.796142436840455e-06,0.0003620442294050008,6.176165356919228e-07,0.0,4.552531436274876e-07,0.0,3.059483617562364e-07,0.0,0.0,6.947498576437283e-08,0.0,1.6368599972338416e-05,5.199329825700261e-05,0.0,6.213154847500846e-06,8.039553904382046e-06,3.6610565530281747e-06,2.4150372155418154e-06,0.0,5.701377858713386e-07,0.0,0.0,0.0,0.0,0.0,4.726817860500887e-05,1.0670172741811257e-05,0.0,1.121976424656168e-06,0.0,0.0,0.0004867485840804875,8.164535643118143e-07,0.00027009856421500444,0.0,0.0,9.646175021771342e-05,0.0,2.4978209012260777e-07,0.0,2.6077477741637267e-06,2.5149984139716253e-06,0.00018275405454915017,0.0,0.0,0.0003387528413441032,3.509916496113874e-06,0.0,2.8383437893353403e-05,0.0,4.327288843342103e-05,2.0156592483999702e-07,6.55544936307706e-05,0.0,0.0,0.0,0.0,5.222333129495382e-06,0.0,3.5819139156956226e-06,0.0,1.773726944520604e-05
201102,0.0007079367060214281,0.0,0.0,0.0006719412049278617,1.8158413013225072e-06,3.9820159145165235e-05,7.109023044904461e-06,3.230518996133469e-05,4.190957042737864e-05,5.377908678383392e-07,0.0,0.0,7.765709597151726e-06,0.0,0.0,0.0001837715390138328,2.680698798940284e-06,6.662843225058168e-05,0.0,0.0,0.0,0.0,0.0,0.0,0.0003108069649897516,0.00010964108514599502,0.0,2.729388199895766e-07,0.0,0.0,2.0805703115911456e-07,0.0,9.935888556356076e-06,0.0,2.2091651771916077e-05,4.019620973849669e-05,0.0,2.3674195404055354e-07,0.0,0.0,0.0004866143281105906,2.319115083082579e-05,2.8633655801968416e-06,0.00021060320432297885,3.317941263958346e-07,0.0,0.0,0.0,6.584107177332044e-05,2.4826780645526014e-05,1.0389695489720907e-05,4.799344992534316e-07,1.2281550880288705e-05,0.0,0.0,0.0,2.3708878416073276e-07,2.3835093543311814e-07,0.0,0.0,0.0,1.5866971807554364e-06,0.00012405350571498275,0.0001916455803439021,0.0,4.970408554072492e-06,8.927891940402333e-06,3.241830427214154e-06,0.0,0.0,0.0,0.0,0.0,0.0,0.0,0.0,4.076367986272089e-05,1.1660609970931546e-06,0.0,1.314710061706137e-06,0.0,0.0,0.0004469580890145153,2.8966094305360457e-06,0.00016301925643347204,0.0,9.233009024001149e-08,0.0002681631303858012,0.0,1.5610844172897487e-07,0.0,2.6981340397469467e-06,3.599843239499023e-06,0.00024288181157317013,0.0,0.0,0.0002891004551202059,6.601449058507569e-06,1.1485678186318182e-07,7.402587129945459e-07,2.954001956823049e-06,2.420497366983909e-05,0.0,0.00017512767226435244,0.0,0.0,0.0,0.0,1.3309569112607278e-05,0.0,3.1180195492197527e-06,2.4855969968484715e-05,0.00012628096737898886
201103,0.0006727574509568512,1.2507022972840787e-07,0.0,0.0006416135584004223,3.1834283618081827e-06,6.868223863421008e-05,7.24957135389559e-06,8.715742296772078e-05,3.918544825864956e-05,1.138628391572638e-07,0.0,0.0,9.845416570897214e-06,0.0,0.0,0.00017695546557661146,1.5827138213353464e-06,5.7207456848118454e-05,0.0,0.0,0.0,0.0,0.0,0.0,0.000191501880181022,0.00011488883319543675,0.0,0.0,0.0,0.0,0.0,0.0,3.1859864975558594e-05,2.7721666739921602e-08,1.9489933038130403e-05,2.692198359000031e-05,0.0,7.078044745867373e-07,0.0,0.0,0.0004888647235929966,2.1726726117776707e-05,8.788048035057727e-06,0.00011145790631417185,0.0,1.5839507341297576e-06,0.0,0.0,4.257314867572859e-05,2.2149075448396616e-05,6.743855010427069e-06,1.0727904964369372e-06,2.4246681277872995e-05,1.123161155192065e-06,0.0,2.0509962439518858e-07,3.452275052495679e-07,0.0,0.0,0.0,0.0,0.0,0.000101823614386376,0.00012807395251002163,0.0,3.8019220482965466e-06,8.462917321594432e-06,3.9439546526409686e-06,1.0627394431139692e-06,0.0,2.816359028656734e-06,2.9373668439802714e-06,0.0,0.0,0.0,0.0,3.359680704306811e-05,9.716841304907575e-06,0.0,1.2742805211019004e-06,0.0,0.0,0.00042043006396852434,0.0,0.00016110220167320222,0.0,0.0,0.00019164611876476556,0.0,2.6019614551842096e-07,7.592902306896576e-08,0.0,6.041943834134145e-08,0.00022747252660337836,0.0,0.0,0.0002772127336356789,6.364526780089363e-05,0.0,5.220318598730955e-06,2.8048877993569477e-06,2.4945769837358966e-05,1.8071928025165107e-06,0.00016769942885730416,0.0,0.0,0.0,0.0,1.188261649076594e-05,0.0,1.6418390202943556e-07,0.0,9.151735866907984e-05
201104,0.0005891129840165377,0.0,0.0,0.0005221739411354065,5.21596575708827e-06,0.00011790917051257566,1.804281237127725e-05,0.00011877331417053938,4.194853318040259e-05,1.7964903236133978e-06,0.0,0.0,1.2046638403262477e-05,0.0,0.0,9.177289030048996e-05,0.0,4.976284981239587e-05,0.0,0.0,0.0,0.0,0.0,0.0,9.414531814400107e-05,0.00010956631740555167,0.0,0.0,0.0,0.0,0.0,0.0,0.0002039022947428748,3.06157303953114e-08,1.4266883226810023e-05,2.014444544329308e-05,0.0,4.789327476828475e-07,0.0,0.0,0.0004401902842801064,9.030082765093539e-06,2.722717226788518e-06,5.644888005917892e-05,0.0,7.471162888350591e-08,2.2608962524373055e-07,0.0,2.472602682246361e-05,1.781205355655402e-05,9.491214768786449e-06,8.283162060251925e-06,6.079169543227181e-05,6.324381729427841e-07,0.0,0.0,0.0,2.5388033009221544e-07,0.0,0.0,8.069912382779876e-08,0.0,5.9449484979268163e-05,6.004254100844264e-05,0.0,4.990441993868444e-06,7.681414899707306e-06,5.569812856265344e-06,1.965913179446943e-05,0.0,0.0,0.0,0.0,0.0,0.0,0.0,3.0510569558828138e-05,7.867804924899247e-06,0.0,1.8199764326709555e-06,0.0,1.6167327032690082e-07,0.0004492747539188713,0.0,0.0001794415438780561,0.0,1.1424448587149527e-07,0.00011034680937882513,0.0,4.127100794448779e-07,6.234792948589529e-08,0.0,2.4455780476273503e-06,0.00026798088219948113,0.0,0.0,0.00029286876088008285,0.00010525729157961905,0.0,8.242736839747522e-07,0.0,1.8281893062521704e-05,3.927727902919287e-07,0.00012060235894750804,0.0,0.0,0.0,0.0,1.242825783265289e-05,0.0,3.15636430059385e-06,0.0,2.4134044451784575e-07
201105,0.0004393550334498286,0.0,0.0,0.0006104039493948221,2.7532994408829836e-06,6.712898175464943e-05,2.970889545395039e-05,6.5598200308159e-05,4.352556788944639e-05,2.2144822651171125e-06,0.0,0.0,1.601131043571513e-05,0.0,0.0,7.445748633472249e-05,1.3172596027288819e-06,4.228207399137318e-05,0.0,0.0,0.0,3.5254646491011954e-07,0.0,0.0,5.964127558399923e-05,8.459531090920791e-05,0.0,2.6207359837826516e-07,0.0,0.0,1.105015144275967e-06,0.0,0.0007916527101770043,0.0,1.3291402865434065e-05,9.547745321469847e-06,0.0,3.965387520565855e-07,0.0,0.0,0.0003513552073854953,6.214578661456471e-06,0.0,2.6485851776669733e-05,0.0,0.0,0.0,0.0,1.5203710063360631e-05,1.8466447727405466e-05,9.244084139936604e-06,0.00011633762915153056,2.0866198610747233e-05,1.0954579465760617e-06,0.0,8.912949169825879e-07,0.0,1.9252465790486895e-06,0.0,0.0,0.0,0.0,4.528477802523412e-05,9.76488536252873e-06,0.0,5.554023118747864e-06,7.808681402821094e-06,5.698962468159152e-06,1.541084384371061e-05,0.0,0.0,0.0,0.0,3.755902184821025e-07,0.0,0.0,3.535691575962119e-05,8.15382918517571e-06,0.0,3.073021844102186e-06,0.0,8.156480930665566e-07,0.00045299067278392613,1.4104665524428128e-06,0.0001779606973286718,0.0,6.049630485449597e-08,3.906735219061375e-05,0.0,1.7559990794779878e-07,0.0,0.0,4.548364813672379e-06,0.00028261193074285984,0.0,0.0,0.0002925201551988721,1.21054390547215e-05,0.0,2.2809899746789597e-06,0.0,5.710484037990682e-05,0.0,5.446419527288526e-05,0.0,0.0,0.0,0.0,4.805082880920963e-06,0.0,3.512321882226388e-06,0.0,0.0
201106,0.0005962589057162404,0.0,0.0,0.00036906611057929695,2.214672804257134e-06,2.102193138853181e-05,6.7662863330042455e-06,5.244757994660176e-05,4.740457734442316e-05,5.107195875098114e-07,0.0,0.0,1.0144011866941582e-05,1.8104881291947095e-06,0.0,0.00010381228639744222,1.5797435253261938e-06,4.937357880407944e-05,0.0,0.0,0.0,0.0,0.0,0.0,0.00024413081700913608,9.079198207473382e-05,0.0,2.554558022893616e-07,0.0,0.0,2.8640884011110757e-06,0.0,0.0005054665962234139,0.0,2.0968442186131142e-05,1.9418566807871684e-05,0.0,9.85158862931712e-07,0.0,0.0,0.0005222740583121777,1.051138860930223e-05,8.228672641052981e-07,7.092460145941004e-05,0.0,9.538820222587674e-07,2.1300844821325882e-07,0.0,1.1743014511012007e-05,1.5311999959521927e-05,1.5362165868282318e-05,9.174699698633049e-06,2.436535396554973e-05,1.2494125485318364e-06,0.0,6.044028282303771e-07,0.0,6.093612796576053e-07,0.0,0.0,2.9582198024513673e-08,0.0,9.388807666255161e-05,4.166339567746036e-05,0.0,5.204952685744502e-06,7.016839845164213e-06,1.071211681846762e-05,3.6317012472864008e-06,0.0,3.7211992776065017e-07,0.0,0.0,0.0,0.0,0.0,4.1252264054492116e-05,4.987286047253292e-06,0.0,3.640897148216027e-06,0.0,0.0,0.00043070485116913915,2.943204890470952e-06,0.00018340206588618457,0.0,3.6944140902051004e-07,9.424580639461055e-05,0.0,0.0,0.0,0.0,0.0,0.00023679881996940821,0.0,0.0,0.0003030401130672544,6.5822860051412135e-06,0.0,3.5409050269663567e-06,0.0,5.013315239921212e-05,0.0,0.00012593968131113797,0.0,0.0,0.0,0.0,7.307069154194323e-06,0.0,6.395457148755668e-06,2.866126123990398e-06,5.578537820838392e-05
201107,0.0004892425495199859,0.0,0.0,0.0011293651768937707,8.22495678676205e-07,5.113618681207299e-05,2.8787669634766644e-06,2.2806614651926793e-05,4.739544237963855e-05,1.8915470718638971e-06,0.0,0.0,1.3607642358692829e-05,0.0,9.331898809250561e-07,0.00010285840107826516,4.069156148034381e-06,4.470140629564412e-05,0.0,0.0,0.0,0.0,0.0,0.0,0.00026735145365819335,8.342196815647185e-05,0.0,4.789106355929107e-07,0.0,0.0,4.572576926875627e-06,0.0,0.0005090421764180064,0.0,1.6383370166295208e-05,1.4220001503417734e-05,0.0,2.017134193010861e-06,0.0,0.0,0.00047463271766901016,6.811846105847508e-06,7.821395229257178e-07,7.177257066359743e-05,0.0,0.0,0.0,0.0,9.063547622645274e-06,1.3835496247338597e-05,1.4647039279225282e-05,1.1919893950107507e-05,0.00010068251140182838,0.0,2.62175547049992e-07,1.1661908274618327e-06,6.30912097676628e-07,0.0,0.0,0.0,2.9574581006386325e-08,0.0,7.365116471191868e-05,4.122823884245008e-05,0.0,4.952673862135271e-06,7.1905860750121064e-06,7.151491445256397e-06,4.645404715120094e-06,0.0,4.290919832783402e-07,0.0,0.0,0.0,0.0,0.0,4.524583710008301e-05,1.5311356037273072e-05,0.0,6.035786100255791e-06,0.0,0.0,0.0004610850883182138,1.9279582375020254e-06,0.00019241288828197867,0.0,3.0091439384705154e-07,5.378963760449551e-05,0.0,2.413259778677457e-07,0.0,0.0,2.562661620686413e-06,0.00021268163982313126,0.0,0.0,0.0003051823587156832,6.48395416646963e-06,0.0,1.4576879038941115e-05,0.0,3.026105150638614e-05,1.8662882439457462e-07,0.00010686464520404115,0.0,0.0,0.0,0.0,1.0842628398677334e-05,0.0,6.3126281020231545e-06,0.0,2.877588485716842e-06
201108,0.0005401804228313267,0.0,0.0,0.0003065558266825974,1.1674276265694061e-06,5.549831621465273e-05,0.0,3.8165242585819215e-05,5.1635230192914605e-05,0.0,0.0,0.0,1.2283991964068264e-05,1.5497303138545249e-06,0.0,0.00012122092448407784,2.8199640382808866e-06,5.875910210306756e-05,0.0,0.0,0.0,0.0,0.0,0.0,0.0002901230182033032,9.977252193493769e-05,0.0,0.0,0.0,0.0,1.7291316680712043e-06,0.0,0.00028872201801277697,0.0,1.247450472874334e-05,1.861616510723252e-05,0.0,1.1837984175144811e-06,0.0,7.553487790801228e-08,0.000532592530362308,4.222321422275854e-06,8.74488364388526e-07,8.437475480604917e-05,0.0,1.5264905641743098e-06,0.0,0.0,1.3897782991989516e-05,9.583023711456917e-06,1.335815522907069e-05,5.255952601146419e-06,0.00014615108375437558,2.9541697585955262e-06,8.014306445147668e-07,2.690122187232191e-07,0.0,1.0588483974061091e-06,0.0,0.0,0.0,0.0,0.0001129762313212268,2.8151305741630495e-05,0.0,4.973528120899573e-06,8.087001333478838e-06,4.878570052824216e-06,8.768231964495499e-06,0.0,5.932553222010029e-07,0.0,0.0,4.773007731273538e-07,0.0,0.0,5.65524424018804e-05,1.1204678230569698e-05,0.0,6.086810117267305e-06,0.0,5.430169380815641e-07,0.00045156513806432486,3.543129423633218e-06,0.0001962046226253733,0.0,4.344329056493734e-07,0.0001002726930892095,0.0,0.0,0.0,0.0,0.0,0.00020763243082910776,0.0,0.0,0.0003129242395516485,1.0961884072457906e-05,1.4579701712591486e-07,1.3862651030649431e-05,3.3286173675151076e-06,3.3198677556356415e-05,0.0,0.0001515190815553069,0.0,0.0,0.0,0.0,6.14437522017397e-06,0.0,2.3595717721036635e-05,0.0,3.6373865441419184e-05
201109,0.0004613591299857944,0.0,0.0,0.00044933476601727307,3.0381529541045893e-06,5.898041126783937e-05,0.0,2.7674881494021975e-05,5.298642645357177e-05,1.943085635502939e-06,0.0,0.0,1.4225076483853627e-05,2.691677764232736e-06,0.0,0.00010673828364815563,6.145314728200901e-06,4.538887151284143e-05,0.0,0.0,0.0,0.0,0.0,0.0,0.0002604997716844082,8.444875129498541e-05,0.0,0.0,0.0,0.0,2.2706301479047397e-06,0.0,0.0002143630408681929,7.114888944670383e-08,1.489840815338539e-05,2.7013569706468843e-05,0.0,3.102186383330263e-06,0.0,0.0,0.0005242768675088882,3.302898903712048e-06,3.886058493662858e-06,5.945541488472372e-05,0.0,1.7889088894662564e-06,0.0,0.0,1.5174264262896031e-05,1.1739664842025377e-05,1.5510142475250177e-05,4.7355547394545283e-07,0.00021345281857065856,2.2847070795251057e-06,5.045872626396886e-07,7.662914640604868e-07,2.3488462375098607e-07,5.121493700244173e-07,0.0,0.0,2.9394772838031713e-08,4.820061576538137e-07,7.57285815780051e-05,1.84215277840849e-05,0.0,5.6414246500935405e-06,1.1911498404515442e-05,3.886817466991488e-06,4.345460638432996e-06,2.836670773831429e-07,6.214828545125783e-07,3.248544544476317e-07,0.0,0.0,0.0,0.0,5.57827006559819e-05,1.1078955139964819e-05,0.0,1.044642340275459e-05,2.621968349103554e-07,0.0,0.00048628082731738687,8.791382697381778e-07,0.00019592161697801203,2.7967594178335276e-06,5.734777914767619e-07,3.884531179210171e-05,0.0,0.0,3.222336175667806e-08,2.2965289190324256e-06,0.0,0.00022314977832138538,0.0,0.0,0.0003048338112421334,1.0984081200149376e-05,0.0,7.15755140845431e-06,0.0,1.84997061296599e-05,2.5829243099906307e-07,9.991050319513306e-05,0.0,0.0,0.0,0.0,3.4145029985666042e-06,0.0,0.0,0.0,4.866489689447917e-06
201110,0.00038319022860378027,0.0,0.0,0.0003214678436052054,1.109350887418259e-05,4.1842664359137416e-05,0.0,1.327851896348875e-05,4.9801747081801295e-05,2.0917325400660047e-06,0.0,0.0,1.3287935871630907e-05,3.574942184059182e-06,0.0,0.00010926155664492399,4.395148152980255e-06,3.991436824435368e-05,0.0,0.0,0.0,0.0,0.0,0.0,0.00016779580619186163,9.095637506106868e-05,0.0,0.0,0.0,0.0,5.581176537816646e-06,0.0,0.000499843736179173,0.0,1.0857907000172418e-05,2.4875202143448405e-05,0.0,2.4972443952719914e-06,0.0,0.0,0.00043236633064225316,5.6678359214856755e-06,7.396061846520752e-06,4.473642911761999e-05,0.0,2.0740014861075906e-06,0.0,0.0,4.679806806962006e-06,1.1840411389130168e-05,1.5820982298464514e-05,1.7685014199742e-06,0.0002515937085263431,6.416229894057324e-07,0.0,2.9079956220812164e-07,1.1518476412675227e-06,1.3546087984650512e-06,0.0,0.0,0.0,0.0,4.6256107452791184e-05,1.3749117897532415e-05,0.0,3.6954270399292e-06,1.3919785487814806e-05,1.0827695405168924e-05,9.892635716823861e-06,0.0,0.0,0.0,0.0,0.0,0.0,8.730740432838502e-07,6.449297507060692e-05,3.2664922855474288e-06,0.0,1.6429792594863102e-05,2.056202248468253e-07,6.070922609069385e-07,0.0005302764475345612,1.7741724605002673e-06,0.00016282382421195507,0.0,1.519609668321209e-06,5.587135092355311e-05,0.0,2.9437407533805526e-07,0.0,0.0,8.904506785256672e-07,0.00024921586737036705,2.095056288453634e-07,0.0,0.00031536706956103444,1.1628467291302513e-05,0.0,8.558289664506447e-06,0.0,6.003680027788505e-06,4.207412303003366e-07,3.1311505154008046e-05,0.0,0.0,0.0,0.0,3.196660600224277e-06,0.0,0.0,0.0,0.0
201111,0.0002791239821817726,0.0,0.0,0.00022598006762564182,6.716849020449445e-05,3.167567410855554e-05,5.035871595282515e-07,2.939523710665526e-06,6.239541835384443e-05,2.998615173055441e-06,0.0,5.624173127216636e-07,1.66023619385669e-05,1.9120525394100696e-06,0.0,7.725037721684203e-05,3.8047035104682436e-06,3.479968290776014e-05,0.0,0.0,2.0632567157008452e-06,0.0,0.0,0.0,0.00014230159285943955,7.95941668911837e-05,0.0,2.9832443715349655e-07,0.0,0.0,3.561441644706065e-06,0.0,0.0005670339451171458,0.0,7.86986856837757e-06,3.5035751352552325e-05,0.0,7.33582055545412e-06,0.0,0.0,0.0003433416422922164,3.381530007118272e-07,7.314602044061758e-06,2.4010994820855558e-05,0.0,1.5811722278158413e-06,1.934695887939597e-07,0.0,2.9572738640126772e-06,1.1998570698779076e-05,6.4870037022046745e-06,6.167311425997468e-07,0.0003633665619418025,5.851430273651204e-07,1.0076383887280826e-06,1.8305147477803985e-06,9.03640227534197e-07,6.075291025808838e-07,0.0,0.0,0.0,5.228225745668169e-07,2.933946052507963e-05,1.944107907547732e-06,0.0,1.0522707270865794e-05,1.7477223082096316e-05,1.224586958414875e-05,3.731064862222411e-05,2.362832134394921e-07,0.0,0.0,0.0,3.183913861448673e-07,0.0,0.0,0.00010489436681382358,3.974660103267524e-06,0.0,1.5429708582814783e-05,3.2805888849907205e-07,2.3167586959971231e-07,0.0006056339479982853,0.0,0.00012607412645593286,0.0,8.602451089245733e-07,1.608899765415117e-05,0.0,1.0223846658163893e-07,2.7289118520457123e-08,2.248248620162485e-06,1.790282453839609e-06,0.00030816879007034004,0.0,0.0,0.000295181293040514,1.5219774468278047e-05,0.0,1.9489282294671284e-06,0.0,4.746399554278469e-06,0.0,2.053496427834034e-05,0.0,0.0,0.0,0.0,5.159430656931363e-06,0.0,0.0,0.0,0.0
201112,0.000274658203125,0.0,0.0,0.00012313105980865657,6.205501995282248e-05,4.3427244236227125e-05,1.6511894500581548e-06,1.9149451873090584e-06,6.913432298460975e-05,3.679479277707287e-06,0.0,0.0,2.3746479200781323e-05,7.587866093672346e-06,0.0,7.426961383316666e-05,0.0,5.090848935651593e-05,0.0,0.0,6.387892426573671e-06,0.0,0.0,0.0,5.944855365669355e-05,6.604713416891173e-05,0.0,2.5165661554638064e-07,0.0,0.0,3.2735918011894682e-06,0.0,0.0004257711989339441,0.0,6.977164957788773e-06,3.441839726292528e-05,0.0,8.133375558827538e-06,0.0,0.0,0.0002590457152109593,3.559149718057597e-06,4.461435310076922e-06,6.056739039195236e-06,0.0,2.9460076689247217e-07,0.0,0.0,1.4756511745872558e-06,7.877877578721382e-06,1.760954000928905e-05,2.1903692868363578e-06,0.000366012507583946,0.0,1.0887472399190301e-06,8.978727237263229e-07,7.16799206657015e-07,6.529846814373741e-07,0.0,0.0,0.0,2.0020854208269157e-05,2.476927693351172e-05,1.896685375868401e-06,0.0,9.67884625424631e-06,1.7577944163349457e-05,1.4886097233102191e-05,2.69043321168283e-05,0.0,3.565764643553848e-07,0.0,0.0,0.0,0.0,2.925052342561685e-07,0.0001747348578646779,0.0,0.0,2.904920620494522e-05,0.0,1.3410345900410903e-06,0.0007230342598631978,0.0,0.0001686141622485593,0.0,1.9834075715152721e-07,5.055717338109389e-06,0.0,1.3103917240187002e-07,3.206764986884991e-08,0.0,0.0,0.0003523520426824689,0.0,0.0,0.0003221546649001539,5.549991692532785e-05,0.0,2.3159943793871207e-06,0.0,0.0,2.2321465564800747e-07,1.935923683049623e-05,0.0,0.0,0.0,0.0,2.7543044325284427e-06,0.0,0.0,0.0,0.0
201201,0.00016309082275256515,1.3223416317487136e-06,2.706517534534214e-06,6.507725629489869e-05,0.0001832835841923952,0.00029789647669531405,4.2603628571669105e-06,6.188000406837091e-05,3.8505022530443966e-05,4.909140625386499e-05,5.166299388292828e-07,1.6056674212450162e-06,1.1554726370377466e-05,1.1271107723587193e-05,1.5651856983822654e-06,0.00012829240586142987,8.208086910599377e-06,2.8414162443368696e-05,6.524221021209087e-07,5.45189504919108e-06,1.1790686585300136e-05,5.942687835158722e-07,4.5702373085987347e-07,2.625445745252364e-07,0.0004453851142898202,0.00018044539319816977,6.847843678770005e-07,7.164775070123142e-06,1.9344156498846132e-06,5.546561965275032e-07,2.8801079679396935e-05,2.2485694444185356e-06,0.0026781673077493906,1.3395230098467437e-06,5.9437148593133315e-05,2.3933553165988997e-05,1.95191205420997e-07,3.1213396141538396e-05,1.502029249422776e-06,1.6270265632556402e-06,0.0003724916314240545,3.766771260416135e-05,0.0002450647298246622,9.009347559185699e-05,1.7748445770848775e-06,1.6477575627504848e-05,1.3963588571641594e-05,1.0108322385349311e-05,3.9437069062842056e-05,2.052418130915612e-05,9.823698928812519e-05,0.000359753001248464,0.0006493428372777998,3.6051096685696393e-06,1.4081198287385632e-06,9.696952474769205e-06,3.6325843666418223e-06,6.816022050770698e-06,1.7447511879709054e-07,2.6646836204236024e-07,8.211104045585671e-07,8.165405597537756e-05,3.812055729213171e-05,7.675468077650294e-05,1.477146156503295e-06,2.136309922207147e-05,1.9655455616884865e-05,1.70127023011446e-05,8.216987043851987e-05,1.9974324914073804e-06,4.338554390415084e-06,4.228475972922752e-06,2.640844627421757e-07,3.0873509331286186e-06,7.205964266177034e-06,2.797114120767219e-06,6.68190696160309e-05,2.8330630811979063e-05,7.033940505607461e-07,2.4733082682359964e-05,3.4489428344386397e-06,2.97044630315213e-06,0.00044808187521994114,5.185123882256448e-05,0.00022672642080578953,3.237620830986998e-06,4.540508598438464e-06,0.0001681839203229174,1.0381895663158502e-06,2.6206387246929808e-06,1.659408439991239e-06,1.7483438568888232e-05,4.986113344784826e-05,0.00017351482529193163,5.085556040285155e-06,2.2618885395786492e-06,0.00028286411543376744,0.00016835681162774563,2.4201847281801747e-06,7.689544145250693e-05,1.1752592399716377e-05,9.85547376330942e-06,2.2392762275558198e-06,0.0001780680613592267,2.1107509837747784e-06,3.46382790894495e-07,1.1674912911985302e-06,5.652825052493426e-07,9.678686183178797e-05,4.456348960957257e-06,2.7126432541990653e-05,6.081248102418613e-06,1.7745425793691538e-05
201202,0.00010197630763286725,5.45309262633964e-07,1.1812860520876711e-06,7.844620995456353e-05,0.00034194806357845664,0.0002568929048720747,1.691259740255191e-06,4.2200746975140646e-05,4.8358684580307454e-05,6.927626236574724e-05,4.787460738953087e-07,2.321434749319451e-06,1.4353883670992218e-05,1.2729330592264887e-05,2.358061237828224e-06,9.130497346632183e-05,7.61844239605125e-06,2.8030410248902626e-05,3.972270405938616e-07,1.550663000671193e-06,4.3133833969477564e-05,6.623168928854284e-07,7.593554869345098e-07,5.924136985413497e-07,0.00037192233139649034,0.0001924609241541475,8.125108479362098e-07,8.1850657807081e-06,7.619436246386613e-07,5.846444537382922e-07,2.905307883338537e-05,1.733417320792796e-06,0.0011079601245000958,1.1215278163945186e-06,7.425982767017558e-05,2.4828575988067314e-05,3.664071073217201e-07,2.3083670384949073e-05,9.616635452402988e-07,2.6069249088322977e-06,0.00035450654104352,1.471312680223491e-05,0.00022287911269813776,9.38288212637417e-05,4.285325019282027e-07,2.039211176452227e-05,5.490105195349315e-06,6.139375159364135e-07,4.4961048843106255e-05,2.2195090423338115e-05,8.441047975793481e-05,0.00019106997933704406,0.0008401586674153805,3.831592493952485e-06,3.209137048543198e-06,8.986472494143527e-06,6.719243629049743e-06,6.45693489786936e-06,2.253019033560122e-07,5.272648877507891e-07,4.943061071571719e-07,7.578091754112393e-05,3.46235501638148e-05,8.054882346186787e-05,9.22505421385722e-07,1.8322067262488417e-05,1.5767876902827993e-05,1.4660450688097626e-05,3.5906152334064245e-05,9.456964562559733e-07,4.046672529511852e-06,6.282967660808936e-06,9.320019671577029e-07,4.322067979956046e-06,1.6379326552851126e-06,1.4783017832087353e-06,0.0001100180161301978,1.5533087207586505e-05,8.880973609848297e-07,3.6445340811042115e-05,1.9426884136919398e-06,3.434905465837801e-06,0.0005040729884058237,4.079409336554818e-05,0.0002473746135365218,1.3346931382329785e-06,4.958760655426886e-06,0.00012004120071651414,3.30730381392641e-06,3.15993452204566e-06,1.4957338407839416e-06,8.864593837643042e-06,3.913496038876474e-05,0.00018272634770255536,4.394541974761523e-06,9.373031844006618e-07,0.0002581040607765317,0.00019862184126395732,1.1228788707740023e-06,5.250556205282919e-05,7.139268745959271e-06,6.823097464803141e-06,1.1031347639800515e-06,0.00015545332280453295,1.7195528698721319e-06,1.752133869104e-07,7.252543809954659e-07,1.7660285038800794e-06,7.773764082230628e-05,5.736044840887189e-06,1.937801243911963e-05,3.6815863495576195e-06,1.1375105714250822e-05
201203,0.00010453737922944129,1.3287733509059763e-06,7.706594828960078e-07,0.00010951511649182066,0.00042118233977817,0.0001754902332322672,3.676447477118927e-06,1.2275097105884925e-05,6.128133099991828e-05,6.685618427582085e-05,1.1231870757910656e-06,1.664272645029996e-06,1.8215760064776987e-05,1.18631023724447e-05,2.152816023226478e-06,7.048522093100473e-05,4.266960786480922e-06,2.9652237572008744e-05,2.6313335865779663e-07,1.9524982235452626e-06,6.699313962599263e-05,7.992654786903586e-07,8.298803777506691e-07,1.2706700545095373e-06,0.0003442764573264867,0.0002000508684432134,6.193515673658112e-07,1.448208604415413e-05,1.5337161585193826e-06,3.88268830420202e-07,1.592549597262405e-05,4.49903109256411e-06,0.000638791301753372,1.3621871630675741e-06,8.092615462373942e-05,2.3453465473721735e-05,8.955993280324037e-08,3.441805893089622e-05,1.1961836889895494e-06,2.2098586214269744e-06,0.00032282451866194606,1.0884885341511108e-05,0.0002880611864384264,5.8998772146878764e-05,3.2381467462982982e-06,2.174649853259325e-05,4.629123850463657e-06,4.0283450175593316e-07,7.168430602177978e-05,2.4182887500501238e-05,8.938055543694645e-05,0.00015205598901957273,0.0007980323280207813,5.75273315917002e-06,1.485417556068569e-06,1.0590428246359807e-05,7.78181401983602e-06,1.0712052244343795e-05,1.877895385860029e-07,5.675275360772503e-07,1.4306326647783862e-06,2.4245351596619003e-05,4.1542738472344354e-05,9.04398038983345e-05,1.1280041007921682e-06,1.802287260943558e-05,2.075041993521154e-05,2.278130159538705e-05,3.084144555032253e-05,2.35976494877832e-06,3.917168214684352e-06,3.8024395507818554e-06,6.051753302926954e-07,2.348875113966642e-06,2.064762156805955e-06,2.462949169057538e-06,0.00013212200428824872,1.0121114428329747e-05,9.631163493395434e-07,6.933781696716323e-05,1.7940245697900536e-06,6.803968062740751e-06,0.0005544404848478734,3.228224886697717e-05,0.00024444260634481907,4.100344995094929e-06,5.852804406458745e-06,0.0001030938292387873,2.1656819626514334e-06,3.5082321119261906e-06,2.3832189981476404e-06,1.4577942238247488e-05,2.5378798454767093e-05,0.00022525664826389402,5.0900289352284744e-06,1.616586814634502e-06,0.0002732342400122434,0.0001532684691483155,2.563589305282221e-06,7.197970990091562e-05,5.970676284050569e-06,5.8515038290352095e-06,1.42228952881851e-06,0.00013145293632987887,8.092868597486813e-07,3.9231966297847976e-07,6.827958145549928e-07,1.777531110747077e-06,0.0001057671761373058,6.784293873351999e-06,2.249150929856114e-05,5.459632120619062e-06,9.03931686480064e-06
201204,0.00010736659169197083,4.979952450412384e-07,5.287137128107133e-07,9.222305379807949e-05,0.0003018390270881355,0.000225722324103117,3.5635575841297396e-06,2.3474171030102298e-05,5.150306606083177e-05,6.425005267374218e-05,7.814347782186815e-07,1.3711327255805372e-06,1.1753356375265867e-05,1.0210676919086836e-05,4.686291049438296e-06,6.890940858284011e-05,4.271623311069561e-06,2.2620812160312198e-05,4.0678236246094457e-07,2.4625514924991876e-06,9.23501283978112e-05,9.373679858981632e-07,6.386782160916482e-07,3.249988651532476e-07,0.0003644253592938185,0.00018184575310442597,3.258547565110348e-07,1.5942303434712812e-05,1.4261615888244705e-06,5.211676921135222e-07,2.4556038624723442e-05,3.2879263471841114e-06,0.0018650576239451766,1.6907126791920746e-06,6.734418275300413e-05,2.011919059441425e-05,4.6579934576129745e-08,3.352035128045827e-05,1.06605762084655e-06,2.867352804969414e-06,0.0002860290405806154,1.5144907592912205e-05,5.924409197177738e-05,5.66918752156198e-05,1.6731993355278973e-06,1.62795877258759e-05,4.705411356553668e-06,1.2551007557703997e-06,5.0863436626968905e-05,2.463485361658968e-05,7.776660640956834e-05,0.00016384900663979352,0.0009011079673655331,2.9920618089818163e-06,1.9508031527948333e-06,8.460000572085846e-06,4.843148417421617e-06,6.449211468861904e-06,2.1774885681224987e-06,5.325896950125752e-07,1.4820469687037985e-06,4.634305150830187e-05,3.944251875509508e-05,7.050814747344702e-05,1.1194537137271254e-06,2.2261650883592665e-05,1.6199235687963665e-05,1.4489114619209431e-05,3.14154131046962e-05,1.6111780496430583e-06,4.070909199072048e-06,6.315372047538403e-06,4.5729248654424737e-07,1.7816073523135856e-06,2.1352841486077523e-06,4.894258381682448e-06,0.00010108348942594603,8.82537460711319e-06,6.109424361966376e-07,6.262886745389551e-05,2.4389830741711194e-06,3.7600841551466146e-06,0.0005114452796988189,3.743864726857282e-05,0.00023171916836872697,1.0251677849737462e-05,7.619582902407274e-06,0.00011576064571272582,7.168235697463388e-06,4.130235538468696e-06,2.0209065496601397e-06,1.187172529171221e-05,3.21634543070104e-05,0.00016871483239810914,8.097987119981553e-06,2.7690348360920325e-06,0.0002639507583808154,0.00012979299935977906,1.3013294619668159e-06,7.80927439336665e-05,9.056484486791305e-06,6.099111487856135e-06,6.343295240185398e-07,0.0001680776767898351,1.4442754263654933e-06,3.725826616118866e-07,8.981631935967016e-07,9.139581038652977e-07,8.50212381919846e-05,9.672176020103507e-06,1.93835367099382e-05,3.4771946957334876e-06,1.5199760127870832e-05
201205,9.432851220481098e-05,5.507753257916193e-07,1.2653422345465515e-06,4.9517195293447e-05,0.0002168681676266715,0.00018338242080062628,2.546663154134876e-06,1.2012088518531527e-05,5.1973849622299895e-05,5.8745965361595154e-05,1.383200469717849e-06,2.585097263363423e-06,1.1503342648211401e-05,8.554817213735078e-06,4.806553988601081e-06,5.7229644880862907e-05,5.977853106742259e-06,2.597765706013888e-05,1.6417305914728786e-06,2.2691249341733055e-06,8.272837294498459e-05,8.85784174897708e-07,3.001665049850999e-07,3.6511386269921786e-07,0.0005467958399094641,0.0001923872041516006,3.5137844633936766e-07,1.3159332411305513e-05,9.582734037394403e-07,7.434829853991687e-07,2.1909725546720438e-05,5.398490884545026e-06,0.0018490352667868137,1.5370952723969822e-06,8.125920430757105e-05,1.7911812392412685e-05,2.2737357596724905e-07,2.3204922399600036e-05,5.344548981156549e-07,3.237368900954607e-06,0.00020513578783720732,7.104480118869105e-06,0.0001479482016293332,5.452685581985861e-05,1.257441908819601e-06,1.932467239385005e-05,4.693580194725655e-06,8.170529213202826e-07,5.9084857639390975e-05,2.105102248606272e-05,7.053524313960224e-05,0.00011989988706773147,0.0008249199017882347,3.7926008644717513e-06,2.125024138877052e-06,8.986208740680013e-06,4.215778972138651e-06,8.300628905999474e-06,7.640891794835625e-07,5.389890134210873e-07,1.5533819350821432e-06,3.285499042249285e-05,4.367802102933638e-05,6.418275006581098e-05,1.375326860397763e-06,1.979112312255893e-05,1.68146361829713e-05,1.546567364130169e-05,2.2809017536928877e-05,1.8566702237876598e-06,3.979113898822106e-06,1.177864305645926e-05,4.819074206352525e-07,1.529082510387525e-06,4.452837856661063e-06,3.852774625556776e-06,9.752924233907834e-05,7.220933184726164e-06,1.3831025853505707e-06,5.6985558330779895e-05,3.274281652920763e-06,3.8777552617830224e-06,0.0004957321798428893,3.434896279941313e-05,0.00020854448666796088,2.2646142951998627e-06,5.224684173299465e-06,9.862301521934569e-05,1.679789238551166e-05,3.356595470904722e-06,2.336302259209333e-06,1.1536598321981728e-05,1.853034336818382e-05,0.0001648877514526248,7.355804427788826e-06,1.6233700534939999e-06,0.00028464957722462714,0.00011925567378057167,4.572274974634638e-06,8.4529077867046e-05,5.68435143577517e-06,5.013777808926534e-06,1.0119219950865954e-06,0.00017854977340903133,8.253177270489687e-07,4.3525125192900305e-07,3.3652136721684656e-07,7.634559437974531e-07,9.92674395092763e-05,6.332531029329402e-06,1.8106911738868803e-05,4.378805897431448e-06,1.512017388449749e-05
201206,0.00010816303984029219,1.6724131910450524e-06,1.1725290960384882e-06,9.027803025674075e-05,0.00019792882085312158,0.00017913192277774215,3.0983330816525267e-06,1.9416591385379434e-05,5.2891147788614035e-05,5.028364830650389e-05,1.6491709402544075e-06,1.261640022676147e-06,9.68891163211083e-06,1.5141455151024275e-05,3.233969891880406e-06,5.785376197309233e-05,4.982463451597141e-06,2.7513788154465146e-05,1.648672082410485e-06,3.0747614800930023e-06,8.765156235313043e-05,8.74356032909418e-07,8.883362738743017e-07,9.116401997744106e-07,0.000492434308398515,0.00019410389359109104,8.626272460787732e-07,1.758097823767457e-05,8.118140044643951e-07,6.7603377829073e-07,1.6502506696269847e-05,2.6598797830956755e-06,0.0008801574585959315,2.0967870568711078e-06,6.71979651087895e-05,2.628158290463034e-05,8.140320062466344e-08,2.1021265638410114e-05,6.134590648798621e-07,3.4568470255180728e-06,0.0001766118366504088,8.791324034973513e-06,0.00016332213999703526,6.0077796661062166e-05,3.1186120850179577e-06,1.757193786033895e-05,3.2714137887523975e-06,7.85836903105519e-07,4.960273872711696e-05,2.2494534277939238e-05,6.517794099636376e-05,0.00011965358135057613,0.0007933067972771823,4.019376319774892e-06,1.840053073465242e-06,8.458051524939947e-06,4.831514161196537e-06,1.0771956112876069e-05,1.4383741699930397e-06,3.068077205625741e-07,9.483858320891159e-07,3.1938070605974644e-05,5.4090935009298846e-05,4.597551378537901e-05,9.239166729457793e-07,1.742055428621825e-05,1.728875758999493e-05,1.2903394235763699e-05,2.6542245905147865e-05,6.326812922452518e-07,4.088568857696373e-06,9.123758900386747e-06,4.19716855049046e-07,2.8362499051581835e-06,4.8510473789065145e-06,2.2364429241861217e-06,0.00011744871153496206,1.1436019121902063e-05,1.9850842818414094e-06,4.2883191781584173e-05,2.0782242700079223e-06,4.968382199876942e-06,0.0005084283766336739,3.0105085897957906e-05,0.00021531214588321745,4.997215455659898e-06,5.35270328327897e-06,7.733491656836122e-05,4.207349775242619e-06,3.6200356134941103e-06,1.9702354165929137e-06,1.8073707906296477e-05,1.5146352779993322e-05,0.00016563216922804713,6.887827112223022e-06,1.9565513866837136e-06,0.0002769434649962932,0.00013952588778920472,3.156395905534737e-06,7.410440593957901e-05,5.380537459132029e-06,5.611565939034335e-06,7.430041364386852e-07,0.00019000399333890527,2.0282104742364027e-06,1.5972992173374223e-07,1.6077306952411163e-07,1.6153527440110338e-06,7.46820805943571e-05,4.980834091838915e-06,1.916460860229563e-05,2.997674300786457e-06,1.342788618785562e-05
201207,9.260801743948832e-05,1.5175744465523167e-06,1.158612803919823e-06,0.00025720041594468057,0.00023766876256559044,0.0001447062095394358,2.8680788091151044e-06,1.374602197756758e-05,6.490146915894002e-05,5.7196120906155556e-05,7.711214493610896e-07,8.118857408589975e-07,1.2319193956500385e-05,1.0036829735327046e-05,2.6760390028357506e-06,4.946144690620713e-05,4.182019438303541e-06,3.227619163226336e-05,4.246226126269903e-06,1.8511391317588277e-06,6.362164276652038e-05,1.3275298442749772e-06,4.819283958568121e-07,5.225058998803433e-07,0.0004017932806164026,0.00017942878184840083,9.14877659852209e-07,1.551690547785256e-05,7.319335963984486e-07,4.991352966499107e-07,1.724719550111331e-05,6.189207510942651e-07,0.0019283730071038008,1.124804953178682e-06,6.275549094425514e-05,2.5721574274939485e-05,8.212929003548197e-08,1.7812795704230666e-05,6.497154458884324e-07,2.4612863853690214e-06,0.00014207509229891002,6.540764843521174e-06,0.00012916329433210194,4.2594292608555406e-05,1.725760625959083e-06,1.17048957690713e-05,3.6504925446934067e-06,1.298844040320546e-06,5.284122016746551e-05,2.1963522158330306e-05,5.381925075198524e-05,0.0001133980113081634,0.0007282005972228944,4.140874352742685e-06,2.164634224754991e-06,1.065295327862259e-05,5.257536031422205e-06,9.008108463604003e-06,3.685394744934456e-07,4.0366430198446324e-07,1.3588479532700148e-06,2.2731503122486174e-05,3.834571180050261e-05,4.016375896753743e-05,7.912760793260531e-07,1.9517965483828448e-05,1.4833846762485337e-05,1.4930052202544175e-05,2.873678931791801e-05,8.569919032197504e-07,2.9087789243931184e-06,3.4810282159014605e-06,6.121397291281028e-07,2.1371765797084663e-06,4.5195752136351075e-06,1.305489604419563e-06,0.00015654669550713152,8.580405847169459e-06,1.540213361295173e-06,5.166007758816704e-05,2.4050807496678317e-06,3.292307155788876e-06,0.000541096378583461,2.6940568204736337e-05,0.00023040053201839328,7.892444955359679e-06,5.4094489314593375e-06,4.089681533514522e-05,2.4945200038928306e-06,3.950020982301794e-06,1.7453801319788909e-06,2.1131390894879587e-05,1.0047372597909998e-05,0.00017372504225932062,5.5637538025621325e-06,2.1460236894199625e-06,0.00029506327700801194,0.00013028160901740193,3.3994808745774208e-06,5.566377149079926e-05,4.898908173345262e-06,4.792823801835766e-06,1.1257988035140443e-06,0.0001557622163090855,2.0804347968805814e-06,2.816271660321945e-07,8.226489853768726e-07,1.3003393632970983e-06,8.032731420826167e-05,5.516055807675002e-06,1.988493932003621e-05,4.0319719118997455e-06,9.847785804595333e-06
201208,9.034803224494681e-05,2.6445188723300816e-06,3.400443347345572e-06,0.0001804108323995024,0.00024085894983727485,8.078992686932907e-05,2.6061975404445548e-06,2.521719943615608e-05,6.963557098060846e-05,4.617669401341118e-05,1.513369170424994e-06,5.750268883275567e-07,1.3784459042653907e-05,1.242843791260384e-05,2.5115700736932922e-06,4.2290739656891674e-05,5.771163614554098e-06,3.182949512847699e-05,4.223936684866203e-07,1.8219935782326502e-06,5.399927249527536e-05,1.1160632311657537e-06,1.8995319805981126e-07,6.389150826180412e-07,0.0003485744819045067,0.0001737206184770912,7.994968882485409e-07,1.5552272088825703e-05,1.981894229174941e-06,9.077112395061704e-07,1.7266469512833282e-05,1.6251159422608907e-06,0.0028000478632748127,9.691827926872065e-07,7.38581147743389e-05,2.81585416814778e-05,9.792918831408315e-08,1.336699460807722e-05,1.215330371451273e-06,2.538077751523815e-06,7.501530490117148e-05,4.166401595284697e-06,0.00012563029304146767,3.728262163349427e-05,2.2026204078429146e-06,1.5039649042591918e-05,3.252904889450292e-06,1.2341513411229244e-06,5.1490602345438674e-05,2.353041600144934e-05,4.271949364920147e-05,6.798100366722792e-05,0.0006056971033103764,4.105516836716561e-06,2.5505137273285072e-06,9.84618873189902e-06,7.3249348133686e-06,9.598507858754601e-06,3.631288336691796e-07,2.61745725538276e-07,9.093191692954861e-07,8.324233021994587e-06,3.1201627280097455e-05,2.901278821809683e-05,8.173248033926939e-07,1.7258991647395305e-05,1.716800034046173e-05,1.6443726053694263e-05,2.2458083549281582e-05,1.8179042626798037e-06,3.5332921015651664e-06,2.078645820802194e-06,4.227742351758934e-07,1.7775042806533747e-06,2.4925373054429656e-06,9.83408995125501e-07,0.000163972275913693,6.990549991314765e-06,1.188313490274595e-06,3.629701313911937e-05,1.7294137251155917e-06,2.1819903395225992e-06,0.0005240235477685928,3.1038609449751675e-05,0.0002727883402258158,5.762714408774627e-06,6.3984298321884125e-06,4.688194167101756e-05,5.929230724177614e-07,3.3092683224822395e-06,1.3073687341602636e-06,1.2071312085026875e-05,8.195704140234739e-06,0.0002001747488975525,4.1103198782366235e-06,2.019858129642671e-06,0.00028540013590827584,0.00012668647104874253,1.3141540193828405e-06,5.343190787243657e-05,6.568494427483529e-06,2.679540330063901e-06,9.21242303775216e-07,0.00011140849528601393,5.942670213698875e-07,1.4635172362886806e-07,9.325069072474435e-07,1.4987501799623715e-06,7.614409696543589e-05,7.642456694156863e-06,1.9825518393190578e-05,4.270875706424704e-06,8.877435902832076e-06
201209,9.875601244857535e-05,9.855225471255835e-07,6.34529556009511e-07,0.00019052452989853919,0.00027627372764982283,6.050636147847399e-05,2.732302391450503e-06,2.292390854563564e-05,7.5543750426732e-05,3.836218820651993e-05,1.5181516346274293e-06,6.260054874474008e-07,1.7866921552922577e-05,1.2913825230498333e-05,1.345039663647185e-06,3.2375548471463844e-05,6.361083705996862e-06,4.2380179365864024e-05,1.6524111288163112e-06,1.2847059451814857e-06,2.8304792067501694e-05,6.037426487637276e-07,3.570619924175844e-07,4.6815793552923424e-07,0.00020869169384241104,0.00012021027214359492,8.184227908714092e-07,1.4704396562592592e-05,1.671185714258172e-06,3.2180011544369336e-07,2.0907915313728154e-05,4.439000633738033e-07,0.002510272664949298,8.012638659238291e-07,6.455699622165412e-05,4.249499033903703e-05,0.0,1.3729506463278085e-05,8.780714324529981e-07,2.5487231596343918e-06,4.9829628551378846e-05,4.353472377260914e-06,0.0002267813397338614,2.7079140636487864e-05,7.453086254827213e-07,2.552478872530628e-05,4.642020940082148e-06,4.856395321439777e-07,5.1895218348363414e-05,2.0842247977270745e-05,4.0945655200630426e-05,8.460469689453021e-05,0.0005608449573628604,3.00621968563064e-06,2.856621904356871e-06,1.0545544682827312e-05,4.3136019485245924e-06,1.1360178177710623e-05,4.396684119001293e-07,4.69940403036162e-07,7.352798547799466e-07,2.4722658054088242e-06,3.718736843438819e-05,4.315198748372495e-05,6.59777754208335e-07,1.8208900655736215e-05,1.541834353702143e-05,1.4603322597395163e-05,1.6691408745828085e-05,1.5069214214236126e-06,2.1102619029989e-06,2.231463440693915e-06,1.9045619126245583e-07,2.3672491806792095e-06,1.6797631587905926e-06,5.59566672109213e-07,0.00019328674534335732,9.466643859923352e-06,3.4539166335889604e-06,3.782275234698318e-05,9.774414593266556e-07,3.868675776175223e-06,0.0004956740303896368,2.4318413125001825e-05,0.0002941403945442289,2.8932277018611785e-06,3.012797151313862e-06,3.8671081711072475e-05,8.396488055950613e-07,2.190524810430361e-06,1.0924791240540799e-06,3.898036084137857e-06,3.4966235489264363e-06,0.0001536095660412684,2.533716724428814e-06,1.1096059324700036e-06,0.0002243717317469418,0.00022742409782949835,1.3977100934425835e-06,5.9443653299240395e-05,6.005028808431234e-06,2.7045382466894807e-06,5.790424779661407e-07,8.528753096470609e-05,2.491760824341327e-07,2.628416666539124e-07,5.515329348781961e-07,2.525307252199127e-07,5.352514563128352e-05,6.036258582753362e-06,2.0065677745151334e-05,3.3027399695129134e-06,1.012774919217918e-05
201210,8.453832560917363e-05,1.7105409142459393e-06,2.7480555218062364e-06,0.00026419933419674635,0.000218241912079975,8.909714961191639e-05,3.292430164947291e-06,3.014773756149225e-05,5.9777004935313016e-05,3.687749267555773e-05,5.34270270691195e-07,1.2581690498336684e-06,1.4593396372220013e-05,8.064852409006562e-06,3.041973059225711e-06,3.221015867893584e-05,5.896333732380299e-06,2.9295875719981268e-05,1.3890964964957675e-06,1.6949495602602838e-06,2.8772186851711012e-05,1.4385201438926742e-06,3.950249265471939e-07,6.517482233903138e-07,0.00017558151739649475,0.00015171090490184724,1.0812248092406662e-06,2.7673066142597236e-05,1.7049420648618252e-06,1.1389548717488651e-06,2.4909100829972886e-05,5.580327524512541e-07,0.002430663676932454,1.2044612276440603e-06,5.152127050678246e-05,1.7729911633068696e-05,6.24583336161777e-08,1.1173134225828107e-05,6.990961196606804e-07,3.1035817755764583e-06,9.328085434390232e-05,4.515415639616549e-06,0.00033602103940211236,2.6246685592923313e-05,1.129161546487012e-06,1.0698275218601339e-05,5.82555685468833e-06,1.2197447176731657e-06,6.534816202474758e-05,2.2529873604071327e-05,4.584361158777028e-05,7.997549982974306e-05,0.0006250205915421247,5.693892035196768e-06,1.7440088413422927e-06,9.210196367348544e-06,6.42442182652303e-06,8.334669473697431e-06,8.264806865554419e-07,4.273211970939883e-07,1.6925507679843577e-06,7.832193659851328e-06,3.666314296424389e-05,4.563340189633891e-05,1.3328170780368964e-06,1.4585676581191365e-05,9.314861017628573e-06,1.103663362300722e-05,2.3541182599728927e-05,9.262191724701552e-07,2.5059227937163087e-06,1.0751574563983013e-06,1.742200623766621e-07,2.141852746717632e-06,9.997943379858043e-06,4.768776307173539e-07,0.00013394124107435346,8.125862223096192e-06,1.9346359749761177e-06,6.572309212060645e-05,1.5889881979092024e-06,3.872932211379521e-06,0.00046816226677037776,2.2369835278368555e-05,0.00022040393378119916,2.9490265660570003e-06,3.4896818306151545e-06,4.689977868110873e-05,3.8496764886986057e-07,2.9211189485067734e-06,1.1591716884140624e-06,1.0048679541796446e-05,7.365970304817893e-06,0.00014078708773013204,4.0252630242321175e-06,1.3554058568843175e-06,0.00026948348386213183,0.000193082305486314,1.3115983392708586e-06,3.0696250178152695e-05,6.552495960931992e-06,3.380213684067712e-06,6.332106750051025e-07,0.00011982380237895995,9.51914614688576e-07,1.8264829293457296e-07,1.9155484665134281e-07,9.810348728933604e-07,6.201995711307973e-05,7.134412044251803e-06,1.9669079847517423e-05,4.122635345993331e-06,1.6045554730226286e-05
201211,8.579568384448066e-05,1.5901414371910505e-06,2.581329454187653e-06,0.00017250479140784591,0.00024686605320312083,0.00014166251639835536,3.2334346542484127e-06,1.9004339264938608e-05,4.125055784243159e-05,4.202588024782017e-05,1.9468964183033677e-06,1.8622729385242565e-06,1.277451610803837e-05,1.4183093298925087e-05,2.2679480480292113e-06,3.556800220394507e-05,4.4608091229747515e-06,2.50227349170018e-05,1.5788003793204552e-06,2.5059766812773887e-06,0.00010719070996856317,8.954956456364016e-07,3.410898727906897e-07,8.12826442597725e-07,0.0002980824501719326,0.00016380255692638457,8.923364021029556e-07,4.531359445536509e-05,9.904293847284862e-07,1.6247720679984923e-07,2.839793341991026e-05,1.4208542324922746e-06,0.0015206285752356052,1.0350703405492823e-06,6.736408249707893e-05,1.1457241271273233e-05,2.161275887146985e-07,1.5808238458703272e-05,9.3707973292112e-07,2.4946523353719385e-06,9.036774281412363e-05,4.918296326650307e-06,0.0002649523667059839,5.878024239791557e-05,2.1133791960892268e-06,8.715026524441782e-06,5.014639100409113e-06,6.84746567003458e-07,7.087473932188004e-05,1.73893404280534e-05,6.0583024605875835e-05,7.115059270290658e-05,0.0007087812991812825,4.955647455062717e-06,2.5249178179365117e-06,9.204436537402216e-06,5.079388301965082e-06,6.931037660251604e-06,2.0786410459550098e-06,5.712897177545528e-07,1.0034383421952953e-06,1.5974967027432285e-05,3.682712122099474e-05,5.9781657910207286e-05,9.832335763348965e-07,7.226904926938005e-06,7.3241390055045485e-06,8.719637662579771e-06,2.1838115571881644e-05,1.1043447329939227e-06,2.040906565525802e-06,1.7217934100699495e-06,5.078321123619389e-07,1.767458797985455e-06,7.544835625594715e-06,1.4949906699257554e-06,7.722185546299443e-05,1.405368766427273e-05,2.849302063623327e-06,4.7744604671606794e-05,1.8764628748613177e-06,2.9869213449273957e-06,0.00041388190584257245,3.635086977737956e-05,0.0001720301661407575,5.2530654102156404e-06,4.143180831306381e-06,7.114207983249798e-05,8.021634698707203e-07,2.899866103689419e-06,1.2683628938248148e-06,2.1538313376368023e-05,2.0164958186796866e-05,0.0001481973595218733,5.602823875960894e-06,1.4476883052338962e-06,0.0002872475888580084,0.00013310369104146957,1.427061874892388e-06,2.9773482310702093e-05,7.0484893512912095e-06,4.2077049329236615e-06,8.297290605696617e-07,0.00013380119344219565,2.225839125458151e-06,1.1259773202709766e-07,8.205407198147441e-07,9.408747700945241e-07,7.69666294218041e-05,4.78623906019493e-06,2.7684043743647635e-05,4.05624905397417e-06,1.1951101441809442e-05
201212,7.742800517007709e-05,2.3070861061569303e-06,3.805132564593805e-06,8.468344458378851e-05,0.0002105456223944202,0.00021877707331441343,2.486269295332022e-06,1.557719224365428e-05,3.3952521334867924e-05,3.5610526538221166e-05,1.2312847275097738e-06,2.5110591650445713e-06,1.3246717571746558e-05,1.0979309990943875e-05,2.6352336135460064e-06,4.388705929159187e-05,1.974841097762692e-06,1.7186261175083928e-05,3.5752598250837764e-06,5.4049587561166845e-06,0.0003153150319121778,5.97791142809001e-07,6.178216835905914e-07,6.04056140218745e-07,0.00034366565523669124,0.00014975873637013137,7.6385128977563e-07,4.235002052155323e-05,1.4646989257016685e-06,5.808673222418292e-07,4.05606951972004e-05,2.4557261895097326e-06,0.0021312604658305645,1.097304902941687e-06,6.694206240354106e-05,1.0541140909481328e-05,9.124813260541487e-08,9.411116479896009e-06,1.7034524262271589e-06,2.810658543239697e-06,7.948064740048721e-05,7.015082701400388e-06,0.0003222212544642389,6.636554462602362e-05,2.071332573905238e-06,9.929506632033736e-06,4.380234713607933e-06,8.846071182233572e-07,8.195180998882279e-05,1.776663884811569e-05,5.858976146555506e-05,6.159360782476142e-05,0.0005845450796186924,4.3181712499063e-06,1.8215838508695015e-06,7.452385034412146e-06,2.0549375676637283e-06,9.11448023543926e-06,9.75069383457594e-07,1.492995465923741e-06,1.4739523521711817e-06,3.159993138979189e-05,3.3022024581441656e-05,7.120739610400051e-05,9.73778924162616e-07,1.0791504791995976e-05,7.470650416507851e-06,1.1606291081989184e-05,2.0426203263923526e-05,1.01330942925415e-06,2.7900878194486722e-06,1.8191993831351283e-06,4.1096538438978314e-07,2.6589825665723765e-06,5.07831009599613e-06,1.7119153881139937e-06,5.446694922284223e-05,9.99639814835973e-06,2.256667130495771e-06,4.8290759878000244e-05,1.3924076256444096e-06,4.28306748290197e-06,0.0003856111434288323,3.706491770572029e-05,0.0001607639278518036,3.31950536747172e-06,2.9796131002512993e-06,7.111271406756714e-05,1.76686376107682e-06,2.5345814265165245e-06,2.209924559792853e-06,1.5983450794010423e-05,3.440693035372533e-05,0.0001466649555368349,5.519109890883556e-06,1.5147684280236717e-06,0.00028906541410833597,0.0001427337119821459,1.5877337773417821e-06,3.5407116229180247e-05,1.2586461707542185e-05,1.4266785910876933e-05,6.505636065412546e-07,0.00012339804379735142,1.4191224408932612e-06,1.1224820184452255e-07,1.301997087921336e-07,1.0435298918309854e-06,7.572564936708659e-05,4.470330623007612e-06,2.31398571486352e-05,3.81687732442515e-06,1.3449069228954613e-05
201301,0.0002599362633191049,6.635582394665107e-06,3.67766224371735e-05,0.00032485538395121694,0.0011659355368465185,0.0003886771446559578,6.768502771592466e-06,1.5703892131568864e-05,0.00011930961773032323,0.00036518138949759305,2.098316872434225e-05,8.434401024715044e-06,0.0002569624921306968,0.00014481214748229831,2.1416484742076136e-05,0.00012944929767400026,1.3798734471492935e-05,5.41604204045143e-05,1.1562573490664363e-05,9.214401870849542e-06,0.0002908871974796057,5.334944034984801e-06,3.5958748867415125e-06,4.833082584809745e-06,0.0008780178031884134,0.0004920365754514933,1.7583688531885855e-06,0.0003398136468604207,7.5327284321247134e-06,2.230564632554888e-06,6.588570249732584e-05,5.887094630452339e-06,0.0035763850901275873,3.911947260348825e-06,0.00033519777934998274,3.2996431400533766e-05,6.211420213730889e-07,0.00015678750060033053,1.264753609575564e-05,1.3963949641038198e-05,0.0003244770923629403,1.6720237908884883e-05,0.001346512115560472,0.00011512290802784264,1.976876774278935e-06,2.0928435333189555e-05,2.8636019123950973e-05,1.0355715858167969e-05,0.0006406143074855208,0.00010191321780439466,0.00022983149392530322,0.00040885485941544175,0.0013101816875860095,4.1682051232783124e-05,1.0649700016074348e-05,5.481846892507747e-05,3.7317742680897936e-05,3.974822902819142e-05,9.321055586042348e-06,2.7823843993246555e-06,6.1611231103597675e-06,4.4967739086132497e-05,0.00011432345490902662,0.0002553771191742271,6.485635140052182e-07,4.7249759518308565e-05,8.015700586838648e-05,6.81550518493168e-05,4.413117858348414e-05,3.5072548598691355e-06,9.919799595081713e-06,1.3682367352885194e-05,2.32019533541461e-06,3.2111231121234596e-05,9.173978469334543e-06,1.2078169675078243e-05,0.0002427877625450492,6.924907211214304e-05,1.0529657629376743e-05,7.70514234318398e-05,1.3042026694165543e-05,6.5884350988199e-06,0.001147843082435429,0.00013324373867362738,0.0005618039285764098,1.5119900126592256e-05,1.6594751286902465e-05,0.00037337513640522957,5.61297383683268e-06,1.3777146705251653e-05,1.226613312610425e-05,0.0001461113424738869,6.868359196232632e-05,0.0006303026457317173,0.00012847475591115654,1.6405254427809268e-05,0.0007478903280571103,0.0004075095639564097,9.863465493253898e-06,0.0002796824846882373,3.57733661076054e-05,5.126072937855497e-05,1.058550515153911e-05,0.0006312080076895654,1.529429391666781e-05,1.170839709629945e-06,3.251974703744054e-06,9.476681043452118e-06,0.0003420421853661537,3.105266296188347e-05,5.999438144499436e-05,3.1473737180931494e-05,6.701950042042881e-05
201302,0.0002624608459882438,1.5724152035545558e-05,2.114553535648156e-05,0.0004961874219588935,0.0014135383535176516,0.00038465135730803013,6.7072442107019015e-06,1.9608136426541023e-05,0.00012771885667461902,0.0005547639448195696,1.3536539881897625e-05,1.1418261237849947e-05,0.0002915315853897482,0.00016233701899182051,1.2318383596721105e-05,0.00011705320503097028,2.349126043554861e-05,8.214864647015929e-05,4.071225248480914e-06,1.135948423325317e-05,9.138484892901033e-05,9.909531399898697e-06,3.428346872169641e-06,3.902885964635061e-06,0.0009548782836645842,0.0005034247296862304,6.39361530829774e-07,0.0003028416831512004,1.6272162611130625e-05,1.832044745242456e-06,5.6754764955258e-05,3.0091557619016385e-06,0.0037668694276362658,5.039959432906471e-06,0.0003617328475229442,2.93149241770152e-05,0.0,0.00011280415492365137,4.0949547837954015e-05,1.3160342859919183e-05,0.0003629126294981688,3.4857021091738716e-05,0.0009057192946784198,9.453145321458578e-05,9.417074124939973e-07,1.6225543731707148e-05,1.954304207174573e-05,3.082512193941511e-05,0.0006214932072907686,0.00011605759209487587,0.00014727236703038216,0.00041672211955301464,0.0012352108024060726,3.2215120882028714e-05,1.353136667603394e-05,7.163966802181676e-05,3.801071579800919e-05,4.023156361654401e-05,1.0660993439159938e-06,5.290521130518755e-06,5.2782784223381896e-06,4.417505260789767e-05,0.00013436849985737354,0.00029206532053649426,2.8090562409488484e-06,7.730747165624052e-05,4.653874202631414e-05,5.471000986290164e-05,3.5728375223698094e-05,1.3028129615122452e-05,1.7588383343536407e-05,1.2323063856456429e-05,9.431733474229986e-07,2.286217022628989e-05,8.585706382291391e-06,1.1688908671203535e-05,0.0003053949330933392,4.750976950163022e-05,9.6805342764128e-06,0.00011616413394222036,2.5605711925891228e-05,8.647120012028608e-06,0.0012256698682904243,0.00011937894305447116,0.0005892628105357289,5.246824457572075e-06,1.9966912077507004e-05,0.0002937101817224175,1.3387117178353947e-05,1.5045017789816484e-05,1.5816785889910534e-05,0.0001585396530572325,2.5366514819324948e-05,0.0007191874319687486,7.548664143541828e-05,1.902232543216087e-05,0.0006935367709957063,0.0003930699604097754,8.979931408248376e-06,0.00030932010849937797,2.0739911633427255e-05,4.338539292803034e-05,8.59168176248204e-06,0.0004448148247320205,4.780828021466732e-06,1.067405719368253e-06,1.3546581385526224e-06,1.8741175153991207e-05,0.00032626130268909037,3.910041050403379e-05,8.608699135947973e-05,3.96453651774209e-05,8.628721843706444e-05
201303,0.000256108061876148,2.4087234123726375e-05,2.572233643149957e-05,0.0007983849500305951,0.001376451225951314,0.00037948720273561776,5.1845704547304194e-06,1.7318765458185226e-05,0.00012669592979364097,0.000456502428278327,3.9082638068066444e-06,5.881157903786516e-06,0.00027766829589381814,5.431918543763459e-05,1.0714818017731886e-05,0.00010137824574485421,1.669952689553611e-05,5.5746742873452604e-05,9.750630852067843e-06,7.2885236477304716e-06,0.00044501395314000547,1.2077874089300167e-05,3.896733687724918e-06,3.365811380717787e-06,0.0008592610829509795,0.000515366904437542,1.527227254882746e-06,0.0003080187598243356,1.1455354069767054e-05,1.4037752862350317e-06,5.255461292108521e-05,3.2527500479773153e-06,0.0027473599184304476,6.254670097405324e-06,0.0002545983297750354,2.8464803108363412e-05,2.651277384302375e-07,0.00014511201879940927,2.9875835025450215e-05,1.8637543689692393e-05,0.0002802902308758348,1.8953249309561215e-05,0.000978819909505546,0.0001292293018195778,3.4844247238652315e-06,2.4886308892746456e-05,1.950325895450078e-05,2.454936293361243e-05,0.0006483102915808558,7.642030686838552e-05,0.00022879531024955213,0.00046221635420806706,0.0012628365075215697,2.2329961211653426e-05,1.2194077498861589e-05,7.192015618784353e-05,3.838499105768278e-05,3.2712363463360816e-05,1.2816481103072874e-06,6.740501703461632e-06,6.3397083067684434e-06,2.739860792644322e-05,9.999094618251547e-05,0.0002681922051124275,3.6907513276673853e-06,4.295663529774174e-05,4.4340402382658795e-05,6.295245111687109e-05,5.5991957196965814e-05,3.951661710743792e-06,1.3099499483359978e-05,1.7832382582128048e-05,1.5307264220609795e-06,1.7388711057719775e-05,1.1229550182179082e-05,1.6990830772556365e-05,0.00027923216111958027,7.285648462129757e-05,1.0634150385158136e-05,0.0001151713149738498,7.66640641813865e-06,1.3472175851347856e-05,0.001174206379801035,0.00013681389100383967,0.0005227752262726426,3.47447203239426e-05,2.3356305973720737e-05,0.0003101099282503128,4.198735950922128e-06,1.3601393220596947e-05,1.4752730749023613e-05,0.00016214721836149693,5.3216572268866e-05,0.0006817100220359862,0.00010861085320357233,2.6111363695235923e-05,0.0007243355503305793,0.0005106840981170535,8.415387128479779e-06,0.0003486218920443207,1.6252577552222647e-05,3.665680196718313e-05,9.163363756670151e-06,0.00044074360630474985,1.8817641830537468e-05,1.2456710010155803e-06,8.522712846570357e-07,1.234631326951785e-05,0.0003342293784953654,4.907215043203905e-05,8.443692058790475e-05,5.658259033225477e-05,0.00010026984818978235
201304,0.00023584425798617303,4.94321420774213e-06,9.160105400951579e-05,0.0003042234748136252,0.0014173639938235283,0.00024007503816392273,9.581031918060035e-06,1.125764083553804e-05,0.00011964502482442185,0.0006254112813621759,4.43370709035662e-06,4.050766619911883e-06,0.00028120240313000977,0.00010559085785644129,7.396360615530284e-06,9.941663302015513e-05,1.8270911823492497e-05,6.384404696291313e-05,1.9456763311609393e-06,8.806033292785287e-06,0.0001375417341478169,1.0651659067661967e-05,1.4749615502296365e-06,1.1578022167668678e-06,0.0007409797399304807,0.000508291064761579,1.1088010296589346e-06,0.00022695676307193935,2.7240539566264488e-06,4.00376484321896e-06,5.896155198570341e-05,3.7163176784815732e-06,0.004184958059340715,6.4836590354389045e-06,0.0002773997839540243,5.447634248412214e-05,2.550493718445068e-07,0.0001669866469455883,5.982898437650874e-05,1.9640190657810308e-05,0.00020248355576768517,1.5753284969832748e-05,0.0009004182647913694,5.900522228330374e-05,1.1710991202562582e-05,1.1700250979629345e-05,1.3681298696610611e-05,3.482339161564596e-05,0.000576844671741128,9.390726336278021e-05,0.0001571637112647295,0.0004776093701366335,0.0014122435823082924,2.3665992557653226e-05,1.6642587070236914e-05,5.104051160742529e-05,5.6445707741659135e-05,4.757833812618628e-05,5.376840817916673e-06,1.5959421943989582e-06,6.500543349829968e-06,5.222782419878058e-05,7.123246905393898e-05,0.00032885398832149804,3.303070570837008e-06,6.27867120783776e-05,5.238910307525657e-05,7.87243407103233e-05,4.501598232309334e-05,3.148237510686158e-06,1.6798532669781707e-05,2.0593031877069734e-05,1.6600673689026735e-06,1.8430631826049648e-05,1.7535339793539606e-05,7.964754331624135e-06,0.0003495017299428582,4.0310849726665765e-05,1.1917722986254375e-05,7.31274121790193e-05,1.610823892406188e-05,2.230131758551579e-05,0.0011008053552359343,0.00012696422345470637,0.00045085593592375517,5.599087671726011e-05,1.3558238606492523e-05,0.00028424826450645924,1.9176926798536442e-05,9.124303687713109e-06,1.2550286555779167e-05,0.00016497804608661681,4.2213308915961534e-05,0.0006940934690646827,0.0001144693887908943,1.5914434698061086e-05,0.0007359054870903492,0.0005449053714983165,2.1578462110483088e-05,0.00037671890459023416,2.6765084840008058e-05,1.888860970211681e-05,1.2939368389197625e-05,0.0004347105568740517,1.5027480912976898e-05,1.1793746352850576e-06,4.124664428672986e-06,1.9692719433805905e-05,0.00033823837293311954,3.405641109566204e-05,7.306913903448731e-05,3.636277688201517e-05,9.026382031152025e-05
201305,0.00022996991174295545,1.9293962395749986e-05,8.430895832134411e-05,0.00043059210292994976,0.0012404880253598094,0.00018566127982921898,5.929733561060857e-06,2.818771099555306e-05,0.00016305358440149575,0.0006072080577723682,2.0844229311478557e-06,7.077484951878432e-06,0.0003022132150363177,0.00011824088869616389,1.3657097952091135e-05,0.00011448887380538508,2.8408907382981852e-05,7.490267307730392e-05,8.217820322897751e-06,1.6981139197014272e-05,4.436519157025032e-05,3.859305252262857e-06,3.5787322758551454e-06,4.3960430957667995e-06,0.0006667427369393408,0.0004804408235941082,2.4852431579347467e-06,0.00019227172015234828,3.747898745132261e-06,3.179165105393622e-06,4.469284613151103e-05,6.2593130678578746e-06,0.00846012867987156,1.883938580249378e-06,0.00024664952070452273,2.9378403269220144e-05,0.0,0.00016983562090899795,7.412991544697434e-05,1.4500838005915284e-05,0.00018606758385431021,1.533371141704265e-05,0.0012105397181585431,4.167189035797492e-05,3.4138972750952234e-06,7.795668352628127e-06,1.749293733155355e-05,2.9171089408919215e-05,0.0005964289302937686,6.9119778345339e-05,0.00010227363964077085,0.0004555264313239604,0.0013259166153147817,2.306565693288576e-05,2.6904135665972717e-06,8.285544026875868e-05,2.617412064864766e-05,3.155524973408319e-05,3.1121969641390024e-06,3.1069125725480262e-06,1.122754838434048e-06,3.53698487742804e-05,0.00010087229748023674,0.0003120445762760937,1.3553965345636243e-06,5.192134631215595e-05,5.6196313380496576e-05,5.886065628146753e-05,4.496234760154039e-05,1.119766693591373e-05,2.3463631805498153e-05,1.1860180165967904e-05,2.655670414242195e-06,1.710862125037238e-05,2.541401954658795e-05,5.502121439349139e-06,0.00045989840873517096,4.43369171989616e-05,5.763824447058141e-06,9.570984548190609e-05,1.4886689314153045e-05,1.4192114576871973e-05,0.0011282033519819379,0.00012725696433335543,0.0005152449011802673,2.7602356567513198e-05,3.352686690050177e-05,0.000322459964081645,1.5144805729505606e-05,1.5481593436561525e-05,1.319481907557929e-05,0.0001466700341552496,5.256382064544596e-05,0.0006832686485722661,0.00010696133540477604,1.87828773050569e-05,0.0007472581346519291,0.0005909824976697564,1.1806092516053468e-05,0.0003546021762304008,1.8818307580659166e-05,2.0849136490141973e-05,5.846696240041638e-06,0.00030027198954485357,1.2225505088281352e-05,2.324488150406978e-06,1.948530552908778e-06,1.229999543284066e-05,0.00022006318613421172,4.7158067900454625e-05,6.755370122846216e-05,2.9087215807521716e-05,6.398653204087168e-05
201306,0.00029502512188628316,1.6861076801433228e-05,4.352886026026681e-05,0.00021387575543485582,0.001243935781531036,0.0001260255230590701,6.989391295064706e-06,2.474621396686416e-05,0.00015585726941935718,0.0007991815218701959,2.513739900678047e-06,2.7052230961999157e-06,0.0003023645840585232,0.00015921986778266728,6.7463201958162244e-06,9.645077079767361e-05,3.830247442238033e-05,8.816923946142197e-05,6.543697963934392e-06,9.488827345194295e-06,6.900125299580395e-06,5.374884040065808e-06,9.041374937623914e-07,6.1904415815661196e-06,0.0006696301861666143,0.00040290987817570567,4.4961549861000094e-07,0.00017943458806257695,5.0746725719363894e-06,3.1815245620236965e-06,6.684919935651124e-05,2.817858330672607e-06,0.004753448069095612,2.6877498839894542e-06,0.00024872965877875686,3.667901910375804e-05,2.4155522169166943e-06,0.00018873006047215313,6.504882912850007e-05,2.0121100533287972e-05,0.00012045850598951802,1.08355316115194e-05,0.0017757985042408109,4.79797126899939e-05,4.729524334834423e-06,1.0935936188616324e-05,2.2418036678573117e-05,2.8821828891523182e-05,0.0005245120264589787,0.00011828466085717082,0.0001473144511692226,0.0002963730366900563,0.0009207644616253674,2.676815893210005e-05,1.1958266441070009e-05,6.957926962058991e-05,4.111303496756591e-05,2.355036667722743e-05,1.8890270894189598e-06,3.0058301945246058e-06,1.0523040145926643e-05,3.487685171421617e-05,9.949091327143833e-05,0.00028626047424040735,3.4317897643632023e-06,4.2202485929010436e-05,5.283607242745347e-05,8.772728324402124e-05,1.8392647689324804e-05,1.343388794339262e-05,2.1766276404378004e-05,7.474424364772858e-06,2.2726408133166842e-06,1.8047487174044363e-05,3.30199945892673e-05,1.8829121472663246e-05,0.0005432304460555315,3.408322299947031e-05,6.868756827316247e-06,8.982551662484184e-05,1.0539745744608808e-05,1.1165930118295364e-05,0.0010124562541022897,8.351575525011867e-05,0.000487046898342669,1.4398492567124777e-05,3.458339415374212e-05,0.000288185867248103,6.358311566145858e-06,1.6686197341186926e-05,7.310988166864263e-06,0.000279439176665619,1.8423141227685846e-05,0.0007323878817260265,8.118123514577746e-05,2.1420115444925614e-05,0.0007337287534028292,0.0006602077628485858,1.3199150998843834e-05,0.0003357389068696648,1.6925538147916086e-05,3.825661406153813e-05,8.475200957036577e-06,0.0002817292988765985,8.186403647414409e-06,8.576298000662064e-07,1.083604956875206e-06,6.290916644502431e-05,0.00019692329806275666,5.2374736696947366e-05,5.914865687373094e-05,2.6959276510751806e-05,4.3275384086882696e-05
201307,0.00026971474289894104,1.9194518245058134e-05,6.171337008709088e-05,0.00041420356137678027,0.0012165982043370605,0.00013202367699705064,6.429404038499342e-06,1.7016776837408543e-05,0.0001792504481272772,0.0011246217181906104,2.930890559582622e-06,3.7204817999736406e-06,0.00027331948513165116,0.00015033429372124374,2.5804632969084196e-05,0.00012760677782353014,1.9644445274025202e-05,8.02486902102828e-05,5.939425136602949e-06,1.7261058019357733e-05,0.00010001561895478517,5.674852218362503e-06,3.5131936328980373e-06,4.8962156142806634e-06,0.0005403117975220084,0.0003751520998775959,4.00275439460529e-06,0.0001741924206726253,1.597616937942803e-05,3.2127068152476568e-06,6.657656922470778e-05,4.681503469328163e-06,0.016906725242733955,3.705698645717348e-06,0.00016529047570656985,4.746991180581972e-05,5.886771305085858e-06,0.00011315786832710728,6.044503970770165e-05,1.5861514839343727e-05,9.093403787119314e-05,3.0857929232297465e-05,0.0017614595126360655,3.552688212948851e-05,5.679568857885897e-06,1.2150489965279121e-05,1.907157820824068e-05,2.020443935180083e-05,0.0005716870073229074,0.00012716370110865682,0.00015339741366915405,0.0002479617833159864,0.000991960521787405,2.2502848878502846e-05,9.060665433935355e-06,7.989951700437814e-05,3.945327625842765e-05,2.3161846911534667e-05,3.3305718716292176e-06,5.4175598052097484e-06,4.537268978310749e-06,4.916522448183969e-05,6.619088526349515e-05,0.0002696310984902084,1.564642275297956e-06,4.573353726300411e-05,6.839175330242142e-05,8.484966383548453e-05,3.558349999366328e-05,2.9780512704746798e-05,4.612928933056537e-06,3.188403934473172e-05,2.4341009066120023e-06,9.19531703402754e-06,5.934042746957857e-06,1.013901965052355e-05,0.0006090553943067789,2.413028232695069e-05,8.104225344141014e-06,0.000122869954793714,2.2491158233606257e-05,8.1066809798358e-06,0.0009543539490550756,6.312418554443866e-05,0.0005704539944417775,1.4456717508437578e-05,3.777046731556766e-05,0.00026324071222916245,4.062781954417005e-06,1.2600559784914367e-05,7.500616902689217e-06,0.00029558729147538543,2.6572259230306372e-05,0.0007191456388682127,7.713213562965393e-05,1.2638935004360974e-05,0.0006244214600883424,0.0005980586283840239,1.3720333299716003e-05,0.0002515802625566721,1.2426276953192428e-05,1.4890799320710357e-05,1.0098384336743038e-05,0.0001951649901457131,7.756696504657157e-06,2.8196977837069426e-06,3.750850510186865e-06,2.6670457373256795e-05,0.00025829163496382535,3.2489417208125815e-05,7.24892015568912e-05,2.693282840482425e-05,7.164510316215456e-05
201308,0.0002491009945515543,6.018845397193218e-06,6.0314181610010564e-05,0.0018004130106419325,0.0012743733823299408,0.00023170946224126965,4.018499112135032e-06,1.5453235391760245e-05,0.00017349128029309213,0.0010172572219744325,2.0732918528665323e-06,3.422218242121744e-06,0.0003127051459159702,9.693044557934627e-05,5.824679192301119e-06,8.571380021749064e-05,1.620829789317213e-05,6.339446554193273e-05,1.0294684216205496e-05,7.527223715442233e-06,7.546275446657091e-05,6.737649528076872e-06,5.275355761114042e-06,1.738780611049151e-06,0.0006549559184350073,0.00032410360290668905,1.404467752763594e-06,0.00018683860253077,3.4769269404932857e-05,2.277481826240546e-06,5.397060886025429e-05,6.1065907175361644e-06,0.0016923090443015099,2.9774384984193603e-06,0.0002377033670200035,2.2262573111220263e-05,0.0,6.237896013772115e-05,7.811374234734103e-05,7.62017089073197e-06,8.988316403701901e-05,4.63247015431989e-05,0.0009700429509393871,1.9841118046315387e-05,1.3793725884170271e-05,1.9875758880516514e-05,1.3571670933743007e-05,1.1524720321176574e-05,0.0005557182594202459,0.00010741062578745186,0.00010315961117157713,0.00019164283003192395,0.0008535236120223999,1.2827802493120544e-05,2.004908128583338e-05,6.545040378114209e-05,3.685624324134551e-05,2.51632955041714e-05,1.4998462347648456e-06,1.9546774638001807e-05,7.31671161702252e-06,3.257363641750999e-05,9.79959950200282e-05,0.0002452931075822562,1.945584926943411e-06,4.48741702712141e-05,6.145460065454245e-05,4.910807911073789e-05,2.6773333956953138e-05,7.622241469107394e-07,1.3582164683612064e-05,3.2224274036707357e-05,1.923942818393698e-06,1.847225757956039e-05,1.683244227024261e-05,6.072526957723312e-06,0.0006642242078669369,6.627941911574453e-05,4.3399008973210584e-06,0.00013655646762344986,1.4702367479912937e-05,1.257379335584119e-05,0.0009882283629849553,8.656636055093259e-05,0.0004966034321114421,3.8674293136864435e-06,3.594199733925052e-05,0.0003092120459768921,3.686743639264023e-06,1.8409386029816233e-05,1.342936866421951e-05,0.00016842033073771745,4.252019789419137e-05,0.0006113386480137706,4.249770790920593e-05,1.1437436114647426e-05,0.0006287829019129276,0.0006586392992176116,1.2888054698123597e-05,0.00023146942839957774,1.184791290143039e-05,2.6829611670109443e-05,1.0363276487623807e-05,0.00022654225176665932,8.770173735683784e-06,6.449370175687363e-07,1.1565720114958822e-06,4.118733340874314e-05,0.00029364132205955684,2.9174789233366027e-05,6.179953925311565e-05,3.173252480337396e-05,4.32308079325594e-05
201309,0.00032657457632012665,1.6055228115874343e-05,6.43556923023425e-05,0.0002972257207147777,0.00115739437751472,0.000204265073989518,1.696702020126395e-05,2.3883978428784758e-05,0.00017047047731466591,0.001338062691502273,1.0103538443217985e-05,2.226355718448758e-06,0.0002807654964271933,0.00011009325680788606,1.172898100776365e-05,9.271108865505084e-05,7.235491011670092e-06,0.0001041380237438716,3.5015000321436673e-06,9.451290679862723e-06,6.535767897730693e-05,3.4849686016968917e-06,5.309675543685444e-06,2.8618130727409152e-06,0.0002706029044929892,0.00029401766369119287,3.1380916425405303e-06,0.00013867429515812546,6.547742941620527e-06,2.2995243398327148e-06,4.3120497139170766e-05,8.186096920326236e-07,0.005875687580555677,1.4202446436684113e-06,0.00019797579443547875,4.0928996895672753e-05,5.8712062127597164e-06,4.725161488750018e-05,5.5809327022871e-05,7.039539013931062e-06,7.511414878536016e-05,2.231126381957438e-05,0.0013613064074888825,1.2475094990804791e-05,6.022913566994248e-06,8.904771675588563e-06,1.4601008842873853e-05,1.2402510037645698e-05,0.000603620836045593,9.36448632273823e-05,0.00012250313011463732,0.00016881224291864783,0.0007409012177959085,9.655673238739837e-06,5.153738584340317e-06,9.240308281732723e-05,4.361227183835581e-05,2.8243495762581006e-05,2.0758620848937426e-06,1.5199739209492691e-05,8.700731996214017e-06,5.609850995824672e-05,0.00010504730744287372,0.0002405370760243386,9.878669970930787e-07,4.177358277956955e-05,6.583282811334357e-05,8.289919787785038e-05,2.1875244783586822e-05,6.035851583874319e-06,1.3516601029550657e-05,3.21372426697053e-05,1.935734417202184e-06,4.983124199497979e-06,2.3750952095724642e-05,3.0585727017751196e-06,0.00073138193693012,3.25676410284359e-05,5.34328455614741e-06,8.434370829490945e-05,1.7167607438750565e-05,6.7051455516775604e-06,0.0010268049081787467,5.6541000958532095e-05,0.0005733476718887687,3.908281541953329e-06,3.0670056730741635e-05,0.00026734761195257306,4.246237494953675e-06,1.2983355190954171e-05,8.15040766610764e-06,0.0002093249640893191,2.4087992642307654e-05,0.0006487157661467791,6.625012611038983e-05,1.3313582712726202e-05,0.0005818298668600619,0.0006963748019188643,1.4114072655502241e-05,0.00023921695537865162,1.663501279836055e-05,1.1324673323542811e-05,9.556330951454584e-06,0.0001940018992172554,5.970899564999854e-06,1.8752217556539108e-06,2.2599481326324167e-06,9.923363904817961e-06,0.00015763237024657428,5.293687354424037e-05,6.701938400510699e-05,4.080406506545842e-05,6.961782491998747e-05
201310,0.00031726775341667235,6.0423459217417985e-05,5.0981121603399515e-05,0.0002213874540757388,0.0011426083510741591,0.0002605098707135767,1.5139755305426661e-05,9.156811756838579e-06,0.00015779021487105638,0.0010478673502802849,3.3449180136813084e-06,2.914080596383428e-06,0.00022246902517508715,0.00010614560596877709,2.328369373572059e-05,7.690475467825308e-05,3.643384843599051e-05,8.079674444161355e-05,1.0889979421335738e-05,8.85758527147118e-06,0.00016191751637961715,3.156745378873893e-06,2.4945629775174893e-06,4.25917232860229e-06,0.0002753387379925698,0.0003214951138943434,8.788900231593288e-06,0.0001345847122138366,8.906903531169519e-06,1.7977075685848831e-06,5.89010160183534e-05,1.3894178891860065e-06,0.0014798473566770554,2.1194396140344907e-06,0.00019536046602297574,1.2139623322582338e-05,1.5308513638956356e-06,6.082642721594311e-05,7.837120938347653e-05,1.2929152944707312e-05,0.00010634356294758618,1.1094667570432648e-05,0.0014719311147928238,3.8633854273939505e-05,5.960918770142598e-06,7.2296975304197986e-06,1.297428025281988e-05,1.3224331269157119e-05,0.0005532994982786477,0.00011879047087859362,0.00012165602674940601,0.00017823769303504378,0.0009210910648107529,1.3913034308643546e-05,5.868965217814548e-06,0.0001046261313604191,3.722349720192142e-05,2.8562020816025324e-05,2.9048935630271444e-06,3.671447302622255e-06,2.6460495519131655e-06,2.5609844669816084e-05,9.955397399608046e-05,0.0001691954821581021,1.0031009196609375e-06,3.307803126517683e-05,6.610070704482496e-05,4.857138264924288e-05,2.4458098778268322e-05,1.0759170436358545e-05,3.395118619664572e-05,3.531773472786881e-05,1.1245559790040716e-06,3.891359028784791e-06,1.2527692888397723e-05,3.105756331933662e-05,0.000719712465070188,2.8650169042521156e-05,6.703117833239958e-06,0.0001283900492126122,1.5345405699918047e-05,1.0778177966130897e-05,0.0010061714565381408,5.181189771974459e-05,0.0004331363888923079,6.319829026324442e-06,3.55994634446688e-05,0.0002957442484330386,2.5828505840763682e-06,1.6927731849136762e-05,2.2129770513856784e-05,9.375676017953083e-05,1.7242215108126402e-05,0.0004967307904735208,7.0740316004958e-05,1.1996513421763666e-05,0.0006063065375201404,0.000887041911482811,9.467934432905167e-06,0.0002433656482025981,1.4322969036584254e-05,8.872289072314743e-06,9.757940460985992e-06,0.00020517730445135385,1.924062871694332e-06,1.6679063037372543e-06,1.353668835690769e-06,6.377296358550666e-06,0.00021700687648262829,3.0116334528429434e-05,6.140703771961853e-05,2.058641257463023e-05,5.674172280123457e-05
201311,0.0002254721475765109,1.6848304085215204e-06,2.3569045879412442e-06,0.0004767542122863233,0.0011511191260069609,0.00018110255768988281,4.912189979222603e-06,1.0341204870201182e-05,8.102301217149943e-05,0.0007072456064634025,6.2257645367935766e-06,5.418621640274068e-06,0.0002517901302780956,0.000183816984645091,2.3474996851291507e-05,0.0001095396582968533,8.657170837977901e-06,4.9234502512263134e-05,9.643546036386397e-06,7.745857146801427e-06,2.2616295609623194e-06,1.394362607243238e-05,3.5367461350688245e-06,4.7588650886609685e-06,0.0004043148073833436,0.00037461071042343974,3.5681869121617638e-06,0.00012256002810318023,9.44114253798034e-06,2.16719104173535e-06,4.441025885171257e-05,4.516192348091863e-06,0.0019217844819650054,3.6411934161151294e-06,0.00022320535208564252,1.8991553588421084e-05,5.085787506686756e-07,0.00010244468285236508,9.458564454689622e-05,2.0383311493787915e-05,9.89462059806101e-05,1.0913063306361437e-05,0.0014098400715738535,5.714965664083138e-05,1.2400191735650878e-05,1.9430484826443717e-05,2.278402644151356e-05,2.3691221940680407e-05,0.0006675694603472948,8.141824946505949e-05,0.0001870877022156492,0.0003394084342289716,0.000716230773832649,1.229251574841328e-05,1.5219390661513899e-05,6.0222853790037334e-05,2.2977257685852237e-05,3.870196815114468e-05,2.1735784230259014e-06,2.951156830022228e-06,3.0325829811772564e-06,1.9501901988405734e-05,5.762427826994099e-05,0.00022957409964874387,1.7965539882425219e-06,5.002629040973261e-05,7.029414700809866e-05,4.275351238902658e-05,2.6387189791421406e-05,1.4094398466113489e-05,2.745843266893644e-05,4.51142523161252e-06,1.3395740552368807e-06,8.17702675703913e-06,1.7915557691594586e-05,3.537500015227124e-05,0.00038117868825793266,9.647647675592452e-05,1.4198967619449832e-05,0.00011112293577753007,2.8967184334760532e-05,9.817638783715665e-06,0.0008283279021270573,0.00011470681783976033,0.00047050163266249,6.970379672566196e-06,3.0335711926454678e-05,0.00035567948361858726,1.986132019737852e-06,2.2221560357138515e-05,1.3966609003546182e-05,0.00014820338401477784,1.8890685169026256e-05,0.0005151984514668584,6.167695391923189e-05,5.430311830423307e-06,0.0006695538177154958,0.0006922733155079186,5.699380380974617e-06,0.00021184049546718597,3.768232272705063e-05,2.0073979612789117e-05,6.351341653498821e-06,0.00021254827152006328,1.5816401628399035e-06,2.6332140805607196e-06,5.021300921725924e-07,1.900026654766407e-05,0.00014282090705819428,4.590454773278907e-05,9.105601930059493e-05,5.102154318592511e-05,8.78633072716184e-05
201312,0.0002472904743626714,6.547492375830188e-05,3.193434395143413e-06,0.00020025551202706993,0.0011681882897391915,0.0001533476752229035,4.831309524888638e-06,1.2773093658324797e-05,0.0001166010697488673,0.0011059968965128064,2.979204509756528e-06,1.1447117685747799e-05,0.00030965261976234615,0.00013811764074489474,1.0697590369090904e-05,7.981832459336147e-05,6.395697710104287e-05,0.00010195191134698689,4.542960141407093e-06,6.3801417127251625e-06,6.863583985250443e-05,5.111739483254496e-06,2.8980605293327244e-06,5.166529263078701e-06,0.00026262164465151727,0.0003477137361187488,5.3134931476961356e-06,0.00011177964188391343,2.435656097077299e-05,2.2468327642855e-06,0.0001314959954470396,2.2690583136864007e-06,0.012472649104893208,2.7304345167067368e-06,0.00046229202416725457,3.3507163607282564e-05,0.0,5.817343480885029e-05,9.84840007731691e-05,1.6815758499433286e-05,5.181577944313176e-05,1.0937643310171552e-05,0.0016130944713950157,3.7123427318874747e-05,7.071560503391083e-06,1.2638359294214752e-05,2.466966543579474e-05,1.2651413271669298e-05,0.0006062121246941388,7.032374560367316e-05,0.00029537404770962894,0.00027417863020673394,0.000739260227419436,1.2263601092854515e-05,6.954359378141817e-06,7.896486204117537e-05,4.3859941797563806e-05,3.5866036341758445e-05,1.5351662341345218e-06,2.4514765755156986e-06,3.8227899494813755e-06,1.546192834211979e-05,8.411533781327307e-05,0.00027235905872657895,9.790902595341322e-07,5.6763499742373824e-05,4.751990854856558e-05,6.977862358326092e-05,2.5299515982624143e-05,1.5735253327875398e-05,3.447554263402708e-05,1.8271781300427392e-05,1.0637980949468329e-06,6.244696123758331e-06,3.814923911704682e-05,1.9615827113739215e-05,0.0004999194061383605,5.187432179809548e-05,5.6651811064512e-06,0.00015903470921330154,1.8259397620568052e-05,7.362275027844589e-06,0.0008547330508008599,0.00010676886449800804,0.0005241428734734654,4.601216460287105e-06,2.837031934177503e-05,0.00027424251311458647,5.36308107257355e-06,1.1485029972391203e-05,6.8879317041137256e-06,0.00012029007484670728,1.7004096662276424e-05,0.00047017604811117053,4.944916508975439e-05,8.989112757262774e-06,0.0007217758684419096,0.0006720521487295628,1.1799489584518597e-05,0.0002010133321164176,2.7171263354830444e-05,1.0617963198455982e-05,7.264498435688438e-06,0.00020320978364907205,2.7369030703994213e-06,1.1547858775884379e-06,2.0511677121248795e-06,2.2104979507275857e-05,0.0001560639648232609,2.0871884771622717e-05,0.00021258032938931137,7.684385491302237e-05,0.00028450277750380337
201401,7.031690620351583e-05,1.88189405889716e-05,1.3169055819162168e-05,4.4948639697395265e-05,0.0002705914666876197,0.00010133583418792114,7.967661872498866e-07,7.27269207345671e-06,2.950853195216041e-05,0.0004880943743046373,2.3392719583625876e-07,1.8058024124911753e-06,3.8131242035888135e-05,9.409975064045284e-06,9.48113381582516e-07,3.573158028302714e-05,1.4715421457367484e-05,1.7980326447286643e-05,1.0596479569358053e-06,2.9486259336408693e-06,5.505439548869617e-05,1.3974863577459473e-06,5.048214575253951e-07,6.400257461791625e-07,9.881249570753425e-05,0.0001077693304978311,2.7401895295042777e-06,3.244931940571405e-05,7.1791346272220835e-06,3.5112989849039877e-07,2.7223240977036767e-05,6.56883116789686e-08,0.005187681410461664,3.1778645848135056e-07,0.00019829160009976476,6.479664534708718e-06,6.155920573291951e-08,8.711327609489672e-06,6.181423941598041e-06,1.6068917148004402e-06,8.063479981501587e-06,1.3848843991581816e-06,0.00031414732802659273,6.53908000458614e-06,2.984192860822077e-06,2.792938403217704e-06,1.4712584288645303e-06,4.3325462684151717e-07,8.311190322274342e-05,1.8160750187234953e-05,9.292735194321722e-05,2.6650453946786e-05,0.00021132985420990735,3.9311421460297424e-06,6.050922820577398e-07,1.2275308108655736e-05,3.8829221011837944e-06,1.0733027920650784e-05,1.0184608072449919e-06,3.7390218494692817e-06,2.998139905230346e-07,1.606118712516036e-05,2.4624165234854445e-05,4.646656816476025e-05,1.8477543051176326e-07,1.1103419637947809e-05,6.198044957272941e-06,9.648720151744783e-06,1.4984029803599697e-05,2.8605086299648974e-06,4.046778030897258e-06,2.7530525130714523e-06,0.0,7.29734267679305e-07,1.5242023437167518e-05,6.11351879342692e-06,0.00014363341324497014,4.6448094508377835e-06,1.6041612980188802e-06,4.049880226375535e-05,1.8923433344752993e-06,2.466308842485887e-06,0.0003338725073263049,4.531463855528273e-05,0.0001712658122414723,1.9510012805312726e-07,5.052753294876311e-06,6.422905426006764e-05,4.730827072307875e-07,1.897352717605827e-06,1.3876448292649002e-06,4.3683216063072905e-05,3.2081093195301946e-06,0.00011724176874849945,3.345747927596676e-06,2.3211391635413747e-06,0.0003172618744429201,0.00019890148541890085,1.8615680801303824e-06,3.28263922710903e-05,4.774187345901737e-06,8.913337978810887e-07,1.2239881925779628e-06,2.3098838937585242e-05,3.512631110424991e-07,1.0331497435345227e-07,1.398668558749705e-07,2.700640607145033e-06,5.455519203678705e-05,5.143447197042406e-06,7.351835665758699e-05,8.952871212386526e-06,8.110113412840292e-05
201402,8.097750833258033e-05,9.798215614864603e-06,3.6385458770382684e-06,4.773481850861572e-05,0.000262774177826941,9.396208770340309e-05,1.5306059140129946e-06,5.651704213960329e-06,3.545259824022651e-05,0.00044178159441798925,2.444676567847637e-07,6.319390877251863e-07,4.282177906134166e-05,8.299182809423655e-06,8.214366857828281e-07,3.302203185739927e-05,1.0564804142632056e-05,1.8729124349192716e-05,1.0237930609946488e-06,3.032682343473425e-06,6.993419083300978e-05,8.124546866383753e-07,2.3453603148482216e-07,4.4298869283920794e-07,7.67652309150435e-05,8.506041194777936e-05,8.596032785135321e-06,2.9820586860296316e-05,1.0593623301247135e-05,1.4409760069611366e-06,3.693141115945764e-05,1.950374098669272e-06,0.0051412456668913364,3.8657896084259846e-07,0.00021210820705164224,1.0041921996162273e-05,2.43602933380771e-08,7.912524779385421e-06,2.3375189357466297e-06,1.2199262755530071e-06,9.519960258330684e-06,1.4199277984516812e-06,0.00020334373402874917,4.318494120525429e-06,2.4474577458022395e-06,2.4494274839526042e-06,1.3448618574329885e-06,7.581340923934476e-07,7.177028601290658e-05,1.9341490769875236e-05,9.864962339634076e-05,3.104484494542703e-05,0.00021080876467749476,1.973483904293971e-06,2.53047005571716e-06,1.4692490367451683e-05,4.607690698321676e-06,7.273278242792003e-06,1.3984391671328922e-06,3.5722523534786887e-06,2.2476025662854227e-07,1.318242084380472e-05,2.626728019095026e-05,4.2172967368969694e-05,1.714914787953603e-07,1.1035394891223405e-05,8.711288501217496e-06,7.586951596749714e-06,1.0108694368682336e-05,4.185853413218865e-06,1.7479568441558513e-06,1.2433024494384881e-06,1.138297420766321e-07,5.264418518891034e-07,2.574903191998601e-05,7.433955943270121e-06,0.00013467513781506568,8.048386916925665e-06,1.8105794197254e-06,5.770695861428976e-05,6.761503641428135e-07,1.6252575960606919e-06,0.00033208300010301173,3.302769982838072e-05,0.0001555960188852623,4.417088348418474e-07,3.397581394892768e-06,5.141596557223238e-05,9.655612984715845e-07,1.7647980712354183e-06,1.0111328947459697e-06,4.495398388826288e-05,3.3706999147398164e-06,0.00010741905134636909,4.868659289058996e-06,5.914139933338447e-07,0.0003129041870124638,0.0002458215458318591,1.6943472473940346e-06,3.2417665352113545e-05,5.972753115202067e-06,1.2431252116584801e-06,9.800348834687611e-07,1.9299908672110178e-05,7.601096285725362e-07,2.4401444420618645e-07,1.5276715714662714e-07,3.6054864267498488e-06,5.716947271139361e-05,4.132923550059786e-06,7.421557529596612e-05,6.28297493676655e-06,7.695546082686633e-05
201403,7.74346335674636e-05,3.893445864378009e-06,1.2671459444391076e-05,4.1854887967929244e-05,0.00024192909768316895,0.00013987541024107486,1.2459379377105506e-06,9.088639671972487e-06,2.98408922390081e-05,0.00045239971950650215,3.6985926499255584e-07,1.7221083226104383e-06,3.6759192880708724e-05,1.181696916319197e-05,1.962531996468897e-06,3.353513602633029e-05,2.3334168872679584e-05,2.3090145987225696e-05,7.921011615508178e-07,2.1495673081517452e-06,3.319601819384843e-05,5.904553290747572e-07,4.000840760909341e-07,4.6949554644015734e-07,9.36957512749359e-05,8.741099736653268e-05,1.1448438272054773e-05,3.126157753285952e-05,1.9057406461797655e-05,1.4698273389512906e-06,2.7573232728173025e-05,2.9870136586396256e-06,0.006075031589716673,3.1742084161123785e-07,0.00025316543178632855,1.1993607586191501e-05,1.7012243347380718e-07,8.254188287537545e-06,4.322896984376712e-06,9.93353069134173e-07,7.705709322181065e-06,2.2497333702631295e-06,0.0001814981224015355,3.4568247428978793e-06,2.330122242710786e-06,2.4436496914859163e-06,1.5935960391288972e-06,9.462014531891327e-07,7.348505459958687e-05,1.74622873601038e-05,0.0001259131677215919,2.872184631996788e-05,0.00018494062533136457,3.845805622404441e-06,1.6809759699754068e-06,1.8582366465125233e-05,4.918294962408254e-06,6.665661203442141e-06,7.039129172881076e-07,2.9853490559617057e-06,9.4431719332988e-08,1.3785504961560946e-05,2.8041986297466792e-05,3.383051080163568e-05,2.095966777915237e-07,1.1591425391088706e-05,6.874721748317825e-06,9.112867701333016e-06,1.1997832189081237e-05,2.7102810236101504e-06,1.8588293642096687e-06,9.130833973358676e-07,7.592074524609416e-08,4.994640789846017e-07,3.5242876037955284e-05,1.1624252692854498e-05,0.00014807861589360982,9.929229236149695e-06,1.0772378118417691e-06,6.731771281920373e-05,2.9361542601691326e-06,1.9375424926693086e-06,0.00029341867775656283,5.817557030241005e-05,0.00017315719742327929,2.1335499411634373e-07,4.987034571968252e-06,5.186280031921342e-05,2.1123662463651272e-07,1.6168435195140773e-06,1.6769881767686456e-06,4.5633958507096395e-05,2.9754196475551e-06,0.00010557515633990988,2.747950702541857e-06,8.602298748883186e-07,0.00034588720882311463,0.0002170155494241044,2.39598193729762e-06,3.1534280424239114e-05,6.550546913786093e-06,5.964250249235192e-07,1.531941961729899e-06,2.322189902770333e-05,1.5260470718203578e-06,3.55830678699931e-07,1.5447044177108182e-07,3.4056427011819324e-06,5.767138645751402e-05,3.0631474601250375e-06,0.0001230860798386857,9.28277677303413e-06,8.83719912962988e-05
201404,6.871178629808128e-05,2.828933929777122e-06,4.3188606468902435e-06,5.2737435908056796e-05,0.00024886513710953295,0.00013592471077572554,8.651267648929206e-07,9.432209481019527e-06,1.9296116079203784e-05,0.00029389242990873754,5.03092394410487e-07,2.6426280328450957e-06,3.3933632948901504e-05,1.2388971299515106e-05,1.4025074506207602e-06,3.745827416423708e-05,1.9660657926579006e-05,2.3737504307064228e-05,2.2907721586307161e-07,1.9473322936391924e-06,4.0533508581575006e-05,1.2046596111758845e-06,5.22420691595471e-07,4.78292236039124e-07,0.0001004208970698528,8.793665620032698e-05,9.697353107185336e-07,2.181206400564406e-05,4.414826435095165e-06,1.146915906247159e-06,1.6008161765057594e-05,1.2007484656351153e-05,0.0058743092231452465,2.1027349816904461e-07,0.0002472536580171436,7.101866685843561e-06,2.0218264751292736e-07,6.518668669741601e-06,2.940999593192828e-06,2.2128940599941416e-06,8.32385012472514e-06,1.2921719871883397e-06,0.00027421521372161806,5.844583483849419e-06,1.5105488273547962e-06,4.07580910177785e-06,1.806618911359692e-06,1.3124744100423413e-06,7.98900073277764e-05,1.4356477549881674e-05,0.00013346965715754777,1.784771120583173e-05,0.00022787248599343002,2.6841410090128193e-06,2.464345016051084e-06,8.639874067739584e-06,3.70785414816055e-06,8.171206900442485e-06,5.919983436797338e-07,5.540275196835864e-06,1.73498492017643e-07,7.297774573089555e-06,3.210095383110456e-05,2.9003365852986462e-05,2.0899403807561612e-07,9.993727871915326e-06,7.592837846459588e-06,9.726132702780887e-06,1.3854792996426113e-05,2.2727101622876944e-06,1.8686966996028787e-06,2.867031525966013e-06,1.1528616994382901e-07,2.803818119900825e-07,2.996665170940105e-05,9.680709808890242e-06,8.395747863687575e-05,4.9420482355344575e-06,1.600563905412855e-06,4.5202596083981916e-05,2.1741755062976154e-06,2.1178057068027556e-06,0.00024572265101596713,6.0930098698008806e-05,0.00017714868590701371,5.895451522519579e-07,5.7317888604302425e-06,5.238433004706167e-05,5.207210733715328e-07,2.0707700514321914e-06,1.3604726518678945e-06,3.782993371714838e-05,2.989573658851441e-06,0.00010782699973788112,4.698008524428587e-06,1.8612074654811295e-06,0.0003581733617465943,0.00030943116871640086,1.170855625787226e-06,1.8850729247787967e-05,4.2065676097990945e-06,1.1503141195134958e-06,1.1152260412927717e-06,2.314187804586254e-05,7.47223623420723e-07,1.4342884924190002e-07,1.5285525023500668e-07,2.8398178528732387e-06,3.601189382607117e-05,3.6493756851996295e-06,0.00011839107901323587,1.1935288966924418e-05,7.868127431720495e-05
201405,6.03549306106288e-05,4.8493247959413566e-06,8.15816929389257e-06,2.6401492505101487e-05,0.00023675808915868402,6.322088302113116e-05,1.0139116284335614e-06,1.743943357723765e-05,1.4064095921639819e-05,0.00016059498011600226,1.0759450788100366e-06,1.8973516944242874e-06,3.1768657208886e-05,7.162135716498597e-06,3.2707976060919464e-06,3.2815802114782855e-05,5.05575872011832e-06,9.271744602301624e-06,1.2512766716099577e-06,1.8448081391397864e-06,6.842557195341215e-05,7.726129069851595e-07,4.484250837322179e-07,3.778556276756717e-07,0.00018878230184782296,8.449963934253901e-05,1.336811834562468e-07,1.0227430720988195e-05,2.1100913727423176e-06,6.635063414250908e-07,4.161421657045139e-06,2.647568726388272e-05,0.0051041836850345135,3.829943011623982e-07,0.00016526607214473188,6.989344001340214e-06,2.1663595362042543e-07,7.003236532909796e-06,2.527312062738929e-06,1.2821875543522765e-06,2.2949105186853558e-05,8.599955094723555e-07,0.00032185978488996625,7.267639830388362e-06,2.526644266254152e-06,6.484772256953875e-06,2.664371322680381e-06,1.3977255548525136e-06,8.938322571339086e-05,1.5891733710304834e-05,0.00010481683420948684,2.1304082110873424e-05,0.000157331203809008,2.7217879505769815e-06,2.0258100903447485e-06,7.66245648264885e-06,1.9271785731689306e-06,4.333398010203382e-06,1.970895709746401e-06,1.2150075008321437e-06,4.029959939089167e-07,4.739616542792646e-06,2.6923607947537675e-05,2.8848786314483732e-05,1.0012475115672714e-07,8.782894838077482e-06,9.893234164337628e-06,1.0311472578905523e-05,9.545165994495619e-06,2.935295697170659e-06,1.979505896088085e-06,1.9380223648113315e-07,0.0,2.9681294222427823e-07,1.1799977073678747e-05,2.9015596737735905e-05,4.1260271245846525e-05,9.027543455886189e-06,1.1835091981993173e-06,8.438085933448747e-05,5.121476078784326e-06,1.3253779798105825e-06,0.00018473368254490197,4.172784247202799e-05,0.00018498448480386287,2.8141818120275275e-07,6.2234894357970916e-06,6.753974594175816e-05,3.724761370449414e-07,2.283550884385477e-06,1.1656999276965507e-06,3.5328172089066356e-05,2.500816208339529e-06,0.00012891110964119434,3.7197487472440116e-06,4.508736992647755e-07,0.0003454744291957468,0.0002703056379687041,1.2415281389621668e-06,1.2786041224899236e-05,8.794086170382798e-06,2.0413403944985475e-06,1.2289144706301158e-06,2.2691476260661148e-05,1.954457502506557e-06,2.7400932367527275e-07,3.3567908985787653e-07,3.3245564736716915e-06,2.3052631149766967e-05,3.5180041777493898e-06,6.186358950799331e-05,1.3027100976614747e-05,6.854382809251547e-05
201406,5.387134297052398e-05,5.530292582989205e-06,3.232596100133378e-06,1.1515545338625088e-05,0.00021042785374447703,6.584968650713563e-05,6.178444209581357e-07,9.16679528017994e-06,1.1171238838869613e-05,8.859206718625501e-05,8.012483476704801e-07,2.0125692117289873e-06,1.9750492356251925e-05,7.403747531498084e-06,3.364268422956229e-06,4.868921678280458e-05,1.5827704373805318e-06,9.582621714798734e-06,2.8505628506536596e-06,1.0239241419185419e-05,5.470760879688896e-05,2.5250099042750662e-06,6.24023527961981e-07,4.937270432492369e-07,0.0002253282000310719,9.670371218817309e-05,4.924705194753187e-07,6.289773409662303e-06,3.880024451063946e-06,1.6555773072468583e-06,1.0505686077522114e-05,3.5444918466964737e-05,0.0027542083989828825,5.241539611233748e-07,5.127816621097736e-05,7.5120688052265905e-06,1.319175680691842e-06,1.9940365746151656e-05,3.0157179935486056e-06,9.06144009604759e-07,1.9612129108281806e-05,3.6666942833107896e-06,0.0006646781112067401,9.50812318478711e-06,6.5840126808325294e-06,8.317329047713429e-06,4.486204034037655e-06,2.395184765191516e-06,8.683585474500433e-05,1.4551886124536395e-05,3.911456587957218e-05,3.60535123036243e-05,0.00011373089364496991,2.3400416466756724e-06,2.555701030360069e-06,8.835584594635293e-06,3.67600273420976e-06,6.637019396293908e-06,8.74728470989794e-07,3.18451327530056e-07,3.1024623581288324e-07,3.6701626413560007e-06,2.4340368327102624e-05,2.543477967265062e-05,2.6947040510094666e-07,1.3239064173831139e-05,8.992706170829479e-06,8.127512046485208e-06,1.5875792087172158e-05,2.122622390743345e-06,1.667305696173571e-06,1.1067904779338278e-06,3.9114527794481546e-07,1.470178744966688e-06,1.1282029845460784e-05,4.5781991502735764e-05,2.8384913093759678e-05,9.042460987984668e-06,1.4215075907486607e-06,8.88450158527121e-05,1.2627880096260924e-05,1.4775438330616453e-06,0.00012467976193875074,1.738557875796687e-05,0.0005281319608911872,2.578219209681265e-06,8.813604836177547e-06,7.595706847496331e-05,7.965974759827077e-07,2.354037405893905e-06,1.3319321396920714e-06,4.3683827243512496e-05,7.099476533767302e-06,0.00012966294889338315,5.149352546141017e-06,2.0407687770784833e-06,0.00017916286014951766,0.0002735989401116967,1.7630964066484012e-06,1.2411091120156925e-05,9.225253961631097e-06,1.910956598294433e-06,1.6155219100255636e-06,2.4957907953648828e-05,3.264289887283667e-07,4.037055134631373e-07,3.741772616194794e-07,1.4063748494663741e-06,2.0530163965304382e-05,5.603631052508717e-06,1.6076037354650907e-05,4.601461569109233e-06,1.184267966891639e-05
201407,4.514908869168721e-05,7.6782307587564e-06,8.50058040668955e-06,1.00661491160281e-05,0.00018071722297463566,6.075700730434619e-05,1.4179585150486673e-06,1.2151908777013887e-05,9.664704521128442e-06,8.494890062138438e-05,1.2773409707733663e-06,2.382284719715244e-06,2.2972666556597687e-05,3.0253590921347495e-06,6.463621502916794e-06,4.048989649163559e-05,1.425785285391612e-06,6.3762204263184685e-06,2.355744527449133e-06,1.1739134606614243e-05,2.674482857401017e-05,2.5370497951371362e-06,6.288094596129667e-07,6.889662813591713e-07,0.0002407702850177884,0.00010898695472860709,3.4104095902875997e-07,4.88675959786633e-06,3.6282071960158646e-06,8.544718639313942e-07,9.133725143328775e-06,8.873250772012398e-05,0.002699256641790271,3.2434135732728464e-07,5.024511119700037e-05,4.006492872576928e-06,1.5116886515897932e-06,2.1526506316149607e-05,3.2482096230523894e-06,1.6345242102033808e-06,2.657235017977655e-05,3.2977527553157415e-06,0.0007462964276783168,4.879255357082002e-06,9.343349120172206e-06,1.1334759619785473e-05,4.3226900743320584e-06,1.8677598063732148e-06,9.844560554483905e-05,1.4177784578350838e-05,3.0684117518831044e-05,2.0185687390039675e-05,7.24399505998008e-05,2.0775344182766275e-06,2.8096287678636145e-06,6.759143616363872e-06,2.7787441467808094e-06,9.600883458915632e-06,3.4424957107148657e-07,3.689531695272308e-06,4.757329747917538e-07,4.603125489666127e-06,2.7506503101903945e-05,3.541922342265025e-05,2.720161660363374e-07,7.539568287029397e-06,1.0966480658680666e-05,1.0046014722320251e-05,1.4497394658974372e-05,2.2885169528308325e-06,1.2102209439035505e-06,1.4069727285459521e-06,1.4394014158369828e-07,1.92256402442581e-06,8.345977221324574e-06,3.351187115185894e-05,3.127692616544664e-05,5.0286630539631005e-06,6.723178103129612e-07,5.133340891916305e-05,9.21412902243901e-06,2.0256463812984293e-06,0.00013024335203226656,1.773644908098504e-05,0.0008289588731713593,1.4501496252705692e-06,4.823465133085847e-06,7.425398507621139e-05,8.990472224468249e-07,1.781115088306251e-06,1.282641051147948e-06,5.091061393613927e-05,5.440841960080434e-06,0.0001387628581142053,4.689135494118091e-06,1.7035604287229944e-06,0.00019684807921294123,0.00016375762061215937,1.3750511698162882e-06,1.1478742635517847e-05,6.125822892499855e-06,3.030041398233152e-06,1.935930868057767e-06,2.9933653422631323e-05,4.2554893298074603e-07,3.425931538458826e-07,4.209154838008544e-07,2.56786711361201e-06,2.858285552065354e-05,8.128288754960522e-06,1.6477788449265063e-05,4.313495992391836e-06,1.119571243179962e-05
201408,4.597068254952319e-05,2.307166369064362e-06,4.012459157820558e-06,2.6740010071080178e-05,0.00020447748829610646,5.242799306870438e-05,1.0638239018589957e-06,1.2454536772565916e-05,1.189969407278113e-05,5.6082644732668996e-05,7.613373327330919e-07,1.8096969824910047e-06,2.957136348413769e-05,4.680648544308497e-06,5.475018042488955e-06,3.66788444807753e-05,8.799713100415829e-07,6.576214673259528e-06,1.5367938885901822e-06,1.0524841854930855e-05,1.3015875083510764e-05,3.005460484928335e-06,5.740373580920277e-07,3.6856701512988366e-07,0.00023150807828642428,0.00011045402061427012,1.6015825110571313e-07,5.221811989031266e-06,3.01292448057211e-06,1.4630732039222494e-06,8.388043170270976e-06,8.68651331984438e-05,0.0022277063690125942,6.265185561460385e-07,6.183182267704979e-05,2.4426597065030364e-06,1.6250519365712535e-06,1.5687224731664173e-05,2.0758513983309967e-06,3.3888659345393535e-06,4.7086428821785375e-05,2.9514637844840763e-06,0.0004509379214141518,7.2426787482982036e-06,8.546408935217187e-06,6.61586454953067e-06,4.154314865445485e-06,1.498940264355042e-06,9.531070827506483e-05,1.3642267731484026e-05,3.20358740282245e-05,2.546165524108801e-05,7.889563858043402e-05,1.7010451074384036e-06,1.7723987184581347e-06,8.464089660265017e-06,3.164713689329801e-06,9.964127457351424e-06,6.134047225714312e-07,1.2574264474096708e-06,6.125409868218412e-07,6.306222530838568e-06,2.168415994674433e-05,3.070773891522549e-05,3.5270912235318974e-07,1.0185907740378752e-05,8.06798561825417e-06,1.2904106370115187e-05,1.4811165783612523e-05,1.2424322903825669e-06,6.722550551785389e-07,2.6424124826007755e-06,1.2288519712910784e-07,1.4786691053814138e-06,5.8764044297277e-06,2.5152448870358057e-05,2.874277561204508e-05,1.08751346488134e-05,5.583573852163681e-07,5.245517968432978e-05,9.311118446930777e-06,2.4898697574826656e-06,0.00013938530173618346,2.162560667784419e-05,0.000872306409291923,4.6538559672626434e-07,4.094424639333738e-06,7.461004133801907e-05,3.5042205581703456e-06,2.6674483706301544e-06,1.6297097999995458e-06,2.624827902764082e-05,8.288111530418973e-06,0.00014395895414054394,4.866649760515429e-06,1.3819178548146738e-06,0.0002183093602070585,0.00016536081966478378,1.63409413289628e-06,1.3533726814785041e-05,1.0361163731431589e-05,1.509717890257889e-06,1.5040864127513487e-06,3.17607082251925e-05,5.995217975396372e-07,4.828012265534198e-07,3.0618647883784433e-07,8.336612609127769e-07,3.0304416213766672e-05,5.754657649958972e-06,1.1932870620512404e-05,5.8317373259342276e-06,9.030679393617902e-06
201409,4.248034747433849e-05,1.2226510079926811e-06,6.3608799791836645e-06,1.9604125554906204e-05,0.0002034497883869335,2.6282970793545246e-05,1.0692613159335451e-06,1.2014465937681962e-05,1.2622371286852285e-05,2.966461397591047e-05,9.400167755302391e-07,1.666642901909654e-06,3.7205874832579866e-05,5.872384463145863e-06,5.303739726514323e-06,3.888211722369306e-05,8.984690680335916e-07,5.819367743242765e-06,1.5390060070785694e-06,1.1917994925170206e-05,4.298933617974399e-06,2.4672469862707658e-06,5.921231718275521e-07,5.025091809329751e-07,0.00022336014080792665,0.00014529192412737757,3.215745891793631e-07,2.068449703074293e-06,4.017907031084178e-06,1.6814321952551836e-06,1.0607580406940542e-05,0.00010739240678958595,0.0019024042412638664,4.78137451409566e-07,5.867241998203099e-05,3.746268021131982e-06,6.291543854786141e-07,1.3663875506608747e-05,2.2823796825832687e-06,3.842986643576296e-06,3.965945870731957e-05,2.617778363855905e-06,0.000586557958740741,3.3581618481548503e-06,6.123719686002005e-06,8.896073268260807e-06,3.477490281511564e-06,1.792209559425828e-06,9.863162995316088e-05,1.4416691556107253e-05,2.9332168196560815e-05,2.6477473511477e-05,6.929353548912331e-05,2.884626155719161e-06,2.324118668184383e-06,9.391117600898724e-06,6.116369604569627e-06,1.1705002179951407e-05,5.250098524811619e-07,3.965237738157157e-06,3.8214491837607056e-07,4.737063136417419e-06,1.4882278264849447e-05,4.1032857552636415e-05,3.761729487905541e-07,1.0185805876972154e-05,6.080354978621472e-06,1.6459285689052194e-05,1.637868808757048e-05,4.2972993696821504e-07,4.53976781500387e-06,4.013586021756055e-06,3.836055029182717e-08,2.235038436992909e-06,1.0244106306345202e-05,1.2177208191133104e-05,1.9584464098443277e-05,7.823749911040068e-06,8.051894155869377e-07,5.5523305491078645e-05,1.7552252757013775e-05,1.547270130686229e-06,0.00010974082397297025,1.7178850612253882e-05,0.0004970449954271317,3.8367042520803807e-07,6.112557457527146e-06,5.8501325838733464e-05,2.4203693556046346e-06,4.912979875371093e-06,1.9093017726845574e-06,3.1855546694714576e-05,5.687364591722144e-06,0.00013527399278245866,6.273052349570207e-06,2.3255313408299116e-06,0.00018336946959607303,0.00017072410264518112,8.556039006180072e-07,8.542158866475802e-06,7.2068514782586135e-06,4.677441665990045e-06,2.2618928596784826e-06,3.22084451909177e-05,6.805581733715371e-07,3.4880270050052786e-07,4.031920752822771e-07,1.298342112932005e-06,4.31799708167091e-05,5.644920747727156e-06,6.987773758737603e-06,9.565256732457783e-06,1.1019181329174899e-05
201410,3.64351253665518e-05,5.346906277736707e-07,7.9889366588759e-07,0.00013378565199673176,0.00016462369239889085,1.9054117728956044e-05,5.930373845330905e-07,7.358635230048094e-06,9.616268471290823e-06,2.1433175788843073e-05,6.540094545925967e-07,3.285811544628814e-06,3.6368324799695984e-05,5.705235707864631e-06,9.224159839504864e-06,3.707706127897836e-05,1.503279349890363e-06,3.850858774967492e-06,1.812141022128344e-06,9.411094652023166e-06,5.336137746780878e-06,1.414781422681699e-06,2.884530942992569e-07,3.356398678988626e-07,0.00020842555386479944,0.00013928496628068388,4.894301355307107e-07,2.4956377728813095e-06,1.2002298035440617e-06,6.163935495351325e-07,1.0028034921560902e-05,9.557322482578456e-05,0.0018286439590156078,6.076145950828504e-07,5.158457861398347e-05,2.8433300940378103e-06,9.708346624393016e-07,1.4515797374770045e-05,2.793284238578053e-06,1.8271513226864045e-06,3.105516589130275e-05,1.6556111859244993e-06,0.0006093860138207674,5.264493665890768e-06,4.067374447913608e-06,6.974380539759295e-06,4.4942657950741705e-06,2.3294962829822907e-06,0.00012359513493720442,1.3740890608460177e-05,2.6064559278893284e-05,2.2796572011429816e-05,9.393533400725573e-05,4.599350177159067e-06,2.2001586330588907e-06,1.098839220503578e-05,5.7239026318711694e-06,1.2767963198712096e-05,3.8520860812241153e-07,1.204225668516301e-06,1.6141417802373326e-07,4.185741090623196e-06,1.6193383999052458e-05,4.448821709956974e-05,5.36564584763255e-07,1.4179229765431955e-05,6.88663112669019e-06,1.7778482288122177e-05,1.5251317563524935e-05,2.1295367957918643e-07,1.9802664610324427e-06,2.053920752587146e-06,1.8287410341599752e-07,1.4828192433924414e-06,8.727432032173965e-06,1.3872816452931147e-05,1.6824307749629952e-05,5.62168452233891e-06,1.4220507864592946e-06,3.2091906177811325e-05,2.49411696131574e-05,1.7423332110411138e-06,0.00010416453005746007,1.8301596355740912e-05,0.0006456237169913948,1.0153510174859548e-06,4.389542027638527e-06,7.934586028568447e-05,1.873827500276093e-06,2.0570892047544476e-06,1.5543315612376318e-06,1.37500846904004e-05,5.048871571489144e-06,0.00013036411837674677,6.211525032995269e-06,3.0857620458846213e-06,0.00019422855984885246,0.00016785666230134666,1.0014242661782191e-06,7.541827926615952e-06,6.010955985402688e-06,1.0773206668091007e-05,1.4553360188074294e-06,5.049788160249591e-05,5.015958777221385e-07,2.501448932434869e-07,4.7539489855807915e-07,1.2056892728651292e-06,3.8782749470556155e-05,4.1588759813748766e-06,8.655285455461126e-06,6.569122888322454e-06,1.360213354928419e-05
201411,4.2083061998710036e-05,1.3210094493842917e-06,1.9184935808880255e-06,5.3481508075492457e-05,0.00015955806884448975,2.0195489923935384e-05,9.450613447370415e-07,7.854678187868558e-06,8.810298822936602e-06,2.2321240976452827e-05,5.545318799704546e-07,2.836363591995905e-06,3.784510408877395e-05,5.5761101975804195e-06,1.5960054952302016e-05,3.1008661608211696e-05,7.855202852624643e-07,8.202418030123226e-06,1.8532675767346518e-06,9.115981811191887e-06,3.7784302548971027e-06,1.562848296998709e-06,6.685945095341594e-07,2.969604224745126e-07,0.000196930966922082,0.0001413463760400191,5.399346036938368e-07,1.5153851791183115e-06,3.013727791767451e-06,2.221611566710635e-06,1.1231147254875395e-05,0.00011820169311249629,0.001672243350185454,5.10482891513675e-07,5.687212251359597e-05,3.094509793299949e-06,6.342193614727876e-07,2.2760523279430345e-05,1.7800460909711546e-06,3.788433105000877e-06,4.4118405639892444e-05,1.3629078239318915e-06,0.0003606821410357952,6.860069333924912e-06,4.2206261241517495e-06,5.443367172119906e-06,4.3575200834311545e-06,1.483719074713008e-06,0.00011594821990001947,1.7426915292162448e-05,2.4703032977413386e-05,1.9971683286712505e-05,6.759165989933535e-05,2.6383900149085093e-06,2.5122253646259196e-06,1.3877267520001624e-05,5.847444299433846e-06,1.1642190656857565e-05,9.02832482552185e-07,2.100647861880134e-06,1.2232902690811898e-07,3.4917518405563897e-06,2.370678703300655e-05,4.993528636987321e-05,4.247496292464348e-07,1.499221343692625e-05,9.33201863517752e-06,1.3643769307236653e-05,1.8664983144844882e-05,2.6827908072846185e-07,2.9271050152601674e-06,2.037553258560365e-06,7.58786541155132e-07,2.0350187242001994e-06,5.236057404545136e-06,1.694359161774628e-05,1.805722240533214e-05,8.19225260784151e-06,4.847230457016849e-07,3.3235643059015274e-05,5.660976057697553e-06,1.3110003465044429e-06,9.777750528883189e-05,2.1721712982980534e-05,0.000726456695701927,8.910138831197401e-07,2.993439011333976e-06,8.556799730286002e-05,2.394474904576782e-06,2.55493205258972e-06,1.6948046095421887e-06,1.853504181781318e-05,7.380396709777415e-06,0.0001400487235514447,4.172285571257817e-06,2.414245500403922e-06,0.00019197806250303984,0.00014600841677747667,1.2760838217218406e-06,9.860197678790428e-06,6.387221219483763e-06,1.0499001291464083e-05,2.1384412320912816e-06,3.9571681554662064e-05,3.5543919807423663e-07,3.919460880297265e-07,3.107731458840135e-07,7.629672040820878e-07,4.7214671212714165e-05,2.9267910122143803e-06,8.573801096645184e-06,7.263061434059637e-06,1.1130118764413055e-05
201412,4.935495962854475e-05,2.861649818441947e-06,8.998739531307365e-07,2.9742333936155774e-05,0.00016947489348240197,1.0598813787510153e-05,8.06739080871921e-07,4.669496775022708e-06,1.3831339856551494e-05,3.068910154979676e-05,5.887926590730785e-07,1.840957679632993e-06,3.2221498258877546e-05,6.954629043320892e-06,1.2030696780129801e-05,3.5716715501621366e-05,8.876226615939231e-07,8.813397471385542e-06,1.1560808843569248e-06,7.972435014380608e-06,5.322261858964339e-05,1.5380861668745638e-06,3.75668832930387e-07,4.51958555913734e-07,0.0002247906813863665,0.00014392448065336794,8.23917673642427e-07,1.528330699329672e-06,1.8940960444524535e-06,1.7761710751074133e-06,1.0807564649439882e-05,6.345764268189669e-05,0.001483944826759398,5.278824914967117e-07,5.55568840354681e-05,4.525900294538587e-06,6.866080752843118e-07,2.8869400921394117e-05,2.465570560161723e-06,2.4878504518710542e-06,3.1083931389730424e-05,1.1882164017151808e-06,0.0006423901068046689,4.48531909569283e-06,3.6674334751296556e-06,8.324653208546806e-06,4.218478352413513e-06,1.3497672171070008e-06,0.00011681656906148419,1.6941072317422368e-05,2.326816138520371e-05,2.8070227926946245e-05,7.381434988928959e-05,2.574032578195329e-06,1.928318170030252e-06,8.652464202896226e-06,6.1557598201034125e-06,1.2578414498420898e-05,5.506527145371365e-07,3.042149046450504e-06,3.84140918185949e-07,3.864470272674225e-06,2.1710295186494477e-05,4.1785486246226355e-05,3.474720529084152e-07,1.268707183044171e-05,7.963938514876645e-06,1.569287087477278e-05,1.567819526826497e-05,1.2273095535419998e-06,2.2388924207916716e-06,3.061506731683039e-06,9.298175882577198e-07,1.0851102842934779e-06,1.5409003708555247e-06,1.405193870596122e-05,1.3816067621519323e-05,2.4082523850665893e-06,1.2741184036713094e-06,5.807846537209116e-05,1.1672395885398146e-05,2.4987455162772676e-06,9.761375986272469e-05,1.6422598491772078e-05,0.0007221116684377193,7.857386208343087e-07,2.874292931664968e-06,8.168775821104646e-05,1.3422027222986799e-06,2.678767714314745e-06,1.4622796697949525e-06,1.9931325368816033e-05,7.083789569151122e-06,0.00016739362035878003,7.11531674824073e-06,1.8062504523186362e-06,0.0002140383148798719,0.00016822584439069033,1.9851818251481745e-06,8.218108632718213e-06,7.074414952512598e-06,7.632073902641423e-06,1.8633537592904759e-06,3.302479672129266e-05,5.088547823106637e-07,1.4277217985636526e-07,1.1217807127650303e-07,8.362090397895372e-07,4.398097735247575e-05,5.313806468620896e-06,5.9906888054683805e-06,4.47084767074557e-06,1.0527868653298356e-05
201501,0.00017214026593137532,0.0,1.5958847143338062e-05,0.000389442197047174,0.0015696664340794086,2.0510167814791203e-05,3.822328835667577e-06,7.080720388330519e-05,0.00018616716261021793,0.00046682648826390505,0.0,0.0,0.0004985355190001428,0.00026363710639998317,5.919889372307807e-05,0.00014305162767414004,0.0,1.696219806035515e-05,4.2664628381317016e-06,4.821602124138735e-05,0.0003240492951590568,0.0,0.0,0.0,0.0010473522124812007,0.0009809857001528144,2.426413630018942e-05,0.00015419696865137666,0.00010214867506874725,1.1029685992980376e-05,0.0,0.0006030059885233641,0.0063893613405525684,0.0,0.00032010444556362927,0.0,2.9157536118873395e-05,0.00020630510698538274,0.00023310125106945634,2.0083125491510145e-05,0.00037648214492946863,2.3615323243575403e-06,0.0024074583780020475,1.2777760275639594e-05,1.0581992683000863e-05,8.433291804976761e-05,8.056177466642112e-05,5.5830601922934875e-05,0.0011875784257426858,0.0002943107974715531,9.586419764673337e-05,0.00046917758299969137,0.0012095870915800333,0.00016495543241035193,0.0,0.0005983677692711353,4.601078398991376e-05,2.9655720936716534e-05,3.7663953662558924e-06,0.0,0.0,0.0,0.0003067320794798434,0.0003113419224973768,0.0,5.8089291997021064e-05,0.00011819075007224455,0.00011116538371425122,2.2514348529512063e-05,0.00016634375788271427,0.00017674610717222095,0.000288695766357705,0.00013289587514009327,3.6627610825235024e-05,7.637996168341488e-05,0.00017896556528285146,0.00012674932077061385,0.0,2.904269649661728e-06,0.0008462760015390813,0.0002809342695400119,3.034355131603661e-06,0.000732631713617593,0.00016624137060716748,0.0020609204657375813,0.0,0.0003016885311808437,0.0006471454398706555,0.00015286107372958213,6.47800843580626e-05,3.0180099201970734e-05,0.00022037212329450995,1.3056664101895876e-05,0.0009659628267399967,0.0002559757267590612,3.4031028917524964e-05,0.0011849002912640572,0.0006835748790763319,8.642969987704419e-06,0.00039030425250530243,0.00012106139911338687,8.404190339206252e-06,6.772568212909391e-06,0.0004330477095209062,0.0,0.0,0.0,0.00014331101556308568,0.00017231999663636088,3.373337312950753e-05,0.00010871382255572826,0.0002600684529170394,0.00028940485208295286
201502,0.00033730565337464213,6.690515874652192e-06,2.9096127036609687e-05,0.0010583953699097037,0.0016441101906821132,6.093154661357403e-05,1.2065347618772648e-05,4.005664959549904e-05,7.439721957780421e-05,0.0004853237478528172,4.482472286326811e-05,0.0,0.00032017164630815387,0.000266206479864195,0.0001012912907754071,0.00011937849194509909,0.00011575930693652481,4.203614662401378e-05,0.0,4.6461140300380066e-05,0.0012223911471664906,0.0,5.221233550400939e-06,0.0,0.0009498111321590841,0.000977737712673843,3.975820561663568e-07,0.00017183796444442123,1.7321208360954188e-05,3.073478728765622e-05,0.0,0.0007292443769983947,0.006752698682248592,0.0,0.00028594714240171015,0.0,0.0,0.00032788593671284616,0.00024954622494988143,0.0,0.00035326924989931285,1.6762898667366244e-05,0.002268759999424219,0.0,2.9928643925813958e-05,1.9432833141763695e-05,0.00011577388067962602,1.4288476450019516e-05,0.0013487746473401785,0.00027178236632607877,0.00017358067270834,0.0004935128381475806,0.0009995363652706146,0.00015901568986009806,1.4319429055831279e-06,0.00047955309855751693,0.00012790925393346697,9.374619548907503e-05,1.2230225365783554e-05,7.3839032666001e-07,0.0,3.513447882141918e-05,0.00019903919019270688,0.00031401796150021255,0.0,4.6295259380713105e-05,0.0001447146205464378,9.084923658519983e-05,5.8142853958997875e-05,0.0001376632135361433,0.0001935471227625385,0.000329281814629212,0.00016015923756640404,4.5351040171226487e-05,0.0001289056963287294,0.00015368843742180616,0.0002104631857946515,2.186949313909281e-05,0.0,0.0008213990367949009,0.0002903617569245398,0.0,0.0006720199016854167,0.00015066805644892156,0.0019779487047344446,1.619544264030992e-06,0.0002387566928518936,0.0004378356970846653,0.00015090807573869824,3.830652713077143e-05,2.3416885596816428e-05,0.00022774004901293665,0.0,0.0008467239676974714,0.00025116075994446874,0.0,0.0010891195852309465,0.0006616712780669332,8.765941856836434e-06,0.00036398324300535023,9.050904918694869e-05,7.639133400516585e-06,1.5367104424512945e-05,0.0004387846274767071,0.0,0.0,1.8353046016272856e-06,0.00013517691695597023,0.0001434890291420743,3.3782485843403265e-05,0.0001842768833739683,0.00017625660984776914,0.00029141479171812534
201503,0.00031165097607299685,1.4845290024823043e-05,1.3575343473348767e-05,0.0008669294184073806,0.0015486178454011679,7.4202791438438e-05,0.0,3.1411240343004465e-05,0.00014003913383930922,0.000511349702719599,1.2432065886969212e-05,0.0,0.0004240396083332598,0.0001667890028329566,1.536141826363746e-05,0.00010380765161244199,0.0,1.4912657206878066e-05,4.708208507508971e-06,4.4374475692166016e-05,0.0014522107085213065,0.0,0.0,0.0,0.0009634706657379866,0.0008947107126004994,0.0,0.0001654002262512222,5.48776333744172e-05,1.8129872842109762e-05,0.0,0.0004980516387149692,0.0018864109879359603,0.0,0.0003424208553042263,0.0,2.8710466722259298e-05,0.00023072896874509752,0.00024592579575255513,0.0,0.00035762853804044425,7.400591130135581e-06,0.0025303519796580076,3.2566647860221565e-05,1.7332236893707886e-05,2.4786824724287726e-05,0.00012333202175796032,4.356662248028442e-05,0.0011488217860460281,0.0003520910977385938,5.368787969928235e-05,0.000513786100782454,0.0011175351683050394,0.00015733132022432983,1.8851937966246624e-06,0.0004373177362140268,6.243123061722144e-05,4.6749810280743986e-05,1.3425025144897518e-06,0.0,0.0,5.055488600191893e-06,0.00023658963618800044,0.00025480848853476346,0.0,5.626237907563336e-05,0.00010561820090515539,0.00017691524408292025,9.530739043839276e-05,0.0001009835468721576,0.00013140316877979785,0.0003002894518431276,0.00017454865155741572,3.126825686194934e-05,0.0,0.0003124937356915325,0.00011486556468298659,0.0,0.0,0.0005894234054721892,0.00019096517644356936,0.0,0.000751823594328016,0.00014940327673684806,0.002026747213676572,0.0,0.00031606166157871485,0.0006173395668156445,9.879342542262748e-05,4.508184429141693e-05,1.1620559234870598e-06,0.00023078054073266685,1.1033132977900095e-05,0.0009865860920399427,0.00032799801556393504,2.751728425209876e-05,0.0010518466588109732,0.0007182442350313067,7.471262961189495e-06,0.00039955368265509605,7.479863415937871e-05,0.0,3.63624858437106e-05,0.0004445936647243798,0.0,0.0,0.0,0.000266481249127537,0.00016841340402606875,1.3499714441422839e-05,2.7697426048689522e-05,0.000334717973601073,0.0002575432008598
201504,0.00028681414551101625,1.721309672575444e-05,0.0,0.002975173993036151,0.0014641917077824473,0.00014993549848441035,1.0395988283562474e-06,2.9142422135919333e-05,8.667620568303391e-05,0.000651870621368289,0.0,0.0,0.00040344521403312683,0.00028405970078893006,6.69431610731408e-05,0.00012045243056491017,0.00011150567297590896,7.148066652007401e-05,5.1377344789216295e-05,3.447962080826983e-05,0.0022201547399163246,2.7893420337932184e-06,1.6617303799648653e-06,0.0,0.0011212080717086792,0.0010125960689038038,0.0,0.0001929380523506552,4.815308784600347e-05,0.0,0.0,0.0003852959780488163,0.006533092353492975,0.0,0.0003392203070688993,3.096386308243382e-06,4.331029413151555e-05,0.0002624477492645383,0.0003411661309655756,5.2925046475138515e-05,0.0003880762087646872,2.0639494323404506e-05,0.0023071952164173126,1.4081469998927787e-05,1.4143637599772774e-05,2.9963732231408358e-05,7.178472878877074e-05,7.217026723083109e-05,0.0012406234163790941,0.0004862454370595515,0.00014391119475476444,0.0004201759002171457,0.0010997193166986108,0.0001845536462496966,2.7680457606038544e-06,0.0004946936387568712,9.283461986342445e-05,3.90447057725396e-05,9.16710814635735e-06,1.7991698769037612e-05,0.0,0.0,0.00019831863755825907,0.0005278546013869345,2.6519664970692247e-06,0.00010471823770785704,9.341352415503934e-05,0.00012307761062402278,0.00016575261543039232,8.054573299887124e-06,0.0002102963626384735,0.00033053880906663835,0.00015878461999818683,2.331943869648967e-05,0.00012839052942581475,0.0003244540421292186,0.00017807187396101654,0.0,3.031225787708536e-06,0.0006116557633504272,0.00021072385425213724,6.538001343869837e-06,0.0008450141758657992,0.00014302473573479801,0.001988372765481472,1.3880282494938001e-05,0.0002821634989231825,0.00048030391917563975,4.887748582405038e-05,4.559116860036738e-05,4.858270040131174e-05,0.0002966815955005586,0.0,0.0008939204271882772,0.0003191239375155419,0.0,0.0009377315873280168,0.000603343709371984,2.7490985303302296e-05,0.0004606062429957092,3.415146056795493e-05,0.0,9.2685522758984e-06,0.0005664769560098648,0.0,0.0,0.0,0.000103544800367672,4.5317094190977514e-05,3.677038330351934e-05,4.031689604744315e-05,0.00024507404305040836,0.00025403822655789554
201505,0.0003394713276065886,9.183193469652906e-06,2.7829251848743297e-05,0.0009951384272426367,0.0014848381979390979,0.00013892256538383663,0.0,8.049114512687083e-06,9.769267489900813e-05,0.0006303403060883284,4.96162538183853e-05,0.0,0.0006003576563671231,0.000254683691309765,2.813015271385666e-05,0.00010902732901740819,4.252068720234092e-06,1.7702866898616776e-05,4.298440671846038e-06,4.454273948795162e-05,0.0011853280011564493,8.421884558629245e-06,4.624179382517468e-06,4.728540261567105e-06,0.0010136914206668735,0.0010114149190485477,1.6869416867848486e-05,0.0002071687049465254,0.0,0.0,2.143883830285631e-05,0.0002589113137219101,0.01787738874554634,0.0,0.0002961434074677527,0.0,6.013255551806651e-05,0.00016138360660988837,0.00029708744841627777,0.0,0.0002731198910623789,2.0325091099948622e-05,0.001890513813123107,1.5642001017113216e-05,2.0685505660367198e-05,4.4169890315970406e-05,6.821454007877037e-05,5.1938259275630116e-05,0.001212604925967753,0.00023051441530697048,4.740892836707644e-05,0.0003703754919115454,0.0010721752187237144,0.00024677920737303793,1.4445449778577313e-06,0.00044996218639425933,0.00011047495354432613,7.394002022920176e-05,1.068281221705547e-06,9.776529623195529e-06,0.0,6.893568297527963e-06,0.00022638733207713813,0.0003528194793034345,0.0,9.02645115274936e-05,9.713602048577741e-05,0.00010000702604884282,6.636887701461092e-05,4.867661482421681e-05,0.00021892916993238032,0.000364987034117803,7.386740617221221e-05,4.501820512814447e-05,0.00014514524082187563,0.00038247075281105936,9.023439633892849e-05,0.0,0.0,0.0007678921683691442,0.00022831909882370383,0.0,0.0009095486020669341,0.00016779947327449918,0.0019161152886226773,0.0,0.00029448544955812395,0.0007081492221914232,5.04180570715107e-05,7.195609214249998e-05,4.085033287992701e-05,0.00018458531121723354,3.909456427209079e-05,0.0009235600591637194,0.0003420976281631738,0.0,0.0009902308229357004,0.0006226846599020064,1.9629473172244616e-05,0.0004101115046069026,1.054073163686553e-05,0.0,1.1497612831590232e-05,0.0006004619644954801,2.1139378532097908e-06,0.0,0.0,0.00014040322275832295,0.00012606153904926032,2.6569177862256765e-05,0.00014682768960483372,0.00016179504746105522,0.00026364155928604305
201506,0.0003222530649509281,3.0306337066576816e-06,1.4375585124071222e-05,0.0005910306354053319,0.0013738054549321532,0.0001336538844043389,0.0,0.0,0.0001109368386096321,0.0006176694296300411,0.0,0.0,0.0004098274512216449,0.00015350112516898662,1.6918736946536228e-05,0.00014491462206933647,0.0,1.841103221522644e-05,9.436756158720527e-07,8.350113057531416e-05,0.0011061204131692648,1.0380978892499115e-05,0.0,0.0,0.0008779740310274065,0.0008917997474782169,4.1436160245211795e-06,0.00023121385311242193,0.0,0.0,0.0,0.0,0.007312940899282694,0.0,0.00026356635498814285,3.581405280783656e-06,2.7251368010183796e-05,0.00013844955537933856,0.0002462157281115651,4.937390986015089e-05,0.000314288423396647,6.186598511703778e-06,0.002276685554534197,3.653190651675686e-05,1.2198226613691077e-05,2.738827242865227e-05,0.00010212200868409127,4.652274219552055e-05,0.0011545740999281406,0.0004422443744260818,5.36145998921711e-05,0.00041172318742610514,0.0008677950245328248,0.00018724669644143432,2.6755778890219517e-05,0.0004470151907298714,0.00012938670988660306,4.696857286035083e-05,6.891438715683762e-06,2.4824246793286875e-05,0.0,1.8034746972261928e-05,0.0002061182021861896,0.0002623456821311265,0.0,6.024841422913596e-05,9.707704157335684e-05,8.832752064336091e-05,9.340550604974851e-05,0.0,0.00022383613395504653,0.00039452739292755723,0.00012442274601198733,2.2109863493824378e-05,5.009282904211432e-05,0.00034586028777994215,0.00011029043525923043,0.0,1.4974375517340377e-06,0.0007206306327134371,0.00014612045197281986,0.0,0.0007927422411739826,6.967546505620703e-05,0.0021651217248290777,0.0,0.0002463906130287796,0.0006089330418035388,5.1220267778262496e-05,9.163218055618927e-05,0.0,0.00020081526599824429,5.944844360783463e-06,0.0008970509516075253,0.00024928624043241143,4.64686490886379e-05,0.0009669418795965612,0.0006896246923133731,2.3556836822535843e-05,0.0005564202438108623,4.807960067410022e-05,0.0,2.166275771742221e-05,0.0005986374453641474,3.6673918657470495e-05,0.0,0.0,9.779816173249856e-05,0.00010662083514034748,2.0278517695260234e-05,0.00012095985584892333,0.0001606773294042796,0.00022668212477583438
201507,0.00019853486446663737,3.770380544665386e-06,0.0,0.00034417412825860083,0.001514557283371687,0.00020071516337338835,7.162231213442283e-06,1.525814241176704e-05,8.696243457961828e-05,0.0009409053600393236,0.0,2.8725309675792232e-05,0.0005227585206739604,0.00026795724988915026,2.7657490136334673e-05,0.00011141116556245834,6.191640568431467e-05,5.342883741832338e-05,3.368739044162794e-06,4.765357880387455e-05,0.0006463819299824536,0.0,2.4497021513525397e-06,0.0,0.0009422684670425951,0.0009587598615325987,0.0,0.00021823530551046133,1.948529461515136e-05,0.0,2.4179455522244098e-06,0.0002709768305066973,0.0029156331438571215,0.0,0.0003981512563768774,1.0432812587168883e-06,5.952626815997064e-05,0.00024479697458446026,0.00030232660355977714,4.960721344104968e-05,0.00028041572659276426,4.3610176362562925e-05,0.002394587267190218,5.099201007396914e-05,0.0,2.4862752979970537e-05,9.172706631943583e-05,2.2684780560666695e-05,0.0012137920130044222,0.0002457043156027794,2.3549344405182637e-05,0.00048052414786070585,0.0011737802997231483,0.00020739772298838943,1.5959280972310808e-06,0.0004870504781138152,6.788862810935825e-05,4.813166378880851e-05,4.377573077363195e-06,0.0,0.0,0.0,0.00027668557595461607,0.00026235482073388994,1.1509590876812581e-05,4.53783904958982e-05,0.00014683022163808346,0.0001224301231559366,1.2403933396853972e-05,4.46303456556052e-05,0.0001646635791985318,0.0003301550750620663,0.00010529826977290213,4.6269768063211814e-05,1.6931771824602038e-06,0.00025397990248166025,0.0002034214121522382,0.0,3.4786701235134387e-06,0.00054913543863222,0.00012740919191855937,0.0,0.000944660569075495,0.00013237682287581265,0.0021667717956006527,0.0,0.00024953868705779314,0.0006431696237996221,0.00012616498861461878,7.69105608924292e-05,1.8007433027378283e-05,0.00020216814300511032,3.05266576106078e-06,0.0010143534746021032,0.00030126963974907994,1.15466382339946e-05,0.0009814416989684105,0.0005929169710725546,5.771567521151155e-05,0.00046024061157368124,0.0,7.099493473106122e-07,2.849251904990524e-05,0.0005095556261949241,7.285156698344508e-06,0.0,0.0,0.00036564929177984595,0.00012015170796075836,2.8052436391590163e-05,6.043864777893759e-05,0.00024394231149926782,0.00022829175577498972
201508,0.0003520505561027676,2.1119540178915486e-06,1.560052805871237e-05,0.0007285820902325213,0.0015454055974259973,0.0003335221263114363,1.310863171966048e-05,0.0,0.00016209266323130578,0.0010955019388347864,0.0,0.0,0.00036643154453486204,0.0003052332904189825,8.259827882284299e-05,9.717605280457065e-05,0.00010939948697341606,6.224623211892322e-05,5.493958087754436e-05,3.546542575350031e-05,0.00012559141032397747,0.0,2.2923552478459897e-06,0.0,0.0010493372101336718,0.0009320479584857821,3.5747638321481645e-05,0.00020773250435013324,5.192423122934997e-05,0.0,1.3289305570651777e-05,0.0003188903210684657,0.003632041160017252,1.6486758340761298e-06,0.00040748101309873164,0.0,7.802110485499725e-05,0.00022544448438566178,0.0003619850322138518,9.152141501544975e-06,0.00020410607976373285,1.0020624358730856e-05,0.002008072566241026,5.139682616572827e-05,1.1623076716205105e-05,3.0440472983173095e-05,6.869494245620444e-05,4.503108357312158e-05,0.0011513959616422653,0.00021632244170177728,4.0937076846603304e-05,0.00047166968579404056,0.0009007615153677762,0.00023192512162495404,1.9881428670487367e-05,0.0005205041379667819,6.332858902169392e-05,3.016181472048629e-05,5.983848495816346e-06,7.1706272137817e-05,0.0,1.0538472452026326e-05,0.00015487927885260433,0.0004609936149790883,2.150543423340423e-06,6.933919939910993e-05,0.00010979225771734491,9.579252946423367e-05,5.6616743677295744e-05,0.0,0.00011416690540499985,0.0003332089981995523,7.589430606458336e-05,3.772209311136976e-05,5.766298636444844e-05,0.00013350883091334254,0.00011657110007945448,0.0,5.500660790858092e-06,0.0006355727091431618,5.64952460990753e-05,0.0,0.0007985782576724887,0.0002240669127786532,0.0016757163684815168,0.0,0.00024115730775520205,0.0005768163246102631,4.502802403294481e-05,7.29775129002519e-05,4.419496690388769e-05,0.0002757253823801875,2.3154602786235046e-06,0.0010499602649360895,0.00027025199960917234,7.371608717221534e-06,0.0010434958385303617,0.0006955632125027478,5.0363600166747347e-05,0.00041930872248485684,3.203164851584006e-06,1.9676299416460097e-06,1.3976601621834561e-05,0.0005542549770325422,1.4794139815421659e-06,0.0,0.0,0.00011621331213973463,0.00011751577403629199,3.7436504953802796e-06,8.326950774062425e-05,0.00015238099149428308,0.00019464419165160507
201509,0.0003557850723154843,8.192379027605057e-05,0.0,0.00010098591155838221,0.0015571147669106722,0.0003636044275481254,0.0,1.7524525901535526e-05,0.00013162560935597867,0.000818253553006798,5.4402862588176504e-05,0.0,0.0003841588622890413,0.0002017634396906942,4.5023694838164374e-05,9.005395259009674e-05,0.00011094495857832953,0.00014198663120623678,4.268263000994921e-05,4.63834912807215e-05,0.0003282925463281572,0.0,1.3587075955001637e-05,0.0,0.0010407697409391403,0.0009910085937008262,2.417967152723577e-05,0.00020234605472069234,7.209684554254636e-05,0.0,0.0,0.00038643873995169997,0.005298580043017864,0.0,0.0002114978269673884,0.0,0.00011624416220001876,0.0001944933901540935,0.0003160756314173341,2.016173857555259e-05,0.00016578116628807038,1.3806889000989031e-05,0.002685777610167861,4.407718006405048e-05,0.0,1.392616923112655e-05,9.42925089475466e-06,1.5644067389075644e-05,0.0012727113207802176,0.0002854837803170085,0.00015433679800480604,0.00040758660179562867,0.0010677938116714358,0.00028408243088051677,7.516981895605568e-06,0.0004532684397418052,8.741168858250603e-05,1.4469024790741969e-05,1.5430823623319156e-06,5.13179948029574e-05,0.0,0.0,0.00023892834724392742,0.0002873599878512323,0.0,3.75810413970612e-05,0.00012349797179922462,0.0002038996753981337,0.00010183057020185515,5.886416261091654e-07,8.329332922585309e-05,0.0003183477383572608,8.406303822994232e-05,2.969470551761333e-05,4.8915557272266597e-05,0.0001790577662177384,0.00019635377975646406,7.463696647391771e-07,1.1983592003161903e-06,0.0007194099016487598,0.0001141848842962645,2.708243664528709e-05,0.0009199603809975088,0.00019120918295811862,0.0019601171370595694,0.0,0.00020219241559971124,0.0005445477436296642,4.174274727120064e-05,7.035549788270146e-05,7.127907338144723e-06,0.00023632707598153502,0.0,0.0008889419259503484,0.00027937733102589846,3.14612225338351e-05,0.0009409727063030005,0.0005681619513779879,1.9040195184061304e-05,0.00042429115273989737,1.5931138477753848e-05,0.0,1.4090432159719057e-05,0.00043741450645029545,0.0,0.0,1.2005869393760804e-05,9.392393258167431e-05,0.0001668813929427415,2.2149961296236143e-05,5.73680990783032e-05,0.00015643976803403348,0.00019668071763589978
201510,0.0003099699388258159,0.0,1.2769033673976082e-05,0.006062629166990519,0.001624767086468637,0.00025523838121443987,8.674056516611017e-06,3.6799806366616394e-06,0.0001804460189305246,0.0007681596325710416,0.0,3.653452722574002e-07,0.0005421449895948172,0.00019066855020355433,4.9227797717321664e-05,0.00012767968291882426,0.00020781562488991767,6.056201527826488e-05,3.1633899197913706e-06,3.370315607753582e-05,4.41880474681966e-05,1.0856730114028323e-05,0.0,4.6322653361130506e-05,0.0009955390123650432,0.0010339072905480862,2.34966410062043e-06,0.00024118866713251919,0.0,0.0,1.0126814231625758e-06,0.0003306349099148065,0.0029962544795125723,0.0,0.00024383993877563626,8.607019594819576e-07,8.706373773748055e-05,0.00015477067790925503,0.0004354166449047625,5.140213397680782e-05,0.00020172484801150858,7.718747838225681e-06,0.002456119516864419,3.3262000215472654e-05,0.0,3.653836756711826e-05,2.0514327843557112e-05,7.059275230858475e-05,0.0015587098896503448,0.0001879125920822844,0.00012402750144246966,0.0004386215005069971,0.001130040385760367,0.0002474549110047519,1.2708722351817414e-05,0.0005151687073521316,8.06755997473374e-05,2.3238506400957704e-05,1.3245921763882507e-06,2.6261410312145017e-05,0.0,1.8582741176942363e-05,0.00020475799101404846,0.0001903987576952204,0.0,8.037759107537568e-05,0.00012118253653170541,0.00011521952546900138,0.00010732645750977099,8.195792906917632e-05,7.983066461747512e-05,0.0003478233702480793,0.00011828868446173146,1.76748708327068e-05,6.590726115973666e-05,0.00023692287504673004,9.27975052036345e-05,0.0,0.0,0.000774181098677218,6.0010086599504575e-05,1.0032341378973797e-05,0.0008797241025604308,0.00019412787514738739,0.0015762393595650792,0.0,0.00021401360572781414,0.0004429538093972951,4.566174902720377e-05,5.795580364065245e-05,2.4118315195664763e-05,0.00021755574562121183,0.0,0.0009731007739901543,0.0002606146445032209,1.0038596883532591e-05,0.0009528047521598637,0.0005402446258813143,1.699150016065687e-05,0.000360763689968735,4.9976337322732434e-05,1.261096440430265e-05,4.006895778729813e-06,0.00046591644058935344,3.180266503477469e-05,0.0,5.748621788370656e-06,0.00013710356142837554,0.00012620375491678715,6.861687143100426e-05,0.00014692782133352011,0.00022049277322366834,0.00018525018822401762
201511,0.00026373149012215436,6.597233095817501e-06,0.0,0.0004842309863306582,0.0015168715035542846,0.0002809526340570301,3.2283699624713336e-07,1.789120324247051e-05,9.440647409064695e-05,0.0006922099855728447,5.437188974610763e-06,0.0,0.0005108687910251319,0.0001670685305725783,0.00010614236089168116,2.3801580027793534e-05,8.12907237559557e-05,1.9478202375466935e-05,4.746381364384433e-06,5.1553422963479534e-05,0.00013464032963383943,0.0,4.854537110077217e-06,0.0,0.001069623394869268,0.0010341053130105138,1.935708269229508e-06,0.0002931046183221042,0.0001024575176415965,1.337793128186604e-05,0.0,0.0003283151891082525,0.0027232086285948753,3.3748478927009273e-06,0.00019908210379071534,2.067598506982904e-05,2.4876833776943386e-05,0.00024047504120972008,0.0003169906558468938,4.6579491026932374e-05,0.00017080488032661378,3.0073962989263237e-05,0.001666960772126913,3.054272383451462e-05,1.0605662282614503e-05,0.00020488294831011444,3.6689692933578044e-05,4.815995634999126e-05,0.0012049081269651651,0.0002495237276889384,6.350224339257693e-06,0.0005255513242445886,0.0011631647357717156,0.00024505119654349983,0.0,0.0004489400889724493,0.00010128274880116805,4.203388743917458e-05,1.5551295291515999e-06,9.665178367868066e-06,5.875262445442786e-07,0.0,0.00016641868569422513,0.000351877068169415,0.0,3.413592276046984e-05,0.0001169129172922112,0.0001057014160323888,6.579190085176378e-05,9.849725756794214e-05,0.0,0.0003645959368441254,0.0003451072552707046,4.5040054828859866e-05,4.763897959492169e-05,0.0001960897643584758,0.00011830771109089255,0.0,0.0,0.0006762701668776572,0.000234797946177423,0.0,0.000881809915881604,0.00013619470701087266,0.0014843279495835304,4.5273925934452564e-05,0.00018572086992207915,0.0006495551788248122,4.531350714387372e-05,5.519941623788327e-05,2.4672821382409893e-05,0.00018795607320498675,1.8421817003400065e-05,0.0008652886026538908,0.00027104117907583714,1.1416012057452463e-05,0.0009797466918826103,0.0006129383109509945,4.263174923835322e-05,0.00037268007872626185,1.4145124623610172e-05,0.0,5.001884346711449e-05,0.0003709293669089675,0.0,0.0,0.0,8.91173622221686e-05,0.00022309865744318813,4.1209961636923254e-05,0.0001683238078840077,0.0002722109784372151,0.0002894830540753901
201512,0.00017841496446635574,3.7620984585373662e-06,1.5031106158858165e-05,0.001222815364599228,0.0015985341742634773,0.00016913688159547746,1.1076671398768667e-05,1.5443985830643214e-05,0.00015070149675011635,0.0006234286120161414,0.0,3.257330490669119e-06,0.0004675668606068939,9.720491652842611e-05,0.0001573991175973788,0.00011933740461245179,1.0597846994642168e-05,1.771927964000497e-05,1.21721916457318e-06,2.3063028493197635e-05,9.293426410295069e-05,8.944414730649441e-06,1.5848082739466918e-06,0.0,0.0009730431484058499,0.0011301025515422225,0.0,0.00031951890559867024,0.0001273129746550694,0.0,2.9181760510255117e-06,0.0004658438847400248,0.01045860443264246,3.947758955291647e-07,0.000250341952778399,2.1356981960707344e-05,2.8438755180104636e-05,0.0002219138841610402,0.000319845974445343,2.7884359951713122e-05,0.0002097367396345362,2.1227811885182746e-05,0.0021204182412475348,1.8682419977267273e-05,0.0,0.00015206349780783057,3.062205723836087e-05,8.514409273630008e-05,0.0013433131389319897,0.0004123578255530447,0.00018206077220384032,0.0005458539817482233,0.0010954717872664332,0.00019349626381881535,3.092984115937725e-05,0.0005605567712336779,9.923440666170791e-05,1.6108979252749123e-05,1.5505762576140114e-06,2.7620490072877146e-05,0.0,1.0676239071472082e-05,0.0001393184793414548,0.00042650202522054315,0.0,3.261357778683305e-05,0.00012063016038155183,0.00014810249558649957,0.00010321330046281219,0.00018271674343850464,4.696013274951838e-05,0.00038042006781324744,0.000256605155300349,5.0782022299245e-05,0.0,8.160700963344425e-05,9.570099064148962e-05,0.0,8.581856491218787e-06,0.0006389343179762363,0.00017226401541847736,0.0,0.0006947969668544829,7.909601117717102e-05,0.0013113898457959294,4.592071127262898e-05,0.0002163424651371315,0.0006257066852413118,9.159078763332218e-05,7.867754902690649e-05,2.4143051632563584e-05,0.00018121898756362498,5.121439244248904e-05,0.0008611707016825676,0.0002446543949190527,0.0,0.0008821009541861713,0.0006816517561674118,6.908227533131139e-06,0.00025604740949347615,4.864924994762987e-05,0.0,0.0,0.00027749501168727875,0.0,0.0,1.1125756827823352e-05,0.00010701804421842098,7.197421837190632e-06,8.879019878804684e-05,0.00022778684797231108,0.0002948996552731842,0.00024682472576387227
201601,0.0010197083465754986,6.219657370820642e-05,8.949838229455054e-05,0.0057074143551290035,0.0019814094994217157,0.00019505375530570745,6.502544420072809e-05,0.00027588792727328837,0.0003176891477778554,0.0010898956097662449,0.00024118251167237759,6.482299068011343e-05,0.0008506288868375123,0.0003095041902270168,0.00024874074733816087,0.0002946534368675202,0.0005785304238088429,0.0008717584423720837,6.154207221698016e-05,0.00013007153756916523,0.0007487200782634318,5.834126204717904e-05,9.79379765340127e-05,0.00023850110301282257,0.0008597832638770342,0.0013503215741366148,5.1279548642924055e-05,0.000457631831523031,0.0005355954635888338,9.290233720093966e-05,7.660291157662868e-05,0.0004940120270475745,0.023731524124741554,2.8115882741985843e-05,0.000408612540923059,0.00014191422087606043,0.00040598827763460577,0.0007766984053887427,0.000584216380957514,0.00012919525033794343,0.0002449411549605429,0.00014414390898309648,0.0028070551343262196,0.00015964749036356807,7.995852502062917e-05,0.0004038474871776998,0.00023620226420462132,9.443014278076589e-05,0.0018467737827450037,0.0004355642304290086,0.0002520461566746235,0.0009171884739771485,0.0014361185021698475,0.00036811488098464906,6.688533176202327e-05,0.0007653082138858736,0.00019099414930678904,0.00013840905739925802,0.00022233794152271003,0.0001239209232153371,0.00010776390990940854,0.0001839076285250485,0.0006191380089148879,0.0006840119021944702,4.7215009544743225e-05,0.00021574286802206188,0.0003151406708639115,0.0003623578231781721,0.00018821103731170297,0.00039672254933975637,0.0004489636921789497,0.0007341487798839808,0.0005155819817446172,0.0004661786661017686,0.00014155905228108168,0.00017725177167449147,0.00023004363174550235,0.00020018489158246666,3.6069381167180836e-05,0.0007045636884868145,0.00025424547493457794,0.00011799890489783138,0.0011784335365518928,0.00040369934868067503,0.0011964378645643592,0.00012124293425586075,0.00038904204848222435,0.0007156526553444564,0.00032786704832687974,0.0001633612992009148,0.0003076746652368456,0.00037340851849876344,9.688883437775075e-05,0.0012607069220393896,0.0002978096017614007,9.238509665010497e-05,0.0011240339372307062,0.0006388307083398104,0.0002786328550428152,0.0005533498479053378,9.376641537528485e-05,0.00014896507491357625,0.00015153743152040988,0.0006223441450856626,0.0001470865827286616,0.00011227827781112865,0.00014128498150967062,0.0009912700625136495,0.0004839128814637661,0.00021154469868633896,0.00025451305555179715,0.0005313583533279598,0.000348451518220827
201602,0.0005888235755264759,5.1543465815484524e-05,5.4522472055396065e-05,0.000989384832791984,0.001906895311549306,0.00024210780975408852,8.312986028613523e-05,0.00022320282005239278,0.00039355686749331653,0.001148692099377513,0.00011030821042368189,4.697288750321604e-05,0.0007143591647036374,0.00022113574959803373,0.0003025161859113723,0.0002555118699092418,0.0006381357088685036,0.0004134327464271337,7.895156159065664e-05,0.00011282247578492388,0.0008084099972620606,7.826572982594371e-05,0.00013104395475238562,0.0002398275537416339,0.0007467637187801301,0.0014920535031706095,0.00014988461043685675,0.0003805803135037422,0.0004421397461555898,8.571209036745131e-05,0.00013462219794746488,0.0003083508927375078,0.0018944221083074808,3.8570746255572885e-05,0.00030151166720315814,0.000120996315672528,0.0004172504704911262,0.0007354397675953805,0.0005743250949308276,0.00027560294256545603,0.0002966035099234432,0.00014948807074688375,0.002247855067253113,0.0002078162069665268,5.30023971805349e-05,0.0004081445513293147,0.000249937002081424,0.00014019837544765323,0.0018809210741892457,0.0004917473415844142,0.00017222054884769022,0.000846829847432673,0.0015262491069734097,0.00041631603380665183,5.107657125336118e-05,0.0008774471934884787,0.0001856679591583088,0.00011477146472316235,0.00011609147622948512,0.00015826147864572704,8.913617057260126e-05,0.00023003938258625567,0.0005838742363266647,0.0006615699385292828,3.9946287870407104e-05,0.00022376440756488591,0.0003940040187444538,0.00038295111153274775,0.0001655954256420955,0.0003466583730187267,0.00047152218758128583,0.0007073940359987319,0.0005036001675762236,0.0003946291981264949,4.78862457384821e-05,0.0001822792401071638,0.0001301720621995628,0.00010770963854156435,3.6586763599189e-05,0.0007631558110006154,0.00017803939408622682,9.62003759923391e-05,0.0014145129825919867,0.00035899734939448535,0.0009433269733563066,0.00016078610497061163,0.00042701512575149536,0.0007878899923525751,0.00019170012092217803,0.00020072121697012335,0.00028776421095244586,0.0002876101352740079,0.00011433019244577736,0.0014357370091602206,0.0002990846987813711,6.51560549158603e-05,0.0013077661860734224,0.0007834607386030257,0.00028456494328565896,0.00044889902346767485,0.00015068252105265856,9.578309254720807e-05,0.00017475796630606055,0.0005928848404437304,0.0001112358586397022,9.858127305051312e-05,0.00010970855510095134,0.0017416848568245769,0.00043093893327750266,0.00019423726189415902,0.00024027808103710413,0.0005046410951763391,0.0005091652856208384
201603,0.00071484106592834,2.7582047550822608e-05,3.70159832527861e-05,0.0016459132311865687,0.002073510317131877,0.00017083834973163903,0.0001159914318122901,0.0003737061924766749,0.0003287424333393574,0.001188410329632461,9.847373439697549e-05,5.890081592951901e-05,0.0008165892213582993,0.00023916791542433202,0.0002814779873006046,0.0003288111765868962,0.0006168169202283025,0.0007665145094506443,0.00015545486530754715,0.00014547747559845448,0.0006683187675662339,5.534849697141908e-05,9.261686500394717e-05,0.000273362995358184,0.0008599438006058335,0.0013509747805073857,0.00026333064306527376,0.00043914656271226704,0.0004488217527978122,0.00010355358244851232,0.00010386879876023158,0.0003995709994342178,0.007825781591236591,1.9182911273674108e-05,0.00035052039311267436,0.00024733846657909453,0.0003722839173860848,0.0007399688474833965,0.0005137558910064399,0.00020832213340327144,0.0002408101863693446,0.00012606832024175674,0.004767696838825941,0.00021763889526482671,6.024185131536797e-05,0.0003557985764928162,0.00031578674679622054,0.00018933774845208973,0.001953040948137641,0.00043713991180993617,0.00023850795696489513,0.0008705123327672482,0.0015803793212398887,0.0003496050485409796,7.953328895382583e-05,0.0006662775413133204,0.00027950367075391114,0.00013757741544395685,0.00018933451792690903,0.0001460349012631923,0.00010137583740288392,0.00020927954756189138,0.0006122492486611009,0.000490651756990701,6.167989340610802e-05,0.0004230518243275583,0.0003886099439114332,0.00037963996874168515,0.00017073519120458513,0.00036165068740956485,0.0004354898410383612,0.0007531227311119437,0.0004701389407273382,0.0004267436743248254,0.0001262826845049858,0.00014494294009637088,0.00018292163440492004,9.857532131718472e-05,3.969496538047679e-05,0.0008559508714824915,0.00013457129534799606,9.762111585587263e-05,0.0012964882189407945,0.00027951240190304816,0.0011356649920344353,0.00011820363579317927,0.00039932088111527264,0.0009244241518899798,0.000233206752454862,0.00017505571304354817,0.0003019628347828984,0.00033552711829543114,0.00014087445742916316,0.0014006152050569654,0.00033756066113710403,9.0691632067319e-05,0.0011469010496512055,0.0009346843580715358,0.00020094482169952244,0.0004500552895478904,0.0002060442784568295,0.00015104893827810884,0.00021822955750394613,0.0006149705150164664,0.00011746589007088915,0.0001491396687924862,8.756597526371479e-05,0.000887249771039933,0.00044010061537846923,0.0001849037071224302,0.00025923814973793924,0.0004205706936772913,0.00039343792013823986
201604,0.0006849500932730734,3.674268737086095e-05,4.348117363406345e-05,0.004793646279722452,0.0020993631333112717,0.00014043798728380352,6.933292024768889e-05,0.0002642264880705625,0.00026698841247707605,0.0013107502600178123,6.833997758803889e-05,4.1824689105851576e-05,0.0007643466233275831,0.0002528140030335635,0.0002899225801229477,0.00031121380743570626,0.0005932783242315054,0.0006021673325449228,8.440555393463e-05,0.00019373974646441638,0.0012757355580106378,2.641826904437039e-05,0.00010256085079163313,0.00027203012723475695,0.0008024038397707045,0.0014411242445930839,0.00017228593060281128,0.0004079356440342963,0.0004745303012896329,0.00010694611410144717,9.455205872654915e-05,0.0002794640022329986,0.004903564695268869,3.6054658266948536e-05,0.0005904469871893525,9.502589819021523e-05,0.000393998168874532,0.0005374877946451306,0.0005815007607452571,0.00020994580700062215,0.00022543822706211358,0.00018881911819335073,0.006588951218873262,0.00019032039563171566,5.361044895835221e-05,0.0003364623698871583,0.0003574134025257081,0.00013014300202485174,0.0019051729468628764,0.0004306749615352601,0.00027118923026137054,0.0010337566491216421,0.0015635285526514053,0.0004305972543079406,5.33810343767982e-05,0.000734708970412612,0.00019212745246477425,0.00020950581529177725,0.00019459717441350222,0.00011544898006832227,8.464869461022317e-05,0.00020761704945471138,0.0006900701555423439,0.00047701041330583394,2.128838787029963e-05,0.0002715508744586259,0.0003610930289141834,0.0003777894307859242,0.00014830217696726322,0.0003118793247267604,0.0005058556562289596,0.0008313253056257963,0.00040252707549370825,0.00041842262726277113,8.071090996963903e-05,0.0001841693592723459,0.00023031163436826319,0.0001618418173165992,6.31192306173034e-05,0.0009377662208862603,0.0001701240544207394,0.00013841678446624428,0.0010992614552378654,0.00036690806155093014,0.0010519428178668022,8.141958096530288e-05,0.00039660686161369085,0.0008794668829068542,0.00013350143854040653,0.00018261450168211013,0.0003166088426951319,0.00026496517239138484,8.678610174683854e-05,0.0014148949412629008,0.0003445406910032034,6.454512913478538e-05,0.0013154847547411919,0.0008533350774087012,0.00029415381141006947,0.0004467163234949112,5.744623194914311e-05,0.00010308581840945408,0.00015925292973406613,0.0005967700853943825,7.969032594701275e-05,6.046347334631719e-05,0.00011246572830714285,0.000932227005250752,0.0005080070113763213,0.0002478641108609736,0.00011284938955213875,0.000478329457109794,0.0003627318947110325
201605,0.000822923262603581,4.1558647353667766e-05,7.052936416584998e-05,0.0009743121336214244,0.0021020539570599794,0.0001866023667389527,4.243994044372812e-05,0.0002120924909831956,0.00029148368048481643,0.0012772956397384405,7.853034185245633e-05,5.798300480819307e-05,0.0007190860924310982,0.00013975777255836874,0.00035575058427639306,0.0003644580428954214,0.0005366880795918405,0.0008092386415228248,5.971768041490577e-05,0.00016403227346017957,0.0015921320300549269,3.922151881852187e-05,9.057930583367124e-05,0.0002570311480667442,0.0007537284400314093,0.0013721362920477986,0.0003351172199472785,0.00042446868610568345,0.0004170607135165483,0.00010673779615899548,9.831649367697537e-05,0.00037650566082447767,0.009420611895620823,2.592682358226739e-05,0.0003227076376788318,0.00012107322254450992,0.0004110115405637771,0.0005200987216085196,0.0005863925325684249,0.00013066183601040393,0.00021930168441031128,0.00018072067177854478,0.002228860277682543,0.00012814854562748224,4.47735219495371e-05,0.00033748120767995715,0.00033353842445649207,0.00022956656175665557,0.0018506041960790753,0.0003377751854714006,0.00023419757781084627,0.0010020367335528135,0.0013056261232122779,0.0003639354545157403,6.413820665329695e-05,0.0007512486772611737,0.00015585780784022063,0.0001422909990651533,0.0001789598900359124,0.00014703191118314862,9.383253200212494e-05,0.00016903827781789005,0.0006111712427809834,0.000552558689378202,4.174098648945801e-05,0.00024222485080827028,0.0003876641858369112,0.0003513772098813206,0.00012382696149870753,0.00034812709782272577,0.0005319039919413626,0.0007761790184304118,0.00038557403604499996,0.0004161937104072422,0.00018129886302631348,0.00023445110127795488,0.00021944669424556196,8.809444261714816e-05,6.10370552749373e-05,0.0009569607209414244,0.0001935546169988811,3.898798240697943e-05,0.0011419648071750998,0.00035834754817187786,0.0009484041947871447,0.0001925644464790821,0.0004428669053595513,0.0008647868526168168,0.00014432749594561756,0.00018133029516320676,0.0003913219552487135,0.00026458330103196204,0.0001635282242204994,0.0016863620840013027,0.0003370792546775192,8.27130934339948e-05,0.0012118148151785135,0.000832518853712827,0.0001600761606823653,0.00048227549996227026,0.00016807949577923864,0.00013458472676575184,0.00021057181584183127,0.0006144981016404927,0.0001195848235511221,7.709224883001298e-05,9.318366937804967e-05,0.0005008699954487383,0.0003345326113048941,0.00020402070367708802,0.00020511329057626426,0.00043025409104302526,0.00040498338057659566
201606,0.0005649820086546242,4.6953497076174244e-05,6.004186434438452e-05,0.0006906836060807109,0.0020385566167533398,0.00013530174328479916,4.182519842288457e-05,0.0002993952948600054,0.0003317576483823359,0.001395811210386455,6.467744969995692e-05,3.8455251342384145e-05,0.0006808190955780447,0.00020376441534608603,0.0003348159370943904,0.00027691200375556946,0.0005899689858779311,0.0005080528790131211,0.00014744524378329515,0.00020437169587239623,0.0008417080389335752,6.729172309860587e-05,6.69024811941199e-05,0.0002602513995952904,0.0009117709705606103,0.0013402861077338457,0.0002411593886790797,0.00043963483767583966,0.0004633396747522056,0.00014910472964402288,0.00012153534044045955,0.0006024960894137621,0.008737677708268166,5.644343764288351e-05,0.0005293831927701831,0.00010312530503142625,0.000322221836540848,0.000645352469291538,0.0004970146692357957,0.00015685445396229625,0.00025897056912072003,0.00018336661742068827,0.0024290578439831734,0.00015949862427078187,9.247838897863403e-05,0.0003724308335222304,0.00028869917150586843,0.000200946131371893,0.0021296737249940634,0.0004125956038478762,0.00020360975759103894,0.0009074850240722299,0.001439073123037815,0.00043152517173439264,0.00013543249224312603,0.0006716703646816313,0.0002223654300905764,0.00011685604840749875,0.00017815851606428623,0.00017606248729862273,0.00011558775440789759,0.00011531481140991673,0.0006257314234972,0.00044709944631904364,4.4367945520207286e-05,0.000246615381911397,0.0003958084271289408,0.00035420083440840244,0.00021172568085603416,0.00036501625436358154,0.0005419737426564097,0.0007897304021753371,0.00039401359390467405,0.0003422287991270423,0.00010529913561185822,0.00012730673188343644,0.00019241587142460048,0.00010543831012910232,3.3478154364274815e-05,0.0008968855836428702,0.00019583430548664182,9.346137085231021e-05,0.0011525405570864677,0.000285166286630556,0.0008719980251044035,0.00017604560707695782,0.0004195532819721848,0.0008738830219954252,0.0001563769328640774,0.00022532873845193535,0.0003208536945749074,0.00037000171141698956,0.00012033888197038323,0.0014744047075510025,0.0003383614239282906,5.6827280786819756e-05,0.0011190744116902351,0.0016388228395953774,0.0002894608478527516,0.00046669828589074314,0.00017896493955049664,0.00013734184904024005,0.00031000550370663404,0.0004827982047572732,8.416717173531651e-05,8.592404628871009e-05,0.00012407591566443443,0.00040642661042511463,0.0004181904369033873,0.00021909033239353448,0.0002302140201209113,0.000534790800884366,0.00043738496606238186
201607,0.0006554850260727108,3.387935066712089e-05,5.585413600783795e-05,0.0017160533461719751,0.0020624278113245964,0.000312554941046983,0.00014764555089641362,0.0002790047146845609,0.00024981703609228134,0.0013136811321601272,5.419288208940998e-05,3.607188045862131e-05,0.0007460337365046144,0.00014990271301940084,0.0003361260169185698,0.0003248727589379996,0.0006752046174369752,0.0006457086419686675,5.7569515774957836e-05,0.00021007291798014194,0.0005412130267359316,2.665566535142716e-05,5.778988997917622e-05,0.00027764050173573196,0.0008714244468137622,0.00132971431594342,0.00015365956642199308,0.00038823537761345506,0.00048534205416217446,6.240031507331878e-05,0.00014081981498748064,0.0007484072702936828,0.005401499103754759,4.2108869820367545e-05,0.00045768337440676987,0.0001548899890622124,0.000288148206891492,0.0008316239691339433,0.0005207660142332315,0.00020169609342701733,0.00023833297018427402,0.0001339483424089849,0.0024753755424171686,0.00018312741303816438,0.00011177202395629138,0.0004313589306548238,0.0002862711262423545,0.00020314526045694947,0.0018765386193990707,0.00042069877963513136,0.0002712222922127694,0.0007996122003532946,0.0015178965404629707,0.00041414418956264853,0.00010217465023742989,0.0008595979888923466,0.00018216896569356322,0.00011411119339754805,0.00019985281687695533,0.00018131798424292356,0.00011030041059711948,0.0001864533987827599,0.0006467014900408685,0.0006115566357038915,4.278718915884383e-05,0.00024545975611545146,0.0003675517800729722,0.00035246319021098316,0.00010350579395890236,0.000392245507100597,0.0005119156558066607,0.0007121269591152668,0.00042165222112089396,0.00047192827332764864,5.856416464666836e-05,0.00028092076536267996,0.0002225625648861751,8.151527435984462e-05,7.744452159386128e-05,0.0009853639639914036,0.00023851484002079815,7.353055116254836e-05,0.0012516769347712398,0.0002798065834213048,0.0011250413954257965,0.0002078634570352733,0.00041014928137883544,0.000816579267848283,0.00017234685947187245,0.00021116709103807807,0.0003806132881436497,0.0002738446637522429,9.681024675955996e-05,0.001271317945793271,0.00029787354287691414,6.594599835807458e-05,0.0012027435004711151,0.0010988482972607017,0.00021173381537664682,0.0004884233349002898,0.000284467707388103,0.0001702284353086725,0.00031402846798300743,0.0005928878672420979,6.756121729267761e-05,8.436985081061721e-05,0.0001269146305276081,0.00036080385325476527,0.00040764393634162843,0.00020485487766563892,0.00030688196420669556,0.0004867715178988874,0.0006043882458470762
201608,0.0006980238249525428,3.832756556221284e-05,5.0853515858761966e-05,0.0011478910455480218,0.0020957528613507748,0.0001771174429450184,5.80799751332961e-05,0.00023504569253418595,0.00028672805638052523,0.0011782991932705045,5.083346331957728e-05,7.31884574634023e-05,0.0008147063199430704,0.00013257980754133314,0.00031600569491274655,0.00037239931407384574,0.0006747082807123661,0.0006992496200837195,7.488636765629053e-05,0.0001882373762782663,0.0007297262782230973,8.823351527098566e-05,5.7343379012309015e-05,0.0002725720696616918,0.0009165749070234597,0.0013385761994868517,0.0001432316203135997,0.0003262770769651979,0.0005074332002550364,0.00010464674414834008,7.085704419296235e-05,0.00065750622889027,0.005757459904998541,5.229240923654288e-05,0.0004195838118903339,0.00014586118049919605,0.00031376429251395166,0.0007500710780732334,0.0005523482104763389,0.0001876493770396337,0.0001883240620372817,0.00011498349340399727,0.0020988197065889835,0.00017467649013269693,0.000135616326588206,0.00038114155177026987,0.0003698137588799,0.00015306883142329752,0.001778284553438425,0.00048133466043509543,0.0002069956826744601,0.0006198457558639348,0.0012687789276242256,0.0004067620320711285,7.012412243057042e-05,0.0008018954540602863,0.00019340983999427408,0.00010951008880510926,0.00021904364984948188,0.00018403107242193073,8.239158341893926e-05,0.0002120436984114349,0.0006428257329389453,0.0005571450456045568,5.175457408768125e-05,0.00020948339079041034,0.0003487493086140603,0.00043206822010688484,0.00013079751806799322,0.0003225856926292181,0.000527454074472189,0.0006556689622811973,0.0004562629328574985,0.0005222822073847055,6.370893243001774e-05,0.0002782915544230491,0.00018451242067385465,4.2852156184380874e-05,6.791190389776602e-05,0.0010491975117474794,0.00014034664491191506,0.00016677365056239069,0.0011438631918281317,0.0003710089949890971,0.0013587275752797723,0.0002748629776760936,0.0004495744069572538,0.0010383592452853918,0.00023265273193828762,0.0001447774120606482,0.00042342738015577197,0.0002917870006058365,0.00011164756870130077,0.0012736590579152107,0.0003439878055360168,4.7308403736678883e-05,0.0012199599295854568,0.0008277519373223186,0.00027667987160384655,0.00045118536218069494,0.0001035071982187219,0.00017842667875811458,0.00035144505091011524,0.0006126270163804293,7.843007915653288e-05,8.135395910358056e-05,9.990264516090974e-05,0.00035940748057328165,0.0003940177266485989,0.00020045517885591835,0.00029184651793912053,0.0004978642682544887,0.0007075613248161972
201609,0.0008189002401195467,3.117648884654045e-05,2.0724610294564627e-05,0.0018161474727094173,0.0020436453633010387,0.0001582509430591017,0.00010948575072688982,0.0003568954416550696,0.00037174494354985654,0.0010666698217391968,6.594214937649667e-05,7.43185737519525e-05,0.0008462149417027831,0.00023169610358309,0.00029591642669402063,0.0003710363816935569,0.0006105044740252197,0.0008347491384483874,3.31617338815704e-05,0.00015829601034056395,0.0008122396538965404,9.754170605447143e-05,9.08235160750337e-05,0.00030038566910661757,0.0007042555953375995,0.001445022993721068,0.00048827353748492897,0.00038592578493990004,0.0004690460627898574,0.00013841614418197423,0.00015486814663745463,0.0004882034845650196,0.00606108270585537,1.964875809790101e-05,0.0003779708640649915,0.00017220200970768929,0.00025924763758666813,0.0006179551710374653,0.0005666197976097465,0.00017759505135472864,0.0001719404390314594,0.00015905735199339688,0.0021626348607242107,0.0001440114137949422,0.00022327550686895847,0.00038751913234591484,0.0002878514351323247,0.00013155803026165813,0.0019192539621144533,0.000568399962503463,0.00026474069454707205,0.0007793219410814345,0.0012261004885658622,0.0003601620555855334,0.00011769940465455875,0.000793645391240716,0.0002308016992174089,0.00016526841500308365,0.0002528862387407571,0.00020869742729701102,6.95616690791212e-05,0.00016527550178579986,0.0004549898440018296,0.000714544381480664,7.106209523044527e-05,0.00020646562916226685,0.0003860653087031096,0.00040642626117914915,0.00013688637409359217,0.0003345364530105144,0.0006137230666354299,0.000715670466888696,0.000482774805277586,0.000499032496009022,3.5649842175189406e-05,0.00015988390077836812,0.00027445005252957344,7.729552453383803e-05,4.019028347101994e-05,0.0010992946336045861,0.00012391316704452038,0.00012079261796316132,0.0011017682263627648,0.0003759312385227531,0.0014405030524358153,0.00013575938646681607,0.00038170881452970207,0.0009539069142192602,0.0001864350342657417,0.00018929867655970156,0.00038135936483740807,0.0003038137801922858,0.0001390343386447057,0.001346289413049817,0.00028963640215806663,8.654214616399258e-05,0.0011189820943400264,0.0010916126193478703,0.00025219732197001576,0.0004347232461441308,0.0001317752612521872,0.00015179949696175754,0.0002337619662284851,0.0006106314831413329,4.9270376621279866e-05,3.619396375142969e-05,9.938319999491796e-05,0.0002507715835236013,0.0004376134602352977,0.00019633906777016819,0.00023572381178382784,0.0005542465369217098,0.0006301362882368267
201610,0.0011490954784676433,4.0431536035612226e-05,5.136779509484768e-05,0.002402858342975378,0.0020032241009175777,0.00027713426970876753,0.00011000258382409811,0.0003996057785116136,0.0003037919814232737,0.0012236032634973526,6.105199281591922e-05,5.403493923950009e-05,0.0009153984137810767,0.0002255734143545851,0.00032039827783592045,0.0003192394506186247,0.0004159713280387223,0.0007920533535070717,3.9064016164047644e-05,0.0001776113494997844,0.0005951360799372196,6.576114537892863e-05,4.070809154654853e-05,0.00020860708900727332,0.0008514568908140063,0.0015384112484753132,0.0007313383393920958,0.0003956617147196084,0.00042910061893053353,8.301590423798189e-05,7.940611249068752e-05,0.0005272681592032313,0.005699437577277422,5.886934741283767e-05,0.0005064259748905897,0.00012311134196352214,0.00029810951673425734,0.0006686698761768639,0.0005589344655163586,0.00014627295604441315,0.0001030372513923794,0.00018576483125798404,0.001804750645533204,0.00016984839749056846,0.00012736578355543315,0.0004108319408260286,0.0002544570597819984,0.00018626324890647084,0.0019235978834331036,0.00042274544830434024,0.00027749635046347976,0.0009196145692840219,0.0014112138887867332,0.00042425200808793306,6.825350283179432e-05,0.0009169404511339962,0.00020820688223466277,0.00021506163466256112,0.00018530746456235647,0.0001900330389617011,7.223356806207448e-05,0.00015345425345003605,0.0004777592548634857,0.0008255005814135075,4.4721524318447337e-05,0.00029383462970145047,0.00031592336017638445,0.00040850741788744926,0.00011624876060523093,0.00027143809711560607,0.0005211380193941295,0.0007410631515085697,0.0005751987337134778,0.0005249312380328774,7.741170702502131e-05,8.869643352227286e-05,0.0002450510219205171,9.594458242645487e-05,4.601719410857186e-05,0.0013620732352137566,0.0001167138252640143,8.574936509830877e-05,0.001166528440080583,0.00038508849684149027,0.00131694704759866,0.0001839177421061322,0.00041860927012749016,0.0007467347313649952,0.0001623235148144886,0.0001762875181157142,0.0003967509255744517,0.0002670197281986475,7.845570507925004e-05,0.001406003488227725,0.00032517267391085625,8.673781849211082e-05,0.0010698515689000487,0.001169816474430263,0.00032130195177160203,0.00042333584860898554,0.00015859764243941754,0.0001743443717714399,0.00030912994407117367,0.0007454983424395323,0.00011167567572556436,8.508886094205081e-05,0.00010518328053876758,0.00030773799517191947,0.00046030254452489316,0.0001721613953122869,0.00030596659053117037,0.0004813816922251135,0.0005691293044947088
201611,0.0008011620957404375,6.396806566044688e-05,7.480113708879799e-05,0.0015126445796340704,0.0020183075685054064,0.00013761330046691,6.513141852337867e-05,0.0002944423467852175,0.0002502183197066188,0.0012765468563884497,4.8859470552997664e-05,8.526034071110189e-05,0.0008008326403796673,0.00024297063646372408,0.00031832235981710255,0.0003482398169580847,0.000574822595808655,0.0008568635093979537,4.099618308828212e-05,0.0002273846766911447,0.0005925549776293337,8.972200885182247e-05,5.6048509577522054e-05,0.00021644734079018235,0.0008612177334725857,0.0014964028960093856,0.0009764629066921771,0.0003461076703388244,0.0004944968968629837,9.224258974427357e-05,0.00011046138388337567,0.0004858188331127167,0.00543314078822732,4.3849871872225776e-05,0.00035427859984338284,9.966395737137645e-05,0.00029761172481812537,0.0006639946368522942,0.0005390940350480378,0.00020728009985759854,0.00022034914582036436,0.00013900153862778097,0.0018811430782079697,0.00012968771625310183,0.00013169470184948295,0.00045836201752536,0.00043069972889497876,0.0002109848865075037,0.002665197942405939,0.0005262108752503991,0.0002258832100778818,0.0009758099913597107,0.0011600865982472897,0.0004698204284068197,5.667307414114475e-05,0.000857105478644371,0.0002094282244797796,0.00011326004459988326,0.00018172257114201784,0.0002280694170622155,0.00010803896293509752,0.00013099804345984012,0.0006222758674994111,0.0006283927941694856,3.3240696211578324e-05,0.0002386702981311828,0.0003653795865830034,0.0003684388066176325,0.0001744681067066267,0.00033995535341091454,0.0005295658484101295,0.0007009983528405428,0.0005241140024736524,0.0005420111701823771,3.988225944340229e-05,0.00011881034879479557,0.00030273196171037853,4.1330109525006264e-05,5.8757370425155386e-05,0.0010633065830916166,0.00013263931032270193,0.00016554672038182616,0.0009812966454774141,0.00032843986991792917,0.0014121874701231718,0.00012587278615683317,0.00041695398977026343,0.001175720477476716,0.00018549342348705977,0.00013513518206309527,0.0003702267713379115,0.00026235062978230417,0.0001688291085883975,0.0014437754871323705,0.0002782433875836432,7.506401743739843e-05,0.001154927653260529,0.0007932924199849367,0.00024515119730494916,0.00040441827150061727,0.00019444950157776475,0.00016496621537953615,0.0003468899813015014,0.0006926042842678726,6.157415919005871e-05,3.0593251722166315e-05,8.875202183844522e-05,0.00023328712268266827,0.00033431133488193154,0.0001894956803880632,0.00029747423832304776,0.0004563581896945834,0.0005992928054183722
201612,0.0011760779889300466,4.336286656325683e-05,4.869365147897042e-05,0.002664007246494293,0.002029329538345337,0.0002181594172725454,0.0001553746114950627,0.0003640544309746474,0.00039195737917907536,0.0010252752108499408,3.933579500881024e-05,5.114548184792511e-05,0.0007408585515804589,0.00017664175538811833,0.0003180431667715311,0.00044924006215296686,0.0005342484801076353,0.0009419703274033964,3.212710362276994e-05,0.00020023445540573448,0.0006970501272007823,0.00010607821604935452,5.083742144051939e-05,0.00020819732162635773,0.0010305466130375862,0.0014376048929989338,0.00027189141837880015,0.00037542046629823744,0.0004999720258638263,0.00010073742305394262,0.00013632072659675032,0.0005368820275180042,0.005995819810777903,4.568646181724034e-05,0.0005554537056013942,0.00014665754861198366,0.00030685646925121546,0.0006391863571479917,0.0005239798338152468,0.0002120030694641173,0.0001364625641144812,0.00018675321189220995,0.0023825785610824823,0.00012573263666126877,0.0001276329712709412,0.00036516133695840836,0.0003107445954810828,0.0001670170167926699,0.001957553904503584,0.0005042186239734292,0.00024530719383619726,0.0008141970611177385,0.001168191316537559,0.0005127927288413048,0.00010525061225052923,0.0008751173154450953,0.0002298530744155869,0.00013510300777852535,0.00021740201918873936,0.00020554231014102697,7.524283864768222e-05,0.0001659239933360368,0.00029053285834379494,0.0008130543865263462,7.863172504585236e-05,0.00027483407757245004,0.0004098377248737961,0.000399260112317279,0.00015119239105843008,0.000225978932576254,0.0004306351765990257,0.0005948338657617569,0.0005700191832147539,0.0004993887851014733,5.501517080119811e-05,0.00010540078073972836,0.00035217319964431226,6.306722934823483e-05,8.137097756844014e-05,0.0011046716244891286,0.00014463227125816047,0.0001248322514584288,0.000968562497291714,0.0004260909336153418,0.0012075436534360051,8.286182855954394e-05,0.00037775211967527866,0.0007236777455545962,0.00011877925862791017,0.0001917605404742062,0.0003760394756682217,0.00019707699539139867,0.0001413121644873172,0.001357821747660637,0.00024573662085458636,9.169823169941083e-05,0.0011031125904992223,0.0007600306416861713,0.00020136794773861766,0.0003858084382954985,0.0002652216935530305,0.00016788413631729782,0.0002913936332333833,0.0006454716785810888,8.428738510701805e-05,6.205865793162957e-05,9.988347301259637e-05,0.0003596707247197628,0.0002913916832767427,0.00021843625290784985,0.00018654807354323566,0.00043434847611933947,0.00045087496982887387
201701,0.0001552964822622016,3.289402457085089e-06,0.0,0.00011364294914528728,0.0009395341039635241,0.00012628099648281932,5.6521953410992865e-06,5.129730197950266e-06,5.7753310102270916e-05,0.0,0.0,1.2014639878543676e-06,0.00027037449763156474,4.622286724043079e-06,2.7393813070375472e-05,0.00012421193241607398,2.5089514110732125e-06,3.001473487529438e-05,0.0,4.280713255866431e-06,4.195578731014393e-05,2.3685420558194892e-07,0.0,0.0,0.0009623523219488561,0.0009806648595258594,1.4967443348723464e-05,0.0,0.0,0.0,1.7964358676181291e-06,0.00017411239969078451,0.004180131014436483,0.0,0.00013158598449081182,9.67683831731847e-07,0.0,0.00011558761616470292,9.694726759335026e-05,3.639471060523647e-06,2.388797111052554e-05,1.4099776308285072e-05,0.0007323854952119291,7.275970347109251e-06,0.0,0.0004837191372644156,2.164173565688543e-05,4.947191700921394e-05,0.0009580685873515904,0.00030708967824466527,3.622863732744008e-05,0.0001955490733962506,0.0006377632962539792,9.226004476659e-05,9.779162610357162e-06,0.0001927409612108022,6.037714774720371e-05,5.060138209955767e-05,2.5637068574724253e-06,3.8782054616604e-06,0.0,1.1246573876633192e-06,4.8277361202053726e-05,0.00029253834509290755,0.0,2.5409439331269823e-05,4.925024404656142e-05,5.583391975960694e-05,6.878887506900355e-05,0.0,2.0002314613520866e-06,1.2936424354847986e-05,0.00017207123164553195,2.1309654130163835e-06,0.0,0.0,0.00014470018504653126,1.8819138858816586e-05,2.3260211037268164e-06,0.0006759862881153822,0.0,0.0,0.00034192221937701106,6.892949750181288e-05,0.0008111924980767071,0.0,4.628192982636392e-06,0.0006242709350772202,9.937437425833195e-06,6.460658369178418e-06,1.3082907344141859e-06,8.147767948685214e-05,1.6516340110683814e-05,0.0005339113995432854,0.00011750165140256286,0.0,0.0005582000012509525,0.00030692177824676037,0.0,0.0,3.360950358910486e-05,6.993745387262607e-07,0.0,0.00011127695324830711,0.0,1.5302546216844348e-06,0.0,2.4421858597634127e-06,4.239399640937336e-05,8.701722435944248e-06,3.1005183700472116e-05,5.2536855946527794e-05,0.0002429579326417297
201702,0.00020249831140972674,2.5927195110853063e-06,0.0,0.00013319225399754941,0.0009475622791796923,0.00013215992657933384,0.0,0.0,4.9570018745725974e-05,0.0,0.0,6.216677775228163e-06,0.00030136064742691815,0.0,3.117568121524528e-05,8.52685552672483e-05,0.0,1.9927878383896314e-05,0.0,9.984220014302991e-06,4.625170913641341e-05,0.0,0.0,0.0,0.0009087849757634103,0.0010505493264645338,8.71029533300316e-06,0.0,0.0,0.0,4.0094937503454275e-06,0.00022911676205694675,0.003908592276275158,6.794431328671635e-07,0.00010590333840809762,2.3678433080931427e-06,0.0,0.00012720712402369827,9.408363985130563e-05,4.176631136942888e-06,3.563635618775152e-05,1.1187477184648742e-06,0.0006067882641218603,9.15541204449255e-06,0.0,0.0004313771496526897,1.6082760339486413e-05,4.4529788283398375e-05,0.0009079697192646563,0.00035804015351459384,3.793091673287563e-05,0.00016300202696584165,0.0006671483279205859,9.69664761214517e-05,2.733896326390095e-05,0.00021608018141705543,4.691799767897464e-05,4.521993105299771e-05,1.4530833141179755e-06,9.038763550961448e-07,0.0,3.651553868166957e-07,6.4888532506302e-05,0.00032913757604546845,0.0,1.652700848353561e-05,3.7974255974404514e-05,6.569436663994566e-05,5.649203376378864e-05,0.0,1.3424863709587953e-06,3.724736598087475e-05,0.00015546999929938465,1.616006443327933e-06,0.0,0.0,0.00012280482042115182,2.3320630134548992e-05,7.148492500164139e-07,0.0007900513592176139,0.0,0.0,0.00035596301313489676,5.88878319831565e-05,0.0006999973556958139,0.0,6.721876957271888e-07,0.000608472095336765,1.3718848776989034e-06,5.9441831581352744e-06,5.456566213979386e-06,0.00011098384857177734,9.78136267804075e-06,0.0005439792876131833,0.00010332254896638915,3.7003098896093434e-06,0.0006159886252135038,0.0003743391716852784,0.0,0.0,1.1529707990121096e-05,0.0,2.4215348730649566e-06,0.00010152766481041908,0.0,0.0,0.0,1.8787184217217145e-06,8.161974255926907e-05,1.9820386114588473e-06,1.3850160939909983e-05,5.683483323082328e-05,0.00019853819685522467
201703,0.00019698952382896096,1.0587984888843494e-06,0.0,0.000526142364833504,0.0008320438209921122,0.0001358067966066301,0.0,0.0,5.526746099349111e-05,1.4986649148340803e-05,0.0,0.0,0.00023577010142616928,0.0,1.4721179468324408e-05,0.00010463002399774268,9.885189911074121e-07,2.15447653317824e-05,1.683922732809151e-06,2.7655228223011363e-06,4.5785804104525596e-05,2.660972768353531e-06,0.0,0.0,0.0008556434768252075,0.0010745709296315908,5.093503204989247e-06,1.5487769360333914e-06,0.0,0.0,2.3816653538233368e-06,0.0002068769244942814,0.0034294386859983206,8.763006462686462e-07,8.02309368737042e-05,9.105499998440791e-07,0.0,0.00011066996376030147,8.805609832052141e-05,0.0,2.7001624403055757e-05,6.3545958255417645e-06,0.0009204675443470478,1.9260442059021443e-06,0.0,0.00039914416265673935,2.3324533685809e-05,3.522358383634128e-05,0.000774813408497721,0.00030231752316467464,5.3109968575881794e-05,0.00022180397354532033,0.0007783492328599095,9.368453902425244e-05,3.565256747606327e-06,0.00028400993323884904,5.579444405157119e-05,9.89756517810747e-05,1.7576256823303993e-06,3.297720240880153e-06,0.0,8.147831636051706e-07,7.281786383828148e-05,0.00033836657530628145,0.0,2.311529533471912e-05,3.807430402957834e-05,5.9979789511999115e-05,0.00011847451241919771,0.0,0.0,1.4193429706210736e-05,0.0001381641923217103,5.0286712394154165e-06,0.0,1.1709566933859605e-05,0.00012399897968862206,6.356648555083666e-06,2.5314764116046717e-06,0.0007287368061952293,0.0,0.0,0.00030621091718785465,8.284410432679579e-05,0.0006555893924087286,0.0,2.057657866316731e-06,0.0007384506752714515,0.0,9.771737495611887e-06,3.112959575446439e-06,9.059649164555594e-05,8.858254659571685e-06,0.0005644570337608457,0.00010089806164614856,6.8155559347360395e-06,0.0005914918729104102,0.0003760098188649863,1.847721250669565e-06,9.719122317619622e-06,3.134974031127058e-05,0.0,6.187936833157437e-06,0.00018853491928894073,0.0,0.0,1.4513198038912378e-06,9.596246854925994e-06,4.147655999986455e-05,6.52388553135097e-06,1.3503355148714036e-05,4.16988659708295e-05,0.0001985017879633233
201704,0.0001350454258499667,4.7941275624907576e-06,0.0,0.0002993709349539131,0.000861870707012713,0.0001430381671525538,5.146589955984382e-06,9.006496838992462e-06,6.438020500354469e-05,3.056758941966109e-05,0.0,0.0,0.00027503835735842586,0.0,2.6007417545770295e-05,0.00010068822302855551,0.0,2.5392799216206186e-05,2.278728288729326e-06,0.0,9.081406460609287e-05,0.0,0.0,0.0,0.0007696948014199734,0.00107649527490139,0.0,1.4893313391439733e-06,0.0,0.0,4.395695214043371e-06,0.0002427768922643736,0.003883631667122245,8.690957997714577e-07,0.00013328678323887289,9.067239830073959e-07,0.0,8.933878416428342e-05,5.5687549320282415e-05,2.473564563842956e-06,4.6921973989810795e-05,0.0,0.0008824120741337538,8.767894541961141e-06,0.0,0.00029090201132930815,2.5746254323166795e-05,1.8986460418091156e-05,0.0007806573994457722,0.000289238931145519,3.621101495809853e-05,0.0002130387001670897,0.0007340678130276501,4.854619692196138e-05,7.60380135034211e-06,0.00028905837098136544,4.598266605171375e-05,7.124388503143564e-05,1.4978803619669634e-06,2.4348739771085093e-06,0.0,2.4216549718403257e-05,0.00010326660412829369,0.00024342692631762475,0.0,2.85163005173672e-05,5.539525591302663e-05,6.926573405507952e-05,7.780896703479812e-05,0.0,4.910809821012663e-07,1.0493790796317626e-05,0.0001654820516705513,1.0990595001203474e-05,0.0,1.7414038211427396e-06,0.00013671041233465075,0.0,2.3850602701713797e-06,0.0005718360771425068,9.731768386700423e-07,0.0,0.00034568243427202106,7.972655293997377e-05,0.0006582388305105269,0.0,5.9464659898367245e-06,0.0005385737749747932,1.389119120176474e-06,5.027773113397416e-06,0.0,5.549042180064134e-05,4.847349373449106e-06,0.0005700243636965752,4.970028385287151e-05,1.6935223356995266e-06,0.0005681400652974844,0.0004479267226997763,2.0452600892895134e-06,0.0,0.0,8.475440154143143e-07,2.6969562441081507e-06,0.0002133250527549535,0.0,0.0,1.0906727538895211e-06,0.0,4.5114971726434305e-05,2.392908754700329e-05,1.6774831237853505e-05,2.365976615692489e-05,0.00018191106209997088
201705,0.00015451302169822156,2.8107995149184717e-06,0.0,0.0003620139614213258,0.0008909659227356315,9.72944253589958e-05,4.398107648739824e-06,5.0203839236928616e-06,5.8711477322503924e-05,5.021169636165723e-05,0.0,0.0,0.0002833150792866945,0.0,3.2198971894104034e-05,8.069026080192998e-05,8.0861480000749e-07,2.141242839570623e-05,0.0,0.0,2.9306560463737696e-05,0.0,0.0,0.0,0.0007720838766545057,0.0010255742818117142,1.1624240414676024e-06,1.3193188124205335e-06,0.0,0.0,0.0,0.00022911751875653863,0.002964234445244074,0.0,9.562144987285137e-05,3.265106897742953e-06,0.0,6.438305717892945e-05,0.00011673590051941574,0.0,0.0,6.487628070317442e-06,0.0008622057503089309,2.2160377284308197e-06,0.0,0.00034952210262417793,3.637683767010458e-05,1.766388231771998e-05,0.0008344880770891905,0.0003148818213958293,2.6723173505160958e-05,0.00027532741660252213,0.000772156345192343,0.00011500162509037182,1.4390094293048605e-05,0.00022038987663108855,3.668338467832655e-05,6.114368443377316e-05,0.0,1.1758987056964543e-05,0.0,4.152189831074793e-06,7.812738476786762e-05,0.00017197192937601358,0.0,1.701527799014002e-05,4.138256190344691e-05,9.764796413946897e-05,7.18728915671818e-05,0.0,0.0,2.969801926155924e-06,0.00012006532051600516,1.680921013758052e-05,0.0,0.0,0.00012429303023964167,1.3090406355331652e-05,6.626042932111886e-07,0.0004677359538618475,0.0,0.0,0.0003963624476455152,8.263059862656519e-05,0.0007228526519611478,0.0,1.049610432346526e-06,0.000473988737212494,0.0,1.1356458344380371e-05,1.5510499906667974e-06,4.692635411629453e-05,3.980693236371735e-06,0.0005808782298117876,9.290273737860844e-05,4.957425971952034e-06,0.0006134784780442715,0.00043306071893312037,0.0,0.0,9.150976438832004e-06,8.952138159656897e-07,1.2269126273167785e-05,0.00010094454046338797,0.0,1.6046078599174507e-06,6.73451154398208e-07,0.0,6.12342992099002e-05,1.0317995474906638e-05,3.070471211685799e-05,2.5968023692257702e-05,0.00018243466911371797
201706,0.0002072685892926529,2.078589886878035e-06,0.0,0.00011424251715652645,0.0008954062941484153,5.0829326937673613e-05,9.183935617329553e-06,4.8387832976004574e-06,5.0320559239480644e-05,0.00010831161489477381,0.0,1.172005227090267e-06,0.00017660601588431746,5.146998319105478e-06,1.69235954672331e-05,0.00011339183402014896,0.0,2.084760126308538e-05,0.0,1.072861664397351e-06,3.59510668204166e-05,0.0,0.0,0.0,0.0007980249938555062,0.00100810790900141,1.231030637427466e-05,1.2082064131391235e-06,0.0,0.0,1.3483952443493763e-06,0.00021374563220888376,0.0030572162941098213,1.2690082940025604e-06,4.785237251780927e-05,0.0,0.0,5.8086676290258765e-05,8.103709842544049e-05,3.863186975650024e-06,1.1857094250444788e-05,2.81898587672913e-06,0.0010761802550405264,1.6900467016967013e-06,1.98732118406042e-06,0.00043520054896362126,2.692698581086006e-05,8.496914233546704e-06,0.000846716808155179,0.0002485920558683574,1.558743133500684e-05,0.0003186670655850321,0.0006623221561312675,9.053933899849653e-05,0.0,0.00023445545230060816,4.6540684706997126e-05,8.384434477193281e-05,1.4317487284642993e-06,2.5501849449938163e-06,0.0,1.236773550772341e-05,9.141998452832922e-05,0.0002795479667838663,0.0,1.787352084647864e-05,6.511888932436705e-05,7.49823811929673e-05,7.616370567120612e-05,0.0,1.277639876207104e-05,3.93549089494627e-05,0.00011108131002401933,6.454730737459613e-06,0.0,0.0,0.00011992586951237172,0.0,2.961762902486953e-06,0.0005680798785760999,3.4347143810009584e-05,0.0,0.00036734374589286745,9.060965385288e-05,0.0007052948931232095,0.0,4.6250511331891175e-06,0.0004951552837155759,1.011425683827838e-05,1.3618201592180412e-05,2.789578275042004e-06,6.518773443531245e-05,9.15510372578865e-06,0.0005690068937838078,7.50251638237387e-05,1.356713255518116e-06,0.0006051270174793899,0.0006232782616280019,0.0,0.0,1.4153446500131395e-05,0.0,1.7954944269149564e-06,9.763569687493145e-05,0.0,0.0,0.0,0.0,6.13879383308813e-05,1.947550663317088e-05,4.9689601837599184e-06,3.2190389902098104e-05,0.0001723042514640838
201707,0.00019293566583655775,1.934800366143463e-06,1.1742006336135091e-06,0.0011458523804321885,0.0008643517503514886,2.7978187517874176e-06,4.500491741055157e-06,8.440152669209056e-06,6.976303848205134e-05,0.00010778114665299654,0.0,0.0,0.0001910643622977659,0.0,2.8653548724832945e-05,9.631795546738431e-05,0.0,1.4794432900089305e-05,0.0,3.714266085808049e-06,1.578046976646874e-05,3.740194927104312e-07,0.0,0.0,0.0008612510282546282,0.0009746350115165114,4.301383796700975e-06,9.216482794727199e-07,0.0,1.7644483705225866e-06,1.488981524744304e-06,0.00021134632697794586,0.0043889242224395275,0.0,9.189522825181484e-05,1.2825831845475477e-06,0.0,6.165265949675813e-05,0.00012318154040258378,0.0,0.0,5.8498817452345975e-06,0.0011437275679782033,0.0,3.6272112993174233e-06,0.0004399582976475358,2.218789632024709e-05,2.0465851775952615e-05,0.0007555499905720353,0.0003034495748579502,7.84160329203587e-06,0.00033925805473700166,0.0005516411038115621,0.00011303175415378064,7.080128398229135e-06,0.00019823027832899243,3.897100759786554e-05,5.0703696615528315e-05,1.4478470120593556e-06,3.7458348742802627e-06,0.0,1.3999143448018003e-05,8.474847709294409e-05,0.000183818323421292,0.0,4.090324364369735e-05,7.057598850224167e-05,0.0001018575276248157,6.744289566995576e-05,0.0,0.0,4.4377266021911055e-05,0.00011720955080818385,3.3514053939143196e-05,0.0,0.0,0.00011871910828631371,0.0,3.5625366763269994e-06,0.0006874597747810185,1.5365976651082747e-05,0.0,0.0003723612753674388,0.00011511403135955334,0.0006157570751383901,0.0,0.0,0.0004600177926477045,0.0,7.846628250263166e-06,0.0,1.2698585123871453e-05,3.9448959796573035e-06,0.0005633925320580602,0.00010547618148848414,0.0,0.0006840284913778305,0.0005558202974498272,0.0,0.0,0.0,0.0,2.0942918581567938e-06,7.756833656458184e-05,0.0,0.0,1.1775753137044376e-06,2.018368832068518e-06,3.91479188692756e-05,4.404688297654502e-06,1.8095452105626464e-05,1.4498839846055489e-05,0.00014448344882111996
201708,0.000224906369112432,1.0319289458493586e-06,0.0,0.0001379068853566423,0.000844905967824161,1.9616136341937818e-05,7.136932254070416e-06,0.0,5.9761845477623865e-05,8.594799874117598e-05,0.0,0.0,0.00015227343828883022,1.9893088847311446e-06,1.9684010112541728e-05,0.0001164853383670561,9.845500699157128e-07,1.9354703908902593e-05,1.030832663673209e-06,9.685452369012637e-07,0.0,0.0,0.0,0.0,0.0007589993183501065,0.0009605067316442728,2.3329994291998446e-05,2.1243210994725814e-06,0.0,0.0,3.803206993779895e-07,0.00028778600972145796,0.004839078988879919,0.0,7.824820932000875e-05,5.368861366150668e-06,0.0,7.636554801138118e-05,0.0001364037161692977,7.114527988960617e-07,0.0,6.634688816120615e-06,0.0010974743636325002,0.0,0.0,0.00041109949233941734,2.004985617531929e-05,1.2473503375076689e-05,0.0007748817442916334,0.00025169606669805944,2.656053038663231e-05,0.000290154101094231,0.0005457879742607474,0.00010741622827481478,6.8576719058910385e-06,0.0001412794808857143,5.2556832088157535e-05,6.230124563444406e-05,0.0,6.495512934634462e-06,0.0,1.2026953299937304e-05,7.140374509617686e-05,0.00020199122081976384,0.0,2.2614554836764e-05,4.387453736853786e-05,0.00010245876183034852,6.420871068257838e-05,0.0,0.0,9.558833653500187e-07,4.450886626727879e-05,2.8522656066343188e-05,0.0,0.0,0.00010876255691982806,0.0,3.8533181623279233e-07,0.0006949634407646954,0.0,0.0,0.0004171998880337924,7.886104140197858e-05,0.0005903989658690989,0.0,0.0,0.00046724200365133584,0.0,8.933306162361987e-06,0.0,1.4508070307783782e-05,3.340386001582374e-06,0.0005637806025333703,0.00013950119318906218,4.057916612509871e-06,0.0006987858796492219,0.0006014015525579453,0.0,0.0,1.1071788321714848e-06,4.030172476632288e-06,5.9811759456351865e-06,7.225172157632187e-05,0.0,1.5952184639900224e-06,0.0,2.1385981199273374e-06,6.362952262861654e-05,1.4800859389652032e-05,8.937426173361018e-06,3.5553948691813275e-05,0.00011973624350503087
201709,0.0002042944252025336,1.981453578991932e-06,0.0,9.067388600669801e-05,0.000914401316549629,0.0,6.572415259142872e-06,2.395600404270226e-06,4.703801096184179e-05,5.0202397687826306e-05,0.0,1.6903345567698125e-06,0.00013081783254165202,1.5758611198180006e-06,4.091379014425911e-05,0.00011504362191772088,1.0216674581897678e-06,2.5654850105638616e-05,2.1629809907608433e-06,1.1824962484752177e-06,0.0,4.283535872673383e-06,0.0,0.0,0.0008186460472643375,0.0010182677069678903,1.5246064322127495e-05,3.63617414222972e-06,0.0,0.0,0.0,0.0003895769768860191,0.004296253435313702,4.2854362618527375e-06,0.00010334605030948296,4.259482579982432e-07,0.0,9.957870497601107e-05,0.00010420585749670863,0.0,0.0,1.5256050573952962e-05,0.0009451647638343275,0.0,3.1389442938234424e-06,0.00028176128398627043,1.6740978026064113e-05,2.2948918285692343e-06,0.0008007930009625852,0.00019111481378786266,2.050886905635707e-05,0.0003213033196516335,0.0005533919902518392,8.760736818658188e-05,9.16859607968945e-06,0.00018745407578535378,3.235478652641177e-05,6.137262971606106e-05,0.0,3.6636290587921394e-06,0.0,1.1946066479140427e-05,7.032905705273151e-05,0.00014546603779308498,0.0,3.138105239486322e-05,5.9926489484496415e-05,8.939007966546342e-05,7.235996599774808e-05,0.0,0.0,5.299801705405116e-05,3.852182999253273e-05,3.441188528086059e-05,0.0,0.0,0.0001419245236320421,0.0,2.7280079848424066e-06,0.0007038250332698226,0.0,0.0,0.00039067325997166336,9.467162453802302e-05,0.0007491096039302647,0.0,5.922252967138775e-06,0.00043228516005910933,0.0,8.635066478746012e-06,0.0,1.9277504179626703e-05,1.1104038094345015e-05,0.000567655370105058,0.0001072492086677812,0.0,0.0006677687051706016,0.0006363531574606895,1.6360891095246188e-06,0.0,9.672108717495576e-06,0.0,1.6890486449483433e-06,6.504204066004604e-05,0.0,0.0,0.0,0.0,2.0490599126787856e-05,2.5742678189999424e-05,1.404986142006237e-05,2.4299915821757168e-05,5.9249490732327104e-05
201710,0.00018055591499432921,2.8831950658059213e-06,1.1938624311369495e-06,0.00178729637991637,0.0009152562124654651,1.6145053450600244e-05,0.0,4.045406512886984e-06,3.9460912375943735e-05,3.2481286325491965e-05,0.0,0.0,0.00017258719890378416,0.0,3.591495624277741e-05,0.00011342426296323538,0.0,2.3632539523532614e-05,0.0,2.776566816464765e-06,2.6635023459675722e-05,0.0,0.0,0.0,0.0006603051442652941,0.0010157217038795352,3.0384464480448514e-05,0.0,0.0,1.766960622262559e-06,5.664896434609545e-06,0.00029187407926656306,0.003305792808532715,9.497712767370103e-07,9.366737504024059e-05,1.1153587365697604e-05,0.0,6.479222793132067e-05,0.00010567848948994651,0.0,0.0,8.023638656595722e-06,0.0007083730306476355,8.19228353066137e-06,0.0,0.0003417271072976291,1.7926487998920493e-05,1.1787463336077053e-05,0.0008600939181633294,0.000227211436140351,1.9021827029064298e-05,0.0003229532449040562,0.0005377379129640758,0.00012151627743151039,6.325664344331017e-06,0.00018001785792876035,4.6358756662812084e-05,5.844838233315386e-05,0.0,5.137693278811639e-06,0.0,1.419995169271715e-05,7.793576514814049e-05,0.00022194412304088473,0.0,3.037786518689245e-05,4.820005415240303e-05,9.666392725193873e-05,9.422838047612458e-05,0.0,0.0,9.777580999070778e-05,5.399070869316347e-05,7.517251651734114e-05,0.0,0.0,0.00011957633250858635,0.0,0.0,0.0006534496205858886,0.0,0.0,0.0003961056936532259,8.877256186679006e-05,0.0006726061692461371,0.0,2.3341008272836916e-06,0.0004301571170799434,0.0,6.921038675500313e-06,1.641150106479472e-06,4.575231650960632e-05,3.982132966484642e-06,0.0005378546193242073,0.0001311306987190619,2.179124066969962e-06,0.0006459033465944231,0.0005395757034420967,0.0,2.4343189579667524e-06,9.443335329706315e-06,0.0,3.2417208331025904e-06,6.359079270623624e-05,0.0,0.0,0.0,0.0,2.103898259520065e-05,3.966852818848565e-05,7.873397407820448e-06,2.8187800126033835e-05,0.0001311296655330807
201711,0.00014284557255450636,5.1485999392753e-06,0.0,0.0003989094402641058,0.0009480630396865308,2.32868787861662e-05,0.0,4.742428700410528e-06,2.9327278753044084e-05,0.00010413891141070053,0.0,0.0,0.0001237868273165077,0.0,0.00010407983791083097,0.00010483343794476241,3.5614327771327225e-06,2.2676314983982593e-05,2.1533080598601373e-06,9.451957339479122e-06,1.583576886332594e-05,0.0,0.0,0.0,0.0006660736980848014,0.001067467383109033,9.744898306962568e-06,1.3316473086888436e-05,0.0,0.0,0.0,0.0002557048574090004,0.0037807899061590433,0.0,0.00010265724267810583,8.443249498668592e-06,0.0,8.298267493955791e-05,0.00010698134428821504,2.5585447929188376e-06,0.0,1.8505769503462943e-06,0.001196392229758203,8.760165997045988e-07,0.0,0.00023654634424019605,1.527565655123908e-05,1.1026488209608942e-05,0.0008287359378300607,0.000200866925297305,2.2592877940041944e-05,0.0003839564451482147,0.0005108462064526975,0.00011052959598600864,2.170170955650974e-05,0.0001901061914395541,4.618936145561747e-05,8.777680341154337e-05,1.256865289178677e-06,3.58008378498198e-06,0.0,2.124047023244202e-05,9.189967386191711e-05,0.00020234964904375374,0.0,3.324205681565218e-05,4.3618470954243094e-05,8.284311479656026e-05,5.616420821752399e-05,0.0,0.0,5.630853775073774e-05,0.00011642138269962743,8.128736953949556e-05,0.0,0.0,0.00010298240522388369,0.0,2.7750218123401282e-06,0.000678687822073698,0.0,0.0,0.00038783589843660593,8.15112580312416e-05,0.0006360145634971559,0.0,0.0,0.0004416331648826599,0.0,1.048482590704225e-05,2.5220199404429877e-06,3.145121445413679e-05,6.026070877851453e-06,0.0005421738605946302,0.00013882058556191623,3.610088015193469e-06,0.0006191829452291131,0.0005669203819707036,3.350454278461257e-07,0.0,1.62156702572247e-05,0.0,5.64863194085774e-06,8.243178308475763e-05,0.0,0.0,0.0,0.0,2.1666894099325873e-05,3.733221456059255e-05,1.8480051949154586e-05,4.994888149667531e-05,0.00014106927847024053
201712,0.00017867612768895924,1.1661538792395731e-06,0.0,0.0002520793641451746,0.000965108978562057,3.092211272814893e-06,0.0,4.482099484448554e-06,4.3995616579195485e-05,0.00013715331442654133,0.0,1.4798721167608164e-05,0.00024232147552538663,0.0,7.54671054892242e-05,0.00011263490159763023,1.1356034974596696e-06,2.7276397304376587e-05,2.6064299163408577e-06,4.515674845606554e-06,1.4308989193523303e-05,0.0,0.0,0.0,0.0007003493374213576,0.0011468856828287244,3.2134407774719875e-06,1.6224338423853624e-06,0.0,0.0,2.7929340831178706e-06,0.0002656870346982032,0.003672860562801361,1.8245118553750217e-06,5.15548927069176e-05,6.050642241461901e-06,0.0,5.725254595745355e-05,0.00015129511302802712,8.566745464122505e-07,0.0,7.319770247704582e-06,0.0012869971105828881,0.0,0.0,0.0003182308282703161,1.893926310003735e-05,1.0245375051454175e-05,0.0008592873346060514,0.0002763297234196216,4.817524677491747e-05,0.00034633654286153615,0.0004946503904648125,0.00010461585043231025,3.752132397494279e-05,0.00017865894187707454,2.3260117814061232e-05,0.00010416754230391234,0.0,2.0298803065088578e-06,0.0,1.3346250852919184e-05,6.792811473133042e-05,0.0002026413130806759,0.0,2.5555664251442067e-05,5.3199280955595896e-05,8.465478458674625e-05,5.6348762882407755e-05,0.0,0.0,8.422304381383583e-05,0.00013431371189653873,0.00012838494149036705,0.0,0.0,0.0001007483369903639,0.0,1.8181490304414183e-06,0.0006096105789765716,0.0,0.0,0.0004198500537313521,8.106679888442159e-05,0.0005793985910713673,0.0,3.045348421437666e-06,0.000433844979852438,0.0,8.731387424631976e-06,0.0,0.0,3.8107152704469627e-06,0.0005227131186984479,0.0001262951409444213,1.7765046322892886e-06,0.0005797914345748723,0.0005465892027132213,0.0,5.223743755777832e-06,5.178431820240803e-05,0.0,5.8368846111989114e-06,0.00015445385361090302,0.0,0.0,0.0,0.0,4.2062936699949205e-05,6.219521310413256e-05,3.1331568607129157e-05,2.668763954716269e-05,9.293367475038394e-05
201801,0.00020656544074881822,4.610384166880976e-06,3.1097204100660747e-06,0.0004657179524656385,0.0008429366862401366,8.478694508085027e-05,8.972354407887906e-06,1.321853505942272e-05,4.535265907179564e-05,0.0003025674959644675,1.3700338968192227e-05,5.417515421868302e-05,0.00029727647779509425,2.2911122869118117e-05,0.0001366261567454785,0.00011020788952009752,1.2696994417638052e-05,4.3844884203281254e-05,3.818429831881076e-06,1.6443102140328847e-05,2.034152566920966e-05,1.0412681149318814e-05,1.4278743947215844e-06,5.705479907192057e-06,0.0007995165651664138,0.0008914904319681227,1.898434857139364e-05,2.410348861303646e-05,6.109145488153445e-06,2.9030186396994395e-06,1.2199353477626573e-05,0.00020301023323554546,0.0034962499048560858,3.913524324161699e-06,0.00011962525604758412,1.5228729353111703e-05,1.96711448552378e-06,5.396231063059531e-05,0.00014168165216688067,2.1105302948853932e-05,4.537433051154949e-05,1.3055417184659746e-05,0.000710098713170737,1.0288932571711484e-05,7.847663255233783e-06,0.00019885993970092386,3.3842603443190455e-05,1.883277582237497e-05,0.0008675526478327811,0.0002830316952895373,2.5805737095652148e-05,0.0004492874722927809,0.00046878494322299957,0.00011660446762107313,2.5708273824420758e-05,0.00011989926861133426,6.528785888804123e-05,4.95578751724679e-05,2.578495696070604e-06,1.6492804206791334e-05,1.1694198747136397e-06,2.426624450890813e-05,7.744072354398668e-05,0.00028236728394404054,5.182643235457363e-06,4.009759868495166e-05,6.812824722146615e-05,0.0001493736926931888,5.6668181059649214e-05,4.055075623909943e-05,3.7347013858379796e-05,0.00012486647756304592,0.00011432485916884616,7.96536696725525e-05,4.242340764903929e-06,6.238034984562546e-05,8.212219108827412e-05,8.16713145468384e-06,7.4147596933471505e-06,0.00028914285940118134,1.233357579621952e-06,1.2654263628064655e-05,0.00040505724609829485,8.66770205902867e-05,0.00048438634257763624,1.3438294672596385e-06,2.1211806597420946e-05,0.0003677023632917553,4.16263810620876e-06,1.731166776153259e-05,1.253310801985208e-05,4.070924114785157e-05,1.6898124158615246e-05,0.0004260819696355611,8.598491695011035e-05,6.485622179752681e-06,0.0005664767231792212,0.0002546085452195257,9.69639586401172e-06,1.5078939213708509e-05,2.750661406025756e-05,1.6266385500784963e-05,2.077720273518935e-05,9.764963033376262e-05,1.97969566215761e-05,4.516643002716592e-06,9.032572961586993e-06,1.1459146662673447e-05,8.195087139029056e-05,6.930716335773468e-05,5.7689991081133485e-05,0.00012229583808220923,7.671807543374598e-05
201802,0.00016018783207982779,4.317760613048449e-06,3.218413894501282e-06,0.00038879469502717257,0.0008845410193316638,3.2467163691762835e-05,8.532671017746907e-06,1.0496483810129575e-05,5.55899205210153e-05,0.0004334294644650072,8.10467463452369e-06,6.304660928435624e-05,0.0003261958190705627,1.874047848104965e-05,9.082729957299307e-05,0.0001098474531318061,1.1903014637937304e-05,3.814421870629303e-05,4.446237198862946e-06,7.033891506580403e-06,6.446028237405699e-06,3.74154228666157e-06,2.7314090402796865e-06,3.7457866710610688e-06,0.0006870544166304171,0.0010107853449881077,9.947298167389818e-06,3.068360092584044e-05,2.9685625122510828e-05,2.5279073270212393e-06,1.1208923751837574e-05,0.0002734471345320344,0.003840581513941288,5.307792434905423e-06,0.00010912991274381056,1.6319587302859873e-05,1.658962105466344e-07,4.684153464040719e-05,0.00015092566900420934,2.7963742468273267e-05,3.3024476579157636e-05,7.185522463259986e-06,0.0013452935963869095,2.2033671484678052e-05,6.9821653596591204e-06,0.00013009225949645042,2.302059147041291e-05,5.084016083856113e-05,0.0008262272458523512,0.000303799519315362,2.5469153115409426e-05,0.0004084784595761448,0.0005470309406518936,6.126146763563156e-05,1.4208081665856298e-05,0.00012177299504401162,7.160723180277273e-05,9.123624477069825e-05,1.9021885009351536e-06,1.4507405467156786e-05,1.9953206447098637e-06,1.7744439901434816e-05,4.018052277388051e-05,0.00030345338745974004,6.463126283051679e-06,4.261591311660595e-05,7.155178172979504e-05,0.00013816497812513262,8.258237357949838e-05,2.525741911085788e-05,3.682646274683066e-05,0.00010987428686348721,0.00014388647105079144,4.5973927626619115e-05,6.047446277079871e-06,3.108972668997012e-05,9.612129360903054e-05,3.404141898499802e-05,1.0950098840112332e-05,0.00023813256120774895,5.1312836149008945e-06,1.183896620204905e-05,0.0003619662893470377,9.364919969812036e-05,0.0005034070927649736,6.247540568438126e-06,1.991826320590917e-05,0.00032857523183338344,1.6644402421661653e-05,2.2930329578230157e-05,1.600498944753781e-05,2.213616062363144e-05,1.1655991329462267e-05,0.0004469925770536065,0.00011222998728044331,1.1397446542105172e-05,0.0006101161707192659,0.0003111962287221104,1.2139934369770344e-05,2.128016967617441e-05,2.2298976546153426e-05,1.0771212146210019e-05,1.6271445929305628e-05,8.915424405131489e-05,1.921604052768089e-06,3.4532047266111476e-06,4.47975298811798e-06,2.2821575839770958e-05,6.172257417347282e-05,6.793432839913294e-05,4.1517625504639e-05,0.00012812252680305392,5.7628483773441985e-05
201803,0.0001859271724242717,2.3622695152880624e-05,1.8929616771856672e-06,0.0007068312843330204,0.000864705943968147,1.5291921954485588e-05,7.3105852607113775e-06,2.180681622121483e-05,5.00183850817848e-05,0.0002934570366051048,4.0956042539619375e-06,6.314008351182565e-05,0.0003116425359621644,1.991387216548901e-05,6.831571226939559e-05,0.00010497710900381207,9.90862008620752e-06,4.6063691115705296e-05,6.224362550710794e-06,1.6144709661602974e-05,3.997754174633883e-05,1.4257921066018753e-05,3.6249075492378324e-06,5.106448043079581e-06,0.0007076355395838618,0.0009492724784649909,2.039671926468145e-05,2.819710243784357e-05,5.715710813092301e-06,3.2799539440020453e-06,1.057393728842726e-05,0.00022226403234526515,0.003571196459233761,6.666647095698863e-06,9.632721048546955e-05,2.0865873011644e-05,1.2522474435172626e-06,6.187295366544276e-05,0.00013341294834390283,2.0260913515812717e-05,2.978843440359924e-05,8.85973440745147e-06,0.0006579789333045483,7.298458058357937e-06,5.415776286099572e-06,0.00027469178894534707,3.604134326451458e-05,2.4019836928346194e-05,0.0008489537867717445,0.0002711139677558094,6.12888834439218e-05,0.0004388662928249687,0.0005669607780873775,6.801646668463945e-05,2.6676787456381135e-05,0.00011588087363634259,4.061444997205399e-05,9.504980698693544e-05,1.2813140983780613e-06,1.902919029816985e-05,1.4668113408333738e-06,2.9050741432001814e-05,6.207401747815311e-05,0.0002599331783130765,4.14784835811588e-06,4.564117261907086e-05,5.9084981330670416e-05,0.00013379940355662256,6.93686306476593e-05,9.717793545860332e-06,2.553365811763797e-05,0.00010987276618834585,0.00011885054118465632,0.00011577953409869224,1.860064571701514e-06,4.415016883285716e-05,0.00010123733227374032,4.233461822877871e-06,4.472620275919326e-06,0.00022509046539198607,4.479234121390618e-06,6.5419767452112865e-06,0.0003888488281518221,7.908233237685636e-05,0.0005493106436915696,3.4047018289129483e-06,2.1554371414822526e-05,0.00035646051401272416,1.497590619692346e-05,2.5175137125188485e-05,9.174948900181334e-06,2.230916106782388e-05,9.500337910139933e-06,0.0004301023145671934,9.164503717329353e-05,1.5589372196700424e-05,0.0006144216167740524,0.00030770665034651756,2.5820054361247458e-06,1.553517722641118e-05,3.841201396426186e-05,1.2442712431948166e-05,9.646398211771157e-06,0.00010210226901108399,6.020470664225286e-07,1.618279156900826e-06,6.837462478870293e-06,2.9070188247715123e-05,9.625359234632924e-05,6.78620781400241e-05,7.396010914817452e-05,0.00011509530304465443,3.59089499397669e-05
201804,0.00019198027439415455,5.36191646460793e-06,1.6138488945216523e-06,0.000194479594938457,0.0008568423800170422,1.5168562640610617e-05,5.2827244871878065e-06,1.988568874367047e-05,4.255167368683033e-05,0.00019091203284915537,2.803302777465433e-06,0.00011105761223006994,0.00024512814707122743,1.9239359971834347e-05,0.0001186533845611848,0.00010512905282666907,8.878639164322522e-06,4.656276723835617e-05,4.137102678214433e-06,1.9060867998632602e-05,5.989072087686509e-05,9.512330507277511e-06,4.399257250042865e-06,2.4652035790495574e-06,0.0006664872635155916,0.0009526630165055394,7.149901648517698e-06,1.974195401999168e-05,4.792492745764321e-06,2.398801825620467e-06,1.923885974974837e-05,0.00027614724240265787,0.0031154367607086897,5.4924871619732585e-06,0.00014427173300646245,2.502943971194327e-05,0.0,5.422570029622875e-05,0.00015215489838737994,2.4304659746121615e-05,1.5308942238334566e-06,1.1467154763522558e-05,0.0006164550432004035,6.1355931393336505e-06,7.274571544257924e-06,0.0003162979264743626,3.698687578435056e-05,2.4861710699042305e-05,0.0007349586812779307,0.0003453656972851604,2.654872150742449e-05,0.0003795067314058542,0.0004601461405400187,5.845335908816196e-05,3.8744383346056566e-05,0.00012715258344542235,7.144374103518203e-05,4.4789401727030054e-05,5.375339355850883e-07,8.561343747715e-06,1.929704239955754e-06,3.9444224967155606e-05,7.004461804172024e-05,0.0002819033106788993,3.14937210532662e-06,3.614442175603472e-05,5.3919877245789394e-05,0.0001384297793265432,5.599081123364158e-05,6.78199648973532e-06,1.8589256796985865e-05,7.568755972897634e-05,8.43178786453791e-05,4.944109241478145e-05,4.2853844206547365e-06,3.4169337595812976e-05,7.879520853748545e-05,1.5333727787947282e-05,8.54353766044369e-06,0.00028668605955317616,2.0648512872867286e-06,1.4469909729086794e-05,0.0003634118183981627,8.402416278840974e-05,0.000514681451022625,1.0579833542578854e-05,1.610754225112032e-05,0.0004994241171516478,3.523624627632671e-06,2.578448038548231e-05,1.0681457752070855e-05,3.0139182854327373e-05,1.2000569768133573e-05,0.00042964782915078104,9.481568122282624e-05,8.555508429708425e-06,0.0006066533969715238,0.00028357759583741426,1.1670475942082703e-05,4.6269096856121905e-06,4.8521313146920875e-05,8.686752153153066e-06,2.218349982285872e-05,5.171841257833876e-05,4.1237258301407564e-06,1.7923449604495545e-06,5.894774403714109e-06,8.143892046064138e-06,5.9743120800703764e-05,9.273848991142586e-05,6.054148980183527e-05,0.0001112955724238418,5.654374399455264e-05
201805,0.00017378036864101887,1.3599708836409263e-05,1.306349190599576e-06,0.0005181004526093602,0.0008124326122924685,1.4481810467259493e-05,6.768833372916561e-06,9.411448445462156e-06,4.791679384652525e-05,0.00013975879119243473,7.374932806669676e-07,8.859934314386919e-05,0.0003191919531673193,1.0141990060219541e-05,0.00015248059935402125,0.00010489537089597434,1.561068529554177e-05,4.1225084714824334e-05,6.9116877057240345e-06,1.7244941773242317e-05,4.396513759274967e-05,7.704979907430243e-06,2.5840381567832083e-06,4.043390617880505e-06,0.000826826028060168,0.0009541994077153504,1.650015292398166e-05,3.1450807000510395e-05,3.2054051644081483e-06,2.5990000267483993e-06,7.699855814280454e-06,0.0001485741522628814,0.002801806665956974,4.9574446165934205e-06,0.0001534779730718583,2.87701805063989e-05,8.186568152268592e-07,5.438526932266541e-05,0.00018057947454508394,1.1853425348817836e-05,4.746870217786636e-06,5.37524419996771e-06,0.0009242811938747764,6.223065611266065e-06,7.57138559492887e-06,0.00030407370650209486,4.7681158321211115e-05,2.1935677068540826e-05,0.0007140980451367795,0.0003378653491381556,5.591904846369289e-05,0.00039373186882585287,0.0004267517360858619,4.5825119741493836e-05,2.3785853045410477e-05,9.587402746547014e-05,5.31581426912453e-05,0.00010009156540036201,1.6371571973650134e-06,1.1287271263427101e-05,5.539954486266652e-07,2.3654520191485062e-05,5.570335270022042e-05,0.0003257587959524244,3.1176307402347447e-06,4.382706538308412e-05,4.595365317072719e-05,0.00011629529035417363,6.349475734168664e-05,2.5810402348724892e-06,4.2633473640307784e-05,3.7906294892309234e-05,0.00015205297677312046,6.53980314382352e-05,6.618972747673979e-06,1.1087854545621667e-05,7.215347432065755e-05,7.1640306487097405e-06,7.764266229060013e-06,0.0002627889916766435,3.667107876026421e-06,1.0276408829668071e-05,0.0003564003563951701,8.730930130695924e-05,0.0005639172159135342,3.76109233002353e-06,1.912290827021934e-05,0.0004568477743305266,3.2754724088590592e-06,2.2537720724358223e-05,1.048441572493175e-05,3.319163079140708e-05,7.97795564722037e-06,0.0004054260498378426,0.00014600585564039648,1.18222678793245e-05,0.0006251619197428226,0.00023511239851359278,9.128068086283747e-06,8.618821084382944e-06,4.7008685214677826e-05,9.714443876873702e-06,3.159627158311196e-05,6.225625838851556e-05,3.3749515750969294e-06,9.063353445526445e-07,1.0682756510504987e-05,4.176931724941824e-06,9.181690256809816e-05,8.370315481442958e-05,8.105168672045693e-05,0.00011315801384625956,9.431363287148997e-05
201806,0.0004689691704697907,6.523232514155097e-06,3.552168891474139e-06,0.000538296764716506,0.0007788407965563238,3.719637970789336e-05,9.402485375176184e-06,1.6600759408902377e-05,3.3939035347430035e-05,0.0001762791071087122,1.0404729437141214e-05,6.130612746346742e-05,0.00026872011949308217,8.788371815171558e-06,0.00014390946307685226,0.00011252704280195758,1.2919101209263317e-05,5.0919414206873626e-05,5.655138011206873e-06,6.614760422962718e-06,5.0791357352864e-05,7.094260126905283e-06,4.064840140927117e-06,1.4522954643325647e-06,0.0007800566381774843,0.000996258924715221,1.6859157767612487e-05,3.685478804982267e-05,3.5081782243651105e-06,5.167723429622129e-06,1.905913813970983e-05,0.00016538228373974562,0.02732032537460327,5.671566668752348e-06,0.00016327282355632633,2.9878261557314545e-05,1.9053938160595862e-07,5.384992982726544e-05,0.00017797770851757377,1.9980763681815006e-05,8.350860412065231e-07,1.082314247469185e-05,0.0007154603372327983,1.441381209588144e-05,7.300378456420731e-06,0.00025073878350667655,2.415355083940085e-05,2.7157171643921174e-05,0.0007181462715379894,0.00037787071778438985,5.2644743846030906e-05,0.0004267134645488113,0.0003420387511141598,6.166022649267688e-05,1.4105050468060654e-05,9.858309203991666e-05,6.635797035414726e-05,5.693155253538862e-05,1.548505110804399e-06,1.448922648705775e-05,2.3466859602194745e-06,2.6242007152177393e-05,0.00010330654913559556,0.0002684537903405726,7.300100605789339e-06,0.0013391397660598159,0.0010106617119163275,0.0014734019059687853,7.939105853438377e-05,9.334803507954348e-06,2.3125592633732595e-05,0.00011661242751870304,0.00010700204438762739,5.087979297968559e-05,7.303039637918118e-06,1.2920084373035934e-05,0.00012121617328375578,5.422557478595991e-06,4.7547955546178855e-06,0.00015560931933578104,2.0196848709019832e-06,1.8996051949216053e-05,0.0005156983970664442,9.164403309114277e-05,0.0007196069345809519,6.696408036077628e-06,0.0004482276854105294,0.00041815335862338543,9.05782053450821e-06,2.5024024580488913e-05,4.792338131665019e-06,1.8067234123009257e-05,1.550466004118789e-05,0.00043459259904921055,0.00014080551045481116,1.0180249773839023e-05,0.0006633240263909101,0.00020435650367289782,9.358384886581916e-06,1.8353872292209417e-05,4.1895989852491766e-05,1.5306857676478103e-05,2.6173627702519298e-05,5.1239556341897696e-05,2.5066794933081837e-06,4.628519491234329e-06,2.6891570996667724e-06,5.863772912562126e-06,5.675837383023463e-05,0.00012982722546439618,5.8679204812506214e-05,0.0001179831670015119,0.00011877433280460536
201807,0.0005855420022271574,4.546577656583395e-06,4.118569904676406e-06,0.00014688332157675177,0.0007317112176679075,2.878554914786946e-05,1.0530258805374615e-05,1.216814689541934e-05,4.914497912977822e-05,0.00021584992646239698,1.953988657987793e-06,0.00010929119889624417,0.00033186652581207454,2.2963615265325643e-05,7.04686317476444e-05,0.0001268853957299143,2.5210416424670257e-05,4.2818894144147635e-05,5.255641553958412e-06,1.359561338176718e-05,0.00012004189193248749,7.517049198213499e-06,2.6901211640506517e-06,1.690998578851577e-05,0.0008606303599663079,0.0009746555588208139,1.1241998436162248e-05,3.2020543585531414e-05,3.5276575545140076e-06,2.6518905542616267e-06,1.450407307856949e-05,0.00012974918354302645,0.025505870580673218,6.172126177261816e-06,0.00012610545672941953,1.7279935491387732e-05,4.459797366962448e-07,7.195920625235885e-05,0.0001544055121485144,1.9465309378574602e-05,2.533195583964698e-05,9.172706995741464e-06,0.0005038853851146996,5.023299763706746e-06,4.9056961870519444e-06,0.0002526324533391744,2.6672751118894666e-05,4.349347000243142e-05,0.0008116461103782058,0.00037800282007083297,5.684834104613401e-05,0.0003212717710994184,0.0003398275875952095,7.36065412638709e-05,1.778919977368787e-05,0.00017600980936549604,4.6584544179495424e-05,6.188623228808865e-05,3.339657723699929e-06,2.437121838738676e-05,2.3149805201683193e-06,2.9557677407865413e-05,0.00011164405441377312,0.0003156851453240961,5.993482773192227e-06,0.0012693388853222132,0.0005560959107242525,0.001113675651140511,6.70309309498407e-05,3.8085083815531107e-06,5.365924516809173e-05,6.322976696537808e-05,0.00011009337322320789,7.064238889142871e-05,6.143074188003084e-06,1.4696976904815529e-05,0.00015640584751963615,2.4943234166130424e-05,4.366061602922855e-06,0.00015235523460432887,1.1012818504241295e-05,1.6571511878282763e-05,0.0007854780997149646,8.864486881066114e-05,0.0007523666718043387,7.891854693298228e-06,0.0001216027740156278,0.00036342869861982763,8.748796062718611e-06,2.5489722247584723e-05,9.506660717306659e-06,1.6645517462166026e-05,8.164085556927603e-06,0.00043701627873815596,0.00011124746379209682,1.989399424928706e-05,0.0006694933981634676,0.0002103450970025733,7.790448762534652e-06,3.853454109048471e-05,3.1108571420190856e-05,1.4615459804190323e-05,1.9029524992220104e-05,0.00013789786316920072,3.2588038720859913e-06,2.5263843781431206e-06,3.107420297965291e-06,1.2252155102032702e-05,0.00012649589916691184,0.00010414497955935076,7.03967161825858e-05,0.000140595409902744,8.551685459678993e-05
201808,0.0003982153721153736,3.825570729532046e-06,2.6438556233188137e-06,0.0005489534814842045,0.0007429094985127449,3.0380679163499735e-05,1.268705182155827e-05,1.2223966223245952e-05,5.177535058464855e-05,0.00015992726548574865,3.5116029266646365e-06,0.00011353869922459126,0.000316578516503796,1.576980866957456e-05,0.00011867815919686109,8.367007103515789e-05,3.862469384330325e-05,4.828353121411055e-05,7.401687525998568e-06,1.1729813195415772e-05,0.00014723380445502698,6.185900474520167e-06,3.0823277938907268e-06,7.028783329587895e-06,0.0008186331833712757,0.0008848649449646473,1.0472862413735129e-05,2.524505543988198e-05,1.0484908671060111e-05,2.7129367481393274e-06,1.0306682270311285e-05,0.00021472419030033052,0.022643040865659714,6.0861871133965906e-06,9.786061127670109e-05,1.5275305486284196e-05,4.546202205801819e-07,5.6104687246261165e-05,0.00016149932343978435,1.0260834642394911e-05,2.4106640921672806e-05,1.228872497449629e-05,0.000983250210992992,7.238611942739226e-06,1.2884020179626532e-05,0.0003204423701390624,4.121983147342689e-05,4.2290448618587106e-05,0.0006866544135846198,0.000263902940787375,5.716349187423475e-05,0.00040744090802036226,0.00036314400495029986,4.343062755651772e-05,3.2355372240999714e-05,0.0001267927000299096,2.1797584849991836e-05,7.911572174634784e-05,1.6248766314674867e-06,1.7576876416569576e-05,7.9198878211173e-07,2.0745481378980912e-05,0.00020521695842035115,0.0003445177571848035,5.568850156123517e-06,0.001025594538077712,0.000766878598369658,0.0008368510170839727,4.520611037150957e-05,6.707171564812597e-07,6.055360790924169e-05,0.00010516076872590929,8.791941218078136e-05,3.394459781702608e-05,1.732306600388256e-06,1.5454876120202243e-05,0.0001132059478550218,2.875433438020991e-06,3.514966465445468e-06,0.00017545415903441608,9.995390428230166e-06,2.0398276319610886e-05,0.0006335704238153994,0.00010640065011102706,0.0007783902110531926,9.26543816603953e-06,1.36842681968119e-05,0.0004918775521218777,7.783333785482682e-06,1.8494247342459857e-05,1.062744740920607e-05,2.2652246116194874e-05,1.262005480384687e-05,0.00041757835424505174,0.00013321118603926152,1.915978646138683e-05,0.000621827959548682,0.0002103181614074856,8.586723197367974e-06,2.505699740140699e-05,2.139477692253422e-05,1.310144489252707e-05,1.2000146853097249e-05,0.0001971174351638183,3.387557626410853e-06,5.621991476800758e-06,8.439033990725875e-06,1.0647321687429212e-05,7.832478149794042e-05,0.00010577890498097986,0.0001054540480254218,0.00014623027527704835,9.295188647229224e-05
201809,0.0003351546183694154,8.779780728218611e-06,1.7293134533247212e-06,0.00022293721849564463,0.0006709318258799613,3.390516576473601e-05,9.543395208311267e-06,1.0718992598413024e-05,5.8151297707809135e-05,0.00021306180860847235,2.15497152566968e-06,0.0001407022646162659,0.0002535802195779979,8.117688594211359e-06,8.772497676545754e-05,9.753941412782297e-05,1.476165562053211e-05,0.00013019400648772717,5.208480160945328e-06,1.051426625053864e-05,0.0002387880376772955,7.2820830609998666e-06,2.315485062354128e-06,8.606545634393115e-06,0.0008357128826901317,0.0008154374081641436,2.8786162147298455e-05,2.7025194867746904e-05,3.0016774417163106e-06,3.219584641556139e-06,1.2355581930023618e-05,0.0002076258388115093,0.021213628351688385,5.061676802142756e-06,0.00013232075434643775,3.201467188773677e-05,6.233677822820027e-07,5.2253024477977306e-05,0.0001023245495161973,1.6541784134460613e-05,3.922057294403203e-05,6.361732175719226e-06,0.0006897764978930354,5.493394382938277e-06,1.496525055699749e-05,0.00029342607012949884,3.448049392318353e-05,3.189094059052877e-05,0.0008040262619033456,0.0005070010665804148,5.301667988533154e-05,0.00033517798874527216,0.00038845749804750085,4.688074113801122e-05,2.471758307365235e-05,0.0001287420600419864,5.285387669573538e-05,6.491719250334427e-05,3.805114602073445e-06,1.4486034160654526e-05,5.636630362459982e-07,1.6179916201508604e-05,0.00013118459901306778,0.00041561739635653794,2.0543550363072427e-06,0.000976570532657206,0.0007468081312254071,0.0008921511471271515,4.9321824917569757e-05,4.1279790821135975e-06,1.3137876521795988e-05,3.965850919485092e-05,0.0001316359848715365,3.22465093631763e-05,2.987227162520867e-06,4.525411441136384e-06,0.0001436909515177831,1.107127081922954e-05,6.5965209614660125e-06,0.0003376601671334356,2.7746557407226646e-06,1.1228675248275977e-05,0.0008345345268025994,7.549636939074844e-05,0.0009062120225280523,3.984728664363502e-06,3.701341483974829e-05,0.0003335930814500898,7.195567832241068e-06,2.2875003196531907e-05,7.451064448105171e-06,1.848430656536948e-05,6.6986203819396906e-06,0.00044270395301282406,0.00016470970876980573,1.8717726561590098e-05,0.000581038068048656,0.0002179102011723444,8.086118214123417e-06,5.974737632641336e-06,2.340289756830316e-05,1.6768193745519966e-05,1.1805096619355027e-05,0.0001240708224941045,8.466718099953141e-06,3.573075900931144e-06,4.161000560998218e-06,5.0312869461777154e-06,3.263113831053488e-05,0.000123406236525625,6.83513717376627e-05,9.497444261796772e-05,9.448904893361032e-05
201810,0.0004164491838309914,6.778111128369346e-06,3.5819175536744297e-06,0.002582637360319495,0.00073395692743361,2.385769948887173e-05,5.4149163588590454e-06,1.3806784409098327e-05,5.859242082806304e-05,0.00018944538896903396,1.795570642570965e-05,0.00019880407489836216,0.000234060877119191,1.831314693845343e-05,0.00010675716475816444,0.00014457300130743533,2.4522012608940713e-05,3.9924983866512775e-05,4.486690613703104e-06,1.0627174560795538e-05,0.00012279963993933052,3.611836746131303e-06,1.5484289406231255e-06,4.044505203637527e-06,0.0006604710360988975,0.0008983159204944968,6.927589311089832e-06,1.8920227375929244e-05,2.717794586715172e-06,6.891979410283966e-06,1.4069913049752358e-05,0.0002658129669725895,0.021475348621606827,6.05134437137167e-06,0.0001327659992966801,2.1364721760619432e-05,2.0364559816243855e-07,6.177721661515534e-05,0.000104400263808202,7.662988537049387e-06,2.7394082280807197e-05,1.1952251043112483e-05,0.0005138811538927257,2.9215605536592193e-05,7.201416792668169e-06,0.00021175721485633403,7.228234608191997e-05,2.587820745247882e-05,0.0006863222224637866,0.0004241978458594531,5.284957296680659e-05,0.00034008853253908455,0.00032607096363790333,4.898151019006036e-05,6.432097143260762e-05,0.00017232530808541924,4.548719880403951e-05,3.703124821186066e-05,3.9578535506734625e-06,2.8538685000967234e-05,2.0618169571662293e-07,1.575735950609669e-05,0.00010486577230039984,0.0003815627715084702,3.9751721487846226e-06,0.001475558732636273,0.0007696602842770517,0.0007314916583709419,4.5326425606617704e-05,7.6059532148065045e-06,4.224030635668896e-05,2.4871735149645247e-05,0.00021836398809682578,4.275092214811593e-05,2.749169652815908e-06,1.2430722563294694e-05,0.00012565265933517367,6.321088221739046e-06,2.6819373033504235e-06,0.0002441448741592467,1.6348723193004844e-06,9.952212167263497e-06,0.0007827630033716559,0.0001081259033526294,0.000957704905886203,5.316134775057435e-06,2.9766353691229597e-05,0.00042734434828162193,1.1153290870424826e-05,2.173601751565002e-05,8.033455742406659e-06,2.618503276607953e-05,1.2480780242185574e-05,0.0004474254965316504,0.00017810532881412655,2.9171929782023653e-05,0.0006333516794256866,0.00022722058929502964,1.0760459190350957e-05,7.555025149486028e-06,5.316256283549592e-05,1.303695171372965e-05,2.9852062652935274e-05,0.0001314370456384495,3.0535284167854115e-06,1.796321953406732e-06,4.331363925302867e-06,2.367148408666253e-05,4.615631405613385e-05,0.00018501724116504192,0.00010049773118225858,0.00013102898083161563,9.215578029397875e-05
201811,0.00035801451303996146,7.720439498370979e-06,5.467616574605927e-06,0.0005387788405641913,0.0006923058535903692,3.101194306509569e-05,4.7681733121862635e-06,1.9612876712926663e-05,9.493703691987321e-05,0.00023011981102172285,3.904203367710579e-06,0.00020645545737352222,0.0002159255964215845,1.3375315575103741e-05,0.00014741098857484758,0.00011951154738198966,1.5246767361531965e-05,7.503672532038763e-05,1.6908572433749214e-05,1.9645125576062128e-05,0.0001428923715138808,9.63495494943345e-06,2.361417273277766e-06,3.6558885767590255e-06,0.0006951215327717364,0.0008413122850470245,1.1296798220428172e-05,2.4667035177117214e-05,3.214967591702589e-06,4.233084837323986e-06,1.332653482677415e-05,0.00013353160466067493,0.01883978769183159,4.512708073889371e-06,0.00012599110777955502,2.233714440080803e-05,0.0,9.827698522713035e-05,7.259732228703797e-05,3.567430030670948e-05,8.573863306082785e-05,7.660378287255298e-06,0.0010776292765513062,8.031303877942264e-06,5.46076989849098e-06,0.00024738724459894,4.682546932599507e-05,2.415229937469121e-05,0.0006948206573724747,0.000292478158371523,4.5811797463102266e-05,0.00033190613612532616,0.000304103537928313,5.35961335117463e-05,1.7058464436559007e-05,0.00017771559942048043,4.92328945256304e-05,3.885578553308733e-05,2.273962081744685e-06,3.309059684397653e-05,1.3341431213120813e-06,2.826617128448561e-05,0.00013134442269802094,0.0002700833138078451,3.1495249004365178e-06,0.0012717412319034338,0.0006341677508316934,0.0007833639974705875,5.4332947911461815e-05,3.6631993225455517e-06,3.1701638363301754e-05,4.002816422143951e-05,0.00014567635662388057,5.5487842473667115e-05,6.390623184415745e-06,4.852759957429953e-05,0.00010502319491934031,1.4789186025154777e-05,6.88987302055466e-06,0.0004224095318932086,2.099069888572558e-06,8.683877240400761e-06,0.0007807700312696397,9.379898256156594e-05,0.0008082588901743293,1.1683736374834552e-05,2.7646825401461683e-05,0.0004404739593155682,1.0896395906456746e-05,1.860772135842126e-05,7.21643255019444e-06,9.937245522451121e-06,5.4770666793046985e-06,0.00045350586879067123,0.0001507665729150176,3.0125349439913407e-05,0.0005643597105517983,0.0002727857790887356,9.245173714589328e-06,3.88140642826329e-06,3.1362418667413294e-05,1.9359238649485633e-05,2.1994310372974724e-05,0.0001558704680064693,5.2443751883402e-06,1.993562818825012e-06,8.661153515276965e-06,7.839121280994732e-06,5.621854143100791e-05,8.400447404710576e-05,9.919721924234182e-05,9.037271956913173e-05,0.00012496922863647342
201812,0.00032513332553207874,1.144144516729284e-05,3.2872712836251594e-06,0.000470907601993531,0.0006908699870109558,4.9468708311906084e-05,1.2886795047961641e-05,9.309015695180278e-06,0.0001050976206897758,0.0002651328104548156,8.17104046291206e-06,0.0001759043661877513,0.00024673709413036704,9.574187060934491e-06,0.000123408084618859,0.00017637400014791638,2.8363519959384575e-05,5.485479414346628e-05,4.638603058992885e-06,1.7240272427443415e-05,9.103051706915721e-05,7.554940566478763e-06,2.7049884465668583e-06,6.915018730069278e-06,0.0006944049382582307,0.0008133758674375713,1.4266985999711324e-05,2.8636795832426287e-05,4.093596544407774e-06,2.4376088276767405e-06,1.1614550203375984e-05,0.00020681493333540857,0.019123485311865807,4.553349299385445e-06,0.00013154197949916124,1.9642708139144816e-05,4.133184575039195e-06,5.667774530593306e-05,6.674091127933934e-05,1.1774061022151727e-05,9.085975761990994e-05,4.526156317297136e-06,0.0009654919849708676,8.94932873052312e-06,6.645308531005867e-06,0.0002886376460082829,6.35139222140424e-05,3.135190127068199e-05,0.000666998908855021,0.0002986998006235808,7.353295950451866e-05,0.00026268084184266627,0.0003289198502898216,5.504985892912373e-05,5.3339772421168163e-05,0.00021109238150529563,2.5550738428137265e-05,6.071671668905765e-05,7.220726843115699e-07,9.015495015773922e-05,2.0836589555983664e-06,2.0368603145470843e-05,9.354541543871164e-05,0.00026415870524942875,2.7264252366876462e-06,0.000907278445083648,0.0007397501613013446,0.000912067131139338,4.9599213525652885e-05,8.492583219776861e-06,9.214573765348177e-06,2.5086035748245195e-05,0.00013770750956609845,5.5908221838762984e-05,7.760956577840261e-06,8.952233656600583e-06,0.00024404203577432781,6.444901373470202e-06,6.293473234109115e-06,0.0003370373451616615,3.955045940529089e-06,8.987921319203451e-06,0.0008669484523124993,8.428884029854089e-05,0.0009597232565283775,4.694416475103935e-06,2.7144256819156e-05,0.00039438402745872736,9.274827789340634e-06,2.5418257791898213e-05,1.0252353604300879e-05,1.719803549349308e-05,7.4856816354440525e-06,0.0005268175154924393,0.0001579158561071381,2.2855329007143155e-05,0.0006793515058234334,0.00023154947848524898,1.046257784764748e-05,8.586363037466072e-06,2.6210615033051e-05,2.5736948373378254e-05,2.3198017515824176e-05,0.00015017685655038804,3.1846620913711376e-06,8.549263270651863e-07,8.01823625806719e-06,1.1139475645904895e-05,5.851163587067276e-05,0.00010648799798218533,8.389449067180976e-05,0.00010191986075369641,8.035013161133975e-05
201901,4.995257768314332e-06,1.8191346384810458e-07,0.0,2.0615120774891693e-06,6.945812401681906e-06,4.0726936276769266e-06,0.0,0.0,1.6995966234389925e-06,0.0,0.0,1.9175317902409006e-06,3.6731860291183693e-06,0.0,0.0,8.094566510408185e-06,2.24113591684727e-07,1.1110336117781117e-06,0.0,4.334671359629283e-07,8.209173756767996e-06,0.0,0.0,0.0,6.08822338108439e-05,6.358632526826113e-05,0.0,0.0,0.0,0.0,0.0,0.0,0.0021891877986490726,0.0,3.3600886126805563e-06,7.87221722475806e-07,0.0,0.0,1.3345125182695483e-07,0.0,0.0,0.0,4.3954838474746794e-05,0.0,0.0,0.0,0.0,0.0,1.79346479853848e-05,3.563996415323345e-06,0.0,1.8900913119068719e-06,1.978203272301471e-06,4.67992634867187e-07,0.0,1.4472702787315939e-06,0.0,2.887336222556769e-06,0.0,2.1507000838028034e-06,0.0,0.0,1.403522787768452e-06,8.062117558438331e-06,0.0,2.5146871394099435e-06,1.8798928067553788e-06,7.277600616362179e-06,0.0,0.0,0.0,0.0,3.669933448691154e-06,0.0,0.0,0.0,3.3625158266659128e-06,0.0,0.0,6.000583653076319e-06,0.0,0.0,2.2581170924240723e-05,1.8877140064432751e-06,2.1161200493224896e-05,0.0,0.0,1.6697431419743225e-05,0.0,3.732912716714054e-07,0.0,0.0,0.0,2.765389763226267e-05,0.0,0.0,5.619155854219571e-05,5.124207746121101e-05,0.0,0.0,7.116516371752368e-07,0.0,0.0,1.4295931123342598e-06,0.0,0.0,0.0,0.0,0.0,0.0,3.2573356634202355e-07,3.584411842894042e-07,0.0
201902,4.374044237920316e-06,0.0,0.0,3.181566512466816e-07,4.819528840016574e-06,3.880024451063946e-06,0.0,0.0,1.2789818129022024e-06,0.0,0.0,2.05369451578008e-06,6.128084805823164e-06,0.0,0.0,7.64149626775179e-06,2.540049024446489e-07,6.143039286143903e-07,0.0,4.4120417896920117e-07,9.675747605797369e-06,0.0,0.0,0.0,3.7160833016969264e-05,6.917220161994919e-05,0.0,1.656410120176588e-07,0.0,0.0,0.0,0.0,0.00214365660212934,0.0,1.3806385368297924e-06,0.0,0.0,0.0,0.0,0.0,0.0,0.0,6.520538590848446e-05,0.0,0.0,4.515128239290789e-06,0.0,0.0,2.427137951599434e-05,5.999553650326561e-06,1.1747056305466685e-06,8.156930562108755e-07,5.322560355125461e-06,1.836966134760587e-07,1.2473439028326538e-06,2.5175306745950365e-06,0.0,2.9461832582455827e-06,0.0,2.269040123792365e-06,0.0,0.0,1.9033936951018404e-06,8.201669515983667e-06,0.0,1.1965917110501323e-06,2.179937155233347e-06,8.109120244625956e-06,1.6279830106213922e-06,0.0,1.5441253253811738e-07,0.0,1.908450030896347e-06,0.0,0.0,0.0,3.1595520795235643e-06,0.0,0.0,5.014346243115142e-06,0.0,0.0,2.363126986892894e-05,1.2166470924057649e-06,1.3001681509194896e-05,0.0,1.937032862997512e-07,1.3954570931673516e-05,0.0,6.331800364023366e-07,0.0,0.0,6.735815816227841e-08,2.447672886773944e-05,0.0,4.148134394199587e-06,5.1965518650831655e-05,4.487559635890648e-05,0.0,0.0,0.0,0.0,0.0,1.1961947166128084e-06,0.0,0.0,0.0,0.0,0.0,1.6834832194945193e-07,2.4277889565382793e-07,1.2319891595780064e-07,4.905009376443559e-08
201903,5.8621180869522505e-06,0.0,0.0,1.8501308431950747e-06,6.876422958157491e-06,9.58297619035875e-07,0.0,0.0,2.8769170512532583e-06,0.0,0.0,2.0801712707907427e-06,5.135093488206621e-06,0.0,3.2142497730092146e-07,6.2098838498059195e-06,1.946619221371293e-07,1.7458830825489713e-07,0.0,3.533080246143072e-07,9.46809450397268e-06,0.0,0.0,0.0,5.134685488883406e-05,7.309170177904889e-05,0.0,0.0,0.0,0.0,0.0,0.0,0.0021126666106283665,0.0,5.014072144149395e-07,0.0,0.0,9.274873491449398e-08,0.0,0.0,0.0,0.0,5.440081804408692e-05,0.0,0.0,4.382935003377497e-06,8.050130304582126e-07,0.0,1.932535451487638e-05,2.9111622552591143e-06,1.077252591130673e-06,6.746855092387705e-07,1.1268207344983239e-05,0.0,2.445002792228479e-06,2.335488716198597e-06,0.0,2.802033804982784e-06,0.0,0.0,0.0,0.0,2.1395781004684977e-06,7.464826467185048e-06,0.0,2.407869033049792e-06,2.146175347661483e-06,9.177654646919109e-06,1.354403480036126e-06,0.0,0.0,0.0,1.8254079350299435e-06,0.0,0.0,0.0,5.0066300900653005e-06,0.0,0.0,2.583073182904627e-06,0.0,0.0,1.715983853500802e-05,2.016350208577933e-06,2.126088111253921e-05,0.0,0.0,1.4985582311055623e-05,0.0,6.043423468327092e-07,0.0,0.0,0.0,2.5717978132888675e-05,1.3646270247136272e-07,0.0,5.687301745638251e-05,5.1479579269653186e-05,0.0,0.0,2.594744046291453e-07,2.4511396645721106e-07,0.0,7.776101256240509e-07,0.0,0.0,0.0,0.0,0.0,3.2756486234575277e-07,3.074077596920688e-07,0.0,4.1601222733334e-07
201904,8.348743904207367e-06,0.0,0.0,5.36832487796346e-07,0.0,2.349522446820629e-06,0.0,0.0,1.8570916608950938e-06,0.0,0.0,1.93747655430343e-06,3.3100686778197996e-06,0.0,4.380758866773249e-07,7.112323146429844e-06,2.0384790389016416e-07,5.565447054323158e-07,0.0,1.0140110617840037e-07,1.1372010703780688e-05,0.0,0.0,0.0,5.451386823551729e-05,7.239724800456315e-05,0.0,0.0,0.0,0.0,0.0,0.0,0.002371582668274641,0.0,5.56425789000059e-07,3.21085195764681e-07,0.0,2.419955080767977e-07,0.0,0.0,0.0,0.0,3.711208046297543e-05,0.0,0.0,2.1065111468487885e-06,0.0,0.0,2.2097854525782168e-05,2.918988684541546e-06,1.3622663175283378e-07,5.93314496200037e-07,1.539212098577991e-05,0.0,2.5623157853260636e-06,1.4259172758102068e-06,0.0,2.821416956066969e-06,0.0,2.2860365334054222e-06,0.0,0.0,9.194909580401145e-07,6.136803222034359e-06,0.0,2.5373053631483344e-06,9.527042834633903e-07,8.068696843110956e-06,1.5426519439643016e-06,0.0,0.0,0.0,0.0,0.0,0.0,0.0,4.731346507469425e-06,0.0,0.0,2.8520387331809616e-06,0.0,0.0,2.142047196684871e-05,1.3711706969843362e-06,1.4715408724441659e-05,0.0,0.0,1.52248294398305e-05,0.0,1.0540835546635208e-06,0.0,0.0,1.0934532923556617e-07,2.5123243176494725e-05,1.3635403206535557e-07,0.0,5.1806779083563015e-05,5.1408740546321496e-05,2.670107051017112e-07,0.0,0.0,1.8880901109241677e-07,0.0,1.2229329513502307e-06,0.0,0.0,0.0,0.0,0.0,0.0,0.0,2.3795224990408315e-07,0.0
201905,6.938984824955696e-06,0.0,0.0,2.779064800506603e-07,0.0,2.7117112040286884e-06,0.0,0.0,1.7273383718929836e-06,1.6035531302804884e-07,0.0,0.0,3.0567673547921004e-06,0.0,0.0,6.0675947679555975e-06,0.0,3.780078827730904e-07,0.0,0.0,2.1771324099972844e-05,0.0,0.0,0.0,4.084882675670087e-05,6.40789294266142e-05,0.0,0.0,0.0,0.0,0.0,2.3715572297078324e-06,0.002338108839467168,0.0,1.6517951735295355e-06,0.0,0.0,6.95369806180679e-08,1.7127682667705812e-06,0.0,0.0,0.0,7.482542423531413e-05,0.0,0.0,8.717326636542566e-06,1.1560856592041091e-06,0.0,1.3309733731148299e-05,1.8871982092605322e-06,1.2836538587635005e-07,7.031937911960995e-07,9.448654054722283e-06,0.0,0.0,2.0912557374686003e-06,0.0,2.692191173991887e-06,0.0,0.0,0.0,0.0,5.19633886142401e-06,6.060088253434515e-06,0.0,3.3928893117263215e-06,1.0584852816464263e-06,7.683687726967037e-06,0.0,0.0,0.0,1.8850419110094663e-06,0.0,0.0,0.0,0.0,3.1570652936352417e-06,0.0,0.0,3.1520044103672262e-06,0.0,0.0,1.811706169974059e-05,1.334328658231243e-06,1.8876280591939576e-05,0.0,0.0,1.1085739060945343e-05,0.0,8.66966786361445e-07,0.0,0.0,0.0,3.3847933082142845e-05,0.0,0.0,5.7620378356659785e-05,5.38527820026502e-05,0.0,0.0,0.0,0.0,0.0,7.238411399157485e-07,0.0,0.0,0.0,0.0,0.0,1.1670077526559908e-07,5.232449780123716e-07,2.8656154427153524e-07,1.2902434320949396e-07
201906,2.9786026061628945e-05,0.0,0.0,8.35114587971475e-06,2.3353411506832344e-06,3.8078089801274473e-06,0.0,0.0,2.4477742499584565e-06,0.0,0.0,0.0,2.7657993086904753e-06,0.0,0.0,6.6786178649635985e-06,2.3573259966269688e-07,1.2824683835788164e-05,0.0,0.0,4.412154885358177e-05,0.0,0.0,0.0,2.7482752557261847e-05,4.9685939302435145e-05,0.0,0.0,0.0,0.0,0.0,0.0,0.00013814833073411137,0.0,1.1710972103173845e-06,0.0,0.0,3.2155239182429796e-07,0.0,0.0,0.0,0.0,7.37531590857543e-05,0.0,0.0,6.668838523182785e-06,3.9406492646776314e-07,0.0,1.917545887408778e-05,3.919181381206727e-06,0.0,0.0,0.0,4.3061436372227035e-07,0.0,6.724317699990934e-06,0.0,0.0,0.0,0.0,0.0,0.0,5.359628175938269e-06,5.118859462527325e-06,0.0,1.5132072803680785e-06,1.4632671536674025e-06,9.350971595267765e-06,1.0162199970409347e-07,0.0,1.7969458099287294e-07,2.217744167865021e-06,0.0,0.0,0.0,0.0,4.829720637644641e-06,1.4199257520886022e-06,0.0,1.3820820186083438e-06,0.0,0.0,2.1676351025234908e-05,1.6646700942146708e-06,1.7057744116755202e-05,0.0,0.0,7.16122440280742e-06,0.0,6.274947281781351e-07,0.0,0.0,0.0,3.178156111971475e-05,1.456415930078947e-07,0.0,5.7922370615415275e-05,6.241808296181262e-05,0.0,0.0,0.0,0.0,0.0,1.152585014096985e-06,0.0,0.0,0.0,0.0,1.6990395579341566e-06,1.661490784954367e-07,0.0,0.0,3.9019661812744744e-07
201907,9.562713785271626e-06,0.0,0.0,5.514078566193348e-06,4.746965714730322e-06,1.4183113989929552e-06,0.0,2.520424686736078e-07,1.8763469142868416e-06,0.0,0.0,0.0,3.291684379291837e-06,0.0,0.0,5.996895197313279e-06,0.0,3.603236564231338e-06,0.0,1.2624491319002118e-07,3.818064942606725e-05,0.0,0.0,0.0,2.0237201169948094e-05,6.536131695611402e-05,0.0,1.950359518332334e-07,0.0,0.0,0.0,0.0,0.00014308439858723432,0.0,7.127471235435223e-07,0.0,0.0,3.701517243825947e-07,8.876605761543033e-08,0.0,8.669890689816384e-07,0.0,6.383604340953752e-05,0.0,0.0,4.352600626589265e-06,3.733840969744051e-07,0.0,1.6508831322425976e-05,1.4371972838489455e-06,1.4305709328255034e-07,7.074621066749387e-07,5.801642600999912e-06,4.040736030219705e-07,0.0,2.420689725113334e-06,0.0,2.7857136046804953e-06,0.0,0.0,0.0,0.0,6.367540663632099e-06,4.882302619080292e-06,0.0,4.301883109292248e-06,1.3551244819609565e-06,6.857439075247385e-06,1.4522057654176024e-06,0.0,0.0,0.0,0.0,0.0,0.0,0.0,5.5422374316549394e-06,0.0,0.0,2.7430976388131967e-06,0.0,0.0,2.036500518443063e-05,6.113319273026718e-07,1.587839324201923e-05,0.0,0.0,1.0515940630284604e-05,0.0,4.2027630797747406e-07,0.0,4.1201920453204366e-07,0.0,2.5129947971436195e-05,0.0,0.0,5.968560071778484e-05,5.272811176837422e-05,0.0,0.0,5.797137987428869e-07,3.1483725138059526e-07,0.0,3.8644293454126455e-06,0.0,0.0,0.0,0.0,1.639311562939838e-06,7.698601507399871e-07,2.8936790386069333e-07,0.0,1.0695295316054398e-07
201908,5.3227054195303936e-06,1.4438367657021445e-07,0.0,3.8933594623813406e-06,7.55432847654447e-06,4.64569581026808e-07,0.0,0.0,3.3171222639793996e-06,0.0,0.0,2.0158797724434407e-06,4.697420990851242e-06,0.0,1.4618597106164088e-06,3.0887022148817778e-06,2.0046847737376083e-07,5.493496928465902e-07,0.0,5.439966344056302e-08,4.521707523963414e-05,0.0,0.0,0.0,1.6859034076333046e-05,7.107482088031247e-05,0.0,0.0,0.0,0.0,0.0,0.0,7.830180402379483e-05,1.1083207596129796e-07,1.6768186696936027e-06,0.0,0.0,1.9931516703763918e-07,0.0,0.0,0.0,0.0,5.035760113969445e-05,0.0,0.0,2.2528492991114035e-06,3.521759879276942e-07,0.0,1.9603705368353985e-05,2.5805422865232686e-06,1.4071127907300252e-06,0.0,5.662375315296231e-06,0.0,0.0,2.953621788037708e-06,0.0,5.696529115084559e-06,0.0,0.0,0.0,0.0,1.1012240292984643e-06,9.806662092159968e-06,0.0,3.843083959509386e-06,1.7235320228792261e-06,6.757370101695415e-06,1.3045009836787358e-06,0.0,0.0,0.0,0.0,0.0,0.0,0.0,4.468410224944819e-06,0.0,0.0,4.84171266634803e-07,0.0,0.0,2.4072096493910067e-05,1.4417629472518456e-06,2.2682657800032757e-05,0.0,0.0,1.743518623698037e-05,0.0,8.98676375982177e-07,0.0,3.7998017887730384e-07,4.825828341381566e-07,2.6810179406311363e-05,1.5418314092130458e-07,0.0,6.115779251558706e-05,5.4263997299131006e-05,0.0,0.0,4.814862677449128e-07,2.8203834290252416e-07,0.0,3.981277131970273e-06,0.0,0.0,0.0,0.0,0.0,1.251351704922854e-06,0.0,0.0,4.4189985715092917e-07
201909,3.6923504467267776e-06,0.0,0.0,1.8732320938852354e-07,4.553591224976117e-06,4.521334346918593e-07,0.0,0.0,2.2300782802631147e-06,0.0,0.0,0.0,1.559764996272861e-06,0.0,0.0,1.5741475181130227e-06,0.0,1.4198301414580783e-06,0.0,1.004872771659393e-07,2.238667366327718e-05,0.0,0.0,0.0,1.144478392234305e-05,8.693568815942854e-05,0.0,0.0,0.0,0.0,0.0,4.279802851669956e-06,9.094980487134308e-05,0.0,1.3641320038004778e-06,8.815309797682858e-07,0.0,0.0,0.0,0.0,0.0,0.0,3.5252494853921235e-05,0.0,0.0,1.074323972716229e-05,0.0,0.0,1.912613515742123e-05,4.735536549560493e-06,1.2884428315373953e-06,1.8062892195302993e-06,4.903516810372821e-07,3.575115101739357e-07,0.0,2.4223770651587984e-06,0.0,5.369187874748604e-06,0.0,0.0,0.0,0.0,3.3348533179378137e-06,1.1861232451337855e-05,0.0,2.6574634830467403e-06,3.552916268745321e-06,7.96503900346579e-06,1.2921491361339577e-06,0.0,0.0,0.0,0.0,0.0,0.0,0.0,8.62280467117671e-06,0.0,0.0,5.099620466353372e-06,0.0,0.0,3.0415953006013297e-05,9.533584375276405e-07,2.8020473109791055e-05,0.0,0.0,1.869554580480326e-05,0.0,2.8254225981072523e-07,0.0,0.0,6.922454645064136e-07,2.6872652597376145e-05,1.4667591585748596e-07,0.0,6.155139271868393e-05,4.101264858036302e-05,0.0,0.0,2.1725264787164633e-07,7.176605265613034e-08,0.0,4.591924152919091e-06,0.0,0.0,0.0,0.0,0.0,2.230143536507967e-06,8.456749469587521e-07,2.3273672411505686e-07,6.819183226980385e-07
201910,9.169008080789354e-06,0.0,0.0,1.7584543456905521e-06,4.604603418556508e-06,4.2741555716929724e-07,0.0,0.0,3.6398478187038563e-06,2.6816468334800447e-07,0.0,1.2264128599781543e-05,2.8492161163740093e-06,0.0,4.56989823760523e-07,2.5236649889848195e-06,0.0,1.0001457440012018e-06,0.0,0.0,2.174330802517943e-05,0.0,0.0,0.0,1.5312800314859487e-05,9.115934517467394e-05,0.0,0.0,0.0,0.0,0.0,0.0,0.00013704523735214025,0.0,1.494498746978934e-06,0.0,0.0,1.6933053359480255e-07,0.0,0.0,9.621132903703256e-07,0.0,3.451000520726666e-05,0.0,0.0,1.242160487890942e-05,1.8114735667040804e-07,0.0,1.9018023522221483e-05,3.842268597509246e-06,2.497667708212248e-07,2.9480790999514284e-06,1.8491915625418187e-06,3.6651510981755564e-07,1.24098858123034e-06,1.195378558804805e-06,0.0,6.632083568547387e-06,0.0,0.0,0.0,1.1041390735044843e-06,4.592533059621928e-06,1.2447698281903286e-05,0.0,6.836328793724533e-06,3.1169518024398712e-06,8.277857887151185e-06,2.079385467368411e-06,0.0,0.0,0.0,0.0,0.0,0.0,0.0,3.8761527321184985e-06,0.0,0.0,1.028294900606852e-05,0.0,0.0,3.6665012885350734e-05,0.0,2.784882963169366e-05,0.0,0.0,1.9283597794128582e-05,0.0,5.632192596749519e-07,0.0,0.0,9.751998959472985e-07,4.636060111806728e-05,1.6543575043215242e-07,0.0,8.381104271393269e-05,4.482445729081519e-05,0.0,0.0,7.433670816681115e-07,2.944391610526509e-07,0.0,3.575337586880778e-06,0.0,0.0,0.0,4.654103577195201e-06,0.0,1.1071250582972425e-06,1.38538246119424e-06,8.547676770831458e-07,2.204429847552092e-06
201911,8.19685374153778e-06,0.0,0.0,6.068395123293158e-06,0.0,4.7322129148597014e-07,0.0,0.0,4.359407739684684e-06,0.0,0.0,6.496321930171689e-06,3.101337370026158e-06,0.0,0.0,2.859615733541432e-06,0.0,1.975106442841934e-07,0.0,0.0,0.0001022872093017213,0.0,0.0,0.0,4.042643922730349e-06,8.552372310077772e-05,0.0,0.0,0.0,0.0,0.0,0.0,0.00010762460442492738,0.0,9.155726843346201e-07,0.0,0.0,0.0,1.003859892989567e-07,0.0,0.0,0.0,2.835388295352459e-05,0.0,0.0,1.4831584849162027e-05,2.0666999489549198e-07,0.0,2.0148614567006007e-05,3.3086405437643407e-06,9.540236760585685e-07,1.7430488696845714e-06,0.0,5.240596578914847e-07,4.016527782368939e-06,1.3632181889988715e-06,0.0,4.591268861986464e-06,0.0,0.0,0.0,4.938430038237129e-07,2.1151176952116657e-06,6.169726020743838e-06,0.0,7.113126684998861e-06,3.464606152192573e-06,1.1962759344896767e-05,2.4652272259118035e-06,0.0,0.0,0.0,0.0,0.0,0.0,0.0,2.5265962904086336e-06,0.0,0.0,1.1007334251189604e-05,0.0,0.0,3.667152122943662e-05,6.888882353450754e-07,3.0571649404009804e-05,0.0,0.0,1.528474058432039e-05,0.0,6.777740964025725e-07,0.0,0.0,9.733457773108967e-08,4.173605339019559e-05,3.1807817890694423e-07,0.0,8.199088188121095e-05,0.00012025393516523764,0.0,0.0,9.762020454218145e-07,3.8661764278913324e-07,0.0,2.784286380119738e-06,0.0,0.0,0.0,4.101744343643077e-05,0.0,1.7941282237643463e-07,1.9783051357080694e-06,5.553910114031169e-07,1.7279689927818254e-06
201912,5.021521246817429e-06,0.0,0.0,3.360451728440239e-06,4.803969659405993e-06,8.758700005273568e-07,0.0,0.0,3.1517142815573607e-06,0.0,0.0,8.75569003255805e-06,4.953692950948607e-06,0.0,1.5465810747627984e-06,6.691208454867592e-06,0.0,0.0,0.0,0.0,6.967480294406414e-05,0.0,0.0,0.0,1.4239471965993289e-05,0.00011838541104225442,0.0,1.20067397801904e-07,0.0,0.0,4.331857610395673e-07,0.0,1.0101121006300673e-05,0.0,2.100152414641343e-06,0.0,0.0,0.0,1.0230353382212343e-06,0.0,0.0,0.0,2.2200165403774008e-05,0.0,0.0,2.530454185034614e-05,6.08223274412012e-07,0.0,2.5532246581860818e-05,4.650500159186777e-06,8.965961342255468e-07,1.5601448467350565e-05,1.716062797640916e-06,9.415430781700707e-07,5.186955149838468e-06,0.0,0.0,7.768128853058442e-06,0.0,0.0,0.0,4.084876650267688e-07,3.7331578823796008e-06,4.533228093350772e-06,0.0,5.991492798784748e-06,4.272489604773e-06,1.0629707503539976e-05,3.1942406621965347e-06,0.0,0.0,0.0,0.0,0.0,0.0,3.897831447829958e-06,2.3287111616809852e-06,0.0,0.0,6.041303095116746e-06,0.0,0.0,3.753928103833459e-05,7.647910820196557e-07,2.407015381322708e-05,0.0,0.0,1.846379200287629e-05,0.0,1.936597300300491e-07,0.0,0.0,0.0,3.0207242161850445e-05,4.410530607401597e-07,0.0,8.298786269733682e-05,0.000176018918864429,0.0,0.0,1.150515345216263e-06,3.2247950798591773e-07,0.0,2.7619828415481606e-06,0.0,0.0,0.0,3.7231646274449304e-05,0.0,8.314929687003314e-07,1.7301256320934044e-06,2.134648411811213e-06,1.8757611996988999e-06
202001,0.00022342056035995483,0.0,1.0182833420913084e-06,0.0004395659489091486,0.0008140812278725207,8.095032171695493e-06,0.0,0.0,3.5885022953152657e-05,0.000168086146004498,0.0,0.0002621102030389011,0.00012767701991833746,0.0,2.4875340386643074e-05,9.03125837794505e-05,4.945875389239518e-06,2.2832038666820154e-05,0.0,0.0,0.000773852807469666,2.8155056952527957e-06,0.0,0.0,0.0003781889099627733,0.0009257995407097042,1.0854477295652032e-05,0.00023539263929706067,7.931273103167769e-06,0.0,0.0,0.0,0.0007774493424221873,1.8443311091687065e-06,7.323782483581454e-05,3.482881948002614e-05,0.0,6.470450171036646e-05,6.043564644642174e-05,0.0,5.448022420750931e-05,1.8079255141856265e-06,0.0013547624694183469,8.357625347343856e-07,0.0,0.00042595944250933826,1.6299432900268584e-05,2.4602644771221094e-05,0.000504039810039103,0.00018202827777713537,1.2923460417368915e-05,0.0004531216691248119,0.00019840577442664653,1.237251126440242e-05,4.4488846469903365e-05,0.00015503686154261231,1.2443230843928177e-05,0.00011560122948139906,0.0,7.140038360375911e-05,0.0,2.73442219622666e-05,5.828949360875413e-05,5.356401379685849e-05,0.0,3.604898665798828e-05,5.642553514917381e-05,7.63578646001406e-05,5.332699583959766e-05,0.0,9.554665666655637e-06,1.4088940361034474e-06,0.0,8.658419392304495e-05,0.0,4.271939906175248e-05,9.730872261570767e-05,0.0,0.0,0.00031381359440274537,0.0,3.571762192677852e-07,0.0004306369519326836,3.117548112641089e-05,0.0007171984179876745,0.0,3.4551612770883366e-06,0.00035372539423406124,0.0,4.76631430501584e-06,6.39665358903585e-06,9.209349627781194e-06,1.8036570281765307e-06,0.0004836317093577236,0.00026153912767767906,5.889129897695966e-05,0.0007135415216907859,0.0008360735955648124,0.0,1.1291803275526036e-05,2.60088813774928e-06,5.755139227403561e-07,1.9642617189674638e-05,9.079455776372924e-05,0.0,0.0,3.774506467379979e-07,0.00042994608520530164,1.7543699868838303e-05,0.0002240762405563146,9.195631719194353e-05,0.0001640415721340105,0.00013189790479373187
202002,0.0003997146850451827,0.0,2.427704544061271e-07,0.0015570801915600896,0.0008002608083188534,1.537537718832027e-05,4.419895958562847e-06,0.0,5.7794353779172525e-05,0.00022708972392138094,0.0,0.00022508774418383837,0.00010561096132732928,0.0,1.3921136996941641e-05,0.00012283529213164002,0.0,0.00010898985055973753,0.0,0.0,0.00111638312228024,1.0194989044975955e-05,0.0,0.0,0.0002075502125080675,0.0009063526522368193,2.1442830984597094e-05,0.0004462255456019193,1.6198079038076685e-06,9.452747917748638e-07,1.6088728216345771e-06,1.0483153118912014e-06,0.00028760029817931354,1.3017848914387287e-06,7.00650125509128e-05,5.127149779582396e-05,0.0,1.361548675049562e-05,4.444239311851561e-05,0.0,1.199336020363262e-05,0.0,0.00023436735500581563,5.651251285598846e-06,0.0,0.0002919442194979638,2.357458470214624e-05,8.895918654161505e-06,0.000439910392742604,0.00017610045324545354,2.2666974473395385e-05,0.0004688110784627497,0.00011026241554645821,3.278318399679847e-05,4.340732175478479e-06,0.00011778862972278148,4.409189205034636e-05,8.266889199148864e-05,0.0,4.6840701543260366e-05,4.112441160941671e-07,2.6203530069324188e-05,9.87781459116377e-05,6.0985916206846014e-05,0.0,9.023657185025513e-05,3.5506778658600524e-05,7.674939843127504e-05,5.084570875624195e-05,0.0,9.554352800478227e-06,0.0,0.0,8.249089660239406e-06,0.0,1.9868206436512992e-05,0.00012366358714643866,0.0,3.5581942938733846e-06,0.00035904833930544555,0.0,0.0,0.00040451876702718437,6.369352831825381e-06,0.0008184204925782979,0.0,3.943966476072092e-06,0.0003570884291548282,3.49503011420893e-07,1.17903091449989e-05,4.322311326632189e-07,0.0,2.2630417788604973e-06,0.0005259583704173565,0.0001993246842175722,8.615147089585662e-05,0.0006980816833674908,0.000687055173330009,4.6090062255643716e-07,0.0,4.5163428694650065e-06,1.4011578059580643e-05,1.850428816396743e-05,8.416621130891144e-05,0.0,0.0,0.0,0.0006066509522497654,2.1788258891319856e-05,0.00018968587392009795,7.80257978476584e-05,0.00020985347509849817,0.0001146662762039341
202003,0.00014723149070050567,0.0,2.636760655150283e-06,0.0008780773496255279,0.000823441194370389,1.3893674804421607e-05,1.8311402527615428e-06,1.561042040520988e-06,2.2731392164132558e-05,8.982561121229082e-05,0.0,0.00014067439769860357,6.660688086412847e-05,0.0,5.802665327792056e-06,7.56325971451588e-05,6.551542355737183e-06,3.4966815292136744e-05,2.0087352368136635e-06,4.5458688191502006e-07,0.0011653144611045718,1.1358093615854159e-05,0.0,0.0,0.0005236708093434572,0.0008025591378100216,8.302534297399689e-06,0.0002867666771635413,6.681792456220137e-06,1.3008236692257924e-06,0.0,7.549016913799278e-07,0.0006020194850862026,0.0,8.206959319068119e-05,5.083677388029173e-05,0.0,2.2179936422617175e-05,9.35006610234268e-05,0.0,4.029338379041292e-05,0.0,0.0009681463707238436,1.0010909136326518e-05,0.0,0.0003049211809411645,1.6441388652310707e-05,1.4529528016282711e-05,0.0005133961676619947,0.00016749340284150094,4.187539525446482e-05,0.00041849599801935256,0.0001258261763723567,4.515313048614189e-05,2.5731504138093442e-05,8.848145807860419e-05,1.038177651935257e-05,5.748154580942355e-05,0.0,4.896400423604064e-05,0.0,2.9178265322116204e-05,3.510972237563692e-05,3.5689947253558785e-05,0.0,5.1840677770087495e-05,3.066922363359481e-05,8.286774391308427e-05,6.3157502154354e-05,0.0,0.0,0.0,0.0,5.9028818213846534e-05,0.0,6.610605487367138e-05,0.00016274665540549904,4.5095870859768183e-07,8.770246495259926e-06,0.0002512596547603607,0.0,0.0,0.0002952322829514742,2.8316264433669858e-05,0.0011410447768867016,1.8643099792825524e-06,4.81279130326584e-06,0.00037034586421214044,1.3216283605288481e-06,2.0212146409903653e-06,2.4417670374532463e-06,9.136755579675082e-06,5.223855055191962e-07,0.000426291924668476,0.0002463653218001127,6.078870501369238e-05,0.0007380099268630147,0.0005069701001048088,0.0,0.0,9.63335969572654e-06,0.0,3.482326428638771e-05,4.1899318603100255e-05,5.365815809454944e-07,0.0,0.0,0.0007335575064644217,4.863704816671088e-06,0.00020621520525310189,9.732918988447636e-05,0.00016504089580848813,0.0001087090204237029
202004,6.520462193293497e-05,1.7969235841519549e-06,2.415440121694701e-06,0.000981029006652534,0.0008707450469955802,8.41154032968916e-05,6.323338652691746e-07,0.0,3.389806443010457e-05,1.5117345810722327e-06,0.0,2.4813467462081462e-05,0.0001216548407683149,0.0,7.6053684097132646e-06,9.19499943847768e-05,5.5958403208933305e-06,1.5481740774703212e-05,0.0,1.1473048289190046e-06,0.0011720830807462335,2.49860568146687e-05,0.0,0.0,0.0007912726141512394,0.00042866021976806223,2.531110840209294e-05,8.664776396472007e-05,2.8111153369536623e-06,0.0,0.0,4.3194588215555996e-05,0.001429119030945003,2.9140951482986566e-06,0.00011695442663040012,8.260140020865947e-05,0.0,8.192805398721248e-05,0.0001508948625996709,9.826140740187839e-06,1.7790326864997041e-06,6.258644589252071e-07,0.000633622461464256,1.511614209448453e-05,5.703051101590972e-06,0.0002813732426147908,7.071309028106043e-06,4.538619577942882e-06,0.0005796135519631207,0.00017053443298209459,6.348751048790291e-05,0.00040581257781013846,0.00011211533274035901,3.1838761060498655e-05,0.0,0.0,4.227277258905815e-06,5.440831228042953e-05,0.0,9.940942982211709e-05,0.0,1.684247763478197e-05,5.513184532901505e-06,8.651647658552974e-05,0.0,7.38455491955392e-05,7.569997978862375e-05,9.257864439859986e-05,3.079083762713708e-05,1.4631297744926997e-05,2.4961298095149687e-06,7.182307513176056e-07,0.0,3.663259849417955e-05,0.0,4.844542490900494e-05,0.0001039649432641454,4.6681884668942075e-07,4.5784136091242544e-06,1.735605110297911e-05,0.0,0.0,0.00032505093258805573,2.1113928596605547e-05,0.0012078953441232443,0.0,9.976209184969775e-06,0.0004566136922221631,3.118569509297231e-07,2.921427949331701e-06,3.11315761791775e-06,1.3841657164448407e-05,1.306909553022706e-06,0.00039340389776043594,0.00028446680516935885,4.571623503579758e-05,0.0007194405188784003,0.0001975291670532897,1.6570378420510679e-06,0.0,0.00024724562535993755,0.0,1.180682193080429e-05,1.036066169035621e-05,3.120040491921827e-05,0.0,3.886857484758366e-07,0.0003043529577553272,1.5902225641184486e-05,0.00023829548445064574,0.00016244470316451043,0.00015518833242822438,0.00012732596951536834
202005,2.9890978112234734e-05,1.451756702408602e-06,2.8492270303104306e-06,0.0008104076259769499,0.0008761490462347865,0.00023083800624590367,1.8688878071770887e-06,0.0,1.8607549918669974e-06,1.047701289280667e-06,0.0,4.324260316934669e-06,0.00010588451550574973,0.0,9.574470823281445e-06,6.848437624284998e-05,5.945064913248643e-06,5.824219897476723e-06,0.0,0.0,0.0009418283007107675,1.8680257198866457e-05,1.7819083950598724e-06,0.0,0.0006893937825225294,0.00029280540184117854,2.155058245989494e-05,7.799844752298668e-06,7.886847015470266e-06,2.068171625069226e-06,3.0625549698015675e-05,0.00011368034029146656,0.0019350664224475622,2.7424896416050615e-06,7.806724170222878e-05,0.0001332758693024516,0.0,1.897825495689176e-05,0.0001008542749332264,0.0,0.0,0.0,0.0002418103103991598,2.7202208912058268e-06,0.0,0.00034327516914345324,1.5228185475280043e-05,1.1022058970411308e-05,0.0006837627734057605,0.00022358547721523792,6.0715396102750674e-05,0.00034756449167616665,0.000217469860217534,3.650277722044848e-05,3.3924131912499433e-06,2.1712781745009124e-05,2.9675555879293825e-07,2.0223715182510205e-05,0.0,0.00021074012329336256,0.0,2.078160468954593e-05,5.842650807608152e-06,6.382704304996878e-05,0.0,0.00020685579511336982,0.0001883872610051185,9.996366134146228e-05,1.0981631930917501e-05,6.870424113003537e-05,0.0,0.0,9.870521353150252e-06,5.25353198099765e-06,7.09473681581585e-07,0.0,5.8680543588707224e-05,0.0,3.8229782148846425e-06,1.6791171219665557e-05,0.0,0.0,0.0002670366084203124,2.5473282221355475e-05,0.0013729995116591454,0.0,9.230921023117844e-06,0.0003808004839811474,3.034338078578003e-07,2.420116061330191e-06,1.993288378798752e-06,9.423300980415661e-06,0.0,0.0004515966575127095,0.0002090863126795739,5.2579460316337645e-05,0.0007386531215161085,0.00015257179620675743,0.0,0.0,0.0003848621854558587,3.864314294332871e-06,3.63471481250599e-05,6.706169642711757e-06,6.657727499259636e-05,0.0,0.0,7.837983866920695e-05,1.8195845768786967e-05,0.00035373884020373225,0.00017047814617399126,0.00018018868286162615,0.00011979541886830702
202006,9.074034460354596e-05,1.7859877061709994e-06,3.5922901133744745e-06,0.0008687931695021689,0.0008871078607626259,0.00019407592481002212,8.068787792581134e-06,1.441825247638917e-06,1.058491579897236e-05,1.2848329333792208e-06,0.0,7.262036433530739e-06,0.0001560100936330855,0.0,1.1241191714361776e-05,4.563576294458471e-05,7.9547326095053e-06,5.826299002364976e-06,0.0,3.0915962270228192e-06,0.0006371420458890498,1.1877274118887726e-05,7.503493293370411e-07,0.0,0.0006883300375193357,0.00031424054759554565,9.780144864635076e-06,1.02930962384562e-05,2.174769406337873e-06,3.802133051067358e-06,2.520089219615329e-05,9.461006266064942e-05,0.00099769642110914,7.356943001468608e-07,6.853597733424976e-05,4.650315531762317e-05,0.0,2.8647176804952323e-05,9.27646760828793e-05,1.1964929399255197e-05,1.7499202158433036e-06,5.141012024978409e-07,0.00019953353330492973,4.355923977072962e-07,1.0639519132382702e-05,0.00026804188382811844,7.715983883826993e-06,3.118469066976104e-06,0.0006544035277329385,0.0002333581360289827,5.3028059483040124e-05,0.0002963413135148585,0.0003157532773911953,2.8967107937205583e-05,0.0,4.352588803158142e-05,0.0,1.9114229871775024e-05,0.0,0.00013158618821762502,0.0,3.976664083893411e-05,7.250333510455675e-06,7.751311204629019e-05,0.0,0.0002136587572749704,0.00020687027426902205,0.0001183026543003507,1.7947497326531447e-05,0.00011177545093232766,0.0,6.241500614123652e-07,1.393538241245551e-05,1.97984445549082e-06,0.0,4.1245115767196694e-07,6.203504744917154e-05,1.3668719702764065e-06,3.161106860716245e-06,5.768009214079939e-05,0.0,6.0992888393229805e-06,0.00023322610650211573,1.6497097021783702e-05,0.0010998949874192476,0.0,6.2054300542513374e-06,0.00038832376594655216,0.0,3.843818376481067e-06,4.104400886717485e-06,1.5999568176994217e-06,0.0,0.0004896155442111194,0.0002458974486216903,4.907240145257674e-05,0.000646695785690099,0.0007836822187528014,3.6579564039129764e-05,0.0,0.0003571244014892727,2.202712494181469e-05,4.965035986970179e-05,1.0292697879776824e-05,9.676386252976954e-05,0.0,0.0,0.0001189832910313271,2.0498428057180718e-05,0.0004548386496026069,9.946884529199451e-05,0.0001389549142913893,0.00011049747263314202
202007,3.963191920774989e-05,1.640219807086396e-06,0.0,0.0016087109688669443,0.000755105575080961,0.0001553038164274767,0.0,0.0,2.505872089386685e-06,0.0,7.827009085303871e-07,1.1400862604205031e-05,0.0001890000276034698,0.0,1.2507309293141589e-05,4.843044007429853e-05,9.886581210594159e-06,6.610837772313971e-06,0.0,2.804172936521354e-06,0.0005900967516936362,1.5539162632194348e-05,0.0,0.0,0.0007456574239768088,0.0002304260415257886,2.075885959129664e-06,0.0,2.4692187707842095e-06,0.0,9.5019622676773e-06,4.497393820201978e-05,0.0007996115600690246,7.921181577330572e-07,0.00010104705870617181,1.709428397589363e-05,0.0,3.2067087886389345e-05,0.00013781822053715587,1.283217170566786e-05,2.547121482621151e-07,7.576805728604086e-06,0.0002455039066262543,2.928764388343552e-06,1.6175195924006402e-05,0.00024646270321682096,5.265567324386211e-06,1.0903362635872327e-05,0.0006376603851094842,0.0003388051991350949,0.00010440377081977203,0.0003415147075429559,0.00030863084248267114,4.278597407392226e-05,0.0,4.1138056985801086e-05,8.619268783149892e-07,4.654961230698973e-05,1.5938251181069063e-06,0.00016663344285916537,0.0,3.4098964533768594e-05,1.7290263713221066e-05,5.115267777000554e-05,0.0,0.00027651459095068276,0.00024556752759963274,0.00012030591460643336,1.4306968296295963e-05,0.00018460614955984056,0.0,0.0,9.554552889312617e-06,6.539996775245527e-06,3.523409475292283e-07,4.3862448251275055e-07,8.08977783890441e-05,3.998339366262371e-07,4.518612513493281e-06,3.134766757284524e-06,4.2176756664957793e-07,0.0,0.00029304431518539786,1.3445303011394572e-05,0.0008098899852484465,0.0,2.527125798224006e-05,0.00037831522058695555,0.0,0.0,3.1490865239902632e-06,1.5984245465006097e-06,0.0,0.00037667094147764146,0.00026609099586494267,4.788576188730076e-05,0.0007224923465400934,0.0005780901410616934,4.9056474381359294e-05,0.0,0.000502279493957758,2.5828585421550088e-05,4.106676715309732e-05,7.395582997560268e-06,1.637466630199924e-05,0.0,0.0,3.4740576666081324e-05,4.779448772751493e-06,0.00046827885671518743,0.00013580806262325495,0.00016323175805155188,0.00010105965338880196
202008,5.254733332549222e-05,1.8951242282128078e-06,2.4628357095934916e-06,0.0010532679734751582,0.0007507180562242866,5.471074837259948e-05,4.001920387963764e-06,1.0424759238958359e-05,3.877363269566558e-06,1.3331421087059425e-06,0.0,1.1632977475528605e-05,0.0001591688924236223,0.0,7.12081100573414e-06,1.3490508536051493e-05,3.6539208849717397e-06,1.198659902001964e-05,0.0,0.0,0.00045027275336906314,7.694644409639295e-06,4.1847417264762043e-07,5.106970206725236e-07,0.0005681492621079087,0.0001064201642293483,1.558990879857447e-05,1.0585799827822484e-06,1.1122035630251048e-06,0.0,0.0,3.8249978388193995e-05,0.0006045026821084321,0.0,6.431610381696373e-05,1.408347179676639e-05,0.0,5.223217885941267e-05,0.00028024709899909794,1.2973413504369091e-05,0.0,6.5697654463292565e-06,0.00026132763014175,0.0,0.0,0.00026531959883868694,9.95764639810659e-06,9.898577445710544e-06,0.0006752048502676189,0.00042196866706945,0.00011773566802730784,0.00025391546660102904,0.000303717766655609,4.854797953157686e-05,3.5782144891527423e-07,3.8988986489130184e-05,1.604234057595022e-05,9.490704542258754e-06,1.3148713833288639e-06,0.00018804076535161585,1.449508545192657e-06,3.873146488331258e-05,7.079421720845858e-06,8.011760655790567e-05,1.2168746934548835e-06,0.0006427033804357052,0.0002293577854288742,9.071788372239098e-05,1.141754455602495e-05,0.00021294085308909416,9.850756214291323e-06,1.4637897947977763e-05,8.811773113848176e-06,1.4795672541367821e-05,0.0,1.351568471363862e-06,6.0895312344655395e-05,1.040769257087959e-05,2.6430532216181746e-06,1.5917239579721354e-05,0.0,0.0,0.0002098879194818437,2.0164463421679102e-05,0.0006757393712177873,0.0,3.8925438275327906e-05,0.0004027886607218534,6.845232292107539e-07,3.98871907236753e-06,6.557814231200609e-06,0.0,0.0,0.00036695771268568933,0.0002578845014795661,3.27248708344996e-05,0.0006914688856340945,0.0003037577262148261,1.1537643331394065e-05,5.771612904936774e-06,0.0006220507202669978,1.221493675984675e-05,2.6736022846307606e-05,3.0685400815855246e-06,2.6286001229891554e-05,0.0,0.0,1.1674545930873137e-05,5.3299252613214776e-05,0.00041514771874062717,0.00014182789891492575,0.00018458408885635436,8.413942850893363e-05
202009,3.312862099846825e-05,0.0,4.550832272798289e-06,0.0013871901901438832,0.0006903028697706759,1.111928668251494e-05,1.589556404724135e-06,4.883225983576267e-07,4.069344868184999e-06,0.0,2.8994672902626917e-06,4.212309704598738e-06,0.0002297597675351426,2.073301601512867e-07,3.4282558772247285e-05,1.912952029670123e-05,6.117014436313184e-06,6.024542472005123e-06,0.0,0.0,0.0005929504404775798,1.4848120372334961e-05,0.0,0.0,0.0005304313963279128,8.242252806667238e-05,9.397054782311898e-06,0.0,3.0907519885658985e-06,5.860526016476797e-06,0.0,2.9026862193859415e-06,0.0004398664750624448,9.340786277789448e-07,7.500328501919284e-05,2.3019581931293942e-05,0.0,5.001741737942211e-05,0.00029949643067084253,3.4039534511975944e-05,0.0,7.594496764795622e-06,0.00017384509555995464,5.514839813258732e-06,1.5429541235789657e-05,0.0002584253088571131,1.1992417967121582e-05,4.457775958144339e-06,0.000641531078144908,0.0004933283780701458,0.00014729965187143534,0.0002095252275466919,0.0003744849527720362,7.086699042702094e-05,1.4425629615288926e-06,0.00015713019820395857,2.9258440918056294e-05,1.535648334538564e-05,0.0,0.00026022703968919814,0.0,1.6001191397663206e-05,1.3792820027447306e-05,8.807577978586778e-05,0.0,0.0006690911250188947,0.00019005840294994414,6.58231001580134e-05,1.4610230209655128e-05,0.00026986320153810084,5.841571237397147e-06,2.0967505406588316e-05,8.969683221948799e-06,7.363533768511843e-06,0.0,6.217471195668622e-07,4.78127840324305e-05,1.8177521496909321e-06,5.572804866460501e-07,0.0,0.0,0.0,0.00016040234186220914,1.1175986401212867e-05,0.0004982244572602212,0.0,1.4894156265654601e-05,0.0003747764276340604,2.6577461085253162e-06,1.1775695156757138e-06,1.5148686998145422e-06,0.0,0.0,0.0005117215332575142,0.00031688317540101707,0.00012761847756337374,0.0006533560808748007,0.00022920513583812863,0.0,1.2070538559783017e-06,0.0007062014774419367,7.106564589776099e-05,3.8088888686615974e-05,1.0471976565895602e-06,0.0,0.0,0.0,2.2714918941346696e-06,0.00011715680739143863,0.00044749179505743086,0.00013197453517932445,0.00015403804718516767,0.00011629051732597873
202010,8.331492426805198e-05,3.3461733437434305e-06,0.0,0.000823022797703743,0.0007182749104686081,4.807888763025403e-05,3.4849597341235494e-06,0.0,7.347599876084132e-06,0.0,0.0,4.70856730316882e-06,0.000312277814373374,0.0,4.309351425035857e-05,3.7658777728211135e-05,1.5646422980353236e-05,7.217131042125402e-06,0.0,0.0,0.000533651327714324,1.676144734119589e-06,0.0,0.0,0.0006571062258444726,5.3761123126605526e-05,2.2367126803146675e-05,0.0,4.809998586097208e-07,0.0,3.1562854019284714e-06,6.322505214484408e-05,0.0007882908103056252,1.1522911336214747e-06,8.05384770501405e-05,7.009198725427268e-06,0.0,4.419239849084988e-05,0.00026720279129222035,5.093256550026126e-05,0.0,8.703019375388976e-06,0.0001854728179750964,0.0,4.767800419358537e-06,0.00025068718241527677,1.1828189599327743e-05,7.241849380079657e-05,0.0007056108443066478,0.0005316608003340662,9.038911230163649e-05,0.00028115446912124753,0.0003223762905690819,7.682394061703235e-05,0.0,0.00016992299060802907,3.547868618625216e-05,5.9199346651439555e-06,0.0,0.00023928641167003661,0.0,2.4520797524019144e-05,1.0480216587893665e-05,9.008382767206058e-05,0.0,0.0007823067135177553,0.00018358428496867418,7.011467823758721e-05,1.644341682549566e-05,0.00023153572692535818,0.0,5.086046803626232e-05,1.8133438061340712e-05,5.0431985982868355e-06,3.13049167743884e-05,8.387517027586e-07,5.0423444918124005e-05,0.0,3.920021299563814e-06,1.1659763913485222e-05,0.0,0.0,0.00014008567086420953,1.3431691513687838e-05,0.0005625193589366972,0.0,1.915619577630423e-05,0.0003790843184106052,9.436875188839622e-06,3.7578099636448314e-06,7.780948180879932e-06,0.0,1.1649449334072415e-06,0.00044113188050687313,0.0002864231064449996,0.00012042024900438264,0.0006422715960070491,0.0004259595007169992,4.658993475459283e-06,5.543163297261344e-06,0.0005614315159618855,2.166086414945312e-05,5.851356945640873e-06,1.9753435935854213e-06,2.830198900483083e-05,0.0,0.0,2.738385956035927e-05,9.271797898691148e-05,0.00039262219797819853,0.00014954969810787588,0.00010232518252450973,0.00010031257261289284
202011,0.00012913558748550713,1.407565719091508e-06,2.6679074380808743e-06,0.0008328556432388723,0.0006897258572280407,8.936494850786403e-06,3.3060714486055076e-06,1.945183612406254e-06,5.813143161503831e-06,6.393353942257818e-06,3.971204932895489e-06,7.9587343861931e-06,0.0002442942059133202,0.0,3.992153506260365e-05,4.1594488720875233e-05,2.1889943582209526e-06,5.4032484513300005e-06,0.0,0.0,0.00048418735968880355,4.081658971699653e-06,0.0,0.0,0.0008580786525271833,8.776723552728072e-05,2.150550608348567e-05,5.797098765469855e-07,2.632946916492074e-06,1.8996876178789535e-06,2.3522841274825623e-06,1.4777047908864915e-05,0.0005030218744650483,0.0,6.821515853516757e-05,1.2528893421404064e-05,0.0,4.3522275518625975e-05,0.00028932775603607297,2.6385405362816527e-05,0.0,8.489897481922526e-06,0.00012271199375391006,6.41298720438499e-06,7.397574108836125e-07,0.00018969866505358368,6.2213707678893115e-06,0.00010106901754625142,0.0006665889522992074,0.0005142340087331831,0.00010227250459138304,0.0002539870620239526,0.0003639782953541726,6.030344229657203e-05,0.0,0.00014592272054869682,2.403332655376289e-05,6.288949862209847e-06,1.0746309726528125e-06,0.00032405200181528926,0.0,2.6391488063381985e-05,1.3628801752929576e-05,6.141480116639286e-05,0.0,0.0006817881367169321,0.0001372912956867367,6.29817004664801e-05,3.225480031687766e-05,0.00022029393585398793,1.2143059393565636e-05,6.810794729972258e-05,9.238032362191007e-06,6.352784566843184e-06,4.4389937102096155e-05,0.0,4.4561988033819944e-05,0.0,4.64947606815258e-06,0.0,0.0,0.0,0.00014994312368799,6.331435542961117e-06,0.0005055562942288816,0.0,5.204438275541179e-05,0.0003411157813388854,2.3779490732067643e-07,0.0,6.375370048772311e-06,1.4097778375798953e-06,0.0,0.0004396786680445075,0.00030363438418135047,0.00015616003656759858,0.00063377118203789,0.00046789320185780525,1.708820946078049e-06,0.0,0.0006557488813996315,1.2263734561202e-06,2.8060223485226743e-05,7.79174570197938e-06,0.0,0.0,0.0,2.8190826924401335e-05,9.280459926230833e-05,0.00041481415973976254,0.00020269633387215436,8.91146992216818e-05,9.763209527591243e-05
202012,0.00019985965627711266,0.0,2.4597186438768404e-06,0.0011023628758266568,0.0006893985555507243,2.1750011001131497e-05,6.048666364222299e-06,1.0432838735141559e-06,8.84341170603875e-06,3.0237058581406018e-06,0.0,1.1591647307795938e-05,0.00012928825162816793,4.0167384440792375e-07,7.354464469244704e-05,2.8093327273381874e-05,4.62584757769946e-05,9.442533155379351e-06,0.0,3.8078831039456418e-06,0.0003785876033362001,8.339805390278343e-06,0.0,0.0,0.0005794630851596594,7.105874101398513e-05,1.0615465726004913e-05,0.0,0.0,2.1663129246007884e-06,1.2488099855545443e-05,2.7430056434241123e-05,0.0004551363817881793,6.610329137402005e-07,5.364195749280043e-05,8.849904588714708e-06,0.0,6.358953396556899e-05,0.00029944971902295947,1.579823947395198e-05,0.0,3.721074608620256e-05,0.00010282255243510008,6.617231065320084e-07,0.0,0.00014753041614312679,4.175252342975e-06,9.284174302592874e-05,0.0005915100337006152,0.0004881532513536513,0.00011958652612520382,0.00018275967158842832,0.00032591179478913546,0.00010724916501203552,0.0,0.00011574137897696346,3.841995567199774e-05,9.87715793598909e-06,0.0,0.0003460472507867962,2.777959480226855e-06,2.410665365459863e-05,1.000208703771932e-05,8.886144496500492e-05,0.0,0.0005642789765261114,9.613108704797924e-05,6.793821376049891e-05,1.761355269991327e-05,0.0003055195847991854,2.3380714537779568e-06,4.55410081485752e-05,0.0,1.566856298040875e-07,8.29865675768815e-05,0.0,3.392587314010598e-05,1.9180829724518844e-07,8.636763482172682e-07,0.0,0.0,0.0,0.00013758864952251315,1.4356159226736054e-05,0.00048600637819617987,0.0,5.086508463136852e-05,0.0002884970454033464,8.421811799053103e-06,2.7563783078221604e-06,1.3728389376410632e-06,0.0,4.918266540698824e-07,0.0004161083488725126,0.0002777651825454086,0.00012321333633735776,0.0006443780730478466,0.00026158842956647277,1.5333034752984531e-06,1.4294912034529261e-05,0.000574873702134937,4.955094482284039e-05,9.54584902501665e-05,8.173946298484225e-06,4.546819809547742e-07,9.936722022985123e-08,0.0,2.4622657292638905e-05,0.00010725970787461847,0.0004239736299496144,0.00019622307445388287,8.679330494487658e-05,0.00010609538003336638
202101,0.0,0.0,0.0,4.932218416797696e-06,4.194654138700571e-06,4.2123522803194646e-07,0.0,0.0,0.0,0.0,0.0,2.492123769570753e-07,7.71006762079196e-06,0.0,2.399711718226172e-07,5.399601832323242e-07,4.3206159716646653e-07,5.252570076663687e-07,0.0,0.0,2.116019095410593e-05,0.0,0.0,0.0,4.8665555368643254e-05,4.283418547856854e-06,0.0,0.0,0.0,0.0,3.3716938219185977e-07,0.0,3.6537699088512454e-06,4.2887393192359013e-07,8.930315971156233e-07,1.6274103131763695e-07,0.0,0.0,4.471826287044678e-06,1.801511302801373e-06,0.0,5.137059133630828e-07,1.1365222718495716e-07,0.0,1.3746638387601706e-06,3.0234559744712897e-07,0.0,7.832806403484938e-09,3.50738555425778e-05,4.9829792260425165e-05,2.1179371287871618e-06,2.0138881495768146e-07,9.019221351991291e-07,2.1020803615101613e-05,0.0,0.0,0.0,0.0,0.0,9.681209434120319e-08,0.0,1.692589876256534e-06,0.0,8.743186299398076e-06,0.0,0.0001157226215582341,4.708334927272517e-06,5.224185315455543e-06,4.962374759998056e-07,2.201318602601532e-05,0.0,0.0,0.0,1.718052828891814e-07,0.0,0.0,5.319228080225002e-07,0.0,0.0,5.198211283641285e-08,0.0,8.1970114251817e-08,7.661479685339145e-06,6.373189194164297e-07,4.769872703036526e-06,0.0,1.0029433497038553e-06,2.7152625989401713e-05,0.0,0.0,0.0,0.0,0.0,2.764335658866912e-05,1.0064816706290003e-05,5.718377451557899e-06,5.583283200394362e-05,6.483361971731938e-07,1.8811365976034722e-07,0.0,4.0010704651649576e-06,0.0,0.0,2.485102470473066e-07,0.0,0.0,0.0,0.0,3.384515366633423e-05,8.007462747627869e-05,2.515161941119004e-05,6.198352821229491e-06,1.2068265277775936e-05
202102,4.499789270084875e-07,0.0,3.9179411714940215e-08,1.5043372059153626e-06,5.0830876716645434e-06,8.277378924503864e-07,0.0,0.0,0.0,0.0,0.0,3.8319262785080355e-07,1.9324386812513694e-05,0.0,3.0706706866112654e-07,5.117278192301455e-07,4.5237860035740596e-07,7.19475337973563e-07,0.0,1.645213956180669e-07,8.657058970129583e-06,0.0,0.0,0.0,5.83306718908716e-05,6.513563675980549e-06,0.0,0.0,0.0,0.0,0.0,0.0,8.225935630434833e-07,2.989173424339242e-07,1.7357596107103745e-06,1.3334761206351686e-07,0.0,0.0,9.40518657444045e-06,3.7059944588690996e-06,0.0,1.036742034443705e-07,1.553131454556933e-07,0.0,3.5243126603745623e-06,3.413175022615178e-07,0.0,2.7894770937564317e-07,2.774084532575216e-05,4.0170823922380805e-05,1.1752489399441401e-06,1.0881839216381195e-06,0.0,1.0706513421609998e-05,0.0,0.0,0.0,0.0,0.0,8.525981343154854e-07,0.0,2.1413682134152623e-06,0.0,9.085109013540205e-06,0.0,9.574687283020467e-05,5.508459707925795e-06,4.744514626509044e-06,3.70003562011334e-07,1.4429522707359865e-05,0.0,0.0,0.0,2.0519141230579407e-07,2.0292209228500724e-06,0.0,7.196263140940573e-07,0.0,0.0,0.0,0.0,1.0699493913080005e-07,8.833760148263536e-06,4.880114374827826e-07,7.241249477374367e-06,0.0,2.0734992176585365e-06,1.672800863161683e-05,0.0,1.7402639684860333e-07,0.0,0.0,1.2535072357877652e-07,2.2526410248246975e-05,1.0622043191688135e-05,7.878006726969033e-06,5.618074646918103e-05,4.0072913520816655e-07,2.752315424459084e-07,0.0,8.746375897317193e-06,3.7037089839486725e-08,0.0,4.568398992432776e-08,0.0,0.0,0.0,5.144768167042457e-08,1.7509921235614456e-05,7.510568684665486e-05,2.2392534447135404e-05,7.276751148310723e-06,1.380009689455619e-05
202103,0.0,0.0,3.232998722069169e-07,1.4408125935005955e-05,0.0,1.6232529560511466e-06,0.0,0.0,0.0,8.460154958811472e-07,0.0,0.0,8.375824108952656e-06,0.0,0.0,6.669433787465096e-07,5.885010523343226e-07,8.125840622597025e-07,0.0,3.419783070057747e-07,6.0582398873521015e-05,0.0,0.0,0.0,2.076357850455679e-05,6.976617328291468e-07,1.7457411516375032e-08,4.728179092694518e-08,0.0,0.0,0.0,0.0,2.42080818679824e-06,2.3617238298356824e-07,1.1842378171422752e-06,2.2089851370310498e-07,0.0,5.777254159511358e-07,1.2626131137949415e-05,0.0,0.0,0.0,1.3357512784750725e-07,0.0,1.8731833506535622e-06,1.5010665777026588e-07,4.003432820809394e-07,1.4186058194809448e-07,3.158272375003435e-05,3.436347105889581e-05,3.3259016163356137e-06,3.2039088182500564e-06,3.25257815347868e-06,4.456646365724737e-06,1.1045685823773965e-06,0.0,0.0,1.634166778785584e-06,0.0,2.3661261820961954e-06,0.0,3.406406904105097e-06,0.0,9.31117119762348e-06,0.0,7.918274059193209e-05,2.1222110717644682e-06,3.453673798503587e-06,2.2917463127214432e-07,9.665899597166572e-06,0.0,0.0,0.0,0.0,0.0,0.0,2.945168375845242e-07,0.0,0.0,0.0,0.0,0.0,1.1355729839124251e-05,2.829018512784387e-07,9.663053788244724e-05,0.0,4.258102308085654e-06,1.5586232620989904e-05,1.5994366719951358e-07,0.0,0.0,0.0,0.0,1.684688322711736e-05,1.122336743719643e-05,3.959823061450152e-06,5.9161713579669595e-05,4.6294167077576276e-07,1.8285335556811333e-07,0.0,4.542843726085266e-06,0.0,0.0,0.0,0.0,0.0,0.0,0.0,1.0433282113808673e-05,7.702301081735641e-05,2.3103544663172215e-05,4.3290624489600305e-06,1.6866544683580287e-05
202104,0.0,0.0,3.961245553796289e-08,8.849953883327544e-05,0.0,0.0,0.0,0.0,2.675093355719582e-07,0.0,0.0,0.0,6.906007001816761e-06,0.0,0.0,0.0,3.922400821920746e-07,1.5280036222975468e-06,0.0,0.0,4.6447283239103854e-05,0.0,0.0,0.0,7.900398486526683e-06,2.7686819521477446e-06,0.0,0.0,0.0,0.0,7.967636861394567e-07,0.0,4.404847641126253e-05,3.9822640474085347e-07,1.987561290661688e-06,0.0,0.0,0.0,1.2372915080050007e-05,0.0,0.0,6.619836767640663e-07,1.7891149184379174e-07,0.0,3.899367129633902e-06,4.948044534103246e-06,0.0,1.202793100674171e-07,9.803758985071909e-06,3.9518592529930174e-05,2.3699608391325455e-06,1.3664318885275861e-06,0.0,3.3560515930730617e-06,0.0,0.0,0.0,0.0,0.0,8.767566583856023e-08,0.0,1.672082930781471e-06,3.569538193914923e-07,6.163520993140992e-06,0.0,2.4576820578658953e-05,1.833324631661526e-06,3.359620677656494e-06,1.8637774701346643e-07,9.602227692084853e-06,2.9762361464236164e-07,0.0,0.0,0.0,0.0,0.0,6.068112270440906e-07,0.0,0.0,0.0,0.0,9.658285193836491e-08,8.848905963532161e-06,2.6204804726148723e-07,8.77954425959615e-06,0.0,0.0,1.8969849406857975e-05,0.0,0.0,0.0,0.0,0.0,3.3214077120646834e-05,6.3363636400026735e-06,1.1039661558243097e-06,4.884447480435483e-05,1.9786884308814479e-07,2.2045934144898638e-07,0.0,2.032967586274026e-06,0.0,0.0,3.546414859556535e-07,0.0,0.0,0.0,9.563861169681331e-08,7.721359907009173e-06,6.74281400279142e-05,2.3809936465113424e-05,5.170961685507791e-06,1.1744199582608417e-05
202105,0.0,0.0,3.8320006723324695e-08,4.293046731618233e-05,0.0,4.341616659075953e-06,0.0,0.0,6.933309038004154e-08,0.0,0.0,1.2890664891074266e-07,1.1772682455557515e-06,0.0,2.8853565936515224e-07,2.54378733188787e-07,6.768254365852044e-07,1.6816071592984372e-06,0.0,1.171058556792559e-06,3.4581211366457865e-05,0.0,0.0,0.0,9.661354852141812e-06,4.880691903963452e-06,0.0,0.0,0.0,0.0,4.1565849073776917e-07,0.0,7.12612916231592e-07,2.4584485913692333e-07,1.4089520163906855e-06,8.823937491797551e-08,0.0,0.0,4.5027327360003255e-06,0.0,0.0,0.0,1.3609005122816598e-07,0.0,1.776657154550776e-05,6.969365585973719e-06,0.0,1.7482379632838274e-07,1.537905518489424e-05,2.7562839022721164e-05,4.7639522904319165e-07,1.533113572804723e-05,2.1417022253444884e-06,3.429976231927867e-06,0.0,0.0,0.0,0.0,0.0,0.0,0.0,1.942197059179307e-06,5.060843477622257e-07,1.0787608516693581e-05,0.0,6.223964010132477e-05,1.9244309896748746e-06,5.476439127960475e-06,0.0,1.3082493751426227e-05,0.0,0.0,0.0,0.0,0.0,0.0,7.4336566058264e-07,0.0,0.0,0.0,0.0,8.442314225476366e-08,1.7868183931568637e-05,2.1193928034790588e-07,1.2879264431830961e-05,0.0,0.0,2.1396344891400076e-05,5.605503261563172e-08,0.0,0.0,2.7997381835120905e-07,0.0,3.2833064324222505e-05,1.8012487998930737e-06,2.571396748862753e-07,5.18221095262561e-05,5.061152705820859e-07,1.798685929088606e-07,0.0,2.1161138192837825e-06,0.0,0.0,2.90938846347899e-08,0.0,0.0,0.0,0.0,1.9248807348049013e-06,5.373379462980665e-05,2.1922163796261884e-05,2.560944722063141e-06,9.977091394830495e-06
202106,3.98766673015416e-07,0.0,9.95665686787106e-07,1.7144871890195645e-05,0.0,2.524138835724443e-06,0.0,0.0,4.9026972703813954e-08,0.0,0.0,8.560882491792654e-08,1.8746089835985913e-06,0.0,1.5815788856343715e-07,5.612666882370831e-07,6.996953061388922e-07,1.7996222823057906e-06,0.0,3.042975151856808e-07,1.5357834854512475e-05,0.0,0.0,0.0,7.535426448157523e-06,1.5985831851139665e-05,0.0,0.0,0.0,0.0,7.331706797231163e-07,0.0,2.6196955786872422e-06,9.637512903282186e-07,1.3288236004882492e-06,0.0,0.0,0.0,5.401650682301806e-08,1.9265778519184096e-06,0.0,0.0,6.260547991132626e-08,0.0,7.361135430983268e-06,7.530512903031195e-06,7.298390869436844e-07,4.0442486692882085e-08,1.366065043839626e-05,2.427740218990948e-05,2.7043499812862137e-06,6.297797517618164e-05,2.9073308382976393e-07,1.0052849575004075e-06,0.0,0.0,0.0,2.584697824659088e-07,0.0,0.0,0.0,5.477370450535091e-07,3.588853303426731e-07,9.541690815240145e-06,0.0,7.30251704226248e-05,4.5587712520500645e-06,3.3386920677003218e-06,0.0,1.512204107712023e-05,0.0,0.0,0.0,0.0,0.0,0.0,6.796053071411734e-07,0.0,0.0,0.0,0.0,0.0,2.7481852157507092e-05,8.852730957187305e-07,1.1498865205794573e-05,0.0,0.0,1.894807064672932e-05,0.0,8.358937719776804e-08,0.0,0.0,0.0,3.2500138331670314e-05,1.2287570143598714e-06,2.183686689249953e-07,6.0220962041057646e-05,6.79435970596387e-07,5.475688453770999e-07,0.0,2.543533810239751e-07,0.0,0.0,8.41994776124011e-08,0.0,0.0,1.0019415697115619e-07,1.5816590348549653e-06,1.9136807622999186e-06,3.4207292628707364e-05,1.563864316267427e-05,6.863028261250292e-07,5.337786660675192e-06
202107,0.0,1.9576272336507827e-07,3.7450834611263417e-07,1.1938981515413616e-05,0.0,1.5517241536144866e-06,0.0,0.0,3.9065024992623876e-08,0.0,0.0,0.0,2.2015806280251127e-06,0.0,0.0,3.3747605243661383e-07,2.895678562708781e-06,9.200186923408182e-07,0.0,1.0311200639989693e-06,1.6839755971886916e-06,0.0,0.0,0.0,1.058576162904501e-05,9.698284884507302e-06,0.0,0.0,0.0,0.0,1.68287442647852e-06,0.0,1.5249808029693668e-06,8.407592417825072e-07,2.3644538487133104e-06,0.0,0.0,0.0,0.0,1.9896879166481085e-06,0.0,1.5076123816015752e-07,9.558721103530843e-08,5.7423164889769396e-08,1.6532354720766307e-06,1.7134098015958443e-05,6.82940310525737e-07,7.554930903097556e-08,1.1658056791929994e-05,2.6589221306494437e-05,4.1635785237303935e-06,7.527092384407297e-05,2.0634364261695737e-07,7.941482635942521e-07,0.0,0.0,0.0,0.0,0.0,0.0,0.0,4.6743178927499685e-07,1.4472715292868088e-07,1.0608326192595996e-05,0.0,8.664705092087388e-05,4.2909518924716394e-06,4.267653366696322e-06,0.0,1.1459235793154221e-05,0.0,0.0,0.0,0.0,0.0,7.500920418124224e-08,9.427453164789767e-07,0.0,0.0,0.0,0.0,0.0,3.4355387469986454e-05,7.44376791317336e-07,1.7642892998992465e-05,1.8640217547272186e-07,1.6443900108242815e-07,2.337110163352918e-05,0.0,0.0,0.0,0.0,0.0,3.049388760700822e-05,2.1919875337061967e-07,0.0,6.30200156592764e-05,1.3132020285411272e-05,1.061117814060708e-06,0.0,5.476101705426117e-07,2.358044248751412e-08,1.3994545611240028e-07,0.0,0.0,0.0,0.0,0.0,0.0,3.0711260478710756e-05,1.2247492122696713e-05,1.1219028692721622e-06,5.522377250599675e-06
202108,0.0,0.0,8.808822258288274e-07,4.1907762351911515e-05,0.0,1.2804524658349692e-06,0.0,0.0,0.0,0.0,0.0,0.0,1.6678948213666445e-06,0.0,0.0,1.9145039686918608e-07,2.8257284157007234e-06,1.0177992635362898e-06,0.0,5.442699944069318e-07,3.74182968698733e-06,0.0,0.0,0.0,4.030719992442755e-06,2.4104048861772753e-05,0.0,0.0,0.0,0.0,1.4424681467062328e-06,0.0,8.726932492209016e-07,7.065026466079871e-07,3.1240331281878753e-06,0.0,0.0,0.0,0.0,0.0,0.0,0.0,9.168108761059557e-08,0.0,1.7069417026505107e-06,1.2543074262794107e-05,1.5373346684555145e-07,4.1916766946314965e-08,1.3054221199126914e-05,2.5079232727875933e-05,2.3338664050243096e-06,9.117369336308911e-05,5.551640356316057e-07,8.380076792491309e-07,0.0,0.0,0.0,0.0,0.0,3.7467296465365507e-07,0.0,1.6629147125968302e-07,3.5399315834183653e-07,5.977324690320529e-06,0.0,4.6869095967849717e-05,6.179052888910519e-06,5.214552857069066e-06,3.916650825885881e-07,5.8419059314474e-06,0.0,0.0,0.0,0.0,0.0,1.1329120042091745e-07,3.101370111835422e-07,0.0,0.0,6.99317888575024e-06,0.0,0.0,1.89630391105311e-05,6.9005960767754e-07,1.1044346138078254e-05,0.0,0.0,1.8163897038903087e-05,0.0,0.0,0.0,0.0,0.0,3.3077416446758434e-05,8.085121976364462e-07,1.2235216217959533e-07,5.952066203462891e-05,3.948976518586278e-05,2.4856001346051926e-07,0.0,1.2288926143355638e-07,0.0,0.0,0.0,0.0,0.0,0.0,4.756135396632999e-08,0.0,3.296877184766345e-05,1.184469601867022e-05,6.596305297534855e-07,5.4613615247944836e-06
202109,4.189542721633188e-07,0.0,6.089330781833269e-07,3.5238434065831825e-05,0.0,1.11656538592797e-06,0.0,0.0,1.5811265541287867e-07,0.0,0.0,0.0,1.9371614143892657e-06,0.0,0.0,6.704282640157544e-08,4.76442465924265e-07,7.599021500936942e-07,0.0,7.309220109164016e-07,3.616847834564396e-06,0.0,0.0,0.0,0.0,2.0044726625201292e-05,2.3691905326472806e-08,0.0,0.0,0.0,9.954438837667112e-07,0.0,8.41498490444792e-07,1.1965506701017148e-06,1.6456200455650105e-06,3.234622525383202e-08,0.0,0.0,0.0,0.0,0.0,0.0,6.283589470967854e-08,0.0,1.9588183022278827e-06,1.3392277651291806e-05,3.04712557408493e-08,1.543643790569149e-08,1.115904888138175e-05,2.7344814952812158e-05,3.6410908705875045e-06,6.576706800842658e-05,0.0,5.071372015663655e-07,0.0,0.0,0.0,0.0,0.0,0.0,0.0,6.639352250203956e-07,5.062709078629268e-07,8.273377716250252e-06,0.0,6.565056537510827e-05,4.394636107463157e-06,5.105594937049318e-06,1.9531761097368872e-07,7.36310130378115e-06,0.0,0.0,0.0,0.0,0.0,0.0,1.2074231108272215e-06,0.0,0.0,0.0,0.0,0.0,2.6330882974434644e-05,0.0,8.117488505376969e-06,1.5421554167005525e-07,0.0,1.7099247997975908e-05,0.0,0.0,0.0,0.0,0.0,2.953732655441854e-05,1.3826490885548992e-07,0.0,6.456968549173325e-05,2.01308102987241e-05,7.117104701137578e-07,0.0,7.226952902783523e-07,0.0,0.0,3.453937154063169e-07,0.0,0.0,0.0,0.0,0.0,4.38384449807927e-05,1.9033470380236395e-05,8.466906820103759e-07,7.0211890488280915e-06
202110,1.2381543967876496e-07,0.0,3.708550764258689e-07,4.1200441046385095e-05,4.9265985069268936e-08,4.10995380661916e-06,0.0,0.0,0.0,0.0,0.0,1.43955872999868e-07,1.7605838138479157e-06,0.0,2.3585810993154155e-07,7.673694568666178e-08,1.690779924956587e-07,9.601249075785745e-07,0.0,9.750551726028789e-07,3.8493732290589833e-07,0.0,0.0,0.0,0.0,2.7747208150685765e-05,0.0,0.0,0.0,0.0,7.254878937601461e-07,0.0,2.208764726674417e-06,1.4097944358582026e-06,1.8111668396159075e-06,0.0,0.0,0.0,6.656266577920178e-07,1.9803596842393745e-06,0.0,0.0,8.419696939654386e-08,0.0,0.0,1.0821348041645251e-05,0.0,3.334544018684937e-08,1.0932485565717798e-05,2.967366344819311e-05,1.659101872064639e-05,3.3796910429373384e-05,8.609134170001198e-07,8.034095912989869e-07,0.0,0.0,0.0,0.0,0.0,0.0,0.0,9.702929446575581e-07,6.243250822990376e-07,6.973385097808205e-06,0.0,3.6498189729172736e-05,3.696051862789318e-06,2.1530327103391755e-06,0.0,1.3957637747807894e-05,0.0,0.0,0.0,0.0,2.1375133201217977e-06,2.5970567918420784e-08,1.409662786500121e-06,0.0,0.0,4.247312517691171e-06,0.0,3.306898292976257e-07,2.5542833100189455e-05,2.3491661522712093e-06,1.197326673718635e-05,0.0,0.0,2.066456181637477e-05,0.0,0.0,0.0,0.0,0.0,2.7409501853981055e-05,1.2096566024411004e-06,6.224304627266974e-08,6.115567521192133e-05,2.191393832617905e-05,4.6656091967633984e-07,3.7836744581909443e-07,1.0652564697011258e-06,0.0,7.204806706795353e-08,8.302520768666e-07,0.0,0.0,0.0,4.480068582779495e-08,0.0,4.27358245360665e-05,2.3520415197708644e-05,9.49939249039744e-07,1.3094407222524751e-05
202111,3.397018986106559e-07,0.0,2.2274970490343549e-07,0.0,0.0,1.2344280548859388e-06,0.0,0.0,2.2792360709900095e-07,0.0,0.0,0.0,2.5673609798104735e-06,0.0,4.940545750287129e-07,7.30459390752003e-08,4.633139667475916e-07,6.972738333388406e-07,0.0,1.295051788474666e-06,0.0,0.0,0.0,0.0,4.176269158051582e-06,2.3209333448903635e-05,0.0,0.0,0.0,0.0,1.2497171155700926e-06,0.0,0.0,8.133345090755029e-07,8.403958986491489e-07,0.0,0.0,0.0,1.0254076414639712e-06,0.0,0.0,0.0,3.5019479582842905e-06,0.0,1.6645523146507912e-06,5.70392694498878e-06,4.464666858439159e-07,1.720168256724719e-07,8.927818271331489e-06,2.2102556613390334e-05,8.15547628008062e-06,3.488505171844736e-05,0.0,2.103507057427123e-07,0.0,0.0,0.0,6.497975846286863e-07,0.0,0.0,0.0,2.0870751882284821e-07,0.0,6.1614218793693e-06,0.0,1.2492403584474232e-05,3.845943865599111e-06,4.894301582680782e-06,7.903836518607932e-08,5.887650786462473e-06,0.0,0.0,0.0,4.459894853425794e-08,4.400471425469732e-06,0.0,8.873699925970868e-07,0.0,0.0,4.87192392029101e-06,0.0,0.0,2.1065583496238105e-05,7.518926281591121e-07,1.0882905371545348e-05,1.9735158218736615e-07,0.0,1.220442027261015e-05,7.343280117311224e-08,0.0,0.0,0.0,0.0,2.901644074881915e-05,7.666663464078738e-07,0.0,6.365474837366492e-05,8.697695739101619e-05,4.158908382123627e-07,2.576896918071725e-07,0.0,0.0,8.909054116656989e-08,9.355476748851288e-08,0.0,0.0,0.0,0.0,0.0,2.9413866286631674e-05,1.1199061191291548e-05,6.608936473639915e-07,5.176077138457913e-06
202112,0.0,9.313684756762086e-08,1.0466217759130814e-07,0.0,0.0,2.505905513316975e-06,0.0,0.0,0.0,0.0,0.0,9.132994449601028e-08,2.6277830329490826e-06,0.0,0.0,6.322571834971313e-07,2.410520778539649e-07,3.702800768223824e-07,0.0,6.947244628463523e-07,7.366220984295069e-07,0.0,0.0,0.0,0.0,1.992506076931022e-05,0.0,0.0,0.0,0.0,9.48558920299547e-07,0.0,2.5234663553419523e-05,4.763647325489728e-07,5.363365289667854e-07,3.7043548672954785e-07,0.0,0.0,0.0,0.0,0.0,0.0,1.7827811689130613e-06,0.0,1.8504981653677532e-06,8.951860763772856e-06,4.79332356917439e-07,1.32088928239682e-07,6.125220807007281e-06,2.0640836737584323e-05,8.438203622063156e-06,5.458010491565801e-05,4.3089178802802053e-07,1.9278094498531573e-07,0.0,0.0,0.0,0.0,0.0,3.7710782407884835e-07,0.0,1.4701306838560413e-07,3.4987630215255194e-07,4.121652182220714e-06,0.0,4.321637788962107e-06,4.861608886130853e-06,1.993419573409483e-06,0.0,3.619003337007598e-06,0.0,0.0,0.0,0.0,0.0,0.0,2.4406361376350105e-07,0.0,7.933333989740277e-08,2.554558022893616e-06,0.0,0.0,2.3808306650607847e-05,2.840615707100369e-07,3.047791324206628e-06,0.0,0.0,9.436034815735184e-06,0.0,0.0,0.0,0.0,0.0,1.4778887816646602e-05,0.0,0.0,6.047847637091763e-05,6.954213313292712e-05,1.1660012688707866e-07,2.0554873003675311e-07,1.0434682451432309e-07,0.0,9.032858372393093e-08,3.683966269818484e-07,0.0,0.0,0.0,0.0,0.0,2.256078369100578e-05,9.639468771638349e-06,3.8987289485703513e-07,5.723477443098091e-06
202201,2.494739192115958e-06,1.2259441461992537e-07,1.1239429653642219e-07,5.861078079760773e-06,1.5198406799754594e-07,3.2909688343352173e-06,6.078756769056781e-07,8.065505596732692e-08,5.965947025288187e-07,1.1286790595477214e-06,0.0,2.5177655516017694e-07,2.0936511191393947e-06,4.2822343004900176e-08,1.9358333247510018e-07,5.767866696260171e-06,5.514662916539237e-06,4.488004208269558e-07,1.4334447939745587e-07,7.173221092671156e-07,6.006061994412448e-06,7.368311827349316e-08,0.0,2.1401899630291155e-07,1.99180999516102e-06,7.055224614305189e-06,1.3019753453136218e-07,1.2059399523423053e-06,1.6285693504869414e-07,3.1499943986545986e-08,1.7562688299221918e-06,6.581789335768917e-08,0.0001938592758961022,1.899073595268419e-06,7.348886583713465e-07,1.8176011451487284e-07,0.0,3.296767999927397e-06,3.837983513221843e-07,0.0,4.97464398563352e-08,3.533716892434313e-07,1.343830035693827e-06,1.2009434158244403e-06,3.7301542761269957e-06,5.094586231280118e-05,8.543259355064947e-06,3.760934305319097e-06,7.346510301431408e-06,1.6222473277593963e-05,1.4528621250065044e-05,8.668191730976105e-05,7.059891686367337e-06,1.8254856115618168e-07,0.0,0.0,0.0,1.0283198434990481e-06,1.504473203794987e-07,1.6295538216581917e-06,0.0,4.990968704987608e-07,5.831665248479112e-07,9.470616532780696e-06,6.746459462192433e-07,1.5692099623265676e-05,8.037394763960037e-06,4.51908408649615e-06,6.358606441381198e-08,1.299101859331131e-05,8.789561434241477e-08,1.4786722601911606e-07,2.445908933168539e-07,3.85831810945092e-07,9.087802936846856e-06,2.09162848818778e-07,1.3632021591547527e-06,6.81080564390868e-07,0.0,2.310456875420641e-05,5.467619246246613e-08,0.0,5.032794797443785e-05,2.6898819669440854e-06,0.00011981245916103944,5.149021262695896e-07,4.6435928879873245e-07,1.1525694390002172e-05,1.6559953053274512e-07,1.0061260979910003e-07,2.609631053474004e-07,5.182211566534534e-07,3.0361327674199856e-08,2.1216101231402718e-05,8.949428433879802e-07,6.5333370002917945e-06,6.166248203953728e-05,7.19092640792951e-05,1.998139964598522e-07,0.0,4.6414558596552524e-07,3.537585087087791e-07,9.315605353776846e-08,3.4830718504963443e-06,4.342766146692156e-08,0.0,0.0,1.6832743767736247e-06,8.076740982687625e-07,1.585748941579368e-05,6.365249646478333e-06,1.5865400655457051e-06,3.6886845009576064e-06
202202,3.7176885143708205e-06,0.0,0.0,4.3074414861621335e-06,1.6777332234596543e-07,3.0245641937654e-06,6.559017151630542e-07,0.0,2.233101383808389e-07,2.226084234280279e-06,1.0825822016613529e-07,4.0520131960875005e-07,3.7238314689602703e-06,0.0,1.375219937926886e-07,5.653441348840715e-06,3.0420480925386073e-06,3.3403330235159956e-07,0.0,2.0764578323451133e-07,1.8247762909595622e-06,7.082813340275607e-07,1.6045618167481734e-07,0.0,1.4367695939654368e-06,6.314528491202509e-06,8.895140979348071e-08,6.567146897396015e-07,0.0,3.9606447899132036e-07,1.5598866411892232e-06,0.0,0.0008798590279184282,1.4447119838223443e-06,4.177143182459986e-07,1.4351485333463643e-07,0.0,3.865993221552344e-06,5.508500180440024e-07,0.0,3.757757554012642e-07,2.921291866186948e-07,1.2000411970802816e-06,1.657219513617747e-06,6.323776233330136e-06,5.1183156756451353e-05,1.4762704267923255e-05,4.700424597103847e-06,5.540228812606074e-06,1.477311525377445e-05,1.596746915311087e-05,0.00022380035079549998,9.715544365462847e-06,1.9235542936257843e-07,0.0,4.127299746414792e-08,0.0,4.86518672460079e-07,0.0,2.8251656658540014e-06,0.0,2.7519257628227933e-07,4.101648016785475e-07,8.730627087061293e-06,4.981857273378409e-07,1.1715824257407803e-05,6.621360171266133e-06,9.030094588524662e-06,1.3956508837509318e-07,1.936933222168591e-05,5.7979843148814325e-08,1.1755100359778226e-07,6.909266971888428e-07,3.616618471369293e-07,1.9726181562873535e-05,9.019967706080934e-08,1.3075024298814242e-06,3.696447095080657e-07,0.0,2.273120298923459e-05,1.2098226420675928e-07,3.1852763981987664e-07,6.938900332897902e-05,2.6404457003081916e-06,0.00010721092985477298,1.8107419919033418e-07,0.0,8.318538675666787e-06,6.47099014372543e-08,2.7259159196546534e-07,5.338532460541501e-08,1.3231932882717956e-07,2.6157970296480926e-06,1.469214566895971e-05,6.660474696218444e-07,3.197455725967302e-06,5.8613644796423614e-05,7.738197746220976e-05,1.542210128491206e-07,4.773699515681074e-07,8.544063234694477e-07,1.760257362093398e-07,9.456658744966262e-08,4.804630862054182e-06,1.037428134509355e-07,0.0,0.0,5.038346628793988e-08,8.74212673807051e-07,1.2660892025451176e-05,8.031808647501748e-06,1.6011828165574116e-06,2.4229480004578363e-06
202203,6.504166776721831e-06,3.880269048295304e-07,4.502449542087561e-07,7.983444447745569e-06,6.045638656360097e-07,1.0151036349270726e-06,8.382320970667934e-07,0.0,3.7439102129610546e-07,2.9371449272730388e-06,7.817869374093789e-08,1.1174638103739198e-07,3.6509136407403275e-06,0.0,9.513532859273255e-07,6.060179202904692e-06,9.558727924741106e-07,6.9188837414913e-07,1.1186484982772527e-07,0.0,3.146435346934595e-06,5.723336471419316e-07,1.51335939335695e-06,2.7243684641575783e-08,5.301774763211142e-06,7.443414688168559e-06,0.0,4.550858250240708e-07,0.0,2.891714530051104e-07,2.015384779952001e-06,0.0,0.0011051747715100646,1.4840287576589617e-06,6.1126365835662e-07,4.60381741618221e-08,1.5874121572778677e-07,4.407020696817199e-06,1.2176402606201009e-06,0.0,0.0,1.7746235414506373e-07,2.4202154236263596e-06,1.6470206674057408e-06,6.186283371789614e-06,3.7590027204714715e-05,8.808554412098601e-06,3.524352450767765e-06,4.912643362331437e-06,1.155927839135984e-05,1.4999204722698778e-05,0.00012414433876983821,1.5643563529010862e-05,1.782508434189367e-07,6.72560176440129e-08,3.8454405171250983e-07,0.0,1.1610455885602278e-06,0.0,1.032450654747663e-06,0.0,4.673802322940901e-07,1.3833836192134186e-06,8.346505637746304e-06,6.158639394016063e-07,4.3046661630796734e-06,4.407097549119499e-06,5.111790414957795e-06,4.3116972392454045e-07,2.405012128292583e-05,5.27287618012906e-08,0.0,4.997605174139608e-07,2.2953872758080252e-07,1.8775055650621653e-05,8.823084129971903e-08,5.918378747082897e-07,4.182940074315411e-07,0.0,1.7699543604976498e-05,3.891580888648605e-07,0.0,7.051694410620257e-05,3.603911181926378e-06,9.355193469673395e-05,5.6538944193107454e-08,2.028513392815512e-07,7.166300292738015e-06,0.0,2.9984937555127544e-07,0.0,5.378675496103824e-07,2.3302220597543055e-07,1.6946954929153435e-05,1.155951736109273e-06,1.0281954928359482e-05,5.492600394063629e-05,8.366619294974953e-05,3.472096636869537e-07,1.2681407213221974e-07,5.278686217025097e-07,0.0,1.7140038721663586e-07,3.0154897103784606e-06,8.322317057718465e-08,9.602575801181956e-08,0.0,0.0,4.754868427880865e-07,1.5083614925970323e-05,5.604332727671135e-06,1.1787640232796548e-06,1.653030722081894e-06
202204,8.803884156804997e-06,5.471437702908588e-07,2.9928679623481e-07,4.821413767785998e-06,3.4400500226183794e-07,2.124685579474317e-06,8.091992640402168e-07,0.0,5.435097136796685e-07,6.541410584759433e-06,0.0,4.0315558180736843e-07,2.935674274340272e-06,4.943614726471424e-07,1.2558879234347842e-06,5.270373094390379e-06,6.662067448814923e-07,4.925233270114404e-07,0.0,1.0210227401330485e-06,1.835451826082135e-06,4.6838468392707e-07,3.8142613334457565e-07,3.874040288565084e-08,7.345924586843466e-06,1.3540406143874861e-05,0.0,3.3731743087628274e-07,2.65567365431707e-07,7.352112874059458e-08,1.3268647762743058e-06,1.4187066881277133e-06,0.00133221666328609,1.3143084061084664e-06,1.188740725410753e-06,5.037689447817684e-07,9.814664281293517e-07,4.019512289232807e-06,2.380353180342354e-06,3.844020568521955e-08,1.5019087129530817e-07,6.630261850659736e-07,2.1675502921425505e-06,3.0779006010561716e-07,2.905921974161174e-06,2.8438127628760412e-05,7.699161869823001e-06,2.2661865841655526e-06,6.483724064310081e-06,1.3392180335358717e-05,2.2801166778663173e-05,0.00016330703510902822,1.0981932973663788e-05,3.711099054726219e-07,0.0,0.0,0.0,3.585296326491516e-06,1.7840196164797817e-07,9.251685924027697e-07,0.0,4.146151866279979e-07,2.128342657670146e-06,9.396867426403333e-06,4.101142963008897e-07,1.1856658943543152e-07,6.27994813839905e-06,4.183738383289892e-06,4.2529768506938126e-07,2.280480657645967e-05,3.941449051581003e-07,0.0,1.0361783608914266e-07,4.3485005107868346e-07,1.0181728612224106e-05,1.6019605197925557e-07,1.9327060272189556e-06,2.1304487063389388e-07,0.0,1.7399956050212495e-05,2.8203533020132454e-07,6.759942152712028e-07,6.556735752383247e-05,2.9105415251251543e-06,0.00012266391422599554,6.152893092803424e-07,5.254195798443106e-07,8.25562710815575e-06,1.0992739163384613e-07,2.41206805640104e-07,1.3527797193546576e-07,3.5709379631043703e-07,3.021752036147518e-06,1.75052755366778e-05,3.951313829020364e-06,1.1199601431144401e-05,6.572145503014326e-05,8.897948282537982e-05,4.927351824335346e-07,3.6936026504008623e-07,1.4737209994564182e-06,0.0,9.664041726864525e-07,3.470013098194613e-06,0.0,0.0,1.2554687600641046e-07,2.4816078081357773e-08,4.1344017631672614e-07,1.5283867469406687e-05,6.6463230723456945e-06,1.2331886409810977e-06,1.830206997510686e-06
202205,1.1834844372060616e-05,6.205460323371881e-08,0.0,5.435624643723713e-06,9.144569901309296e-08,1.6091565839815303e-06,8.137841973621107e-07,0.0,1.2960696267327876e-06,4.437884399521863e-06,0.0,3.6805371905757056e-07,2.6986044758814387e-06,4.3297390561747306e-07,9.873867838905426e-07,3.727125658770092e-06,4.2350424678261334e-07,8.473532489006175e-07,1.1291351142972417e-07,2.354574007767951e-06,2.2090096081228694e-06,9.735617823025677e-07,6.24373512891907e-07,3.578661988967724e-08,3.701167952385731e-05,7.397301942546619e-06,0.0,3.524237968122179e-07,0.0,3.4942561910611403e-07,2.3743778001517057e-06,2.637926570514537e-07,0.0012202056823298335,7.651627811355866e-07,2.1975088770886941e-07,4.430280853284785e-08,2.675427879239578e-07,4.910052666673437e-06,3.954743988288101e-06,5.500780275724537e-08,0.0,2.765880253718933e-07,6.416648261620139e-07,9.351393259748875e-07,2.025072717515286e-06,2.1301411834429018e-05,1.5612718925694935e-05,4.422080110089155e-06,5.661006525770063e-06,1.785902350093238e-05,2.0304792997194454e-05,0.00022881034237798303,8.485879334330093e-06,7.114615527825663e-07,0.0,9.540899981175244e-08,0.0,2.098527147609275e-06,0.0,6.92890921527578e-07,0.0,4.512799591793737e-07,2.1139562704775017e-06,9.966882316803094e-06,2.2220586970433942e-07,5.8894420362776145e-06,1.8126695522369118e-06,1.1202801033505239e-05,1.5291794852601015e-07,2.0867897546850145e-05,3.1661792831982893e-07,9.48583718241025e-08,6.472742484220362e-07,0.0,9.90263379208045e-06,2.1245776338219002e-07,1.7802519778342685e-06,2.2008900657510821e-07,4.0088292507789447e-07,5.830310328747146e-06,1.44808581126199e-07,1.7244161654161871e-07,6.063745968276635e-05,2.2710512439516606e-06,0.00013011602277401835,0.0,5.358476187211636e-07,7.024865226412658e-06,2.1877076505916193e-07,3.3053967740670487e-07,0.0,2.253156452525218e-07,2.9381594686128665e-06,1.4627177733927965e-05,5.517161298485007e-06,2.0861039956798777e-05,6.623611989198253e-05,8.791304571786895e-05,5.153921165401698e-07,7.59072008804651e-07,7.786708806634124e-07,3.680498252833786e-07,6.271454822126543e-07,4.805157459486509e-06,0.0,0.0,2.0951512169631314e-07,1.3837029655405786e-07,2.693457190616755e-07,1.2780506040144246e-05,4.121429810766131e-06,1.2284430113140843e-06,2.685138042579638e-06
202206,1.1080478543590289e-05,1.8003261459398345e-07,8.978468457598865e-08,6.375868451868882e-06,1.1114869948869455e-06,1.4914986650182982e-06,3.6112148791289655e-06,0.0,2.940997546829749e-06,5.195357175580284e-07,0.0,2.150015347979206e-07,4.227739282214316e-06,3.61821435035381e-07,1.5228198435579543e-06,1.4352800462802406e-05,7.639474688403425e-07,1.7900148350236122e-06,3.1506200315334354e-08,1.9061885723203886e-06,2.3274442355614156e-06,5.247249532658316e-07,2.412787978300912e-07,0.0,2.7954290999332443e-05,1.3743258023168892e-05,0.0,1.8608771767958387e-07,0.0,6.772083338546508e-08,4.6993454816401936e-07,1.0990265764121432e-06,8.356248144991696e-05,9.425281746189285e-07,4.485439148993464e-07,0.0,3.6809996117881383e-07,1.4142698319119518e-06,3.491991037662956e-06,0.0,0.0,1.2497689283463842e-07,4.567443454561726e-07,7.375640507234493e-07,1.3794692677038256e-06,3.186667527188547e-05,8.040425200306345e-06,4.59731518276385e-06,4.066319434059551e-06,1.2899086868856102e-05,1.9397421056055464e-05,0.00019171691383235157,9.84468078968348e-06,3.7393820662146027e-07,2.9810627211190877e-07,0.0,2.8684067387985124e-07,5.093912022857694e-06,0.0,6.593215289285581e-07,0.0,7.512349498028925e-07,6.117643806646811e-06,5.987905751680955e-06,1.934869942488149e-06,3.7165204958000686e-06,1.2143375442974502e-06,4.733156856673304e-06,3.240336923227005e-07,2.6834619347937405e-05,7.573377843073104e-06,0.0,1.0657438451744383e-06,0.0,3.94203152609407e-06,9.02980730188574e-08,2.261865347463754e-06,2.968058083752112e-07,5.450613116408931e-07,1.3894606126996223e-05,1.3447223068396852e-07,1.0177138420885967e-07,8.89189905137755e-05,4.028926014143508e-06,0.0002104128070641309,8.660552452965931e-07,1.4765757896384457e-06,8.310008524858858e-06,0.0,4.868365408583486e-07,0.0,1.7990247158650163e-07,3.0157711989886593e-06,1.4780678611714393e-05,3.4993395274796057e-06,1.0537649359321222e-05,7.142147660488263e-05,0.001041861018165946,1.3826624467583315e-07,5.469286179504707e-07,1.1634796237558476e-06,2.2048924108730716e-07,4.1693624552863184e-07,3.428344825806562e-06,0.0,5.974626304805497e-08,0.0,2.190661234635627e-06,1.0275107342749834e-06,1.1586926120799035e-05,4.866835297434591e-06,6.995489911787445e-06,1.825337449190556e-06
202207,1.2808257451979443e-05,1.6848078132625233e-07,7.780015920388905e-08,1.5936822137518902e-06,9.51969752804871e-07,5.477763806993607e-07,5.750248419644777e-07,0.0,5.817848887090804e-07,1.7902270883496385e-06,2.5782371793070524e-08,2.3247919500590797e-07,5.224513188295532e-06,0.0,1.201707618747605e-06,6.243691586860223e-06,8.50273451646899e-08,7.539714488302707e-07,1.0520501092514678e-07,4.4498517581814667e-07,2.409151420579292e-06,3.307332292479259e-07,1.701686329624863e-07,0.0,1.4032093531568535e-05,2.0780567865585908e-05,1.964833984402503e-07,3.651041993180115e-07,0.0,1.724831975025154e-07,9.101707973968587e-07,1.1435723763497663e-06,9.415929525857791e-05,3.817426090790832e-07,1.9790491023741197e-06,0.0,1.1019540124834748e-06,2.8640022264880827e-06,2.033491909969598e-06,0.0,6.67728698999781e-08,8.224071734730387e-08,1.0765054412331665e-06,8.731189495847502e-07,6.532463430630742e-06,4.067238114657812e-05,1.1496155821077991e-05,6.3842790041235276e-06,5.717203748645261e-06,1.7105079678003676e-05,2.0083223716937937e-05,0.00016297464026138186,7.863424798415508e-06,2.9786357913508255e-07,3.987827597029536e-07,1.729084033286199e-06,1.7299160504080646e-07,3.7986292227287777e-06,0.0,4.014481476133369e-07,0.0,8.079425128926232e-07,4.537736003840109e-06,9.062234312295914e-06,4.737206324989529e-07,3.2998245842463803e-06,2.5763963549252367e-06,1.3172177204978652e-05,5.033865591030917e-07,2.9352400815696456e-05,3.458667094946577e-07,1.1582957171185626e-07,0.0,2.7649542744256905e-07,7.209495834104018e-06,2.560938980877836e-07,1.28280112221546e-06,1.7052117584626103e-07,2.0322519844739872e-07,8.592183803557418e-06,8.553510610909143e-08,3.3891680573105987e-07,5.4895001085242257e-05,2.3119764591683634e-06,0.00011605448526097462,1.8038103632989078e-07,7.123745149328897e-07,9.249925824406091e-06,6.005905106576392e-08,7.948148805780875e-08,1.2517217840013473e-07,1.9244629356762744e-07,3.5129371553921374e-06,1.0646871487551834e-05,1.294619323743973e-05,2.763245538517367e-05,7.165019633248448e-05,0.0008491756743751466,5.497667032727804e-08,0.0,5.87747422287066e-07,0.0,3.406528321647784e-07,3.836765245068818e-06,0.0,0.0,0.0,0.0,1.2654858210225939e-06,1.2399321349221282e-05,6.7524838414101396e-06,1.8375667423242703e-06,3.649019845397561e-06
202208,1.2520903510448989e-05,1.2537653049093933e-07,5.497122756992212e-08,5.644409156957408e-06,2.0641422793232778e-07,1.1097056358266855e-06,7.681015858906903e-07,0.0,6.743960625499312e-07,2.2305732727545546e-06,2.2895837048508838e-07,3.1852428605816385e-07,7.790124072926119e-06,3.9214242519847176e-08,6.695638603559928e-07,1.1274441931163892e-05,8.827438477965188e-07,8.058144089773123e-07,0.0,2.2052622625778895e-06,1.8811801965057384e-06,3.260649918956915e-07,5.398991902438866e-07,0.0,3.437027407926507e-05,3.3387124858563766e-05,0.0,1.8491664377506822e-07,6.470126123758746e-08,3.1009668077786046e-07,1.7352638224110706e-06,3.751215515990225e-08,9.943305485649034e-05,3.062602047521068e-07,4.079132338574709e-07,5.197630343900528e-07,4.6570576728299784e-08,4.16907596445526e-06,5.513453288585879e-06,1.8749510388715862e-07,0.0,3.432400035308092e-07,5.260084776637086e-07,6.530893301714968e-07,1.99044529836101e-06,4.05969622079283e-05,8.861011338012759e-06,6.0583065533137415e-06,6.518479949590983e-06,3.1033592676976696e-05,1.5775545762153342e-05,0.00017672147077973932,7.455938884959323e-06,1.5631026144546922e-06,5.541747327697522e-07,1.588985924172448e-06,0.0,1.2130215509387199e-05,0.0,2.688118740934442e-07,6.3126577742878e-08,2.981169927807059e-06,1.2113881894038059e-05,8.885088391252793e-06,4.062543155214371e-07,1.410109871358145e-05,8.101031198748387e-06,6.663904514425667e-06,1.9429612621024717e-06,2.2039597752154805e-05,3.231794494240603e-07,1.4668394499040005e-07,1.0020055185577803e-07,3.293675376880856e-07,1.2891268852399662e-05,9.29039813968302e-08,1.3527128430723678e-06,2.7163838467458845e-07,2.2654637632513186e-07,4.66936944576446e-06,1.0737267075455748e-07,4.443030832135264e-08,7.212952914414927e-05,4.3826371438626666e-06,0.00013063014193903655,1.5113414519873913e-07,8.41867233702942e-07,9.10140443011187e-06,5.4212808464626505e-08,0.0,7.096147669471975e-08,9.722998584038578e-08,4.214082764519844e-06,9.351721928396728e-06,7.039155661914265e-06,3.06970214296598e-05,7.47254234738648e-05,0.0006612081779167056,2.366558362609794e-07,0.0,4.988256137039571e-07,2.4465487058478175e-07,6.473571545484447e-08,2.772655761873466e-06,0.0,0.0,0.0,6.945127495328052e-08,9.785097745407256e-07,1.2025555406580679e-05,4.6045120143389795e-06,1.7018296603055205e-06,1.0637621699061128e-06
202209,2.0598428818630055e-05,0.0,1.363833206369236e-07,4.9190894060302526e-06,6.224523474429589e-08,6.508336696242623e-07,5.828808866681356e-07,0.0,1.4366164577950258e-06,1.943786855918006e-06,0.0,8.005552444956265e-06,6.027567906130571e-06,8.951766261589e-08,1.9011580434380448e-06,1.0630444194248412e-05,8.170687237907259e-07,7.360424660873832e-07,1.081448814943542e-07,1.0749945431598462e-06,1.1926299521292094e-05,7.207631824712735e-07,1.2135053850670374e-07,0.0,4.9272952310275286e-05,3.280662349425256e-05,1.7052551015694917e-07,1.6863700125213654e-07,0.0,0.0,1.3368626241572201e-06,4.4285371814112295e-08,0.00013935286551713943,5.458820737658243e-07,2.689603661565343e-06,4.299448050915089e-07,0.0,2.5876179279293865e-06,4.420287950779311e-06,3.3588560199859785e-06,0.0,1.6926050250276603e-07,2.333315705982386e-06,6.219630108716956e-07,1.1118565907963784e-06,1.2847418474848382e-05,8.353456905751955e-06,1.7047811979864491e-06,4.64042159364908e-06,2.468368984409608e-05,9.470174518355634e-06,0.00019165678531862795,5.84548160986742e-06,1.5495414800170693e-06,2.833298367477255e-06,6.270294761634432e-06,3.0644187063444406e-06,1.0547106285230257e-05,0.0,0.0,0.0,1.7210015812452184e-06,2.6714189516496845e-05,8.012575563043356e-06,0.0,2.7326428607921116e-05,1.3356701856537256e-05,1.1508398529258557e-05,1.4848571936454391e-06,2.8500273401732557e-05,5.802887130812451e-07,1.4818105853464658e-07,0.0,5.012821020500269e-07,1.0844658390851691e-05,2.466316750826536e-08,3.908238340954995e-06,6.372707161972357e-07,3.011077467363066e-07,0.0,1.9977095178091986e-07,0.0,7.457161700585857e-05,4.752342192659853e-06,7.134516636142507e-05,3.3786506037358777e-07,2.290565134899225e-06,9.410997336090077e-06,0.0,0.0,5.350882048560379e-08,1.9028782389796106e-06,1.981305331355543e-06,1.197999245050596e-05,7.55688324716175e-06,1.9800041627604514e-05,7.362899486906826e-05,0.0006670025177299976,2.1166888473089784e-06,0.0,8.116205094665929e-07,1.4541785731125856e-07,0.0,2.927643436123617e-06,9.832159264533402e-08,1.0858423138415674e-06,9.152890356745047e-08,0.0,1.943449888130999e-06,7.863027349230833e-06,1.4563969443770475e-06,9.434357366444601e-07,1.3604825426227762e-06
202210,2.784376010822598e-05,1.8551892821960791e-07,0.0,3.055801698792493e-06,3.4262095027770556e-07,6.241044161470199e-07,8.197162060241681e-07,0.0,3.8902953747310676e-07,4.966391315974761e-07,1.0272235329011892e-07,1.9393921775190393e-06,2.083588469758979e-06,4.5538104842535176e-08,1.0975799824564092e-07,2.395362798779388e-06,5.409280561252672e-07,8.599184297963802e-07,0.0,7.79374261128396e-07,4.441498276719358e-06,3.8332461826939834e-07,9.12450673240528e-07,0.0,2.7313501050230116e-05,5.8598245232133195e-05,1.1922386988771905e-07,2.2639912344857294e-07,0.0,3.2957199636030055e-08,1.8135195887225564e-06,0.0,0.00014815251051913947,4.930963086735574e-07,1.0203152669419069e-06,1.1310758054605685e-06,6.729305823682807e-07,1.5947529163895524e-06,2.140955530194333e-06,1.858996711234795e-06,0.0,4.5144417981646257e-07,1.0065555215987843e-06,9.081165899260668e-07,1.397570599692699e-06,2.2992617232375778e-05,3.63993945029506e-06,9.378868526255246e-07,3.855674549413379e-06,1.4586646102543455e-05,1.7521546396892518e-05,8.042810077313334e-05,4.9815726015367545e-06,2.8288570774748223e-07,1.248798866981815e-06,1.5470019434360438e-06,4.335258552146115e-08,1.161665659310529e-05,7.278795521870052e-08,5.0439144416714043e-08,0.0,4.915800673188642e-07,8.651391908642836e-06,8.183194950106554e-06,2.563127168286883e-07,2.1410209228633903e-05,9.026085535879247e-06,1.706104740151204e-05,0.0,2.206963654316496e-05,3.930859293177491e-06,1.1268448218970661e-07,8.752735425332503e-07,0.0,4.57624128102907e-06,2.8377124294820533e-07,8.377069207199384e-07,3.0721926691512635e-07,2.1509950443032722e-07,2.4762491648289142e-06,3.2404409466835205e-07,2.73847092557844e-07,7.907929102657363e-05,5.324999619915616e-06,4.140567034482956e-05,7.260266556841088e-07,3.5535751408133365e-07,1.0117638339579571e-05,0.0,5.298668170894416e-08,0.0,1.5913212791929254e-07,3.4221550322399708e-06,8.223592885769904e-06,1.2232712833792903e-05,1.8227876353194006e-05,7.368336082436144e-05,0.0007482083747163415,2.6335297320656537e-07,2.751672809608863e-07,1.3607043456431711e-06,4.2697902813415567e-07,2.5605609721424116e-07,2.3148668333305977e-06,1.679198788906433e-07,0.0,3.0474762979793013e-07,5.1788280330811176e-08,8.613680506641685e-07,7.853421266190708e-06,2.82917653748882e-06,9.141763825937232e-07,2.8707527235383168e-06
202211,3.106834992649965e-05,6.316397360706105e-08,0.0,2.5876117888401495e-06,6.554914762091357e-07,1.138557990998379e-06,6.702732662233757e-07,4.1719513177440604e-08,3.587643391256279e-07,2.3074269961398386e-07,0.0,2.6292153165741183e-07,4.681577593146358e-06,0.0,1.4449974514718633e-06,2.3729844542685896e-06,1.0281149798174738e-07,3.6634114053413214e-07,9.451861870957146e-08,7.489153972528584e-07,1.1812117918452714e-05,2.7950594017056574e-07,0.0,0.0,2.952380418719258e-05,6.947587098693475e-05,1.3171055002203502e-07,8.803364437426353e-08,0.0,0.0,2.0786583263543434e-06,5.940933078818489e-08,0.00012276528286747634,6.985243885537784e-07,5.838182914885692e-07,9.40956908834778e-07,5.92362937368307e-07,1.60278761995869e-06,7.162565452745184e-06,6.841062827334099e-08,6.568248522853537e-08,2.285328548623511e-07,7.246443374242517e-07,1.517534258255182e-07,0.0,2.64766003965633e-05,1.1610474075496313e-06,5.706062893295893e-07,4.9124168981506955e-06,1.3888026842323598e-05,1.4144563465379179e-05,9.262289677280933e-05,5.061067895439919e-06,6.425156584555225e-07,2.0695253510893963e-07,3.831315552815795e-06,0.0,5.55621136300033e-06,0.0,2.2693578216603782e-07,0.0,7.172582741077349e-07,7.82298684498528e-06,8.573804734623991e-06,3.9912288229970727e-07,1.0768282663775608e-05,8.457697731500957e-06,2.4457554900436662e-05,6.151735760795418e-07,1.9864359273924492e-05,1.045359923068645e-07,1.5697489175181545e-07,9.814002623897977e-07,4.88355965444498e-07,2.3139546101447195e-06,2.471932987191394e-07,3.678917721572361e-07,1.7837500365658343e-07,5.4251554360007503e-08,2.433977215332561e-06,2.7546340675144165e-07,0.0,5.443203917820938e-05,3.1587339890393196e-06,3.594440931919962e-05,5.19377010732569e-07,1.9664462342916522e-06,7.909875421319157e-06,6.161030086104802e-08,1.2167114959993341e-07,1.4866469655316905e-07,1.9743736174859805e-06,3.199288130417699e-06,9.152423444902524e-06,1.5150500075833406e-05,2.6272342438460328e-05,8.218884613597766e-05,0.0020680304151028395,6.562883072547265e-07,0.0,1.1151175840495853e-06,0.0,3.573357787445275e-07,2.6465588689461583e-06,2.408932573416678e-07,1.453934004302937e-07,9.758802121950794e-08,0.0,6.629178983530437e-07,5.2531090659613255e-06,1.5278485534508945e-06,4.772016950482794e-07,1.782760023161245e-06
202212,2.1543311959248967e-05,2.1520048676393344e-07,0.0,1.7769682472135173e-06,1.4418112925795867e-07,0.0,5.686714530384052e-07,0.0,5.69573614939145e-07,1.5800333130755462e-07,1.9261796069258708e-07,2.053942807833664e-06,1.615389555809088e-05,1.3441853070617071e-06,0.0,9.46346790442476e-06,9.35333900997648e-07,1.8237610674987081e-06,0.0,7.431613653352542e-07,1.2463180610211566e-05,0.0,2.8879199476250506e-07,0.0,7.470602577086538e-05,6.657066842308268e-05,1.6232479538302869e-07,2.3272140481367387e-07,0.0,0.0,1.2676418918999843e-06,0.0,0.00015719005023129284,4.6726108848815784e-07,1.3509777545550605e-06,4.237113842009421e-07,0.0,5.980252808512887e-07,1.935195314217708e-06,2.1637038116750773e-06,6.960230791719368e-08,5.021707352170779e-07,4.938485176353424e-07,4.900581643596524e-06,1.5576056284771767e-06,2.0816825781366788e-05,1.0088617273140699e-05,3.0453832096100086e-06,8.40187021822203e-06,3.3904525480465963e-05,1.302628152188845e-05,0.0001816949516069144,3.7018503462604713e-06,1.7383177919327863e-07,1.0927938092208933e-06,6.053694960428402e-06,2.649517796271539e-07,4.7516714403172955e-06,0.0,0.0,0.0,5.106118692310702e-07,2.0243538529030047e-05,9.253137250198051e-06,3.276646509675629e-07,1.93545529327821e-05,5.222626896284055e-06,1.2021601833112072e-05,3.649690256679605e-07,6.2078647715679836e-06,1.9497219909681007e-06,1.608034096989286e-07,0.0,4.2150819012931606e-07,0.0,1.440295278598569e-07,3.0542349804818514e-07,3.3568770163583395e-07,7.199326432782982e-07,2.923614374594763e-06,9.243692034033302e-08,0.0,8.757664181757718e-05,4.089441517862724e-06,2.5159659344353713e-05,6.005767545502749e-07,0.0,1.0384293091192376e-05,0.0,0.0,0.0,2.0475486053328495e-06,9.63519042329608e-08,8.566454198444262e-06,3.4240827517351136e-05,3.496986028039828e-05,8.264217467512935e-05,0.0007798536098562181,0.0,0.0,7.221819373626204e-07,2.2721808363712626e-06,8.247877758549294e-08,2.5157444270007545e-06,7.817121172593033e-08,9.926576183261204e-08,2.3116174929782574e-07,2.6480037718101812e-08,8.844128387863748e-06,7.063339580781758e-06,2.5972410639951704e-06,1.2593638984981226e-06,2.0042593860125635e-06
202301,0.0003884686157107353,0.0,0.0,0.0013852843549102545,0.0001377343141939491,1.9034354409086518e-05,4.675216587202158e-06,0.0,2.8736708372889552e-06,2.5189126517943805e-06,0.0,5.677637818735093e-05,0.00017238511645700783,9.890682122204453e-07,7.725314208073542e-05,0.00013217245577834547,8.120866368699353e-06,5.413100734585896e-05,3.0502042136504315e-06,6.794934961362742e-06,0.00030141373281367123,9.580568985256832e-06,4.334694040153408e-06,1.646976102165354e-06,0.000682417768985033,0.00037428998621180654,4.262918082531542e-06,1.4827873201284092e-05,0.0,0.0,3.0170584068400785e-05,9.26192683436966e-07,0.0005087382160127163,7.0945861807558686e-06,1.933632665895857e-05,6.2268700276035815e-06,0.0,5.977517503197305e-05,0.0002711693523451686,8.877047366695479e-05,1.0072013537865132e-05,8.09247558208881e-06,5.8053188695339486e-05,1.2716965102299582e-05,0.0,0.00018444913439452648,0.00017724673671182245,7.906118298706133e-06,0.0002878634550143033,0.00039666148950345814,0.00035442374064587057,0.0018093434628099203,0.00017335244046989828,7.678630026930477e-06,0.0,0.00011594247916946188,0.0,0.0002549604105297476,9.695476137494552e-07,4.5794899051543325e-05,5.933251827627828e-07,7.398044090223266e-06,0.00033149990485981107,0.00018781704420689493,0.0,0.00014132860815152526,0.0001568723819218576,0.00026785151567310095,3.6908822949044406e-06,0.0003163791843689978,8.800663522379182e-07,5.298038013279438e-05,1.158135273726657e-05,7.110325896064751e-06,1.5441848518094048e-05,0.0,7.579544671898475e-06,2.1502813979168423e-05,7.165060651459498e-06,9.156326086667832e-06,7.255912919390539e-07,0.0,0.0005127614131197333,8.35984610603191e-05,0.0005485931178554893,0.0,1.0501567885512486e-05,0.0006936467834748328,1.6001586118363775e-06,0.0,3.0610181056545116e-06,2.804695031954907e-05,6.013104894009302e-07,0.0002778338093776256,0.0002732733846642077,0.0002553322701714933,0.000817120773717761,0.0045572672970592976,3.5248554013378453e-06,0.0,0.0003469309594947845,4.990646266378462e-05,2.389956898696255e-05,1.2836996575060766e-05,0.0,0.0,0.0,1.3878681102141854e-06,2.3152571884565987e-05,0.0002289826370542869,0.00010221532284049317,2.268995376653038e-05,0.00010227755410596728
202302,0.0004215615335851908,3.982139787694905e-06,0.0,0.000577801838517189,0.00012184102524770424,1.6113352103275247e-05,7.520005965488963e-06,0.0,8.23730806587264e-06,2.661246526258765e-06,0.0,3.505548011162318e-05,0.00024170691904146224,3.526919556406938e-07,6.947053043404594e-05,4.493718734011054e-05,1.750588126014918e-06,4.344214539742097e-05,0.0,9.212109034706373e-06,0.00034003431210294366,4.612308657669928e-06,0.0,0.0,0.0006387183675542474,0.0002871100732591003,1.6629222727715387e-06,1.797840354811342e-06,3.5945987519880873e-07,0.0,4.678925688494928e-05,7.637798944415408e-07,0.0006146027008071542,1.1188179996679537e-05,3.4455031709512696e-05,5.8680257097876165e-06,0.0,4.958487261319533e-05,0.000306322326650843,7.690719940001145e-05,7.624303179909475e-06,3.631892241173773e-06,7.279127748915926e-05,4.824263214686653e-06,2.1882888177060522e-06,0.0001618609530851245,0.00010397536971140653,7.697938599449117e-06,0.0002077165263472125,0.00036359071964398026,0.0003820841375272721,0.0016796841518953443,0.00015859937411732972,1.8774178897729144e-05,0.0,0.00011334119335515425,0.0,0.00024367586593143642,0.0,2.3233940737554803e-05,0.0,7.514208391512511e-06,0.0003587777609936893,0.00016985331603791565,0.0,0.00014497761731036007,0.00021228018158581108,0.0003442899906076491,6.470587777585024e-06,0.0004505832039285451,1.3545218280341942e-05,6.661349470959976e-05,3.482657848508097e-05,0.0,0.0,0.0,5.765885362052359e-06,7.251754141179845e-06,7.994192856131122e-06,0.0,0.0,0.0,0.00047804470523260534,6.257636414375156e-05,0.00044441525824368,1.9150218122376828e-06,2.919425787695218e-05,0.0008913564379326999,1.9943347069784068e-05,2.440875732645509e-06,1.0193185744356015e-06,9.74779231910361e-06,0.0,0.0002723531215451658,0.00031046345247887075,0.00023728812811896205,0.0008132001385092735,0.00441997405141592,1.5240915445247083e-06,2.467784270265838e-06,0.0003422946319915354,0.00012385693844407797,2.7181293262401596e-05,2.2913112843525596e-05,1.5471804317712667e-06,0.0,0.0,2.247062548121903e-05,3.0254959710873663e-05,0.0002429914311505854,0.00010223520075669512,3.0347257052198984e-05,0.00010201380791841075
202303,0.00034544672234915197,1.0140317954210332e-06,0.0,7.643656135769561e-05,0.00012104297638870776,1.5862164218560793e-05,3.2701179861760465e-06,0.0,2.6888365027843975e-06,1.3449281141220126e-05,0.0,1.054296262736898e-05,0.0002583014720585197,9.375461331728729e-07,6.67585845803842e-05,6.247597775654867e-05,9.39780511544086e-06,8.962500942288898e-06,8.223879376600962e-06,1.9756591427722014e-05,0.000365518091712147,4.471909960557241e-06,2.6436409825691953e-06,0.0,0.000656041142065078,0.0002628010115586221,3.6450130664889002e-06,1.984519713005284e-06,0.0,5.717120075132698e-07,3.564988583093509e-05,7.519738005612453e-07,0.0004496899782679975,3.9718879634165205e-06,5.712929123546928e-05,8.777084076427855e-06,0.0,6.251177546801046e-05,0.00027976284036412835,4.758862269227393e-05,3.0795938528171973e-06,2.9095724585204152e-06,4.399302270030603e-05,3.586641832953319e-05,0.0,8.77864149515517e-05,0.00010012286657001823,6.149281034595333e-06,0.00024551141541451216,0.00036929151974618435,0.0003871109220199287,0.0015669998247176409,0.00017989295884035528,2.7364487323211506e-05,0.0,0.0001560999808134511,0.0,0.00023886289272923023,0.0,2.1316860511433333e-05,0.0,2.4300761651829816e-05,0.0003415434039197862,0.00015123531920835376,0.0,0.00021073292009532452,0.00010874378494918346,0.0003368948237039149,1.8215392856291146e-06,0.0004716833063866943,1.2283012438274454e-05,4.439202166395262e-05,2.6379504561191425e-05,1.52066945702245e-06,8.219890901273175e-07,1.1893439477717038e-06,8.90446244738996e-06,1.1092527529399376e-05,1.0101797670358792e-05,1.4725876098964363e-05,1.7704116999084363e-06,0.0,0.0005385340773500502,8.701412298250943e-05,0.0003566998930182308,0.0,1.2378346582408994e-05,0.0008868666482158005,2.1361276594689116e-05,0.0,4.143501428188756e-06,4.2271647544112056e-05,0.0,0.0002942644932772964,0.0002832400787156075,0.00020662015595007688,0.0008431704482063651,0.0008665341883897781,3.016445589310024e-06,1.5433429325639736e-06,0.00025200555683113635,9.597992902854457e-05,3.94416056224145e-05,2.5182083845720626e-05,0.0,0.0,0.0,1.3733579180552624e-06,2.3584601876791567e-05,0.00021566350187640637,0.00012659704952966422,1.958998473128304e-05,0.00010212398046860471
202304,0.0003323421406093985,0.0,0.0,5.318134935805574e-05,0.00010240980191156268,8.970389899332076e-06,1.8064502000925131e-06,0.0,3.625522822403582e-06,1.5298095604521222e-05,0.0,1.2382092791085597e-05,0.0003648677666205913,5.398676989898377e-07,6.308488809736446e-05,9.684773976914585e-05,1.2626972420548555e-05,1.1354912203387357e-05,0.0,2.225173193437513e-05,0.000573677767533809,1.6057934999480494e-06,1.143272356785019e-06,1.7186668799240579e-07,0.0006947353249415755,0.00021344030392356217,6.7349569690122735e-06,2.397538310106029e-06,3.3583794447622495e-06,0.0,0.00011006052227457985,3.8225130083446857e-07,0.00033004843862727284,5.798760867037345e-06,2.518240944482386e-05,9.471360499446746e-06,6.715388281008927e-07,3.643374293460511e-05,0.00018991570686921477,6.870771176181734e-05,3.217868993488082e-07,1.7841359749581898e-06,0.0001470371789764613,2.3091628463589586e-05,0.0,9.997840970754623e-05,0.00010207390005234629,4.342591637396254e-06,0.0002826535201165825,0.0004072809824720025,0.00039495262899436057,0.0016994206234812737,7.843050843803212e-05,2.6895711926044896e-05,0.0,0.0002585070033092052,4.936397544952342e-06,0.00025194260524585843,5.307927040121285e-07,8.037702173169237e-06,0.0,1.8328657461097464e-05,0.0003079510643146932,0.0002410175948170945,1.6444748780486407e-06,0.00020652891544159502,0.0003150294069200754,0.0004975313204340637,1.0281753020535689e-05,0.0004577438230626285,0.0,2.2626398276770487e-05,0.0,3.907641257683281e-06,0.0,2.3188930242667993e-07,7.230187748064054e-06,3.0776169296586886e-05,8.468873602396343e-06,4.628080205293372e-06,1.2145102346039494e-06,0.0,0.0005527918692678213,5.939904076512903e-05,0.00039381609531119466,0.0,1.6253936337307096e-05,0.001063419273123145,3.0403840355575085e-05,0.0,5.643390522891423e-06,5.6030072300927714e-05,0.0,0.00026595115195959806,0.0004383468476589769,0.0002294361183885485,0.0008233645930886269,0.0008494461071677506,1.4043808960195747e-06,0.0,0.00038441119249910116,0.00012164653890067711,3.445746187935583e-05,2.3844697352615185e-05,0.0,0.0,0.0,0.0,7.980159352882765e-06,0.00020158584811724722,0.00010306311014574021,1.820997567847371e-05,0.00010949980060104281
202305,0.00039960461435839534,0.0,0.0,7.383713818853721e-05,3.8496593333547935e-05,3.302501681901049e-06,1.9129290649289032e-06,0.0,1.4679070545753348e-06,3.39896505465731e-05,3.996566647401778e-06,4.6943390771048144e-05,0.0005731572746299207,3.7126127949704824e-07,3.778108657570556e-05,8.327043906319886e-05,1.0168990229431074e-05,7.99454574007541e-06,0.0,5.381992014008574e-05,0.0005187537171877921,2.6899804197455524e-06,5.750231935053307e-07,0.0,0.0009438900742679834,0.0002804896212182939,5.7430397646385245e-06,0.0,0.0,0.0,8.514630462741479e-05,9.6333906185464e-07,0.0002195152046624571,4.226159944664687e-06,3.043281685677357e-05,1.2552907719509676e-05,4.196203065021109e-07,6.311653851298615e-05,0.00017425217083655298,4.783582699019462e-05,2.818933126036427e-06,4.864020866079954e-07,0.0002044067659880966,3.5847810067934915e-05,0.0,0.00010755484981928021,0.00013165740529075265,4.120421635889215e-06,0.0002539276028983295,0.0003903534379787743,0.000323411135468632,0.0018659413326531649,7.04818157828413e-05,4.192869891994633e-05,1.6397707440773956e-05,0.00035927948192693293,3.5849943742505275e-06,0.00023591237550135702,4.721662492102041e-07,8.29335294838529e-06,0.0,2.4012942958506756e-05,0.00037090241676196456,0.00023640430299565196,0.0,5.544195300899446e-05,0.00031487582600675523,0.0006324449786916375,2.6974166758009233e-06,0.0004476719768717885,1.3421505173027981e-05,1.1904845450771973e-05,2.16829648707062e-05,0.0,0.0,2.0010741081932792e-06,4.554839961201651e-06,4.20275391661562e-05,4.742939381685574e-06,0.0,0.0,3.948672747355886e-05,0.0005123067530803382,5.0620499678188935e-05,0.0004975060583092272,0.0,1.5391800843644887e-05,0.0010267322650179267,0.0,0.0,6.1286159507289995e-06,7.036307215457782e-05,0.0,0.00025540636852383614,0.0005134687526151538,0.00021701096557080746,0.0008317256579175591,0.004710833542048931,6.421361376851564e-06,0.0,0.0004042784566991031,0.00010713828669395298,2.7187397790839896e-05,1.3556131307268515e-05,0.0,0.0,0.0,1.62636333698174e-05,7.0399337346316315e-06,0.00012501125456765294,6.978491728659719e-05,3.0459734261967242e-05,0.00012676369806285948
202306,0.000476919231005013,0.0,2.067554532914073e-06,2.3207867343444377e-06,2.02456685656216e-05,5.558093221225135e-07,1.8208969549959875e-06,0.0,4.475586592889158e-06,3.2486415875609964e-05,0.0,9.454939572606236e-05,0.0004038232145830989,3.8991993278614245e-07,5.9522571973502636e-05,3.2711013773223385e-05,3.4415629670547787e-06,7.702501898165792e-05,0.0,2.5037579689524136e-05,0.0006391717470251024,3.689860022859648e-06,3.4322772535233526e-06,0.0,0.0007832371047697961,0.0002961131394840777,2.686143034225097e-06,0.0,0.0,0.0,6.466438208008185e-05,1.8401929082756396e-06,0.00043105572694912553,6.693673640256748e-06,2.4374661734327674e-05,1.710923606879078e-05,1.5337932381953578e-06,4.562424146570265e-05,0.00012587978562805802,2.3522052288171835e-05,2.951526312244823e-06,1.7974500678974437e-06,9.537034202367067e-05,1.275528939004289e-05,0.0,7.055520836729556e-05,0.00011517609527800232,7.097907655406743e-06,0.00025341304717585444,0.0003564846410881728,0.00036612400435842574,0.0005626016645692289,8.054292266024277e-05,2.5964309315895662e-05,2.7871885322383605e-05,0.0003164121008012444,1.680535751802381e-05,0.00018906896002590656,5.166853043192532e-07,3.837840722553665e-06,7.297287538676756e-07,3.400410423637368e-05,0.00027545567718334496,0.00028096555615775287,4.125676014155033e-07,0.00011138468107674271,0.0002641925239004195,0.0005838709766976535,7.24073288438376e-06,0.00040438343421556056,2.2246988464758033e-06,3.896116322721355e-05,1.3497457075573038e-05,0.0,1.2268142199900467e-06,1.265060632249515e-06,8.759472621022724e-06,2.862855399143882e-05,2.7533553748071427e-06,1.716086444503162e-06,1.480272771914315e-06,1.664762748987414e-05,0.000477250519907102,6.058728467905894e-05,0.0009848406771197915,0.0,6.262553142732941e-06,0.0012045168550685048,5.563491072280158e-07,0.0,3.3132744192698738e-06,1.2646349205169827e-05,1.3564456367021194e-06,0.0002599350409582257,0.00048112732474692166,0.00026962251286022365,0.0008132231887429953,0.0007581959944218397,1.0988791245836182e-06,2.4321691398654366e-06,0.0004794882261194289,3.934320557164028e-05,4.604435889632441e-05,1.631935447221622e-05,8.538534643776075e-07,0.0,0.0,1.675979365245439e-05,4.465499841899145e-06,0.00018260809883940965,8.027299190871418e-05,5.272419730317779e-05,0.00012232853623572737
202307,0.00048551251529715955,1.4836260788797517e-06,0.0,6.235016485334199e-07,1.0798084076668601e-05,9.778140338312369e-06,4.139988050155807e-06,0.0,5.358472208172316e-06,7.945849210955203e-05,0.0,0.00012348753807600588,0.00044538022484630346,0.0,0.00011428177094785497,3.8155183574417606e-05,6.231690804270329e-06,8.044339483603835e-05,0.0,1.952149614226073e-05,0.0008018704247660935,0.0,5.5841369430709165e-06,0.0,0.00076868268661201,0.0003658011555671692,0.0,2.756466756181908e-06,0.0,2.666281716301455e-06,1.2387041351757944e-05,1.9063140825892333e-06,0.0004403639759402722,4.08181631428306e-06,2.1981413738103583e-05,1.2084627996955533e-05,4.013220404885942e-07,5.627105929306708e-05,0.0001527080894447863,1.2130854884162545e-05,2.7023122584068915e-06,0.0,8.905266440706328e-05,3.2154286600416526e-05,0.0,0.00017821171786636114,0.0001466588582843542,1.3294501513883006e-05,0.00019346667977515608,0.0003636786714196205,0.00030508561758324504,0.0009699693182483315,9.354692156193778e-05,2.0370216589071788e-05,0.0,0.0003718855732586235,1.1914408787561115e-05,0.00016905578377190977,5.190154865886143e-07,2.8884205676149577e-06,0.0,2.5329711206723005e-05,0.0003133027639705688,0.000307250942569226,0.0,0.00010408105299575254,0.00026655217516236007,0.0004538932698778808,1.2668534509430174e-05,0.0003096469445154071,1.4107210517977364e-05,1.0584626579657197e-05,1.1422913303249516e-05,1.872472012109938e-06,4.2148548118348117e-07,0.0,8.183969839592464e-06,4.1820323531283066e-05,8.443601586805016e-07,3.0580299608118366e-06,1.3259382285468746e-06,0.0,0.00045855811913497746,6.027573181199841e-05,0.0005200554151087999,0.0,1.5131334293982945e-05,0.001090730307623744,7.055001560729579e-07,1.6068994455054053e-06,2.4029450287343934e-06,6.831223436165601e-05,5.008541847928427e-07,0.00028426205972209573,0.0005658614682033658,0.00028216527425684035,0.0008493519271723926,0.0007223546854220331,2.293584657309111e-06,0.0,0.0004745407495647669,5.623697870760225e-05,5.520032937056385e-05,2.7735741241485812e-05,1.5709377976236283e-06,0.0,0.0,2.4751336241024546e-05,1.9816692656604573e-05,0.00017831074364949018,8.066741429502144e-05,2.967630462080706e-05,0.00010137959179701284
202308,0.00040487799560651183,1.6565621763220406e-06,0.0,0.0,1.2230764696141705e-05,0.0,0.0,0.0,8.554652595194057e-06,8.345584501512349e-05,0.0,0.00011829256254713982,0.00030680448981001973,1.0706477269195602e-06,4.665341111831367e-05,4.970608642906882e-05,1.4828442544967402e-05,1.1917837582586799e-05,0.0,9.894068170979153e-06,0.000775886292103678,1.7599924831301905e-05,3.822216058324557e-06,0.0,0.0007341752061620355,0.00035006547113880515,5.563057584367925e-06,3.7143827285035513e-06,1.3689723346033134e-06,0.0,8.00889974925667e-05,1.5578218608425232e-06,0.00033704572706483305,6.965292413951829e-06,5.1631675887620077e-05,7.561986876680749e-07,0.0,3.889676372637041e-05,0.0001701884320937097,4.894672747468576e-05,5.022867526349728e-07,9.615465387469158e-06,0.0001567769213579595,6.39330494323076e-07,7.925544309728139e-07,0.00015085688210092485,0.00010484823724254966,8.407045243075117e-06,0.00031980909989215434,0.0003732893383130431,0.0003558875760063529,0.0007690316415391862,6.172424764372408e-05,2.1039693820057437e-05,0.0,0.00027605649665929377,0.0,0.000210448561119847,1.1661487633318757e-06,4.608324161381461e-06,0.0,3.3869910112116486e-05,0.0003150399716105312,0.00023578894615639,0.0,0.00011303398059681058,0.00023876984778326005,0.0005434110062196851,0.0,0.0003978940367233008,3.127946001768578e-06,1.1520213774929289e-05,0.0,0.0,0.0,2.953714101749938e-06,8.719453035155311e-06,4.625599103746936e-05,1.974184669961687e-06,0.0,1.4568449842045084e-06,0.0,0.0004336875572334975,4.618887396645732e-05,0.0006862662849016488,0.0,1.0960184226860292e-05,0.0012058181455358863,2.857119170585065e-06,0.0,1.5618790030202945e-06,6.165830563986674e-05,8.348470714736322e-07,0.0002933899231720716,0.0005889706662856042,0.00026240505394525826,0.0008809867431409657,0.0006913825636729598,2.5314081995020388e-06,2.0102552298340015e-06,0.0005124882445670664,1.93075629795203e-06,5.1550032367231324e-05,2.591598968137987e-05,3.5057360037171748e-06,0.0,0.0,3.6034107324667275e-05,2.0607874830602668e-05,0.00013394154666457325,7.110598380677402e-05,3.445611582719721e-05,0.00014973350334912539
202309,0.0004928190028294921,2.3644088287255727e-06,0.0,6.209577918525611e-07,1.080400852515595e-05,2.3604750822414644e-05,6.122065769886831e-06,0.0,1.038983009493677e-05,7.997092325240374e-05,2.063314468614408e-06,6.114877032814547e-05,0.0002900914114434272,1.5455506172656897e-06,5.110545680508949e-05,2.9593165891128592e-05,8.303163667733315e-06,9.034666436491534e-05,0.0,9.953340850188397e-06,0.00047584690037183464,1.1003711733792443e-05,5.037885784986429e-06,0.0,0.0007796008721925318,0.0003355889639351517,6.316071221590391e-07,3.7753993638034444e-06,1.1852342822749051e-06,6.164326578073087e-07,0.0002206000208389014,1.8629411897563841e-06,0.0004377209406811744,3.3373944461345673e-06,2.6702176910475828e-05,9.87070507108001e-06,4.779819278155628e-07,1.2384081855998375e-05,4.7089793952181935e-05,7.580063538625836e-05,2.921775831055129e-06,8.697150406078435e-06,0.00011594642273848876,0.0,0.0,8.475634967908263e-05,0.00015039950085338205,2.2562526282854378e-05,0.0003310814208816737,0.0003392311045899987,0.0004039673658553511,0.0007946329424157739,0.00012254776083864272,2.5891369659802876e-05,1.703330963209737e-05,0.00021841240231879056,1.1783003174059559e-05,0.00023646821500733495,0.0,1.3425103588815546e-06,1.480648847973498e-06,1.827951564337127e-05,0.00014798922347836196,0.000316192046739161,0.0,0.00023836000764276832,0.00035057103377766907,0.000675209506880492,0.0,0.00039888289757072926,0.0,2.2648400772595778e-05,1.1437708963057958e-05,2.910885996243451e-06,0.0,2.175137751692091e-06,1.8713697500061244e-05,5.7794564781943336e-05,6.5543890741537325e-06,0.0,1.2447810604498954e-06,1.4961964552639984e-05,0.00039030390325933695,6.96105053066276e-05,0.0008900602115318179,0.0,2.0292487533879466e-05,0.0011579940328374505,1.8637862012838013e-05,1.7969814507523552e-06,2.5909155283443397e-06,5.159232023288496e-05,0.0,0.000248942815233022,0.0006221902440302074,0.00013168358418624848,0.0008308545802719891,0.0006444845930673182,9.87069711300137e-07,0.0,0.00051795260515064,2.4730125005589798e-05,4.386189903016202e-05,1.7781138012651354e-05,1.8786889768307447e-06,0.0,0.0,1.0267648349326919e-06,8.707265806151554e-06,0.00017418566858395934,6.577360909432173e-05,2.9382988941506483e-05,0.00017151659994851798
202310,0.000348743109498173,0.0,0.0,4.640621227736119e-06,1.3333858078112826e-05,1.891124884423334e-05,0.0,0.0,1.3005277651245706e-05,0.00017481960821896791,0.0,0.00012783553393092006,0.0004838978056795895,1.8165097799283103e-06,8.251676626969129e-05,2.487451274646446e-05,3.072157778660767e-05,3.9312330045504496e-05,0.0,2.45385235757567e-05,0.0006646350957453251,1.1815683137683664e-05,2.8013296287099365e-06,0.0,0.0008249414968304336,0.00033474373049102724,0.0,6.8242993620515335e-06,0.0,0.0,0.00019148251158185303,1.505358795839129e-06,0.000387145351851359,4.624121629603906e-06,1.393617185385665e-05,9.554491953167599e-06,8.360797778550477e-07,1.3753273378824815e-05,0.0001363622723147273,9.674546163296327e-05,2.950052930827951e-06,3.4006241094175493e-06,0.00012514868285506964,2.2188858110894216e-06,0.0,0.0001353137631667778,5.187550777918659e-05,1.1029534334738855e-06,0.00032038355129770935,0.0003734073252417147,0.0003118149470537901,0.0023727556690573692,7.885718514444306e-05,3.0187491574906744e-05,0.0,0.00031585677061229944,1.3262493666843511e-05,0.00022767586051486433,0.0,1.4147966567179537e-06,5.214747034187894e-07,2.6214938770863228e-05,0.00024221399507950991,0.0003845491446554661,3.6018099081047694e-07,0.0002780997892841697,0.00029194701346568763,0.0006419690907932818,1.1022744729416445e-05,0.00034755311207845807,0.0,5.8492430980550125e-05,1.3622633559862152e-05,8.039100066525862e-06,7.489484801226354e-07,2.1453465706144925e-06,2.7016274543711916e-05,1.88325357157737e-05,5.669441634381656e-06,0.0,0.0,4.400015313876793e-05,0.00043097545858472586,9.034687536768615e-05,0.0002906818699557334,0.0,1.6844614947331138e-05,0.0010037776082754135,1.4779190678382292e-05,0.0,1.3928450925959623e-06,9.494269761489704e-05,1.4351636536957812e-06,0.0002470453327987343,0.000588210707064718,0.00024688596022315323,0.0008994153467938304,0.0005660182796418667,7.948687198222615e-06,0.0,0.0005855498020537198,5.341754513210617e-05,5.322910874383524e-05,7.752332021482289e-05,3.7900435927440412e-06,0.0,0.0,1.953655782926944e-06,1.2482522834034171e-05,0.0001949849392985925,8.940724364947528e-05,3.2368356187362224e-05,0.00018473794625606388
202311,0.00020407221745699644,3.789607490034541e-06,0.0,2.0019921066705137e-05,2.1771051251562312e-05,1.1924284990527667e-05,8.177295057976153e-06,1.0728781489888206e-06,1.2071967830706853e-05,0.00024011101049836725,0.0,8.14683226053603e-05,0.0005264468491077423,2.0713493995572207e-06,0.0001233699731528759,3.927596117137e-05,4.182309203315526e-05,2.4962570023490116e-05,5.648437877425749e-07,1.581992910359986e-05,0.0006233002059161663,3.735430482265656e-06,4.2661185943870805e-06,0.0,0.000977753777988255,0.00038194190710783005,2.851565739092621e-07,6.301778284978354e-06,1.1623042155406438e-05,0.0,0.00029568385798484087,1.5073349004524061e-06,0.0003577929164748639,3.0925039027351886e-06,1.1507088856888004e-05,2.7010730264009908e-05,0.0,7.05390702933073e-05,6.891845259815454e-05,5.587779014604166e-05,3.234561290810234e-06,9.610348570276983e-07,7.20787575119175e-05,0.0,0.0,0.000184206452104263,0.00010531816224101931,6.363867214531638e-06,0.00023322513152379543,0.0003070465463679284,0.00023908923321869224,0.002037451369687915,9.36337310122326e-05,1.912743755383417e-05,0.0,0.0004090275033377111,0.0,0.00023628133931197226,0.0,3.6194232961861417e-06,4.873551233686158e-07,2.723286706896033e-05,0.0002660107857082039,0.00035994453355669975,0.0,0.00025727847241796553,0.0004311453958507627,0.00046360582928173244,0.0,0.0003175846941303462,2.470299841661472e-05,3.991588528151624e-05,2.057033043456613e-06,8.812923510959081e-07,0.0,6.880483397253556e-06,3.870180808007717e-05,6.261927865125472e-06,9.472492820350453e-06,2.1379246391006745e-06,0.0,1.498621168138925e-05,0.0004416652664076537,7.565700070699677e-05,0.00021428173931781203,0.0,8.967450412455946e-06,0.0011619667056947947,1.2401145795593038e-05,0.0,0.0,9.753783524502069e-05,9.085979399969801e-07,0.00026503531262278557,0.0006116080330684781,0.0002534853119868785,0.0008560195565223694,0.0006106643122620881,1.8826285668183118e-06,0.0,0.0007463033543899655,0.00012818780669476837,5.631462772726081e-05,0.00014689360978081822,3.362729330547154e-06,0.0,0.0,4.838673817175732e-07,2.940914419014007e-05,0.0002080273552564904,9.07100984477438e-05,4.149751111981459e-05,0.00017852209566626698
202312,0.00020790188864339143,0.0,1.387541601616249e-06,3.986132014688337e-06,1.0890594239754137e-05,2.813168612192385e-05,3.9111155274440534e-06,1.2081879958714126e-06,5.01683325637714e-06,8.342209184775129e-05,0.0,9.943883924279362e-05,0.00047370127867907286,6.627905690947955e-07,0.00010564979311311617,5.779646016890183e-05,7.406939403153956e-05,2.25778239837382e-05,0.0,4.1644070734037086e-05,0.0005922322743572295,1.7771187685866607e-06,4.1998905544460285e-06,0.0,0.0008899974636733532,0.00036720343632623553,2.7337515007275215e-07,2.3519373826275114e-06,8.42533324885153e-07,0.0,0.00038722180761396885,1.2523014447651803e-06,0.00026564174913801253,2.890762061724672e-06,2.0450635929591954e-05,5.031050932302605e-06,6.351779120450374e-07,9.540543396724388e-05,7.503575761802495e-05,0.00017308827955275774,2.3331215288635576e-06,2.758108394118608e-06,1.8213593648397364e-05,1.502461964264512e-05,0.0,0.00013099395437166095,0.00013156916247680783,3.683933073261869e-06,0.0004067262343596667,0.00032035779440775514,0.0003302833065390587,0.0012756690848618746,0.00011413882748456672,2.326182948308997e-05,0.0,0.00040147051913663745,1.1945268852286972e-05,0.00024487831979058683,1.0508728109925869e-06,4.3230551227679825e-07,5.983665118947101e-07,4.0821916627464816e-05,0.00016725875320844352,0.00035308775841258466,0.0,0.0003246850101277232,0.0004923837841488421,0.0005137739353813231,8.301470188598614e-06,0.00033904684823937714,0.0,6.362777639878914e-05,1.1764661394408904e-05,2.405218310741475e-06,0.0,0.0,2.7459391276352108e-05,6.101945473346859e-05,3.3159122381221096e-07,0.0,1.652662376727676e-06,1.764199805620592e-05,0.0003638287598732859,6.66090490994975e-05,0.0004111159942112863,0.0,1.8170694602304138e-05,0.0011619331780821085,2.8477557862061076e-05,5.0374151214782614e-06,0.0,7.820520841050893e-05,1.0801633152368595e-06,0.0002898466191254556,0.0006148034008219838,0.0002729242842178792,0.0007892671274021268,0.0006271416787058115,3.4974627851624973e-06,2.4029752694332274e-06,0.0007816523429937661,0.00011647036444628611,4.497820191318169e-05,8.550753409508616e-05,1.8765280174193322e-06,0.0,7.275097004821873e-07,5.656544317389489e-07,1.7856342310551554e-05,0.00018727703718468547,0.00010402045154478401,3.158966501359828e-05,0.00020682743343058974
202401,0.0005114793893881142,0.0,6.7441787905409e-06,0.0005302346544340253,0.0,0.0,1.2191334462841041e-05,0.0,8.059935498749837e-05,0.00037513638380914927,0.0,5.9555848565651104e-05,0.0005468332092277706,0.0,0.00014973949873819947,8.163120946846902e-05,7.723005546722561e-05,3.753479177248664e-05,0.0,0.0,0.000676800322253257,1.612961023056414e-05,0.0,0.0,0.0005530882044695318,0.00042257539462298155,0.0,3.5824683436658233e-05,1.768440938576532e-06,3.3570590858289506e-06,7.530592120019719e-05,0.0,0.000519473513122648,1.6828878870001063e-05,0.00015526407514698803,2.1217294488451444e-05,2.223654746558168e-06,6.641507206950337e-05,0.00023086041619535536,0.0,1.5905476175248623e-05,0.0,0.0003837966069113463,0.0,0.0,0.0003453832759987563,0.00014933659986127168,6.399750873242738e-06,0.0005231211544014513,0.0003607815597206354,0.00024525244953110814,0.0015345944557338953,0.00021153631678316742,9.228547241946217e-06,0.0,0.000246866955421865,0.0,0.00019954358867835253,0.0,6.331767963274615e-06,0.0,0.00010753888636827469,0.00029154258663766086,0.0004053806478623301,0.0,0.00017078233940992504,0.0003841225989162922,0.0005234353593550622,0.0,0.0001752368698362261,0.0,0.0,8.388497917621862e-06,0.0,0.0,0.0,3.678184293676168e-05,8.941458509070799e-05,3.581407872843556e-05,0.0,0.0,4.045723471790552e-06,0.0006713067996315658,5.422456524684094e-05,0.0005480425315909088,0.0,6.059991937945597e-05,0.0015048247296363115,2.893316604968277e-06,5.981522008369211e-06,0.0,6.034542457200587e-05,0.0,0.0003430123906582594,0.0007560495869256556,0.00017445320554543287,0.0010225694859400392,0.000977427582256496,2.8105007004342042e-05,2.233320083178114e-05,0.0006913213874213398,0.0002858927473425865,6.471401866292581e-05,1.9180853996658698e-05,5.704956492991187e-06,0.0,1.0473531801835634e-05,0.0,9.198262705467641e-05,0.000262692803516984,0.00012755651550833136,6.194680463522673e-05,0.0002120599092449993
202402,0.0004765406483784318,0.0,0.0,4.481398354982957e-05,5.2668710850412026e-05,0.0,0.0,0.0,5.487581074703485e-05,0.00025627409922890365,0.0,0.0002011404576478526,0.00045615999260917306,4.7277198973461054e-06,9.827063331613317e-05,5.462039916892536e-05,9.492981916991994e-05,0.0,0.0,2.4206810849136673e-05,0.0006244563264772296,2.705420683923876e-06,1.149672971223481e-05,0.0,0.0005946134333498776,0.00026366824749857187,1.282137532143679e-06,0.0,1.8935519619844854e-05,0.0,0.00018294298206456006,0.0,0.00024514319375157356,0.0,0.00014794593153055757,5.740620326832868e-05,4.650591563404305e-06,1.854845140769612e-05,0.00019576289923861623,6.624653906328604e-05,0.0,8.755025919526815e-05,0.0002911206684075296,8.233228982135188e-06,0.0,0.000340432656230405,0.00010301978909410536,0.0,0.0003897722635883838,0.00043653222382999957,0.0002336855832254514,0.0019671255722641945,0.00020293070701882243,4.9242331442655995e-05,0.0,0.0002278388274135068,0.0,0.00021914047829341143,0.0,0.0,0.0,0.00012134928692830727,0.0003456310660112649,0.0003939458401873708,0.0,0.000146939666592516,0.00033978678402490914,0.0007010805420577526,0.0,0.000129740743432194,5.277439777273685e-05,0.0,0.0,1.0282029734298703e-06,0.0,0.0,2.509965815988835e-05,9.062936442205682e-05,1.5173362044151872e-05,2.46281683757843e-06,5.266996595310047e-06,6.507841317215934e-05,0.0006663174135610461,0.00010528673738008365,0.0005718308966606855,1.0464343176863622e-05,8.31452853162773e-05,0.001415772596374154,0.0,8.66478785610525e-06,0.0,0.00013255796511657536,5.367427093005972e-06,0.0004715055110864341,0.000643651932477951,0.0003060396993532777,0.0010222200071439147,0.0008015439962036908,2.0034125554957427e-05,0.0,0.00077585264807567,0.0001937312335940078,6.98310905136168e-05,3.945361459045671e-05,0.0,0.0,0.0,2.8649187697737943e-06,3.5042419767705724e-05,0.00025110275601036847,0.00012854262604378164,0.00010202811972703785,0.00020051725732628256
202403,0.000387735606636852,3.275560629845131e-06,0.0,0.00034419517032802105,5.5167125537991524e-05,2.8386772100930102e-05,0.0,0.0,3.438125713728368e-05,0.0003792821953538805,1.9444458303041756e-05,5.7878074585460126e-05,0.0006570569821633399,7.552657280029962e-06,8.276247535832226e-05,5.519076876225881e-05,0.00010881123307626694,3.516344804666005e-05,4.5339773350860924e-05,0.00010566025594016537,0.00050834019202739,9.821415915212128e-06,0.0,0.0,0.0005994174862280488,0.000386392290238291,0.0,1.1639286640274804e-05,0.0,0.0,0.00011464324779808521,3.4522659007052425e-06,0.00017253625264856964,3.7353482184698805e-05,6.585150549653918e-05,0.0,1.8793804201777675e-06,4.754511610371992e-05,0.00019132168381474912,0.00019745943427551538,1.4676174941996578e-05,8.022441033972427e-05,0.00034884773776866496,1.058981433743611e-05,0.0,0.0005419600056484342,0.00013222476991359144,0.0,0.00045369629515334964,0.00043196851038374007,0.0003451081574894488,0.0016233919886872172,0.00016060614143498242,1.103351496567484e-05,0.0,0.000295065576210618,0.0,0.0002360193175263703,0.0,0.0,4.76775585411815e-06,0.00010096117330249399,0.00020580185810104012,0.0007393397390842438,0.0,0.0002045279834419489,0.0003995889564976096,0.0006220628274604678,0.0,0.0002663173945620656,0.00017857075727079064,1.0643532732501626e-05,4.6078839659458026e-05,1.7085903891711496e-05,0.0,0.0,6.383050640579313e-05,6.041943834134145e-06,2.0711060642497614e-05,0.0,0.0,0.0,0.0006952343392185867,0.00013435578148346394,0.0005694588762708008,0.0,6.758810923201963e-05,0.0008971551433205605,0.0001019670016830787,4.164354777458357e-06,1.7492842516730889e-06,0.00014235339767765254,3.0288223570096307e-05,0.0003976976440753788,0.0007302657468244433,0.00015271067968569696,0.0009802907006815076,0.000831211858894676,2.4498749553458765e-05,0.0,0.0007229837356135249,0.00019443836936261505,4.9654852773528546e-05,6.566144293174148e-05,0.0,0.0,0.0,3.0201772460713983e-06,5.470271935337223e-05,0.00022496272868011147,0.00018630597332958132,5.4057851230027154e-05,0.0001487462141085416
202404,0.00026255406555719674,0.0,0.0,0.0002563409798312932,0.0,0.0001259379059774801,2.0047304133186117e-05,0.0,6.820841372245923e-05,0.00035452135489322245,1.9165754565619864e-06,0.00013224764552433044,0.000583237677346915,2.2141400677355705e-06,6.220112118171528e-05,5.227319707046263e-05,0.00015785446157678962,0.0,0.0,0.00010266101162414998,0.0002968733315356076,8.897499355953187e-06,9.238004167855252e-06,0.0,0.0006976909935474396,0.0005136330146342516,0.0,3.66853601008188e-05,0.0,0.0,8.98519137990661e-05,3.984442082582973e-05,0.00020388796110637486,9.65841445577098e-06,9.178478649118915e-05,2.09489262488205e-05,0.0,0.000251843681326136,0.00024287245469167829,0.0001878817711258307,0.0,1.5668845662730746e-05,0.00017313999705947936,6.537816079799086e-05,0.0,0.00045129269710741937,0.00017210662190336734,7.779991392453667e-06,0.00048673804849386215,0.0003024365578312427,0.0003245605912525207,0.0018951855599880219,0.00011167303455295041,5.186339694773778e-05,0.0,0.0002515017695259303,0.0,0.00018871876818593591,0.0,1.5237246770993806e-05,0.0,0.00010079430649057031,0.0,0.0005808761925436556,0.0,0.00019975366012658924,0.00022753943630959839,0.0005374603788368404,0.0,0.00011822822852991521,7.808831287547946e-05,0.0,0.0,0.0,0.0,7.292869850061834e-05,4.9572106945561245e-05,1.1171131518494803e-05,1.286990209337091e-05,0.0,0.0,0.0,0.0007247474859468639,9.687685815151781e-05,0.0005595466354861856,0.0,1.8280976291862316e-05,0.0010470328852534294,6.33016461506486e-05,1.1871241440530866e-05,2.6699693989939988e-05,0.00012727540160994977,6.233296517166309e-06,0.0003783375723287463,0.0008659459417685866,0.0003328185121063143,0.0008683700580149889,0.0006417360855266452,1.729307768982835e-05,0.0,0.0007690988131798804,0.00029709606315009296,9.680917719379067e-05,8.038819214561954e-05,0.0,0.0,0.0,7.178141913755098e-06,4.966248889104463e-05,0.0002404689003014937,0.00019211565086152405,6.415750249288976e-05,0.00019414785492699593
202405,0.00023543760471511632,0.0,7.680813723709434e-06,0.00011689124949043617,0.0,0.0,0.0,0.0,8.698743476998061e-05,0.00022366059420164675,0.0,0.000126313156215474,0.0006311454926617444,1.0753080459835473e-05,0.00010605772695271298,2.4231028874055482e-05,0.00014066397852730006,3.096307773375884e-05,0.0,3.967447264585644e-05,0.0002871770993806422,0.0,0.0,0.0,0.000854901853017509,0.00039179224404506385,0.0,0.0,0.0,5.9189856074226554e-06,5.0016074965242296e-05,3.2596340133750346e-06,0.00024450375349260867,1.646258715481963e-05,0.00016029909602366388,2.537437467253767e-05,0.0,0.00022522450308315456,0.00017223460599780083,0.000203931427677162,4.600424745149212e-06,3.90283930755686e-05,0.0003119601169601083,0.0,0.0,0.0002997017581947148,0.00037951453123241663,8.889138553058729e-05,0.00048228472587652504,0.0003815399541053921,0.0005111402715556324,0.0021239169873297215,8.471016917610541e-05,2.418975236651022e-05,0.0,0.00017013694741763175,8.036817234824412e-06,0.00022833430557511747,0.0,0.0,0.0,8.616691775387153e-05,7.230610208353028e-05,0.0005978323169983923,0.0,0.00010816589201567695,0.00015548960072919726,0.0007199637475423515,3.676489359349944e-05,0.0001442955108359456,0.0001300864532822743,2.5321724024252035e-06,8.876449282979593e-05,0.0,0.0,1.8244264765598928e-06,5.4133015510160476e-05,0.00012254483590368181,3.1711068004369736e-05,0.0,6.590973043785198e-06,0.0,0.0005596830160357058,0.00010150283196708187,0.0008033524500206113,0.0,2.5529263439239003e-05,0.0009228914277628064,0.0,1.9612971300375648e-05,0.0,0.00012433010851964355,0.0,0.00037915186840109527,0.0008266794611699879,0.0001859225594671443,0.0009705995908007026,0.0008053898927755654,2.991316796396859e-05,0.0,0.0007245753658935428,0.0001509615103714168,7.844459469197318e-05,6.864416354801506e-05,0.0,0.0,0.0,0.0,0.00016474774747621268,0.00025642948457971215,0.00017521955305710435,7.119897054508328e-05,0.00024680959177203476
202406,0.00025601263041608036,0.0,0.0,8.736790914554149e-05,5.1962830184493214e-05,6.319364729279187e-06,8.446504580206238e-06,0.0,4.7158508095890284e-05,0.0005018542287871242,0.0,0.0001351133396383375,0.0005930252373218536,0.0,8.965635788626969e-05,5.8985900977859274e-05,0.00014946369628887624,4.152146357228048e-05,0.0,0.00011755175364669412,0.001707409042865038,5.407927801570622e-06,1.0885581104957964e-05,0.0,0.0008290769765153527,0.0004723838937934488,0.0,1.6703228538972326e-05,2.4795888748485595e-05,0.0,3.9975759136723354e-05,0.0,0.0004644540895242244,8.069261639320757e-06,6.543083145515993e-05,2.4361035684705712e-05,0.0,4.909130075247958e-05,0.00017622219456825405,7.701849972363561e-05,0.0,5.441805114969611e-05,0.00037101373891346157,2.162754526580102e-06,0.0,0.0003480874001979828,0.00023561186389997602,8.094744771369733e-06,0.0005033683264628053,0.00039341195952147245,0.0003610718413256109,0.0043142554350197315,0.0001690643111942336,4.9480015150038525e-05,2.593162025732454e-05,0.00016043522919062525,0.0,0.0002039376850007102,2.397028083578334e-06,0.0,0.0,4.812657061847858e-05,0.00010478329204488546,0.0007922781514935195,0.0,8.135836833389476e-05,0.00032497572829015553,0.0006230479921214283,0.0,0.00012606554082594812,7.496526086470112e-05,4.918171543977223e-05,7.968223144416697e-06,6.615271558985114e-06,0.0,0.0001490390714025125,6.78248397889547e-05,7.0552418947045226e-06,4.036332029500045e-05,0.0,0.0,0.0,0.0006245251861400902,0.0001201695267809555,0.0005189320654608309,0.0,3.235163239878602e-05,0.0008454686612822115,0.00016764226893428713,0.0,6.766078968212241e-06,0.0001678820262895897,5.86508303968003e-06,0.0003853764501400292,0.0007951594889163971,0.00017097762611228973,0.0009909289656206965,0.0007440266199409962,1.6637228327454068e-05,0.0,0.0007555603515356779,0.00022930635896045715,5.227838482824154e-05,3.60994745278731e-05,0.0,0.0,0.0,3.632110747275874e-06,8.426685963058844e-05,0.0002911217452492565,0.0001300476724281907,7.883143553044647e-05,0.0003239307552576065
202407,0.0002501759154256433,4.250572601449676e-05,0.0,0.00019632668409030885,0.0,4.2504478187765926e-05,8.207227438106202e-06,0.0,0.00010563131945673376,0.0006999482284300029,7.802801519574132e-06,0.0,0.0005973222432658076,6.9715110839752015e-06,8.19151391624473e-05,3.631333675002679e-05,0.00010392076364951208,3.727419607457705e-05,0.0,0.00018751529569271952,0.0003508908557705581,0.0,0.0,0.0,0.0008285875082947314,0.0003871448279824108,0.0,1.4291988918557763e-05,0.0,0.0,0.00011839625221909955,0.0,0.00015150844410527498,0.0,0.00010726472100941464,3.990607183368411e-06,0.0,7.974250183906406e-05,0.00019257863459642977,5.289843466016464e-05,1.945596704899799e-05,2.834088991221506e-05,0.00020613273954950273,8.88128579390468e-06,0.0,0.0003406850737519562,0.00021252551232464612,0.0,0.0006212847656570375,0.0003878785646520555,0.00029690892552025616,0.0014941637637093663,0.0001472953154006973,8.324343070853502e-06,0.0,0.0002331235446035862,0.0,0.00021201730123721063,0.0,0.0,5.329357918526512e-06,5.019779200665653e-05,0.0001513385504949838,0.00036505688331089914,5.806590252177557e-06,9.955484711099416e-05,0.00046180965728126466,0.0003293934860266745,0.0,7.265169551828876e-05,7.43352429708466e-05,0.0,4.520709262578748e-05,0.0,0.0,7.957840716699138e-05,7.336027192650363e-05,1.2755543139064685e-05,3.0086284823482856e-05,0.0,1.204461386805633e-05,0.0,0.0005562216974794865,0.000140758027555421,0.0006748453597538173,0.0,1.0955428479064722e-05,0.0014787822728976607,7.229986658785492e-05,5.2037398745596875e-06,7.71951636124868e-06,0.0,0.0,0.0004217100504320115,0.0008320834022015333,0.00021276167535688728,0.0009931279346346855,0.0007060040370561182,1.065679589373758e-05,0.0,0.0006735018687322736,0.00027980838785879314,6.293892511166632e-05,7.745895709376782e-05,6.673076768493047e-06,0.0,1.3041733836871572e-05,4.4375265133567154e-06,0.00010508221748750657,0.0004025484377052635,0.00021196846500970423,7.742860907455906e-05,0.0002650231763254851
202408,0.0002580896543804556,1.6133903045556508e-05,0.0,0.00016951275756582618,0.0,3.2448100682813674e-05,5.8385903685120866e-06,4.898940460407175e-06,0.00012383921421132982,0.0005727721727453172,0.0,0.0001378647139063105,0.0007159269298426807,0.0,0.00013920999481342733,0.00010689729970181361,0.00012877859990112484,3.6791552702197805e-05,0.0,3.728828960447572e-05,0.0003064582124352455,0.0,0.0,0.0,0.0008159922435879707,0.0003323255805298686,5.888980922463816e-06,2.3556976884719916e-05,1.7903413436215487e-06,0.0,0.00012044067261740565,0.0,0.000224947405513376,8.876409992808476e-06,3.5539549571694806e-05,0.0,0.0,0.0,0.00014733908756170422,0.00014611829828936607,0.0,6.273527105804533e-05,0.00012926739873364568,5.980507921776734e-05,0.0,0.00020296750881243497,0.00012182010686956346,5.8488541981205344e-05,0.0004967778222635388,0.0003725149144884199,0.0003772406780626625,0.0019491841085255146,0.00012213594163767993,0.0,0.0,0.00025025723152793944,0.0,0.0001463856897316873,0.0,0.0,8.333284313266631e-06,5.732865247409791e-05,1.6347106793546118e-05,0.0007915172027423978,0.0,4.7926558181643486e-05,0.0004477853362914175,0.0004571243771351874,0.0,0.00018314068438485265,0.0,6.594198566745035e-06,8.275493200926576e-06,0.0,0.0,0.00013435732398647815,7.776728307362646e-05,0.0001819914614316076,1.8010357962339185e-05,0.0,1.1893192095158156e-05,0.0,0.0004896394675597548,0.0001323473989032209,0.000494312378577888,0.0,4.680061829276383e-05,0.0012358995154500008,0.00012075230915797874,0.0,0.0,5.589835927821696e-05,0.0,0.00034636029158718884,0.0007880167104303837,0.00020211700757499784,0.0008922513225115836,0.0007149048033170402,2.1735280824941583e-05,0.0,0.000841249362565577,0.00038577831583097577,6.37438497506082e-05,5.070474071544595e-05,1.0693403055483941e-05,0.0,3.979426764999516e-06,0.0,0.0001334248372586444,0.0003633335290942341,0.00021241710055619478,8.571412763558328e-05,0.00028528302209451795
202409,0.00034096313174813986,0.0,0.0,0.0008022362599149346,0.0,2.2127447664388455e-05,8.970690032583661e-06,0.0,0.00011155564425280318,0.00037434574915096164,0.0,5.44226604688447e-05,0.0006794621585868299,5.362668161978945e-06,7.594895578222349e-05,7.377026486210525e-05,8.855821215547621e-05,3.3623997296672314e-05,0.0,4.559053195407614e-05,0.00023444030375685543,9.451503501622938e-06,0.0,0.0,0.0006064091576263309,0.00033956512925215065,0.0,2.7411333576310426e-05,0.0,7.833876225049607e-06,1.4357314285007305e-05,0.0,0.0006165248923934996,0.0,5.534970114240423e-05,0.0,0.0,0.00016928401601035148,0.00011829430150100961,0.0001279529824387282,0.0,4.416329466039315e-05,0.00015135797730181366,0.0,0.0,0.0002498296380508691,0.00016230327310040593,8.008805707504507e-06,0.0004783914773724973,0.00035169400507584214,0.000382198573788628,0.006229865364730358,0.00015599036123603582,1.4794008166063577e-05,6.199410563567653e-05,0.00016563847020734102,0.0,0.00019287678878754377,0.0,0.0,0.0,2.8333530281088315e-05,8.23028531158343e-05,0.000813000719062984,0.0,0.00013752124505117536,0.0005111420759931207,0.00048100322601385415,4.5902303099865094e-05,0.00019320423598401248,0.0,0.0,0.0,0.0,4.6727705012017395e-06,6.485832273028791e-05,5.486779991770163e-05,1.7276246353503666e-06,0.0,0.0,0.0,0.0,0.0005104367155581713,6.78891665302217e-05,0.0007841119659133255,4.509396603680216e-06,6.836205284344032e-05,0.0012622135691344738,0.0001499191566836089,0.0,0.0,7.414881838485599e-05,0.0,0.0003301067335996777,0.0008034594357013702,0.0002904247085098177,0.0007122284732758999,0.0009096870198845863,9.826687346503604e-06,6.759278676327085e-06,0.0007689573103561997,0.00025009523960761726,5.4744068620493636e-05,5.9193022025283426e-05,9.037199561134912e-06,0.0,0.0,0.0,0.00017860702064353973,0.00039648573147132993,0.00017873845354188234,7.089649443514645e-05,0.00032489447039552033
202410,0.0005367925623431802,2.02418723347364e-05,0.0,0.00029450914007611573,0.0,0.0,0.0,0.0,9.259224316338077e-05,8.740408520679921e-05,0.0,0.00011669538071146235,0.0009182125795632601,7.135402029234683e-06,6.424954335670918e-05,8.140242425724864e-05,0.00019102315127383918,0.00019529472046997398,0.0,4.57056266895961e-05,0.00027556566055864096,0.0,0.0,0.0,0.0007061928045004606,0.0003624685341492295,8.034110578591935e-06,1.8389466276858002e-05,2.9227194318082184e-05,0.0,2.7352414690540172e-05,0.0,0.0006979307509027421,0.0,3.7983234506100416e-05,9.171162673737854e-06,0.0,0.00021379553072620183,0.00012499101285357028,0.00019857639563269913,0.0,7.15548885636963e-05,4.13721936638467e-05,0.0,0.0,0.0002108350017806515,0.00015836910461075604,8.624338079243898e-06,0.0005488492315635085,0.0003940151655115187,0.0005109888734295964,0.0024655878078192472,0.0001726124028209597,5.490231342264451e-05,1.0541868505242746e-05,0.00019863493798766285,0.0,0.0001603173732291907,0.0,0.0,0.0,1.3041263628110755e-05,1.1555997843970545e-05,0.0006737462244927883,6.324146397673758e-06,0.00017339737678412348,0.0005279497127048671,0.00042992044473066926,0.0,0.00020485324785113335,0.0,0.0,0.0,0.0,0.0,2.1672810817108257e-06,4.701998477685265e-05,6.0969455262238625e-06,1.6783376850071363e-05,0.0,0.0,0.0,0.000532632926478982,0.0001590999454492703,0.0005467290757223964,0.0,4.754166366183199e-05,0.001609209692105651,6.981296610319987e-05,5.6946437325677834e-06,2.6241211799060693e-06,8.874117338564247e-05,0.0,0.00028844201005995274,0.0006709081353619695,0.0002885291469283402,0.0007336002308875322,0.0006345252622850239,1.0774489055620506e-05,1.1522788554430008e-05,0.0006760974647477269,0.00042017275700345635,2.534281520638615e-05,9.241323277819902e-05,0.0,0.0,0.0,1.0868247045436874e-05,5.832585884490982e-05,0.00030884722946211696,0.00019502539362292737,0.00011642260506050661,0.0003168484545312822
202411,0.00034415588015690446,2.453215347486548e-05,0.0,0.0007240763516165316,4.6971959818620235e-05,9.061028322321363e-06,1.2941151908307802e-05,3.962970822612988e-06,0.00015315234486479312,0.0004191651241853833,0.0,0.00012727857392746955,0.0007448086980730295,6.214836048457073e-06,7.98341425252147e-05,8.712764247320592e-05,0.00019073464500252157,2.0996048988308758e-05,0.0,0.0001222295977640897,0.0001837029994931072,0.0,0.0,0.0,0.0006011603400111198,0.0003087200748268515,2.4650460090924753e-06,9.131622391578276e-06,1.0024942639574874e-05,0.0,6.934336124686524e-05,3.323393684695475e-05,0.00032560917316004634,0.0,2.965864769066684e-05,2.930738219220075e-06,0.0,6.143007340142503e-05,0.00016634406347293407,0.00022555082978215069,0.0,0.00016387039795517921,0.0003015155962202698,7.280329009518027e-05,0.0,0.00030860077822580934,6.656291225226596e-05,2.457196023897268e-05,0.00048796358169056475,0.0003757491649594158,0.0004032911383546889,0.00238451873883605,0.00013135580229572952,3.8296475395327434e-05,0.0,0.00012482771126087755,0.0,0.00011601829464780167,0.0,0.0,3.115777417406207e-06,4.5434600906446576e-05,6.411672075046226e-05,0.0006347820162773132,0.0,9.004653111333027e-05,0.00044419136247597635,0.0003526626678649336,3.917487629223615e-05,0.00013461397611536086,1.2120652172598056e-05,0.0,0.0,0.0,0.0,0.000107662366644945,5.339260314940475e-05,2.4917879272834398e-05,0.0,0.0,0.0,0.0,0.0004816287837456912,6.26751862000674e-05,0.0005041444674134254,0.0,4.404259379953146e-05,0.0016465185908600688,8.030892058741301e-05,0.0,9.523666449240409e-06,8.160641300491989e-06,0.0,0.0003764946886803955,0.0007264078012667596,0.00014099145482759923,0.0007528236019425094,0.0005603600875474513,1.4581171853933483e-05,0.0,0.0006055149133317173,0.0004265883762855083,3.474459663266316e-05,4.326029375079088e-05,0.0,0.0,0.0,0.0,7.442390779033303e-05,0.00038425784441642463,0.0002479714166838676,0.00013040560588706285,0.0002654037671163678
