yyyymm,CompositeDebtIssuance,grcapx3y,ResidualMomentum,MomOffSeason06YrPlus,DelLTI,IntanBM,CompEquIss,MomSeason11YrPlus,BM,DelNetFin,Size,NetPayoutYield,MeanRankRevGrowth,DolVol,VolSD,EP,Leverage,BPEBM,Tax,STreversal,Accruals,PctAcc,ChAssetTurnover,ChInv,DelEqu,Price,OPLeverage,BetaLiquidityPS,EBM,AbnormalAccruals,zerotrade12M,BMdec,ChEQ,PctTotAcc,Illiquidity,PriceDelayRsq,grcapx,dNoa,AnalystRevision,AssetGrowth,EarningsSurprise,BidAskSpread,Mom12mOffSeason,CashProd,RD,IdioVol3F,ChNWC,RealizedVol,CF,zerotrade1M,LRreversal,NOA,zerotrade6M,Mom6m,BookLeverage,ReturnSkew,HerfBE,AM,IndRetBig,cfp,Mom12m,hire,RoE,InvGrowth,NetEquityFinance,IntanSP,MomSeason06YrPlus,IdioVolAHT,NetDebtPrice,std_turn,Investment,MomOffSeason,Cash,CBOperProf,ShareIss5Y,DelFINL,ShareIss1Y,InvestPPEInv,XFIN,ChTax,CoskewACX,MaxRet,GP,betaVIX,Beta,MomSeasonShort,RDS,IntMom,DelCOA,NetDebtFinance,EarningsStreak,ChInvIA,roaq,ChNNCOA,ReturnSkew3F,AnnouncementReturn,ExclExp,Herf,BetaTailRisk,IntanEP,IndMom,TrendFactor,TotalAccruals,MomSeason,EntMult,EarnSupBig,EquityDuration,RevenueSurprise,DelCOL,IntanCFP,REV6,ForecastDispersion,FEPS
200001,0.035545360296964645,0.033885858952999115,0.022699063643813133,0.021012429147958755,0.01994180493056774,0.019363554194569588,0.018371565267443657,0.018180714920163155,0.018032561987638474,0.01706371083855629,0.01661464385688305,0.016150444746017456,0.01468097884207964,0.014204594306647778,0.014151880517601967,0.01343530509620905,0.013366148807108402,0.013176373206079006,0.012737478129565716,0.012668740935623646,0.012572229839861393,0.012262959033250809,0.012245029211044312,0.012098384089767933,0.012074065394699574,0.011947216466069221,0.011696986854076385,0.01165094692260027,0.011646808125078678,0.011364856734871864,0.010899793356657028,0.010808096267282963,0.010674004442989826,0.010639472864568233,0.010572719387710094,0.010184148326516151,0.010105051100254059,0.009931760840117931,0.00968035589903593,0.009537368081510067,0.008936823345720768,0.008877255022525787,0.008719070814549923,0.008511045016348362,0.008301670663058758,0.008213061839342117,0.008168266154825687,0.007909169420599937,0.007889882661402225,0.0077179549261927605,0.007657032459974289,0.007626193575561047,0.007609337102621794,0.007565164007246494,0.007515451405197382,0.007255238015204668,0.00713409623131156,0.006937385071069002,0.0068822940811514854,0.00688165845349431,0.006845968775451183,0.006822623312473297,0.006681313272565603,0.006674346514046192,0.006657138001173735,0.0065231784246861935,0.006497516762465239,0.006444373168051243,0.006270746700465679,0.006250343751162291,0.006064741872251034,0.006060835439711809,0.005965118296444416,0.005875505972653627,0.005862853489816189,0.005845255684107542,0.005821362137794495,0.005645741708576679,0.005641420371830463,0.005610522348433733,0.005605296231806278,0.005589937791228294,0.005426892079412937,0.00536321522668004,0.005310808774083853,0.005280118435621262,0.005273555405437946,0.005242038983851671,0.005085776560008526,0.004724917933344841,0.004482253920286894,0.004438173957169056,0.00437679048627615,0.004352293908596039,0.004311298951506615,0.004268373362720013,0.004194512031972408,0.004131677094846964,0.004112644586712122,0.004111704416573048,0.00370185193605721,0.003644708776846528,0.0034825222101062536,0.0034760471899062395,0.0033975811675190926,0.0032817006576806307,0.003033278277143836,0.002678236458450556,0.0026628177147358656,0.0021338737569749355,0.0018840455450117588,0.0014105049194768071,0.001286147627979517
200002,0.023789679631590843,0.018968218937516212,0.02754785679280758,0.01792481541633606,0.018618039786815643,0.006634817458689213,0.02146274223923683,0.020367633551359177,0.015735773369669914,0.007959187962114811,0.017537299543619156,0.007042954675853252,0.0404907688498497,0.014132875949144363,0.012318521738052368,0.013267039321362972,0.011022438295185566,0.011882990598678589,0.014309911988675594,0.012166810221970081,0.013373326510190964,0.01319190301001072,0.01829250156879425,0.009096415713429451,0.00823194906115532,0.011340027675032616,0.009643152356147766,0.006578514818102121,0.009967136196792126,0.013587938621640205,0.006355393212288618,0.00909658893942833,0.010843170806765556,0.01511426456272602,0.01267558429390192,0.00823119841516018,0.008959847502410412,0.005569396074861288,0.011539759114384651,0.009686239995062351,0.009015717543661594,0.008241998963057995,0.007790782488882542,0.008997869677841663,0.009155276231467724,0.007257368415594101,0.0049214777536690235,0.007250186521559954,0.007819493301212788,0.007189939729869366,0.006806987803429365,0.006329115014523268,0.00676500890403986,0.007029681466519833,0.005760727450251579,0.008137320168316364,0.007431101985275745,0.006572157610207796,0.007180012296885252,0.006535589229315519,0.006535142194479704,0.007932638749480247,0.0035927416756749153,0.007323720492422581,0.013250256888568401,0.005981204099953175,0.00498535018414259,0.006958613637834787,0.005438825115561485,0.004986729007214308,0.014349853619933128,0.004093211609870195,0.007431975565850735,0.0059677185490727425,0.0047295973636209965,0.006479828152805567,0.0066490015015006065,0.004456306342035532,0.0072700511664152145,0.006146780215203762,0.004457064438611269,0.0066384621895849705,0.0054190196096897125,0.0036971494555473328,0.004742761608213186,0.007204060442745686,0.0051881419494748116,0.005501297768205404,0.023336241021752357,0.005946949124336243,0.00367719866335392,0.006551661994308233,0.0039882841520011425,0.005358919035643339,0.004560111556202173,0.004023314453661442,0.0052553871646523476,0.004299798980355263,0.003096231957897544,0.0048595936968922615,0.0036433320492506027,0.003461790969595313,0.010439709760248661,0.0036207069642841816,0.0030894149094820023,0.0033447740133851767,0.0031835949048399925,0.006480459123849869,0.00816414225846529,0.0028609526343643665,0.0019856358412653208,0.0015866112662479281,0.0050351582467556
200003,0.028355713933706284,0.026120169088244438,0.01742112822830677,0.011479929089546204,0.016929447650909424,0.01241389662027359,0.018426652997732162,0.016663702204823494,0.010760534554719925,0.00801457092165947,0.015684382990002632,0.02641887031495571,0.06699138879776001,0.012584938667714596,0.013009739108383656,0.013339520432054996,0.008613351732492447,0.012122005224227905,0.013167895376682281,0.011559983715415001,0.011244069784879684,0.009139380417764187,0.028821604326367378,0.00788367073982954,0.011152712628245354,0.010422436520457268,0.009584545157849789,0.009370112791657448,0.010890977457165718,0.010013839229941368,0.006448619998991489,0.015525235794484615,0.007850272580981255,0.00827677734196186,0.010950933210551739,0.008231568150222301,0.008195914328098297,0.008767212741076946,0.012052124366164207,0.0074916379526257515,0.012272881343960762,0.00820355024188757,0.006592384539544582,0.008533901534974575,0.009156567975878716,0.007315542548894882,0.004171912558376789,0.007623917423188686,0.006541526410728693,0.007100209593772888,0.006698284298181534,0.006604949943721294,0.006280564237385988,0.0056396047584712505,0.005212260410189629,0.007002345286309719,0.007220282685011625,0.005084948614239693,0.006296113133430481,0.005525446962565184,0.006119278725236654,0.006228604819625616,0.0043672542087733746,0.012580922804772854,0.01233061496168375,0.006416029296815395,0.0048898509703576565,0.006214633118361235,0.004744602367281914,0.004990321584045887,0.00589107908308506,0.004510911647230387,0.006029664073139429,0.005346845835447311,0.004714206326752901,0.007359301205724478,0.0071177491918206215,0.0037261832039803267,0.005943655502051115,0.003981135785579681,0.0036209309473633766,0.00579046318307519,0.0071339993737638,0.0033608879894018173,0.004748323000967503,0.0044832113198935986,0.00556923495605588,0.006773179862648249,0.01938668079674244,0.005737578961998224,0.003455431666225195,0.007483110763132572,0.0038973824121057987,0.003810351947322488,0.0035337067674845457,0.003762387903407216,0.0050212363712489605,0.006087440997362137,0.00509644253179431,0.009702757000923157,0.0038246093317866325,0.003369101556017995,0.0068570454604923725,0.0037460641469806433,0.0028578685596585274,0.004443848039954901,0.003994802013039589,0.004035888239741325,0.004257622640579939,0.0017975600203499198,0.0019871345721185207,0.002723569516092539,0.002678627148270607
200004,0.023432649672031403,0.024676328524947166,0.021052774041891098,0.01911887712776661,0.018907036632299423,0.0060470374301075935,0.016929002478718758,0.014794731512665749,0.016844140365719795,0.009406419470906258,0.017223745584487915,0.027439819648861885,0.03285857290029526,0.01512443833053112,0.010544833727180958,0.014691896736621857,0.009596792049705982,0.01133759692311287,0.013452517800033092,0.013171489350497723,0.011738530360162258,0.009648126550018787,0.014730490744113922,0.008120366372168064,0.008308598771691322,0.011613975279033184,0.012500325217843056,0.008151859976351261,0.010149198584258556,0.01134547684341669,0.010156070813536644,0.015992160886526108,0.013304494321346283,0.008553051389753819,0.010888884775340557,0.010647187940776348,0.007128152064979076,0.00864793173968792,0.012184125371277332,0.010773182846605778,0.007396483328193426,0.009330186992883682,0.007444273680448532,0.008449049666523933,0.008560716174542904,0.0073065678589046,0.00597270205616951,0.008661597967147827,0.008025283925235271,0.008118326775729656,0.009126732125878334,0.006032884120941162,0.0074457586742937565,0.006702039856463671,0.008384388871490955,0.007424329407513142,0.004961872007697821,0.007492939010262489,0.007220965810120106,0.007205998059362173,0.006737695075571537,0.009593584574759007,0.008583727292716503,0.0076880077831447124,0.009997810237109661,0.00669814832508564,0.0035643132869154215,0.007311942987143993,0.006636528298258781,0.005062886048108339,0.0025419832672923803,0.005291573703289032,0.008436877280473709,0.0059945289976894855,0.013921714387834072,0.009082655422389507,0.005071007180958986,0.005698297172784805,0.005914697889238596,0.004808289930224419,0.005274427123367786,0.00561159523203969,0.00702262669801712,0.005388632882386446,0.004244403447955847,0.004057946149259806,0.005635926965624094,0.005071314983069897,0.013913948088884354,0.005778677761554718,0.003502875566482544,0.015283973887562752,0.004238397814333439,0.0035301411990076303,0.005281677469611168,0.004119046498090029,0.004575097933411598,0.0046207839623093605,0.004085882101207972,0.004999773111194372,0.003727010218426585,0.0038929821457713842,0.0034482325427234173,0.004255509469658136,0.0038163475692272186,0.003275178372859955,0.0036781143862754107,0.005940480623394251,0.00276040262542665,0.0023669572547078133,0.0018397328676655889,0.0,0.0036297128535807133
200005,0.010746665298938751,0.028535395860671997,0.025978373363614082,0.028447890654206276,0.01810937002301216,0.006897170562297106,0.016340021044015884,0.020671101287007332,0.013256659731268883,0.008252105675637722,0.017111392691731453,0.018917549401521683,0.017913030460476875,0.01330451387912035,0.014748035930097103,0.013976279646158218,0.010169871151447296,0.011628513224422932,0.011852061375975609,0.011982687748968601,0.00548942293971777,0.01042022742331028,0.030417026951909065,0.01431648712605238,0.011147789657115936,0.010464577004313469,0.012686154805123806,0.004900991450995207,0.01466048788279295,0.010560942813754082,0.009827670641243458,0.009918009862303734,0.011893274262547493,0.011041739955544472,0.012201732024550438,0.008652033284306526,0.01336364634335041,0.0064656371250748634,0.010058034211397171,0.008840683847665787,0.019164150580763817,0.008568176999688148,0.006937062833458185,0.008614440448582172,0.009226931259036064,0.0074432650581002235,0.005362412892282009,0.007767919450998306,0.006784444209188223,0.007627340033650398,0.007415274623781443,0.0036785812117159367,0.006759635638445616,0.006197859533131123,0.004158432129770517,0.005985801108181477,0.0034006256610155106,0.00728970393538475,0.006233701948076487,0.006072060205042362,0.006139126140624285,0.008324985392391682,0.0059736925177276134,0.003005677368491888,0.009185738861560822,0.0051744175143539906,0.0038057465571910143,0.006910266354680061,0.005977388005703688,0.005089657846838236,0.008390149101614952,0.004545591305941343,0.006633552722632885,0.0059178671799600124,0.00863870233297348,0.00868286658078432,0.005183513276278973,0.004763525910675526,0.006403516512364149,0.0053869448602199554,0.004156334791332483,0.005354464519768953,0.005169355310499668,0.003629389451816678,0.0043375021778047085,0.0037534444127231836,0.005247026216238737,0.0053169759921729565,0.027986831963062286,0.004562545567750931,0.0034606927074491978,0.008685351349413395,0.004065077751874924,0.004932270385324955,0.004457687493413687,0.0036777546629309654,0.006521475967019796,0.004879341460764408,0.0048086498863995075,0.005923176649957895,0.0032932553440332413,0.003517855191603303,0.004556900355964899,0.0038999540265649557,0.0032601235434412956,0.004084721207618713,0.0025495351292192936,0.023507945239543915,0.0037302463315427303,0.00248073716647923,0.0018413584912195802,0.003952729981392622,0.0034132059663534164
200006,0.010867565870285034,0.01952294260263443,0.02299788035452366,0.02014712058007717,0.01949777454137802,0.008867435157299042,0.015034224838018417,0.026237189769744873,0.01556282676756382,0.012051953002810478,0.016551386564970016,0.03244691714644432,0.028281912207603455,0.014752550050616264,0.010696632787585258,0.013495439663529396,0.01161018293350935,0.009339162148535252,0.011769508942961693,0.011755306273698807,0.008775106631219387,0.00899517722427845,0.030766211450099945,0.011190079152584076,0.015500330366194248,0.01111105177551508,0.005646959412842989,0.00878231506794691,0.01121223159134388,0.007964659482240677,0.010420061647891998,0.01422187127172947,0.008827604353427887,0.01759529858827591,0.01094409916549921,0.008001377806067467,0.0086748618632555,0.006812608800828457,0.00906975194811821,0.00843075942248106,0.011708582751452923,0.00709249684587121,0.007117272354662418,0.007118582259863615,0.008495652116835117,0.0070299613289535046,0.007066615391522646,0.007801405619829893,0.006288750562816858,0.0075137000530958176,0.006761967204511166,0.004681185819208622,0.006070140283554792,0.005360810551792383,0.004344542045146227,0.005795466713607311,0.004917361307889223,0.007014013361185789,0.005937928333878517,0.0053214989602565765,0.006010195706039667,0.006245255004614592,0.00615803524851799,0.006681276950985193,0.008645689114928246,0.004125576000660658,0.005080201663076878,0.006446573417633772,0.005362671334296465,0.004541510716080666,0.0057564228773117065,0.0043515549041330814,0.004887366201728582,0.004851932637393475,0.014694073237478733,0.005920319352298975,0.005664128810167313,0.003539746394380927,0.0058211032301187515,0.003908465150743723,0.005220495630055666,0.005352776497602463,0.010511638596653938,0.003376205451786518,0.004475472494959831,0.0062440731562674046,0.002712770365178585,0.00697091082111001,0.011395251378417015,0.004419324919581413,0.0031709393952041864,0.005867658648639917,0.004064427688717842,0.004606395959854126,0.005596476141363382,0.0036522969603538513,0.0052158585749566555,0.00362961133942008,0.002751806750893593,0.007930207997560501,0.0031274515204131603,0.003625251818448305,0.0041082026436924934,0.003517979057505727,0.0027703633531928062,0.0040827104821801186,0.002410926390439272,0.04801061376929283,0.0031224212143570185,0.0029168908949941397,0.0015578116290271282,0.004588354844599962,0.0024380749091506004
200007,0.004806200973689556,0.02423875220119953,0.02158449776470661,0.014994820579886436,0.02085532434284687,0.004695372190326452,0.016878219321370125,0.021350404247641563,0.013300257734954357,0.007255006581544876,0.017605071887373924,0.022521311417222023,0.023609215393662453,0.014616159722208977,0.014444837346673012,0.01358727179467678,0.008075382560491562,0.012674220837652683,0.01219812873750925,0.012712588533759117,0.008008739911019802,0.007844195701181889,0.023621611297130585,0.009822854772210121,0.013209213502705097,0.011837775819003582,0.014607850462198257,0.012671680189669132,0.016299458220601082,0.008534622378647327,0.009555230848491192,0.013012387789785862,0.007655188906937838,0.011386779136955738,0.012670678086578846,0.00956322718411684,0.00640863087028265,0.009428105317056179,0.010702420957386494,0.008852560073137283,0.017994889989495277,0.007567479275166988,0.008454274386167526,0.00814688578248024,0.009414805099368095,0.0074066948145627975,0.0081778634339571,0.007695674430578947,0.008817549794912338,0.0075746034272015095,0.007194834295660257,0.006272854749113321,0.006338275969028473,0.006512216292321682,0.005697289947420359,0.006408635061234236,0.005383600946515799,0.006733679678291082,0.006492876447737217,0.00601227255538106,0.006355465855449438,0.0063760410994291306,0.004822841379791498,0.004732851404696703,0.0066668144427239895,0.008042469620704651,0.0035309744998812675,0.006315992213785648,0.005764678120613098,0.004656047094613314,0.00916474312543869,0.004851308185607195,0.006456700619310141,0.005452453158795834,0.00736829312518239,0.011782814748585224,0.0055708326399326324,0.004830893594771624,0.007142909336835146,0.00520014762878418,0.005122613161802292,0.005961432121694088,0.007900751195847988,0.005058377515524626,0.003690247191116214,0.005183801986277103,0.010322978720068932,0.005978868342936039,0.014180682599544525,0.006928103044629097,0.003749761963263154,0.005790212657302618,0.003887792117893696,0.004347329493612051,0.0054227439686656,0.004027873743325472,0.005964735057204962,0.005559135694056749,0.0063082496635615826,0.005145911127328873,0.003207637695595622,0.003816955955699086,0.004130869172513485,0.004219627007842064,0.003324558725580573,0.0028223013505339622,0.004600547254085541,0.025366004556417465,0.01046180259436369,0.002072870032861829,0.0016403472982347012,0.002333688549697399,0.004392465576529503
200008,0.028500009328126907,0.016562048345804214,0.01713220216333866,0.033395085483789444,0.015376631170511246,0.0016669353935867548,0.017830392345786095,0.021702369675040245,0.013900012709200382,0.011483676731586456,0.01658746227622032,0.01254939567297697,0.042619235813617706,0.012098163366317749,0.009334256872534752,0.013398975133895874,0.011680175550282001,0.008936219848692417,0.011983159929513931,0.011924240738153458,0.009392701089382172,0.009444944560527802,0.025284498929977417,0.007934234105050564,0.009541875682771206,0.011021929793059826,0.01640988513827324,0.008236567489802837,0.010654074139893055,0.009930049069225788,0.008384746499359608,0.011816156096756458,0.014441939070820808,0.01810678280889988,0.013876494020223618,0.009190238080918789,0.006509045138955116,0.004942490719258785,0.010410747490823269,0.009296889416873455,0.00598624674603343,0.006882048211991787,0.007328032981604338,0.008729605935513973,0.00965184811502695,0.0072363209910690784,0.003848533146083355,0.007517864461988211,0.00695593049749732,0.006348372902721167,0.006361567880958319,0.006239456590265036,0.005887661594897509,0.0063993982039391994,0.004019653890281916,0.006375438999384642,0.007897939532995224,0.006365467328578234,0.006423927843570709,0.006369785405695438,0.005885737016797066,0.006497478578239679,0.005022748839110136,0.004201131872832775,0.007242636755108833,0.00631391117349267,0.006567332427948713,0.0066320570185780525,0.005364049691706896,0.004877995699644089,0.0062713236548006535,0.0049520255997776985,0.006575332954525948,0.004840068984776735,0.005883826408535242,0.00835421308875084,0.005847768858075142,0.004155696369707584,0.005171389784663916,0.006189777050167322,0.004797343164682388,0.005943047348409891,0.006111964583396912,0.004846748895943165,0.0031735296361148357,0.007808458525687456,0.006483818404376507,0.004666416440159082,0.023782793432474136,0.005713330116122961,0.003026464255526662,0.006789125502109528,0.004119591321796179,0.00423275725916028,0.003886344376951456,0.0035491534508764744,0.00553975161164999,0.005904408171772957,0.004306830931454897,0.0021977105643600225,0.0028282988350838423,0.003515621880069375,0.0056147403083741665,0.0038561890833079815,0.0028663109987974167,0.003000808646902442,0.004721599631011486,0.038960110396146774,0.004241726361215115,0.0018255776958540082,0.0017755295848473907,0.0034589918795973063,0.0032964376732707024
200009,0.011792820878326893,0.02237061969935894,0.022758524864912033,0.017394259572029114,0.014970189891755581,0.0042101116850972176,0.016864044591784477,0.02395526133477688,0.014812290668487549,0.013225523754954338,0.017667068168520927,0.022898638620972633,0.04503738880157471,0.013826536945998669,0.012296904809772968,0.014064894989132881,0.0071312179788947105,0.010432367213070393,0.013714469969272614,0.012441570870578289,0.009332463145256042,0.009747853502631187,0.019262045621871948,0.00554706621915102,0.012470901012420654,0.011683168821036816,0.01567181572318077,0.009833850897848606,0.009260597638785839,0.010669069364666939,0.00762905552983284,0.014806292951107025,0.011005224660038948,0.008362083695828915,0.011681757867336273,0.00973142497241497,0.009647737257182598,0.009739361703395844,0.014264175668358803,0.010145624168217182,0.011643076315522194,0.007788670714944601,0.007728030905127525,0.006842027883976698,0.008553550578653812,0.007191288750618696,0.006334105972200632,0.007718381471931934,0.007066237740218639,0.007622900418937206,0.004693988710641861,0.007388249505311251,0.006426796782761812,0.006749262567609549,0.005130421370267868,0.006336575839668512,0.010204339399933815,0.006937140598893166,0.006805561948567629,0.007252686191350222,0.007210941053926945,0.006895340047776699,0.0050502377562224865,0.003343303920701146,0.010371147654950619,0.006286277435719967,0.004074918106198311,0.006297489628195763,0.006820817943662405,0.005609344225376844,0.010048220865428448,0.005834611598402262,0.004643191117793322,0.0059551880694925785,0.006203220691531897,0.01244319137185812,0.005896931979805231,0.003367301542311907,0.005405110772699118,0.0066568562760949135,0.004181901458650827,0.005941209848970175,0.008193379268050194,0.004175536800175905,0.0034883259795606136,0.0061285668052732944,0.015291912481188774,0.003971293568611145,0.021187400445342064,0.005067197605967522,0.003047047881409526,0.004325881600379944,0.0034196265041828156,0.004280834458768368,0.004993555601686239,0.0037475924473255873,0.004444282501935959,0.005455823615193367,0.0024217369500547647,0.005130224395543337,0.0033367264550179243,0.0038584626745432615,0.0053783440962433815,0.004347276408225298,0.002777191810309887,0.002970706671476364,0.0033550586085766554,0.013158421032130718,0.004001586232334375,0.002335173077881336,0.0018870346248149872,0.0034922275226563215,0.0030252474825829268
200010,0.012507596053183079,0.017345618456602097,0.026840940117836,0.010751635767519474,0.015155036002397537,0.0019288333132863045,0.01776833087205887,0.01914113201200962,0.01384869497269392,0.01155539695173502,0.017743278294801712,0.025963418185710907,0.04253428429365158,0.01669546216726303,0.013579337857663631,0.014541160315275192,0.012068669311702251,0.010050998069345951,0.01288824062794447,0.012644593603909016,0.010032713413238525,0.008849980309605598,0.028585229068994522,0.008403806015849113,0.01254426408559084,0.01155860722064972,0.01232244074344635,0.002714763395488262,0.011964445933699608,0.01242990791797638,0.011333064176142216,0.011879597790539265,0.010006207041442394,0.010505985468626022,0.012718441896140575,0.0109632583335042,0.010449431836605072,0.008224254474043846,0.0135183772072196,0.00716732582077384,0.013547559268772602,0.008624724112451077,0.006419602315872908,0.006536221597343683,0.009422464296221733,0.008007814176380634,0.007163160014897585,0.008071519434452057,0.007634241133928299,0.007305412087589502,0.011706802994012833,0.007436686661094427,0.008494142442941666,0.006736239418387413,0.004262432921677828,0.005894920323044062,0.004949450492858887,0.007569384761154652,0.007366469129920006,0.008431087248027325,0.006809745449572802,0.009443696588277817,0.009695284068584442,0.009732936508953571,0.006055393256247044,0.005269517190754414,0.004056242294609547,0.00672894436866045,0.006472311913967133,0.004772472195327282,0.006132292561233044,0.005309484899044037,0.006297833286225796,0.006009801756590605,0.005745867267251015,0.009816682897508144,0.005377480294555426,0.004543657880276442,0.006242678035050631,0.006385745480656624,0.005358080845326185,0.006903000175952911,0.0056326379999518394,0.004441955592483282,0.0027505559846758842,0.007898340933024883,0.01403089053928852,0.0066873421892523766,0.0060234712436795235,0.005746413487941027,0.0027626610826700926,0.008824091404676437,0.004098410718142986,0.004445556551218033,0.0035161632113158703,0.004230812191963196,0.005790466442704201,0.006510057486593723,0.0035198479890823364,0.003930209670215845,0.003498686710372567,0.004086787812411785,0.003127246629446745,0.004245925694704056,0.0029930619057267904,0.004252130631357431,0.004098786506801844,0.005619368050247431,0.0092931492254138,0.0021814077626913786,0.0020222957246005535,0.0011507493909448385,0.002126330276951194
200011,0.01655750162899494,0.024477412924170494,0.031140867620706558,0.0385868176817894,0.015881434082984924,0.0018806199077516794,0.017334681004285812,0.02255135402083397,0.016475848853588104,0.014227958396077156,0.01676757261157036,0.03052329830825329,0.022316953167319298,0.01195375807583332,0.01366078108549118,0.012346646748483181,0.009724602103233337,0.012098502367734909,0.010996426455676556,0.012236089445650578,0.010034254752099514,0.006928340997546911,0.017861781641840935,0.007840740494430065,0.014108307659626007,0.011046983301639557,0.006632547359913588,0.013981466181576252,0.011500980705022812,0.009215966798365116,0.008602227084338665,0.013740203343331814,0.008209667168557644,0.0099006537348032,0.011992129497230053,0.008869051933288574,0.006351965945214033,0.005925951525568962,0.01101304218173027,0.010360746644437313,0.010272448882460594,0.0074605741538107395,0.006861694622784853,0.005044748540967703,0.009354865178465843,0.006539973895996809,0.005261894781142473,0.007000638637691736,0.006513264495879412,0.009038297459483147,0.0063323029316961765,0.0075591024942696095,0.0062238737009465694,0.006803799420595169,0.004544740077108145,0.0060488441959023476,0.008313731290400028,0.007128661964088678,0.006936522200703621,0.005855068098753691,0.0068230596370995045,0.006727578584104776,0.0060744923539459705,0.005748675670474768,0.0038780232425779104,0.005038520786911249,0.0036502371076494455,0.007169872988015413,0.005272636655718088,0.004704786464571953,0.0050942562520504,0.004151225555688143,0.005631202831864357,0.004428545478731394,0.005207000765949488,0.006884237285703421,0.004037569276988506,0.005574749782681465,0.006541563663631678,0.006267025135457516,0.005407921504229307,0.005320738535374403,0.008836335502564907,0.004780348856002092,0.003153139492496848,0.007053388748317957,0.0050272285006940365,0.0042458209209144115,0.019314587116241455,0.006749959662556648,0.0022767726331949234,0.005780208855867386,0.003353435778990388,0.003778034821152687,0.006291274446994066,0.003710621502250433,0.005233976058661938,0.004207068122923374,0.003069092519581318,0.005152535624802113,0.004595801699906588,0.0036843041889369488,0.0030165479984134436,0.0036533246748149395,0.0027928475756198168,0.007649916689842939,0.004090689122676849,0.0445498451590538,0.0034147293772548437,0.0017718516755849123,0.0019244446884840727,0.0,0.002256808103993535
200012,0.021762317046523094,0.017667490988969803,0.023766791447997093,0.025675257667899132,0.01847139187157154,0.009495913982391357,0.017724880948662758,0.02326134592294693,0.01165428664535284,0.006117282900959253,0.018321596086025238,0.0300479494035244,0.012043148279190063,0.01494836900383234,0.01493783388286829,0.013306193053722382,0.012612086720764637,0.013464556075632572,0.012550896033644676,0.012596603482961655,0.008048323914408684,0.008906236849725246,0.025433631613850594,0.009200523607432842,0.01336629781872034,0.011219465173780918,0.013469438999891281,0.014077998697757721,0.010740072466433048,0.011655396781861782,0.007050103973597288,0.014267148450016975,0.018689565360546112,0.007875247858464718,0.012935630977153778,0.009671428240835667,0.01012476161122322,0.004298180341720581,0.014525700360536575,0.008929836563766003,0.010214699432253838,0.0067992559634149075,0.007993624545633793,0.005767353344708681,0.009096376597881317,0.008180096745491028,0.005259919445961714,0.007170716766268015,0.00829588808119297,0.00817029643803835,0.008703875355422497,0.006521289702504873,0.007579440250992775,0.006337590981274843,0.004590235184878111,0.005187640897929668,0.009117837995290756,0.007115321233868599,0.008296364918351173,0.006323346868157387,0.006350549403578043,0.006547457072883844,0.004324938636273146,0.004459993913769722,0.005718500353395939,0.004929090850055218,0.004396268632262945,0.00674008671194315,0.006296273320913315,0.004826188087463379,0.009726932272315025,0.005773782730102539,0.007594123482704163,0.005227604415267706,0.005916707683354616,0.011199867352843285,0.004605826921761036,0.004606629256159067,0.005803076084703207,0.007025880739092827,0.004267681855708361,0.0058825658634305,0.006828209850937128,0.004189417697489262,0.0050311824306845665,0.009588668122887611,0.0055821603164076805,0.005670404061675072,0.007755420636385679,0.005155850667506456,0.0031347242183983326,0.007479772437363863,0.004235804546624422,0.007448546122759581,0.00454314798116684,0.0038526325952261686,0.006065133027732372,0.006484283600002527,0.004368863068521023,0.005081836134195328,0.005961668211966753,0.004336189478635788,0.004266489762812853,0.003722905181348324,0.002393524395301938,0.005886232014745474,0.00477644894272089,0.003412021789699793,0.009041815996170044,0.0020247066859155893,0.002367577748373151,0.0029394906014204025,0.0025224878918379545
200101,0.012275610119104385,0.017846791073679924,0.015054077841341496,0.010208262130618095,0.018375840038061142,0.0018555516144260764,0.017587553709745407,0.024193735793232918,0.018253173679113388,0.01396486721932888,0.019566331058740616,0.012620663270354271,0.033933285623788834,0.018047163262963295,0.013863139785826206,0.01394701935350895,0.007244736421853304,0.012861949391663074,0.01322419848293066,0.013538437895476818,0.01210552453994751,0.008191465400159359,0.006981464568525553,0.010091771371662617,0.011798396706581116,0.01247855369001627,0.01231958158314228,0.003173316130414605,0.012319090776145458,0.015630828216671944,0.008043058216571808,0.012060307897627354,0.013112856075167656,0.009066475555300713,0.012850998900830746,0.009640775620937347,0.005027128849178553,0.008391814306378365,0.01918288879096508,0.007228485774248838,0.010148097760975361,0.008222137577831745,0.007274280302226543,0.006240637507289648,0.00988590158522129,0.006383630447089672,0.01039829384535551,0.007065158803015947,0.008950022049248219,0.008346601389348507,0.005752289202064276,0.00884038582444191,0.00923167448490858,0.006733415648341179,0.005031729582697153,0.007988536730408669,0.01509119477123022,0.006371407303959131,0.008702609688043594,0.006832832936197519,0.006494793575257063,0.005176887847483158,0.004383662715554237,0.005299369804561138,0.010560868307948112,0.005775492638349533,0.004748869221657515,0.007371972780674696,0.00543045811355114,0.005486610811203718,0.011145522817969322,0.005540446378290653,0.008050370961427689,0.00658356212079525,0.0019031271804124117,0.010034540668129921,0.0062546562403440475,0.00529847014695406,0.004976791795343161,0.007719072978943586,0.004101565573364496,0.005881213583052158,0.007025823462754488,0.0043554906733334064,0.005165123846381903,0.00644059618934989,0.00584758585318923,0.006769504398107529,0.028296342119574547,0.00516543397679925,0.0028635370545089245,0.008301354013383389,0.004755476955324411,0.007226317189633846,0.00382689805701375,0.004349907860159874,0.004773115739226341,0.005869934801012278,0.0038666215259581804,0.004414750728756189,0.006657390855252743,0.004670463968068361,0.004060573875904083,0.004447926767170429,0.0028252459596842527,0.006659298669546843,0.002520579844713211,0.0129563482478261,0.007223917171359062,0.001978615066036582,0.002029944444075227,0.0024901253636926413,0.002299454528838396
200102,0.01565682515501976,0.02409427799284458,0.01787416823208332,0.03171142563223839,0.021787630394101143,0.0015101770404726267,0.016921142116189003,0.012766803614795208,0.014980629086494446,0.009238455444574356,0.018027503043413162,0.021237926557660103,0.012756869196891785,0.016780951991677284,0.01686711609363556,0.015087766572833061,0.009963041171431541,0.008985502645373344,0.013380524702370167,0.01365796010941267,0.0046510035172104836,0.005289839580655098,0.01570276729762554,0.012536641210317612,0.013119993731379509,0.012371408753097057,0.010923318564891815,0.009565258398652077,0.008425900712609291,0.017070680856704712,0.008311484940350056,0.012294881977140903,0.015165423974394798,0.008151642978191376,0.015014312230050564,0.01116463914513588,0.0066266851499676704,0.006586258765310049,0.01292123831808567,0.007160300854593515,0.006277624052017927,0.00747639499604702,0.007883433252573013,0.006431170739233494,0.009580021724104881,0.006228138692677021,0.006723755970597267,0.007197534665465355,0.009832504205405712,0.007581393700093031,0.006236469838768244,0.006138277240097523,0.006147840525954962,0.006256885826587677,0.00555539783090353,0.006277275271713734,0.016598260030150414,0.007921416312456131,0.009875595569610596,0.006745900958776474,0.007053722161799669,0.006928972899913788,0.005513092502951622,0.003230081172659993,0.004848788026720285,0.0078549450263381,0.00552512938156724,0.009245927445590496,0.004741808865219355,0.0048226662911474705,0.004489685874432325,0.0036419942043721676,0.0081110754981637,0.006051907781511545,0.008133584633469582,0.0070940591394901276,0.005091345403343439,0.004048101603984833,0.00555527163669467,0.01111004501581192,0.003458155319094658,0.005542274564504623,0.005799169186502695,0.002733885543420911,0.007699909619987011,0.008992031216621399,0.006921794265508652,0.007765613961964846,0.021535303443670273,0.005030874162912369,0.0036106877960264683,0.012031542137265205,0.007416067644953728,0.005896528717130423,0.005615359637886286,0.004566870629787445,0.004538712557405233,0.00820687972009182,0.009249557740986347,0.0029094466008245945,0.006874066311866045,0.005748857744038105,0.004075581673532724,0.00473049096763134,0.0025946376845240593,0.008928326889872551,0.004224666394293308,0.006302910391241312,0.005508660804480314,0.003773828037083149,0.001966494368389249,0.0008877119980752468,0.0024651712737977505
200103,0.00994112528860569,0.04036378487944603,0.018844714388251305,0.02769383043050766,0.020902758464217186,0.007677104324102402,0.015089618042111397,0.019574910402297974,0.01671885885298252,0.011085952632129192,0.01972115784883499,0.014275798574090004,0.036156900227069855,0.012918409891426563,0.01893763616681099,0.015011213719844818,0.006917858496308327,0.012804711237549782,0.014745735563337803,0.014198659919202328,0.005713788326829672,0.006148453801870346,0.007872889749705791,0.008708672598004341,0.013278159312903881,0.012407854199409485,0.011823795735836029,0.007796644698828459,0.00961095280945301,0.012071634642779827,0.010286265052855015,0.007102609146386385,0.011243809945881367,0.009748714044690132,0.013292751275002956,0.01090751402080059,0.002012930577620864,0.007019664626568556,0.014048597775399685,0.008021795190870762,0.010132476687431335,0.00737511133775115,0.007105344440788031,0.006570516154170036,0.009734686464071274,0.006524553056806326,0.007269313093274832,0.007305482402443886,0.010618573985993862,0.009517662227153778,0.008327364921569824,0.009610181674361229,0.007179800886660814,0.007414506748318672,0.005901412572711706,0.008564609102904797,0.013562793843448162,0.007335360627621412,0.009983704425394535,0.006730710621923208,0.00733976811170578,0.00658567575737834,0.0072123268619179726,0.0021211840212345123,0.007952922955155373,0.005619384814053774,0.004215053748339415,0.007479520980268717,0.004473196342587471,0.004417198710143566,0.007201511412858963,0.007152646780014038,0.009128847159445286,0.005253149662166834,0.0035725391935557127,0.009069185703992844,0.007518271915614605,0.005414432846009731,0.005427800118923187,0.007465941831469536,0.004532215651124716,0.0063031879253685474,0.008010271936655045,0.002835711697116494,0.004521122667938471,0.007112089544534683,0.009737483225762844,0.007221045903861523,0.006122533697634935,0.005234693177044392,0.002695710863918066,0.009614829905331135,0.00543970288708806,0.004660163540393114,0.004808446392416954,0.004231089726090431,0.00520408246666193,0.00828827079385519,0.003065476194024086,0.0017076994990929961,0.006185546051710844,0.00541679048910737,0.006895924918353558,0.00441551161929965,0.0023968827445060015,0.00828338973224163,0.0040367222391068935,0.002591396914795041,0.0036781542003154755,0.0032897568307816982,0.001983927097171545,0.0023190572392195463,0.0030782322864979506
200104,0.012994183227419853,0.0277478639036417,0.018526462838053703,0.02696875110268593,0.022999053820967674,0.0019481300842016935,0.015784520655870438,0.022277986630797386,0.018672149628400803,0.012130700051784515,0.01896844059228897,0.016045937314629555,0.027765361592173576,0.015807030722498894,0.014825028367340565,0.0129269203171134,0.009607977233827114,0.010389197617769241,0.014322525821626186,0.013553048484027386,0.006530575454235077,0.0067641898058354855,0.0028842079918831587,0.006935696583241224,0.011657699011266232,0.012880279682576656,0.009952930733561516,0.008869179524481297,0.012002784758806229,0.011703207157552242,0.011326591484248638,0.009052281267940998,0.01065504364669323,0.010134346783161163,0.013942591845989227,0.010069498792290688,0.009950384497642517,0.007331243250519037,0.01366457249969244,0.006325055379420519,0.010314380750060081,0.009226527996361256,0.007969910278916359,0.013292057439684868,0.009225924499332905,0.006871329620480537,0.0055723246186971664,0.007963198237121105,0.010493714362382889,0.00896504521369934,0.0075890906155109406,0.012851438485085964,0.0069572641514241695,0.006828583776950836,0.006702368147671223,0.00635771406814456,0.016467222943902016,0.009079588577151299,0.01012975163757801,0.00659334659576416,0.007069247309118509,0.0061490959487855434,0.006570048630237579,0.005854974966496229,0.01012163795530796,0.0057512144558131695,0.005111267324537039,0.008669969625771046,0.00542096234858036,0.004263458773493767,0.007276694756001234,0.005038004834204912,0.007992723025381565,0.004315953701734543,0.0031859201844781637,0.009219560772180557,0.005997432395815849,0.0039822920225560665,0.008316749706864357,0.007317872252315283,0.0035278841387480497,0.0058107804507017136,0.004591104108840227,0.003174965735524893,0.006564101669937372,0.006380052305757999,0.004239001777023077,0.006092643830925226,0.008591142483055592,0.006836591754108667,0.0025272597558796406,0.006847437936812639,0.006715364288538694,0.005636899266391993,0.0054517146199941635,0.004071641713380814,0.004387774039059877,0.007527048233896494,0.0023710790555924177,0.0028383410535752773,0.007085190620273352,0.0048919259570539,0.006674463860690594,0.005767750553786755,0.002819361165165901,0.008461711928248405,0.004293917212635279,0.004732330795377493,0.009706621989607811,0.0020870319567620754,0.0014756383607164025,0.000868147355504334,0.0029835873283445835
200105,0.019633186981081963,0.017305059358477592,0.01728895492851734,0.023776516318321228,0.02170022763311863,0.009266266599297523,0.015803838148713112,0.015231763944029808,0.01693596877157688,0.006473335437476635,0.019789978861808777,0.02258380316197872,0.023657670244574547,0.014224276877939701,0.01193931233137846,0.014364554546773434,0.009175154380500317,0.010180206969380379,0.014013458974659443,0.013533933088183403,0.004965774714946747,0.0074666873551905155,0.016366200521588326,0.008563508279621601,0.01135779358446598,0.012095664627850056,0.013130920007824898,0.011663191020488739,0.011389105580747128,0.011116551235318184,0.013919075019657612,0.017129788175225258,0.007915100082755089,0.012398933060467243,0.014099892228841782,0.010140297003090382,0.008260930888354778,0.0063631730154156685,0.013801275752484798,0.007376066874712706,0.01809757389128208,0.0072387875989079475,0.008044666610658169,0.006825246848165989,0.00880233384668827,0.007469958160072565,0.00912526622414589,0.007462845649570227,0.010102661326527596,0.008707351051270962,0.006774937268346548,0.0106055261567235,0.007149533834308386,0.006403792183846235,0.0060269469395279884,0.007174290716648102,0.011834361590445042,0.008088246919214725,0.010614360682666302,0.006834477186203003,0.00675418833270669,0.007232892792671919,0.0064199841581285,0.003585565835237503,0.0067242770455777645,0.004199210554361343,0.003784573869779706,0.009079174138605595,0.0041989716701209545,0.004874799866229296,0.006087868008762598,0.006265431642532349,0.007888775318861008,0.005793601740151644,0.0033978656865656376,0.008660242892801762,0.005198797211050987,0.005009585991501808,0.006895509548485279,0.00707519706338644,0.005072549916803837,0.005307578481733799,0.005685379263013601,0.004153938498347998,0.006949636619538069,0.00425878819078207,0.005337539594620466,0.007477830164134502,0.004491236060857773,0.006496092304587364,0.003033051732927561,0.004919178783893585,0.004602594301104546,0.006851159036159515,0.0046020615845918655,0.004004818852990866,0.006547599099576473,0.008425276726484299,0.0035062164533883333,0.0058279442600905895,0.007845057174563408,0.005408250726759434,0.0068212710320949554,0.005280828103423119,0.0025447639636695385,0.00834578275680542,0.003644408658146858,0.010798360221087933,0.005625632591545582,0.002024710178375244,0.0020574943628162146,0.0,0.0031460048630833626
200106,0.02160998061299324,0.014503068290650845,0.01734721101820469,0.0277249738574028,0.023219088092446327,0.0023473487235605717,0.016732923686504364,0.022626768797636032,0.0170012004673481,0.01330794207751751,0.019739005714654922,0.01980351097881794,0.015511677600443363,0.014708644710481167,0.013030064292252064,0.013030684553086758,0.008582906797528267,0.010077224113047123,0.014055467210710049,0.013187922537326813,0.006587258540093899,0.007391412742435932,0.005508736241608858,0.007680828683078289,0.010877273045480251,0.01243299525231123,0.014540538191795349,0.003057864960283041,0.008898627944290638,0.008842307142913342,0.014009145088493824,0.012303940020501614,0.01410308200865984,0.013469778001308441,0.01569341868162155,0.010054008103907108,0.003271627938374877,0.009070218540728092,0.010865957476198673,0.005385956726968288,0.006406518630683422,0.008073766715824604,0.0074652330949902534,0.009947998449206352,0.009273056872189045,0.0072169131599366665,0.009132611565291882,0.007118608336895704,0.010488396510481834,0.009128266014158726,0.007347798906266689,0.00796420220285654,0.007074646186083555,0.006737013813108206,0.006701903883367777,0.007737777661532164,0.014805017970502377,0.007422180380672216,0.010475649498403072,0.006905277259647846,0.006891421042382717,0.005507403053343296,0.005437667481601238,0.004492548760026693,0.0055006141774356365,0.0054840464144945145,0.0037031194660812616,0.00884328968822956,0.0061692832969129086,0.0047629475593566895,0.006914802361279726,0.004623699467629194,0.0068128351122140884,0.004980145487934351,0.009951998479664326,0.014244532212615013,0.005121920257806778,0.004201866220682859,0.006578436121344566,0.008682339452207088,0.004404123872518539,0.005013171583414078,0.008276074193418026,0.00379169057123363,0.00687999464571476,0.005732846911996603,0.005179313942790031,0.0058238753117620945,0.019531354308128357,0.009164893999695778,0.002310291863977909,0.011122498661279678,0.006084484979510307,0.007322841789573431,0.006173431873321533,0.004128888715058565,0.006344696041196585,0.007523101754486561,0.0037058875896036625,0.002869661431759596,0.007721300702542067,0.004999394528567791,0.004844442941248417,0.004234214313328266,0.00261297426186502,0.009840215556323528,0.005035960115492344,0.002552557038143277,0.009854385629296303,0.002456940710544586,0.0021208052057772875,0.0009770347969606519,0.002846310380846262
200107,0.011141141876578331,0.03566917032003403,0.017003916203975677,0.02281596139073372,0.02097886987030506,0.0030051167123019695,0.016967806965112686,0.019326865673065186,0.010861001908779144,0.006120595149695873,0.018647709861397743,0.021484723314642906,0.021416015923023224,0.014759151265025139,0.012091901153326035,0.01219843327999115,0.009013229981064796,0.008431111462414265,0.014202127233147621,0.012399394065141678,0.008043385110795498,0.006123225670307875,0.01288203801959753,0.008411400020122528,0.01419453788548708,0.012185577303171158,0.01652071252465248,0.006363647058606148,0.009962135925889015,0.01151162851601839,0.009340144693851471,0.01444714143872261,0.00938942190259695,0.01527700200676918,0.01372080110013485,0.009682632982730865,0.0037591008003801107,0.006379338912665844,0.013612371869385242,0.007013977039605379,0.015430641360580921,0.00816623866558075,0.0067894007079303265,0.009834344498813152,0.008718403987586498,0.007211611606180668,0.012486306950449944,0.007466508075594902,0.01058677863329649,0.00802956335246563,0.008667335845530033,0.00980453286319971,0.00692826509475708,0.006192139349877834,0.005433038342744112,0.006092995870858431,0.014992080628871918,0.004986428190022707,0.00992562435567379,0.006268521770834923,0.006967245135456324,0.00503486767411232,0.006687790621072054,0.0041083586402237415,0.006640898063778877,0.004560036584734917,0.004497221205383539,0.008354051038622856,0.005120737478137016,0.005179300904273987,0.007905335165560246,0.006813928484916687,0.008031523786485195,0.006043301895260811,0.0028908287640661,0.012147150933742523,0.005307668820023537,0.005541845224797726,0.004911560099571943,0.007252304814755917,0.006405444350093603,0.005036187823861837,0.007588627282530069,0.0031475145369768143,0.005733406636863947,0.004407227039337158,0.006776206661015749,0.005682364571839571,0.012620409019291401,0.0045544481836259365,0.0027675474993884563,0.007140301167964935,0.006161455065011978,0.002134802285581827,0.006575905717909336,0.003974605817347765,0.004625584930181503,0.007360757328569889,0.004545582924038172,0.007980730384588242,0.006963400170207024,0.004613463766872883,0.004836407024413347,0.004960710648447275,0.0029639711137861013,0.009069306775927544,0.005930318962782621,0.013747675344347954,0.0066837347112596035,0.0021294448524713516,0.00197931588627398,0.0011529432376846671,0.0043889922089874744
200108,0.00250690127722919,0.02179577946662903,0.020781738683581352,0.026273252442479134,0.02011687308549881,0.0022614672780036926,0.018075354397296906,0.016717419028282166,0.01083958800882101,0.013260561041533947,0.01833541877567768,0.017880359664559364,0.029907643795013428,0.01656298339366913,0.012686200439929962,0.01504796463996172,0.006181390956044197,0.010043489746749401,0.014804565347731113,0.01275806687772274,0.00765151297673583,0.007679755799472332,0.009349406696856022,0.009390227496623993,0.011397612281143665,0.012039655819535255,0.014920170418918133,0.009866295382380486,0.013047073036432266,0.01010239589959383,0.012708673253655434,0.013082987628877163,0.010181231424212456,0.011109449900686741,0.01380495447665453,0.011096002534031868,0.005082018673419952,0.00880745891481638,0.01901339925825596,0.00758387940004468,0.008712869137525558,0.008397786878049374,0.007730096112936735,0.0070969355292618275,0.009367032907903194,0.007075750268995762,0.006223885342478752,0.007442886009812355,0.010207746177911758,0.0076257819309830666,0.007049594074487686,0.01164805144071579,0.0070090279914438725,0.007105708122253418,0.00568865891546011,0.007413084153085947,0.014654306694865227,0.0060112616047263145,0.009937671944499016,0.007663202937692404,0.0075513399206101894,0.005942736752331257,0.006171825807541609,0.003961434122174978,0.009533337317407131,0.006107020657509565,0.0042690616101026535,0.00844066683202982,0.004797104746103287,0.0037321881391108036,0.009012400172650814,0.00662971381098032,0.007394434418529272,0.0056984275579452515,0.002404619939625263,0.013767551630735397,0.007628810591995716,0.0038526738062500954,0.006905813701450825,0.009090444073081017,0.004543493501842022,0.005264516919851303,0.008119710721075535,0.0038839958142489195,0.006951489951461554,0.007208585739135742,0.004313448444008827,0.004507856443524361,0.018980609253048897,0.004895221441984177,0.002741612261161208,0.008840501308441162,0.005462010391056538,0.0048855990171432495,0.004989416804164648,0.004088112618774176,0.003918978851288557,0.009071869775652885,0.003440405707806349,0.0028398814611136913,0.0072205690667033195,0.005208774469792843,0.003365115961059928,0.004523006267845631,0.002437922637909651,0.0082531264051795,0.0040371534414589405,0.008900637738406658,0.006396265234798193,0.0020977496169507504,0.001747063477523625,0.0015973526751622558,0.0035638471599668264
200109,0.007252550683915615,0.023747188970446587,0.022307587787508965,0.02096589282155037,0.019287269562482834,0.0023420010693371296,0.01676499843597412,0.022282350808382034,0.011613341979682446,0.011233332566916943,0.01908067613840103,0.014578646048903465,0.013159002177417278,0.015918435528874397,0.01582292653620243,0.014199838042259216,0.008842764422297478,0.0124162333086133,0.014162873849272728,0.012885917909443378,0.007134689018130302,0.009543067775666714,0.012538674287497997,0.006659504026174545,0.011067120358347893,0.012157371267676353,0.00894275400787592,0.007108874153345823,0.010840771719813347,0.013124256394803524,0.012155582197010517,0.005720403045415878,0.009343104436993599,0.031015291810035706,0.014318874105811119,0.01092376559972763,0.0038128457963466644,0.00646362965926528,0.015527080744504929,0.009463423863053322,0.009493531659245491,0.0076948800124228,0.007833510637283325,0.00902644731104374,0.009072508662939072,0.007045113947242498,0.023768210783600807,0.008051624521613121,0.01111720222979784,0.00750323012471199,0.006415631156414747,0.009096264839172363,0.0072410013526678085,0.0067009152844548225,0.006444994825869799,0.007097364868968725,0.01688702031970024,0.007204452529549599,0.009892236441373825,0.007065716199576855,0.007684899028390646,0.00797409750521183,0.004602410364896059,0.004945743829011917,0.008638217113912106,0.00543585978448391,0.0047368681989610195,0.008024104870855808,0.004737858194857836,0.005578122101724148,0.005818450357764959,0.004415376111865044,0.006721730809658766,0.006659951992332935,0.0043771639466285706,0.008168364875018597,0.005913231987506151,0.004071802366524935,0.006910994183272123,0.01006914209574461,0.004541885107755661,0.005687572993338108,0.0063208588398993015,0.003410536563023925,0.0066701569594442844,0.005334160290658474,0.004028577357530594,0.005017722956836224,0.007285566534847021,0.005066546145826578,0.002309934701770544,0.007407298777252436,0.0058149974793195724,0.016226619482040405,0.006344062276184559,0.003941146656870842,0.004165640100836754,0.007518102880567312,0.0076058306731283665,0.0021030923817306757,0.007215091027319431,0.0049604554660618305,0.002495271386578679,0.004974813666194677,0.002551659010350704,0.008458217605948448,0.005043731536716223,0.003419793676584959,0.005857397336512804,0.002024612855166197,0.0016502207145094872,0.0035013090819120407,0.0041859447956085205
200110,0.004281976260244846,0.026683028787374496,0.026434343308210373,0.02528347820043564,0.0203707218170166,0.005897799041122198,0.018898339942097664,0.014740433543920517,0.01210449356585741,0.01142870169132948,0.019879767671227455,0.019122108817100525,0.019892863929271698,0.017819643020629883,0.013694461435079575,0.015218408778309822,0.00818759948015213,0.00814090482890606,0.013386047445237637,0.012678668834269047,0.004536768421530724,0.009720359928905964,0.01567116752266884,0.008754159323871136,0.013219771906733513,0.013343418948352337,0.011213983409106731,0.006151124835014343,0.019086509943008423,0.017026763409376144,0.011358016170561314,0.009584421291947365,0.010092435404658318,0.006005147006362677,0.016697464510798454,0.01361141074448824,0.0050386968068778515,0.009210709482431412,0.014404207468032837,0.0068333810195326805,0.009845021180808544,0.009019367396831512,0.007910668849945068,0.009382626041769981,0.009233993478119373,0.006436532828956842,0.010623994283378124,0.008839084766805172,0.01111835241317749,0.009456930682063103,0.013516239821910858,0.009385316632688046,0.006840041372925043,0.007393933366984129,0.006687627639621496,0.006719695869833231,0.011875640600919724,0.008826836943626404,0.009958963841199875,0.007052084896713495,0.007932748645544052,0.006347055546939373,0.004987059161067009,0.003249840810894966,0.007730429992079735,0.004815973807126284,0.004343412816524506,0.008548608981072903,0.004205305129289627,0.0050147357396781445,0.0035250450018793344,0.004524341318756342,0.005954198073595762,0.00810773391276598,0.0029710987582802773,0.007240416947752237,0.007662076503038406,0.00446389289572835,0.00670359842479229,0.006508886348456144,0.006350800395011902,0.006529017351567745,0.006072843447327614,0.004384261555969715,0.0076315575279295444,0.00603802315890789,0.007970995269715786,0.007525745779275894,0.007317116484045982,0.006461798679083586,0.0023074233904480934,0.007571092806756496,0.006658839527517557,0.003274056129157543,0.005497463047504425,0.004224804230034351,0.004526224453002214,0.00773205142468214,0.004661399405449629,0.0033133241813629866,0.006552678998559713,0.004932946525514126,0.003658865811303258,0.004556240979582071,0.002942811232060194,0.00832423660904169,0.0038818889297544956,0.005416202824562788,0.0027331269811838865,0.0019350784132257104,0.0016885496443137527,0.001557324780151248,0.005108084063977003
200111,0.01191010046750307,0.0324542261660099,0.023604558780789375,0.028604920953512192,0.018277959898114204,0.0017416431801393628,0.017518989741802216,0.01995416358113289,0.010468129068613052,0.0051018185913562775,0.017706479877233505,0.015270430594682693,0.018582772463560104,0.01406146865338087,0.010218119248747826,0.01339318510144949,0.007638378534466028,0.012900788336992264,0.013136684894561768,0.011648974381387234,0.004817300476133823,0.00911916233599186,0.017780983820557594,0.012307406403124332,0.011991491541266441,0.01174830924719572,0.011071719229221344,0.010326881892979145,0.016917405650019646,0.010805831290781498,0.008772468194365501,0.011582521721720695,0.008550375699996948,0.012306664139032364,0.013210469856858253,0.011549200862646103,0.010464651510119438,0.008526881225407124,0.014705607667565346,0.006388070061802864,0.007182190660387278,0.008319811895489693,0.007614778354763985,0.009304611943662167,0.008284633979201317,0.0065699610859155655,0.006296862848103046,0.007448398042470217,0.01027749665081501,0.008023562841117382,0.011243732646107674,0.008159175515174866,0.006763898767530918,0.006691311486065388,0.0069348616525530815,0.008419912308454514,0.014734598807990551,0.008156927302479744,0.010223887860774994,0.007116108201444149,0.0081776799634099,0.006230596918612719,0.005934133194386959,0.002994182286784053,0.005246205721050501,0.00598103366792202,0.004205351695418358,0.0077926102094352245,0.0051882402040064335,0.005089566111564636,0.0082374457269907,0.0044287508353590965,0.005889503750950098,0.006628884468227625,0.003624581266194582,0.008672290481626987,0.005301353987306356,0.005625470541417599,0.007007289212197065,0.007953215390443802,0.007567392196506262,0.005950665567070246,0.005077988840639591,0.0038004706148058176,0.0072111282497644424,0.006351126357913017,0.007685475517064333,0.006714862771332264,0.012426936998963356,0.005173346493393183,0.002629354363307357,0.005030621774494648,0.006629070267081261,0.0024151881225407124,0.0062747737392783165,0.0039372225292027,0.004836286883801222,0.006845624186098576,0.006773530505597591,0.004975439980626106,0.006895529106259346,0.0048500304110348225,0.002051442628726363,0.004402311984449625,0.002636933932080865,0.008791835978627205,0.0027819715905934572,0.019245317205786705,0.004463279619812965,0.002798080211505294,0.0016479009063914418,0.001756281708367169,0.004260277841240168
200112,0.005828473716974258,0.03474180027842522,0.022796910256147385,0.018409866839647293,0.01890544220805168,0.0024250305723398924,0.01738668978214264,0.01758718676865101,0.009435553103685379,0.010472494177520275,0.01809641160070896,0.015968121588230133,0.021684827283024788,0.01397563237696886,0.012846801429986954,0.0157020166516304,0.007829640060663223,0.010614576749503613,0.015044487081468105,0.012593105435371399,0.007614250294864178,0.009610810317099094,0.009901111014187336,0.012231333181262016,0.0151117704808712,0.011854923330247402,0.012422805652022362,0.015736764296889305,0.015829676762223244,0.012107362039387226,0.00814096350222826,0.012135935015976429,0.012042395770549774,0.004552088677883148,0.014141877181828022,0.012319755740463734,0.005662958137691021,0.006945378612726927,0.015490603633224964,0.007973686791956425,0.006262470502406359,0.006644970737397671,0.007778162136673927,0.008809803053736687,0.008565102703869343,0.007673247717320919,0.012543619610369205,0.007533905562013388,0.010854030027985573,0.009775323793292046,0.00901165883988142,0.012700093910098076,0.007414625491946936,0.007513664197176695,0.00852629728615284,0.011456104926764965,0.012160621583461761,0.005732914432883263,0.010924285277724266,0.0073304190300405025,0.0067810919135808945,0.0057915509678423405,0.004951635841280222,0.0036545745097100735,0.008870209567248821,0.007893686182796955,0.003713924903422594,0.010146945714950562,0.0043784212321043015,0.005602555815130472,0.004573181737214327,0.005574594251811504,0.005619559437036514,0.005616461858153343,0.0026265904307365417,0.011128091253340244,0.0046345870941877365,0.005757306236773729,0.009234591387212276,0.006108696106821299,0.010750225745141506,0.006264072377234697,0.004798625595867634,0.0038496304769068956,0.011803753674030304,0.0034645781852304935,0.007060796022415161,0.004803021904081106,0.009118437767028809,0.005589003674685955,0.0029604132287204266,0.008029529824852943,0.006768368184566498,0.0032813732977956533,0.006735915318131447,0.004369738046079874,0.004797642584890127,0.010059194639325142,0.0029379248153418303,0.0019947178661823273,0.006706476677209139,0.005146151874214411,0.004906965419650078,0.004474547225981951,0.002715273294597864,0.007736619096249342,0.004957619123160839,0.005133969243615866,0.0023097358644008636,0.0020945207215845585,0.0016774858813732862,0.0016315211541950703,0.005030989646911621
200201,0.01093973871320486,0.010107708163559437,0.042124636471271515,0.05941992253065109,0.02335820160806179,0.0024388956371694803,0.02286294475197792,0.017777524888515472,0.017493216320872307,0.009296403266489506,0.016158027574419975,0.02305210568010807,0.029849231243133545,0.014734403230249882,0.02230527065694332,0.01340701337903738,0.005585087463259697,0.012897487729787827,0.014747885055840015,0.014716792851686478,0.010422363877296448,0.00477139838039875,0.007906530052423477,0.006961701903492212,0.01792771928012371,0.01479667890816927,0.0019888614770025015,0.014608597382903099,0.00402112677693367,0.013900140300393105,0.008120936341583729,0.01825643517076969,0.019075710326433182,0.0,0.011219779960811138,0.009844668209552765,0.0035172447096556425,0.004934999160468578,0.017028646543622017,0.004227431956678629,0.0029771681874990463,0.010023575276136398,0.009150524623692036,0.007906673476099968,0.008487031795084476,0.007435694336891174,0.0,0.006854066159576178,0.009438082575798035,0.007739190943539143,0.008204512298107147,0.0042633721604943275,0.0059641217812895775,0.007867804728448391,0.006739953067153692,0.003922877833247185,0.016833076253533363,0.005716304760426283,0.012700330466032028,0.006627976428717375,0.007487798109650612,0.010293669998645782,0.005689513869583607,0.0020404967945069075,0.01583622209727764,0.003821989055722952,0.004246396943926811,0.009226814843714237,0.004766582511365414,0.004006459377706051,0.004563306458294392,0.004123081918805838,0.006185370497405529,0.006859134882688522,0.001183840213343501,0.008017625659704208,0.006413157097995281,0.004329448565840721,0.005673833657056093,0.008183758705854416,0.003237331984564662,0.006668582558631897,0.004097507800906897,0.0034342363942414522,0.005098744761198759,0.00479113357141614,0.0055053140968084335,0.002357459394261241,0.0021417057141661644,0.004756221082061529,0.0023902624379843473,0.0037294472567737103,0.007700719870626926,0.005860490724444389,0.0016076099127531052,0.003521731123328209,0.005064596887677908,0.00694441981613636,0.0024285747203975916,0.001494018011726439,0.007265432272106409,0.004767477512359619,0.001950904494151473,0.00414199847728014,0.0023739736061543226,0.011476919054985046,0.0028926001396030188,0.023177839815616608,0.0017402577213943005,0.002057794714346528,0.002204570919275284,0.0015636467142030597,0.002952152630314231
200202,0.0054170796647667885,0.01707170531153679,0.029002390801906586,0.02098953351378441,0.022433320060372353,0.002652861876413226,0.01684749871492386,0.006334611680358648,0.015259877778589725,0.009087903425097466,0.017589127644896507,0.028878256678581238,0.015841450542211533,0.013267265632748604,0.02410658821463585,0.018382612615823746,0.0037492013070732355,0.007252947427332401,0.012403261847794056,0.012659559957683086,0.004361856263130903,0.00844980776309967,0.010808098129928112,0.006476862356066704,0.006311381701380014,0.012048018164932728,0.008407097309827805,0.016931431367993355,0.020307255908846855,0.009638030081987381,0.010634470731019974,0.01620171032845974,0.011601923033595085,0.008245253004133701,0.01166031789034605,0.011078733950853348,0.02580840326845646,0.014722156338393688,0.015243783593177795,0.005166993010789156,0.023952266201376915,0.009973596781492233,0.00991668552160263,0.021032165735960007,0.007937442511320114,0.009304468519985676,0.010083477012813091,0.006274592597037554,0.008652136661112309,0.007083928678184748,0.01841038465499878,0.003456172998994589,0.008890208788216114,0.006292073987424374,0.004545704461634159,0.005281762219965458,0.012147147208452225,0.0063910880126059055,0.011587868444621563,0.006699553225189447,0.007967532612383366,0.00773323280736804,0.006434787530452013,0.003328297520056367,0.004188854712992907,0.0055526806972920895,0.002227025805041194,0.008366827853024006,0.00392497144639492,0.0046095275320112705,0.0031707927118986845,0.005730623845010996,0.006470290943980217,0.002869796473532915,0.002038744045421481,0.00711694685742259,0.0037083770148456097,0.005297157913446426,0.01157836988568306,0.008469597436487675,0.0066005936823785305,0.006077424623072147,0.004119732417166233,0.003113382961601019,0.01142736803740263,0.003706119954586029,0.0033359937369823456,0.011737870052456856,0.004794074222445488,0.0034407738130539656,0.0018610615516081452,0.002466171747073531,0.005901054944843054,0.005308416206389666,0.001760263810865581,0.003619080176576972,0.005999274551868439,0.00781015120446682,0.0030494758393615484,0.0019578784704208374,0.0089119803160429,0.005054784938693047,0.005749047733843327,0.004513069987297058,0.002875459613278508,0.009890102781355381,0.007267918437719345,0.002384946681559086,0.0032241845037788153,0.002757331822067499,0.0014003749238327146,0.0017426935955882072,0.004114134237170219
200203,0.003756421385332942,0.0,0.016584135591983795,0.0021746368147432804,0.024173516780138016,0.0021488741040229797,0.019187916070222855,0.0474250391125679,0.02496025525033474,0.04201481118798256,0.017471158877015114,0.0,0.024559898301959038,0.019336383789777756,0.014881633222103119,0.009775007143616676,0.005304067861288786,0.017815230414271355,0.012158800847828388,0.014224588871002197,0.0021394311916083097,0.005104037467390299,0.0072816042229533195,0.009549852460622787,0.01118823979049921,0.01130455918610096,0.020161394029855728,0.0030662440694868565,0.0030912484508007765,0.02301480621099472,0.009820773266255856,0.009266439825296402,0.009501470252871513,0.003006096463650465,0.011938266456127167,0.012484647333621979,0.0076525770127773285,0.005885429680347443,0.014406820759177208,0.005837892647832632,0.002470256295055151,0.010022229515016079,0.006036619655787945,0.006288636475801468,0.008826500736176968,0.00682023586705327,0.0029679695144295692,0.009481871500611305,0.008843393065035343,0.00774051109328866,0.012773132883012295,0.003271233756095171,0.007520581129938364,0.011780335567891598,0.014456324279308319,0.004397065844386816,0.015182037837803364,0.006773335859179497,0.012736923061311245,0.007780273444950581,0.007928849197924137,0.010615728795528412,0.0036568257492035627,0.008230265229940414,0.007751036901026964,0.006563130300492048,0.0036401497200131416,0.006848033983260393,0.004813598934561014,0.00691950274631381,0.0072977845557034016,0.010458506643772125,0.0078014773316681385,0.010065294802188873,0.0022536185570061207,0.011362113058567047,0.011298581026494503,0.005459256935864687,0.012181136757135391,0.006145027466118336,0.002852614503353834,0.007581404875963926,0.005755140911787748,0.0036808412987738848,0.017006371170282364,0.011012309230864048,0.001205828390084207,0.009604114107787609,0.004969750065356493,0.004923434462398291,0.0033936086110770702,0.005052798893302679,0.006097850855439901,0.002150486456230283,0.0029328831005841494,0.0040061697363853455,0.005427876487374306,0.010953471064567566,0.00219156127423048,0.003276074305176735,0.006982341408729553,0.005098366644233465,0.008625430054962635,0.005191935691982508,0.003676049178466201,0.00958978570997715,0.005367748439311981,0.0033632852137088776,0.0027618687599897385,0.003088903147727251,0.0033927024342119694,0.0,0.007673385087400675
200204,0.0009759250096976757,0.03567780926823616,0.0809076577425003,0.01638748124241829,0.02320815622806549,0.0016488484106957912,0.021968521177768707,0.018937082961201668,0.007045682519674301,0.009164121001958847,0.017424046993255615,0.0017880980158224702,0.005547201726585627,0.009978099726140499,0.009296504780650139,0.007660725153982639,0.00796516239643097,0.012820027768611908,0.012174372561275959,0.014273053035140038,0.007454111706465483,0.0056869215331971645,0.005840647034347057,0.006440645549446344,0.006299068685621023,0.011977631598711014,0.010227231308817863,0.0029972107149660587,0.005189325660467148,0.030410004779696465,0.008720357902348042,0.008764633908867836,0.004348789807409048,0.0,0.009995202533900738,0.012378103099763393,0.004328219685703516,0.004835026804357767,0.011665333062410355,0.01014462299644947,0.012750603258609772,0.008441515266895294,0.00792586337774992,0.004719942808151245,0.00902274064719677,0.007699410431087017,0.005508232396095991,0.008159959688782692,0.010159892961382866,0.007038822863250971,0.006809932645410299,0.011341922916471958,0.007645069621503353,0.008166318759322166,0.012276515364646912,0.010743177495896816,0.01910133846104145,0.00595075311139226,0.010363545268774033,0.00733051635324955,0.006467424798756838,0.006020916160196066,0.00477860402315855,0.0026795424055308104,0.006622536573559046,0.004609191324561834,0.0022668647579848766,0.01050016563385725,0.0052433861419558525,0.008850613608956337,0.012088469229638577,0.006779700517654419,0.006499271374195814,0.0054707759991288185,0.0032771159894764423,0.005688282195478678,0.004467299673706293,0.006630346644669771,0.009047269821166992,0.005283142905682325,0.0037409099750220776,0.008227941580116749,0.008524096570909023,0.003675660351291299,0.014164506457746029,0.009079239331185818,0.003151573007926345,0.004010624252259731,0.06591051071882248,0.0030580514576286077,0.0034695432987064123,0.003730511525645852,0.0046762824058532715,0.0023546807933598757,0.00418277969583869,0.0034349788911640644,0.006017066538333893,0.0041696554981172085,0.0017777483444660902,0.00355417188256979,0.008583402261137962,0.005052847322076559,0.0026123253628611565,0.0046466076746582985,0.003065509023144841,0.009377631358802319,0.0049080755561590195,0.002709038555622101,0.0014803335070610046,0.001879800227470696,0.0009088239166885614,0.0009674460743553936,0.005918970797210932
200205,0.0059946211986243725,0.0018875160021707416,0.015364408493041992,0.027232281863689423,0.02290543168783188,0.0018350973259657621,0.024043545126914978,0.026698704808950424,0.02201150916516781,0.004366470500826836,0.014799668453633785,0.03421277925372124,0.009785017929971218,0.014727785252034664,0.017989834770560265,0.02023572474718094,0.006274163722991943,0.011659305542707443,0.011919588781893253,0.014866713434457779,0.009507897309958935,0.004891865886747837,0.005723911337554455,0.00616403017193079,0.011863798834383488,0.01390205416828394,0.011027902364730835,0.013378974981606007,0.008148395456373692,0.005755770485848188,0.009649522602558136,0.018360769376158714,0.0021889987401664257,0.0011093582725152373,0.01581682451069355,0.011475572362542152,0.004424587357789278,0.009341288357973099,0.01268028188496828,0.009398043155670166,0.0025614409241825342,0.01036896649748087,0.007361529860645533,0.014345153234899044,0.008277975022792816,0.00967393908649683,0.01708286628127098,0.0078094941563904285,0.010747101157903671,0.008354160003364086,0.0112666180357337,0.008263884112238884,0.00469236122444272,0.008885813876986504,0.011211925186216831,0.00511269923299551,0.007378763984888792,0.010202513076364994,0.012088117189705372,0.004944074898958206,0.0064373803324997425,0.007548593450337648,0.005921806208789349,0.0027249485719949007,0.007560779806226492,0.005598281975835562,0.002283909125253558,0.008570121601223946,0.00461615901440382,0.005549480672925711,0.012583648785948753,0.003299043281003833,0.005992529448121786,0.004221008159220219,0.009280014783143997,0.005927546881139278,0.0073206499218940735,0.003503757296130061,0.007966838777065277,0.005099727772176266,0.003041089279577136,0.00986422598361969,0.004073712043464184,0.0034149412531405687,0.01766902208328247,0.003975297324359417,0.00396035797894001,0.004633628763258457,0.02490757219493389,0.0033748375717550516,0.002766774035990238,0.023219292983412743,0.006181505508720875,0.005195267032831907,0.003739871783182025,0.0037701197434216738,0.0062981522642076015,0.009075351990759373,0.0016301178839057684,0.0013109586434438825,0.007152668200433254,0.005184616427868605,0.005023420322686434,0.004423618316650391,0.0035515939816832542,0.011071979068219662,0.008933605626225471,0.0021099867299199104,0.0036264716181904078,0.002040333580225706,0.001566822174936533,0.0026035497430711985,0.004353705793619156
200206,0.0033024540171027184,0.004991969559341669,0.03328317403793335,0.02537136897444725,0.02170286700129509,0.00413023866713047,0.021646229550242424,0.00720161572098732,0.021926194429397583,0.0034502525813877583,0.01581704057753086,0.0026559969410300255,0.043945103883743286,0.012881225906312466,0.007814066484570503,0.012102417647838593,0.01704382710158825,0.012700141407549381,0.012754210270941257,0.013979996554553509,0.0246796403080225,0.010387475602328777,0.03283468633890152,0.007436809595674276,0.012803403660655022,0.014535651542246342,0.010724836960434914,0.01623821072280407,0.010238215327262878,0.014555379748344421,0.0076142861507833,0.011622442863881588,0.0052208430133759975,0.007027514278888702,0.01111712958663702,0.011917885392904282,0.0008108887122943997,0.007147208787500858,0.013282145373523235,0.008414248935878277,0.022732514888048172,0.009907049126923084,0.009190475568175316,0.005015145055949688,0.0084629375487566,0.008238498121500015,0.01270524226129055,0.005858926568180323,0.009882214479148388,0.00710416492074728,0.010370018891990185,0.003888236591592431,0.006628353148698807,0.007445846684277058,0.006651520729064941,0.004258489236235619,0.009577774442732334,0.005294993985444307,0.010888145305216312,0.006395423319190741,0.007585745304822922,0.007301790174096823,0.005812343675643206,0.007427135482430458,0.014818357303738594,0.0076562161557376385,0.004561222158372402,0.010883109644055367,0.004496946930885315,0.004753993824124336,0.0026637506671249866,0.0038581951521337032,0.006126236170530319,0.004915226250886917,0.0017263649497181177,0.00581319211050868,0.008306728675961494,0.0037589266430586576,0.006902892142534256,0.009082634001970291,0.0053189885802567005,0.007014409638941288,0.00836319848895073,0.003160621039569378,0.02513447217643261,0.003360297530889511,0.0,0.00397490942850709,0.002658521756529808,0.0062180315144360065,0.001740297768265009,0.005408868193626404,0.0036960698198527098,0.002015664940699935,0.002248477889224887,0.003920907154679298,0.004912434611469507,0.006225593853741884,0.0019728965125977993,0.0012934317346662283,0.00870080478489399,0.004686516709625721,0.0025963913649320602,0.004840142093598843,0.0031065933872014284,0.011594393290579319,0.002981803845614195,0.003170083509758115,0.011226111091673374,0.002538710366934538,0.0012094922130927444,0.0027150295209139585,0.005739542655646801
200207,0.002113837981596589,0.02717958763241768,0.03646450862288475,0.03221119940280914,0.02413366362452507,0.002243902301415801,0.020374560728669167,0.003042898839339614,0.018218141049146652,0.008388148620724678,0.01814023219048977,0.004907628055661917,0.024331606924533844,0.011452407576143742,0.02214333601295948,0.00140650465618819,0.012452547438442707,0.027285363525152206,0.01403795089572668,0.014808290638029575,0.007851640693843365,0.002230991143733263,0.0018982829060405493,0.007583428639918566,0.011322521604597569,0.01318636815994978,0.007993699051439762,0.014151752926409245,0.005339161027222872,0.028881050646305084,0.010549874976277351,0.012485463172197342,0.009018843062222004,0.004933804739266634,0.01461684051901102,0.012501374818384647,0.0,0.014137799851596355,0.014968061819672585,0.00753690954297781,0.004843414761126041,0.009555717930197716,0.009300284087657928,0.021815774962306023,0.00833104271441698,0.010315748862922192,0.005328747443854809,0.007326756604015827,0.010915662162005901,0.009608401916921139,0.008302684873342514,0.013780418783426285,0.005106719210743904,0.007559663150459528,0.0030720923095941544,0.005089981015771627,0.01277916505932808,0.0060430848971009254,0.011950533837080002,0.005730385892093182,0.007521696854382753,0.007902235724031925,0.00671330327168107,0.003324349643662572,0.009457208216190338,0.006177173927426338,0.00489335460588336,0.009530683048069477,0.005586969666182995,0.005140925757586956,0.0,0.0035413065925240517,0.004890406504273415,0.011433228850364685,0.0026704317424446344,0.005000791512429714,0.007537552155554295,0.005849792622029781,0.013837005943059921,0.00815869215875864,0.004312717355787754,0.009346510283648968,0.003969826735556126,0.0032944437116384506,0.01471648458391428,0.007649567909538746,0.0,0.005061272997409105,0.00598711846396327,0.006203503347933292,0.0015341110993176699,0.021169137209653854,0.006044268608093262,0.0029875754844397306,0.0024821076076477766,0.0038082522805780172,0.005848538130521774,0.003989607095718384,0.002607365371659398,0.0,0.007074616849422455,0.005881197284907103,0.0024938846472650766,0.004704889841377735,0.003937253728508949,0.011107346042990685,0.0023959979880601168,0.0023031020537018776,0.0035452810116112232,0.0027479047421365976,0.0018656186293810606,0.00159581215120852,0.006887073162943125
200208,0.003830329980701208,0.0557921938598156,0.04686952754855156,0.0393972210586071,0.02198636531829834,0.004089175257831812,0.01607045717537403,0.0189563799649477,0.022402407601475716,0.004256417974829674,0.015694765374064445,0.014849928207695484,0.00855866726487875,0.015640055760741234,0.013258441351354122,0.0024637789465487003,0.003452322678640485,0.011359700933098793,0.012238782830536366,0.012263011187314987,0.011101859621703625,0.0058705504052340984,0.007592770736664534,0.00963196624070406,0.017268473282456398,0.011885788291692734,0.012750363908708096,0.02190605364739895,0.00405207509174943,0.011782662943005562,0.006400147452950478,0.012342792935669422,0.008973208256065845,0.003504774998873472,0.013660094700753689,0.010788945481181145,0.012520425952970982,0.007354920729994774,0.013733427040278912,0.005757405888289213,0.0033162671606987715,0.009269310161471367,0.00868127029389143,0.005551608745008707,0.008667071349918842,0.009986269287765026,0.006958629935979843,0.005942826624959707,0.008355476893484592,0.008666392415761948,0.00661530252546072,0.004429609049111605,0.006054934114217758,0.00729792658239603,0.0017636826960369945,0.006203467026352882,0.011780313216149807,0.006691408343613148,0.011435292661190033,0.008118955418467522,0.005907148122787476,0.00352883362211287,0.005675933323800564,0.0026357192546129227,0.004254950676113367,0.003427258227020502,0.002421006793156266,0.007373716216534376,0.004548709839582443,0.004349119029939175,0.01059010997414589,0.01641816832125187,0.00649382546544075,0.0046422346495091915,0.001566238235682249,0.011512248776853085,0.0037216362543404102,0.004542549606412649,0.01100059226155281,0.015956856310367584,0.006124292965978384,0.008473173715174198,0.004036619793623686,0.002872021868824959,0.01739245280623436,0.008913790807127953,0.0017002663807943463,0.0065113576129078865,0.008270659483969212,0.005225225817412138,0.0013214618666097522,0.010982916690409184,0.00578354811295867,0.003970432095229626,0.0027196654118597507,0.004407617263495922,0.005163724534213543,0.004752031527459621,0.0024974136613309383,0.0014385796384885907,0.007741718087345362,0.005180978216230869,0.004469132982194424,0.005839562509208918,0.0035413496661931276,0.008934997022151947,0.0028944998048245907,0.005116495303809643,0.004221601877361536,0.0020902904216200113,0.0019735940732061863,0.001513320836238563,0.005263703875243664
200209,0.005395947955548763,0.023559534922242165,0.013580221682786942,0.10214713215827942,0.02258327789604664,0.002308785915374756,0.01616940088570118,0.0033392675686627626,0.016285516321659088,0.005483380984514952,0.017633378505706787,0.00622708210721612,0.004961647558957338,0.015492010861635208,0.017394039779901505,0.0,0.00804683193564415,0.008142378181219101,0.013675451278686523,0.014420178718864918,0.0035823278594762087,0.0038106234278529882,0.0,0.0079177375882864,0.016674300655722618,0.011570977978408337,0.004517642315477133,0.011517156846821308,0.006408066023141146,0.016072634607553482,0.022745996713638306,0.012023134157061577,0.00621794955804944,0.007876673713326454,0.010960476472973824,0.00978635810315609,0.004293517209589481,0.010204165242612362,0.014058935455977917,0.00567763252183795,0.003812795737758279,0.01018575020134449,0.00971162784844637,0.019038790836930275,0.00915865320712328,0.00804976187646389,0.013476205058395863,0.008698603138327599,0.010376667603850365,0.006947938818484545,0.008375037461519241,0.012452950701117516,0.007746976334601641,0.007696294691413641,0.004750881344079971,0.010250100865960121,0.01059050764888525,0.008907580748200417,0.012110842391848564,0.007570118643343449,0.0076445648446679115,0.005988867953419685,0.004382253624498844,0.011528003960847855,0.020988352596759796,0.006510226521641016,0.004720304161310196,0.010298998095095158,0.004337660036981106,0.0036002835258841515,0.0078611820936203,0.00899446476250887,0.006050918251276016,0.004427792504429817,0.0035725587513297796,0.008293574675917625,0.0103460643440485,0.004156045615673065,0.012083363719284534,0.012324346229434013,0.002097355667501688,0.00796188972890377,0.004001007415354252,0.00352353579364717,0.011844666674733162,0.00367433181963861,0.006040081847459078,0.0049375444650650024,0.0026226956397295,0.008185883983969688,0.002613427583128214,0.00840297807008028,0.0049051884561777115,0.0015884825261309743,0.003838055534288287,0.003742585424333811,0.007013231981545687,0.007595154456794262,0.001527665532194078,0.001450148643925786,0.005877852439880371,0.004676807206124067,0.0070400177501142025,0.0043302797712385654,0.0038053931202739477,0.01011902466416359,0.0031107249669730663,0.0017826886614784598,0.0022435353603214025,0.0018012657528743148,0.0016199233941733837,0.0,0.005246822722256184
200210,0.019766952842473984,0.0013064040103927255,0.010618854314088821,0.03530126065015793,0.025479178875684738,0.0016411616234108806,0.021965058520436287,0.02471521683037281,0.014041637070477009,0.009523974731564522,0.017706505954265594,0.007048754021525383,0.005992793943732977,0.012969942763447762,0.023677321150898933,0.0,0.006530248560011387,0.010671185329556465,0.013506977818906307,0.014196195639669895,0.003639059839770198,0.0045371088199317455,0.007019798271358013,0.010800349526107311,0.013126924633979797,0.012683865614235401,0.008932276628911495,0.011265810579061508,0.007328629959374666,0.012501338496804237,0.006941016297787428,0.010673102922737598,0.0013317825505509973,0.004841064568608999,0.011245816014707088,0.009991101920604706,0.019574152305722237,0.007760979700833559,0.013355758041143417,0.008907848037779331,0.023077011108398438,0.01068155374377966,0.011065155267715454,0.015247858129441738,0.007756554521620274,0.010426600463688374,0.007942387834191322,0.007765369489789009,0.008669266477227211,0.012796562165021896,0.014675548300147057,0.0051638782024383545,0.005741449538618326,0.008641146123409271,0.007391244173049927,0.00922240037471056,0.012959402054548264,0.009564010426402092,0.011334968730807304,0.00658212648704648,0.007863480597734451,0.007154193706810474,0.002331876428797841,0.01734653301537037,0.014974082820117474,0.0036713224835693836,0.003996567334979773,0.009989564307034016,0.004967863671481609,0.00567616755142808,0.00981852039694786,0.004398825112730265,0.006446866784244776,0.005041937809437513,0.002293385798111558,0.01748749613761902,0.004114609677344561,0.009197194129228592,0.011777132749557495,0.00651414692401886,0.004083826206624508,0.010495764203369617,0.0037066428922116756,0.0035776703152805567,0.015652423724532127,0.009473265148699284,0.002504002535715699,0.005473101511597633,0.005938740447163582,0.006748771294951439,0.002260565524920821,0.0011100707342848182,0.007335423491895199,0.0019914668519049883,0.002452253131195903,0.00403014337643981,0.00679237162694335,0.0064255897887051105,0.0022307862527668476,0.008035348728299141,0.0075009530410170555,0.005116522777825594,0.0028138039633631706,0.005122550297528505,0.0036538606509566307,0.011400497518479824,0.002417015377432108,0.001840340904891491,0.00806510727852583,0.0037877366412431,0.0022565675899386406,0.004259302280843258,0.006563843227922916
200211,0.0034232130274176598,0.01353878527879715,0.03412150591611862,0.026618655771017075,0.025598444044589996,0.0015751008177176118,0.020811384543776512,0.0033000989351421595,0.007729751989245415,0.0077898441813886166,0.01926374062895775,0.019614722579717636,0.009758424945175648,0.013710606843233109,0.020685603842139244,0.002598266117274761,0.008857733570039272,0.009555757977068424,0.013951891101896763,0.014085597358644009,0.014524964615702629,0.0026155863888561726,0.0022596335038542747,0.010710854083299637,0.011218099854886532,0.013822040520608425,0.01234691496938467,0.0035353146959096193,0.0033858732786029577,0.01564997062087059,0.01253701001405716,0.016046278178691864,0.001485715969465673,0.008415709249675274,0.010407005436718464,0.008838213980197906,0.0020196891855448484,0.010119288228452206,0.013975599780678749,0.004805675707757473,0.0030755293555557728,0.010053781792521477,0.008744699880480766,0.007618499919772148,0.008551927283406258,0.009184622205793858,0.0,0.007461821660399437,0.008993430063128471,0.011430500075221062,0.015562722459435463,0.014527631923556328,0.009826114401221275,0.008321912959218025,0.0074948207475245,0.011739312671124935,0.01147894561290741,0.006983928382396698,0.01323638204485178,0.006943683139979839,0.009170150384306908,0.008779650554060936,0.0025313140358775854,0.0021719494834542274,0.006012973841279745,0.007750747259706259,0.0073073203675448895,0.009845245629549026,0.004942228086292744,0.005485186353325844,0.028474466875195503,0.004522575996816158,0.005686586257070303,0.013480018824338913,0.0027559094596654177,0.006277079228311777,0.007950476370751858,0.003916969057172537,0.012951246462762356,0.008686509914696217,0.005176484119147062,0.012016460299491882,0.0029658160638064146,0.0037273208145052195,0.008198712021112442,0.004573453217744827,0.0,0.002825676230713725,0.02795333042740822,0.00487050786614418,0.001718213316053152,0.02890702337026596,0.007943789474666119,0.0027002624701708555,0.003659988520666957,0.004092465620487928,0.0060547408647835255,0.006775203626602888,0.0018114345148205757,0.0044852737337350845,0.007699175737798214,0.0053959377110004425,0.0031641460955142975,0.005036237183958292,0.0037354386877268553,0.015344420447945595,0.0032075494527816772,0.003153599565848708,0.004267857410013676,0.002794277621433139,0.001349868718534708,0.0029464031103998423,0.006211551837623119
200212,0.003934181295335293,0.02616732381284237,0.03748997673392296,0.013052203692495823,0.026017479598522186,0.002106338506564498,0.028537439182400703,0.027009960263967514,0.013830095529556274,0.018938766792416573,0.01825915090739727,0.0,0.05238106846809387,0.014763225801289082,0.013001813553273678,0.0,0.0054941922426223755,0.01005987636744976,0.01589053124189377,0.01380981132388115,0.011172005906701088,0.008144146762788296,0.001368771307170391,0.007643297780305147,0.005571602378040552,0.015134296379983425,0.009504028595983982,0.02651650831103325,0.004070182330906391,0.015340003184974194,0.008160584606230259,0.012336460873484612,0.006983415223658085,0.007490064017474651,0.012028440833091736,0.011425799690186977,0.0049305264838039875,0.004727121442556381,0.015273069962859154,0.01076623983681202,0.0026575778611004353,0.012999271042644978,0.008817401714622974,0.004672023467719555,0.010189779102802277,0.007245355285704136,0.009324627928435802,0.009310734458267689,0.010076779872179031,0.0081214914098382,0.011963187716901302,0.002578401006758213,0.0058525255881249905,0.009459923021495342,0.007137306500226259,0.015134966932237148,0.011774023994803429,0.007781076245009899,0.012032987549901009,0.010787460952997208,0.0077122836373746395,0.008432900533080101,0.0035131159238517284,0.0,0.007564031518995762,0.004304544068872929,0.004588274750858545,0.011484893038868904,0.005017576739192009,0.003895708592608571,0.016303569078445435,0.008358575403690338,0.005929126869887114,0.004327989183366299,0.0020560622215270996,0.011896670795977116,0.005850688088685274,0.0036341086961328983,0.012891898863017559,0.006407181732356548,0.003940900322049856,0.006897485349327326,0.005279663018882275,0.003919878508895636,0.013514868915081024,0.003479631384834647,0.0,0.0032626204192638397,0.0,0.007975476793944836,0.002057046862319112,0.0024428381584584713,0.0065632532350718975,0.0026089113671332598,0.003387346165254712,0.004176203161478043,0.006809814367443323,0.0061501567251980305,0.002234437270089984,0.002955521224066615,0.009194145910441875,0.005614581052213907,0.0034974790178239346,0.005920444615185261,0.0049326298758387566,0.014166411012411118,0.002847127616405487,0.0022809079382568598,0.0032070630695670843,0.0018720794469118118,0.0017935865325853229,0.0,0.005601414479315281
200301,0.009618167765438557,0.07206010818481445,0.04926421120762825,0.03371923789381981,0.022993410006165504,0.0035426588729023933,0.024451708421111107,0.013758134096860886,0.012002279050648212,0.011705433018505573,0.01693657971918583,0.0009221824002452195,0.011541698127985,0.013344722799956799,0.01723390817642212,0.0,0.00484503572806716,0.006026878021657467,0.01355856005102396,0.01213766448199749,0.003048101207241416,0.01096426323056221,0.020949093624949455,0.00792212225496769,0.014236248098313808,0.01070108637213707,0.007055569440126419,0.005117127206176519,0.008398568257689476,0.004098549950867891,0.010950217954814434,0.006486624013632536,0.007580372504889965,0.006504208780825138,0.010433284565806389,0.011334394104778767,0.011148104444146156,0.006402899045497179,0.012947021052241325,0.004958037752658129,0.002833170350641012,0.009980220347642899,0.010699223726987839,0.00556514086201787,0.007318018935620785,0.006518564652651548,0.018809454515576363,0.009096203371882439,0.010158266872167587,0.007855868898332119,0.003877167822793126,0.008245657198131084,0.00646620336920023,0.00977851077914238,0.008004892617464066,0.00482864398509264,0.011108143255114555,0.00814399030059576,0.011500445194542408,0.006269764620810747,0.008231539279222488,0.006217275746166706,0.004962030798196793,0.0023064580745995045,0.0,0.0,0.0039809816516935825,0.00995531864464283,0.005685401149094105,0.006260331254452467,0.01465636771172285,0.004184280056506395,0.00723457895219326,0.004244157113134861,0.0022468012757599354,0.006254979874938726,0.003736282931640744,0.003760766703635454,0.009795195423066616,0.006619094870984554,0.005266664549708366,0.007434525061398745,0.0075120627880096436,0.003099960507825017,0.009112551808357239,0.002977408468723297,0.006855804938822985,0.003043274162337184,0.0023413030430674553,0.0051606944762170315,0.0028088220860809088,0.022319678217172623,0.004672935698181391,0.003926990088075399,0.004518462345004082,0.003893554210662842,0.007214094512164593,0.008928172290325165,0.00773627171292901,0.0014073699712753296,0.007046964485198259,0.005626167636364698,0.0,0.005763443652540445,0.004798765294253826,0.011578602716326714,0.002895599463954568,0.00435781991109252,0.0021556150168180466,0.0020332548301666975,0.0018475899705663323,0.017613986507058144,0.005763646215200424
200302,0.00325972493737936,0.02786051109433174,0.014329588040709496,0.0,0.02433367259800434,0.002046093111857772,0.02046770416200161,0.0035631998907774687,0.015460895374417305,0.006257173139601946,0.019029593095183372,0.0025710018817335367,0.03271876648068428,0.015271840617060661,0.016756942495703697,0.0014693841803818941,0.007156833074986935,0.011352554894983768,0.01304709818214178,0.014334228821098804,0.007892434485256672,0.00511902617290616,0.0,0.008238798938691616,0.0211474746465683,0.012949674390256405,0.004622090607881546,0.02321713976562023,0.006245746277272701,0.0035003693774342537,0.018590619787573814,0.010399837046861649,0.00385494576767087,0.0061116814613342285,0.010081356391310692,0.01035295333713293,0.006367414258420467,0.007818803191184998,0.013242890127003193,0.009615165181457996,0.0034735507797449827,0.010304082185029984,0.009867280721664429,0.005005810875445604,0.008450675755739212,0.009183542802929878,0.0021810426842421293,0.010404151864349842,0.009569255635142326,0.009716476313769817,0.003794674063101411,0.02430836483836174,0.007972778752446175,0.008932125754654408,0.007741862442344427,0.013038275763392448,0.01196309458464384,0.009317505173385143,0.012480088509619236,0.0075521343387663364,0.007723786868155003,0.00627428013831377,0.009042209945619106,0.007872302085161209,0.006122470833361149,0.0016539371572434902,0.0043091606348752975,0.009580994956195354,0.006100807338953018,0.007974978536367416,0.013062049634754658,0.004406324587762356,0.0076072802767157555,0.00486748619005084,0.002634767908602953,0.017516003921628,0.008919467218220234,0.0038322978653013706,0.011868016794323921,0.007385303732007742,0.005368595011532307,0.008397570811212063,0.006615620106458664,0.003523044055327773,0.01311233639717102,0.003528025234118104,0.0041073705069720745,0.005123979412019253,0.005316151771694422,0.009090094827115536,0.00242475513368845,0.03666134178638458,0.007206845562905073,0.005869500804692507,0.008332382887601852,0.004745918326079845,0.00834513921290636,0.007109876722097397,0.0017586883623152971,0.009218201041221619,0.008357197977602482,0.0056418380700051785,0.00959009863436222,0.004910637624561787,0.005342436954379082,0.017075208947062492,0.002868792274966836,0.0015727857826277614,0.0035743305925279856,0.0020437752828001976,0.0019233168568462133,0.0013920966302976012,0.005186095368117094
200303,0.0011678511509671807,0.03731707111001015,0.01687079481780529,0.056437525898218155,0.02428736537694931,0.0027656026650220156,0.024901095777750015,0.024707231670618057,0.01731380634009838,0.01389117818325758,0.017913304269313812,0.003981490153819323,0.00544624961912632,0.01595858857035637,0.019888203591108322,0.0,0.0044772629626095295,0.011686994694173336,0.0137515002861619,0.015053702518343925,0.007529158145189285,0.001382062560878694,0.003647454781457782,0.00993968453258276,0.014113238081336021,0.013435409404337406,0.014190963469445705,0.011642856523394585,0.008947497233748436,0.00270127784460783,0.01079445518553257,0.01731509156525135,0.002533052582293749,0.009585878811776638,0.013140068389475346,0.010618465952575207,0.0031028783414512873,0.00899480190128088,0.014485426247119904,0.006145838648080826,0.004938589874655008,0.012129667215049267,0.012118815444409847,0.006276980973780155,0.010282380506396294,0.008170868270099163,0.0030797175131738186,0.009617330506443977,0.010393663309514523,0.011511314660310745,0.00404376070946455,0.0011631983797997236,0.008867636322975159,0.007871458306908607,0.0041147456504404545,0.014739498496055603,0.01356438547372818,0.0063273608684539795,0.01365076843649149,0.009906276129186153,0.008064637891948223,0.008070206269621849,0.006856345105916262,0.005119574721902609,0.010318737477064133,0.004887252580374479,0.0026877636555582285,0.009754020720720291,0.007276464253664017,0.006466432474553585,0.0034088187385350466,0.00451489444822073,0.007253670133650303,0.00410776911303401,0.006498504430055618,0.004156526643782854,0.007208156865090132,0.004522709175944328,0.012214209884405136,0.00978749617934227,0.008099214173853397,0.007902504876255989,0.005567811895161867,0.003769122064113617,0.011643433943390846,0.004569739103317261,0.0029446848202496767,0.006058806553483009,0.003036237321794033,0.0050671715289354324,0.0018968600779771805,0.005260140169411898,0.0071577695198357105,0.004517689347267151,0.003263319842517376,0.004480302333831787,0.007208171300590038,0.010765955783426762,0.0030559708829969168,0.0042577036656439304,0.008209389634430408,0.005762653890997171,0.005884689744561911,0.005312902852892876,0.0056836726143956184,0.013258378952741623,0.006350523792207241,0.0033274583984166384,0.003567206207662821,0.003832930466160178,0.0016926340758800507,0.0013841601321473718,0.007205895148217678
200304,0.004870355129241943,0.0010359169682487845,0.01612870953977108,0.011886539869010448,0.02078096754848957,0.002549858996644616,0.022673098370432854,0.0047315857373178005,0.02902979776263237,0.024943705648183823,0.018288368359208107,0.003866092534735799,0.02519918791949749,0.01631472073495388,0.021130267530679703,0.0,0.006899800151586533,0.010999687947332859,0.01337347086519003,0.013343611732125282,0.024300292134284973,0.0,0.006138535216450691,0.011580844409763813,0.01722530461847782,0.01464086677879095,0.014156575314700603,0.003997093997895718,0.011414817534387112,0.004007277078926563,0.012815767899155617,0.021867217496037483,0.0182610172778368,0.003987928852438927,0.010324733331799507,0.010508480481803417,0.0023747433442622423,0.007452758960425854,0.015886494889855385,0.007813751697540283,0.003468212904408574,0.01072990708053112,0.010378172621130943,0.004856965970247984,0.008911823853850365,0.005687462165951729,0.005120342131704092,0.009157942607998848,0.008402486331760883,0.0085276048630476,0.005674649029970169,0.015388309955596924,0.008178126066923141,0.00785953551530838,0.009832346811890602,0.017202746123075485,0.009696060791611671,0.006801163777709007,0.01312374509871006,0.0071707963943481445,0.010029161348938942,0.009226635098457336,0.0065608820877969265,0.002453577471897006,0.004812312312424183,0.002359580947086215,0.0030226276721805334,0.006944368593394756,0.005548170302063227,0.004290398210287094,0.00400003045797348,0.004172209184616804,0.007673189975321293,0.00825806986540556,0.0039047219324856997,0.008116819895803928,0.004678164608776569,0.005659017711877823,0.013522525317966938,0.009252571500837803,0.005116756074130535,0.009537368081510067,0.005978791508823633,0.004055384546518326,0.009298508986830711,0.004610561300069094,0.0075236898846924305,0.0041710445657372475,0.00423932122066617,0.00605764938518405,0.0016697094542905688,0.01220619585365057,0.004713377915322781,0.0055352249182760715,0.0025291938800364733,0.004403837490826845,0.007510399911552668,0.007292699068784714,0.0028991051949560642,0.00346748111769557,0.010987428016960621,0.006081883795559406,0.004526615608483553,0.004768090788275003,0.005259566940367222,0.015600834973156452,0.0030747095588594675,0.0064466968178749084,0.030299987643957138,0.0018724460387602448,0.002496221801266074,0.001382209244184196,0.006933257449418306
200305,0.001935693551786244,0.05947122350335121,0.019090667366981506,0.0019080796046182513,0.024367865175008774,0.0014822055818513036,0.03425809368491173,0.023190850391983986,0.02726258896291256,0.009426691569387913,0.016827687621116638,0.0034929693210870028,0.0060661970637738705,0.016546551138162613,0.022504568099975586,0.0,0.006458295974880457,0.009683161042630672,0.013145753182470798,0.013244330883026123,0.010854732245206833,0.002055574208498001,0.029579253867268562,0.009594307281076908,0.01072192844003439,0.012632540427148342,0.01152538787573576,0.0014952259371057153,0.004918132908642292,0.005963719449937344,0.014840099029242992,0.008824920281767845,0.008968044072389603,0.008835455402731895,0.010767095722258091,0.014881345443427563,0.0032233695965260267,0.011444324627518654,0.016225585713982582,0.007999070920050144,0.003548986744135618,0.01238039880990982,0.008069423958659172,0.006416521966457367,0.008973927237093449,0.007065822370350361,0.007525794208049774,0.006670975126326084,0.008264698088169098,0.007930831983685493,0.005610654596239328,0.01861264929175377,0.009860288351774216,0.007895911112427711,0.007184946443885565,0.009302130900323391,0.012494255788624287,0.0075167096219956875,0.012253092601895332,0.007458897307515144,0.008784187957644463,0.006123192608356476,0.0026620826683938503,0.0053360858000814915,0.014780324883759022,0.001311975996941328,0.005665615666657686,0.007801066152751446,0.006136165466159582,0.003663676558062434,0.006042394787073135,0.004112515598535538,0.007814398966729641,0.0029147372115403414,0.002447398379445076,0.009895924478769302,0.00870043970644474,0.0035304282791912556,0.013740463182330132,0.008719795383512974,0.00814625434577465,0.007022654637694359,0.0040624490939080715,0.0038376087322831154,0.011310677975416183,0.003680094610899687,0.004507808014750481,0.00550646148622036,0.002216959837824106,0.005166960880160332,0.0017471902538090944,0.01874186098575592,0.006317279301583767,0.0026221382431685925,0.0016490723937749863,0.004353600088506937,0.007582271005958319,0.005583072546869516,0.0022651299368590117,0.0023863487876951694,0.00876624509692192,0.005756021942943335,0.005938369780778885,0.005267255008220673,0.004203528165817261,0.013918156735599041,0.0034784895833581686,0.0025158009957522154,0.006229214370250702,0.001657364540733397,0.003272745991125703,0.0018151106778532267,0.007542422041296959
200306,0.0028087159153074026,0.028662271797657013,0.009478799998760223,0.030568785965442657,0.02557128667831421,0.0,0.016430528834462166,0.004412794951349497,0.021059634163975716,0.009133046492934227,0.015994567424058914,0.02678055502474308,0.006188551429659128,0.018589699640870094,0.015753181651234627,0.0,0.005009234417229891,0.014198670163750648,0.015380719676613808,0.016110042110085487,0.004325046204030514,0.0,0.017321843653917313,0.0069171045906841755,0.009171665646135807,0.015348071232438087,0.015061290934681892,0.0021622825879603624,0.0077243284322321415,0.005325461272150278,0.010163802653551102,0.004667151719331741,0.004476509988307953,0.014018425717949867,0.014055243693292141,0.010887406766414642,0.0044762021861970425,0.008105533197522163,0.013856032863259315,0.005257711745798588,0.00303516979329288,0.009474699385464191,0.010843017138540745,0.01071122381836176,0.00807890109717846,0.010039560496807098,0.0052670566365122795,0.007240153383463621,0.010784052312374115,0.00611140439286828,0.0035161362029612064,0.004969954025000334,0.00629855040460825,0.010571302846074104,0.006066074129194021,0.019473571330308914,0.012759758159518242,0.00813103374093771,0.012588548474013805,0.008476020768284798,0.009324486367404461,0.010580253787338734,0.004955328069627285,0.004867096431553364,0.01734646037220955,0.00129705888684839,0.0071927085518836975,0.009204902686178684,0.007503136061131954,0.0054175155237317085,0.008377795107662678,0.004617638420313597,0.007025172468274832,0.0052282060496509075,0.003101506270468235,0.01684829592704773,0.007349562365561724,0.003835648763924837,0.01289923582226038,0.007741388399153948,0.005114349070936441,0.008901935070753098,0.00797713827341795,0.0037711309269070625,0.014199256896972656,0.004813153762370348,0.004444577265530825,0.006185235921293497,0.013587329536676407,0.007882194593548775,0.0029845808167010546,0.025281567126512527,0.007454682607203722,0.004094391129910946,0.00459954421967268,0.0046330648474395275,0.007973916828632355,0.004945574793964624,0.0018087150529026985,0.010036591440439224,0.00926357414573431,0.005810379981994629,0.0049131326377391815,0.006512065418064594,0.00471351807937026,0.013101032935082912,0.0034797179978340864,0.002443569013848901,0.0,0.001957760890945792,0.001958119450137019,0.0015388550236821175,0.009017583914101124
200307,0.002131032757461071,0.04041922464966774,0.014791805297136307,0.005642465315759182,0.025629732757806778,0.002083592815324664,0.028883205726742744,0.02488904446363449,0.02086857706308365,0.008995624259114265,0.0186117235571146,0.0026182287838310003,0.007975777611136436,0.012403689324855804,0.013889137655496597,0.001200470607727766,0.007913854904472828,0.008876613341271877,0.016814013943076134,0.015282990410923958,0.007935321889817715,0.0016193449264392257,0.012094681151211262,0.007939551956951618,0.014067063108086586,0.014675905928015709,0.011556665413081646,0.005654708482325077,0.005755834747105837,0.004403891507536173,0.008569922298192978,0.015221746638417244,0.00423790467903018,0.009865517728030682,0.013603822328150272,0.013588099740445614,0.005694292951375246,0.009813923388719559,0.017697902396321297,0.005883706733584404,0.0028904264327138662,0.013201736845076084,0.010919490829110146,0.005691876634955406,0.011049840599298477,0.009194410406053066,0.00749121094122529,0.010018899105489254,0.010578034445643425,0.007552045397460461,0.003264731029048562,0.008476663380861282,0.006433810573071241,0.012627219781279564,0.005051232874393463,0.03065159171819687,0.014449834823608398,0.0067542726173996925,0.0142446244135499,0.008324917405843735,0.008769816718995571,0.0042943572625517845,0.00509977200999856,0.004580814391374588,0.00919825118035078,0.0026835105381906033,0.005777713377028704,0.009773568250238895,0.004686030093580484,0.008547164499759674,0.0016706740716472268,0.005158944521099329,0.00597124919295311,0.0055920397862792015,0.0017521847039461136,0.01302708126604557,0.011325088329613209,0.0036192734260112047,0.016602564603090286,0.00984885822981596,0.004577006213366985,0.007981888949871063,0.004936664365231991,0.0037197773344814777,0.01618843339383602,0.0043022544123232365,0.0,0.00834746565669775,0.005979970097541809,0.005823106970638037,0.004546009469777346,0.003102206625044346,0.009154667146503925,0.0025874164421111345,0.002242364687845111,0.005042293108999729,0.007285992614924908,0.006827544420957565,0.0028720234986394644,0.003935030661523342,0.009735704399645329,0.005725736729800701,0.005426162388175726,0.0070165847428143024,0.004996037110686302,0.016024088487029076,0.00392485037446022,0.003701584180817008,0.01253723818808794,0.0017335728043690324,0.0017093128990381956,0.0016799988225102425,0.00969057995826006
200308,0.0014835079200565815,0.034180715680122375,0.010757237672805786,0.010248438455164433,0.023534689098596573,0.0030213671270757914,0.021831033751368523,0.03296256065368652,0.010207971557974815,0.02723735384643078,0.01627746783196926,0.04151996597647667,0.0023989833425730467,0.013381559401750565,0.01759766787290573,0.0015389471082016826,0.0064147524535655975,0.006060062907636166,0.013071502558887005,0.014232003130018711,0.021023685112595558,0.0014968247851356864,0.02657219208776951,0.012022978626191616,0.014786328189074993,0.01074824295938015,0.011457270942628384,0.0034428867511451244,0.0033750657457858324,0.0033366295974701643,0.00927513837814331,0.020455950871109962,0.004905389621853828,0.005495303776115179,0.009569883346557617,0.010170506313443184,0.002765648066997528,0.0049652596935629845,0.016178308054804802,0.013352867215871811,0.0022865941282361746,0.012132115662097931,0.010548385791480541,0.0044972533360123634,0.008667053654789925,0.007659405469894409,0.022305462509393692,0.009097862988710403,0.010099373757839203,0.006910421885550022,0.004356196150183678,0.002669518580660224,0.00708350632339716,0.007809043396264315,0.0038338913582265377,0.008154751732945442,0.01557606179267168,0.010011755861341953,0.011992194689810276,0.0073480852879583836,0.007518704980611801,0.0063520330004394054,0.006087639834731817,0.012738499790430069,0.0033694084268063307,0.002406906336545944,0.0057041640393435955,0.010687840171158314,0.005503417924046516,0.007541723549365997,0.0028779159765690565,0.00515843415632844,0.006334333680570126,0.004495600238442421,0.0018331255996599793,0.01274898275732994,0.004262477159500122,0.004148565698415041,0.011490742675960064,0.009978494606912136,0.012013080529868603,0.006998659577220678,0.00565526494756341,0.0032980237156152725,0.015207423828542233,0.0037730885669589043,0.0038405954837799072,0.0037575634196400642,0.0008927620947360992,0.007106318604201078,0.001960676396265626,0.006056392565369606,0.007111969869583845,0.004351775161921978,0.006321042776107788,0.004293322097510099,0.006923453416675329,0.0061319018714129925,0.0016999465879052877,0.0045296624302864075,0.008192205801606178,0.0056510139256715775,0.0037041273899376392,0.004296943079680204,0.005308300256729126,0.01638968288898468,0.0026094606146216393,0.0035876899491995573,0.007156119681894779,0.0016735532553866506,0.002072511939331889,0.001567204250022769,0.008236261084675789
200309,0.0018111555837094784,0.027672844007611275,0.00956551730632782,0.0456048808991909,0.025045903399586678,0.0027522388845682144,0.03088236041367054,0.02815142832696438,0.01842348463833332,0.013934795744717121,0.016291389241814613,0.005948089063167572,0.010368026793003082,0.011612779460847378,0.02437468245625496,0.0,0.0039283763617277145,0.011133912950754166,0.014508998021483421,0.015078683383762836,0.006324372719973326,0.0,0.0051569147035479546,0.012000021524727345,0.014678357169032097,0.012405343353748322,0.006706723477691412,0.004120576195418835,0.004452298860996962,0.0036916208919137716,0.01202181912958622,0.010982917621731758,0.003597937524318695,0.018005235120654106,0.011316300369799137,0.01114001963287592,0.004428980406373739,0.0060638440772891045,0.0150741096585989,0.006922468077391386,0.001868378254584968,0.012349055148661137,0.009553724899888039,0.005492859054356813,0.010110166855156422,0.007130147889256477,0.029946330934762955,0.009040472097694874,0.009330250322818756,0.009127018041908741,0.0050996881909668446,0.009194794110953808,0.005899149924516678,0.008880067616701126,0.0085131311789155,0.012155556119978428,0.006331843789666891,0.006377607583999634,0.012774876318871975,0.009265635162591934,0.011497021652758121,0.008508746512234211,0.006232035346329212,0.0004643523134291172,0.023734278976917267,0.0020122439600527287,0.0022258483804762363,0.009542440064251423,0.004334606695920229,0.0029858264606446028,0.0021099690347909927,0.005069980397820473,0.0059942761436104774,0.008209249004721642,0.0017495745560154319,0.013772271573543549,0.012240718118846416,0.004491445608437061,0.01687685400247574,0.005977086257189512,0.005975423380732536,0.009816293604671955,0.004078378435224295,0.0033451172057539225,0.016520973294973373,0.0039016327355057,0.011489284224808216,0.005586165469139814,0.004714108072221279,0.004005748778581619,0.0022347746416926384,0.0036182424519211054,0.007401897571980953,0.0033797980286180973,0.003191354451701045,0.004293455742299557,0.006290522404015064,0.004797497298568487,0.0021311696618795395,0.00407319376245141,0.007872303947806358,0.005969068966805935,0.00417994474992156,0.004251542966812849,0.005525590851902962,0.013588945381343365,0.0038017078768461943,0.002613726770505309,0.005449045915156603,0.0017463733674958348,0.0016118403291329741,0.0031371971126645803,0.006758600007742643
200310,0.0025876453146338463,0.03663213923573494,0.012630202807486057,0.0019840216264128685,0.023627551272511482,0.0018821324920281768,0.02688266895711422,0.02280612848699093,0.027718698605895042,0.011126521043479443,0.017463430762290955,0.003551929257810116,0.016376418992877007,0.013842149637639523,0.02349604293704033,0.0,0.0043610818684101105,0.010599877685308456,0.013848419301211834,0.01431137602776289,0.00547249149531126,0.0014854153851047158,0.013343462720513344,0.0075922501273453236,0.009046894498169422,0.011280975304543972,0.005423805210739374,0.012937558814883232,0.004420815967023373,0.005488657392561436,0.013611698523163795,0.021073495969176292,0.006558551918715239,0.008985241875052452,0.011614635586738586,0.012368826195597649,0.0029281731694936752,0.0042951712384819984,0.013143916614353657,0.00593727407976985,0.003933429718017578,0.011405916884541512,0.011606312356889248,0.01229144912213087,0.008897840976715088,0.005034307949244976,0.003697203705087304,0.009225006215274334,0.012095426209270954,0.008645991794764996,0.004288449417799711,0.013770359568297863,0.006564089097082615,0.00842876173555851,0.0031186959240585566,0.007724601775407791,0.013818995095789433,0.005450780037790537,0.011799938045442104,0.009802279062569141,0.01023084670305252,0.00900991726666689,0.0037395490799099207,0.01423194631934166,0.012850243598222733,0.003241667291149497,0.005728002171963453,0.010265512391924858,0.009743534959852695,0.003480181796476245,0.011369394138455391,0.005944695323705673,0.005483344197273254,0.005122352857142687,0.0025170750450342894,0.014531033113598824,0.008232812397181988,0.006791545078158379,0.017240598797798157,0.008267439901828766,0.0049203229136765,0.008729961700737476,0.00521475076675415,0.0033338575158268213,0.010755044408142567,0.00382245983928442,0.010522040538489819,0.007122292183339596,0.003119866130873561,0.0062268865294754505,0.0018836063100025058,0.02939698100090027,0.006740297190845013,0.004686037544161081,0.0035840494092553854,0.004155963193625212,0.006795626133680344,0.005640719085931778,0.0016527923289686441,0.0022861065808683634,0.009468532167375088,0.005518605932593346,0.004676609765738249,0.004785989876836538,0.005755770951509476,0.012947618961334229,0.0037923785857856274,0.0015091333771124482,0.002328665694221854,0.0035320234019309282,0.0021784265991300344,0.0016626742435619235,0.008894683793187141
200311,0.0014255278510972857,0.005154747050255537,0.025413352996110916,0.060141026973724365,0.023490751162171364,0.0018041427247226238,0.023875020444393158,0.032360535115003586,0.01908399537205696,0.017566971480846405,0.017879396677017212,0.005197517573833466,0.021291786804795265,0.013271549716591835,0.021892020478844643,0.0,0.004270446952432394,0.013995490968227386,0.014665634371340275,0.015490153804421425,0.026006560772657394,0.005894799251109362,0.00965406745672226,0.008870589546859264,0.006628358270972967,0.014388793148100376,0.003784922417253256,0.011095630936324596,0.005236939527094364,0.0048529705964028835,0.010117911733686924,0.009136122651398182,0.004245041869580746,0.008057392202317715,0.011160355992615223,0.011181035079061985,0.0013410497922450304,0.009818360209465027,0.015305102802813053,0.008614646270871162,0.00279275793582201,0.009640678763389587,0.007806843612343073,0.006914982106536627,0.00828167051076889,0.005996519234031439,0.010467815212905407,0.007363706361502409,0.009968277998268604,0.014192743226885796,0.00574073800817132,0.00480659818276763,0.005075841210782528,0.006706626154482365,0.004042456392198801,0.01969357579946518,0.0065859234891831875,0.009274929761886597,0.011479456909000874,0.00839796382933855,0.007423780392855406,0.008133657276630402,0.007375885732471943,0.005286049097776413,0.004108785651624203,0.0022603061515837908,0.008208629675209522,0.010117975994944572,0.005134670063853264,0.00460584694519639,0.0018263126257807016,0.005632064305245876,0.005239823367446661,0.011973846703767776,0.00307303830049932,0.02132808230817318,0.005446190480142832,0.014549762941896915,0.010308080352842808,0.005149413365870714,0.00764897046610713,0.0071618021465837955,0.005697197280824184,0.0033623245544731617,0.00880759209394455,0.0034187587443739176,0.002775807399302721,0.009825819171965122,0.0,0.006134659517556429,0.002067490480840206,0.003026985563337803,0.006266627460718155,0.00385966501198709,0.0027619062457233667,0.004088199697434902,0.006921869702637196,0.0056190998293459415,0.003398687345907092,0.004373591393232346,0.007958875969052315,0.005703984294086695,0.0052076843567192554,0.005917830392718315,0.0038966957945376635,0.012807388789951801,0.002952023409307003,0.0021269386634230614,0.004198553506284952,0.002667150227352977,0.0018545539351180196,0.0030686520040035248,0.008349654264748096
200312,0.0026080235838890076,0.0391303226351738,0.009269491769373417,0.012531640939414501,0.02622334472835064,0.0017412834567949176,0.021684827283024788,0.014169082045555115,0.026137536391615868,0.014436823315918446,0.01814207062125206,0.004258880391716957,0.007346571888774633,0.0143484678119421,0.02383027784526348,0.0,0.009994899854063988,0.006499693728983402,0.014529724605381489,0.015206359326839447,0.02270839363336563,0.002214841777458787,0.0,0.008238783106207848,0.005591172259300947,0.012752455659210682,0.012402196414768696,0.004328679293394089,0.005129419267177582,0.0036132170353084803,0.011400772258639336,0.008464637212455273,0.012258538044989109,0.009959441609680653,0.012177818454802036,0.010826695710420609,0.010237383656203747,0.015069694258272648,0.014480081386864185,0.009372456930577755,0.004042178858071566,0.012905921787023544,0.009582831524312496,0.0077786496840417385,0.009443992748856544,0.00786885991692543,0.005971099715679884,0.008905948139727116,0.012001675553619862,0.009829668328166008,0.0038515953347086906,0.005012200679630041,0.00637019844725728,0.007045282982289791,0.0057806288823485374,0.01229583378881216,0.011820130981504917,0.00887693278491497,0.013072512112557888,0.008042906410992146,0.00818141084164381,0.010169046930968761,0.005107084754854441,0.004915151745080948,0.010276046581566334,0.0024182621855288744,0.007322379387915134,0.008781783282756805,0.005915339104831219,0.0056020780466496944,0.0059193335473537445,0.0044830795377492905,0.006071495823562145,0.007857797667384148,0.0025459048338234425,0.023521356284618378,0.011761131696403027,0.004480755887925625,0.013933547772467136,0.005238724872469902,0.004132983740419149,0.008340833708643913,0.010277762077748775,0.0036626553628593683,0.019181711599230766,0.003794071264564991,0.0052467589266598225,0.0053328764624893665,0.006402785424143076,0.006058824248611927,0.0029510657768696547,0.00556185282766819,0.006032202858477831,0.005220912396907806,0.0022042784839868546,0.004681672900915146,0.008934655226767063,0.005506337620317936,0.003483092412352562,0.0016984561225399375,0.007860473357141018,0.005338071379810572,0.002957291901111603,0.0053634243085980415,0.0043970621190965176,0.014322135597467422,0.0032194724772125483,0.019135937094688416,0.0,0.001703353482298553,0.001863018493168056,0.009399322792887688,0.007417901884764433
200401,0.0,0.0,0.0,0.0,0.025323467329144478,0.0,0.0,0.0,0.035189028829336166,0.0,0.07246492058038712,0.0,0.0,0.0,0.0,0.0,0.0,0.0,0.030423883348703384,0.04609226807951927,0.0,0.0,0.0,0.015263918787240982,0.0,0.055980145931243896,0.0,0.0,0.0,0.0,0.013058962300419807,0.0,0.0,0.0,0.016251694411039352,0.0,0.0,0.0381559394299984,0.029148995876312256,0.023196231573820114,0.0,0.0,0.0,0.0,0.0343000628054142,0.01746984012424946,0.0,0.02210681326687336,0.016463398933410645,0.0,0.0,0.0,0.016561271622776985,0.0,0.0,0.0,0.01803138479590416,0.0,0.044567547738552094,0.023477889597415924,0.02756338380277157,0.0,0.0,0.0,0.0,0.0,0.0,0.0,0.02581152506172657,0.015023929998278618,0.0,0.022159654647111893,0.01686541736125946,0.0,0.0,0.0,0.01902664639055729,0.0,0.04367421567440033,0.0,0.0,0.03145291283726692,0.01709122769534588,0.019464166834950447,0.0,0.0,0.0,0.0,0.0,0.0,0.0,0.0,0.01668381504714489,0.0,0.0,0.021623868495225906,0.01777457445859909,0.01955791376531124,0.0,0.0,0.02947910688817501,0.020869089290499687,0.0,0.021095603704452515,0.02125534601509571,0.0,0.0,0.0,0.0,0.0,0.0,0.0,0.0
200402,0.0,0.0,0.0,0.0,0.02870219200849533,0.0,0.0,0.0,0.032273244112730026,0.0,0.07068737596273422,0.0,0.0,0.015709776431322098,0.0,0.0,0.0,0.0,0.02940976992249489,0.04515700787305832,0.0,0.0,0.0,0.013873526826500893,0.0,0.05730528011918068,0.0,0.0,0.0,0.0,0.0,0.0,0.0,0.0,0.013261971063911915,0.0,0.0,0.01766178198158741,0.03366810828447342,0.024266565218567848,0.0,0.0,0.0,0.0,0.03413795679807663,0.01597093604505062,0.0,0.019542967900633812,0.03945159167051315,0.0,0.0,0.0,0.013960674405097961,0.0,0.0,0.0,0.022530118003487587,0.0,0.043674297630786896,0.019085850566625595,0.028608856722712517,0.0,0.0,0.0,0.0,0.0,0.0,0.0,0.024337491020560265,0.015981122851371765,0.0,0.021641559898853302,0.0,0.0,0.0,0.0,0.02073425054550171,0.013274218887090683,0.04093332216143608,0.0,0.0,0.03276270627975464,0.019331522285938263,0.019809385761618614,0.0,0.01127946749329567,0.0,0.0,0.0,0.0,0.0,0.0,0.013797649182379246,0.0,0.0,0.02048887126147747,0.01961713470518589,0.014333159662783146,0.0,0.0,0.029811298474669456,0.02045210264623165,0.0,0.021488960832357407,0.02098599448800087,0.0,0.0,0.0,0.0,0.0,0.0,0.0,0.0
200403,0.0,0.0,0.0,0.0,0.024928206577897072,0.0,0.0,0.0,0.043017007410526276,0.0,0.06951717287302017,0.0,0.0,0.0,0.0,0.0,0.0,0.0,0.028855646029114723,0.0416782908141613,0.0,0.0,0.0,0.015094748698174953,0.0,0.05721425637602806,0.0,0.0,0.0,0.0,0.014299571514129639,0.0,0.0,0.0,0.015762999653816223,0.0,0.0,0.021747374907135963,0.03161177411675453,0.018173547461628914,0.0,0.0,0.0,0.0,0.033272113651037216,0.019674357026815414,0.0,0.02021755836904049,0.05573422834277153,0.0,0.0,0.0,0.01616823486983776,0.0,0.0,0.0,0.0174067635089159,0.0,0.0422431044280529,0.01857590116560459,0.02770363911986351,0.0,0.0,0.0,0.0,0.0,0.0,0.0,0.022626250982284546,0.015853645280003548,0.0,0.02117909863591194,0.01315962802618742,0.0,0.0,0.0,0.01786215417087078,0.01181121077388525,0.03895643725991249,0.0,0.0,0.027690857648849487,0.018740342929959297,0.01796116679906845,0.0,0.0,0.0,0.0,0.0,0.0,0.0,0.0,0.015495010651648045,0.0,0.0,0.020693110302090645,0.01779833808541298,0.018667658790946007,0.0,0.0,0.029362929984927177,0.019862111657857895,0.0,0.02004014141857624,0.019343359395861626,0.0,0.0,0.0,0.0,0.0,0.0,0.0,0.0
200404,0.0,0.0,0.0,0.0,0.02456456609070301,0.0,0.0,0.0,0.03676292300224304,0.0,0.07112949341535568,0.0,0.0,0.0,0.0,0.0,0.0,0.0,0.031020579859614372,0.046801961958408356,0.0,0.0,0.0,0.024234892800450325,0.0,0.05700870603322983,0.0,0.0,0.0,0.0,0.013504458591341972,0.0,0.0,0.0,0.0,0.0,0.0,0.03251323848962784,0.03762885555624962,0.023759132251143456,0.0,0.0,0.0,0.0,0.03563613072037697,0.015180678106844425,0.0,0.022000247612595558,0.01900051347911358,0.0,0.0,0.0,0.01549813523888588,0.0,0.0,0.0,0.02232973650097847,0.0,0.04509104788303375,0.02414536289870739,0.02768038399517536,0.0,0.0,0.0,0.0,0.0,0.0,0.0,0.02475554868578911,0.017658540979027748,0.0,0.020253947004675865,0.013952372595667839,0.0,0.0,0.0,0.022339249029755592,0.0,0.040246933698654175,0.0,0.0,0.03303278237581253,0.018224971368908882,0.018519647419452667,0.0,0.0,0.0,0.0,0.0,0.0,0.0,0.0,0.01626758463680744,0.0,0.0,0.022280406206846237,0.019333356991410255,0.012581242248415947,0.0,0.0,0.03359690681099892,0.019643252715468407,0.0,0.022206217050552368,0.019615978002548218,0.0,0.0,0.0,0.0,0.0,0.0,0.0,0.0
200405,0.0,0.0,0.0,0.0,0.021840345114469528,0.0,0.0,0.0,0.030788913369178772,0.0,0.06524013727903366,0.0,0.0,0.0,0.0,0.0,0.0,0.0,0.02972414158284664,0.039236269891262054,0.0,0.0,0.0,0.018648343160748482,0.0,0.058799829334020615,0.0,0.0,0.0,0.0,0.0,0.0,0.0,0.0,0.014081270433962345,0.0,0.0,0.016779236495494843,0.03503573685884476,0.020796777680516243,0.0,0.0,0.0,0.0,0.035939574241638184,0.028987981379032135,0.0,0.018432671204209328,0.01333617139607668,0.0,0.06264781951904297,0.04571536183357239,0.013861343264579773,0.0,0.0,0.0,0.017623545601963997,0.0,0.04194260388612747,0.01876773126423359,0.023478539660573006,0.0,0.0,0.0,0.0,0.0,0.011746776290237904,0.0,0.026290398091077805,0.014850919134914875,0.0,0.01602182164788246,0.012745591811835766,0.0,0.0,0.0,0.017963070422410965,0.0,0.03316596522927284,0.0,0.0,0.02674943394958973,0.014122791588306427,0.016760563477873802,0.0,0.0,0.0,0.0,0.0,0.0,0.0,0.0,0.01349770836532116,0.0,0.0,0.01893886923789978,0.019460206851363182,0.0,0.0,0.0,0.029062544927001,0.019517917186021805,0.0,0.01900608092546463,0.01839509606361389,0.0,0.0,0.0,0.0,0.0,0.0,0.0,0.0
200406,0.0,0.0,0.0,0.0,0.024305514991283417,0.0,0.0,0.0,0.02445623092353344,0.0,0.07039926201105118,0.0,0.0,0.0,0.0,0.0,0.0,0.0,0.027690093964338303,0.04572193697094917,0.0,0.0,0.0,0.020180312916636467,0.0,0.05726929008960724,0.0,0.0,0.0,0.0,0.0,0.0,0.0,0.0,0.016455477103590965,0.0,0.0,0.03110540099442005,0.03511328995227814,0.03456037491559982,0.0,0.0,0.0,0.0,0.03795540705323219,0.014912329614162445,0.0,0.021892324090003967,0.04296321049332619,0.0,0.013894015923142433,0.0,0.01715179719030857,0.0,0.0,0.0,0.018091734498739243,0.0,0.04515857249498367,0.020782234147191048,0.02321108616888523,0.0,0.0,0.0,0.0,0.0,0.014123591594398022,0.0,0.030097616836428642,0.017773302271962166,0.0,0.01723722741007805,0.014382321387529373,0.0,0.0,0.0,0.01735156774520874,0.0,0.03554954752326012,0.0,0.0,0.027429193258285522,0.016766885295510292,0.01675410382449627,0.0,0.0,0.0,0.0,0.0,0.0,0.0,0.0,0.014476112090051174,0.0,0.0,0.02131047658622265,0.022175336256623268,0.0,0.0,0.0,0.03052629344165325,0.0214484054595232,0.0,0.02215476706624031,0.01717337593436241,0.0,0.0,0.0,0.0,0.0,0.0,0.0,0.0
200407,0.0,0.0,0.0,0.0,0.02399362064898014,0.0,0.0,0.0,0.02589144930243492,0.0,0.06611988693475723,0.0,0.0,0.0,0.0,0.0,0.0,0.0,0.0268450528383255,0.043214328587055206,0.0,0.0,0.0,0.02140909992158413,0.0,0.061748605221509933,0.0,0.0,0.0,0.0,0.0,0.0,0.0,0.0,0.019250480458140373,0.0,0.0,0.0,0.035521216690540314,0.03705316781997681,0.0,0.0,0.0,0.0,0.04243757203221321,0.02015257067978382,0.0,0.018533948808908463,0.015602845698595047,0.0,0.039727017283439636,0.04405152052640915,0.014272156171500683,0.0,0.0,0.0,0.018126897513866425,0.0,0.04472130164504051,0.020556945353746414,0.02364928461611271,0.0,0.0,0.0,0.0,0.0,0.0,0.0,0.022776184603571892,0.01563228666782379,0.0,0.015448471531271935,0.014859706163406372,0.0,0.0,0.0,0.019851502031087875,0.0,0.03553773835301399,0.0,0.0,0.028961295261979103,0.015825675800442696,0.01780465431511402,0.0,0.0,0.0,0.0,0.0,0.0,0.0,0.0,0.01661834493279457,0.0,0.0,0.02133072167634964,0.022843586280941963,0.0,0.0,0.0,0.030137745663523674,0.019167566671967506,0.0,0.0195098165422678,0.020815765485167503,0.0,0.0,0.0,0.0,0.0,0.0,0.0,0.0
200408,0.0,0.0,0.0,0.0,0.020946549251675606,0.0,0.0,0.0,0.017762914299964905,0.0,0.06390072405338287,0.0,0.0,0.0,0.0,0.0,0.0,0.0,0.025554528459906578,0.03918685019016266,0.0,0.0,0.0,0.021400410681962967,0.0,0.05458790436387062,0.0,0.0,0.0,0.0,0.0,0.0,0.0,0.0,0.0,0.0,0.0,0.018866728991270065,0.032542139291763306,0.02712220326066017,0.0,0.0,0.0,0.0,0.03857466205954552,0.014748457819223404,0.0,0.018147027119994164,0.07708829641342163,0.0,0.0318310484290123,0.03506765142083168,0.013597738929092884,0.0,0.0,0.0,0.015139239840209484,0.0,0.04328399896621704,0.01527457870543003,0.022324981167912483,0.0,0.0,0.0,0.0,0.0,0.012623624876141548,0.0,0.023821288719773293,0.014385255984961987,0.0,0.014516066759824753,0.014209777116775513,0.020465871319174767,0.0,0.0,0.01833830028772354,0.0,0.03468528389930725,0.0,0.0,0.025488559156656265,0.01474939938634634,0.016848085448145866,0.0,0.0,0.0,0.0,0.0,0.0,0.0,0.0,0.015623233281075954,0.0,0.0,0.019756630063056946,0.02041959948837757,0.0,0.0,0.0,0.0286819189786911,0.01864023506641388,0.0,0.020743759348988533,0.01905439794063568,0.0,0.0,0.0,0.0,0.0,0.0,0.0,0.0
200409,0.0,0.0,0.0,0.0,0.021170174703001976,0.0,0.0,0.0,0.02949046902358532,0.0,0.058822546154260635,0.0,0.0,0.0,0.0,0.0,0.0,0.0,0.02313140220940113,0.03764894977211952,0.0,0.0,0.0,0.016706839203834534,0.04159804806113243,0.05762198194861412,0.0,0.0,0.0,0.0,0.0,0.0,0.0,0.0,0.014016416855156422,0.0,0.0,0.011851596646010876,0.03269299492239952,0.030784541741013527,0.0,0.0,0.0,0.0,0.03533542528748512,0.014656832441687584,0.0,0.017391299828886986,0.01662846840918064,0.0,0.07013139873743057,0.036250561475753784,0.013657503761351109,0.0,0.0,0.0,0.016263941302895546,0.0,0.041864700615406036,0.016225270926952362,0.019643571227788925,0.0,0.0,0.0,0.0,0.0,0.011856500059366226,0.0,0.027352910488843918,0.013783539645373821,0.0,0.01431779284030199,0.013439984992146492,0.0,0.0,0.0,0.017454424872994423,0.0,0.031680621206760406,0.012048909440636635,0.0,0.02324969880282879,0.015696002170443535,0.015323485247790813,0.0,0.0,0.0,0.0,0.0,0.0,0.0,0.0,0.013185057789087296,0.0,0.0,0.01857822947204113,0.019020767882466316,0.0,0.0,0.0,0.02669958956539631,0.017517277970910072,0.0,0.018868518993258476,0.016341740265488625,0.0,0.0,0.0,0.0,0.0,0.0,0.0,0.0
200410,0.0,0.0,0.0,0.0,0.022981038317084312,0.0,0.0,0.0,0.028000110760331154,0.0,0.06914819031953812,0.0,0.0,0.0,0.0,0.0,0.0,0.0,0.02377147413790226,0.04055611789226532,0.0,0.0,0.0,0.021003810688853264,0.0,0.05486302822828293,0.0,0.0,0.0,0.0,0.0,0.0,0.0,0.0,0.014382487162947655,0.0,0.0,0.0,0.03156610578298569,0.03527778387069702,0.0,0.0,0.0,0.0,0.04084799811244011,0.0,0.0,0.019851550459861755,0.08028005808591843,0.0,0.04800957813858986,0.022589143365621567,0.013924933038651943,0.0,0.0,0.0,0.014442372135818005,0.0,0.04201265424489975,0.01610528863966465,0.023139754310250282,0.0,0.0,0.0,0.0,0.0,0.013838458806276321,0.0,0.022749949246644974,0.014092088676989079,0.0,0.01514041144400835,0.016140667721629143,0.0,0.0,0.0,0.01690973900258541,0.0,0.03361056372523308,0.0,0.0,0.02440408058464527,0.01714123971760273,0.015705682337284088,0.0,0.0,0.0,0.0,0.0,0.0,0.0,0.0,0.014165880158543587,0.0,0.0,0.020084094256162643,0.0217167679220438,0.0,0.0,0.0,0.030999956652522087,0.01848435588181019,0.0,0.021771524101495743,0.020291078835725784,0.0,0.0,0.0,0.0,0.0,0.0,0.0,0.0
200411,0.0,0.0,0.0,0.0,0.023107588291168213,0.0,0.0,0.0,0.025213291868567467,0.0,0.06655948609113693,0.0,0.0,0.0,0.0,0.0,0.0,0.0,0.024592719972133636,0.04141370952129364,0.0,0.0,0.0,0.02686208114027977,0.0,0.059407997876405716,0.0,0.0,0.0,0.0,0.0,0.0,0.0,0.0,0.015006491914391518,0.0,0.0,0.0,0.03162679821252823,0.04291622340679169,0.0,0.0,0.0,0.0,0.03914744034409523,0.0,0.0,0.018660105764865875,0.0,0.0,0.039597123861312866,0.05251360684633255,0.014730776660144329,0.019854670390486717,0.0,0.0,0.015542060136795044,0.0,0.04463750496506691,0.0193481482565403,0.02387894131243229,0.0,0.0,0.0,0.0,0.0,0.012476894073188305,0.0,0.02589278295636177,0.015255453996360302,0.0,0.015681112185120583,0.015692947432398796,0.016482312232255936,0.0,0.0,0.01820072904229164,0.0,0.03410149738192558,0.0,0.0,0.024342548102140427,0.01604791171848774,0.016190320253372192,0.0,0.0,0.0,0.0,0.0,0.0,0.0,0.0,0.014743784442543983,0.0,0.0,0.0198674239218235,0.02054636925458908,0.0,0.0,0.0,0.031132705509662628,0.02018188312649727,0.0,0.020111899822950363,0.01843463070690632,0.0,0.0,0.0,0.0,0.0,0.0,0.0,0.0
200412,0.0,0.0,0.0,0.0,0.022738156840205193,0.0,0.0,0.0,0.03525301814079285,0.0,0.061005644500255585,0.0,0.0,0.0,0.0,0.0,0.0,0.0,0.02622595988214016,0.04003011807799339,0.0,0.0,0.0,0.02563583292067051,0.0,0.05773753300309181,0.0,0.0,0.0,0.0,0.0,0.0,0.0,0.0,0.014935212209820747,0.0,0.0,0.06905549764633179,0.03000517189502716,0.02987099252641201,0.0,0.0,0.0,0.0,0.04057514667510986,0.012482961639761925,0.0,0.018308129161596298,0.0,0.0,0.036068908870220184,0.015019629150629044,0.01396571472287178,0.011948378756642342,0.0,0.0,0.018018599599599838,0.0,0.044167790561914444,0.015651850029826164,0.023853985592722893,0.0,0.0,0.0,0.0,0.0,0.013082439079880714,0.0,0.024514570832252502,0.018118320032954216,0.0,0.01502891443669796,0.014933815225958824,0.0,0.0,0.0,0.017706317827105522,0.0,0.0320698618888855,0.0,0.0,0.02401379495859146,0.01748999021947384,0.016960492357611656,0.0,0.0,0.0,0.0,0.0,0.0,0.0,0.0,0.01615748554468155,0.0,0.0,0.01950915716588497,0.019775481894612312,0.0,0.0,0.0,0.02860092557966709,0.019206615164875984,0.0,0.02212394028902054,0.018153682351112366,0.0,0.0,0.0,0.0,0.0,0.0,0.0,0.0
200501,0.0,0.0,0.0,0.0,0.021331654861569405,0.0,0.0,0.0,0.023973705247044563,0.0,0.06010233610868454,0.0,0.0,0.0,0.0,0.0,0.0,0.0,0.024497423321008682,0.03822218254208565,0.0,0.0,0.0,0.026681674644351006,0.013955235481262207,0.055003561079502106,0.0,0.0,0.0,0.0,0.0,0.0,0.0,0.0,0.012597565539181232,0.0,0.0,0.038718659430742264,0.02613781951367855,0.03624194860458374,0.0,0.0,0.0,0.0,0.04036511108279228,0.014457841403782368,0.0,0.01871665194630623,0.013201376423239708,0.0,0.04312099516391754,0.05293389782309532,0.013916215859353542,0.0,0.0,0.0,0.014542139135301113,0.0,0.041075680404901505,0.01650853268802166,0.02337319403886795,0.0,0.0,0.0,0.0,0.0,0.01299367193132639,0.0,0.0265312809497118,0.01397689525038004,0.0,0.014069215394556522,0.015054909512400627,0.0,0.0,0.0,0.015420885756611824,0.0,0.031635064631700516,0.013251636177301407,0.0,0.024558773264288902,0.012993975542485714,0.014651119709014893,0.0,0.0,0.0,0.0,0.0,0.0,0.0,0.0,0.015394576825201511,0.0,0.0,0.01868717186152935,0.018073027953505516,0.0,0.0,0.0,0.027624785900115967,0.017769647762179375,0.0,0.020518885925412178,0.017119068652391434,0.0,0.0,0.0,0.0,0.0,0.0,0.0,0.0
200502,0.0,0.0,0.0,0.0,0.021893324330449104,0.0,0.0,0.0,0.028666803613305092,0.0,0.06557389348745346,0.0,0.0,0.0,0.0,0.0,0.0,0.0,0.024580711498856544,0.04055965691804886,0.0,0.0,0.0,0.02792765200138092,0.014630671590566635,0.054030999541282654,0.0,0.0,0.0,0.0,0.0,0.0,0.0,0.0,0.016368579119443893,0.0,0.0,0.016126634553074837,0.029859134927392006,0.029621820896863937,0.0,0.0,0.0,0.0,0.041925132274627686,0.0,0.0,0.01922607421875,0.01779276877641678,0.0,0.07430299371480942,0.03631114587187767,0.013409360311925411,0.016435958445072174,0.0,0.0,0.019094504415988922,0.0,0.0414729118347168,0.016243088990449905,0.022650228813290596,0.0,0.0,0.0,0.0,0.0,0.01358216442167759,0.0,0.02193271927535534,0.0156314205378294,0.0,0.014643119648098946,0.01484634354710579,0.0,0.0,0.0,0.017118463292717934,0.0,0.033439766615629196,0.0,0.0,0.02342216484248638,0.014646438881754875,0.016304880380630493,0.0,0.0,0.0,0.0,0.0,0.0,0.0,0.0,0.0,0.0,0.0,0.019643880426883698,0.02010238543152809,0.0,0.0,0.0,0.028102915734052658,0.018923243507742882,0.0,0.021238861605525017,0.017717216163873672,0.0,0.0,0.0,0.0,0.0,0.0,0.0,0.0
200503,0.0,0.0,0.0,0.0,0.021286524832248688,0.0,0.0,0.0,0.027596365660429,0.0,0.057018790394067764,0.0,0.0,0.0,0.0,0.0,0.0,0.0,0.024444015696644783,0.04009722173213959,0.0,0.0,0.0,0.02277822047472,0.0,0.05488835275173187,0.0,0.0,0.0,0.0,0.0,0.0,0.0,0.0,0.0,0.0,0.0,0.03704363852739334,0.027725035324692726,0.026524949818849564,0.0,0.0,0.0,0.0,0.04323003068566322,0.017895907163619995,0.0,0.017690952867269516,0.01568598300218582,0.0,0.07212703675031662,0.03592897579073906,0.015228724107146263,0.013806810602545738,0.0,0.0,0.019907865673303604,0.0,0.041305650025606155,0.014835482463240623,0.022924629971385002,0.0,0.0,0.0,0.0,0.0,0.018100155517458916,0.0,0.022290732711553574,0.01222714688628912,0.0,0.013827461749315262,0.014246821403503418,0.0,0.0,0.0,0.015156041830778122,0.0,0.0317545160651207,0.014073296450078487,0.0,0.024720145389437675,0.013046212494373322,0.015284967608749866,0.0,0.0,0.0,0.0,0.0,0.0,0.0,0.0,0.013374174013733864,0.0,0.0,0.01885787956416607,0.019969778135418892,0.0,0.0,0.0,0.02816891483962536,0.017776919528841972,0.0,0.020298516377806664,0.01685509644448757,0.0,0.0,0.0,0.0,0.0,0.0,0.0,0.0
200504,0.0,0.0,0.0,0.0,0.02240310236811638,0.0,0.0,0.0,0.024767190217971802,0.0,0.059883590787649155,0.0,0.0,0.0,0.0,0.0,0.0,0.0,0.025753216817975044,0.04038408026099205,0.0,0.0,0.0,0.020461346954107285,0.0,0.0582488551735878,0.0,0.0,0.0,0.0,0.0,0.0,0.0,0.0,0.012429279275238514,0.0,0.0,0.027624834328889847,0.028141355141997337,0.026089735329151154,0.0,0.0,0.0,0.0,0.04237264022231102,0.015496935695409775,0.0,0.021366853266954422,0.014521447010338306,0.0,0.07270797342061996,0.02431515045464039,0.016183584928512573,0.0,0.0,0.0,0.02076924592256546,0.0,0.041833605617284775,0.015274186618626118,0.023526139557361603,0.0,0.0,0.0,0.0,0.0,0.014070818200707436,0.0,0.025404777377843857,0.01424289308488369,0.0,0.014448423869907856,0.014046727679669857,0.0,0.0,0.0,0.017032219097018242,0.0,0.03282435983419418,0.013035094365477562,0.0,0.02312653325498104,0.013283801265060902,0.015347684733569622,0.0,0.0,0.0,0.0,0.0,0.0,0.0,0.0,0.018075693398714066,0.0,0.0,0.02037453092634678,0.02119597978889942,0.0,0.0,0.0,0.030926242470741272,0.01901673525571823,0.0,0.022025171667337418,0.016968004405498505,0.0,0.0,0.0,0.0,0.0,0.0,0.0,0.0
200505,0.0,0.0,0.0,0.0,0.02219570055603981,0.0,0.0,0.0,0.030368177220225334,0.0,0.0635826364159584,0.0,0.0,0.0,0.0,0.0,0.0,0.0,0.026389125734567642,0.03952247276902199,0.0,0.0,0.0,0.020847411826252937,0.01254841685295105,0.05424538999795914,0.0,0.0,0.0,0.0,0.0,0.0,0.0,0.0,0.014470535330474377,0.0,0.0,0.020118365064263344,0.029795408248901367,0.034984130412340164,0.0,0.0,0.0,0.0,0.04152350500226021,0.015361047349870205,0.0,0.019347866997122765,0.0,0.0,0.07821618020534515,0.0172596238553524,0.015826044604182243,0.0,0.0,0.0,0.020778274163603783,0.0,0.04067137464880943,0.01618172600865364,0.024105902761220932,0.0,0.0,0.0,0.0,0.0,0.01575850136578083,0.0,0.025220170617103577,0.01503131352365017,0.0,0.014950627461075783,0.01519917231053114,0.0,0.0,0.0,0.01946902461349964,0.0,0.031767308712005615,0.0,0.0,0.026441628113389015,0.013608784414827824,0.015308814123272896,0.0,0.0,0.0,0.0,0.0,0.0,0.0,0.0,0.015411382541060448,0.0,0.0,0.01979937218129635,0.020974397659301758,0.0,0.0,0.0,0.03137847036123276,0.019353345036506653,0.0,0.023318836465477943,0.018669553101062775,0.0,0.0,0.0,0.0,0.0,0.0,0.0,0.0
200506,0.0,0.0,0.0,0.0,0.02323502115905285,0.0,0.0,0.0,0.030563972890377045,0.0,0.06285710632801056,0.0,0.0,0.0,0.0,0.0,0.0,0.0,0.028606096282601357,0.041957736015319824,0.0,0.0,0.0,0.025080177932977676,0.013699018396437168,0.05629049241542816,0.0,0.0,0.0,0.0,0.0,0.0,0.0,0.0,0.017430484294891357,0.0,0.0,0.017644844949245453,0.031866807490587234,0.031013747677206993,0.0,0.0,0.0,0.0,0.04227997362613678,0.017809921875596046,0.0,0.022160982713103294,0.01792801544070244,0.0,0.049268804490566254,0.0,0.013305045664310455,0.0,0.0,0.0,0.01760934665799141,0.0,0.04294374957680702,0.017930572852492332,0.023596694692969322,0.0,0.0,0.0,0.0,0.0,0.015113255940377712,0.0,0.0290108323097229,0.013648000545799732,0.0,0.014546976424753666,0.015911657363176346,0.0,0.0,0.0,0.01814788207411766,0.0,0.03334524482488632,0.013379563577473164,0.0,0.02168799564242363,0.01595204696059227,0.014876339584589005,0.0,0.0,0.0,0.0,0.0,0.0,0.0,0.0,0.01438235491514206,0.0,0.0,0.020558953285217285,0.022297410294413567,0.0,0.0,0.0,0.032708462327718735,0.018550273030996323,0.0,0.02222028560936451,0.01858372800052166,0.0,0.0,0.0,0.0,0.0,0.0,0.0,0.0
200507,0.0,0.0,0.0,0.0,0.023485416546463966,0.0,0.0,0.0,0.03427334129810333,0.0,0.06298185139894485,0.0,0.0,0.0,0.0,0.0,0.0,0.0,0.027401527389883995,0.041072744876146317,0.0,0.0,0.0,0.026619022712111473,0.011714914813637733,0.05666310712695122,0.0,0.0,0.0,0.0,0.0,0.0,0.0,0.0,0.017874009907245636,0.0,0.0,0.01424469891935587,0.031120240688323975,0.02753276191651821,0.0,0.0,0.0,0.0,0.04055867716670036,0.015452638268470764,0.0,0.020280826836824417,0.02012859284877777,0.0,0.06652740389108658,0.0,0.01514165848493576,0.0,0.0,0.0,0.020229242742061615,0.0,0.040128737688064575,0.018496546894311905,0.02283168025314808,0.0,0.0,0.0,0.0,0.0,0.012619981542229652,0.0,0.028396913781762123,0.014149611815810204,0.0,0.014416705816984177,0.014208496548235416,0.0,0.0,0.0,0.01768849976360798,0.0,0.031324926763772964,0.013413796201348305,0.0,0.02413814887404442,0.0125880753621459,0.015293549746274948,0.0,0.0,0.0,0.0,0.0,0.0,0.0,0.0,0.018139060586690903,0.0,0.0,0.020423490554094315,0.016439352184534073,0.0,0.0,0.0,0.03218216821551323,0.01864463835954666,0.0,0.024295508861541748,0.016877377405762672,0.0,0.0,0.0,0.0,0.0,0.0,0.0,0.0
200508,0.0,0.0,0.0,0.0,0.023987961933016777,0.0,0.0,0.0,0.03162260353565216,0.0,0.05975509062409401,0.0,0.0,0.0,0.0,0.0,0.0,0.0,0.02647540532052517,0.03850170224905014,0.0,0.0,0.0,0.028384065255522728,0.0,0.057901132851839066,0.0,0.0,0.0,0.0,0.0,0.0,0.0,0.0,0.014307290315628052,0.0,0.0,0.016622358933091164,0.029659273102879524,0.034358199685811996,0.0,0.0,0.0,0.0,0.03920746594667435,0.015608399175107479,0.0,0.020472994074225426,0.0,0.0,0.06901371479034424,0.026983823627233505,0.015816442668437958,0.018627837300300598,0.0,0.0,0.020411787554621696,0.0,0.041895244270563126,0.016267526894807816,0.021200234070420265,0.0,0.0,0.0,0.0,0.0,0.014760938473045826,0.0,0.025736263021826744,0.01509783137589693,0.0,0.015759404748678207,0.014849074184894562,0.0,0.0,0.0,0.01615520752966404,0.0,0.03498774766921997,0.013303392566740513,0.0,0.025415299460291862,0.0,0.014578940346837044,0.0,0.0,0.0,0.0,0.0,0.0,0.0,0.0,0.014456850476562977,0.0,0.0,0.020197326317429543,0.016850290820002556,0.0,0.0,0.0,0.030878018587827682,0.01876099780201912,0.0,0.022742928937077522,0.01838889718055725,0.0,0.0,0.0,0.0,0.0,0.0,0.0,0.0
200509,0.0,0.0,0.0,0.0,0.02485627308487892,0.0,0.0,0.0,0.038425739854574203,0.0,0.06977611780166626,0.0,0.0,0.0,0.0,0.0,0.0,0.0,0.029436692595481873,0.039288949221372604,0.0,0.0,0.0,0.029929209500551224,0.0,0.05892941355705261,0.0,0.0,0.0,0.0,0.0,0.0,0.0,0.0,0.012883168645203114,0.0,0.0,0.013045154511928558,0.032451897859573364,0.03912113234400749,0.0,0.0,0.0,0.0,0.041566167026758194,0.016879640519618988,0.0,0.0208614319562912,0.015698885545134544,0.0,0.013325239531695843,0.05089521408081055,0.017681384459137917,0.0,0.0,0.0,0.019131861627101898,0.0,0.04323088005185127,0.01604018360376358,0.02408027835190296,0.0,0.0,0.0,0.0,0.0,0.014663942158222198,0.0,0.027553604915738106,0.014192884787917137,0.0,0.015631822869181633,0.014871900901198387,0.0,0.0,0.0,0.01755288429558277,0.0,0.03186396509408951,0.0,0.0,0.027321483939886093,0.0,0.017011525109410286,0.0,0.0,0.0,0.0,0.0,0.0,0.0,0.0,0.016428565606474876,0.0,0.0,0.020150277763605118,0.018847700208425522,0.0,0.0,0.0,0.03333498165011406,0.020387835800647736,0.0,0.022742243483662605,0.019909430295228958,0.0,0.0,0.0,0.0,0.0,0.0,0.0,0.0
200510,0.0,0.0,0.0,0.0,0.02434472180902958,0.0,0.0,0.0,0.030216315761208534,0.0,0.0652499571442604,0.0,0.0,0.0,0.0,0.0,0.0,0.0,0.028012575581669807,0.040621716529130936,0.0,0.0,0.0,0.023006435483694077,0.0,0.059331394731998444,0.0,0.0,0.0,0.0,0.0,0.0,0.0,0.0,0.014363172464072704,0.0,0.0,0.0,0.030298631638288498,0.02635069191455841,0.0,0.0,0.0,0.0,0.04089447855949402,0.015162179246544838,0.0,0.02217947691679001,0.0,0.0,0.026531711220741272,0.07368273288011551,0.01650761440396309,0.0,0.0,0.0,0.021884504705667496,0.0,0.04295071214437485,0.01788145862519741,0.02214142307639122,0.0,0.0,0.0,0.0,0.0,0.015490840189158916,0.0,0.02652639150619507,0.012376779690384865,0.0,0.014723475091159344,0.013505167327821255,0.0,0.0,0.0,0.015594430267810822,0.0,0.03555469959974289,0.019554464146494865,0.0,0.024392567574977875,0.014990139752626419,0.014790823683142662,0.0,0.0,0.0,0.0,0.0,0.0,0.0,0.0,0.01634131744503975,0.0,0.0,0.022379595786333084,0.015777477994561195,0.0,0.0,0.0,0.03378456458449364,0.02105606347322464,0.0,0.023603711277246475,0.017945652827620506,0.0,0.0,0.0,0.0,0.0,0.0,0.0,0.0
200511,0.0,0.0,0.0,0.0,0.02594350278377533,0.0,0.0,0.0,0.03575542941689491,0.0,0.07065265625715256,0.0,0.0,0.0,0.0,0.0,0.0,0.0,0.030345328152179718,0.04479279741644859,0.0,0.0,0.0,0.02333189733326435,0.0,0.06345023214817047,0.0,0.0,0.0,0.0,0.0,0.0,0.0,0.0,0.01716267317533493,0.0,0.0,0.0,0.03496113792061806,0.026354312896728516,0.0,0.0,0.0,0.0,0.04274779185652733,0.017129404470324516,0.0,0.022508183494210243,0.01872449740767479,0.0,0.04745112359523773,0.020399469882249832,0.017383575439453125,0.0,0.0,0.0,0.020992189645767212,0.0,0.047003041952848434,0.01849159598350525,0.023071017116308212,0.0,0.0,0.0,0.0,0.0,0.018608078360557556,0.0,0.02935679815709591,0.0,0.0,0.014877816662192345,0.014854204840958118,0.0,0.0,0.0,0.018033502623438835,0.0,0.03382287919521332,0.0,0.0,0.02581566385924816,0.0,0.01684747450053692,0.0,0.0,0.0,0.0,0.0,0.0,0.0,0.0,0.01666807383298874,0.0,0.0,0.022299882024526596,0.017930099740624428,0.0,0.0,0.0,0.03532395511865616,0.021109599620103836,0.0,0.02689807116985321,0.018902091309428215,0.0,0.0,0.0,0.0,0.0,0.0,0.0,0.0
200512,0.0,0.0,0.0,0.0,0.023529039695858955,0.0,0.0,0.0,0.031037483364343643,0.0,0.06138881295919418,0.0,0.0,0.0,0.0,0.0,0.0,0.0,0.026760952547192574,0.03868551179766655,0.0,0.0,0.0,0.017946554347872734,0.0,0.060149479657411575,0.0,0.0,0.0,0.0,0.0,0.0,0.0,0.0,0.012238143011927605,0.0,0.0,0.017534630373120308,0.030365725979208946,0.02808733470737934,0.0,0.0,0.0,0.0,0.03656940534710884,0.01704910770058632,0.0,0.01700233295559883,0.06967894732952118,0.0,0.07535605132579803,0.013704529032111168,0.01371309906244278,0.0,0.0,0.0,0.015173359774053097,0.0,0.04184912145137787,0.016042735427618027,0.020315293222665787,0.0,0.0,0.0,0.0,0.0,0.01596716418862343,0.0,0.023027244955301285,0.01394614577293396,0.0,0.01581745408475399,0.013654905371367931,0.0,0.0,0.0,0.018875213339924812,0.0,0.02971372939646244,0.0,0.0,0.022841516882181168,0.011004162020981312,0.013393662869930267,0.0,0.0,0.0,0.0,0.0,0.0,0.0,0.0,0.012791058048605919,0.0,0.0,0.018824487924575806,0.01653258502483368,0.0,0.0,0.0,0.028760693967342377,0.01992112770676613,0.0,0.021024327725172043,0.01972692832350731,0.0,0.0,0.0,0.0,0.0,0.0,0.0,0.0
200601,0.0,0.0,0.0,0.0,0.047473229467868805,0.0,0.0,0.0,0.029761966317892075,0.0,0.07432819157838821,0.0,0.0,0.024576367810368538,0.0,0.0,0.0,0.0,0.04622886702418327,0.058272626250982285,0.0,0.0,0.0,0.02353672683238983,0.02821260318160057,0.08503605425357819,0.0,0.0,0.0,0.0,0.0,0.0,0.0,0.0,0.04197932034730911,0.0,0.014795730821788311,0.03067919798195362,0.03425551950931549,0.03380841761827469,0.0,0.033273257315158844,0.0,0.0,0.05504816025495529,0.0,0.0,0.0,0.03195612505078316,0.0,0.03344309329986572,0.03149721771478653,0.0,0.0,0.0,0.0,0.0,0.0,0.05808692425489426,0.037635162472724915,0.024127423763275146,0.0,0.0,0.0,0.0,0.0,0.0,0.0,0.034988902509212494,0.0,0.0,0.0,0.0,0.0,0.0,0.0,0.0,0.0,0.0,0.0,0.0,0.0,0.0,0.0,0.0,0.0,0.0,0.0,0.0,0.0,0.0,0.0,0.0,0.0,0.0,0.021840151399374008,0.0,0.0,0.0,0.0,0.042349912226200104,0.0,0.0,0.022808827459812164,0.0,0.0,0.0,0.0,0.0,0.0,0.0,0.0,0.0
200602,0.0,0.0,0.0,0.0,0.04780058190226555,0.0,0.0,0.0,0.02715327963232994,0.0,0.07583528012037277,0.0,0.0,0.026538923382759094,0.0,0.0,0.0,0.0,0.04577375948429108,0.058558445423841476,0.0,0.0,0.0,0.027813438326120377,0.02953774482011795,0.08301485329866409,0.0,0.0,0.0,0.0,0.0,0.0,0.021862564608454704,0.0,0.04138650745153427,0.0,0.013230381533503532,0.03045746311545372,0.03447767719626427,0.03233996033668518,0.0,0.028883377090096474,0.0,0.0,0.05403739959001541,0.0,0.0,0.0,0.043097563087940216,0.0,0.036413174122571945,0.030033053830266,0.0,0.0,0.0,0.0,0.0,0.0,0.057986222207546234,0.03111952915787697,0.025053348392248154,0.0,0.0,0.0,0.0,0.0,0.0,0.0,0.03388574719429016,0.0,0.0,0.0,0.0,0.0,0.0,0.0,0.0,0.0,0.0,0.0,0.0,0.0,0.0,0.0,0.0,0.0,0.0,0.0,0.0,0.0,0.0,0.0,0.0,0.0,0.0,0.0,0.0,0.0,0.0,0.0,0.041453439742326736,0.0,0.0,0.022256318479776382,0.0,0.0,0.0,0.0,0.0,0.0,0.0,0.0,0.0
200603,0.0,0.0,0.0,0.0,0.04477653279900551,0.0,0.0,0.0,0.029773017391562462,0.0,0.07414118945598602,0.0,0.0,0.03002549707889557,0.0,0.0,0.0,0.0,0.04554105922579765,0.0572001151740551,0.0,0.0,0.0,0.027303826063871384,0.030273955315351486,0.08103646337985992,0.0,0.0,0.0,0.0,0.0,0.0,0.0,0.0,0.04226496443152428,0.0,0.0,0.029569225385785103,0.03394189476966858,0.03371599316596985,0.0,0.03628935292363167,0.0,0.0,0.05347505956888199,0.0,0.0,0.0,0.032169025391340256,0.0,0.03446311131119728,0.03136453032493591,0.0,0.0,0.0,0.0,0.0,0.0,0.05794942006468773,0.03410336747765541,0.02670576423406601,0.0,0.0,0.0,0.0,0.0,0.0,0.0,0.03186371922492981,0.0,0.0,0.0,0.0,0.0,0.0,0.0,0.0,0.014823084697127342,0.0,0.0,0.0,0.0,0.0,0.0,0.0,0.0,0.0,0.0,0.0,0.0,0.0,0.0,0.0,0.0,0.0,0.022459601983428,0.0,0.0,0.0,0.0,0.0413212887942791,0.0,0.0,0.023448897525668144,0.0,0.0,0.0,0.0,0.0,0.0,0.0,0.0,0.0
200604,0.0,0.0,0.0,0.0,0.03973221033811569,0.0,0.0,0.0,0.027485206723213196,0.0,0.07127445191144943,0.0,0.0,0.02773568592965603,0.0,0.0,0.0,0.0,0.04431186616420746,0.05380325764417648,0.0,0.0,0.0,0.026492299512028694,0.029252678155899048,0.07929055392742157,0.0,0.0,0.0,0.0,0.0,0.0,0.0,0.0,0.0402914397418499,0.0,0.0,0.028426984325051308,0.034112367779016495,0.03246612474322319,0.0,0.03277553245425224,0.0,0.0,0.05116378515958786,0.0,0.0,0.0,0.029422486200928688,0.0,0.035407889634370804,0.03159131109714508,0.0,0.0,0.0,0.0,0.025837184861302376,0.0,0.05579737573862076,0.048079583793878555,0.02375952899456024,0.0,0.0,0.0,0.0,0.0,0.0,0.0,0.03310554847121239,0.0,0.0,0.0,0.0,0.0,0.0,0.0,0.0,0.0,0.0,0.0,0.0,0.0,0.0,0.0,0.0,0.0,0.0,0.0,0.0,0.0,0.0,0.0,0.0,0.0,0.0,0.022176554426550865,0.0,0.0,0.0,0.0,0.04053880646824837,0.0,0.0,0.0217684768140316,0.0,0.0,0.013900787569582462,0.0,0.0,0.0,0.0,0.0,0.0
200605,0.0,0.0,0.0,0.0,0.04400261119008064,0.0,0.0,0.0,0.029773537069559097,0.0,0.07482309639453888,0.0,0.0,0.026851195842027664,0.0,0.0,0.0,0.0,0.04565126821398735,0.05789259076118469,0.0,0.0,0.0,0.027044162154197693,0.030249597504734993,0.08191265165805817,0.0,0.0,0.0,0.0,0.0,0.0,0.0,0.0,0.04482099413871765,0.0,0.0,0.030126173049211502,0.03606366366147995,0.034460678696632385,0.0,0.02968643605709076,0.0,0.0,0.05289491266012192,0.0,0.0,0.0,0.033332884311676025,0.0,0.03383950889110565,0.031460490077733994,0.0,0.0,0.0,0.0,0.0,0.0,0.058844417333602905,0.0,0.025521377101540565,0.0,0.0,0.0,0.0,0.0,0.0,0.0,0.035830333828926086,0.0,0.0,0.0,0.0,0.0,0.0,0.0,0.0,0.0,0.027969425544142723,0.0,0.0,0.0,0.0,0.0,0.0,0.0,0.0,0.0,0.0,0.0,0.0,0.0,0.0,0.0,0.0,0.023038119077682495,0.0,0.0,0.0,0.0,0.04357542470097542,0.0,0.0,0.02501055970788002,0.0,0.0,0.015323897823691368,0.0,0.0,0.0,0.0,0.0,0.0
200606,0.0,0.0,0.0,0.0,0.04375099763274193,0.0,0.0,0.0,0.029147055000066757,0.0,0.07120469212532043,0.0,0.0,0.025404654443264008,0.0,0.0,0.0,0.0,0.04066554829478264,0.05336691066622734,0.0,0.0,0.0,0.026430407539010048,0.03200967609882355,0.07738379389047623,0.0,0.0,0.0,0.0,0.0,0.0,0.0,0.0,0.04173305258154869,0.0,0.0,0.029092684388160706,0.03516490384936333,0.031130380928516388,0.0,0.02680720016360283,0.0,0.0,0.04970153048634529,0.0,0.0,0.0,0.02988944947719574,0.0,0.033665549010038376,0.030591128394007683,0.0,0.0,0.0,0.0,0.0,0.0,0.05587165430188179,0.029544098302721977,0.024297507479786873,0.0,0.0,0.0,0.0,0.0,0.0,0.0,0.03234180063009262,0.0,0.0,0.02581150084733963,0.0,0.0,0.0,0.0,0.0,0.0,0.02546006254851818,0.0,0.0,0.0,0.0,0.0,0.0,0.0,0.0,0.0,0.0,0.0,0.0,0.0,0.0,0.0,0.0,0.0205068439245224,0.0,0.0,0.0,0.0,0.040169429033994675,0.0,0.0,0.02360859140753746,0.0,0.0,0.015248916111886501,0.0,0.0,0.0,0.0,0.0,0.0
200607,0.0,0.0,0.0,0.0,0.04404435679316521,0.0,0.0,0.0,0.03044651262462139,0.0,0.07061562687158585,0.0,0.0,0.027260836213827133,0.0,0.0,0.0,0.0,0.04194944351911545,0.05567574501037598,0.0,0.0,0.0,0.02963935025036335,0.03464085981249809,0.07613789290189743,0.0,0.0,0.0,0.0,0.0,0.0,0.026112142950296402,0.0,0.040993619710206985,0.0,0.0,0.029808467254042625,0.032032452523708344,0.03437153622508049,0.0,0.032189786434173584,0.0,0.0,0.0500187873840332,0.0,0.0,0.0,0.031036753207445145,0.0,0.03333252668380737,0.02916393242776394,0.0,0.0,0.0,0.0,0.0,0.0,0.055176325142383575,0.037646811455488205,0.023094383999705315,0.0,0.0,0.0,0.0,0.0,0.0,0.0,0.03268084302544594,0.0,0.0,0.0,0.0,0.0,0.0,0.0,0.0,0.0,0.0,0.0,0.0,0.0,0.0,0.0,0.0,0.0,0.0,0.0,0.0,0.0,0.0,0.0,0.0,0.0,0.0,0.023141605779528618,0.0,0.0,0.0,0.0,0.03920916095376015,0.0,0.0,0.024498434737324715,0.0,0.0,0.015081843361258507,0.0,0.0,0.0,0.0,0.0,0.0
200608,0.0,0.0,0.0,0.0,0.045416805893182755,0.0,0.0,0.0,0.03148108720779419,0.0,0.07270960509777069,0.0,0.0,0.0,0.0,0.0,0.0,0.0,0.043758999556303024,0.054230641573667526,0.0,0.0,0.0,0.03057451732456684,0.030322499573230743,0.07852784544229507,0.0,0.0,0.0,0.0,0.0,0.027385076507925987,0.021841123700141907,0.0,0.0392632931470871,0.0,0.0,0.029542841017246246,0.03449317067861557,0.03343258798122406,0.0,0.03168070316314697,0.0,0.0,0.05128725618124008,0.0,0.0,0.0,0.02974870428442955,0.0,0.03378112241625786,0.029102683067321777,0.0,0.0,0.0,0.0,0.0,0.0,0.05445278063416481,0.03562778979539871,0.02474929206073284,0.0,0.0,0.0,0.0,0.0,0.0,0.0,0.0346134677529335,0.0,0.0,0.0,0.0,0.0,0.0,0.0,0.0,0.0,0.0,0.0,0.0,0.0,0.0,0.0,0.0,0.0,0.0,0.0,0.0,0.0,0.0,0.0,0.0,0.0,0.0,0.02295715920627117,0.0,0.0,0.0,0.0,0.039903003722429276,0.0,0.0,0.023815881460905075,0.0,0.0,0.015300053171813488,0.0,0.0,0.0,0.0,0.0,0.0
200609,0.0,0.0,0.0,0.0,0.04580715671181679,0.0,0.0,0.0,0.0309708621352911,0.0,0.06921171396970749,0.0,0.0,0.02619769051671028,0.0,0.0,0.0,0.0,0.04314590245485306,0.053281549364328384,0.0,0.0,0.0,0.029495304450392723,0.02977890521287918,0.07438599318265915,0.0,0.0,0.0,0.0,0.0,0.0,0.0,0.0,0.04084165394306183,0.0,0.0,0.030502798035740852,0.034400179982185364,0.03306084871292114,0.0,0.029817793518304825,0.0,0.0,0.04929042607545853,0.0,0.0,0.0,0.029368514195084572,0.0,0.035103555768728256,0.027685903012752533,0.0,0.0,0.0,0.0,0.0,0.0,0.0542902909219265,0.02656949870288372,0.02365134097635746,0.0,0.0,0.0,0.0,0.0,0.0,0.0,0.03234065696597099,0.0,0.0,0.021493418142199516,0.0,0.0,0.0,0.0,0.0,0.0,0.02838551625609398,0.0,0.0,0.0,0.0,0.0,0.0,0.0,0.0,0.0,0.0,0.0,0.0,0.0,0.0,0.0,0.0,0.022416558116674423,0.0,0.0,0.0,0.0,0.038212455809116364,0.0,0.0,0.02415618859231472,0.0,0.0,0.016137339174747467,0.0,0.0,0.0,0.0,0.0,0.0
200610,0.0,0.0,0.0,0.0,0.046077512204647064,0.0,0.0,0.0,0.031588342040777206,0.0,0.06965870410203934,0.0,0.0,0.027148840948939323,0.0,0.0,0.0,0.0,0.04399684816598892,0.054114386439323425,0.0,0.0,0.0,0.029706142842769623,0.030037911608815193,0.07553663104772568,0.0,0.0,0.0,0.0,0.0,0.0,0.0,0.0,0.04017585515975952,0.0,0.0,0.03128737583756447,0.03760427236557007,0.035026825964450836,0.0,0.03113463521003723,0.0,0.0,0.050976067781448364,0.0,0.0,0.0,0.029896313324570656,0.0,0.03156048804521561,0.026789551600813866,0.0,0.0,0.0,0.0,0.0,0.0,0.056443192064762115,0.036792851984500885,0.02348298579454422,0.0,0.0,0.0,0.0,0.0,0.0,0.0,0.033340808004140854,0.0,0.0,0.0,0.0,0.0,0.0,0.0,0.0,0.0,0.025910785421729088,0.0,0.0,0.0,0.0,0.0,0.0,0.0,0.0,0.0,0.0,0.0,0.0,0.0,0.0,0.0,0.0,0.023045407608151436,0.0,0.0,0.0,0.0,0.03947818651795387,0.0,0.0,0.02422909252345562,0.0,0.0,0.014960004016757011,0.0,0.0,0.0,0.0,0.0,0.0
200611,0.0,0.0,0.0,0.0,0.045096125453710556,0.0,0.0,0.0,0.03062262013554573,0.0,0.06860138475894928,0.0,0.0,0.029282210394740105,0.0,0.0,0.0,0.0,0.042417898774147034,0.052710145711898804,0.0,0.0,0.0,0.026501983404159546,0.03169069439172745,0.07413408160209656,0.0,0.0,0.025121048092842102,0.0,0.0,0.0,0.02357911877334118,0.0,0.04006311669945717,0.0,0.0,0.02834387496113777,0.035284481942653656,0.03490310534834862,0.0,0.0,0.0,0.0,0.04935438930988312,0.0,0.0,0.0,0.02894868701696396,0.0,0.03545383736491203,0.02948133461177349,0.0,0.0,0.0,0.0,0.0,0.0,0.05380267649888992,0.03524743393063545,0.02352248877286911,0.0,0.0,0.0,0.0,0.0,0.0,0.0,0.03166763484477997,0.0,0.0,0.0,0.0,0.0,0.0,0.0,0.0,0.01560532208532095,0.02470964565873146,0.0,0.0,0.0,0.0,0.0,0.0,0.0,0.0,0.0,0.0,0.0,0.0,0.0,0.0,0.0,0.0,0.021923376247286797,0.0,0.0,0.0,0.0,0.03866536170244217,0.0,0.0,0.023265952244400978,0.0,0.0,0.0,0.0,0.0,0.0,0.0,0.0,0.0
200612,0.0,0.0,0.0,0.0,0.04470236599445343,0.0,0.0,0.0,0.03240996226668358,0.0,0.06753067672252655,0.0,0.0,0.02566949650645256,0.0,0.0,0.0,0.0,0.041305579245090485,0.05341542884707451,0.0,0.0,0.0,0.0,0.026475589722394943,0.07458347827196121,0.0,0.0,0.027643980458378792,0.0,0.0,0.0,0.024042554199695587,0.0,0.04135073348879814,0.0,0.0,0.029672307893633842,0.03530212491750717,0.03121759183704853,0.0,0.0,0.0,0.0,0.0487736277282238,0.0,0.0,0.0,0.03000282309949398,0.0,0.03636201098561287,0.0278120469301939,0.0,0.0,0.0,0.0,0.0,0.0,0.052226703613996506,0.02883056551218033,0.02105986513197422,0.0,0.0,0.0,0.0,0.0,0.0,0.0,0.02933204546570778,0.0,0.0,0.02399183064699173,0.0,0.0,0.0,0.0,0.02124541997909546,0.0,0.026870692148804665,0.0,0.0,0.0,0.0,0.0,0.0,0.0,0.0,0.0,0.0,0.0,0.0,0.0,0.0,0.0,0.0,0.0,0.0,0.0,0.0,0.0,0.03882875293493271,0.021970009431242943,0.0,0.022926460951566696,0.0,0.0,0.014445271342992783,0.0,0.0,0.0,0.0,0.0,0.0
200701,0.0,0.0,0.0,0.0,0.04409460350871086,0.0,0.0,0.0,0.033023566007614136,0.0,0.06749946624040604,0.0,0.0,0.0,0.0,0.0,0.0,0.0,0.04252232611179352,0.05165718123316765,0.0,0.0,0.0,0.02504519559442997,0.024437861517071724,0.07456222921609879,0.0,0.0,0.0,0.0,0.0,0.027824269607663155,0.03352756053209305,0.0,0.037676744163036346,0.0,0.0,0.029099415987730026,0.035710953176021576,0.03105383738875389,0.0,0.031063107773661613,0.0,0.0,0.04912383109331131,0.0,0.0,0.0,0.03815831243991852,0.0,0.03297121077775955,0.026614243164658546,0.0,0.0,0.0,0.0,0.0,0.0,0.053254686295986176,0.03203324228525162,0.022472284734249115,0.0,0.0,0.0,0.0,0.0,0.0,0.0,0.03018169291317463,0.0,0.0,0.0,0.0,0.0,0.0,0.0,0.0,0.0,0.02531195618212223,0.0,0.0,0.0,0.0,0.0,0.0,0.0,0.0,0.0,0.0,0.0,0.0,0.0,0.0,0.0,0.0,0.022397538647055626,0.0,0.0,0.0,0.0,0.040604688227176666,0.0,0.0,0.02456773817539215,0.0,0.0,0.013510242104530334,0.0,0.0,0.0,0.0,0.0,0.0
200702,0.0,0.0,0.0,0.0,0.0455680787563324,0.0,0.0,0.0,0.03303847461938858,0.0,0.06664156913757324,0.0,0.0,0.0,0.0,0.0,0.0,0.0,0.043010059744119644,0.05090590938925743,0.0,0.0,0.0,0.02487998828291893,0.027214378118515015,0.07237748056650162,0.0,0.0,0.027226097881793976,0.0,0.0,0.0,0.0,0.0,0.03710881993174553,0.0,0.0,0.027167990803718567,0.035501640290021896,0.03043864667415619,0.0,0.0,0.0,0.0,0.048731859773397446,0.0,0.0,0.0,0.043190378695726395,0.0,0.03382909670472145,0.027940290048718452,0.0,0.0,0.0,0.0,0.0,0.0,0.05306186154484749,0.033424265682697296,0.023859186097979546,0.0,0.0,0.0,0.0,0.0,0.0,0.0,0.029886020347476006,0.0,0.0,0.0,0.0,0.0,0.0,0.0,0.026246659457683563,0.0,0.026533784344792366,0.0,0.0,0.0,0.0,0.0,0.0,0.0,0.02778974175453186,0.0,0.0,0.0,0.0,0.0,0.0,0.0,0.0,0.022292016074061394,0.0,0.0,0.0,0.0,0.04147370532155037,0.0,0.0,0.023555181920528412,0.0,0.0,0.017106851562857628,0.0,0.0,0.0,0.0,0.0,0.0
200703,0.0,0.0,0.0,0.0,0.04794742912054062,0.0,0.0,0.0,0.03457820042967796,0.0,0.06720524281263351,0.0,0.0,0.0,0.0,0.0,0.0,0.0,0.04594697058200836,0.05223536863923073,0.0,0.0,0.0,0.02645181305706501,0.027918661013245583,0.0765097513794899,0.0,0.0,0.028245270252227783,0.0,0.0,0.028844395652413368,0.02183540165424347,0.0,0.03811229020357132,0.0,0.015361807309091091,0.030449233949184418,0.03796845301985741,0.035031113773584366,0.0,0.0,0.0,0.0,0.053347062319517136,0.0,0.0,0.0,0.031596481800079346,0.0,0.03344001621007919,0.026497989892959595,0.0,0.0,0.0,0.0,0.0,0.0,0.05667422339320183,0.033224694430828094,0.025254061445593834,0.0,0.0,0.0,0.0,0.0,0.0,0.0,0.030987706035375595,0.0,0.0,0.0,0.0,0.0,0.0,0.0,0.0,0.0,0.0,0.0,0.0,0.0,0.0,0.0,0.0,0.0,0.0,0.0,0.0,0.0,0.0,0.0,0.0,0.0,0.0,0.02482302114367485,0.0,0.0,0.0,0.0,0.04369666427373886,0.0,0.0,0.025816630572080612,0.0,0.0,0.0,0.0,0.0,0.0,0.0,0.0,0.0
200704,0.0,0.0,0.0,0.0,0.046387702226638794,0.0,0.0,0.0,0.03376972675323486,0.0,0.06432194262742996,0.0,0.0,0.0,0.0,0.0,0.0,0.0,0.04272599145770073,0.049648549407720566,0.0,0.0,0.0,0.0,0.027807172387838364,0.07039538770914078,0.0,0.0,0.02691178396344185,0.0,0.0,0.027075298130512238,0.02253171242773533,0.0,0.03623294457793236,0.0,0.0,0.02963937632739544,0.0357058160007,0.03318588435649872,0.0,0.0,0.0,0.0,0.047001875936985016,0.0,0.0,0.0,0.028097854927182198,0.0,0.031982991844415665,0.028077518567442894,0.0,0.0,0.0,0.0,0.0,0.026945896446704865,0.0535789392888546,0.0,0.0221700556576252,0.0,0.0,0.0,0.0,0.0,0.0,0.0,0.03285256400704384,0.0,0.0,0.0,0.0,0.0,0.0,0.0,0.0,0.0,0.027402138337492943,0.0,0.0,0.0,0.0,0.0,0.0,0.0,0.031176432967185974,0.0,0.0,0.0,0.0,0.0,0.0,0.0,0.0,0.023590151220560074,0.0,0.0,0.0,0.0,0.039227280765771866,0.02213180623948574,0.0,0.024137355387210846,0.0,0.0,0.015287836082279682,0.0,0.0,0.0,0.0,0.0,0.0
200705,0.0,0.0,0.0,0.0,0.04998030886054039,0.0,0.0,0.0,0.0370471365749836,0.0,0.06578970700502396,0.0,0.0,0.0,0.0,0.0,0.0,0.0,0.043169714510440826,0.050354525446891785,0.0,0.0,0.0,0.0,0.032509882003068924,0.06844822317361832,0.0,0.0,0.027034500613808632,0.0,0.0,0.030467011034488678,0.02607198990881443,0.0,0.0331651046872139,0.0,0.0,0.030467648059129715,0.036206524819135666,0.03422095254063606,0.0,0.0,0.0,0.0,0.04573823884129524,0.0,0.0,0.0,0.0304290559142828,0.0,0.029380081221461296,0.030008971691131592,0.0,0.0,0.0,0.0,0.0,0.03316317871212959,0.05355924740433693,0.02591821551322937,0.0,0.0,0.0,0.0,0.0,0.0,0.0,0.0,0.031045254319906235,0.0,0.0,0.0,0.0,0.0,0.0,0.0,0.02143297903239727,0.0,0.02826961874961853,0.0,0.0,0.0,0.0,0.0,0.0,0.0,0.0,0.0,0.0,0.0,0.0,0.0,0.0,0.0,0.0,0.0,0.0,0.0,0.0,0.0,0.03885924443602562,0.02370537258684635,0.0,0.02528236247599125,0.0,0.0,0.018274929374456406,0.0,0.0,0.0,0.0,0.0,0.0
200706,0.0,0.0,0.0,0.0,0.04826856404542923,0.0,0.0,0.0,0.0357237309217453,0.0,0.0630679503083229,0.0,0.0,0.0,0.0,0.0,0.0,0.0,0.04406523331999779,0.04826577380299568,0.0,0.0,0.0,0.02726224809885025,0.030560707673430443,0.06578830629587173,0.0,0.0,0.02708486095070839,0.0,0.0,0.024219617247581482,0.02469613216817379,0.0,0.03141190484166145,0.0,0.0,0.026101376861333847,0.03627170994877815,0.03231560438871384,0.0,0.0,0.0,0.0,0.045967236161231995,0.0,0.0,0.0,0.035179659724235535,0.0,0.02866116352379322,0.029083985835313797,0.0,0.0,0.0,0.0,0.0,0.035563960671424866,0.05375753343105316,0.027135897427797318,0.023183662444353104,0.0,0.0,0.0,0.0,0.0,0.0,0.0,0.028011593967676163,0.0,0.0,0.0,0.0,0.0,0.0,0.0,0.0,0.0,0.026317661628127098,0.0,0.0,0.0,0.0,0.0,0.0,0.0,0.0,0.0,0.0,0.0,0.0,0.0,0.0,0.0,0.0,0.0,0.0,0.0,0.0,0.0,0.03905685991048813,0.023289494216442108,0.0,0.023123962804675102,0.0,0.0,0.016563598066568375,0.0,0.0,0.0,0.0,0.0,0.0
200707,0.0,0.0,0.0,0.0,0.04701052978634834,0.0,0.0,0.0,0.03468349948525429,0.0,0.06639830023050308,0.0,0.0,0.0,0.0,0.0,0.0,0.0,0.043452225625514984,0.052869316190481186,0.0,0.0,0.0,0.0,0.029731135815382004,0.06797347217798233,0.0,0.0,0.02479526586830616,0.0,0.0,0.02829679474234581,0.030452538281679153,0.0,0.0335497111082077,0.0,0.0,0.02803310565650463,0.040505897253751755,0.032940905541181564,0.0,0.0,0.0,0.0,0.048554547131061554,0.0,0.0,0.0,0.03433108329772949,0.0,0.03116370551288128,0.027406983077526093,0.0,0.0,0.0,0.0,0.0,0.024390127509832382,0.054113976657390594,0.03122846409678459,0.023353802040219307,0.0,0.0,0.0,0.0,0.0,0.0,0.0,0.030545620247721672,0.0,0.0,0.0,0.0,0.0,0.0,0.0,0.0,0.0,0.02600277215242386,0.0,0.0,0.0,0.0,0.0,0.0,0.0,0.0,0.0,0.0,0.0,0.0,0.0,0.0,0.0,0.0,0.023556046187877655,0.0,0.0,0.0,0.0,0.044690512120723724,0.0,0.0,0.024266116321086884,0.0,0.0,0.015703516080975533,0.0,0.0,0.0,0.0,0.0,0.0
200708,0.0,0.0,0.0,0.0,0.05008939653635025,0.0,0.0,0.0,0.035694416612386703,0.0,0.06688512116670609,0.0,0.0,0.0,0.0,0.0,0.0,0.0,0.03535080328583717,0.051537442952394485,0.0,0.0,0.0,0.0,0.030129071325063705,0.07016675174236298,0.0,0.0,0.026866961270570755,0.0,0.0,0.029605016112327576,0.028041940182447433,0.0,0.035098131746053696,0.0,0.0,0.03008286841213703,0.039849475026130676,0.03498172387480736,0.0,0.0,0.0,0.0,0.04897260665893555,0.0,0.0,0.0,0.027447160333395004,0.0,0.03336457163095474,0.028071001172065735,0.0,0.0,0.0,0.0,0.0,0.031270768493413925,0.05555340647697449,0.0,0.02275087684392929,0.0,0.0,0.0,0.0,0.0,0.0,0.0,0.028449809178709984,0.0,0.0,0.0,0.0,0.0,0.0,0.0,0.023217862471938133,0.0,0.028681650757789612,0.0,0.0,0.0,0.0,0.0,0.0,0.0,0.0,0.0,0.0,0.0,0.0,0.0,0.0,0.0,0.0,0.022677917033433914,0.0,0.0,0.0,0.0,0.04437284916639328,0.0,0.0,0.023710088804364204,0.0,0.0,0.017080266028642654,0.0,0.0,0.0,0.0,0.0,0.0
200709,0.0,0.0,0.0,0.0,0.04914898797869682,0.0,0.0,0.0,0.03530002012848854,0.0,0.06455567479133606,0.0,0.0,0.0,0.0,0.0,0.0,0.0,0.03648259490728378,0.05125720053911209,0.0,0.0,0.0,0.025036437436938286,0.02888849936425686,0.06860717386007309,0.0,0.0,0.028099512681365013,0.0,0.0,0.03235042840242386,0.02419671230018139,0.0,0.033432815223932266,0.0,0.0,0.029093023389577866,0.03835392743349075,0.0342564694583416,0.0,0.0,0.0,0.0,0.04867926985025406,0.0,0.0,0.0,0.029351677745580673,0.0,0.03345036506652832,0.02703629620373249,0.0,0.0,0.0,0.0,0.0,0.0,0.05443815141916275,0.022653775289654732,0.02271004021167755,0.0,0.0,0.0,0.0,0.0,0.0,0.0,0.026858925819396973,0.0,0.0,0.022457357496023178,0.0,0.0,0.0,0.0,0.0,0.0,0.0,0.0,0.0,0.0,0.0,0.0,0.0,0.0,0.027040034532546997,0.0,0.0,0.0,0.0,0.0,0.0,0.0,0.0,0.0,0.0,0.0,0.0,0.0,0.04268370196223259,0.02206992171704769,0.0,0.0231628455221653,0.0,0.0,0.01834816113114357,0.0,0.0,0.0,0.0,0.0,0.0
200710,0.0,0.0,0.0,0.0,0.05130133777856827,0.0,0.0,0.0,0.03512733802199364,0.0,0.06913068145513535,0.0,0.0,0.0,0.0,0.0,0.0,0.0,0.04414881393313408,0.05527685955166817,0.0,0.0,0.0,0.0,0.031678419560194016,0.07301145792007446,0.0,0.0,0.0289834663271904,0.0,0.0,0.028748823329806328,0.03564925491809845,0.0,0.035849347710609436,0.0,0.0,0.03088683821260929,0.041376035660505295,0.03554297238588333,0.0,0.0,0.0,0.0,0.05394931137561798,0.0,0.0,0.0,0.03348981589078903,0.0,0.03259113058447838,0.024112140759825706,0.0,0.0,0.0,0.0,0.0,0.0,0.060312870889902115,0.03144904971122742,0.0,0.0,0.0,0.0,0.0,0.0,0.0,0.0,0.033941227942705154,0.0,0.0,0.0,0.0,0.0,0.0,0.022643040865659714,0.0,0.0,0.0,0.0,0.0,0.0,0.0,0.0,0.0,0.0,0.0,0.0,0.0,0.0,0.0,0.0,0.0,0.0,0.0,0.022955508902668953,0.0,0.0,0.0,0.0,0.046054717153310776,0.0,0.0,0.023654229938983917,0.0,0.0,0.018135255202651024,0.0,0.0,0.0,0.0,0.0,0.0
200711,0.0,0.0,0.0,0.0,0.05024212598800659,0.0,0.0,0.0,0.03074544668197632,0.0,0.0702037587761879,0.0,0.0,0.0,0.0,0.0,0.0,0.0,0.046120863407850266,0.05526309460401535,0.0,0.0,0.0,0.02899300493299961,0.0307236909866333,0.07430814951658249,0.0,0.0,0.0,0.0,0.0,0.02689265087246895,0.030375229194760323,0.0,0.03678625077009201,0.0,0.0,0.02970498614013195,0.040623608976602554,0.03381989523768425,0.0,0.027898507192730904,0.0,0.0,0.05320187658071518,0.0,0.0,0.0,0.03148110210895538,0.0,0.034176070243120193,0.024522636085748672,0.0,0.0,0.0,0.0,0.0,0.0,0.05962270870804787,0.03026910126209259,0.020701123401522636,0.0,0.0,0.0,0.0,0.0,0.0,0.0,0.02940111979842186,0.0,0.0,0.0,0.0,0.0,0.0,0.0,0.0,0.0,0.0,0.0,0.0,0.0,0.0,0.0,0.0,0.0,0.0,0.0,0.0,0.0,0.0,0.0,0.0,0.0,0.0,0.0,0.0,0.0,0.0,0.0,0.04479444399476051,0.022377576678991318,0.0,0.02221486158668995,0.0,0.0,0.01453611720353365,0.0,0.0,0.0,0.0,0.0,0.0
200712,0.0,0.0,0.0,0.0,0.049242209643125534,0.0,0.0,0.0,0.029834764078259468,0.0,0.06981685012578964,0.0,0.0,0.0264908280223608,0.0,0.0,0.0,0.0,0.03531458228826523,0.05630306154489517,0.0,0.0,0.0,0.0,0.02777240239083767,0.07500563561916351,0.0,0.0,0.0,0.0,0.0,0.0,0.02706068940460682,0.0,0.03932733088731766,0.0,0.01515675988048315,0.02585669793188572,0.03860793635249138,0.0360945388674736,0.0,0.0292575191706419,0.0,0.0,0.05197080969810486,0.0,0.0,0.0,0.03506426885724068,0.0,0.034524545073509216,0.025247259065508842,0.0,0.0,0.0,0.0,0.0,0.0,0.05829855799674988,0.02048870548605919,0.0,0.0,0.0,0.0,0.0,0.0,0.0,0.0,0.030218416824936867,0.0,0.0,0.02874542959034443,0.0,0.0,0.0,0.0,0.0,0.0,0.02327047660946846,0.0,0.0,0.0,0.0,0.0,0.0,0.0,0.0,0.0,0.0,0.0,0.0,0.0,0.0,0.0,0.0,0.020739076659083366,0.0,0.0,0.0,0.0,0.045013729482889175,0.022510016337037086,0.0,0.02276693843305111,0.0,0.0,0.0,0.0,0.0,0.0,0.0,0.0,0.0
200801,0.0,0.0,0.0,0.0,0.09710095822811127,0.0,0.0,0.0,0.0,0.0,0.13039933145046234,0.0,0.0,0.0,0.0,0.0,0.0,0.0,0.08171733468770981,0.09726325422525406,0.0,0.0,0.0,0.0,0.0,0.13599102199077606,0.0,0.0,0.0,0.0,0.0,0.0,0.0,0.0,0.0,0.0,0.0,0.0,0.08142202347517014,0.08660173416137695,0.0,0.0,0.0,0.0,0.09583504498004913,0.0,0.0,0.0,0.0,0.0,0.0,0.0,0.0,0.0,0.0,0.0,0.0,0.0,0.1041528731584549,0.0,0.0,0.0,0.0,0.0,0.0,0.0,0.0,0.0,0.0,0.0,0.0,0.0,0.0,0.0,0.0,0.0,0.0,0.0,0.0,0.0,0.0,0.0,0.0,0.0,0.0,0.0,0.0,0.0,0.0,0.0,0.0,0.0,0.0,0.0,0.0,0.0,0.0,0.0,0.0,0.0,0.08951639384031296,0.0,0.0,0.0,0.0,0.0,0.0,0.0,0.0,0.0,0.0,0.0,0.0
200802,0.0,0.0,0.0,0.0,0.1076846569776535,0.0,0.0,0.0,0.0,0.0,0.14064699411392212,0.0,0.0,0.0,0.0,0.0,0.0,0.0,0.08936049789190292,0.10484863817691803,0.0,0.0,0.0,0.0,0.0,0.15038233995437622,0.0,0.0,0.0,0.0,0.0,0.0,0.0,0.0,0.0,0.0,0.0,0.0,0.08862116187810898,0.0,0.0,0.0,0.0,0.0,0.10650358349084854,0.0,0.0,0.0,0.0,0.0,0.0,0.0,0.0,0.0,0.0,0.0,0.0,0.0,0.11537826061248779,0.0,0.0,0.0,0.0,0.0,0.0,0.0,0.0,0.0,0.0,0.0,0.0,0.0,0.0,0.0,0.0,0.0,0.0,0.0,0.0,0.0,0.0,0.0,0.0,0.0,0.0,0.0,0.0,0.0,0.0,0.0,0.0,0.0,0.0,0.0,0.0,0.0,0.0,0.0,0.0,0.0,0.09657377749681473,0.0,0.0,0.0,0.0,0.0,0.0,0.0,0.0,0.0,0.0,0.0,0.0
200803,0.0,0.0,0.0,0.0,0.1012873575091362,0.0,0.0,0.0,0.0,0.0,0.14036087691783905,0.0,0.0,0.0,0.0,0.0,0.0,0.0,0.09113132208585739,0.10612687468528748,0.0,0.0,0.0,0.0,0.0,0.15073399245738983,0.0,0.0,0.0,0.0,0.0,0.0,0.0,0.0,0.0,0.0,0.0,0.0,0.09075377136468887,0.0,0.0,0.0,0.0,0.0,0.1102224588394165,0.0,0.0,0.0,0.0,0.0,0.0,0.0,0.0,0.0,0.0,0.0,0.0,0.0,0.11163093149662018,0.0,0.0,0.0,0.0,0.0,0.0,0.0,0.0,0.0,0.0,0.0,0.0,0.0,0.0,0.0,0.0,0.0,0.0,0.0,0.0,0.0,0.0,0.0,0.0,0.0,0.0,0.0,0.0,0.0,0.0,0.0,0.0,0.0,0.0,0.0,0.0,0.0,0.0,0.0,0.0,0.0,0.0977523997426033,0.0,0.0,0.0,0.0,0.0,0.0,0.0,0.0,0.0,0.0,0.0,0.0
200804,0.0,0.0,0.0,0.0,0.09238438308238983,0.0,0.0,0.0,0.0,0.0,0.12881101667881012,0.0,0.0,0.0,0.0,0.0,0.0,0.0,0.07843218743801117,0.0961022898554802,0.0,0.0,0.0,0.0,0.0,0.1399099975824356,0.0,0.0,0.0,0.0,0.0,0.0,0.0,0.0,0.0,0.0,0.0,0.0,0.08280766010284424,0.08345330506563187,0.0,0.0,0.0,0.0,0.10204007476568222,0.0,0.0,0.0,0.0,0.0,0.0,0.0,0.0,0.0,0.0,0.0,0.0,0.0,0.10579755157232285,0.0,0.0,0.0,0.0,0.0,0.0,0.0,0.0,0.0,0.0,0.0,0.0,0.0,0.0,0.0,0.0,0.0,0.0,0.0,0.0,0.0,0.0,0.0,0.0,0.0,0.0,0.0,0.0,0.0,0.0,0.0,0.0,0.0,0.0,0.0,0.0,0.0,0.0,0.0,0.0,0.0,0.09026147425174713,0.0,0.0,0.0,0.0,0.0,0.0,0.0,0.0,0.0,0.0,0.0,0.0
200805,0.0,0.0,0.0,0.0,0.09729207307100296,0.0,0.0,0.0,0.0,0.0,0.13075244426727295,0.0,0.0,0.0,0.0,0.0,0.0,0.0,0.07103455066680908,0.0973646491765976,0.0,0.0,0.0,0.0,0.0,0.14311978220939636,0.0,0.0,0.0,0.0,0.0,0.0,0.0,0.0,0.0,0.0,0.0,0.0,0.07684791088104248,0.08622942864894867,0.0,0.0,0.0,0.0,0.10004749894142151,0.0,0.0,0.0,0.0,0.0,0.0,0.0,0.0,0.0,0.0,0.0,0.0,0.0,0.1075550764799118,0.0,0.0,0.0,0.0,0.0,0.0,0.0,0.0,0.0,0.0,0.0,0.0,0.0,0.0,0.0,0.0,0.0,0.0,0.0,0.0,0.0,0.0,0.0,0.0,0.0,0.0,0.0,0.0,0.0,0.0,0.0,0.0,0.0,0.0,0.0,0.0,0.0,0.0,0.0,0.0,0.0,0.0897565558552742,0.0,0.0,0.0,0.0,0.0,0.0,0.0,0.0,0.0,0.0,0.0,0.0
200806,0.0,0.0,0.0,0.0,0.09705794602632523,0.0,0.0,0.0,0.0,0.0,0.13050733506679535,0.0,0.0,0.0,0.0,0.0,0.0,0.0,0.07810436189174652,0.09600464999675751,0.0,0.0,0.0,0.0,0.0,0.14107370376586914,0.0,0.0,0.0,0.0,0.0,0.0,0.0,0.0,0.0,0.0,0.0,0.0,0.07710240036249161,0.0845421701669693,0.0,0.0,0.0,0.0,0.10035046935081482,0.0,0.0,0.0,0.0,0.0,0.0,0.0,0.0,0.0,0.0,0.0,0.0,0.0,0.10641010850667953,0.0,0.0,0.0,0.0,0.0,0.0,0.0,0.0,0.0,0.0,0.0,0.0,0.0,0.0,0.0,0.0,0.0,0.0,0.0,0.0,0.0,0.0,0.0,0.0,0.0,0.0,0.0,0.0,0.0,0.0,0.0,0.0,0.0,0.0,0.0,0.0,0.0,0.0,0.0,0.0,0.0,0.08884692192077637,0.0,0.0,0.0,0.0,0.0,0.0,0.0,0.0,0.0,0.0,0.0,0.0
200807,0.0,0.0,0.0,0.0,0.09990814328193665,0.0,0.0,0.0,0.0,0.0,0.12916818261146545,0.0,0.0,0.0,0.0,0.0,0.0,0.0,0.0780109167098999,0.09725582599639893,0.0,0.0,0.0,0.0,0.0,0.14071325957775116,0.0,0.0,0.0,0.0,0.0,0.0,0.0,0.0,0.0,0.0,0.0,0.0,0.07957717031240463,0.08099784702062607,0.0,0.0,0.0,0.0,0.09712717682123184,0.0,0.0,0.0,0.0,0.0,0.0,0.0,0.0,0.0,0.0,0.0,0.0,0.0,0.10719753801822662,0.0,0.0,0.0,0.0,0.0,0.0,0.0,0.0,0.0,0.0,0.0,0.0,0.0,0.0,0.0,0.0,0.0,0.0,0.0,0.0,0.0,0.0,0.0,0.0,0.0,0.0,0.0,0.0,0.0,0.0,0.0,0.0,0.0,0.0,0.0,0.0,0.0,0.0,0.0,0.0,0.0,0.09004395455121994,0.0,0.0,0.0,0.0,0.0,0.0,0.0,0.0,0.0,0.0,0.0,0.0
200808,0.0,0.0,0.0,0.0,0.0987248420715332,0.0,0.0,0.0,0.0,0.0,0.12487971037626266,0.0,0.0,0.0,0.0,0.0,0.0,0.0,0.06367917358875275,0.08783285319805145,0.0,0.0,0.0,0.0,0.0,0.1287650167942047,0.0,0.0,0.0,0.0,0.0,0.0,0.0,0.0,0.0,0.0,0.0,0.0,0.07592613995075226,0.08175835013389587,0.0,0.0,0.0,0.0,0.09442079812288284,0.0,0.0,0.0,0.0,0.0,0.0,0.0,0.0,0.0,0.0,0.0,0.0,0.0,0.10171081125736237,0.0,0.0,0.0,0.0,0.0,0.0,0.0,0.0,0.0,0.05781930312514305,0.0,0.0,0.0,0.0,0.0,0.0,0.0,0.0,0.0,0.0,0.0,0.0,0.0,0.0,0.0,0.0,0.0,0.0,0.0,0.0,0.0,0.0,0.0,0.0,0.0,0.0,0.0,0.0,0.0,0.0,0.0,0.08448298275470734,0.0,0.0,0.0,0.0,0.0,0.0,0.0,0.0,0.0,0.0,0.0,0.0
200809,0.0,0.0,0.0,0.0,0.1176169216632843,0.0,0.0,0.0,0.0,0.0,0.141529381275177,0.0,0.0,0.0,0.0,0.0,0.0,0.0,0.07485748827457428,0.10380345582962036,0.0,0.0,0.0,0.0,0.0,0.14929048717021942,0.0,0.0,0.0,0.0,0.0,0.0,0.0,0.0,0.0,0.0,0.0,0.0,0.0904000997543335,0.0,0.0,0.0,0.0,0.0,0.10594247281551361,0.0,0.0,0.0,0.0,0.0,0.0,0.0,0.0,0.0,0.0,0.0,0.0,0.0,0.11511540412902832,0.0,0.0,0.0,0.0,0.0,0.0,0.0,0.0,0.0,0.0,0.0,0.0,0.0,0.0,0.0,0.0,0.0,0.0,0.0,0.0,0.0,0.0,0.0,0.0,0.0,0.0,0.0,0.0,0.0,0.0,0.0,0.0,0.0,0.0,0.0,0.0,0.0,0.0,0.0,0.0,0.0,0.10144437104463577,0.0,0.0,0.0,0.0,0.0,0.0,0.0,0.0,0.0,0.0,0.0,0.0
200810,0.0,0.0,0.0,0.0,0.11273279041051865,0.0,0.0,0.0,0.0,0.0,0.13775251805782318,0.0,0.0,0.0,0.0,0.0,0.0,0.0,0.0853087529540062,0.10293689370155334,0.0,0.0,0.0,0.0,0.0,0.1467818319797516,0.0,0.0,0.0,0.0,0.0,0.0,0.0,0.0,0.0,0.0,0.0,0.0,0.08735104650259018,0.0,0.0,0.0,0.0,0.0,0.1087673008441925,0.0,0.0,0.0,0.0,0.0,0.0,0.0,0.0,0.0,0.0,0.0,0.0,0.0,0.11365189403295517,0.0,0.0,0.0,0.0,0.0,0.0,0.0,0.0,0.0,0.0,0.0,0.0,0.0,0.0,0.0,0.0,0.0,0.0,0.0,0.0,0.0,0.0,0.0,0.0,0.0,0.0,0.0,0.0,0.0,0.0,0.0,0.0,0.0,0.0,0.0,0.0,0.0,0.0,0.0,0.0,0.0,0.1047169640660286,0.0,0.0,0.0,0.0,0.0,0.0,0.0,0.0,0.0,0.0,0.0,0.0
200811,0.0,0.0,0.0,0.0,0.09969178587198257,0.0,0.0,0.0,0.0,0.0,0.12132053822278976,0.0,0.0,0.0,0.0,0.0,0.0,0.0,0.06320109963417053,0.08974302560091019,0.0,0.0,0.0,0.0,0.0,0.12831103801727295,0.0,0.0,0.0,0.0,0.0,0.0,0.0,0.0,0.0,0.0,0.0,0.0,0.06958144903182983,0.0700564980506897,0.0,0.0,0.0,0.0,0.09655404835939407,0.0,0.0,0.0,0.0,0.0,0.0,0.0,0.0,0.0,0.0,0.0,0.0,0.0,0.09809788316488266,0.0,0.0,0.0,0.0,0.0,0.0,0.0,0.0,0.0,0.06930632889270782,0.0,0.0,0.0,0.0,0.0,0.0,0.0,0.0,0.0,0.0,0.0,0.0,0.0,0.0,0.0,0.0,0.0,0.0,0.0,0.0,0.0,0.0,0.0,0.0,0.0,0.0,0.0,0.0,0.0,0.0,0.0,0.09413638710975647,0.0,0.0,0.0,0.0,0.0,0.0,0.0,0.0,0.0,0.0,0.0,0.0
200812,0.0,0.0,0.0,0.0,0.09789180010557175,0.0,0.0,0.0,0.0,0.0,0.12574589252471924,0.0,0.0,0.0,0.0,0.0,0.0,0.0,0.0,0.09682193398475647,0.0,0.0,0.0,0.0,0.0,0.13192114233970642,0.0,0.0,0.0,0.0,0.0,0.0,0.0,0.0,0.0,0.0,0.0,0.0,0.0683245062828064,0.051922429352998734,0.0,0.0,0.0,0.0,0.10261377692222595,0.0,0.0,0.0,0.06691920757293701,0.0,0.0,0.0,0.0,0.0,0.0,0.0,0.0,0.0,0.0976240262389183,0.0,0.0,0.0,0.0,0.0,0.0,0.0,0.0,0.0,0.06834795325994492,0.0,0.0,0.0,0.0,0.0,0.0,0.0,0.0,0.0,0.0,0.0,0.0,0.0,0.0,0.0,0.0,0.0,0.0,0.0,0.0,0.0,0.0,0.0,0.0,0.0,0.0,0.0,0.0,0.0,0.0,0.0,0.09186732023954391,0.0,0.0,0.0,0.0,0.0,0.0,0.0,0.0,0.0,0.0,0.0,0.0
200901,0.0,0.0,0.0,0.0,0.09747127443552017,0.0,0.0,0.0,0.0,0.0,0.11449625343084335,0.0,0.0,0.0,0.0,0.0,0.0,0.0,0.05702810361981392,0.08468414843082428,0.0,0.0,0.0,0.0,0.0,0.12408710271120071,0.0,0.0,0.0,0.0,0.0,0.0,0.0,0.0,0.0,0.0,0.0,0.0,0.0689300000667572,0.06887849420309067,0.0,0.0,0.0,0.0,0.09527314454317093,0.0,0.0,0.0,0.05411073565483093,0.0,0.0,0.0,0.0,0.0,0.0,0.0,0.0,0.0,0.09254493564367294,0.0,0.0,0.0,0.0,0.0,0.0,0.0,0.0,0.0,0.05565565079450607,0.0,0.0,0.0,0.0,0.0,0.0,0.0,0.0,0.0,0.0,0.0,0.0,0.0,0.0,0.0,0.0,0.0,0.0,0.0,0.0,0.0,0.0,0.0,0.0,0.0,0.0,0.0,0.0,0.0,0.0,0.0,0.0868401750922203,0.0,0.0,0.0,0.0,0.0,0.0,0.0,0.0,0.0,0.0,0.0,0.0
200902,0.0,0.0,0.0,0.0,0.11531642079353333,0.0,0.0,0.0,0.0,0.0,0.13141652941703796,0.0,0.0,0.0,0.0,0.0,0.0,0.0,0.057191088795661926,0.0929994210600853,0.0,0.0,0.0,0.0,0.0,0.1422567516565323,0.0,0.0,0.0,0.0,0.0,0.0,0.0,0.0,0.0,0.0,0.0,0.0,0.0,0.07210958003997803,0.0,0.0,0.0,0.0,0.10960593074560165,0.0,0.0,0.0,0.0,0.0,0.0,0.0,0.0,0.0,0.0,0.0,0.0,0.0,0.10150610655546188,0.0,0.0,0.0,0.0,0.0,0.0,0.0,0.0,0.0,0.07541069388389587,0.0,0.0,0.0,0.0,0.0,0.0,0.0,0.0,0.0,0.0,0.0,0.0,0.0,0.0,0.0,0.0,0.0,0.0,0.0,0.0,0.0,0.0,0.0,0.0,0.0,0.0,0.0,0.0,0.0,0.0,0.0,0.10218743234872818,0.0,0.0,0.0,0.0,0.0,0.0,0.0,0.0,0.0,0.0,0.0,0.0
200903,0.0,0.0,0.0,0.0,0.1118287742137909,0.0,0.0,0.0,0.0,0.0,0.12314489483833313,0.0,0.0,0.0,0.0,0.0,0.0,0.0,0.0,0.08844656497240067,0.0,0.0,0.0,0.0,0.0,0.13449841737747192,0.0,0.0,0.0,0.0,0.0,0.0,0.0,0.0,0.06148523464798927,0.0,0.0,0.0,0.0575435496866703,0.071018747985363,0.0,0.0,0.0,0.0,0.10096318274736404,0.0,0.0,0.0,0.0,0.0,0.0,0.0,0.0,0.0,0.0,0.0,0.0,0.0,0.09492413699626923,0.0,0.0,0.0,0.0,0.0,0.0,0.0,0.0,0.0,0.06340917944908142,0.0,0.0,0.0,0.0,0.0,0.0,0.0,0.0,0.0,0.0,0.0,0.0,0.0,0.0,0.0,0.0,0.0,0.0,0.0,0.0,0.0,0.0,0.0,0.0,0.0,0.0,0.0,0.0,0.0,0.0,0.0,0.09273727983236313,0.0,0.0,0.0,0.0,0.0,0.0,0.0,0.0,0.0,0.0,0.0,0.0
200904,0.0,0.0,0.0,0.0,0.11792014539241791,0.0,0.0,0.0,0.0,0.0,0.12558269500732422,0.0,0.0,0.0,0.0,0.0,0.0,0.0,0.0,0.0929379090666771,0.0,0.0,0.0,0.0,0.0,0.1367877721786499,0.0,0.0,0.0,0.0,0.0,0.0,0.0,0.0,0.05160830169916153,0.0,0.0,0.0,0.0,0.07277800142765045,0.0,0.0,0.0,0.0,0.10120347142219543,0.0,0.0,0.0,0.0,0.0,0.0,0.0,0.0,0.0,0.0,0.0,0.0,0.0,0.09677685797214508,0.0,0.0,0.0,0.0,0.0,0.0,0.0,0.0,0.0,0.058648016303777695,0.0,0.0,0.0,0.0,0.0,0.0,0.0,0.0,0.0,0.05000061169266701,0.0,0.0,0.0,0.0,0.0,0.0,0.0,0.0,0.0,0.0,0.0,0.0,0.0,0.0,0.0,0.0,0.0,0.0,0.0,0.0,0.0,0.09575623273849487,0.0,0.0,0.0,0.0,0.0,0.0,0.0,0.0,0.0,0.0,0.0,0.0
200905,0.0,0.0,0.0,0.0,0.10773349553346634,0.0,0.0,0.0,0.0,0.0,0.12245563417673111,0.0,0.0,0.0,0.0,0.0,0.0,0.0,0.05407608672976494,0.08911153674125671,0.0,0.0,0.0,0.0,0.0,0.13085532188415527,0.0,0.0,0.0,0.0,0.0,0.0,0.0,0.0,0.0,0.0,0.0,0.0,0.06490439921617508,0.07175631076097488,0.0,0.0,0.0,0.0,0.10485879331827164,0.0,0.0,0.0,0.0,0.0,0.0,0.0,0.0,0.0,0.0,0.0,0.0,0.0,0.09726885706186295,0.0,0.0,0.0,0.0,0.0,0.0,0.0,0.0,0.0,0.06222968548536301,0.0,0.0,0.0,0.0,0.0,0.0,0.0,0.0,0.0,0.0,0.0,0.0,0.0,0.0,0.0,0.0,0.0,0.0,0.0,0.0,0.0,0.0,0.0,0.0,0.0,0.0,0.0,0.0,0.0,0.0,0.0,0.09474986791610718,0.0,0.0,0.0,0.0,0.0,0.0,0.0,0.0,0.0,0.0,0.0,0.0
200906,0.0,0.0,0.0,0.0,0.10471086949110031,0.0,0.0,0.0,0.0,0.0,0.12152527272701263,0.0,0.0,0.0,0.0,0.0,0.0,0.0,0.0,0.08630231022834778,0.0,0.0,0.0,0.0,0.0,0.13012877106666565,0.0,0.0,0.0,0.0,0.0,0.0,0.0,0.0,0.0,0.0,0.0,0.0,0.06640277802944183,0.07654456049203873,0.0,0.0,0.0,0.0,0.1035923883318901,0.0,0.0,0.0,0.06107047200202942,0.0,0.0,0.0,0.0,0.0,0.0,0.0,0.0,0.0,0.09703421592712402,0.0,0.0,0.0,0.0,0.0,0.0,0.0,0.0,0.0,0.05819770321249962,0.0,0.0,0.0,0.0,0.0,0.0,0.0,0.0,0.0,0.0,0.0,0.0,0.0,0.0,0.0,0.0,0.0,0.0,0.0,0.0,0.0,0.0,0.0,0.0,0.0,0.0,0.0,0.0,0.0,0.0,0.0,0.09449063241481781,0.0,0.0,0.0,0.0,0.0,0.0,0.0,0.0,0.0,0.0,0.0,0.0
200907,0.0,0.0,0.0,0.0,0.10359533131122589,0.0,0.0,0.0,0.0,0.0,0.11967415362596512,0.0,0.0,0.0,0.0,0.0,0.0,0.0,0.0,0.09342976659536362,0.0,0.0,0.0,0.0,0.0,0.12822465598583221,0.0,0.0,0.0,0.0,0.0,0.0,0.0,0.0,0.051765017211437225,0.0,0.0,0.0,0.07102341949939728,0.07523851096630096,0.0,0.0,0.0,0.0,0.10406702011823654,0.0,0.0,0.0,0.0,0.0,0.0,0.0,0.0,0.0,0.0,0.0,0.0,0.0,0.09799948334693909,0.0,0.0,0.0,0.0,0.0,0.0,0.0,0.0,0.0,0.05806366354227066,0.0,0.0,0.0,0.0,0.0,0.0,0.0,0.0,0.0,0.0,0.0,0.0,0.0,0.0,0.0,0.0,0.0,0.0,0.0,0.0,0.0,0.0,0.0,0.0,0.0,0.0,0.0,0.0,0.0,0.0,0.0,0.096918985247612,0.0,0.0,0.0,0.0,0.0,0.0,0.0,0.0,0.0,0.0,0.0,0.0
200908,0.0,0.0,0.0,0.0,0.09225556999444962,0.0,0.0,0.0,0.0,0.0,0.11539346724748611,0.0,0.0,0.0,0.0,0.0,0.0,0.0,0.061692167073488235,0.08975159376859665,0.0,0.0,0.0,0.0,0.0,0.12683147192001343,0.0,0.0,0.0,0.0,0.0,0.0,0.0,0.0,0.0,0.0,0.0,0.0,0.08820787072181702,0.05393591150641441,0.0,0.0,0.0,0.0,0.10445694625377655,0.0,0.0,0.0,0.0,0.0,0.0,0.0,0.0,0.0,0.0,0.0,0.0,0.0,0.09896592795848846,0.0,0.0,0.0,0.0,0.0,0.0,0.0,0.0,0.0,0.067372627556324,0.0,0.0,0.0,0.0,0.0,0.0,0.0,0.0,0.0,0.0,0.0,0.0,0.0,0.0,0.0,0.0,0.0,0.0,0.0,0.0,0.0,0.0,0.0,0.0,0.0,0.0,0.0,0.0,0.0,0.0,0.0,0.10113640874624252,0.0,0.0,0.0,0.0,0.0,0.0,0.0,0.0,0.0,0.0,0.0,0.0
200909,0.0,0.0,0.0,0.0,0.10713182389736176,0.0,0.0,0.0,0.0,0.0,0.12336614727973938,0.0,0.0,0.0,0.0,0.0,0.0,0.0,0.053779929876327515,0.09348820149898529,0.0,0.0,0.0,0.0,0.0,0.13169348239898682,0.0,0.0,0.0,0.0,0.0,0.0,0.0,0.0,0.0,0.0,0.0,0.0,0.09768472611904144,0.0,0.0,0.0,0.0,0.0,0.10868839919567108,0.0,0.0,0.0,0.0,0.0,0.0,0.0,0.0,0.0,0.0,0.0,0.0,0.0,0.11200971901416779,0.0,0.0,0.0,0.0,0.0,0.0,0.0,0.0,0.0,0.06840471178293228,0.0,0.0,0.0,0.0,0.0,0.0,0.0,0.0,0.0,0.0,0.0,0.0,0.0,0.0,0.0,0.0,0.0,0.0,0.0,0.0,0.0,0.0,0.0,0.0,0.0,0.0,0.0,0.0,0.0,0.0,0.0,0.10375282913446426,0.0,0.0,0.0,0.0,0.0,0.0,0.0,0.0,0.0,0.0,0.0,0.0
200910,0.0,0.0,0.0,0.0,0.11529924720525742,0.0,0.0,0.0,0.0,0.0,0.1285705268383026,0.0,0.0,0.0,0.0,0.0,0.0,0.0,0.0,0.08528963476419449,0.0,0.0,0.0,0.0,0.0,0.13747073709964752,0.0,0.0,0.0,0.0,0.0,0.0,0.0,0.0,0.0,0.0,0.0,0.0,0.07969827950000763,0.0,0.0,0.0,0.0,0.0,0.10427694022655487,0.0,0.0,0.0,0.0,0.0,0.0,0.0,0.0,0.0,0.0,0.0,0.0,0.0,0.11727631837129593,0.0,0.0,0.0,0.0,0.0,0.0,0.0,0.0,0.0,0.06995987892150879,0.0,0.0,0.060608863830566406,0.0,0.0,0.0,0.0,0.0,0.0,0.0,0.0,0.0,0.0,0.0,0.0,0.0,0.0,0.0,0.0,0.0,0.0,0.0,0.0,0.0,0.0,0.0,0.0,0.0,0.0,0.0,0.0,0.10154954344034195,0.0,0.0,0.0,0.0,0.0,0.0,0.0,0.0,0.0,0.0,0.0,0.0
200911,0.0,0.0,0.0,0.0,0.10502620786428452,0.0,0.0,0.0,0.0,0.0,0.11613573133945465,0.0,0.0,0.0,0.0,0.0,0.0,0.0,0.07144042104482651,0.07937197387218475,0.0,0.0,0.0,0.0,0.0,0.12353026866912842,0.0,0.0,0.0,0.0,0.0,0.0,0.0,0.0,0.0,0.0,0.0,0.0,0.06819812208414078,0.07159590721130371,0.0,0.0,0.0,0.0,0.09106805920600891,0.0,0.0,0.0,0.0,0.0,0.0,0.0,0.0,0.0,0.0,0.0,0.0,0.0,0.1089428961277008,0.0,0.0,0.0,0.0,0.0,0.0,0.0,0.0,0.0,0.0746416300535202,0.0,0.0,0.0,0.0,0.0,0.0,0.0,0.0,0.0,0.0,0.0,0.0,0.0,0.0,0.0,0.0,0.0,0.0,0.0,0.0,0.0,0.0,0.0,0.0,0.0,0.0,0.0,0.0,0.0,0.0,0.0,0.09004876762628555,0.0,0.0,0.0,0.0,0.0,0.0,0.0,0.0,0.0,0.0,0.0,0.0
200912,0.0,0.0,0.0,0.0,0.10488712787628174,0.0,0.0,0.0,0.0,0.0,0.11768756061792374,0.0,0.0,0.0,0.0,0.0,0.0,0.0,0.06194920837879181,0.08277252316474915,0.0,0.0,0.0,0.0,0.0,0.12962274253368378,0.0,0.0,0.0,0.0,0.0,0.0,0.0,0.0,0.0,0.0,0.0,0.0,0.06693430244922638,0.0,0.0,0.0,0.0,0.0,0.09620244801044464,0.0,0.0,0.0,0.067819744348526,0.0,0.0,0.0,0.0,0.0,0.0,0.0,0.0,0.0,0.11232364922761917,0.0,0.0,0.0,0.0,0.0,0.0,0.0,0.0,0.0,0.07378453016281128,0.0,0.0,0.0,0.0,0.0,0.0,0.0,0.0,0.0,0.0,0.0,0.0,0.0,0.0,0.0,0.0,0.0,0.0,0.0,0.0,0.0,0.0,0.0,0.0,0.0,0.0,0.0,0.0,0.0,0.0,0.0,0.0860162079334259,0.0,0.0,0.0,0.0,0.0,0.0,0.0,0.0,0.0,0.0,0.0,0.0
201001,0.0041528185829520226,0.00497438432648778,0.006352652329951525,0.006875381805002689,0.0410926453769207,0.005961504764854908,0.00805677380412817,0.005707265343517065,0.007758528925478458,0.006634247489273548,0.013609002344310284,0.008173997513949871,0.005758015438914299,0.009488001465797424,0.011521169915795326,0.0021445653401315212,0.008520374074578285,0.010907962918281555,0.020466448739171028,0.011745148338377476,0.004900598898530006,0.007261952385306358,0.006989629007875919,0.009934394620358944,0.006535579450428486,0.013853237964212894,0.006711553316563368,0.009274842217564583,0.009689413011074066,0.0,0.012395964004099369,0.01182140689343214,0.012426142580807209,0.006005832925438881,0.009550008922815323,0.010930291377007961,0.008835195563733578,0.006944775115698576,0.019974036142230034,0.007537651341408491,0.007181689143180847,0.008499793708324432,0.017339669167995453,0.013314027339220047,0.011539273895323277,0.007001758087426424,0.0007914909510873258,0.01034357026219368,0.012576356530189514,0.007171990349888802,0.007808430586010218,0.00902570877224207,0.00776958093047142,0.008546026423573494,0.007365019991993904,0.006053865887224674,0.017231235280632973,0.013152807019650936,0.015858959406614304,0.007998204790055752,0.012242693454027176,0.006380152888596058,0.006933992728590965,0.0032339757308363914,0.00712174829095602,0.007209692150354385,0.0047247521579265594,0.010969544760882854,0.010556284338235855,0.0056914109736680984,0.007789419498294592,0.00603119470179081,0.007309152744710445,0.005985073745250702,0.007139330729842186,0.0062154605984687805,0.005811014678329229,0.012957730330526829,0.010210619308054447,0.009037375450134277,0.005227860063314438,0.008476645685732365,0.005998473148792982,0.004738795571029186,0.011186139658093452,0.007162075024098158,0.010312207043170929,0.0049416180700063705,0.011133813299238682,0.008015940897166729,0.0033293075393885374,0.005391294602304697,0.010428551584482193,0.00494628818705678,0.007203085348010063,0.006673639174550772,0.010291056707501411,0.010606096126139164,0.006869381293654442,0.007297424599528313,0.013474085368216038,0.006613916251808405,0.012389382347464561,0.005877647548913956,0.004936212673783302,0.02113948203623295,0.0053957984782755375,0.0035794489085674286,0.013889044523239136,0.0045106434263288975,0.009466584771871567,0.005307328421622515,0.011597219854593277
201002,0.007637080270797014,0.008700148202478886,0.005388455931097269,0.007424268405884504,0.03997356444597244,0.0,0.0071266223676502705,0.02212686277925968,0.00869534071534872,0.0023373637814074755,0.012819860130548477,0.010708865709602833,0.004072410985827446,0.008321351371705532,0.011942620389163494,0.004555906634777784,0.008493772707879543,0.010236606001853943,0.019448548555374146,0.012529795058071613,0.007737323176115751,0.0026642519515007734,0.0,0.005694852210581303,0.006230737082660198,0.014543290250003338,0.005650456994771957,0.008022169582545757,0.009059176780283451,0.012673506513237953,0.010527247563004494,0.00636880099773407,0.004421886522322893,0.006794690154492855,0.00852079689502716,0.00965191051363945,0.002770282793790102,0.007141412235796452,0.01969814859330654,0.007375003769993782,0.00856261420994997,0.008625362068414688,0.013062664307653904,0.011992539279162884,0.011541487649083138,0.008180761709809303,0.01097462885081768,0.009228654205799103,0.010957176797091961,0.0075022876262664795,0.008278749883174896,0.007632083725184202,0.005722066853195429,0.0075744218192994595,0.007854332216084003,0.009083908051252365,0.014769339933991432,0.011250600218772888,0.01569496840238571,0.007366829551756382,0.013148801401257515,0.020719006657600403,0.00976131483912468,0.013674097135663033,0.006487580947577953,0.006822375580668449,0.008127111941576004,0.01169283501803875,0.00988075416535139,0.005076598841696978,0.009233348071575165,0.005449290852993727,0.00816089753061533,0.00558746512979269,0.011548277921974659,0.0044006467796862125,0.0048471977934241295,0.012559941038489342,0.010378393344581127,0.007589899469166994,0.00668974407017231,0.009100100956857204,0.007066954392939806,0.005505095236003399,0.014188854023814201,0.004093317314982414,0.008061300963163376,0.007273728493601084,0.0016152424504980445,0.00789331179112196,0.0036317124031484127,0.006865892093628645,0.011950280517339706,0.007311816792935133,0.008370277471840382,0.00664994353428483,0.00999829825013876,0.013867293484508991,0.005719184409826994,0.008513721637427807,0.01352994330227375,0.006415927782654762,0.003136751940473914,0.005903647746890783,0.004789093974977732,0.020769426599144936,0.004269522149115801,0.004774661734700203,0.0,0.005082258023321629,0.009963123127818108,0.006676580756902695,0.01123626995831728
201003,0.004655531607568264,0.0,0.005073133390396833,0.006093967240303755,0.03368031978607178,0.0027536272536963224,0.00853950809687376,0.007694749627262354,0.007331380620598793,0.003921051975339651,0.010929571464657784,0.007043944671750069,0.00744295259937644,0.006799909286201,0.010029646568000317,0.002380459802225232,0.0158859733492136,0.009628929197788239,0.01742185838520527,0.011070873588323593,0.010877610184252262,0.008089425973594189,0.0036639252211898565,0.011368992738425732,0.006058185361325741,0.013122969307005405,0.005610503256320953,0.004726671148091555,0.007279492449015379,0.0011403948301449418,0.007525509223341942,0.006788300815969706,0.006828554905951023,0.008841651491820812,0.008459479548037052,0.009514548815786839,0.006995002273470163,0.00632496876642108,0.018441742286086082,0.005768059752881527,0.007221844047307968,0.007248064503073692,0.011680920608341694,0.01206486951559782,0.010019563138484955,0.006650876719504595,0.009916734881699085,0.007964478805661201,0.016020268201828003,0.007060160860419273,0.0077603962272405624,0.008401906117796898,0.008753318339586258,0.008648122660815716,0.007710183504968882,0.017596766352653503,0.01260572113096714,0.01157723180949688,0.01457252912223339,0.0067214444279670715,0.013291538693010807,0.02373606711626053,0.007019606418907642,0.0,0.008191896602511406,0.0047155870124697685,0.0065220436081290245,0.010254910215735435,0.009134800173342228,0.005765076726675034,0.014416022226214409,0.003961716312915087,0.008646910078823566,0.005232504568994045,0.007570395711809397,0.010598392225801945,0.004703736398369074,0.007188036572188139,0.01051577553153038,0.008458655327558517,0.02019026316702366,0.007493111304938793,0.0039964038878679276,0.0038773082196712494,0.01610615663230419,0.017970647662878036,0.011348776519298553,0.016129326075315475,0.006302423309534788,0.00705404207110405,0.00329515989869833,0.004149674903601408,0.009698199108242989,0.004214061889797449,0.005023151636123657,0.005685659125447273,0.007636720780283213,0.013920605182647705,0.0027572070248425007,0.0030388913583010435,0.01161681767553091,0.005141641013324261,0.01094136480242014,0.005057319067418575,0.0036283305380493402,0.017041435465216637,0.006470860447734594,0.004135806113481522,0.011804242618381977,0.00505201006308198,0.025161482393741608,0.00826907530426979,0.00986927654594183
201004,0.007745046634227037,0.004069962538778782,0.0059432173147797585,0.006827712059020996,0.03711794689297676,0.0036717148032039404,0.008949890732765198,0.008850148878991604,0.011716380715370178,0.007359777577221394,0.01205029059201479,0.008469629101455212,0.01093624159693718,0.007590382359921932,0.008782045915722847,0.0024503234308212996,0.010188449174165726,0.010105877183377743,0.0167555995285511,0.013046158477663994,0.011732665821909904,0.0017181180883198977,0.0033856071531772614,0.0,0.006159363314509392,0.01708221435546875,0.006012660451233387,0.005215562880039215,0.010319849476218224,0.003240416292101145,0.01062209252268076,0.006493085063993931,0.005094404332339764,0.010797878727316856,0.007765438407659531,0.009801915846765041,0.009000632911920547,0.004725019447505474,0.02076418325304985,0.00783101562410593,0.009920693002641201,0.014547953382134438,0.012617985717952251,0.012170668691396713,0.010963323526084423,0.006537762004882097,0.0,0.009260044433176517,0.012562695890665054,0.006324454676359892,0.00977377500385046,0.005025350023061037,0.007093010004609823,0.009739472530782223,0.007303736638277769,0.031388480216264725,0.009365120902657509,0.014283082447946072,0.016045687720179558,0.00795636884868145,0.018018411472439766,0.021913280710577965,0.004956506192684174,0.003559154225513339,0.00575298024341464,0.005726232193410397,0.004947104025632143,0.01155767310410738,0.009159659035503864,0.00495028356090188,0.013044174760580063,0.004730952437967062,0.005355254281312227,0.005823064595460892,0.007243714760988951,0.007657990325242281,0.005380449816584587,0.0,0.008368774317204952,0.009177318774163723,0.008500627242028713,0.008638449013233185,0.006096250843256712,0.004549635108560324,0.02155180834233761,0.005099867470562458,0.009508312679827213,0.01138371229171753,0.00540884118527174,0.009032557718455791,0.0058669704012572765,0.004711325746029615,0.009839847683906555,0.005082859192043543,0.006841112393885851,0.005971789360046387,0.010980777442455292,0.01652800850570202,0.005548476707190275,0.0034794791135936975,0.011858221143484116,0.006259490270167589,0.006233777850866318,0.005081704817712307,0.004853772930800915,0.01717139221727848,0.005973849445581436,0.005608926061540842,0.007393125910311937,0.0048658051528036594,0.007279074750840664,0.01141244824975729,0.010796090587973595
201005,0.0,0.0,0.0057189189828932285,0.006022373680025339,0.03676622733473778,0.005758216138929129,0.009120108559727669,0.009933811612427235,0.007000706158578396,0.011838729493319988,0.012031533755362034,0.006533240433782339,0.020817279815673828,0.007332962471991777,0.010710175149142742,0.0032929161097854376,0.010396898724138737,0.00968459527939558,0.01892310194671154,0.01198617834597826,0.006573069840669632,0.005772687960416079,0.0034111780114471912,0.005503743886947632,0.00577165512368083,0.01616320013999939,0.00973681453615427,0.020094526931643486,0.00984273198992014,0.009527299553155899,0.01440975721925497,0.009978601709008217,0.0050207944586873055,0.00220344471745193,0.00810734461992979,0.009284350089728832,0.0027186255902051926,0.006125313695520163,0.0198703333735466,0.006394307129085064,0.004803513176739216,0.009785191155970097,0.016513900831341743,0.013278319500386715,0.011068644933402538,0.0068779694847762585,0.0028916329611092806,0.009361018426716328,0.012060439214110374,0.009110573679208755,0.008859376423060894,0.0034739815164357424,0.008044449612498283,0.011161615140736103,0.0064939032308757305,0.0334491990506649,0.009811890311539173,0.011154863983392715,0.015011793933808804,0.007644472178071737,0.010913069359958172,0.012057816609740257,0.003595522604882717,0.0011520523112267256,0.005501137115061283,0.005323083605617285,0.006488563027232885,0.01165895164012909,0.008847072720527649,0.007379917427897453,0.005803950596600771,0.004149425774812698,0.006025470793247223,0.005405240226536989,0.0052459510043263435,0.006121943239122629,0.00496893934905529,0.0,0.009014901705086231,0.007745079696178436,0.01267410721629858,0.009051063098013401,0.01113798376172781,0.004687773995101452,0.01663420908153057,0.004575507249683142,0.0073126330971717834,0.010313897393643856,0.0,0.010480544529855251,0.005459045525640249,0.0035120900720357895,0.010206390172243118,0.005673687905073166,0.005015114322304726,0.005945920944213867,0.013784346170723438,0.013328018598258495,0.003232788061723113,0.004147492814809084,0.011807267554104328,0.006682931445538998,0.016357334330677986,0.005033106543123722,0.004814852960407734,0.01581142656505108,0.0050243958830833435,0.0047293901443481445,0.007745789829641581,0.004268895834684372,0.023790555074810982,0.008225430734455585,0.009903432801365852
201006,0.016137542203068733,0.0,0.004992438014596701,0.0060463231056928635,0.03545285761356354,0.004150316119194031,0.009920655749738216,0.005273147486150265,0.010775497183203697,0.00994796957820654,0.01253456249833107,0.007275329437106848,0.004790330305695534,0.005869780667126179,0.009361361153423786,0.0034424965269863605,0.009612403810024261,0.009604752995073795,0.018776707351207733,0.012871399521827698,0.013754078187048435,0.010493911802768707,0.006096899975091219,0.006758272647857666,0.007072834298014641,0.01538401935249567,0.0044937534257769585,0.006041679996997118,0.009367569349706173,0.011814920231699944,0.00754578085616231,0.008242018520832062,0.00436945166438818,0.0056989374570548534,0.008397494442760944,0.0087211262434721,0.016900353133678436,0.005551934242248535,0.019560985267162323,0.00780081981793046,0.006649209186434746,0.008548766374588013,0.008929155766963959,0.014050144702196121,0.01081682089716196,0.006814890541136265,0.0029438179917633533,0.009959162212908268,0.011010786518454552,0.006761603988707066,0.008235679939389229,0.003242089645937085,0.006816828157752752,0.007552161812782288,0.00528970779851079,0.03385951370000839,0.0074356417171657085,0.01233302429318428,0.015049176290631294,0.00783209316432476,0.014993427321314812,0.004451625980436802,0.005342832300812006,0.0,0.009616673924028873,0.005541427992284298,0.005981501657515764,0.013032805174589157,0.008629969321191311,0.004961997736245394,0.007551552262157202,0.0046775261871516705,0.005148893687874079,0.00582441221922636,0.0061447531916201115,0.008430118672549725,0.004174054134637117,0.0066498881205916405,0.010238097980618477,0.008776385337114334,0.008095139637589455,0.007632461376488209,0.00462162122130394,0.004765464924275875,0.01769799180328846,0.005426565185189247,0.012276179157197475,0.016856936737895012,0.007138766348361969,0.009641566313803196,0.004220058210194111,0.0031152009032666683,0.008414302952587605,0.00478763272985816,0.007143157068639994,0.005971554201096296,0.012824146077036858,0.017290936782956123,0.008543609641492367,0.006757853552699089,0.011310678906738758,0.007066197227686644,0.014557089656591415,0.005021389108151197,0.004735528491437435,0.016785113140940666,0.0065387277863919735,0.003537937765941024,0.011056948453187943,0.005043604411184788,0.009752124547958374,0.005609684623777866,0.010562865063548088
201007,0.0033161567989736795,0.007741447538137436,0.005478648003190756,0.006917108315974474,0.032510239630937576,0.003424011403694749,0.009202742949128151,0.0025799539871513844,0.009304008446633816,0.004107788670808077,0.011362370103597641,0.005313233472406864,0.007270263507962227,0.007425576914101839,0.011669022031128407,0.002255341736599803,0.008717646822333336,0.010274555534124374,0.018196435645222664,0.01301028672605753,0.001932646962814033,0.003360999748110771,0.004690804053097963,0.0057072145864367485,0.006156644783914089,0.014698207378387451,0.007138619665056467,0.005680368281900883,0.008685876615345478,0.007465023081749678,0.010290544480085373,0.01386912353336811,0.00454706558957696,0.006392091047018766,0.008495726622641087,0.008296564221382141,0.007701747119426727,0.0056714206002652645,0.019731346517801285,0.007334929890930653,0.007293552625924349,0.00832943432033062,0.015589986927807331,0.01481013372540474,0.010706578381359577,0.007573589216917753,0.017587153241038322,0.009427737444639206,0.012904763221740723,0.005814440548419952,0.007965142838656902,0.006504187360405922,0.006884682457894087,0.0086904838681221,0.00853060558438301,0.02843407727777958,0.011613031849265099,0.013779254630208015,0.015327018685638905,0.007760110776871443,0.0163681972771883,0.008577214553952217,0.0073828618042171,0.003383228089660406,0.0073339310474693775,0.007223561406135559,0.005065406672656536,0.011824225075542927,0.008203672245144844,0.005672248546034098,0.009834446012973785,0.004904956091195345,0.005258534569293261,0.005895357578992844,0.005345477256923914,0.006900867912918329,0.0050457436591386795,0.006055599544197321,0.007687985897064209,0.009634333662688732,0.008964371867477894,0.009847168810665607,0.00511962128803134,0.004484284203499556,0.012074084021151066,0.0055153993889689445,0.006971132010221481,0.02270188368856907,0.005600322969257832,0.006354427430778742,0.0034047593362629414,0.004204098135232925,0.007443348877131939,0.005893248599022627,0.008095023222267628,0.006018278654664755,0.011564282700419426,0.012468294240534306,0.0026002535596489906,0.00406027864664793,0.011272141709923744,0.006811044178903103,0.040349896997213364,0.00485526816919446,0.005170626565814018,0.015585490502417088,0.00520864175632596,0.003991781733930111,0.013114321045577526,0.004536386113613844,0.010860078036785126,0.0036845586728304625,0.010127478279173374
201008,0.007922815158963203,0.0,0.0053849187679588795,0.005344592034816742,0.030734436586499214,0.004169439431279898,0.01015709713101387,0.007487569935619831,0.00787422712892294,0.010875821113586426,0.0118836285546422,0.00825471431016922,0.010433164425194263,0.0083512794226408,0.011215658858418465,0.0037299662362784147,0.010802682489156723,0.010168877430260181,0.018095796927809715,0.011215738020837307,0.012063149362802505,0.010740530677139759,0.0013876351295039058,0.0059340037405490875,0.00840077269822359,0.015120006166398525,0.005503601860255003,0.005253194365650415,0.012326899915933609,0.0028170535806566477,0.010017803870141506,0.007280458230525255,0.0018589193932712078,0.00417327880859375,0.007665809243917465,0.008701938204467297,0.0037688177544623613,0.005036300513893366,0.019254490733146667,0.008623050525784492,0.006380794569849968,0.006616887170821428,0.01282669510692358,0.014889649115502834,0.011392071843147278,0.00794044230133295,0.005240531172603369,0.009052419103682041,0.01087324321269989,0.007758180145174265,0.009964010678231716,0.004001758527010679,0.006754293106496334,0.012565978802740574,0.0067167081870138645,0.02280266396701336,0.00972317811101675,0.013674108311533928,0.014765312895178795,0.007064490579068661,0.011691180057823658,0.003970088437199593,0.005202011205255985,0.012557688169181347,0.005948077421635389,0.0071672298945486546,0.005139215383678675,0.012201440520584583,0.007789460942149162,0.004637565463781357,0.010036833584308624,0.005149288102984428,0.005090885795652866,0.004897864535450935,0.0074906800873577595,0.006619465537369251,0.0050603291019797325,0.006675329990684986,0.010916178114712238,0.010198025964200497,0.006406005006283522,0.009211401455104351,0.00915446411818266,0.004745349753648043,0.01421960536390543,0.0037188883870840073,0.006158893462270498,0.020988285541534424,0.016594519838690758,0.008158235810697079,0.0022860942408442497,0.0032414118759334087,0.007974663749337196,0.004738514311611652,0.005571321584284306,0.006133595947176218,0.01224422361701727,0.016792302951216698,0.0012979853199794888,0.004250667057931423,0.011574064381420612,0.00694385077804327,0.023941799998283386,0.004501265939325094,0.0054397257044911385,0.016784392297267914,0.0050097559578716755,0.003785322420299053,0.009816314093768597,0.005682434421032667,0.023966781795024872,0.007302664685994387,0.011892794631421566
201009,0.0,0.0,0.005234157666563988,0.006749980617314577,0.030194880440831184,0.0017064958810806274,0.009530334733426571,0.0054203812032938,0.0070961699821054935,0.007900572381913662,0.011391433887183666,0.00944402627646923,0.009506032802164555,0.007021378725767136,0.00764478649944067,0.0016268722247332335,0.010753534734249115,0.009098971262574196,0.01998358964920044,0.011774519458413124,0.0018271483713760972,0.06012249365448952,0.008903168141841888,0.0,0.006804195698350668,0.01441078819334507,0.009815208613872528,0.012884870171546936,0.009672390297055244,0.0,0.011675876565277576,0.008096742443740368,0.004435031209141016,0.008006729185581207,0.007472471799701452,0.008496494963765144,0.0026276912540197372,0.0038731826934963465,0.018658889457583427,0.008559437468647957,0.007806893903762102,0.008332093246281147,0.01211332157254219,0.015215098857879639,0.010981488972902298,0.007433747407048941,0.006105111446231604,0.009777669794857502,0.010118180885910988,0.006457571871578693,0.008873460814356804,0.0035598750691860914,0.0060374247841537,0.010874317958950996,0.00698195630684495,0.026448335498571396,0.00957350991666317,0.011870336718857288,0.012589670717716217,0.007224098313599825,0.012259106151759624,0.012490987777709961,0.004823476541787386,0.01398482546210289,0.006401014979928732,0.008959119208157063,0.004079816862940788,0.010686545632779598,0.008972463198006153,0.005568651482462883,0.006088217720389366,0.0050458055920898914,0.00619131326675415,0.004722966346889734,0.008461209945380688,0.007103564217686653,0.005418764427304268,0.006712059956043959,0.00832839123904705,0.00896443147212267,0.00917997770011425,0.009113790467381477,0.006951348856091499,0.004576579201966524,0.013699928298592567,0.00580953061580658,0.00926867313683033,0.0059739816933870316,0.016199858859181404,0.006307268049567938,0.003477718448266387,0.0035566554870456457,0.0077121504582464695,0.0072309765964746475,0.009240731596946716,0.006193527486175299,0.012153543531894684,0.014728620648384094,0.005953153595328331,0.0056124525144696236,0.013204272836446762,0.006621070206165314,0.010029228404164314,0.004671377129852772,0.005421522539108992,0.01555947121232748,0.004432769026607275,0.004924502689391375,0.012293051928281784,0.004723502788692713,0.008747367188334465,0.00505609018728137,0.009317574091255665
201010,0.002246726071462035,0.0,0.007172811776399612,0.005950909573584795,0.03491098806262016,0.003783274907618761,0.00978016946464777,0.004858518484979868,0.02100534737110138,0.008468969725072384,0.011575267650187016,0.00657229870557785,0.002566794166341424,0.0065622879192233086,0.00811842642724514,0.0037689898163080215,0.01013174094259739,0.010445843450725079,0.020753288641572,0.011933519504964352,0.014279692433774471,0.0069119553081691265,0.006478008348494768,0.006076451390981674,0.0073824492283165455,0.016070008277893066,0.003174995305016637,0.007884078659117222,0.008862309157848358,0.0013826293870806694,0.008611861616373062,0.010631658136844635,0.0014627958880737424,0.004920038394629955,0.007935923524200916,0.008396880701184273,0.008683469146490097,0.0068256910890340805,0.018203137442469597,0.008300863206386566,0.006288690492510796,0.0066018905490636826,0.011116963811218739,0.013296055607497692,0.011552784591913223,0.0076474472880363464,0.0022110911086201668,0.009590089321136475,0.0115742739289999,0.006810882594436407,0.007269975263625383,0.004960035439580679,0.008571498095989227,0.010335871018469334,0.006751097273081541,0.025137128308415413,0.015502365306019783,0.012856880202889442,0.012867327779531479,0.00804190244525671,0.017566926777362823,0.010880101472139359,0.006192703265696764,0.0045323241502046585,0.005142180249094963,0.008605847135186195,0.005194577854126692,0.009910264052450657,0.008121964521706104,0.0051416680216789246,0.0068940953351557255,0.006413635797798634,0.0056631797924637794,0.005569410976022482,0.004016734194010496,0.0035170093178749084,0.005860861856490374,0.009367791935801506,0.007945960387587547,0.008634836412966251,0.011182046495378017,0.00708942161872983,0.011262675747275352,0.004731252323836088,0.014576052315533161,0.0048878248780965805,0.010561329312622547,0.007286356296390295,0.008413290604948997,0.01192167866975069,0.005188510287553072,0.0035119252279400826,0.006798356305807829,0.0056395637802779675,0.007143597584217787,0.005890867207199335,0.014069316908717155,0.014052946120500565,0.0029021401423960924,0.00516603235155344,0.012773100286722183,0.006701108533889055,0.03258103132247925,0.004392655566334724,0.005912440363317728,0.016882849857211113,0.0034794576931744814,0.006878525018692017,0.00895309541374445,0.006417504511773586,0.01897631585597992,0.006937882397323847,0.009601482190191746
201011,0.014400753192603588,0.006520566996186972,0.006172570865601301,0.006512959487736225,0.03481627628207207,0.004793290980160236,0.009589252062141895,0.006247511599212885,0.010336697101593018,0.022513698786497116,0.012142251245677471,0.005398244131356478,0.0024955656845122576,0.007334952242672443,0.005094842053949833,0.002015000907704234,0.010714082047343254,0.010884195566177368,0.018522562459111214,0.011049452237784863,0.006461063399910927,0.002025383058935404,0.0,0.0037495000287890434,0.005661295726895332,0.013206927105784416,0.005914033856242895,0.007615889422595501,0.008837450295686722,0.004868157673627138,0.009499073959887028,0.011147758923470974,0.003182516433298588,0.008760004304349422,0.008105185814201832,0.008984958752989769,0.0026024237740784883,0.004736221861094236,0.02203775942325592,0.009194520302116871,0.006330296862870455,0.006936241872608662,0.010055167600512505,0.01407232042402029,0.010722214356064796,0.0072913034819066525,0.011153606697916985,0.009908054023981094,0.011300712823867798,0.004579059313982725,0.00879472866654396,0.004774875473231077,0.005904729478061199,0.009620985947549343,0.00644493056461215,0.017066216096282005,0.016670051962137222,0.013192106038331985,0.01229805126786232,0.00741392420604825,0.01038470771163702,0.007265936583280563,0.006373607087880373,0.0023086972068995237,0.006097954697906971,0.009037797339260578,0.005953810177743435,0.010252512991428375,0.008352132514119148,0.007004182785749435,0.007892731577157974,0.005856921896338463,0.005204934626817703,0.004697673954069614,0.007071475498378277,0.0,0.005547968205064535,0.013888952322304249,0.013089940883219242,0.010794474743306637,0.014972706325352192,0.009441624395549297,0.005563065409660339,0.004535750485956669,0.009536043740808964,0.009206206537783146,0.01460970751941204,0.00957656092941761,0.014200988225638866,0.0072648851200938225,0.0027570663951337337,0.002574171405285597,0.008379083126783371,0.0050174882635474205,0.007636163849383593,0.006043971050530672,0.01326392125338316,0.027850324288010597,0.003853060770779848,0.004593452904373407,0.0125338826328516,0.007234320975840092,0.007977544330060482,0.005290585570037365,0.006300374399870634,0.019116587936878204,0.006686759181320667,0.008517002686858177,0.019600694999098778,0.005440169014036655,0.008676368743181229,0.005707149393856525,0.010291445069015026
201012,0.0,0.0039923228323459625,0.0048509505577385426,0.005301233846694231,0.029663408175110817,0.004435354378074408,0.01000082865357399,0.006706967018544674,0.008827933110296726,0.023784596472978592,0.011867317371070385,0.005636556539684534,0.004997766111046076,0.007040714379400015,0.007124768104404211,0.008058222010731697,0.009232847020030022,0.010041935369372368,0.017771797254681587,0.011857624165713787,0.017118876799941063,0.010901251807808876,0.0,0.004625425208359957,0.0059469351544976234,0.012538665905594826,0.005305614788085222,0.003535275114700198,0.005709863267838955,0.003458141116425395,0.011857974343001842,0.009264374151825905,0.008348073810338974,0.026060258969664574,0.008496718481183052,0.008912929333746433,0.005235075950622559,0.014555788598954678,0.022084591910243034,0.008307570591568947,0.006295038387179375,0.006993073038756847,0.01284094713628292,0.014060288667678833,0.010632283985614777,0.008409284055233002,0.022004470229148865,0.010602844879031181,0.01219771709293127,0.005555685143917799,0.006574832368642092,0.005232559982687235,0.007513782009482384,0.009944602847099304,0.0045577483251690865,0.03299369290471077,0.01906503178179264,0.015103880316019058,0.011924955062568188,0.007246148306876421,0.014474116265773773,0.004929105751216412,0.007161636371165514,0.0,0.008505363948643208,0.007041943725198507,0.006537992507219315,0.009382003918290138,0.00890254881232977,0.005596037954092026,0.00791200716048479,0.005817253142595291,0.005493156611919403,0.004968093242496252,0.0073411595076322556,0.00036831016768701375,0.005425421055406332,0.0045075733214616776,0.009937923401594162,0.011000492610037327,0.010784048587083817,0.008831830695271492,0.007213864009827375,0.004637356847524643,0.011859152466058731,0.0037859745789319277,0.005106812343001366,0.00811639055609703,0.005268520675599575,0.005021062213927507,0.0030006521847099066,0.005781113635748625,0.008002305403351784,0.004238503985106945,0.010157838463783264,0.006247174460440874,0.01324300654232502,0.014848694205284119,0.0029495679773390293,0.005046478472650051,0.010281766764819622,0.006154706701636314,0.015928171575069427,0.005725990980863571,0.007747356314212084,0.01690961793065071,0.006478242110460997,0.004569177981466055,0.003034532070159912,0.005251769442111254,0.009611071087419987,0.0030925115570425987,0.012567294761538506
201101,0.006147311069071293,0.0037214229814708233,0.004864443559199572,0.011237929575145245,0.03224429860711098,0.004849763121455908,0.011069209314882755,0.008743420243263245,0.007474645506590605,0.014880097471177578,0.011502858251333237,0.006530608516186476,0.002349907299503684,0.007545986212790012,0.006974734831601381,0.005195385776460171,0.012583722360432148,0.010625096037983894,0.016627762466669083,0.01114245317876339,0.013368893414735794,0.0074392580427229404,0.0,0.007120230700820684,0.004951438866555691,0.012887022458016872,0.00547765800729394,0.005890917498618364,0.0074068414978682995,0.003981671761721373,0.01113478560000658,0.007021897938102484,0.004414791706949472,0.007187746465206146,0.007973892614245415,0.010152597911655903,0.003572834422811866,0.007551506161689758,0.02023269794881344,0.008535042405128479,0.003971743863075972,0.009523593820631504,0.012126185931265354,0.01527100894600153,0.009676195681095123,0.00871800072491169,0.005769297480583191,0.01157973799854517,0.010666457004845142,0.004883838351815939,0.007448529824614525,0.003350555431097746,0.007524533662945032,0.009618891403079033,0.006748167332261801,0.01900610700249672,0.019133703783154488,0.014939749613404274,0.011489694938063622,0.006822985131293535,0.019191235303878784,0.0028633775655180216,0.006216682959347963,0.0013901598285883665,0.006794411689043045,0.008539832197129726,0.004868438001722097,0.011238966137170792,0.008410482667386532,0.006664466578513384,0.009998434223234653,0.005657021421939135,0.006030707620084286,0.006414294708520174,0.004819326102733612,0.0075006308034062386,0.00592290423810482,0.009552988223731518,0.011496929451823235,0.01179562509059906,0.012320837005972862,0.010129567235708237,0.009470555000007153,0.005354289431124926,0.018234509974718094,0.0037205840926617384,0.007962530478835106,0.01166511420160532,0.007093810010701418,0.00724925147369504,0.003874079557135701,0.00411981251090765,0.008185596205294132,0.005654930602759123,0.009235190227627754,0.006027529947459698,0.013461762107908726,0.012868953868746758,0.0038407850079238415,0.007333494257181883,0.010986142791807652,0.00640167947858572,0.01514703780412674,0.005572017282247543,0.008824996650218964,0.019855337217450142,0.010158013552427292,0.004587750416249037,0.003513283096253872,0.005279857199639082,0.0122505072504282,0.011661733500659466,0.011709810234606266
201102,0.0,0.0,0.004490259103477001,0.009123455733060837,0.03444580361247063,0.006804285105317831,0.011913304217159748,0.005432450212538242,0.007670787628740072,0.011537163518369198,0.011887351050972939,0.0053298394195735455,0.009880222380161285,0.00806973036378622,0.007538550533354282,0.003979715518653393,0.008714219555258751,0.01124322135001421,0.015906013548374176,0.010516520589590073,0.011715160682797432,0.008806715719401836,0.004445494618266821,0.0024161182809621096,0.011138372123241425,0.0119624063372612,0.006938099395483732,0.0044656661339104176,0.0054408106952905655,0.0,0.008195528760552406,0.00851980596780777,0.003926348406821489,0.00613824836909771,0.007804953493177891,0.009267288260161877,0.0053128451108932495,0.009137170389294624,0.020717572420835495,0.009202172048389912,0.005670081824064255,0.009306095540523529,0.015033531002700329,0.018657386302947998,0.008955137804150581,0.00979587808251381,0.013266160152852535,0.010558885522186756,0.012560826726257801,0.007296878844499588,0.007720150984823704,0.002359801670536399,0.00904909335076809,0.011136277578771114,0.008330682292580605,0.02142736315727234,0.005100219510495663,0.0159752294421196,0.00989496149122715,0.007141703274101019,0.015210848301649094,0.0,0.006157578434795141,0.0009502304601483047,0.006589289754629135,0.009236682206392288,0.005816030316054821,0.01081891916692257,0.00896022655069828,0.006175071466714144,0.008695579133927822,0.005078902468085289,0.01071658730506897,0.0035708951763808727,0.005382195580750704,0.008769574575126171,0.007741855923086405,0.004841044545173645,0.01647203043103218,0.012051330879330635,0.009917110204696655,0.010435182601213455,0.007483126595616341,0.006122989114373922,0.016478104516863823,0.004964063875377178,0.008619462139904499,0.014964943751692772,0.0,0.004406222607940435,0.004085087217390537,0.003067229175940156,0.008261214941740036,0.005838817451149225,0.009505626745522022,0.006084056571125984,0.012709311209619045,0.013873591087758541,0.005066138692200184,0.004594667349010706,0.010175555944442749,0.004925982095301151,0.02762731723487377,0.0058056870475411415,0.010623757727444172,0.01811123639345169,0.006370549090206623,0.005298718344420195,0.009290740825235844,0.005453449673950672,0.014665904454886913,0.01156973373144865,0.011099605821073055
201103,0.0,0.0,0.007484415080398321,0.004683366045355797,0.03543604910373688,0.007553548086434603,0.012767490930855274,0.006008679047226906,0.008209156803786755,0.01278023049235344,0.013223052024841309,0.0054259514436125755,0.004622248001396656,0.006441875360906124,0.007994539104402065,0.0039800978265702724,0.007993177510797977,0.011508080177009106,0.018655497580766678,0.010939523577690125,0.015435871668159962,0.02240075170993805,0.006198297254741192,0.002242222661152482,0.005553067661821842,0.012527870945632458,0.0048573692329227924,0.007915880531072617,0.0060541098937392235,0.0009031445952132344,0.009981909766793251,0.008053526282310486,0.004589969292283058,0.006186319049447775,0.007201201282441616,0.008418123237788677,0.0045952205546200275,0.010713162831962109,0.021460337564349174,0.009309905581176281,0.009023592807352543,0.01185171864926815,0.010266653262078762,0.020718010142445564,0.008939827792346478,0.009469986893236637,0.0,0.010511515662074089,0.014051899313926697,0.006443575490266085,0.011043022386729717,0.0033428731840103865,0.008854040876030922,0.009502486325800419,0.0050413040444254875,0.027907514944672585,0.006538427900522947,0.014942084439098835,0.009897861629724503,0.0076005589216947556,0.01293851062655449,0.009910885244607925,0.004776475485414267,0.0025713040959089994,0.006635379511862993,0.008524460718035698,0.005261109210550785,0.012083821929991245,0.008200102485716343,0.007999809458851814,0.01565917395055294,0.006324504967778921,0.006548624020069838,0.0044065858237445354,0.006059052888303995,0.00561715429648757,0.004861903842538595,0.004987827502191067,0.011303076520562172,0.012067900970578194,0.007838897407054901,0.010617244988679886,0.0058760191313922405,0.005572195164859295,0.01534696388989687,0.005347508937120438,0.010010111145675182,0.009042905643582344,0.014141088351607323,0.007937376387417316,0.0034166479017585516,0.0,0.007722645532339811,0.00301742204464972,0.007677827961742878,0.0064401100389659405,0.012728719040751457,0.009567920118570328,0.012128761038184166,0.005348765756934881,0.010616261512041092,0.00579760642722249,0.011379530653357506,0.005331524647772312,0.01060037687420845,0.01821303367614746,0.005312789231538773,0.006521961186081171,0.011877468787133694,0.005936589557677507,0.008495768532156944,0.006257351022213697,0.010890846140682697
201104,0.009717125445604324,0.0,0.006061044055968523,0.006532643921673298,0.029521794989705086,0.0020744558423757553,0.012544364668428898,0.00696666119620204,0.009162521921098232,0.01728479564189911,0.012097318656742573,0.006398065015673637,0.01352467481046915,0.007920521311461926,0.005675314459949732,0.0035279840230941772,0.008507917635142803,0.011197177693247795,0.01814301498234272,0.011509617790579796,0.034317679703235626,0.002837510546669364,0.0,0.0026195268146693707,0.005050857551395893,0.012987066060304642,0.006597731728106737,0.006745026912540197,0.007611706852912903,0.013215629383921623,0.009218588471412659,0.009108157828450203,0.003959005698561668,0.007675421889871359,0.007788938004523516,0.009561661630868912,0.0038550226017832756,0.0034781808499246836,0.020998133346438408,0.008563818410038948,0.0055555435828864574,0.009950884617865086,0.017771659418940544,0.015496830455958843,0.00955435261130333,0.008292747661471367,0.00422039395198226,0.009632873348891735,0.012816295027732849,0.005361725110560656,0.006324511952698231,0.004050636198371649,0.0073825824074447155,0.010398998856544495,0.005403860006481409,0.018534088507294655,0.007166694849729538,0.014188515022397041,0.010670294053852558,0.007667358499020338,0.01634114980697632,0.009168890304863453,0.007664882577955723,0.0,0.007168415933847427,0.010596889071166515,0.004466596990823746,0.010455844923853874,0.008313792757689953,0.005483293440192938,0.007710763718932867,0.006110545247793198,0.0050984639674425125,0.004993122536689043,0.006181119009852409,0.007905714213848114,0.004899068269878626,0.006646930240094662,0.015090649016201496,0.010402551852166653,0.009118813090026379,0.010657885111868382,0.007265755906701088,0.005119252949953079,0.01102689653635025,0.004567475523799658,0.007967280223965645,0.010772151872515678,0.007455086801201105,0.007722365669906139,0.0048807645216584206,0.005014651920646429,0.007166409865021706,0.002911857794970274,0.0112611697986722,0.006146776024252176,0.012031190097332,0.018082210794091225,0.007939785718917847,0.005438906606286764,0.009909099899232388,0.005284246057271957,0.026557277888059616,0.0050144316628575325,0.009875011630356312,0.017617782577872276,0.005255255848169327,0.005433992017060518,0.00407812837511301,0.005725349765270948,0.009578968398272991,0.0006645206594839692,0.012763061560690403
201105,0.00866929441690445,0.0,0.0066088358871638775,0.00621727854013443,0.032895732671022415,0.004457512870430946,0.011593729257583618,0.0029211377259343863,0.010022002272307873,0.019310783594846725,0.012229958549141884,0.005214214790612459,0.006268265191465616,0.007354614324867725,0.006428110878914595,0.0034735139925032854,0.009959048591554165,0.011856190860271454,0.01895260065793991,0.010677951388061047,0.011473337188363075,0.019737383350729942,0.0,0.006423110608011484,0.004069340880960226,0.01252712681889534,0.006118143908679485,0.004155194852501154,0.007828273810446262,0.005399117711931467,0.00818693544715643,0.007510220631957054,0.007944169454276562,0.02076304331421852,0.008144561201334,0.008829808793962002,0.0,0.005200630519539118,0.019527919590473175,0.007872479036450386,0.005543688777834177,0.01143039483577013,0.011932449415326118,0.017198756337165833,0.009325762279331684,0.008005856536328793,0.006658014375716448,0.0095528494566679,0.012678572908043861,0.007154583930969238,0.006369421724230051,0.002996845869347453,0.0063161044381558895,0.010616573505103588,0.005165893584489822,0.029597364366054535,0.012218991294503212,0.013826227746903896,0.008538096211850643,0.008152947761118412,0.0115417605265975,0.005397398490458727,0.0064783161506056786,0.0024665636010468006,0.00794179830700159,0.0067734261974692345,0.006994357332587242,0.011436183005571365,0.007878701202571392,0.004775602836161852,0.008279371075332165,0.007415538188070059,0.006383589468896389,0.004581881687045097,0.00603623827919364,0.007378109265118837,0.00512510072439909,0.004428676795214415,0.010435990989208221,0.00919924397021532,0.01286608912050724,0.009425465948879719,0.007518236991018057,0.004835480358451605,0.014825376681983471,0.004826270509511232,0.008118179626762867,0.009567353874444962,0.007816620171070099,0.012354164384305477,0.003852805122733116,0.013405175879597664,0.006910165771842003,0.0034836495760828257,0.009172462858259678,0.00634110439568758,0.011553341522812843,0.011231421492993832,0.0029229982756078243,0.004376191180199385,0.009918281808495522,0.004541438072919846,0.020316217094659805,0.005070705898106098,0.009480653330683708,0.01826048269867897,0.0053329989314079285,0.006943668704479933,0.01008274033665657,0.004405749496072531,0.009738200344145298,0.005119036417454481,0.014338357374072075
201106,0.0033359131775796413,0.002699301578104496,0.004735195077955723,0.005417691543698311,0.032321225851774216,0.0028513085562735796,0.011108368635177612,0.006821207702159882,0.011532933451235294,0.010689067654311657,0.012024507857859135,0.006757541559636593,0.014537102542817593,0.006891059689223766,0.008076271042227745,0.005265872925519943,0.009543080814182758,0.010798707604408264,0.015145590528845787,0.010746745392680168,0.018964078277349472,0.019295107573270798,0.0,0.0026832870207726955,0.0059151602908968925,0.010980124585330486,0.004478574264794588,0.00646602176129818,0.0057755946181714535,0.006655105389654636,0.006936968769878149,0.007199128624051809,0.007410187739878893,0.017024371773004532,0.00720642227679491,0.008472857996821404,0.0,0.010526878759264946,0.018351908773183823,0.007295199204236269,0.006718783639371395,0.010686827823519707,0.013258060440421104,0.01598878763616085,0.008726314641535282,0.008595691062510014,0.0028603144455701113,0.009179911576211452,0.0113321952521801,0.005015407223254442,0.006334114354103804,0.003928851336240768,0.007860377430915833,0.009872457012534142,0.0052277641370892525,0.029876718297600746,0.0038979838136583567,0.014167869463562965,0.010427872650325298,0.007874042727053165,0.016512563452124596,0.0035339691676199436,0.0034866281785070896,0.0,0.006688978988677263,0.0074306572787463665,0.005323659162968397,0.010126766748726368,0.00814411137253046,0.0064718760550022125,0.009984498843550682,0.0052083018235862255,0.004721881356090307,0.0048617287538945675,0.004524573218077421,0.007034239359200001,0.00497969426214695,0.003878259100019932,0.009407284669578075,0.009521106258034706,0.007288247812539339,0.010139552876353264,0.005893148016184568,0.00806570053100586,0.017258239910006523,0.006230833940207958,0.009029390290379524,0.011900722980499268,0.022959398105740547,0.0064945830963552,0.0042314473539590836,0.01016371138393879,0.007949660532176495,0.005151411518454552,0.011607620865106583,0.0058274464681744576,0.010502582415938377,0.013576938770711422,0.005932668223977089,0.006028359290212393,0.010617630556225777,0.005620995536446571,0.023710917681455612,0.005287094973027706,0.009956147521734238,0.018819410353899002,0.004290750250220299,0.0036492720246315002,0.012238324619829655,0.005401950795203447,0.012338325381278992,0.005841665435582399,0.00938897393643856
201107,0.00682075135409832,0.0,0.005968510638922453,0.0043344213627278805,0.03353486955165863,0.005087423138320446,0.01109564770013094,0.005624528042972088,0.015309463255107403,0.008920492604374886,0.011340021155774593,0.006763824727386236,0.014485214836895466,0.008061741478741169,0.007141413167119026,0.005576441064476967,0.007984783500432968,0.011291285045444965,0.014383181929588318,0.010819016955792904,0.0054708863608539104,0.028785526752471924,0.006193095352500677,0.0038762190379202366,0.004571434110403061,0.011930875480175018,0.008335264399647713,0.004952228628098965,0.007822842337191105,0.0,0.008603272028267384,0.008848433382809162,0.008161468431353569,0.01804180070757866,0.007453854661434889,0.009036815725266933,0.0,0.0032795302104204893,0.0217143464833498,0.007166120223701,0.01100750919431448,0.0102768549695611,0.012035369873046875,0.016927987337112427,0.009072784334421158,0.007704257033765316,0.004251683596521616,0.009845346212387085,0.010376702062785625,0.005071580875664949,0.0061425273306667805,0.0029795372392982244,0.0058772144839167595,0.008771095424890518,0.006331596989184618,0.0412612110376358,0.0043581398203969,0.013907253742218018,0.01127094216644764,0.007342997472733259,0.021966736763715744,0.014231564477086067,0.004578854888677597,0.0022520343773066998,0.007125416770577431,0.009641717188060284,0.00538072781637311,0.009764550253748894,0.007551145274192095,0.006163438782095909,0.008808582089841366,0.005626790225505829,0.005860426928848028,0.005896212533116341,0.00522833876311779,0.010510975494980812,0.006090665236115456,0.009126730263233185,0.012332815676927567,0.009856512770056725,0.0059321047738194466,0.010346631519496441,0.013864066451787949,0.00522629776969552,0.012091681361198425,0.0041562654078006744,0.006619036663323641,0.011561538092792034,0.008718892000615597,0.007931012660264969,0.004575139377266169,0.003781842300668359,0.007675578352063894,0.00437628710642457,0.004389083944261074,0.00574141601100564,0.010345222428441048,0.014906864613294601,0.004254563711583614,0.004551168996840715,0.014946874231100082,0.005359582137316465,0.009940018877387047,0.005768234841525555,0.010021339170634747,0.017040090635418892,0.004886186681687832,0.0033462191931903362,0.004646729677915573,0.0057461620308458805,0.009816735051572323,0.004205375909805298,0.011637922376394272
201108,0.00974321085959673,0.0056395805440843105,0.004535756539553404,0.00951104424893856,0.02979862689971924,0.006427483633160591,0.011846932582557201,0.005305125843733549,0.013809958472847939,0.010797711089253426,0.011991755105555058,0.0070799863897264,0.010308116674423218,0.00740605965256691,0.007046967279165983,0.0039541046135127544,0.009652639739215374,0.011694574728608131,0.017809318378567696,0.01179298385977745,0.010530413128435612,0.0033460790291428566,0.005576127674430609,0.0015582138439640403,0.006374260876327753,0.012757370248436928,0.006705333478748798,0.007446585223078728,0.008096834644675255,0.0014126255409792066,0.009211167693138123,0.008114074356853962,0.004239219706505537,0.016613099724054337,0.0081329345703125,0.009074312634766102,0.01642184518277645,0.0068727461621165276,0.018269550055265427,0.007496650796383619,0.006585597526282072,0.008060823194682598,0.013095337897539139,0.01874944008886814,0.008977612480521202,0.008476301096379757,0.004457817878574133,0.008807478472590446,0.014524364843964577,0.005079277325421572,0.007120641879737377,0.0028970681596547365,0.007508785463869572,0.011481975205242634,0.007703873328864574,0.0156836099922657,0.01050594449043274,0.013227555900812149,0.011138353496789932,0.007362838368862867,0.022799048572778702,0.007912744767963886,0.004447545390576124,0.0,0.006704260129481554,0.008138117380440235,0.004396212287247181,0.010105190798640251,0.00774081377312541,0.0037709404714405537,0.013509117998182774,0.005753048695623875,0.006917157676070929,0.004030383192002773,0.00683195935562253,0.0016904491931200027,0.005924698896706104,0.002843271242454648,0.010271324776113033,0.009897532872855663,0.011615630239248276,0.009830555878579617,0.006636143196374178,0.006079396232962608,0.015523935668170452,0.004240318201482296,0.007324253674596548,0.02167811430990696,0.0046813650988042355,0.0067658149637281895,0.004164471291005611,0.0012314276536926627,0.007629408035427332,0.005199815146625042,0.009163723327219486,0.0059073870070278645,0.0115458182990551,0.02205161564052105,0.004727384075522423,0.004458191338926554,0.014845697209239006,0.005726680625230074,0.012904597446322441,0.0057307700626552105,0.009770341217517853,0.022069286555051804,0.005122497212141752,0.005050568375736475,0.009407511912286282,0.004594874568283558,0.011198201216757298,0.0011328082764521241,0.012461559846997261
201109,0.02707085758447647,0.0016423278721049428,0.004856566432863474,0.004027911461889744,0.030977079644799232,0.007247108966112137,0.011135020293295383,0.006655905395746231,0.00817516352981329,0.011395665816962719,0.0113850561901927,0.004849302116781473,0.0065801115706563,0.006307023111730814,0.008857401087880135,0.0028156850021332502,0.009029082022607327,0.01079251617193222,0.016719438135623932,0.010295392945408821,0.003872275585308671,0.012825636193156242,0.0,0.00959858950227499,0.0058031463995575905,0.011690220795571804,0.006220133509486914,0.006757938768714666,0.007338882423937321,0.015295485965907574,0.009530084207654,0.00839915033429861,0.008751247078180313,0.00977593008428812,0.007270480506122112,0.008121593855321407,0.0069340853951871395,0.005647220648825169,0.01892024837434292,0.0061509134247899055,0.005771041382104158,0.009237022139132023,0.016851430758833885,0.018934624269604683,0.00958790723234415,0.007605187129229307,0.0023757314775139093,0.007941078394651413,0.011727477423846722,0.004955554846674204,0.007835561409592628,0.003868276486173272,0.005643251817673445,0.011594660580158234,0.005145349074155092,0.029489897191524506,0.0147306052967906,0.012067507021129131,0.010720877908170223,0.007447324693202972,0.02126745693385601,0.004768225830048323,0.005333509296178818,0.002131780842319131,0.007092980667948723,0.008968541398644447,0.00497610867023468,0.00992377195507288,0.007427948527038097,0.003498281352221966,0.0079334806650877,0.00457416707649827,0.006760885939002037,0.005343652330338955,0.0038236393593251705,0.0035742330364882946,0.005700594279915094,0.006399644538760185,0.019616005942225456,0.009270838461816311,0.006973719224333763,0.009319407865405083,0.0070013077929615974,0.004757085349410772,0.017152002081274986,0.0051562893204391,0.007334140595048666,0.014315939508378506,0.008196666836738586,0.006744592450559139,0.004182414151728153,0.0019359436118975282,0.006787494756281376,0.004265233874320984,0.009740415029227734,0.005669415928423405,0.010898481123149395,0.012782340869307518,0.0051130931824445724,0.004294483922421932,0.013351700268685818,0.005386953707784414,0.011690942570567131,0.005244969855993986,0.009354816749691963,0.021807383745908737,0.005459605250507593,0.0038938703946769238,0.012944985181093216,0.0043555134907364845,0.016145307570695877,0.0024199082981795073,0.013689617626369
201110,0.002330903662368655,0.0,0.004823107272386551,0.008212779648602009,0.03221283480525017,0.004263950977474451,0.011491655372083187,0.009794961661100388,0.010861814022064209,0.01494560856372118,0.011995082721114159,0.005328884348273277,0.011936379596590996,0.005241886712610722,0.006163738667964935,0.0031389829237014055,0.009096913039684296,0.010665996931493282,0.013352815993130207,0.010762659832835197,0.003508947091177106,0.013771502301096916,0.005157909356057644,0.010218662209808826,0.004172979388386011,0.011831254698336124,0.006100534461438656,0.001594768138602376,0.008124744519591331,0.008031508885324001,0.0073340339586138725,0.0057532149367034435,0.009871848858892918,0.008560962975025177,0.007365826051682234,0.00949169509112835,0.0025628572329878807,0.005587367340922356,0.02280106581747532,0.0065072691068053246,0.006248302757740021,0.008431803435087204,0.015760470181703568,0.02137254923582077,0.009157732129096985,0.007290673442184925,0.014378459192812443,0.009134327061474323,0.011971890926361084,0.005030330736190081,0.007486150600016117,0.008233151398599148,0.006775849033147097,0.008832596242427826,0.006839729379862547,0.02141379378736019,0.010711480863392353,0.014221470803022385,0.010163487866520882,0.006779957562685013,0.012162926606833935,0.005966036580502987,0.005612985230982304,0.003080449067056179,0.007016560062766075,0.006555335130542517,0.00561032397672534,0.008405879139900208,0.00887446291744709,0.004030006937682629,0.01098291203379631,0.005851978436112404,0.007877171970903873,0.0052241613157093525,0.005839074496179819,0.012972733937203884,0.0051901619881391525,0.009819353930652142,0.011514529585838318,0.011536261066794395,0.011058539152145386,0.007939000613987446,0.004900423809885979,0.0039414954371750355,0.013164415955543518,0.0032994893845170736,0.008308280259370804,0.02628444693982601,0.0,0.00685818400233984,0.007641242817044258,0.01055943500250578,0.006790818180888891,0.0038047099951654673,0.004662388004362583,0.005577998235821724,0.011361414566636086,0.018421856686472893,0.006150451488792896,0.004923426080495119,0.012855165638029575,0.005202826112508774,0.020870070904493332,0.005377613008022308,0.011372990906238556,0.020449139177799225,0.005813313648104668,0.003646139521151781,0.0,0.004956492688506842,0.020590508356690407,0.0032529872842133045,0.010637355037033558
201111,0.0,0.0158239658921957,0.005873598624020815,0.005928007885813713,0.03622283414006233,0.004968313965946436,0.011085161939263344,0.004031434655189514,0.012121889740228653,0.01005295105278492,0.011884305626153946,0.005325559061020613,0.012769289314746857,0.006705793086439371,0.009120273403823376,0.004104613792151213,0.009905804879963398,0.011064140126109123,0.01377804297953844,0.010935966856777668,0.00510508893057704,0.006263426039367914,0.00630237627774477,0.013830768875777721,0.007415903266519308,0.012638546526432037,0.005459851585328579,0.007634196896106005,0.005902908276766539,0.0023988483007997274,0.011071553453803062,0.007740108296275139,0.007060871459543705,0.005257972050458193,0.008488151244819164,0.007428168784826994,0.005448011681437492,0.009660977870225906,0.018910864368081093,0.005681043025106192,0.007341724820435047,0.014161399565637112,0.012957537546753883,0.01665683276951313,0.009671486914157867,0.008117438293993473,0.0,0.007066153921186924,0.014341666363179684,0.0034834828693419695,0.0072507415898144245,0.0048522925935685635,0.005780615843832493,0.012715481221675873,0.007198254577815533,0.025880949571728706,0.0043013254180550575,0.013377992436289787,0.01095772534608841,0.006183147896081209,0.016749247908592224,0.00794671569019556,0.0049210586585104465,0.005056528374552727,0.0057975901290774345,0.007802500389516354,0.0055103302001953125,0.009592072106897831,0.007827570661902428,0.00597285944968462,0.00754581717774272,0.0058659641072154045,0.006106951739639044,0.006233212072402239,0.004494030028581619,0.004451445769518614,0.003835412673652172,0.011019434779882431,0.01323521789163351,0.011763717979192734,0.00862074550241232,0.01084527000784874,0.007431183010339737,0.006100298371165991,0.006855263374745846,0.005470371805131435,0.006800467614084482,0.028153950348496437,0.01601549983024597,0.01177032757550478,0.004257018677890301,0.00412264047190547,0.006513689178973436,0.006054372992366552,0.01042259857058525,0.005519723519682884,0.011765777133405209,0.01081505510956049,0.008488931693136692,0.005733662750571966,0.013295464217662811,0.004367339890450239,0.017451947554945946,0.005116867832839489,0.008903443813323975,0.015977125614881516,0.008883938193321228,0.004033210687339306,0.004475397989153862,0.005417999345809221,0.013302148319780827,0.0024189550895243883,0.009173817001283169
201112,0.0018147006630897522,0.0,0.00682060094550252,0.003950953017920256,0.033070698380470276,0.0038293227553367615,0.01062487531453371,0.00425987271592021,0.013297134079039097,0.011137294583022594,0.011809059418737888,0.005350247956812382,0.0,0.007194336038082838,0.009217973798513412,0.005215055774897337,0.010603438131511211,0.01077498123049736,0.017113108187913895,0.012951222248375416,0.02088562212884426,0.00739634595811367,0.004062972031533718,0.005142733920365572,0.0056458404287695885,0.015393718145787716,0.005113758612424135,0.003490989562124014,0.005903405603021383,0.005345126148313284,0.008431017398834229,0.00756671279668808,0.00624719588086009,0.01581353321671486,0.009513252414762974,0.008703273721039295,0.005025061778724194,0.002713864902034402,0.01652549020946026,0.0054235621355473995,0.006174386478960514,0.01690470427274704,0.01843240298330784,0.016979383304715157,0.009407936595380306,0.008111895062029362,0.006696031428873539,0.006239060778170824,0.013813426718115807,0.004066634923219681,0.0066224983893334866,0.010016112588346004,0.00533403642475605,0.018995188176631927,0.0049856603145599365,0.02315524034202099,0.00308605027385056,0.011545074172317982,0.010598682798445225,0.005882670171558857,0.03368169814348221,0.011546284891664982,0.004564277362078428,0.004391895141452551,0.005522965453565121,0.00787134189158678,0.00534520298242569,0.011153016239404678,0.008278067223727703,0.004719221498817205,0.01019646693021059,0.005969930440187454,0.004321785178035498,0.005905975122004747,0.003916882444173098,0.005026593338698149,0.0037437635473906994,0.010511036962270737,0.016181442886590958,0.010990613140165806,0.008239427581429482,0.009299413301050663,0.006680558435618877,0.003636531298980117,0.013421006500720978,0.0050970688462257385,0.006307887379080057,0.02770267240703106,0.004125569481402636,0.00690506724640727,0.0034628682769834995,0.0012888029450550675,0.006355994381010532,0.0068245516158640385,0.010027646087110043,0.005727565847337246,0.010993918403983116,0.01534258108586073,0.007052782457321882,0.005692590028047562,0.011995647102594376,0.003998217172920704,0.02187066152691841,0.0047206515446305275,0.00917989294975996,0.01504318043589592,0.006304741371423006,0.0026405698154121637,0.0023752779234200716,0.0048107062466442585,0.012008954770863056,0.0011047124862670898,0.015498470515012741
201201,0.005436245817691088,0.005593762267380953,0.008048111572861671,0.0,0.04242474585771561,0.003685157746076584,0.013915570452809334,0.005914794746786356,0.008939691819250584,0.007119244895875454,0.014097803272306919,0.009680208750069141,0.006485044024884701,0.007895692251622677,0.00815737247467041,0.0,0.011775256134569645,0.009623884223401546,0.016342148184776306,0.013569578528404236,0.015399501658976078,0.0115950433537364,0.0028210438322275877,0.0025039019528776407,0.007397667970508337,0.017448928207159042,0.006536282133311033,0.002681697253137827,0.005517465528100729,0.0036214874126017094,0.008276836946606636,0.006065075285732746,0.006795794703066349,0.015173770487308502,0.009159864857792854,0.009939704090356827,0.0,0.005913587287068367,0.016014879569411278,0.00934444647282362,0.012371187098324299,0.007420537993311882,0.006911902222782373,0.015704603865742683,0.01220068708062172,0.007065318990498781,0.0,0.008694580756127834,0.014170459471642971,0.005830065812915564,0.008040197193622589,0.007656513247638941,0.007749535609036684,0.008896456100046635,0.004365457221865654,0.015397843904793262,0.0028875048737972975,0.012194137088954449,0.010673366487026215,0.009103073738515377,0.010073642246425152,0.011160243302583694,0.007153632584959269,0.0,0.007334303110837936,0.008664518594741821,0.007159619592130184,0.009448336437344551,0.008301601745188236,0.004423890262842178,0.014259913004934788,0.009332725778222084,0.0046520228497684,0.0047959876246750355,0.004844952374696732,0.005335759371519089,0.004579357337206602,0.0,0.01740417443215847,0.011312117800116539,0.007826498709619045,0.026867704465985298,0.012077189981937408,0.004652765113860369,0.017911376431584358,0.005147357005625963,0.010288375429809093,0.013918067328631878,0.0,0.012055739760398865,0.002905389992520213,0.0022056077141314745,0.006741248536854982,0.013586719520390034,0.011414255946874619,0.007825013250112534,0.013528642244637012,0.01643766462802887,0.0,0.007652895525097847,0.015988538041710854,0.005697965621948242,0.015912404283881187,0.004687846638262272,0.009642747230827808,0.02190060168504715,0.004369050730019808,0.006551641505211592,0.005883798934519291,0.006492586340755224,0.008320940658450127,0.001103186048567295,0.011924665421247482
201202,0.003334624459967017,0.01002772431820631,0.003615282941609621,0.0032231160439550877,0.03400690481066704,0.004697091411799192,0.011920257471501827,0.010893071070313454,0.010629412718117237,0.008173758164048195,0.013050882145762444,0.004324692767113447,0.0,0.007950949482619762,0.008170952089130878,0.0,0.008913058787584305,0.009035995230078697,0.015871062874794006,0.012016627006232738,0.03012385591864586,0.007804820779711008,0.0020973412320017815,0.014563067816197872,0.007905230857431889,0.016243472695350647,0.005622671917080879,0.0034148930571973324,0.005434086546301842,0.004429301247000694,0.009097120724618435,0.005457569845020771,0.010585548356175423,0.06146339699625969,0.008218769915401936,0.008126258850097656,0.0,0.004862096626311541,0.01453101821243763,0.007323842030018568,0.004890691954642534,0.006438687443733215,0.006953985430300236,0.01552337035536766,0.01089945062994957,0.006976895034313202,0.007241822779178619,0.007632129825651646,0.012807649560272694,0.004743821453303099,0.007220686413347721,0.0,0.004874892998486757,0.007200244348496199,0.004687583539634943,0.01712987758219242,0.0,0.01150677353143692,0.011912686750292778,0.007435735780745745,0.00822157971560955,0.009759826585650444,0.005118498113006353,0.0035582990385591984,0.005273904651403427,0.009369299747049809,0.004956211894750595,0.00743023632094264,0.00797863956540823,0.005354747641831636,0.0064852978102862835,0.009600698947906494,0.003769813571125269,0.00481228856369853,0.0029393108561635017,0.0054831854067742825,0.005020505283027887,0.002446352504193783,0.01000363938510418,0.008421113714575768,0.015864470973610878,0.015288791619241238,0.007813205942511559,0.0035609127953648567,0.018955182284116745,0.005581348668783903,0.006901244167238474,0.025960037484765053,0.011105266399681568,0.01124038826674223,0.0027284177485853434,0.0,0.006783006712794304,0.018230654299259186,0.00767652690410614,0.007393504027277231,0.01412713248282671,0.006208396982401609,0.012916204519569874,0.007444915361702442,0.008642052300274372,0.00438719755038619,0.012399124912917614,0.0053255679085850716,0.007581725250929594,0.012257503345608711,0.003162218490615487,0.0050913672894239426,0.015991011634469032,0.00442528584972024,0.017118733376264572,0.001066153054125607,0.007532191462814808
201203,0.002658992540091276,0.004869686905294657,0.010237673297524452,0.005815505515784025,0.032868966460227966,0.007898999378085136,0.01298903301358223,0.004050769377499819,0.0046277898363769054,0.00817588809877634,0.013598987832665443,0.003972969483584166,0.0,0.008250616490840912,0.006088902708142996,0.0025208292063325644,0.008889355696737766,0.010121897794306278,0.019020743668079376,0.01349421963095665,0.0,0.010562252253293991,0.001950733014382422,0.014885179698467255,0.006062451284378767,0.017366496846079826,0.005249182693660259,0.0038219953421503305,0.005509545560926199,0.0,0.007122003939002752,0.005799117963761091,0.0022658922243863344,0.020789870992302895,0.009059600532054901,0.009911996312439442,0.009347572922706604,0.003716137260198593,0.015514815226197243,0.007469399366527796,0.006944284308701754,0.0068021672777831554,0.008635050617158413,0.015259367413818836,0.012538016773760319,0.00728793628513813,0.002870324533432722,0.007229449227452278,0.011254814453423023,0.004509102553129196,0.008577846921980381,0.006238286383450031,0.005565854255110025,0.008460757322609425,0.004793892148882151,0.025602800771594048,0.008109621703624725,0.011898593977093697,0.011605188250541687,0.007407204248011112,0.007492707576602697,0.017099766060709953,0.005566643085330725,0.011901063844561577,0.005199267528951168,0.010840578936040401,0.00785598810762167,0.00846071820706129,0.009254992939531803,0.007334449328482151,0.010253895074129105,0.010548840276896954,0.022263290360569954,0.005961649585515261,0.0034920750185847282,0.008355818688869476,0.004218451678752899,0.007936873473227024,0.017079848796129227,0.008306960575282574,0.007944876328110695,0.017518561333417892,0.0076005118899047375,0.0035511597525328398,0.008881532587110996,0.005440849810838699,0.008421245962381363,0.00978840421885252,0.025986766442656517,0.011501585133373737,0.0043536401353776455,0.0,0.007551330141723156,0.003763959277421236,0.011614881455898285,0.008328479714691639,0.01642420142889023,0.012799023650586605,0.020771456882357597,0.006599425338208675,0.010079209692776203,0.005439856555312872,0.00949472188949585,0.004920020699501038,0.007905842736363411,0.014761066995561123,0.002992068650200963,0.0070939334109425545,0.0040364875458180904,0.006708461791276932,0.011092604137957096,0.002042533829808235,0.007020741235464811
201204,0.0,0.008002973161637783,0.004302831832319498,0.002740740543231368,0.03157081827521324,0.006161033641546965,0.011414675042033195,0.006674019619822502,0.0059989928267896175,0.006993034388870001,0.012336465530097485,0.0038967567961663008,0.0037481270264834166,0.007354822009801865,0.008891967125236988,0.0,0.008810065686702728,0.008096525445580482,0.015239452943205833,0.011029768735170364,0.002459950279444456,0.012727032415568829,0.0,0.01332439761608839,0.0059350929223001,0.014699242077767849,0.0052806721068918705,0.003458410268649459,0.006005020346492529,0.006882359739392996,0.0074475291185081005,0.005187265574932098,0.005357338581234217,0.015287804417312145,0.00744417030364275,0.0074858879670500755,0.0020818491466343403,0.005083071067929268,0.014438963495194912,0.007283725775778294,0.005077367648482323,0.005765139125287533,0.0063195968978106976,0.015797676518559456,0.010578596033155918,0.006300267763435841,0.0025401711463928223,0.006633197423070669,0.009662928991019726,0.003694734536111355,0.0069415089674293995,0.004744402132928371,0.0046647232957184315,0.005716713145375252,0.0051897610537707806,0.021462392061948776,0.0,0.010610196739435196,0.01111077144742012,0.007403179071843624,0.007155113387852907,0.003238076576963067,0.0053406707011163235,0.0033324395772069693,0.008290798403322697,0.008280444890260696,0.005919754505157471,0.006682678125798702,0.007448641117662191,0.004231116734445095,0.009119907394051552,0.008971190080046654,0.004373525734990835,0.00482451356947422,0.004598448518663645,0.0018574208952486515,0.0038881886284798384,0.013707549311220646,0.014316529035568237,0.00793604739010334,0.009758173488080502,0.01295043621212244,0.007847373373806477,0.003182862186804414,0.01659432426095009,0.003221723483875394,0.006750123575329781,0.035426441580057144,0.0073805502615869045,0.010765873827040195,0.004158011171966791,0.08117194473743439,0.0069865272380411625,0.02196752093732357,0.017278848215937614,0.007052132394164801,0.013910061679780483,0.006108817644417286,0.021617820486426353,0.006777721922844648,0.007965107448399067,0.004638080019503832,0.013669180683791637,0.0043121022172272205,0.007969003170728683,0.017464861273765564,0.0074850465171039104,0.004364193882793188,0.003911711275577545,0.0054883505217731,0.013095468282699585,0.007114666048437357,0.00675571896135807
201205,0.0,0.002226474229246378,0.002897411584854126,0.0031907055526971817,0.035255420953035355,0.0059429071843624115,0.01220795325934887,0.0,0.0042819855734705925,0.006379095837473869,0.013183411210775375,0.0053492519073188305,0.008436252363026142,0.007760573178529739,0.007024548016488552,0.0013988842256367207,0.009021187201142311,0.009173713624477386,0.018309054896235466,0.012766100466251373,0.0030012917704880238,0.013761685229837894,0.002725913655012846,0.010219854302704334,0.006435389630496502,0.0156758651137352,0.0048797777853906155,0.001849647145718336,0.007025985978543758,0.006462814752012491,0.009323556907474995,0.007288849912583828,0.00608485285192728,0.01396251656115055,0.00724827079102397,0.008470667526125908,0.0,0.004502493422478437,0.01722656935453415,0.007388256955891848,0.005445984657853842,0.008071915246546268,0.006855741608887911,0.0200488343834877,0.011599280871450901,0.006907107308506966,0.0,0.0067918309941887856,0.012786767445504665,0.004190321546047926,0.008009526878595352,0.006545412354171276,0.005281300749629736,0.005815850105136633,0.0052008070051670074,0.01569645293056965,0.019225122407078743,0.01113726757466793,0.011611799709498882,0.007568775676190853,0.007240451872348785,0.0047502764500677586,0.005534188821911812,0.005170000717043877,0.005031936801970005,0.01327733788639307,0.007747262250632048,0.005620655138045549,0.00818726234138012,0.006594005040824413,0.009241549298167229,0.009997819550335407,0.016759302467107773,0.0065195392817258835,0.004244361538439989,0.005192284472286701,0.00478456960991025,0.025650639086961746,0.01570698618888855,0.011950741522014141,0.007285725325345993,0.009533767588436604,0.008169111795723438,0.00433036033064127,0.018674485385417938,0.004896411672234535,0.010774814523756504,0.015564516186714172,0.04408818483352661,0.02380693331360817,0.00535051291808486,0.003254854353144765,0.006818943191319704,0.016036618500947952,0.004877288360148668,0.006884933914989233,0.015063884668052197,0.007334200199693441,0.020221170037984848,0.00702478364109993,0.007800400722771883,0.0051960269920527935,0.011122510768473148,0.004165074322372675,0.007534620352089405,0.010288256220519543,0.006203834433108568,0.0054176668636500835,0.0,0.006563607137650251,0.012731008231639862,0.001281775301322341,0.005373205989599228
201206,0.0035964709240943193,0.003295373637229204,0.005623656325042248,0.004368551541119814,0.03900359943509102,0.004387200810015202,0.012125466950237751,0.005514085758477449,0.051480311900377274,0.007041324861347675,0.014101220294833183,0.008905098773539066,0.005457843653857708,0.00771699333563447,0.00802091509103775,0.0,0.01001601293683052,0.009412108920514584,0.016664166003465652,0.012349762953817844,0.004959545098245144,0.005991267040371895,0.002332025906071067,0.021870216354727745,0.0055106328800320625,0.01598721742630005,0.005513831507414579,0.0039618662558496,0.005859753582626581,0.001590649364516139,0.006632240489125252,0.005741626489907503,0.009037414565682411,0.030955228954553604,0.00808811467140913,0.0069272504188120365,0.0,0.004629111848771572,0.009932431392371655,0.007048801053315401,0.005927256308495998,0.007784347049891949,0.00679749483242631,0.014480866491794586,0.011694848537445068,0.00679659703746438,0.011072171851992607,0.006711654830724001,0.01435947883874178,0.005244423169642687,0.007708082441240549,0.0039474451914429665,0.005904064513742924,0.007475622463971376,0.004703763872385025,0.014279349707067013,0.009146477095782757,0.010915609076619148,0.011836232617497444,0.007957817986607552,0.00909312441945076,0.003149473574012518,0.007156480103731155,0.0,0.00527375191450119,0.009804338216781616,0.0034567671827971935,0.00664439657703042,0.00936831720173359,0.005525830667465925,0.008882195688784122,0.01261858083307743,0.004582216031849384,0.003749048337340355,0.009073889814317226,0.006302170921117067,0.0068740942515432835,0.005976498126983643,0.012620246969163418,0.012127223424613476,0.010488564148545265,0.010488557629287243,0.010241450741887093,0.004069950897246599,0.012669463641941547,0.002528828103095293,0.005658469628542662,0.04415364935994148,0.0031607944983989,0.010127956047654152,0.004928168840706348,0.001976177329197526,0.0073110382072627544,0.0,0.021867234259843826,0.007050178945064545,0.01554629486054182,0.009657708927989006,0.015641676262021065,0.006220354698598385,0.01294989138841629,0.005303092300891876,0.007212660275399685,0.004713866859674454,0.007120160385966301,0.010012040846049786,0.0058974456042051315,0.005724327173084021,0.0024517017882317305,0.005082373972982168,0.011803255416452885,0.0011889793677255511,0.008081941865384579
201207,0.004503108561038971,0.007020572200417519,0.005653817672282457,0.0,0.03912530839443207,0.004703894257545471,0.011798007413744926,0.0048388228751719,0.0071463817730546,0.008455276489257812,0.013642776757478714,0.004024322610348463,0.008276322856545448,0.007980945520102978,0.006621934473514557,0.0018160059116780758,0.009650803171098232,0.010291793383657932,0.01570216752588749,0.012928580865263939,0.005160035099834204,0.007399342488497496,0.0,0.02327265404164791,0.006958500947803259,0.016172612085938454,0.005832088645547628,0.002813728991895914,0.005744019523262978,0.0018038494745269418,0.0092216357588768,0.006620550993829966,0.009907498955726624,0.01996874250471592,0.008148382417857647,0.0070139942690730095,0.0012434304226189852,0.006205577868968248,0.019803587347269058,0.006978691555559635,0.0059598651714622974,0.00834218692034483,0.006354699842631817,0.016834791749715805,0.012092355638742447,0.006688231602311134,0.002249178709462285,0.006874087732285261,0.013487034477293491,0.003733088495209813,0.008072122931480408,0.002662929240614176,0.004913638345897198,0.00597565108910203,0.00542147271335125,0.01845668815076351,0.02741578035056591,0.010780955664813519,0.011506561189889908,0.00704650953412056,0.008178157731890678,0.012305199168622494,0.004994875751435757,0.003480445360764861,0.005422262474894524,0.013138195499777794,0.007643669378012419,0.007909691892564297,0.009894169867038727,0.006818258669227362,0.009092289954423904,0.01016742829233408,0.007249349262565374,0.005490270908921957,0.0031098818872123957,0.007103682961314917,0.0055984859354794025,0.0010441980557516217,0.010195429436862469,0.010098614729940891,0.011897198855876923,0.005821703467518091,0.009632911533117294,0.0019430082757025957,0.013441846705973148,0.0038901835214346647,0.005755759309977293,0.00868133082985878,0.00365727418102324,0.010556718334555626,0.0033734936732798815,0.014399259351193905,0.007151048164814711,0.02869628742337227,0.010766983963549137,0.007069992832839489,0.014939752407371998,0.011480377055704594,0.0235089473426342,0.00537494383752346,0.008109738118946552,0.00513818021863699,0.019879424944519997,0.00569306593388319,0.006232040002942085,0.02033104933798313,0.00580853084102273,0.005953438580036163,0.007941550575196743,0.005440455861389637,0.010311134159564972,0.002344561507925391,0.006525772623717785
201208,0.0027920929715037346,0.004980855621397495,0.009569324553012848,0.0,0.04108097776770592,0.005321648437529802,0.011476288549602032,0.009712431579828262,0.01004805602133274,0.005849757697433233,0.01210860162973404,0.0035288026556372643,0.012531398795545101,0.0062287310138344765,0.00669344374909997,0.0,0.008251029066741467,0.009674725122749805,0.014578338712453842,0.012272700667381287,0.0032595880329608917,0.006149939727038145,0.001959393033757806,0.019853366538882256,0.006752379704266787,0.015319534577429295,0.0053030396811664104,0.007859857752919197,0.005506714805960655,0.014856566675007343,0.005076081492006779,0.005941146519035101,0.004402496386319399,0.025681311264634132,0.007206788752228022,0.006292345933616161,0.0018112990073859692,0.017869489267468452,0.018148796632885933,0.006755983456969261,0.004989613778889179,0.006698831915855408,0.006831984501332045,0.01548522338271141,0.010650069452822208,0.0059359935112297535,0.0,0.0066613401286304,0.013523263856768608,0.003363623982295394,0.007457440719008446,0.0023824884556233883,0.007288712076842785,0.0074303667061030865,0.0047669378109276295,0.013557711616158485,0.008452997542917728,0.010627842508256435,0.009825493209064007,0.007007477805018425,0.00745780486613512,0.002324280794709921,0.005293558817356825,0.0034679777454584837,0.0037477905862033367,0.008375843055546284,0.004692481830716133,0.007021242752671242,0.00872077140957117,0.005699473433196545,0.01585245504975319,0.009824498556554317,0.014739114791154861,0.004998963791877031,0.002553514437749982,0.0,0.0036007696762681007,0.0036510280333459377,0.016207899898290634,0.0077325026504695415,0.00753624876961112,0.021500006318092346,0.008249625563621521,0.004329475108534098,0.005909539293497801,0.003509299596771598,0.008514844812452793,0.011731663718819618,0.0,0.003971134778112173,0.0027921772561967373,0.08805345743894577,0.007300323341041803,0.015139136463403702,0.009950346313416958,0.0066892593167722225,0.014793227426707745,0.009924846701323986,0.02750065177679062,0.005390280392020941,0.009030994027853012,0.004947070498019457,0.009565559215843678,0.006894280202686787,0.006603699177503586,0.008635547943413258,0.003171454882249236,0.004456448834389448,0.0015799470711499453,0.005167075898498297,0.00432561757043004,0.0027243897784501314,0.008507711812853813
201209,0.005094951018691063,0.004819017369300127,0.00708022341132164,0.007035934366285801,0.047237835824489594,0.008528371341526508,0.012247270904481411,0.007769766729325056,0.0061388518661260605,0.01016827579587698,0.01414474193006754,0.004057121463119984,0.011084888130426407,0.007507449481636286,0.008810047060251236,0.0016279288101941347,0.009600895456969738,0.009918507188558578,0.015028722584247589,0.014222857542335987,0.004039650317281485,0.009203052148222923,0.002187393605709076,0.013316105119884014,0.006660421844571829,0.01670004241168499,0.0053853001445531845,0.004650010261684656,0.006520984228700399,0.0017383695812895894,0.008315776474773884,0.006291956640779972,0.012746639549732208,0.02921345643699169,0.008604628965258598,0.007513899356126785,0.0,0.0033262833021581173,0.02237739786505699,0.0067338841035962105,0.005891219712793827,0.009236900135874748,0.006601797882467508,0.017563287168741226,0.012167494744062424,0.0069074248895049095,0.0055761924013495445,0.007769963704049587,0.00982716865837574,0.00494604604318738,0.007243079133331776,0.005161141976714134,0.005730200558900833,0.008794744499027729,0.005388258025050163,0.031033430248498917,0.005981619469821453,0.013194491155445576,0.010580167174339294,0.008059270679950714,0.008442648686468601,0.018634915351867676,0.007292121183127165,0.0,0.0027928671333938837,0.007761979475617409,0.014107025228440762,0.010882951319217682,0.009367026388645172,0.0033042680006474257,0.005134752951562405,0.012234767898917198,0.003955092281103134,0.006021696608513594,0.0061114090494811535,0.0,0.005268384236842394,0.002031039446592331,0.014070670120418072,0.00858019758015871,0.007364286575466394,0.005321471486240625,0.006495920475572348,0.0031604270916432142,0.007945623248815536,0.0041943504475057125,0.00658898800611496,0.018196014687418938,0.0,0.005663774441927671,0.002105718944221735,0.0007864455692470074,0.00915843527764082,0.019614676013588905,0.013330777175724506,0.00806756317615509,0.016307637095451355,0.009644972160458565,0.03311591595411301,0.006778680719435215,0.01133410818874836,0.005118245258927345,0.006557419430464506,0.004854902625083923,0.004847684409469366,0.01955382339656353,0.0027314454782754183,0.005447998642921448,0.003593126079067588,0.006180016789585352,0.01105407066643238,0.0011989730410277843,0.01238984428346157
201210,0.0034413104876875877,0.0,0.002610543044283986,0.00548981549218297,0.043925292789936066,0.004683810286223888,0.011092954315245152,0.024581050500273705,0.0033746184781193733,0.006069576367735863,0.013119949959218502,0.004862561356276274,0.008963420987129211,0.006868142168968916,0.009150665253400803,0.0029168378096073866,0.00818847119808197,0.009215375408530235,0.013811355456709862,0.012239215895533562,0.003342323936522007,0.004604310728609562,0.0033338021021336317,0.01042701955884695,0.005989497527480125,0.014481894671916962,0.004824856296181679,0.0017060525715351105,0.006554077845066786,0.0021240462083369493,0.00637973565608263,0.00849063415080309,0.012405535206198692,0.013429160229861736,0.008119702339172363,0.006458262912929058,0.003757513826712966,0.0,0.025285130366683006,0.005933133419603109,0.008543317206203938,0.008226869627833366,0.006978845223784447,0.013444675132632256,0.01164985354989767,0.006202598102390766,0.0,0.008683694526553154,0.01067230012267828,0.005461432505398989,0.006729355081915855,0.004726404324173927,0.009330719709396362,0.0055450876243412495,0.006154590751975775,0.02512035332620144,0.003982236608862877,0.010501103475689888,0.010927771218121052,0.007953752763569355,0.010058583691716194,0.015210933052003384,0.006018454674631357,0.025581451132893562,0.003574684029445052,0.008723067119717598,0.006206299643963575,0.009986530989408493,0.009753082878887653,0.004776747897267342,0.0,0.01096979808062315,0.0049080741591751575,0.00477538863196969,0.003165584057569504,0.03269273787736893,0.0043605235405266285,0.0016550234286114573,0.012385856360197067,0.00809513870626688,0.005775401834398508,0.019176926463842392,0.008019053377211094,0.003368375124409795,0.022788651287555695,0.004732092376798391,0.005014519207179546,0.009655386209487915,0.0,0.013820056803524494,0.0021457478869706392,0.000740629096981138,0.007443314418196678,0.03278505057096481,0.009505543857812881,0.007080366834998131,0.0173178780823946,0.007821050472557545,0.019400227814912796,0.007551547605544329,0.00974135659635067,0.004352041054517031,0.003964026924222708,0.00505249435082078,0.007131285034120083,0.012238056398928165,0.008992679417133331,0.005131351761519909,0.0,0.0057921623811125755,0.016596775501966476,0.0027562198229134083,0.018125103786587715
201211,0.002907003043219447,0.0030608910601586103,0.004568569362163544,0.0033428966999053955,0.03977625072002411,0.007934970781207085,0.010114188306033611,0.0030356845818459988,0.007380989380180836,0.005270758643746376,0.01169845275580883,0.004613724537193775,0.006516011897474527,0.006679284851998091,0.006754014641046524,0.0,0.011282446794211864,0.008137396536767483,0.013499956578016281,0.01164509728550911,0.006641163025051355,0.010848538018763065,0.0,0.00996408797800541,0.004398406483232975,0.013850576244294643,0.005405961070209742,0.0022257703822106123,0.005500012543052435,0.0017879426013678312,0.00818860623985529,0.004779038950800896,0.011089707724750042,0.01857297308743,0.007532358169555664,0.006799323949962854,0.003393386024981737,0.0058362665586173534,0.02369225211441517,0.006363529711961746,0.006818265188485384,0.0068801818415522575,0.0041138408705592155,0.015583612024784088,0.010222058743238449,0.006455874536186457,0.002806692384183407,0.00772036612033844,0.012497136369347572,0.0034656242933124304,0.006685919128358364,0.003901011310517788,0.0057879602536559105,0.005885086953639984,0.004872275982052088,0.017266269773244858,0.0049520512111485004,0.010273200459778309,0.010367629118263721,0.006156603340059519,0.004942874889820814,0.018404997885227203,0.004878974054008722,0.0038261101581156254,0.005391794256865978,0.01067066565155983,0.007029164116829634,0.006703759543597698,0.0076813162304461,0.004650025628507137,0.0,0.008300641551613808,0.005007701460272074,0.005247719585895538,0.00438650930300355,0.030860072001814842,0.0043205320835113525,0.0019246237352490425,0.014182886108756065,0.007696366868913174,0.00884159840643406,0.015668954700231552,0.007721875794231892,0.0032569176983088255,0.030630217865109444,0.0029301655013114214,0.008042114786803722,0.00887001771479845,0.0010707033798098564,0.009803454391658306,0.002504191128537059,0.0036318013444542885,0.00747074605897069,0.023294366896152496,0.020545566454529762,0.006678372621536255,0.018785860389471054,0.07003329694271088,0.02438797801733017,0.005786472000181675,0.00904775783419609,0.004205549135804176,0.00943490955978632,0.0036995350383222103,0.0063669634982943535,0.020691990852355957,0.003990940283983946,0.004236031323671341,0.0,0.0049717482179403305,0.008867746219038963,0.0010975818149745464,0.009527662768959999
201212,0.0,0.004464559257030487,0.004295298829674721,0.004265316762030125,0.036945000290870667,0.006792705040425062,0.011975366622209549,0.0,0.0077454266138374805,0.0007146644638851285,0.013507687486708164,0.0051829018630087376,0.004231421276926994,0.008170055225491524,0.011124270036816597,0.0,0.008531632833182812,0.009291532449424267,0.015033386647701263,0.012392934411764145,0.003534807590767741,0.0043832953087985516,0.007066134363412857,0.01037468109279871,0.0038423880469053984,0.013363149017095566,0.005608247127383947,0.0022364757023751736,0.004536150023341179,0.00840743351727724,0.006314198952168226,0.0036347515415400267,0.008834319189190865,0.015503332018852234,0.007828188128769398,0.008037537336349487,0.0,0.0,0.033673953264951706,0.007414357736706734,0.006576139014214277,0.009029816836118698,0.006120120175182819,0.018078109249472618,0.010686793364584446,0.006910155527293682,0.00554302241653204,0.008377034217119217,0.012884746305644512,0.004387273918837309,0.007968020625412464,0.004625427071005106,0.0057677109725773335,0.004477738868445158,0.006577644497156143,0.01135775912553072,0.0035550964530557394,0.011363002471625805,0.009748145006597042,0.008502109907567501,0.0053065065294504166,0.015191520564258099,0.007929862476885319,0.0031897686421871185,0.004830397665500641,0.009335276670753956,0.00908240582793951,0.007174590136855841,0.00685817701742053,0.0028417224530130625,0.005786756053566933,0.0128423310816288,0.0020730311516672373,0.005029846914112568,0.003559812670573592,0.01479337364435196,0.005554133094847202,0.0024382146075367928,0.03963479399681091,0.00857587531208992,0.010295703075826168,0.009390484541654587,0.014097418636083603,0.0025256334338337183,0.008040211163461208,0.0018584737554192543,0.005976734217256308,0.023856837302446365,0.004472168628126383,0.01297649648040533,0.003204626962542534,0.0015071347588673234,0.00717281736433506,0.027368275448679924,0.017538953572511673,0.007328718435019255,0.02271850034594536,0.014366923831403255,0.0485759861767292,0.007270540110766888,0.010075384750962257,0.004327426664531231,0.0024016089737415314,0.005024915561079979,0.007394405547529459,0.028959624469280243,0.004335008095949888,0.004284700378775597,0.0,0.005356909241527319,0.007128575351089239,0.008644843474030495,0.007702081464231014
201301,0.0,0.0,0.0021378197707235813,0.0017150299390777946,0.03875034302473068,0.006399151869118214,0.013132567517459393,0.026934467256069183,0.006438979879021645,0.01030787918716669,0.01293241698294878,0.003272578353062272,0.005283735692501068,0.00828133150935173,0.006352533120661974,0.0019449268002063036,0.013707787729799747,0.009205710142850876,0.016002211719751358,0.013178308494389057,0.003891803789883852,0.0060706124641001225,0.002694785827770829,0.010394549928605556,0.0072703855112195015,0.01447316724807024,0.007598904427140951,0.0021570329554378986,0.006133081391453743,0.0006179027841426432,0.007323929574340582,0.004110235720872879,0.008506648242473602,0.017357679083943367,0.007753829471766949,0.0082399295642972,0.005880291108042002,0.003978837747126818,0.02684708870947361,0.007142842747271061,0.004566889721900225,0.010634372010827065,0.005437950138002634,0.020123910158872604,0.011442285031080246,0.007029701955616474,0.0016653584316372871,0.007392615079879761,0.012302695773541927,0.004239755216985941,0.007648790720850229,0.003349397564306855,0.006550617050379515,0.0057982089929282665,0.006354835815727711,0.019655747339129448,0.010514073073863983,0.010904299095273018,0.009645870886743069,0.008723408915102482,0.007844816893339157,0.020874731242656708,0.004266425035893917,0.004130498506128788,0.006122723687440157,0.011393725872039795,0.009482640773057938,0.009116873145103455,0.0074331751093268394,0.0026248409412801266,0.005914156790822744,0.013638469390571117,0.002763153752312064,0.007300735451281071,0.004468604922294617,0.010740984231233597,0.00565763097256422,0.0,0.01133140828460455,0.008542260155081749,0.010254546999931335,0.030551590025424957,0.011702093295753002,0.0018868817714974284,0.0075091952458024025,0.0034935702569782734,0.009524554014205933,0.02008158154785633,0.017035672441124916,0.010671335272490978,0.0024792866315692663,0.0029871449805796146,0.006558282766491175,0.031496256589889526,0.009036360308527946,0.006933387368917465,0.021344859153032303,0.011607657186686993,0.015311308205127716,0.006223340984433889,0.0069519043900072575,0.004254457540810108,0.0083421990275383,0.003172706114128232,0.00539160193875432,0.009606429375708103,0.005032651592046022,0.004856492392718792,0.0022521584760397673,0.004631458315998316,0.011761615052819252,0.0052188425324857235,0.009788565337657928
201302,0.002429424086585641,0.0,0.00462356535717845,0.0,0.033551156520843506,0.004371982533484697,0.011304744519293308,0.0,0.007024020422250032,0.011140267364680767,0.01181773655116558,0.007722835522145033,0.012344061397016048,0.006806219927966595,0.008509145118296146,0.0016426709480583668,0.007976393215358257,0.008337194100022316,0.018181879073381424,0.011761252768337727,0.002622731728479266,0.005605931859463453,0.0035245332401245832,0.008841253817081451,0.006067134905606508,0.013197743333876133,0.007129074074327946,0.005493919365108013,0.005640366580337286,0.013713526539504528,0.005756533704698086,0.005593055859208107,0.008298023603856564,0.010113267228007317,0.0065545858815312386,0.00826782826334238,0.005300952587276697,0.006413171999156475,0.023293836042284966,0.006658837664872408,0.005349054001271725,0.006947985850274563,0.006235681474208832,0.013994793407619,0.010232822969555855,0.006437183823436499,0.0,0.006035471800714731,0.010819079354405403,0.0033287163823843002,0.0065001086331903934,0.0018840053817257285,0.0071177720092237,0.004839504137635231,0.004512153100222349,0.016941770911216736,0.011238769628107548,0.011040551587939262,0.007802438922226429,0.006265416741371155,0.006972821895033121,0.009890577755868435,0.005655011162161827,0.014185772277414799,0.007022641133517027,0.009298012591898441,0.005832870025187731,0.006380094680935144,0.007094788830727339,0.004024549853056669,0.0,0.011305115185678005,0.025045931339263916,0.003571978071704507,0.005286023020744324,0.01166126411408186,0.004658489488065243,0.0029136501252651215,0.008108064532279968,0.008122378028929234,0.009615576826035976,0.00766031863167882,0.008507070131599903,0.0017901568207889795,0.025476163253188133,0.0026887378189712763,0.005776926409453154,0.017056038603186607,0.025301095098257065,0.011654391884803772,0.0018781351391226053,0.09025590121746063,0.006293220911175013,0.025027668103575706,0.009997119195759296,0.007006433326750994,0.01695050485432148,0.0039634108543396,0.014182796701788902,0.0066556124947965145,0.00822320394217968,0.003809944726526737,0.004638443235307932,0.005833749659359455,0.00457353238016367,0.008575420826673508,0.004234458785504103,0.004779159557074308,0.0011238469742238522,0.004908124916255474,0.0103484857827425,0.003035512985661626,0.005994582083076239
201303,0.0,0.0028414218686521053,0.005859111901372671,0.004686000756919384,0.035676177591085434,0.0043792822398245335,0.012219156138598919,0.0003263660182710737,0.006520045921206474,0.0,0.012737062759697437,0.004558735992759466,0.005002526566386223,0.0075398897752165794,0.007982448674738407,0.0,0.01676483266055584,0.009668491780757904,0.018514415249228477,0.013631167821586132,0.01477113738656044,0.0038926508277654648,0.0010144113330170512,0.01016344502568245,0.007455106824636459,0.014409746043384075,0.011645064689218998,0.0033188897650688887,0.006011578254401684,0.010523532517254353,0.005887442268431187,0.006817296147346497,0.0075292144902050495,0.007867797277867794,0.010695165954530239,0.008205294609069824,0.0,0.005696181673556566,0.021556179970502853,0.0071517000906169415,0.007972855120897293,0.007401277776807547,0.0063103255815804005,0.013088571839034557,0.010597756132483482,0.006804218515753746,0.0009426571778021753,0.006870464887470007,0.013677811250090599,0.003803869243711233,0.007503895554691553,0.0021217656321823597,0.009017444215714931,0.004901945125311613,0.004467939492315054,0.009860491380095482,0.0,0.01294607762247324,0.00811570044606924,0.007929528132081032,0.006656117271631956,0.01847468689084053,0.0055018216371536255,0.0020435245241969824,0.005053113680332899,0.009745740331709385,0.008976384066045284,0.008273509331047535,0.0073876637034118176,0.005154050886631012,0.006173361092805862,0.01237688772380352,0.003277614712715149,0.003121250541880727,0.003454259131103754,0.004583392292261124,0.004486673511564732,0.0009489250951446593,0.01686405949294567,0.008196878246963024,0.011686448939144611,0.01245677936822176,0.012662013992667198,0.0019364746985957026,0.017307410016655922,0.0029057369101792574,0.005059527698904276,0.02759433723986149,0.005464018322527409,0.005295707378536463,0.0015652101719751954,0.057908833026885986,0.005733156111091375,0.028733111917972565,0.011143408715724945,0.007169837597757578,0.01768953539431095,0.00655777845531702,0.02570723555982113,0.006709318142384291,0.005375716835260391,0.00395989092066884,0.005434630438685417,0.0033382349647581577,0.008027120493352413,0.032978449016809464,0.006301390938460827,0.0044416883029043674,0.021221017464995384,0.004811948165297508,0.0039173332042992115,0.0025383594911545515,0.007764974143356085
201304,0.0032532019540667534,0.0,0.003195995930582285,0.003141205757856369,0.0381079837679863,0.005776242818683386,0.011902343481779099,0.020140744745731354,0.005697499494999647,0.007789064664393663,0.013424724340438843,0.007064463570713997,0.0031606992706656456,0.007833505980670452,0.010648660361766815,0.0,0.01847706362605095,0.009908774867653847,0.019843263551592827,0.013938408344984055,0.0035271469969302416,0.004639266524463892,0.0,0.010074978694319725,0.007677906658500433,0.014704281464219093,0.0049505471251904964,0.0034771468490362167,0.00648846011608839,0.011722175404429436,0.006282712332904339,0.008919336833059788,0.0023716366849839687,0.03723318129777908,0.008786019869148731,0.007952259853482246,0.0009711586753837764,0.009893623180687428,0.02599063515663147,0.007180367596447468,0.008761121891438961,0.006736355368047953,0.0055585382506251335,0.01576882414519787,0.0113646499812603,0.006510403472930193,0.000933972594793886,0.006805229466408491,0.014660708606243134,0.004307114519178867,0.007465750444680452,0.004096906166523695,0.005401539616286755,0.006165514700114727,0.0036727506667375565,0.01643841154873371,0.005657789297401905,0.011454002000391483,0.009132103063166142,0.008658312261104584,0.008096038363873959,0.005704425275325775,0.0064520579762756824,0.0033158971928060055,0.004263758659362793,0.009049643762409687,0.007871580310165882,0.007901438511908054,0.008269170299172401,0.004010889213532209,0.00622905557975173,0.011134940199553967,0.0025978391058743,0.001889422070235014,0.005328478757292032,0.005193149205297232,0.005078862886875868,0.009921222925186157,0.015249918214976788,0.007639267016202211,0.009286442771553993,0.012666596099734306,0.014452995732426643,0.0021792619954794645,0.00898042879998684,0.0016246372833848,0.006582210306078196,0.03687703609466553,0.0,0.004958279896527529,0.00950815249234438,0.0009326650178991258,0.005410908255726099,0.023762138560414314,0.014928032644093037,0.007747797295451164,0.018214017152786255,0.01697547733783722,0.01320007536560297,0.008129670284688473,0.005363147705793381,0.004486671183258295,0.008534939028322697,0.011429048143327236,0.005073756445199251,0.02089027501642704,0.005310771055519581,0.004516609013080597,0.004350603092461824,0.0034688077867031097,0.017791248857975006,0.003890242427587509,0.007583323400467634
201305,0.002147841965779662,0.0,0.004351705312728882,0.00434078136458993,0.03368029370903969,0.006519365590065718,0.011704440228641033,0.0041745868511497974,0.016410723328590393,0.008376238867640495,0.01236235536634922,0.0038830365519970655,0.004335765261203051,0.007075660862028599,0.006379364989697933,0.0,0.011914326809346676,0.008912614546716213,0.01832709275186062,0.01257086731493473,0.00973690114915371,0.030833730474114418,0.0036173355765640736,0.00874428078532219,0.006761366501450539,0.013818181119859219,0.006976507604122162,0.0090249665081501,0.0045383162796497345,0.011295236647129059,0.004772513173520565,0.004559810273349285,0.004167431965470314,0.025951270014047623,0.007385882083326578,0.007065384648740292,0.006303244736045599,0.005323666147887707,0.02474508434534073,0.0067619639448821545,0.00681658647954464,0.007208646275103092,0.0063333576545119286,0.015069625340402126,0.010226119309663773,0.005692013073712587,0.0011087937746196985,0.00610445998609066,0.013797388412058353,0.0038987966254353523,0.006480534095317125,0.0021325245033949614,0.004775074310600758,0.006180614233016968,0.0030592174734920263,0.016940081492066383,0.008778540417551994,0.011747484095394611,0.0081350551918149,0.008202868513762951,0.0070559182204306126,0.004099233075976372,0.007580171804875135,0.008042354136705399,0.003770537441596389,0.008415745571255684,0.006447522900998592,0.006565364543348551,0.006491915788501501,0.0042734346352517605,0.0,0.010237046517431736,0.004737368319183588,0.0024929530918598175,0.00438921432942152,0.007075788453221321,0.004219536203891039,0.0,0.0129307322204113,0.006756418384611607,0.011047529987990856,0.00843440368771553,0.008972925134003162,0.001232147915288806,0.02696206606924534,0.002465606899932027,0.004051010124385357,0.019400186836719513,0.019413165748119354,0.006196838803589344,0.0025713590439409018,0.07069440186023712,0.005993209313601255,0.017706777900457382,0.010783776640892029,0.006597018335014582,0.018044937402009964,0.014337184838950634,0.02118365280330181,0.006027027033269405,0.007791467010974884,0.0042533911764621735,0.005562379490584135,0.002629145747050643,0.003044825280085206,0.009246310219168663,0.005137135740369558,0.005207844078540802,0.0023055020719766617,0.0061501855961978436,0.010758057236671448,0.0011230582604184747,0.006556329783052206
201306,0.0034066629596054554,0.00406716950237751,0.006394414696842432,0.0,0.048925772309303284,0.005705047864466906,0.013017024844884872,0.01957186497747898,0.011171204969286919,0.0,0.01418645866215229,0.0057822586968541145,0.0,0.007556587923318148,0.008014225400984287,0.0,0.009651926346123219,0.011237189173698425,0.019591668620705605,0.01433958113193512,0.0038593255449086428,0.009137042798101902,0.0,0.008067077025771141,0.006472047418355942,0.015518411062657833,0.006208699196577072,0.0037223072722554207,0.006513818632811308,0.00940013863146305,0.005511419381946325,0.006358420476317406,0.007253659889101982,0.008633800782263279,0.008359969593584538,0.009823516011238098,0.003271141555160284,0.008409792557358742,0.025337019935250282,0.007324643433094025,0.007382294163107872,0.006901770364493132,0.005794937256723642,0.014374825172126293,0.012226112186908722,0.0064388783648610115,0.010900234803557396,0.0066857170313596725,0.01257549598813057,0.004332756157964468,0.00874564703553915,0.0027550070080906153,0.0070381551049649715,0.005635779816657305,0.0037877659779042006,0.020765047520399094,0.010707573965191841,0.01262342557311058,0.008417509496212006,0.007606968749314547,0.00916355475783348,0.019767476245760918,0.006035484839230776,0.004720224067568779,0.00457535358145833,0.010834801010787487,0.007692135404795408,0.00736853014677763,0.008187144063413143,0.004447193816304207,0.0023738909512758255,0.009398880414664745,0.004177739378064871,0.003827539039775729,0.003665757831186056,0.014283371157944202,0.004301892593502998,0.002744723577052355,0.009595006704330444,0.007011850830167532,0.0134044848382473,0.012176873162388802,0.015254015102982521,0.002270950237289071,0.017784904688596725,0.0031467622611671686,0.00612217653542757,0.02537452057003975,0.0009381845011375844,0.012095953337848186,0.001912990934215486,0.002434302819892764,0.006392423529177904,0.020813100039958954,0.011792168952524662,0.007699362002313137,0.02117336541414261,0.016681764274835587,0.019445709884166718,0.005333260167390108,0.0070157740265131,0.00529014877974987,0.010392275638878345,0.0032903621904551983,0.003708265023306012,0.025452077388763428,0.004237667191773653,0.005382713861763477,0.00868211779743433,0.005305249243974686,0.01033878419548273,0.0022220259997993708,0.004765436053276062
201307,0.0,0.0,0.0031658310908824205,0.004550130572170019,0.0425260029733181,0.007201866712421179,0.013544454239308834,0.0,0.009580899961292744,0.008510151877999306,0.014217720367014408,0.008629334159195423,0.012386990711092949,0.007858244702219963,0.011042964644730091,0.0,0.01314028725028038,0.013089553453028202,0.020480483770370483,0.014443496242165565,0.0047263712622225285,0.005047303158789873,0.0,0.011440334841609001,0.008207003585994244,0.015872985124588013,0.005510946270078421,0.004699608311057091,0.006472286302596331,0.008178254589438438,0.005937689915299416,0.006611964199692011,0.006881347391754389,0.017768828198313713,0.009210626594722271,0.008170317858457565,0.0,0.00913227628916502,0.014513592235744,0.006939464248716831,0.004898175597190857,0.007675948087126017,0.005816200282424688,0.01625000312924385,0.01359841413795948,0.006893353536725044,0.00580086512491107,0.006041243672370911,0.010697364807128906,0.00481530511751771,0.007213159464299679,0.0026210749056190252,0.005774378776550293,0.006330488715320826,0.00383109413087368,0.017519427463412285,0.0030431814957410097,0.012409684248268604,0.008811202831566334,0.007551995106041431,0.006478335242718458,0.014334185048937798,0.006284467875957489,0.004199271090328693,0.009965105913579464,0.00880536437034607,0.007126246578991413,0.008017315529286861,0.009833842515945435,0.004604318179190159,0.012088543735444546,0.010910491459071636,0.0036583091132342815,0.0,0.0028373978566378355,0.009831361472606659,0.004662829916924238,0.0063263243064284325,0.0310142133384943,0.00660680141299963,0.012003971263766289,0.005531112663447857,0.005322301294654608,0.0022939739283174276,0.008174577727913857,0.0017449617153033614,0.0062858774326741695,0.01900116354227066,0.011224031448364258,0.006852411199361086,0.002051033778116107,0.0019355880795046687,0.007519218139350414,0.021647987887263298,0.018300646916031837,0.008254815824329853,0.021771641448140144,0.007887965068221092,0.04322990030050278,0.0071911257691681385,0.005292186513543129,0.005381162278354168,0.0064282543025910854,0.004323863424360752,0.00844636932015419,0.026897508651018143,0.005628783255815506,0.0055983299389481544,0.006623557768762112,0.006858559790998697,0.008718950673937798,0.0025490345433354378,0.004162116441875696
201308,0.0017853595782071352,0.0,0.0018499433062970638,0.0029722820036113262,0.039959464222192764,0.004914382938295603,0.01078329049050808,0.0027814931236207485,0.022370191290974617,0.004360368940979242,0.01207826193422079,0.006302762310951948,0.00786026194691658,0.007094821892678738,0.01293735858052969,0.00243405532091856,0.010994281619787216,0.01052361261099577,0.01867576129734516,0.013048539869487286,0.003752536838874221,0.004467969760298729,0.0,0.011585013940930367,0.004876688588410616,0.0142368134111166,0.004492614883929491,0.0018579908646643162,0.006130301393568516,0.006060317624360323,0.005936624016612768,0.00756561616435647,0.009796801954507828,0.04428068548440933,0.007958535104990005,0.008153734728693962,0.0027525159530341625,0.005536319687962532,0.012159695848822594,0.006508059334009886,0.004798694979399443,0.007995158433914185,0.004798495210707188,0.01479034498333931,0.013951916247606277,0.005877677816897631,0.0,0.005912961903959513,0.009824941866099834,0.0040350197814404964,0.006044313311576843,0.00283840112388134,0.0034872081596404314,0.006066926755011082,0.004255088046193123,0.022556526586413383,0.0005612099193967879,0.01154638733714819,0.008459441363811493,0.007647226564586163,0.0074221296235919,0.01402788795530796,0.004299975465983152,0.01106791477650404,0.0057479506358504295,0.008403302170336246,0.01167390402406454,0.006796067114919424,0.00977309886366129,0.0039772638119757175,0.017474809661507607,0.01012212410569191,0.02193947695195675,0.004399111494421959,0.0042235758155584335,0.007451549172401428,0.005001423414796591,0.003731802571564913,0.045667607337236404,0.005755674559623003,0.00787151139229536,0.008748726919293404,0.007225020322948694,0.0028549169655889273,0.013581985607743263,0.0016937988111749291,0.005971163976937532,0.013968151062726974,0.007726685609668493,0.009042386896908283,0.0017486554570496082,0.001347087323665619,0.006740496959537268,0.013441204093396664,0.01132087130099535,0.007409273646771908,0.01961153745651245,0.010270575992763042,0.021989548578858376,0.006061051972210407,0.00945178885012865,0.005664283875375986,0.011089465580880642,0.004087262321263552,0.0035801588091999292,0.022761931642889977,0.004542019218206406,0.0050192601047456264,0.0036329980939626694,0.00529513880610466,0.021074265241622925,0.005122469272464514,0.0038143619894981384
201309,0.003327766666188836,0.00521808210760355,0.0,0.005214863456785679,0.033323392271995544,0.0054059866815805435,0.011958221904933453,0.0032608122564852238,0.012129437178373337,0.0076369717717170715,0.012210041284561157,0.004339272156357765,0.0,0.007070403080433607,0.00883705634623766,0.0026477284263819456,0.010529790073633194,0.01081760786473751,0.02069542184472084,0.0128700016066432,0.0062144142575562,0.003811595728620887,0.004243073053658009,0.01109336782246828,0.005072546191513538,0.013598018325865269,0.005014054477214813,0.004205028992146254,0.005216987803578377,0.005555583629757166,0.005284762475639582,0.006877024192363024,0.008690674789249897,0.052036624401807785,0.008024273440241814,0.008927794173359871,0.014453834854066372,0.0037378333508968353,0.01952030137181282,0.006300982553511858,0.005473869387060404,0.0063127148896455765,0.0066298916935920715,0.015849927440285683,0.013732078485190868,0.005474500358104706,0.0,0.005517326761037111,0.0095342006534338,0.0035471408627927303,0.006813934072852135,0.005253687500953674,0.0050910706631839275,0.0072142863646149635,0.004167196340858936,0.02304147370159626,0.0,0.012821502983570099,0.007890806533396244,0.0066436780616641045,0.007524529471993446,0.009224070236086845,0.005939602851867676,0.01050863042473793,0.00631997175514698,0.011144790798425674,0.006462197285145521,0.006608353927731514,0.00912091787904501,0.0034136048052459955,0.0014370583230629563,0.012661493383347988,0.003203778527677059,0.0067206756211817265,0.005687537603080273,0.00714180339127779,0.0045623513869941235,0.002646184526383877,0.01752488873898983,0.005870467517524958,0.01629265397787094,0.005762302782386541,0.010372410528361797,0.003320015035569668,0.008630993776023388,0.0013776099076494575,0.007865256629884243,0.03488307446241379,0.006645352113991976,0.0031150723807513714,0.00892487820237875,0.0011026813881471753,0.006761124357581139,0.006835039705038071,0.0100690433755517,0.007470224983990192,0.019023075699806213,0.06710771471261978,0.012324142269790173,0.006594540551304817,0.005643445532768965,0.0052749416790902615,0.005081555340439081,0.0024651670828461647,0.00312055554240942,0.021149767562747,0.0054778531193733215,0.0050292243249714375,0.00435243034735322,0.005884154699742794,0.011464845389127731,0.0052665406838059425,0.005208554677665234
201310,0.00467453058809042,0.0,0.009885165840387344,0.005421487148851156,0.03790724277496338,0.005328874569386244,0.013320370577275753,0.002174611669033766,0.014265407808125019,0.010027002543210983,0.014712968841195107,0.007264838553965092,0.0,0.010978887788951397,0.008919919840991497,0.0,0.010741295292973518,0.010926015675067902,0.021906277164816856,0.01383073627948761,0.00622648885473609,0.0035552154295146465,0.004327564500272274,0.011736149899661541,0.007167860399931669,0.015536400489509106,0.006546993274241686,0.0033812138717621565,0.0069410051219165325,0.007161443587392569,0.006290554068982601,0.007692495360970497,0.009349417872726917,0.00824657641351223,0.0082961805164814,0.00916763860732317,0.003727156203240156,0.004385176580399275,0.027436239644885063,0.007633371278643608,0.006901447661221027,0.008955786004662514,0.006995002273470163,0.02170695550739765,0.015199743211269379,0.006737238727509975,0.006574367638677359,0.006927067879587412,0.012247605249285698,0.005900162272155285,0.008367023430764675,0.003014699323102832,0.00564016867429018,0.007690140511840582,0.004310192074626684,0.0186235923320055,0.008363773114979267,0.013744955882430077,0.009124300442636013,0.010777929797768593,0.0086832819506526,0.003975828178226948,0.004869997501373291,0.011358223855495453,0.006550774443894625,0.010845182463526726,0.007285141386091709,0.009715545922517776,0.008924908936023712,0.005191175267100334,0.0013043028302490711,0.012640153989195824,0.004634032025933266,0.0023224279284477234,0.0030222011264413595,0.007318076677620411,0.005607363767921925,0.0035349333193153143,0.04205756634473801,0.006457384210079908,0.015363430604338646,0.008221976459026337,0.0071967169642448425,0.005649119149893522,0.01418013870716095,0.002100996905937791,0.007608853746205568,0.017681553959846497,0.008699750527739525,0.008402133360505104,0.002170339459553361,0.0036835719365626574,0.005015285219997168,0.010977569967508316,0.007410088554024696,0.008105051703751087,0.022682106122374535,0.00749561470001936,0.014945142902433872,0.006547187454998493,0.011401752941310406,0.006254755426198244,0.0036915706004947424,0.0025844499468803406,0.006579198874533176,0.024749796837568283,0.0065926676616072655,0.0049569737166166306,0.0010916563915088773,0.005922691430896521,0.012232537381350994,0.002222477924078703,0.006391420494765043
201311,0.003031170228496194,0.0,0.005114717409014702,0.014123961329460144,0.03835870325565338,0.006744419690221548,0.011874071322381496,0.009858183562755585,0.005422652233392,0.0010912797879427671,0.013384330086410046,0.0117217767983675,0.004108401481062174,0.008694645948708057,0.004056486766785383,0.0,0.011472291313111782,0.010390562936663628,0.02281411737203598,0.01323627308011055,0.008018692955374718,0.0076174018904566765,0.004183590412139893,0.011277459561824799,0.009549399837851524,0.014151114039123058,0.005507938098162413,0.004002081695944071,0.005663021933287382,0.013186484575271606,0.007488735485821962,0.005419282242655754,0.009317646734416485,0.02235201746225357,0.008102613501250744,0.009800855070352554,0.0,0.004927105735987425,0.017285864800214767,0.007215110119432211,0.008609579876065254,0.00736291753128171,0.006638423074036837,0.016954151913523674,0.015401825308799744,0.007316869683563709,0.0014573174994438887,0.007286300882697105,0.013899637386202812,0.004569879733026028,0.006259257439523935,0.0037190925795584917,0.005744534078985453,0.007911069318652153,0.004367281217128038,0.015241710469126701,0.003760752035304904,0.01185957994312048,0.007912248373031616,0.010867087170481682,0.010468989610671997,0.004539945162832737,0.0047413259744644165,0.007975321263074875,0.006988985929638147,0.008908631280064583,0.0075518181547522545,0.0074791875667870045,0.008296608924865723,0.005941382609307766,0.010097947902977467,0.010215028189122677,0.011243212968111038,0.0018586924998089671,0.0038811468984931707,0.0058859712444245815,0.005741083063185215,0.011179651133716106,0.023250887170433998,0.007129068486392498,0.014763101935386658,0.005114279687404633,0.0074059367179870605,0.003082855138927698,0.010928071103990078,0.0030911662615835667,0.0033793572802096605,0.01907982863485813,0.013410820625722408,0.01167578436434269,0.003608420956879854,0.0017069329041987658,0.008723746053874493,0.00824851542711258,0.006765096448361874,0.007858254946768284,0.023284830152988434,0.025737019255757332,0.016365397721529007,0.005221411120146513,0.005985903088003397,0.005135561339557171,0.006079447455704212,0.0013876830926164985,0.0032231577206403017,0.02752971462905407,0.0038914133328944445,0.004895573947578669,0.0035252852831035852,0.004652282223105431,0.016078393906354904,0.005957235116511583,0.011128648184239864
201312,0.005550816655158997,0.0,0.0,0.0043543181382119656,0.03594173491001129,0.004330512601882219,0.011995898559689522,0.0,0.010658852756023407,0.01063693780452013,0.012668265029788017,0.005417682230472565,0.0,0.00825954508036375,0.006823529954999685,0.0,0.012656045146286488,0.00911303423345089,0.020328043028712273,0.012196292169392109,0.004421838093549013,0.0063015129417181015,0.00284043001011014,0.01098838821053505,0.004370131064206362,0.012188872322440147,0.00583849661052227,0.0015752101317048073,0.0057474179193377495,0.008605101145803928,0.007018969394266605,0.005518360063433647,0.008345452137291431,0.014921817928552628,0.008230123668909073,0.007876873016357422,0.0,0.0038096653297543526,0.01852646842598915,0.0063113565556705,0.007080371025949717,0.006531825754791498,0.005157520528882742,0.014181961305439472,0.014685041271150112,0.006686994805932045,0.0054465788416564465,0.006507225334644318,0.017091669142246246,0.0047387792728841305,0.006161992438137531,0.002753613982349634,0.00712591502815485,0.010716917924582958,0.0034630675800144672,0.027044406160712242,0.01728237420320511,0.0119054289534688,0.007582391146570444,0.00799251813441515,0.009339384734630585,0.01835096813738346,0.0055102137848734856,0.009768880903720856,0.005383430048823357,0.011655866168439388,0.008325797505676746,0.007284834049642086,0.007903862744569778,0.004065246786922216,0.008211790584027767,0.010450496338307858,0.00402812659740448,0.004547623451799154,0.011218196712434292,0.004546147771179676,0.00612438190728426,0.0023791014682501554,0.03350946307182312,0.0060389344580471516,0.008743306621909142,0.009856197983026505,0.006563659757375717,0.002014252357184887,0.02003992721438408,0.0017265824135392904,0.004657339304685593,0.007353831082582474,0.004676423966884613,0.008067812770605087,0.004199113696813583,0.0015101531753316522,0.0064866612665355206,0.022524582222104073,0.030876997858285904,0.00799444317817688,0.021052131429314613,0.019899608567357063,0.020792732015252113,0.007566466927528381,0.005981410853564739,0.005018921568989754,0.002462279750034213,0.004497959278523922,0.003640581388026476,0.030900349840521812,0.007664472796022892,0.006853458005934954,0.0,0.007623990532010794,0.010267269797623158,0.004437595140188932,0.010902185924351215
201401,0.029487814754247665,0.0,0.0,0.0,0.07086316496133804,0.0,0.036980174481868744,0.0,0.0,0.0,0.0494474396109581,0.0,0.0,0.0,0.0,0.0,0.0,0.0,0.040341414511203766,0.04892813041806221,0.026370931416749954,0.0,0.0,0.03194256126880646,0.0,0.05796952173113823,0.02805281989276409,0.0,0.02182425744831562,0.026385363191366196,0.0,0.0,0.0,0.0,0.0,0.0,0.0,0.0,0.0,0.035858865827322006,0.0,0.0,0.0,0.0,0.05379098281264305,0.0,0.0,0.0,0.04363974556326866,0.0,0.0253665242344141,0.0,0.0,0.0,0.0,0.0,0.0,0.0,0.04034578055143356,0.028782889246940613,0.0,0.020427897572517395,0.0,0.0,0.0,0.0,0.0,0.0,0.03744584321975708,0.0,0.0,0.0,0.0,0.0,0.0,0.0,0.0,0.02831941843032837,0.0,0.028806988149881363,0.0,0.0,0.0,0.0,0.04130398854613304,0.0,0.0,0.0,0.0,0.02381570264697075,0.0,0.0,0.0,0.0,0.0,0.035664524883031845,0.03539275750517845,0.0,0.0,0.0,0.02139342576265335,0.0,0.0,0.0,0.0,0.0,0.0,0.031051088124513626,0.0,0.0,0.0,0.0,0.0
201402,0.033341966569423676,0.0,0.0,0.0,0.0703996792435646,0.0,0.037222616374492645,0.0,0.0,0.0,0.05250241234898567,0.0,0.0,0.0,0.0,0.0,0.0,0.0,0.04069948196411133,0.04944878816604614,0.0264000054448843,0.0,0.0,0.031224794685840607,0.0,0.05471467971801758,0.030933411791920662,0.0,0.02390284463763237,0.0,0.0,0.0,0.0,0.0,0.0,0.0,0.0,0.0,0.0,0.03849956765770912,0.0,0.0,0.0,0.0,0.05431922897696495,0.020516572520136833,0.0,0.0,0.04122351109981537,0.0,0.030991913750767708,0.0,0.0,0.0,0.0,0.0,0.0,0.0,0.043081171810626984,0.03171791881322861,0.0,0.026779569685459137,0.0,0.0,0.0,0.0,0.0,0.0,0.03773122280836105,0.0,0.0,0.0,0.0,0.0,0.0,0.02421395666897297,0.0,0.0,0.0,0.03191147372126579,0.0,0.0,0.0,0.0,0.041987549513578415,0.0,0.0,0.0,0.0,0.028102636337280273,0.0,0.0,0.0,0.0,0.0,0.03640415519475937,0.03477960824966431,0.0,0.0,0.0,0.0,0.0,0.0,0.0,0.0,0.0,0.0,0.026949208229780197,0.0,0.0,0.0,0.0,0.0
201403,0.03189491853117943,0.0,0.0,0.0,0.0721956118941307,0.0,0.03526017814874649,0.0,0.0,0.0,0.049807436764240265,0.0,0.0,0.0,0.0,0.0,0.0,0.0,0.04115260764956474,0.046775735914707184,0.02796393819153309,0.0,0.0,0.034190043807029724,0.028197534382343292,0.055371079593896866,0.030326491221785545,0.0,0.0,0.0,0.0,0.0,0.0,0.0,0.02549387514591217,0.0,0.0,0.0,0.0,0.04134240001440048,0.0,0.0,0.0,0.0,0.054188866168260574,0.021866602823138237,0.0,0.0,0.04090753197669983,0.0,0.0,0.0,0.0,0.0,0.0,0.0,0.0,0.0,0.04050343111157417,0.030201440677046776,0.0,0.028339050710201263,0.0,0.0,0.0,0.0,0.0,0.0,0.040062982589006424,0.0,0.0,0.0,0.0,0.0,0.0,0.026145171374082565,0.0,0.0,0.0,0.032367199659347534,0.0,0.0,0.0,0.0,0.041001658886671066,0.0,0.0,0.0,0.0,0.02519523724913597,0.0,0.0,0.0,0.0,0.0,0.035724665969610214,0.034811265766620636,0.0,0.0,0.0,0.0,0.0,0.0,0.0,0.0,0.0,0.0,0.028713099658489227,0.0,0.0,0.0,0.0,0.0
201404,0.0,0.0,0.0,0.0,0.0758402869105339,0.0,0.0374019518494606,0.0,0.0,0.0,0.053870901465415955,0.0,0.0,0.0,0.0,0.0,0.0,0.0,0.04540298506617546,0.05039437860250473,0.028648192062973976,0.0,0.0,0.03354330733418465,0.0,0.05603620037436485,0.03028513491153717,0.0,0.0,0.026783445850014687,0.0,0.0,0.0,0.0,0.02684812992811203,0.0,0.0,0.0,0.0,0.04228104650974274,0.0,0.0,0.0,0.0,0.05769870802760124,0.0,0.0,0.0,0.04112544283270836,0.0,0.021116312593221664,0.0,0.0,0.0,0.0,0.0,0.0,0.0,0.03914833441376686,0.029130151495337486,0.0,0.03193138912320137,0.0,0.0,0.0,0.0,0.0,0.0,0.036568399518728256,0.0,0.0,0.0,0.0,0.0,0.0,0.030544420704245567,0.0,0.0,0.0,0.0324004702270031,0.0,0.0,0.0,0.0,0.04028345271945,0.0,0.0,0.0,0.0,0.027901342138648033,0.0,0.0,0.0,0.0,0.0,0.036826252937316895,0.03753931447863579,0.0,0.0,0.0,0.0,0.0,0.0,0.0,0.0,0.0,0.0,0.030449986457824707,0.0,0.0,0.0,0.0,0.0
201405,0.0,0.0,0.0,0.0,0.0708419531583786,0.0,0.03543384000658989,0.0,0.0,0.0,0.04964420571923256,0.0,0.0,0.0,0.0,0.0,0.0,0.0,0.04562939330935478,0.04917674511671066,0.026067165657877922,0.0,0.0,0.033162932842969894,0.0,0.04795999452471733,0.03314465656876564,0.0,0.0,0.024831175804138184,0.0,0.0,0.0,0.0,0.0,0.0,0.0,0.0,0.0,0.039310745894908905,0.0,0.0,0.0,0.0,0.054821353405714035,0.0,0.0,0.027505287900567055,0.037338774651288986,0.0,0.0,0.0,0.0,0.0,0.0,0.0,0.0,0.0,0.0343465730547905,0.025796718895435333,0.0,0.028166616335511208,0.0,0.0,0.0,0.0,0.0,0.0,0.030955720692873,0.0,0.0,0.0,0.0,0.0,0.0,0.02903948724269867,0.0,0.03107989951968193,0.0,0.033790938556194305,0.0,0.0,0.0,0.0,0.029779793694615364,0.0,0.0,0.0,0.0,0.028122149407863617,0.0,0.0,0.0,0.0,0.0,0.03380925580859184,0.040136922150850296,0.0,0.0,0.0,0.0,0.0,0.0,0.0,0.025969598442316055,0.0,0.0,0.027077868580818176,0.0,0.02706027403473854,0.0,0.0,0.0
201406,0.0,0.0,0.0,0.0,0.06921864300966263,0.0,0.035509753972291946,0.0,0.0,0.0,0.045636747032403946,0.0,0.0,0.0,0.0,0.0,0.0,0.0,0.04480573162436485,0.04561527445912361,0.020844805985689163,0.0,0.0,0.03215409815311432,0.0,0.041913263499736786,0.02994878776371479,0.0,0.0,0.0,0.0,0.027248766273260117,0.0,0.0,0.022243650630116463,0.0,0.0,0.0,0.0,0.032552216202020645,0.0,0.0,0.0,0.0,0.051487892866134644,0.026374995708465576,0.0,0.024175146594643593,0.033054616302251816,0.0,0.0,0.0,0.0,0.0,0.0,0.0,0.0,0.0,0.031226549297571182,0.026705460622906685,0.0,0.025289174169301987,0.0,0.0,0.0,0.0,0.0,0.0,0.027147339656949043,0.0,0.0,0.0,0.0,0.0,0.0,0.029460662975907326,0.0,0.0,0.0,0.03378431871533394,0.0,0.020756158977746964,0.0,0.0,0.02300485409796238,0.0,0.0,0.0,0.0,0.030499693006277084,0.0,0.0,0.0,0.0,0.0,0.03132575377821922,0.03708352521061897,0.0,0.0,0.0,0.027205510064959526,0.0,0.0,0.0,0.025815129280090332,0.0,0.0,0.026727404445409775,0.0,0.021184174343943596,0.0,0.0,0.0
201407,0.0,0.0,0.0,0.0,0.06706494837999344,0.0,0.03693535178899765,0.0,0.0,0.0,0.047044407576322556,0.0,0.0,0.0,0.0,0.0,0.0,0.019308000802993774,0.046558815985918045,0.04904726892709732,0.0,0.021727506071329117,0.0,0.026584217324852943,0.0,0.04592658951878548,0.029307454824447632,0.0,0.0,0.0,0.0,0.02626139670610428,0.0,0.0,0.0,0.0,0.0,0.0,0.0,0.03286636620759964,0.0,0.0,0.0,0.0,0.05496988445520401,0.029392056167125702,0.0,0.03647994250059128,0.0,0.0,0.0,0.0,0.0,0.0,0.0,0.0,0.0,0.0,0.03192903473973274,0.029063630849123,0.0,0.02498958632349968,0.0,0.0,0.0,0.0,0.0,0.0,0.028683776035904884,0.0,0.0,0.0,0.0,0.0,0.0,0.028293391689658165,0.0,0.0,0.024758942425251007,0.03674466162919998,0.0,0.021183021366596222,0.0,0.0,0.023287184536457062,0.0,0.0,0.0,0.0,0.029143009334802628,0.0,0.0,0.0,0.0,0.0,0.03088359907269478,0.04317430034279823,0.0,0.0,0.0,0.0,0.0,0.0,0.0,0.026803866028785706,0.0,0.0,0.026546204462647438,0.0,0.025041552260518074,0.0,0.0,0.0
201408,0.0,0.0,0.0,0.0,0.06649027019739151,0.0,0.03574018180370331,0.0,0.0,0.0,0.048923637717962265,0.0,0.0,0.0,0.0,0.0,0.0,0.0,0.04677954688668251,0.049926578998565674,0.0,0.0,0.0,0.02406180277466774,0.0,0.04210839420557022,0.02668929472565651,0.0,0.023980770260095596,0.0,0.0,0.024667279794812202,0.0,0.0,0.0,0.0,0.0,0.0,0.0,0.030838722363114357,0.0,0.0,0.0,0.0,0.05446028336882591,0.027995817363262177,0.0,0.029511025175452232,0.03222336992621422,0.0,0.0,0.0,0.0,0.0,0.0,0.0,0.0,0.0,0.030600138008594513,0.031144818291068077,0.0,0.019239485263824463,0.0,0.0,0.0,0.0,0.0,0.0,0.028382951393723488,0.0,0.0,0.0,0.0,0.0,0.0,0.026622837409377098,0.0,0.0,0.02445889823138714,0.034510400146245956,0.0,0.025638144463300705,0.021665053442120552,0.0,0.0,0.0,0.0,0.0,0.0,0.025446757674217224,0.0,0.0,0.0,0.0,0.0,0.030938534066081047,0.04306032136082649,0.0,0.0,0.0,0.021880177780985832,0.0,0.0,0.0,0.02543998323380947,0.0,0.0,0.026718607172369957,0.0,0.019855989143252373,0.0,0.0,0.0
201409,0.0,0.0,0.0,0.0,0.06843496859073639,0.0,0.03862294182181358,0.0,0.0,0.0,0.050545863807201385,0.0,0.0,0.0,0.0,0.0,0.0,0.0,0.05057393014431,0.050734248012304306,0.0,0.0,0.0206662118434906,0.02842722460627556,0.0,0.04561493918299675,0.028359608724713326,0.0,0.0,0.0,0.0,0.02415057271718979,0.0,0.0,0.0,0.0,0.0,0.0,0.0,0.029238563030958176,0.02447999268770218,0.0,0.0,0.0,0.05895398184657097,0.03125116601586342,0.0,0.032033927738666534,0.033492352813482285,0.0,0.0,0.0,0.0,0.0,0.0,0.0,0.0,0.0,0.031091582030057907,0.029464738443493843,0.0,0.0,0.0,0.0,0.0,0.0,0.0,0.0,0.02618497423827648,0.0,0.0,0.0,0.0,0.0,0.0,0.028714096173644066,0.0,0.0,0.026320001110434532,0.03909367322921753,0.0,0.023738713935017586,0.0,0.0,0.0,0.0,0.0,0.0,0.0,0.027915799990296364,0.0,0.0,0.0,0.0,0.0,0.03436608240008354,0.045148398727178574,0.0,0.0,0.0,0.0,0.0,0.0,0.0,0.02834632806479931,0.0,0.0,0.024071814492344856,0.0,0.019963305443525314,0.0,0.0,0.0
201410,0.0,0.0,0.0,0.0,0.06519276648759842,0.0,0.03833258897066116,0.0,0.0,0.0,0.051613468676805496,0.0,0.0,0.0,0.0,0.0,0.0,0.024906747043132782,0.050610318779945374,0.05341707542538643,0.0,0.025706851854920387,0.0,0.0,0.0,0.046271346509456635,0.02695363201200962,0.0,0.0,0.0,0.0,0.0,0.0,0.0,0.0,0.0,0.0,0.0,0.02386799082159996,0.028096303343772888,0.0,0.0,0.0,0.0,0.05842740833759308,0.02933548390865326,0.0,0.029199469834566116,0.0,0.0,0.0,0.0,0.0,0.0,0.0,0.0,0.0,0.025194058194756508,0.03237107768654823,0.029706565663218498,0.030060898512601852,0.0,0.0,0.0,0.0,0.0,0.0,0.0,0.030725333839654922,0.0,0.0,0.0,0.0,0.0,0.0,0.029398184269666672,0.0,0.0,0.02781030721962452,0.03787180408835411,0.0,0.0,0.022315604612231255,0.0,0.0,0.0,0.0,0.0,0.0,0.025420792400836945,0.0,0.0,0.0,0.0,0.0,0.030796686187386513,0.04537434130907059,0.0,0.0,0.0,0.0,0.0,0.0,0.0,0.029617298394441605,0.0,0.0,0.02866704948246479,0.0,0.02273852750658989,0.0,0.0,0.0
201411,0.0,0.0,0.0,0.0,0.056802064180374146,0.0,0.03569044917821884,0.0,0.0,0.0,0.04784487560391426,0.0,0.0,0.0,0.0,0.0,0.021065276116132736,0.0,0.04636911675333977,0.0506703183054924,0.0,0.0213403832167387,0.0,0.020421190187335014,0.0,0.040737394243478775,0.0233729537576437,0.0,0.0,0.0,0.0,0.0,0.0,0.0,0.0,0.0,0.0,0.0,0.022287486121058464,0.027365010231733322,0.0,0.0,0.0,0.0,0.054367415606975555,0.0271479282528162,0.0,0.029775073751807213,0.027017977088689804,0.0,0.0,0.0,0.0,0.0,0.0,0.0,0.0,0.02064192108809948,0.0299826730042696,0.027876902371644974,0.0,0.0,0.0,0.0,0.0,0.0,0.0,0.0,0.024396155029535294,0.0,0.0,0.0,0.0,0.0,0.0,0.028639502823352814,0.019740981981158257,0.0,0.024279143661260605,0.035331353545188904,0.0,0.02576102688908577,0.01999991573393345,0.0,0.0,0.0,0.0,0.0,0.0,0.02732454612851143,0.0,0.0,0.01917032152414322,0.0,0.0,0.028077809140086174,0.042490437626838684,0.0,0.0,0.0,0.0,0.0,0.0,0.0,0.02705090492963791,0.0,0.0,0.02422175742685795,0.0,0.022739708423614502,0.0,0.0,0.0
201412,0.0,0.0,0.0,0.0,0.06128264591097832,0.0,0.04175974056124687,0.0,0.0,0.0,0.05362695828080177,0.0,0.0,0.0,0.0,0.0,0.022498026490211487,0.0,0.05247697979211807,0.05665237456560135,0.0,0.0,0.0,0.02857758291065693,0.0,0.048099346458911896,0.03166060522198677,0.0,0.0,0.0,0.0,0.0,0.0,0.0,0.0,0.0,0.0,0.0,0.029191769659519196,0.027420537546277046,0.0,0.0,0.0,0.0,0.06189391016960144,0.03140190243721008,0.0,0.03014657273888588,0.03000316210091114,0.0,0.0,0.0,0.0,0.0,0.0,0.0,0.0,0.0,0.03250158578157425,0.030218467116355896,0.0,0.0,0.0,0.0,0.0,0.0,0.0,0.0,0.031992703676223755,0.0,0.0,0.0,0.0,0.0,0.0,0.028004882857203484,0.0,0.0,0.028633393347263336,0.041746336966753006,0.0,0.022620951756834984,0.022913623601198196,0.0,0.0,0.0,0.0,0.0,0.0,0.0,0.0,0.0,0.0,0.0,0.0,0.03202966973185539,0.04879012331366539,0.0,0.0,0.0,0.0,0.0,0.0,0.0,0.025941379368305206,0.0,0.0,0.027242407202720642,0.0,0.020672330632805824,0.0,0.0,0.0
201501,0.0,0.0,0.0,0.0,0.06783866137266159,0.0,0.04458313435316086,0.0,0.0,0.0,0.056046828627586365,0.0,0.0,0.0,0.0,0.0,0.0,0.0,0.05693276226520538,0.05824258551001549,0.0,0.028539765626192093,0.0,0.026742083951830864,0.0,0.04892146587371826,0.028879420831799507,0.0,0.0,0.0,0.0,0.0,0.0,0.0,0.0,0.0,0.0,0.0,0.02935877814888954,0.0,0.0,0.0,0.0,0.0,0.06721855700016022,0.03224404156208038,0.0,0.03490025922656059,0.026728689670562744,0.0,0.0,0.0,0.0,0.0,0.0,0.0,0.0,0.0,0.03579093888401985,0.0337485708296299,0.024261431768536568,0.0,0.0,0.0,0.0,0.0,0.0,0.0,0.03256520256400108,0.0,0.0,0.0,0.0,0.0,0.0,0.02719227597117424,0.0,0.0,0.027826692909002304,0.045839279890060425,0.0,0.0,0.0,0.0,0.0,0.0,0.0,0.0,0.0,0.0,0.0,0.0,0.0,0.0,0.0,0.033129457384347916,0.05396897345781326,0.0,0.0,0.0,0.0,0.0,0.0,0.0,0.028821531683206558,0.0,0.0,0.026653777807950974,0.0,0.02302483469247818,0.0,0.0,0.0
201502,0.0,0.0,0.0,0.0,0.06766083091497421,0.0,0.04210533946752548,0.0,0.0,0.0,0.055787671357393265,0.0,0.0,0.0,0.0,0.0,0.0,0.025787482038140297,0.055516939610242844,0.06172885745763779,0.0,0.0,0.0,0.025855623185634613,0.0,0.05492120981216431,0.030392898246645927,0.0,0.0,0.0,0.0,0.0,0.0,0.0,0.0,0.0,0.0,0.0,0.02574530988931656,0.020778140053153038,0.022617649286985397,0.0,0.03184922784566879,0.0,0.064185731112957,0.03113558702170849,0.0,0.03070240654051304,0.0,0.0,0.0,0.0,0.0,0.0,0.0,0.0,0.0,0.022298289462924004,0.03886116296052933,0.031309451907873154,0.0,0.0,0.0,0.0,0.0,0.0,0.0,0.0,0.0336201936006546,0.0,0.0,0.0,0.0,0.0,0.0,0.02645726501941681,0.021041246131062508,0.0,0.0,0.04190130531787872,0.0,0.0,0.0,0.0,0.0,0.0,0.0,0.0,0.0,0.0,0.0,0.0,0.0,0.0,0.0,0.033242110162973404,0.052609674632549286,0.0,0.0,0.0,0.0,0.0,0.0,0.0,0.0,0.0,0.0,0.027220940217375755,0.0,0.02466745860874653,0.0,0.0,0.0
201503,0.0,0.0,0.0,0.0,0.06730872392654419,0.0,0.046662162989377975,0.0,0.0,0.0,0.05316003039479256,0.0,0.0,0.0,0.0,0.0,0.0,0.026595208793878555,0.04761221259832382,0.0604579895734787,0.0,0.0,0.0,0.02681308425962925,0.0,0.05168784782290459,0.030159037560224533,0.0,0.0,0.0,0.0,0.0,0.0,0.0,0.0,0.0,0.0,0.0,0.024771371856331825,0.0,0.0,0.0,0.0,0.0,0.06564375013113022,0.033843059092760086,0.0,0.03159687668085098,0.0,0.0,0.0,0.0,0.0,0.0,0.0,0.0,0.0,0.02290981076657772,0.03643379732966423,0.03090466931462288,0.0,0.0,0.0,0.0,0.0,0.0,0.0,0.0,0.030901368707418442,0.0,0.0,0.0,0.0,0.0,0.0,0.030880730599164963,0.021384773775935173,0.0,0.0,0.04208409786224365,0.0,0.028812630102038383,0.0,0.0,0.0,0.0,0.0,0.0,0.0,0.022111205384135246,0.0,0.0,0.0,0.0,0.0,0.03281638026237488,0.05283669754862785,0.0,0.0,0.0,0.0,0.0,0.0,0.0,0.02682129666209221,0.0,0.0,0.028007933869957924,0.0,0.026783248409628868,0.0,0.0,0.0
201504,0.0,0.0,0.0,0.0,0.07346903532743454,0.0,0.043165531009435654,0.0,0.0,0.0,0.05134620517492294,0.0,0.0,0.0,0.0,0.0,0.0,0.0266733355820179,0.04662202298641205,0.05728753283619881,0.0,0.0,0.0,0.02574879676103592,0.0,0.04984821379184723,0.028225654736161232,0.0,0.0,0.0,0.0,0.0,0.0,0.0,0.0,0.0,0.0,0.0,0.02597906067967415,0.028083747252821922,0.0,0.0,0.0,0.0,0.06640046834945679,0.03275449946522713,0.0,0.029980991035699844,0.0,0.0,0.0,0.0,0.018472373485565186,0.0,0.0,0.0,0.0,0.02655598521232605,0.03807942569255829,0.028666101396083832,0.0,0.0,0.0,0.0,0.0,0.0,0.0,0.0,0.03713753819465637,0.0,0.0,0.0,0.0,0.0,0.0,0.027310961857438087,0.0,0.0,0.0,0.04397086799144745,0.0,0.028861915692687035,0.0,0.0,0.0,0.0,0.0,0.0,0.0,0.030835818499326706,0.0,0.0,0.0,0.0,0.0,0.03149550408124924,0.05119098350405693,0.0,0.0,0.0,0.0,0.0,0.0,0.0,0.024907642975449562,0.0,0.0,0.02692974917590618,0.0,0.0,0.0,0.0,0.0
201505,0.0,0.0,0.0,0.0,0.0690113753080368,0.0,0.040168482810258865,0.0,0.0,0.0,0.04802079126238823,0.0,0.0,0.0,0.0,0.0,0.0231965109705925,0.025267675518989563,0.045042503625154495,0.0559874102473259,0.0,0.0,0.0,0.022703520953655243,0.0,0.049037493765354156,0.026561778038740158,0.0,0.0,0.0,0.0,0.0,0.0,0.0,0.0,0.0,0.0,0.0,0.024149155244231224,0.0297559704631567,0.0,0.0,0.0,0.0,0.06054811179637909,0.031533583998680115,0.0,0.027126029133796692,0.02810077741742134,0.0,0.0,0.0,0.021956665441393852,0.0,0.0,0.0,0.0,0.0,0.03717808052897453,0.02828820049762726,0.0,0.0,0.0,0.0,0.0,0.0,0.0,0.0,0.029252341017127037,0.0,0.0,0.0,0.0,0.0,0.0,0.02348232828080654,0.022954897955060005,0.0,0.0,0.038783904165029526,0.0,0.023559389635920525,0.021166440099477768,0.0,0.0,0.0,0.0,0.0,0.0,0.023361092433333397,0.0,0.0,0.0,0.0,0.0,0.028885425999760628,0.04622966796159744,0.0,0.0,0.0,0.0,0.0,0.0,0.0,0.024319421499967575,0.0,0.0,0.024370964616537094,0.0,0.0,0.0,0.0,0.0
201506,0.0,0.0,0.0,0.0,0.07217665761709213,0.0,0.03974524885416031,0.0,0.0,0.0,0.04986391216516495,0.0,0.0,0.0,0.0,0.0,0.022649064660072327,0.024020295590162277,0.04546266049146652,0.057500552386045456,0.0,0.0,0.0,0.02339802123606205,0.0,0.05002174898982048,0.025767415761947632,0.0,0.0,0.0,0.0,0.0,0.0,0.0,0.0,0.0,0.0,0.0,0.02526829019188881,0.023631857708096504,0.022692376747727394,0.0,0.020332423970103264,0.0,0.06311871111392975,0.03138351067900658,0.0,0.0323907770216465,0.0,0.0,0.0,0.0,0.0,0.0,0.0,0.0,0.0,0.02093544974923134,0.037050582468509674,0.027379434555768967,0.0,0.0,0.0,0.0,0.0,0.0,0.0,0.0,0.030914071947336197,0.0,0.0,0.0,0.0,0.0,0.0,0.02126508764922619,0.0,0.0,0.0,0.03878415375947952,0.0,0.023741111159324646,0.0,0.0,0.0,0.0,0.0,0.0,0.0,0.024508832022547722,0.0,0.0,0.0,0.0,0.0,0.029117651283740997,0.04747205600142479,0.0,0.0,0.0,0.0,0.0,0.0,0.0,0.023325255140662193,0.0,0.0,0.024160610511898994,0.0,0.021922225132584572,0.0,0.0,0.0
201507,0.0,0.0,0.0,0.0,0.08434715867042542,0.0,0.039653271436691284,0.0,0.0,0.0,0.051444485783576965,0.0,0.0,0.0,0.0,0.0,0.0,0.021564068272709846,0.044729311019182205,0.05566316097974777,0.0,0.0,0.0,0.02321437932550907,0.0,0.0496518537402153,0.02766457013785839,0.0,0.0,0.0,0.0,0.0,0.0,0.0,0.0,0.0,0.0,0.0,0.02318395860493183,0.02287183329463005,0.0,0.0,0.0,0.0,0.06840217113494873,0.029721539467573166,0.0,0.034516558051109314,0.0,0.0,0.0,0.0,0.0,0.0,0.0,0.0,0.0,0.020634252578020096,0.03545909374952316,0.027170004323124886,0.0,0.0,0.0,0.0,0.0,0.0,0.0,0.0,0.03143348917365074,0.0,0.0,0.0,0.0,0.0,0.0,0.02734343521296978,0.0,0.0,0.0,0.03874349221587181,0.0,0.0,0.02108401618897915,0.0,0.025834938511252403,0.0,0.0,0.0,0.0,0.0272509902715683,0.0,0.0,0.0,0.0,0.0,0.02945600263774395,0.04493218660354614,0.0,0.0,0.0,0.02031807042658329,0.0,0.0,0.0,0.02428409643471241,0.0,0.0,0.02266203984618187,0.0,0.026765666902065277,0.0,0.0,0.0
201508,0.0,0.0,0.0,0.0,0.09470320492982864,0.0,0.04364727437496185,0.0,0.0,0.0,0.05148620903491974,0.0,0.0,0.0,0.0,0.0,0.0,0.0,0.04720478877425194,0.06041780486702919,0.0,0.0,0.0,0.0,0.0,0.05213373154401779,0.03336676210165024,0.0,0.0,0.018711529672145844,0.0,0.0,0.0,0.0,0.0,0.0,0.0,0.0,0.02602638117969036,0.029092377051711082,0.024258634075522423,0.0,0.0,0.0,0.06676467508077621,0.03251568228006363,0.0,0.02864030748605728,0.02931649424135685,0.0,0.0,0.0,0.0,0.0,0.0,0.0,0.0,0.0,0.03786807507276535,0.03129401057958603,0.0,0.0,0.0,0.0,0.0,0.0,0.0,0.0,0.031432416290044785,0.0,0.0,0.0,0.0,0.0,0.0,0.02922891266644001,0.0,0.0,0.0,0.04338448494672775,0.0,0.027693331241607666,0.0,0.0,0.026066569611430168,0.0,0.0,0.0,0.0,0.0,0.0,0.0,0.0,0.0,0.0,0.032608531415462494,0.04934927448630333,0.0,0.0,0.0,0.0,0.0,0.0,0.0,0.0,0.0,0.0,0.026456277817487717,0.0,0.026332281529903412,0.0,0.0,0.0
201509,0.0,0.0,0.0,0.0,0.09122615307569504,0.0,0.03995310515165329,0.0,0.0,0.0,0.05107896402478218,0.0,0.0,0.0,0.0,0.0,0.0,0.0230978075414896,0.0465252548456192,0.05459507927298546,0.0,0.0,0.0,0.0,0.0,0.04989015683531761,0.027951043099164963,0.0,0.0,0.0,0.0,0.0,0.0,0.0,0.0,0.0,0.0,0.0,0.021000809967517853,0.03455134108662605,0.02477257512509823,0.0,0.0,0.0,0.06344181299209595,0.03135853633284569,0.0,0.029521547257900238,0.030396578833460808,0.0,0.0,0.0,0.0,0.0,0.021636994555592537,0.0,0.0,0.0,0.03719524294137955,0.023831898346543312,0.0,0.0,0.0,0.0,0.0,0.0,0.0,0.0,0.029549615457654,0.0,0.0,0.0,0.0,0.0,0.0,0.02763032726943493,0.0,0.0,0.0,0.04403294622898102,0.0,0.0,0.02387739159166813,0.0,0.02548866905272007,0.0,0.0,0.0,0.0,0.02596280910074711,0.0,0.0,0.0,0.0,0.0,0.03096076101064682,0.04459425061941147,0.0,0.0,0.0,0.0,0.0,0.0,0.0,0.0,0.0,0.0,0.02409932389855385,0.0,0.021778913214802742,0.0,0.0,0.0
201510,0.0,0.0,0.0,0.0,0.09239575266838074,0.0,0.04613022133708,0.0,0.0,0.0,0.05229227989912033,0.0,0.0,0.0,0.0,0.0,0.0,0.0,0.04880601540207863,0.057472214102745056,0.0,0.0,0.0,0.02398793399333954,0.0,0.052248310297727585,0.03174836188554764,0.0,0.0,0.0,0.0,0.0,0.0,0.0,0.0,0.0,0.0,0.0,0.02320377714931965,0.030183546245098114,0.0,0.0,0.0,0.0,0.06205470860004425,0.03097624145448208,0.0,0.028903407976031303,0.0,0.0,0.0,0.0,0.0,0.0,0.0,0.0,0.0,0.0,0.039952803403139114,0.027715589851140976,0.0,0.0,0.0,0.0,0.0,0.0,0.0,0.0,0.03132027015089989,0.0,0.0,0.0,0.0,0.0,0.0,0.031620752066373825,0.0,0.0,0.0,0.04499558359384537,0.0,0.02588428370654583,0.0308376494795084,0.0,0.0,0.0,0.0,0.0,0.0,0.03182850033044815,0.0,0.0,0.0,0.0,0.0,0.03279144689440727,0.04897237941622734,0.0,0.0,0.0,0.0,0.0,0.0,0.0,0.025036409497261047,0.0,0.0,0.026629213243722916,0.0,0.02201235666871071,0.0,0.0,0.0
201511,0.0,0.0,0.0,0.0,0.08086850494146347,0.0,0.043704140931367874,0.023756375536322594,0.0,0.0,0.04743179678916931,0.0,0.0,0.0,0.0,0.0,0.0,0.02664247527718544,0.047522109001874924,0.055357616394758224,0.0,0.0,0.0,0.0,0.0,0.04756426066160202,0.027187272906303406,0.0,0.0,0.0,0.0,0.0,0.0,0.0,0.0,0.0,0.0,0.0,0.02571254037320614,0.025630919262766838,0.0,0.0,0.0,0.0,0.05261047184467316,0.03423037379980087,0.0,0.03224131092429161,0.0,0.0,0.0,0.0,0.0,0.0,0.0,0.0,0.0,0.0,0.039516039192676544,0.03451919183135033,0.0,0.0,0.0,0.0,0.0,0.0,0.0,0.0,0.02636132948100567,0.0,0.0,0.0,0.0,0.0,0.0,0.02829826809465885,0.0,0.0,0.026908904314041138,0.04173336550593376,0.0,0.027631200850009918,0.02408132515847683,0.0,0.0,0.0,0.0,0.0,0.0,0.030152268707752228,0.0,0.0,0.0,0.0,0.0,0.03148777410387993,0.047107797116041183,0.0,0.0,0.0,0.0,0.0,0.0,0.0,0.0230697188526392,0.0,0.0,0.02552069164812565,0.0,0.023151995614171028,0.0,0.0,0.0
201512,0.0,0.0,0.0,0.0,0.07204905152320862,0.0,0.03981078788638115,0.023668956011533737,0.0,0.0,0.04290156066417694,0.0,0.0,0.0,0.0,0.0,0.0,0.0,0.04502538591623306,0.04829486459493637,0.0,0.0,0.0,0.0,0.0,0.04191667214035988,0.025596173480153084,0.0,0.0,0.0,0.0,0.0,0.0,0.0,0.0,0.0,0.0,0.0,0.025728397071361542,0.027707340195775032,0.0,0.0,0.0,0.0,0.0470440648496151,0.03314254805445671,0.0,0.03255610913038254,0.0,0.0,0.0,0.0,0.022014379501342773,0.0,0.0,0.0,0.0,0.0,0.037776827812194824,0.02312924526631832,0.0,0.0,0.0,0.0,0.0,0.0,0.021481379866600037,0.0,0.03218517825007439,0.0,0.0,0.0,0.0,0.0,0.0,0.02751162089407444,0.024807054549455643,0.0,0.024910809472203255,0.04013485088944435,0.0,0.02394784428179264,0.024236397817730904,0.0,0.0,0.0,0.0,0.0,0.0,0.025420160964131355,0.0,0.0,0.0,0.0,0.0,0.030463527888059616,0.04347755014896393,0.0,0.0,0.0,0.024479977786540985,0.0,0.0,0.0,0.024302583187818527,0.0,0.0,0.023538077250123024,0.0,0.02074062079191208,0.0,0.0,0.0
201601,0.004813122097402811,0.003048522397875786,0.005872927140444517,0.005785572342574596,0.05417075753211975,0.0036168855149298906,0.016893640160560608,0.0049076383002102375,0.004367750138044357,0.008186448365449905,0.020692065358161926,0.005522768013179302,0.007042488548904657,0.013163804076611996,0.00673039723187685,0.0031320853158831596,0.009778079576790333,0.012838535010814667,0.03321711719036102,0.011174533516168594,0.0029037082567811012,0.004664974752813578,0.0028534007724374533,0.01631476730108261,0.009218953549861908,0.015357374213635921,0.010180016048252583,0.005827690940350294,0.01434815302491188,0.019573159515857697,0.0062996018677949905,0.010839281603693962,0.004954694304615259,0.018085287883877754,0.004255162086337805,0.016961095854640007,0.002656571101397276,0.0045008789747953415,0.029709406197071075,0.005827027373015881,0.007738141342997551,0.008023452945053577,0.005867013242095709,0.00964883528649807,0.012231781147420406,0.009226907044649124,0.0030250893905758858,0.008922278881072998,0.018548637628555298,0.004426593426615,0.007336736656725407,0.005610743537545204,0.006236597429960966,0.007986805401742458,0.005313619039952755,0.007522243075072765,0.010374094359576702,0.009287894703447819,0.009212899953126907,0.006127749104052782,0.008806631900370121,0.040945254266262054,0.01294670719653368,0.004525064490735531,0.007120822090655565,0.006542208604514599,0.005656505934894085,0.00809813104569912,0.010827534832060337,0.005269350949674845,0.0032562492415308952,0.015962714329361916,0.00397188076749444,0.004347426816821098,0.00372147373855114,0.013474763371050358,0.006421922706067562,0.004206680227071047,0.00585272628813982,0.015180577524006367,0.006635410711169243,0.006733338348567486,0.004132947418838739,0.011464900337159634,0.006516451947391033,0.004011386539787054,0.00256390986032784,0.006262184586375952,0.0031431340612471104,0.005789218004792929,0.008033626712858677,0.0,0.005965410731732845,0.004096359014511108,0.011813217774033546,0.007839260622859001,0.0176891777664423,0.009152770973742008,0.010606413707137108,0.004465246573090553,0.006752358749508858,0.0038834763690829277,0.007629179395735264,0.0038385482039302588,0.004258813336491585,0.013347546570003033,0.007384715601801872,0.004521827679127455,0.002660453785210848,0.006239594891667366,0.0060839103534817696,0.0026150881312787533,0.0037810371723026037
201602,0.003890716703608632,0.005015908274799585,0.002897310070693493,0.005914629902690649,0.05263117328286171,0.003544488223269582,0.01615646481513977,0.004848932381719351,0.0,0.01072785072028637,0.018872253596782684,0.00981808640062809,0.016980839893221855,0.009142834693193436,0.00991788413375616,0.003284657374024391,0.008442383259534836,0.013439969159662724,0.03473908454179764,0.013585737906396389,0.00291502196341753,0.004412613343447447,0.013116942718625069,0.022999299690127373,0.0076294937171041965,0.015155519358813763,0.011846517212688923,0.003195439698174596,0.009092149324715137,0.004330228548496962,0.004735747817903757,0.006181180011481047,0.004572560545057058,0.008961452171206474,0.004205800127238035,0.01681935042142868,0.004353119991719723,0.0026650233194231987,0.032532788813114166,0.004485349170863628,0.0078353863209486,0.007335906382650137,0.007447150070220232,0.02174065262079239,0.014514587819576263,0.009289339184761047,0.0033012013882398605,0.011701419949531555,0.019108785316348076,0.005706687457859516,0.0049446322955191135,0.004785312805324793,0.0077231102623045444,0.00869665015488863,0.0045408871956169605,0.006779007613658905,0.010327361524105072,0.010942268185317516,0.009484623558819294,0.008034740574657917,0.008568650111556053,0.03420122712850571,0.008100970648229122,0.004252706654369831,0.0023860984947532415,0.005512173753231764,0.005706295371055603,0.006961348932236433,0.00873074121773243,0.007172964047640562,0.002386700129136443,0.01576116308569908,0.004255728796124458,0.006051874719560146,0.005368806887418032,0.013627277687191963,0.005622223485261202,0.0037805966567248106,0.002624847460538149,0.015491526573896408,0.006401784718036652,0.006293273996561766,0.004170626401901245,0.005425131879746914,0.00780927948653698,0.005497341509908438,0.0034896638244390488,0.00953834317624569,0.00346918567083776,0.009381516836583614,0.008806354366242886,0.0,0.00748810637742281,0.00966640841215849,0.015206782147288322,0.007894296199083328,0.022312400862574577,0.006910189986228943,0.00769732054322958,0.0042630527168512344,0.007361805532127619,0.003660801099613309,0.008843408897519112,0.003920325078070164,0.0041923983953893185,0.013502785935997963,0.005354337394237518,0.003689931007102132,0.0030017837416380644,0.006328454241156578,0.005022004712373018,0.0,0.004540399648249149
201603,0.005440595559775829,0.005527165252715349,0.004262787289917469,0.0047842226922512054,0.05323461815714836,0.004460467025637627,0.016209756955504417,0.0043502068147063255,0.005513663869351149,0.010655679740011692,0.022113820537924767,0.005536962766200304,0.0,0.009521018713712692,0.005960439797490835,0.0035646273754537106,0.010458004660904408,0.006583558861166239,0.03497525677084923,0.013009226880967617,0.004066798835992813,0.008344100788235664,0.005781182087957859,0.02159937098622322,0.007239594589918852,0.015793979167938232,0.013393186964094639,0.003098933259025216,0.012268945574760437,0.004205121658742428,0.004697234835475683,0.004355238750576973,0.004681378602981567,0.010576920583844185,0.0046942587941884995,0.01727430336177349,0.0035692118108272552,0.00392669253051281,0.027703261002898216,0.00486572552472353,0.008303594775497913,0.007553639356046915,0.0067717754282057285,0.011774933896958828,0.013884417712688446,0.009342801757156849,0.0029683203902095556,0.013085765764117241,0.022085055708885193,0.006366237998008728,0.004827249329537153,0.008441117592155933,0.006910760421305895,0.008397585712373257,0.004096210468560457,0.0099351666867733,0.01046470832079649,0.01229024212807417,0.010631402023136616,0.0065412363037467,0.009912727400660515,0.03879533335566521,0.009616397321224213,0.004347217734903097,0.0037734918296337128,0.005603477358818054,0.004630555864423513,0.006345799658447504,0.008706273511052132,0.005927202757447958,0.004932486917823553,0.0185222290456295,0.003915943671017885,0.005335977301001549,0.003739207750186324,0.012693783268332481,0.006213773973286152,0.004920049570500851,0.0051228925585746765,0.0156701672822237,0.005260269157588482,0.006807514000684023,0.005121773574501276,0.00434143329039216,0.007767672184854746,0.005200352054089308,0.02167399600148201,0.008817888796329498,0.0032060504890978336,0.007188763469457626,0.00566449761390686,0.004616467747837305,0.005955289117991924,0.00641583651304245,0.0053923786617815495,0.008115081116557121,0.021159423515200615,0.006994766183197498,0.0056834034621715546,0.006338971201330423,0.007899328134953976,0.003866196144372225,0.004262585658580065,0.003590635024011135,0.0037401835434138775,0.015272761695086956,0.006683467421680689,0.005921305622905493,0.0028562687803059816,0.0077011664398014545,0.006036900449544191,0.0032623081933707,0.00549033610150218
201604,0.005994804203510284,0.005228674970567226,0.006418941076844931,0.005587712395936251,0.049132395535707474,0.005682514514774084,0.01627303473651409,0.003970401827245951,0.023298777639865875,0.010786284692585468,0.020380772650241852,0.012328732758760452,0.006747256964445114,0.008696506731212139,0.011978491209447384,0.0035613442305475473,0.007724128197878599,0.012093544006347656,0.031640537083148956,0.013703144155442715,0.004602514207363129,0.003922639414668083,0.003240070305764675,0.02041754499077797,0.005155149381607771,0.014370795339345932,0.011271774768829346,0.002705876948311925,0.007128408644348383,0.005077078472822905,0.008208753541111946,0.003062720410525799,0.00604413915425539,0.006355172023177147,0.004317603539675474,0.020073899999260902,0.0,0.0,0.033486757427453995,0.006396856624633074,0.003847327549010515,0.006437584757804871,0.008265684358775616,0.011812802404165268,0.012207555584609509,0.009499846957623959,0.004084898624569178,0.012097563594579697,0.018541615456342697,0.0042760553769767284,0.00664697028696537,0.00551462359726429,0.006272218190133572,0.008690751157701015,0.005034096073359251,0.010537714697420597,0.009276004508137703,0.013289431110024452,0.009586885571479797,0.006037851795554161,0.009420493617653847,0.0362328477203846,0.0063675339333713055,0.004288051277399063,0.006136718206107616,0.00539806904271245,0.004554495681077242,0.006993871182203293,0.008348391391336918,0.008616316132247448,0.002295607002452016,0.019437063485383987,0.0030133866239339113,0.005926832091063261,0.0049730041064321995,0.01288598868995905,0.005503789987415075,0.0059226807206869125,0.005301482975482941,0.014105391688644886,0.005482470151036978,0.007044031750410795,0.00423464085906744,0.005521006882190704,0.007637147791683674,0.005880368873476982,0.002865308430045843,0.006343216635286808,0.0033864036668092012,0.009516483172774315,0.009447036311030388,0.005686824209988117,0.005596505012363195,0.00995707232505083,0.014424648135900497,0.007803305983543396,0.02248469740152359,0.0069523826241493225,0.0,0.005058600101619959,0.00695677287876606,0.0035019165370613337,0.009376921691000462,0.0041124229319393635,0.004278683103621006,0.015974730253219604,0.006536043714731932,0.004826831165701151,0.00328362756408751,0.005976069252938032,0.0050760675221681595,0.0,0.010032525286078453
201605,0.006353712175041437,0.0030534311663359404,0.0036292867735028267,0.005322808399796486,0.05437494441866875,0.004579720087349415,0.01692655123770237,0.006626945920288563,0.004794255364686251,0.00965836364775896,0.017658008262515068,0.00839359499514103,0.009222397580742836,0.011019171215593815,0.008258913643658161,0.0030741507653146982,0.008874156512320042,0.010942976921796799,0.0341276191174984,0.015282712876796722,0.0024197795428335667,0.0035258966963738203,0.00704615144059062,0.018741659820079803,0.00816220324486494,0.014239625073969364,0.010351292788982391,0.006115712225437164,0.011657839640974998,0.014678681269288063,0.006704816594719887,0.009229112416505814,0.006053854711353779,0.014025459997355938,0.005870213266462088,0.018299691379070282,0.004325880203396082,0.003263177117332816,0.022647522389888763,0.004053470678627491,0.005988091696053743,0.005965583957731724,0.008215007372200489,0.005496690981090069,0.0126115120947361,0.009327534586191177,0.004192703869193792,0.012501674704253674,0.014951016753911972,0.004140127915889025,0.004684166982769966,0.006548724602907896,0.0061299302615225315,0.010366612114012241,0.005188255105167627,0.013853109441697598,0.009743957780301571,0.01397956907749176,0.009309466928243637,0.007783534005284309,0.008087202906608582,0.03251161426305771,0.010289468802511692,0.004518397152423859,0.002990328473970294,0.006449403241276741,0.005203281994909048,0.0072553884238004684,0.00846377294510603,0.006840587127953768,0.004964323714375496,0.013606809079647064,0.003636965760961175,0.007048986852169037,0.003955940715968609,0.008875783532857895,0.007073129061609507,0.005665678530931473,0.004148451145738363,0.015064900740981102,0.005138990003615618,0.007002605125308037,0.004704312887042761,0.005005012731999159,0.006104989442974329,0.004416800569742918,0.002443465171381831,0.009292573668062687,0.0036933678202331066,0.008823222480714321,0.007656714878976345,0.006729116663336754,0.006529626436531544,0.007327605038881302,0.011801199056208134,0.007423672825098038,0.020985258743166924,0.0077690621837973595,0.0036007873713970184,0.007336730603128672,0.007283246610313654,0.0036904788576066494,0.015072892419993877,0.0048475004732608795,0.004593025892972946,0.016571104526519775,0.0037800061982125044,0.0035814864095300436,0.004503334406763315,0.0057113561779260635,0.006673900410532951,0.003456679405644536,0.005236481782048941
201606,0.007510417141020298,0.00316681619733572,0.005410285666584969,0.0051727499812841415,0.05331604555249214,0.0039596217684447765,0.017607809975743294,0.005690953228622675,0.003966840449720621,0.007479396648705006,0.01846974529325962,0.002092359121888876,0.01053730957210064,0.012806114740669727,0.008580278605222702,0.003984653856605291,0.008404289372265339,0.011803284287452698,0.033517759293317795,0.013648397289216518,0.0025318581610918045,0.004162541590631008,0.008323258720338345,0.0173284150660038,0.009970131330192089,0.013701068237423897,0.011218143627047539,0.0020354073494672775,0.011594557203352451,0.0058779227547347546,0.007801284082233906,0.006294214632362127,0.005218119360506535,0.0057593840174376965,0.003264575032517314,0.017743509262800217,0.0,0.0037316633388400078,0.02244393341243267,0.004056334029883146,0.004573518875986338,0.0064842589199543,0.006514142267405987,0.00840599462389946,0.011414110660552979,0.009034584276378155,0.003633900312706828,0.011780951172113419,0.020264258608222008,0.004557046107947826,0.004830602556467056,0.0059331487864255905,0.006916174665093422,0.007872680202126503,0.0049089728854596615,0.010718010365962982,0.007279758341610432,0.012079236097633839,0.009811772964894772,0.00847835186868906,0.009947036392986774,0.03516077622771263,0.016160130500793457,0.004182620905339718,0.017293259501457214,0.006278615910559893,0.004695780575275421,0.006742675788700581,0.007684473413974047,0.005129678640514612,0.0022397045977413654,0.0165896937251091,0.0036281333304941654,0.005580190569162369,0.006905625574290752,0.00890352576971054,0.00651905732229352,0.004886091221123934,0.0027652306016534567,0.014463896863162518,0.005027070641517639,0.007266500033438206,0.005127947777509689,0.005481211934238672,0.006263673771172762,0.004191956482827663,0.004944984335452318,0.010748558677732944,0.003313689259812236,0.009169504046440125,0.005904610268771648,0.0025477809831500053,0.005469367839396,0.009035803377628326,0.013915411196649075,0.00746602239087224,0.019658278673887253,0.009667555801570415,0.008839741349220276,0.0063049751333892345,0.00676598260179162,0.003731281030923128,0.015351156704127789,0.003934935200959444,0.0035584818106144667,0.014909716323018074,0.007708591874688864,0.005045656114816666,0.0030096666887402534,0.005962141323834658,0.0060933735221624374,0.0029526904691010714,0.019202541559934616
201607,0.007570353336632252,0.0027480709832161665,0.0,0.0038112730253487825,0.05311349034309387,0.004102477803826332,0.01591617427766323,0.006288758013397455,0.00445989053696394,0.008062710054218769,0.020574472844600677,0.004324843175709248,0.017290685325860977,0.010206936858594418,0.004974221345037222,0.0038032422307878733,0.010685407556593418,0.011933393776416779,0.02926933392882347,0.012949151918292046,0.002576082246378064,0.004684786312282085,0.00881244521588087,0.01369936391711235,0.007784236688166857,0.01376715861260891,0.011276733130216599,0.006714566145092249,0.014889094978570938,0.007497160695493221,0.004839123226702213,0.005994470790028572,0.005625459831207991,0.009370189160108566,0.00349403009749949,0.0171449426561594,0.0,0.005409531760960817,0.02386060357093811,0.009383742697536945,0.007049471139907837,0.006360453087836504,0.0061078001745045185,0.007932311855256557,0.011276563629508018,0.00933437142521143,0.0036430400796234608,0.011572590097784996,0.016493992879986763,0.006878227461129427,0.005251117516309023,0.0,0.006677587050944567,0.009838256984949112,0.003668345743790269,0.011899841949343681,0.010135626420378685,0.012677932158112526,0.0109573258087039,0.005440293811261654,0.009183745831251144,0.03602849319577217,0.009997589513659477,0.0045160334557294846,0.008871509693562984,0.0056656296364963055,0.004565834067761898,0.007154427003115416,0.00893457606434822,0.006289087235927582,0.004743047058582306,0.01648838259279728,0.0039072162471711636,0.006385462824255228,0.005968515761196613,0.010252916254103184,0.005728248041123152,0.0053782993927598,0.004331287462264299,0.015459970571100712,0.005920270923525095,0.0069204713217914104,0.007885418832302094,0.004164240323007107,0.007232714910060167,0.0038586044684052467,0.013960976153612137,0.009229177609086037,0.0033154613338410854,0.005271575413644314,0.009872257709503174,0.006472429726272821,0.005825658794492483,0.012466072104871273,0.014268200844526291,0.007743900176137686,0.018729694187641144,0.005508333444595337,0.006814243271946907,0.006370345130562782,0.006624544970691204,0.0035421843640506268,0.019298002123832703,0.004176377784460783,0.003461998188868165,0.014799057506024837,0.006704801227897406,0.0054288399405777454,0.004571219906210899,0.006057321093976498,0.005946435499936342,0.002402648562565446,0.0032024597749114037
201608,0.005914616398513317,0.0029520622920244932,0.002731089247390628,0.0045403349213302135,0.04891124740242958,0.0044899811036884785,0.01887296698987484,0.004149837885051966,0.010061281733214855,0.015396789647638798,0.01737702079117298,0.003943688236176968,0.007477296981960535,0.007901551201939583,0.008909044787287712,0.0031205182895064354,0.00815575197339058,0.01048834528774023,0.03785029053688049,0.013583995401859283,0.00263905618339777,0.004153603222221136,0.0100855166092515,0.01460109930485487,0.011860587634146214,0.01657458394765854,0.012696150690317154,0.02172417752444744,0.007294861134141684,0.001970867393538356,0.005088420584797859,0.010541700758039951,0.005934692919254303,0.007422260940074921,0.004806083161383867,0.016180727630853653,0.0,0.0,0.027376292273402214,0.006850160658359528,0.006370575167238712,0.007200745865702629,0.006910220719873905,0.009655590169131756,0.011218302883207798,0.01027601957321167,0.0028754211962223053,0.010633060708642006,0.015826953575015068,0.006485715042799711,0.006873728707432747,0.010914549231529236,0.006872815079987049,0.007399709429591894,0.004177841357886791,0.0059592449106276035,0.009175458922982216,0.012402761727571487,0.009636958129703999,0.00797397829592228,0.00761502655223012,0.03415239229798317,0.005702810827642679,0.004208289552479982,0.0,0.006159445736557245,0.0042585935443639755,0.006882197689265013,0.009572858922183514,0.006389118731021881,0.005111066624522209,0.01348756905645132,0.003389829071238637,0.005630706902593374,0.003106889082118869,0.010232656262814999,0.006177553907036781,0.004770859610289335,0.007817898876965046,0.016750061884522438,0.004757796414196491,0.007442232687026262,0.0057289679534733295,0.004374961834400892,0.005854153539985418,0.004672455135732889,0.012772534973919392,0.007311233319342136,0.0036845114082098007,0.007111782673746347,0.007018415257334709,0.004711739718914032,0.0063986568711698055,0.008316641673445702,0.013534017838537693,0.007754646707326174,0.01831638067960739,0.009041748009622097,0.01219862885773182,0.006758008152246475,0.0065362839959561825,0.003585846396163106,0.008311891928315163,0.004836164880543947,0.002697825664654374,0.015379299409687519,0.010000807233154774,0.00778539851307869,0.002808382036164403,0.005633615888655186,0.007527725771069527,0.0031839727889746428,0.009069261141121387
201609,0.0036633468698710203,0.0028309624176472425,0.004093273542821407,0.005252419505268335,0.04592718556523323,0.004286904353648424,0.019687317311763763,0.00461193360388279,0.0,0.009524953551590443,0.02036978304386139,0.0074118333868682384,0.015736613422632217,0.01082076970487833,0.0063731181435287,0.003110594814643264,0.008938869461417198,0.012705260887742043,0.03194669261574745,0.012172969989478588,0.002350990194827318,0.00649152509868145,0.008205302990972996,0.017067065462470055,0.005286144092679024,0.015143174678087234,0.010638258419930935,0.004546972457319498,0.009632637724280357,0.016154266893863678,0.0100978659465909,0.006909792311489582,0.007180545479059219,0.0049652536399662495,0.00472436985000968,0.019337506964802742,0.008750743232667446,0.0034834216348826885,0.025712696835398674,0.005449792370200157,0.007686275523155928,0.007558516692370176,0.007204200606793165,0.010984600521624088,0.011729002930223942,0.009845413267612457,0.003575982293114066,0.01225221622735262,0.017370276153087616,0.00506617920473218,0.007259035017341375,0.006667856127023697,0.007717696018517017,0.008647359907627106,0.008541816845536232,0.010909694246947765,0.006810269318521023,0.013253684155642986,0.00894459243863821,0.004966439213603735,0.007924399338662624,0.024666428565979004,0.005662429146468639,0.00430319644510746,0.01147205475717783,0.007798271719366312,0.004220855422317982,0.007968218997120857,0.009859321638941765,0.006735161878168583,0.00799340009689331,0.010714882984757423,0.0031072667334228754,0.004656542092561722,0.010618142783641815,0.009890422224998474,0.006018652115017176,0.00498261908069253,0.005198570899665356,0.015262019820511341,0.006082668900489807,0.0064978403970599174,0.0057556889951229095,0.0074929650872945786,0.007912724278867245,0.00452734250575304,0.0,0.010041841305792332,0.0033149500377476215,0.014036419801414013,0.010309047996997833,0.0020737512968480587,0.005712294951081276,0.012347985059022903,0.010832131840288639,0.00766865536570549,0.020696979016065598,0.007055985275655985,0.004153156653046608,0.004926982335746288,0.006671023089438677,0.0031807031482458115,0.010312898084521294,0.003980161622166634,0.0031108204275369644,0.012587052769958973,0.006939959246665239,0.004944415297359228,0.002920047612860799,0.006057089660316706,0.004407155327498913,0.003840845776721835,0.011971374973654747
201610,0.004531404003500938,0.008039877749979496,0.006483385339379311,0.003924183081835508,0.04966505989432335,0.003617988433688879,0.01937691867351532,0.004795205779373646,0.01580033265054226,0.011929675005376339,0.019422924146056175,0.005786287132650614,0.015772569924592972,0.01344495452940464,0.007883097976446152,0.0033516043331474066,0.008298112079501152,0.009638627991080284,0.02951359748840332,0.013139800168573856,0.0038216363172978163,0.0054853856563568115,0.009964386001229286,0.02223287522792816,0.005944850854575634,0.016164928674697876,0.013100105337798595,0.0030348910950124264,0.010492546483874321,0.009864781983196735,0.006345977541059256,0.007037346251308918,0.006122536491602659,0.006427052430808544,0.006201964803040028,0.018747398629784584,0.0,0.004170966800302267,0.021799273788928986,0.006994410417973995,0.0033627767115831375,0.007713329512625933,0.00756218982860446,0.012138772755861282,0.013821087777614594,0.00954126100987196,0.0027983321342617273,0.011647883802652359,0.012979635037481785,0.004292180761694908,0.0038166060112416744,0.006039394531399012,0.006867499556392431,0.008510120213031769,0.003553989576175809,0.013208664953708649,0.007177985738962889,0.013138225302100182,0.007569415494799614,0.007979661226272583,0.009387153200805187,0.030082397162914276,0.0024834563955664635,0.004587528295814991,0.010194829665124416,0.0073221055790781975,0.00404010945931077,0.007235468830913305,0.008959132246673107,0.007337057031691074,0.0044564069248735905,0.026543647050857544,0.0037140613421797752,0.0051394272595644,0.0036373380571603775,0.013567729853093624,0.005330698564648628,0.004352088551968336,0.0030322636011987925,0.01518645416945219,0.004862397443503141,0.008104289881885052,0.007627225015312433,0.006664581596851349,0.006150287576019764,0.004078133963048458,0.0,0.008690920658409595,0.0032644534949213266,0.01074011716991663,0.00942646712064743,0.0056910207495093346,0.006112240254878998,0.018333345651626587,0.009529294446110725,0.007363715209066868,0.018403993919491768,0.009077193215489388,0.006299139466136694,0.005081044044345617,0.006833920255303383,0.0033868332393467426,0.0027722178492695093,0.004859062377363443,0.003061966272071004,0.011958838440477848,0.005827251356095076,0.00408174516633153,0.0029054186306893826,0.006634501274675131,0.0058120726607739925,0.0027328277938067913,0.004956117365509272
201611,0.003846357809379697,0.002239588648080826,0.002912459196522832,0.002287337789312005,0.03388046845793724,0.0032310690730810165,0.011929246596992016,0.0066939773969352245,0.013993133790791035,0.030850593000650406,0.01275479793548584,0.0037591936998069286,0.008540074340999126,0.006465333513915539,0.0024257891345769167,0.0024591456167399883,0.006688156630843878,0.008486896753311157,0.021460702642798424,0.00947943888604641,0.0015066317282617092,0.045160334557294846,0.0,0.014460918493568897,0.0050400616601109505,0.011490930803120136,0.008021247573196888,0.003212924115359783,0.00682298606261611,0.03206408768892288,0.004131200257688761,0.004404749721288681,0.002924466272816062,0.039063941687345505,0.002290584146976471,0.024936052039265633,0.0028749865014106035,0.0020802891813218594,0.01856803335249424,0.00366331753320992,0.0040263100527226925,0.006514894776046276,0.004319916944950819,0.009333634749054909,0.00880027562379837,0.013067634776234627,0.0021251258440315723,0.009663254022598267,0.012467901222407818,0.02637425996363163,0.003444577567279339,0.008309466764330864,0.007774947676807642,0.008071751333773136,0.0027643488720059395,0.00797836109995842,0.030739273875951767,0.008681493811309338,0.006276638247072697,0.004575501196086407,0.005807030480355024,0.03205469623208046,0.004960776772350073,0.003100739326328039,0.0,0.006679837126284838,0.00820249505341053,0.005822750274091959,0.006887725088745356,0.004368205554783344,0.004120735917240381,0.017840132117271423,0.0035704688634723425,0.0032502952963113785,0.0050863903015851974,0.011637980118393898,0.003809196874499321,0.0033878821413964033,0.0034852479584515095,0.01066520530730486,0.0034274531062692404,0.005088834557682276,0.00479496456682682,0.002458857838064432,0.004785990808159113,0.0038293178658932447,0.0050913081504404545,0.006267521996051073,0.002428573789075017,0.00880434364080429,0.005704566836357117,0.0015535964630544186,0.00336860166862607,0.008601170033216476,0.005038542207330465,0.005143879447132349,0.015427478589117527,0.036541346460580826,0.005831213667988777,0.003085054224357009,0.005311208311468363,0.0022076331079006195,0.05929427593946457,0.002728366991505027,0.0023854218889027834,0.009487603791058064,0.004119204822927713,0.0037259876262396574,0.0019489838741719723,0.00471128337085247,0.004502149764448404,0.0022625625133514404,0.0028937100432813168
201612,0.0036164228804409504,0.002570427255704999,0.006721582263708115,0.004114477429538965,0.03546399250626564,0.0035377938766032457,0.015510006807744503,0.00625000661239028,0.001796128461137414,0.013944918289780617,0.012287907302379608,0.004429199732840061,0.004005220253020525,0.007892864756286144,0.004931207746267319,0.0022021320182830095,0.00851390976458788,0.005377987865358591,0.020661037415266037,0.009438267908990383,0.004023620393127203,0.008083992637693882,0.006396101787686348,0.017602229490876198,0.0027614941354840994,0.012076296843588352,0.008241650648415089,0.0,0.007987611927092075,0.0024890725035220385,0.012497836723923683,0.004839164670556784,0.005058208480477333,0.018779080361127853,0.00393983069807291,0.029210273176431656,0.005068077705800533,0.01076691597700119,0.018406081944704056,0.0026734252460300922,0.00651944475248456,0.007258275989443064,0.00498213991522789,0.005397605709731579,0.009279460646212101,0.01455086749047041,0.002090585883706808,0.009650439023971558,0.011448107659816742,0.036665983498096466,0.009968243539333344,0.0066205463372170925,0.0056046172976493835,0.010983878746628761,0.003831955138593912,0.008293144404888153,0.04684694856405258,0.009431610815227032,0.006705646403133869,0.0041856663301587105,0.007082384545356035,0.026682430878281593,0.006518080830574036,0.003031169530004263,0.0,0.0032774428837001324,0.007651777472347021,0.005194216966629028,0.006527332589030266,0.006395131815224886,0.0,0.019899509847164154,0.005109009332954884,0.0034954813309013844,0.0026168443728238344,0.011875526048243046,0.004484339617192745,0.004332034848630428,0.002339321654289961,0.011457260698080063,0.0031892280094325542,0.004531170707195997,0.005721926689147949,0.007002712227404118,0.005702609196305275,0.0026298610027879477,0.012881838716566563,0.007211362477391958,0.0024526375345885754,0.009334016591310501,0.006577569525688887,0.0019041319610551,0.0037787139881402254,0.005399026907980442,0.006911825854331255,0.005352383013814688,0.017030488699674606,0.04238557815551758,0.0020978536922484636,0.004508351441472769,0.005972104612737894,0.0024631377309560776,0.06976795941591263,0.0034534712322056293,0.0020973714999854565,0.009834571741521358,0.0031320187263190746,0.0052054827101528645,0.002118507167324424,0.004308362491428852,0.0035840694326907396,0.0023756285663694143,0.016633113846182823
201701,0.005509020294994116,0.003829915774986148,0.011215060018002987,0.001917131943628192,0.03989578038454056,0.004078649915754795,0.01249284204095602,0.0058035715483129025,0.008702087216079235,0.01968204975128174,0.015159836038947105,0.002133155008777976,0.0018384687136858702,0.00933178048580885,0.00591055816039443,0.00232314458116889,0.008491557091474533,0.007921939715743065,0.020200131461024284,0.010033478029072285,0.003067473415285349,0.005402503069490194,0.0,0.01618933118879795,0.0037763745058327913,0.012860806658864021,0.006673118565231562,0.001780215185135603,0.012433342635631561,0.006989596877247095,0.003575145034119487,0.0027052583172917366,0.0032161560375243425,0.010521573014557362,0.003728889161720872,0.03045457974076271,0.0048607150092720985,0.00926181860268116,0.019026940688490868,0.006958127953112125,0.0030335220508277416,0.009728510864078999,0.0065626781433820724,0.015295153483748436,0.0097600556910038,0.013237128965556622,0.00278684520162642,0.008601517416536808,0.011649596504867077,0.03787150979042053,0.005251516588032246,0.013923557475209236,0.00564973521977663,0.007228632923215628,0.0034727738238871098,0.0104712825268507,0.03881414979696274,0.011371530592441559,0.006533426232635975,0.0051953960210084915,0.006472785025835037,0.03282061219215393,0.004019076004624367,0.002045531990006566,0.0015969360247254372,0.0032249230425804853,0.007963784039020538,0.006718254182487726,0.006977052427828312,0.004682586062699556,0.006344975437968969,0.014900957234203815,0.006703220307826996,0.003462360240519047,0.005174924619495869,0.010001054033637047,0.005152055062353611,0.0035397715400904417,0.002440638141706586,0.011272425763309002,0.005486838053911924,0.006933658849447966,0.006037536077201366,0.004827744793146849,0.004801270551979542,0.0037283585406839848,0.00954727828502655,0.005447634495794773,0.0027070394717156887,0.013083922676742077,0.007373418193310499,0.002934330841526389,0.004477908369153738,0.005711544770747423,0.008369133807718754,0.005780027713626623,0.014705362729728222,0.04412943869829178,0.0026389185804873705,0.004385233391076326,0.0055416040122509,0.002396953059360385,0.051875703036785126,0.0031961926724761724,0.0022128724958747625,0.01029116753488779,0.003355880966410041,0.003138179425150156,0.0024508421774953604,0.004636578727513552,0.0040547167882323265,0.0038785275537520647,0.00795963779091835
201702,0.006754633970558643,0.004652306437492371,0.010388520546257496,0.00332850799895823,0.03369356319308281,0.005674499087035656,0.013336628675460815,0.004503434523940086,0.004222147166728973,0.01425482053309679,0.013223588466644287,0.003148310352116823,0.012161632999777794,0.009057595394551754,0.006325460970401764,0.0022285720333456993,0.0077639389783144,0.007385662756860256,0.02290123887360096,0.010434289462864399,0.002079470781609416,0.009018694050610065,0.0,0.015445968136191368,0.005445505492389202,0.012084770947694778,0.007755964528769255,0.007625095546245575,0.012260055169463158,0.0027393847703933716,0.007197766099125147,0.0056333658285439014,0.0049888878129422665,0.07939193397760391,0.0033628044184297323,0.021221885457634926,0.0,0.005052854306995869,0.016820644959807396,0.007051370106637478,0.005443857982754707,0.0062565878033638,0.005358511582016945,0.008218222297728062,0.0096058901399374,0.01100224070250988,0.0023538728710263968,0.00944120530039072,0.013638732954859734,0.02750343643128872,0.015784142538905144,0.007447221782058477,0.00847447756677866,0.005394565407186747,0.002752728061750531,0.00964425504207611,0.02282666601240635,0.00701166782528162,0.00624848622828722,0.005843604914844036,0.0075822435319423676,0.0021389354951679707,0.013490359298884869,0.003001551376655698,0.0058275447227060795,0.004357518628239632,0.008771337568759918,0.006582006346434355,0.0071152881719172,0.005859588272869587,0.002713756635785103,0.021712226793169975,0.0047335936687886715,0.003321352880448103,0.0028618513606488705,0.010467387735843658,0.004641789011657238,0.0037405327893793583,0.003930816426873207,0.016094157472252846,0.0030012542847543955,0.005078905262053013,0.006111782509833574,0.006338652689009905,0.004578571300953627,0.0026785617228597403,0.0,0.006265885196626186,0.002230826998129487,0.01390908658504486,0.00403484795242548,0.002027395647019148,0.004955525975674391,0.006170171778649092,0.006213626824319363,0.005390338599681854,0.018934015184640884,0.03722982481122017,0.005090775899589062,0.0035061815287917852,0.005351649597287178,0.0022613126784563065,0.052878573536872864,0.0035850952845066786,0.0028718679677695036,0.008367972448468208,0.0040053813718259335,0.003826269879937172,0.0026274598203599453,0.004170149099081755,0.0037033725529909134,0.0018019910203292966,0.010992737486958504
201703,0.004707444924861193,0.004784887190908194,0.013500263914465904,0.002002750989049673,0.04089822620153427,0.003341647097840905,0.012231760658323765,0.006220897193998098,0.004438737407326698,0.00991490576416254,0.014200495555996895,0.005193012300878763,0.01905537024140358,0.006287002470344305,0.003522772341966629,0.002381248166784644,0.00712262699380517,0.009917624294757843,0.021867210045456886,0.01203504391014576,0.0019120984943583608,0.0019273631041869521,0.0,0.017102498561143875,0.003586748382076621,0.013327421620488167,0.007715494837611914,0.0021735639311373234,0.01245032250881195,0.0047561414539813995,0.005297362804412842,0.003262367332354188,0.0033034777734428644,0.0029573324136435986,0.0040853205136954784,0.01855303719639778,0.0051971678622066975,0.0,0.020840801298618317,0.004993798676878214,0.005301089026033878,0.006107701919972897,0.005857845768332481,0.01760147698223591,0.01007922738790512,0.014605647884309292,0.003632567124441266,0.010790693573653698,0.010833312757313251,0.035787761211395264,0.00826413556933403,0.006533859297633171,0.012410903349518776,0.010011175647377968,0.002695647533982992,0.004772535990923643,0.06663957983255386,0.013495405204594135,0.00675291009247303,0.006333696655929089,0.005701814778149128,0.03749888762831688,0.003968705423176289,0.004394571762531996,0.008580826222896576,0.0029333666898310184,0.008774351328611374,0.008737503550946712,0.007107806392014027,0.004484972450882196,0.008981486782431602,0.027507908642292023,0.0057619609870016575,0.0041023739613592625,0.005376547109335661,0.009491224773228168,0.0057440162636339664,0.004385265987366438,0.0030009683687239885,0.01356890331953764,0.004013751167804003,0.006356692407280207,0.006430385634303093,0.0047483984380960464,0.004543040879070759,0.0051899622194468975,0.0,0.009080957621335983,0.002598895924165845,0.011813259683549404,0.005201122257858515,0.002250481164082885,0.004392985254526138,0.004542882554233074,0.010001485235989094,0.005327099002897739,0.015681376680731773,0.026194505393505096,0.004371602088212967,0.003774571232497692,0.005592841189354658,0.002445678925141692,0.025277193635702133,0.0036347261629998684,0.0024229504633694887,0.010104788467288017,0.004690685775130987,0.004399436991661787,0.0023829652927815914,0.004991206340491772,0.0036838173400610685,0.0018317962531000376,0.016351662576198578
201704,0.004089001566171646,0.004111946560442448,0.00497997784987092,0.00582615053281188,0.04207553341984749,0.003186431247740984,0.015335308387875557,0.0056899734772741795,0.008560369722545147,0.015073929913341999,0.014699917286634445,0.005280001554638147,0.016811177134513855,0.009874730370938778,0.003914421424269676,0.0029617834370583296,0.008344994857907295,0.009368373081088066,0.024557916447520256,0.010417318902909756,0.0019629003945738077,0.005520849488675594,0.0,0.017349334433674812,0.001965794712305069,0.010782122611999512,0.006211994215846062,0.0019965169485658407,0.006798203568905592,0.008446777239441872,0.005513506475836039,0.003208945505321026,0.004262012895196676,0.012343212962150574,0.0028612292371690273,0.03127191215753555,0.004150239750742912,0.0031143741216510534,0.018195144832134247,0.005396845284849405,0.005554424598813057,0.007306174840778112,0.005072107072919607,0.012469034641981125,0.009727534838020802,0.012905078008770943,0.0022987001575529575,0.010485495440661907,0.013128872960805893,0.032710228115320206,0.009833394549787045,0.009044017642736435,0.007336778100579977,0.010143976658582687,0.0033336214255541563,0.007031118962913752,0.052360568195581436,0.0109988609328866,0.006606302689760923,0.0047761742025613785,0.00697047496214509,0.035225819796323776,0.004690323490649462,0.003304614219814539,0.006092339754104614,0.006348137743771076,0.008572216145694256,0.0070683835074305534,0.008089933544397354,0.004576902836561203,0.0017608333146199584,0.029419926926493645,0.00469342852011323,0.004144689068198204,0.004768641199916601,0.009435415267944336,0.0051550366915762424,0.0037211596500128508,0.0023713873233646154,0.013449382968246937,0.004792043473571539,0.007943201810121536,0.00548451067879796,0.006167960818856955,0.004893155302852392,0.0035379815381020308,0.005804980639368296,0.007069145794957876,0.002500886330381036,0.010833355598151684,0.00839048158377409,0.0031056825537234545,0.004753393121063709,0.0050052497535943985,0.006317940074950457,0.005384225398302078,0.019672812893986702,0.018967000767588615,0.0021499728318303823,0.0038334750570356846,0.005654894281178713,0.0023015395272523165,0.030066967010498047,0.004391091875731945,0.0036976425908505917,0.010089024901390076,0.004073557909578085,0.002395885530859232,0.0023326592054218054,0.0051839640364050865,0.0029628886841237545,0.0023811201099306345,0.018368683755397797
201705,0.005131904501467943,0.00586534570902586,0.01236635446548462,0.003265894716605544,0.04004896432161331,0.0033622770570218563,0.016835220158100128,0.0049939826130867004,0.010028188116848469,0.014736105687916279,0.014483002945780754,0.004574119579046965,0.016930490732192993,0.010991399176418781,0.00508128572255373,0.002392400288954377,0.006815907545387745,0.01008185837417841,0.02243361435830593,0.010641233995556831,0.0020629263017326593,0.008300895802676678,0.005624282173812389,0.013520377688109875,0.002602150896564126,0.010426871478557587,0.005655880551785231,0.004445554688572884,0.006726129446178675,0.017087381333112717,0.012633922509849072,0.004597649443894625,0.003444845089688897,0.008297031745314598,0.004229872953146696,0.028790593147277832,0.0036479837726801634,0.0033815717324614525,0.021477658301591873,0.005228662397712469,0.005748358089476824,0.010147393681108952,0.006037001498043537,0.0065266904421150684,0.009345661848783493,0.012524263001978397,0.0023589935153722763,0.008740779012441635,0.012129154987633228,0.030556974932551384,0.005015124566853046,0.01367216557264328,0.005908351391553879,0.008830198086798191,0.003160247579216957,0.008254379965364933,0.05250342935323715,0.009449474513530731,0.0060694459825754166,0.005466376431286335,0.006016919389367104,0.025398842990398407,0.002802825765684247,0.002809586701914668,0.007885230705142021,0.004465007223188877,0.007980266585946083,0.006870354991406202,0.006137182470411062,0.005893214140087366,0.006078789010643959,0.01756925880908966,0.004913859535008669,0.002924203174188733,0.0028213586192578077,0.007238408084958792,0.004645459819585085,0.004408814013004303,0.0031130460556596518,0.016799235716462135,0.005066979676485062,0.00605761120095849,0.005742542911320925,0.006307792849838734,0.004255557898432016,0.003851476823911071,0.0,0.006602799519896507,0.0021639233455061913,0.01218551304191351,0.005306052044034004,0.00348356319591403,0.003591817570850253,0.002290526172146201,0.00854868721216917,0.00483315996825695,0.015493241138756275,0.02643871121108532,0.006139237433671951,0.0039847129955887794,0.004836760461330414,0.002143687102943659,0.03970281779766083,0.004721559584140778,0.0029767805244773626,0.009344258345663548,0.0034014552365988493,0.0037863352335989475,0.0033706233371049166,0.003956708591431379,0.005272652022540569,0.0019676494412124157,0.0197166595607996
201706,0.006148031447082758,0.004182382021099329,0.012192887254059315,0.003213806776329875,0.04401606321334839,0.004028369206935167,0.017075449228286743,0.004025822505354881,0.006581272464245558,0.013835195451974869,0.01453601848334074,0.00584562961012125,0.0,0.0071985176764428616,0.0036636374425143003,0.002466413425281644,0.006716989446431398,0.00994296744465828,0.022785939276218414,0.010936379432678223,0.0027420835103839636,0.002633219351992011,0.0067044030874967575,0.014094923622906208,0.006382913328707218,0.01149626076221466,0.0068226042203605175,0.008061401546001434,0.009220329113304615,0.0,0.00787330511957407,0.006735887844115496,0.003324123565107584,0.0043545071966946125,0.008090941235423088,0.028994040563702583,0.004798493348062038,0.002845209324732423,0.020217962563037872,0.003923630341887474,0.0026914309710264206,0.00792596023529768,0.007442845962941647,0.011270357295870781,0.011893604882061481,0.017892174422740936,0.002705924678593874,0.011150604113936424,0.014585306867957115,0.038135137408971786,0.007865567691624165,0.0,0.012588811106979847,0.010123906657099724,0.0038579709362238646,0.010693599469959736,0.04556756094098091,0.009912561625242233,0.006704383529722691,0.006352378521114588,0.007917924784123898,0.019296014681458473,0.0042977179400622845,0.004941354971379042,0.002005102578550577,0.007148965261876583,0.009550133720040321,0.006522567477077246,0.007960784249007702,0.0035592771600931883,0.005913014989346266,0.029565690085291862,0.004988040775060654,0.003532114438712597,0.00932576134800911,0.008409918285906315,0.005065752658993006,0.004094304982572794,0.003355023916810751,0.013581501320004463,0.009129359386861324,0.006819798145443201,0.0059778220020234585,0.004213832784444094,0.004374434240162373,0.003529683919623494,0.011790880002081394,0.006902532186359167,0.0026862300001084805,0.014070278033614159,0.007009689696133137,0.003580352058634162,0.009483247064054012,0.0018683644011616707,0.005224263295531273,0.005892838817089796,0.01756007969379425,0.02006710134446621,0.0058830492198467255,0.0038445524405688047,0.005833382718265057,0.0024350481107831,0.032229457050561905,0.0033449127804487944,0.003289732849225402,0.009469935670495033,0.00601165322586894,0.007467353250831366,0.004054821562021971,0.004616159945726395,0.004668136592954397,0.0,0.007571944501250982
201707,0.005371416918933392,0.005989697761833668,0.007203706540167332,0.003775142366066575,0.041988588869571686,0.0037593303713947535,0.016534456983208656,0.005025744438171387,0.009939313866198063,0.008764991536736488,0.014545557089149952,0.0029408871196210384,0.011352133005857468,0.010149420239031315,0.0056476229801774025,0.003642609342932701,0.007251222152262926,0.010278454050421715,0.024402840062975883,0.01140648778527975,0.002280730986967683,0.004795585293322802,0.0,0.01587004028260708,0.0019110749708488584,0.011721566319465637,0.0078512504696846,0.0068905409425497055,0.009495945647358894,0.011605415493249893,0.004755907692015171,0.004886155482381582,0.004208328668028116,0.04246162623167038,0.005400762893259525,0.03382593020796776,0.0,0.0,0.020479395985603333,0.0026103362906724215,0.003921212628483772,0.007049850188195705,0.005970585625618696,0.017220601439476013,0.010835121385753155,0.01539554726332426,0.0023702173493802547,0.00820531602948904,0.010375158861279488,0.02562551014125347,0.009149452671408653,0.008174387738108635,0.018226120620965958,0.009434833191335201,0.0031189669389277697,0.005933383014053106,0.05810437351465225,0.010199827142059803,0.005939268972724676,0.006073703058063984,0.00839628092944622,0.028749821707606316,0.004041814245283604,0.0052621751092374325,0.00529765198007226,0.0038339896127581596,0.009905708953738213,0.006796309258788824,0.007099364884197712,0.0047835856676101685,0.0,0.015537964180111885,0.005233916454017162,0.00464597437530756,0.0038144635036587715,0.008267208933830261,0.004962286911904812,0.005139755085110664,0.002598067745566368,0.010934045538306236,0.0037431586533784866,0.006275393068790436,0.006362444255501032,0.004943877924233675,0.004688696004450321,0.0032944409176707268,0.00974191538989544,0.0072832838632166386,0.002918905345723033,0.015248790383338928,0.005291082430630922,0.0034605495166033506,0.004034890793263912,0.012624000199139118,0.00462860893458128,0.005096883047372103,0.01723063737154007,0.018402941524982452,0.007246466353535652,0.004408597014844418,0.00715514225885272,0.0021473346278071404,0.00250685284845531,0.005297861061990261,0.0024475601967424154,0.009570371359586716,0.006709826644510031,0.0032988255843520164,0.0028097573667764664,0.004346801433712244,0.0034485396463423967,0.002479876158758998,0.013211637735366821
201708,0.0063505456782877445,0.0021260573994368315,0.0035236673429608345,0.0021584166679531336,0.03597962483763695,0.003360419301316142,0.011969736777245998,0.009758338332176208,0.0017855912446975708,0.004271276760846376,0.013731488026678562,0.0028984020464122295,0.01061948575079441,0.00884602963924408,0.0031630315352231264,0.002077232114970684,0.005305007100105286,0.008218110539019108,0.020718486979603767,0.009721362963318825,0.0016676876693964005,0.00741588044911623,0.014919925481081009,0.01224483735859394,0.002872890094295144,0.009741737507283688,0.006325839553028345,0.010844442993402481,0.010864026844501495,0.012352350167930126,0.003542972495779395,0.004906257148832083,0.0029302090406417847,0.08581500500440598,0.006036972627043724,0.0337107889354229,0.002088999142870307,0.001854788395576179,0.019420189782977104,0.004126260057091713,0.0045571536757051945,0.00992502085864544,0.006414527073502541,0.011183352209627628,0.008513727225363255,0.014781062491238117,0.002897480968385935,0.008192825131118298,0.012937208637595177,0.026696983724832535,0.0070624337531626225,0.009025606326758862,0.010110714472830296,0.007586360443383455,0.0024455594830214977,0.006316153798252344,0.04981653764843941,0.011044577695429325,0.005020769312977791,0.0049674976617097855,0.005485465284436941,0.03132475167512894,0.003925185650587082,0.0026169102638959885,0.0026072231121361256,0.004317848943173885,0.00862967036664486,0.006310272496193647,0.006677114404737949,0.0050008874386549,0.003543614875525236,0.01958218775689602,0.005061828065663576,0.0027554738335311413,0.0023870354052633047,0.010583145543932915,0.004835452418774366,0.0041403197683393955,0.002296185353770852,0.010835940018296242,0.004878050182014704,0.0052985502406954765,0.0055811903439462185,0.003656064160168171,0.005358535796403885,0.003098124172538519,0.010537615045905113,0.006294587627053261,0.002279865089803934,0.01432145107537508,0.006998645141720772,0.0031502076890319586,0.0042601278983056545,0.00430881604552269,0.006160799879580736,0.00460831681266427,0.017400553449988365,0.01196568738669157,0.0014959799591451883,0.0034516246523708105,0.005157397128641605,0.002226731274276972,0.03664533421397209,0.0028650490567088127,0.003444517031311989,0.00881833303719759,0.00794279295951128,0.0022779363207519054,0.004406870808452368,0.003290356369689107,0.003248227760195732,0.0019573350436985493,0.009937864728271961
201709,0.006463201250880957,0.0047902208752930164,0.013616952113807201,0.0036078060511499643,0.043220408260822296,0.0027685556560754776,0.014257297851145267,0.010990731418132782,0.0032081534154713154,0.005651301238685846,0.015734221786260605,0.0029790177941322327,0.01343863271176815,0.007559181656688452,0.0053014918230473995,0.0023880547378212214,0.00804145447909832,0.009299402125179768,0.019934434443712234,0.011232624761760235,0.003544421633705497,0.01262226328253746,0.0,0.01890288107097149,0.005380531772971153,0.013753220438957214,0.006841202266514301,0.013513919897377491,0.006132913287729025,0.004977427423000336,0.0071440585888922215,0.005949140060693026,0.003210172289982438,0.011445767246186733,0.004513252060860395,0.03419141843914986,0.002882411703467369,0.0035704392939805984,0.021986130625009537,0.0038215373642742634,0.005928853526711464,0.007209635805338621,0.007169454824179411,0.012600688263773918,0.011296226643025875,0.015159230679273605,0.0030255205929279327,0.008304706774652004,0.009602096863090992,0.02703721635043621,0.008448507636785507,0.0,0.005276075564324856,0.009296086616814137,0.003597534028813243,0.009097376838326454,0.06418658047914505,0.009248199872672558,0.006407842040061951,0.006776328664273024,0.007819042541086674,0.036604076623916626,0.002416359493508935,0.0024062558077275753,0.003761307569220662,0.004392506089061499,0.00871011707931757,0.006740601267665625,0.00731753371655941,0.005498572718352079,0.004695314913988113,0.017649753019213676,0.006593703757971525,0.004444554448127747,0.004048929084092379,0.01085966918617487,0.005216454155743122,0.002802663017064333,0.002349747344851494,0.009723253548145294,0.0043421839363873005,0.005520144011825323,0.005717813968658447,0.004376444965600967,0.005813205614686012,0.0037928714882582426,0.011339793913066387,0.005874627735465765,0.0022914991714060307,0.015570018440485,0.006654658354818821,0.0034742942079901695,0.003512824419885874,0.0,0.00993350800126791,0.005815606098622084,0.018242819234728813,0.00585209671407938,0.002440838376060128,0.004263946786522865,0.006183799356222153,0.0025371862575411797,0.04639941453933716,0.004705321509391069,0.0025334246456623077,0.01083733793348074,0.006959506776183844,0.0024270443245768547,0.002619487466290593,0.004721483681350946,0.003727291477844119,0.002135497983545065,0.006799084134399891
201710,0.006653197109699249,0.004960374906659126,0.014795093797147274,0.0029637773986905813,0.03846905753016472,0.002742213662713766,0.012524445541203022,0.00919646117836237,0.0028481711633503437,0.01186268962919712,0.013220963068306446,0.0029520364478230476,0.01790941320359707,0.010355639271438122,0.0057785906828939915,0.0022094338200986385,0.006226950790733099,0.01114769745618105,0.021910956129431725,0.00983415450900793,0.002286369912326336,0.00937327928841114,0.0061320532113313675,0.015252729877829552,0.003446003654971719,0.009257924742996693,0.006295884493738413,0.01276420522481203,0.009569507092237473,0.013308423571288586,0.011173699051141739,0.00568265188485384,0.0031112038996070623,0.015403980389237404,0.0056037334725260735,0.035628676414489746,0.0,0.0076704854145646095,0.020676232874393463,0.0023058562073856592,0.006649727467447519,0.0076759206131100655,0.00588429719209671,0.00955948419868946,0.009933526627719402,0.013268393464386463,0.003412659512832761,0.010378735139966011,0.010674457997083664,0.024311624467372894,0.0057783168740570545,0.002376264426857233,0.004351173993200064,0.007232729811221361,0.0026915373746305704,0.010504906065762043,0.05930890515446663,0.009553922340273857,0.005390160717070103,0.005745243281126022,0.00726389279589057,0.015490911900997162,0.004614901728928089,0.002249510493129492,0.004696118179708719,0.004195135552436113,0.009897279553115368,0.006107593886554241,0.008147205226123333,0.004596719052642584,0.0,0.013647578656673431,0.003315037116408348,0.0045899623073637486,0.0027757955249398947,0.011165781877934933,0.005181971471756697,0.005028117448091507,0.00208700867369771,0.012440742924809456,0.007375057321041822,0.005658297333866358,0.004940437152981758,0.005228320136666298,0.00420331908389926,0.005015216767787933,0.007770870346575975,0.005002232268452644,0.0023053111508488655,0.02275160141289234,0.00711232703179121,0.003482809057459235,0.0035240529105067253,0.0,0.008558500558137894,0.005293226335197687,0.01849064603447914,0.013136804103851318,0.012418749742209911,0.0035112283658236265,0.005344445817172527,0.002257503569126129,0.0528845340013504,0.0035003696102648973,0.007108181249350309,0.010318596847355366,0.006627651862800121,0.0024894075468182564,0.0039012362249195576,0.0043978397734463215,0.0033626798540353775,0.0,0.00635107047855854
201711,0.004717745818197727,0.003085979726165533,0.014317835681140423,0.0027373533230274916,0.03922136873006821,0.005540541838854551,0.013360312208533287,0.010647878050804138,0.012083273380994797,0.007568140979856253,0.012239951640367508,0.0035581663250923157,0.015039095655083656,0.011883269064128399,0.005714585538953543,0.0024361987598240376,0.007212681695818901,0.011889379471540451,0.022397859022021294,0.01108284667134285,0.03650087118148804,0.0026130282785743475,0.0,0.016095634549856186,0.003776391502469778,0.011686401441693306,0.006692465860396624,0.01166023500263691,0.007112814113497734,0.0,0.004421621095389128,0.006504547782242298,0.0035772512201219797,0.015649236738681793,0.004592042416334152,0.036387212574481964,0.0,0.0027300030924379826,0.02390478365123272,0.007454672362655401,0.007486710324883461,0.0073204622603952885,0.006892986595630646,0.01350218616425991,0.009671029634773731,0.017050668597221375,0.002586294198408723,0.00738154910504818,0.014857747592031956,0.029494596645236015,0.005959712900221348,0.007032834459096193,0.013893306255340576,0.009157409891486168,0.003524522529914975,0.011330686509609222,0.024853114038705826,0.008000900968909264,0.006307042669504881,0.006088480819016695,0.007279328536242247,0.025708964094519615,0.0022353262174874544,0.003588358871638775,0.00376288965344429,0.003487394656985998,0.008646008558571339,0.006742693949490786,0.007118552923202515,0.00541337113827467,0.0,0.0129979457706213,0.005119075998663902,0.004165510646998882,0.004341377876698971,0.009769193828105927,0.00576783949509263,0.004987522028386593,0.002174116438254714,0.011329231783747673,0.003915898036211729,0.0055563184432685375,0.004151264205574989,0.003960688132792711,0.005485274363309145,0.0036587249487638474,0.006990923546254635,0.007824976928532124,0.0022567284759134054,0.0020477951038628817,0.00944703258574009,0.0032068192958831787,0.0033347769640386105,0.007458233740180731,0.009169862605631351,0.005438326392322779,0.019587457180023193,0.014395279809832573,0.0019169147126376629,0.0037807130720466375,0.006399418693035841,0.0022708165924996138,0.053234197199344635,0.0029308961238712072,0.002209205413237214,0.010362929664552212,0.005390611011534929,0.0030399980023503304,0.005353245884180069,0.005813263822346926,0.0034288219176232815,0.0,0.010861917398869991
201712,0.003518664976581931,0.0032258685678243637,0.00853527057915926,0.002709356602281332,0.03858006373047829,0.003540554316714406,0.013877063989639282,0.008922970853745937,0.005836763419210911,0.008589127101004124,0.014530554413795471,0.0030340927187353373,0.01546161063015461,0.014621892012655735,0.0046430849470198154,0.002145349280908704,0.009024502709507942,0.007142957765609026,0.020609989762306213,0.011341970413923264,0.002183423610404134,0.0034073551651090384,0.0,0.013342666439712048,0.0025754226371645927,0.009949623607099056,0.007378038018941879,0.009885374456644058,0.010249445214867592,0.03621616214513779,0.004668166395276785,0.005851758178323507,0.0049183848313987255,0.02788318507373333,0.005107997450977564,0.03376554697751999,0.0,0.009595764800906181,0.02189606800675392,0.003801261307671666,0.00613374961540103,0.011065156199038029,0.007126453798264265,0.013814954087138176,0.009460573084652424,0.013057615607976913,0.0022244188003242016,0.010493269190192223,0.012670603580772877,0.025413740426301956,0.005303726997226477,0.009288324043154716,0.00624846899881959,0.008839277550578117,0.004574337508529425,0.009239685721695423,0.023819483816623688,0.010622731409966946,0.005869793705642223,0.0058565158396959305,0.005978608503937721,0.02125081792473793,0.0023068871814757586,0.0019862204790115356,0.0026980265974998474,0.0034887390211224556,0.009325528517365456,0.0069614555686712265,0.006532553117722273,0.0058633373118937016,0.0032483991235494614,0.026487791910767555,0.003910799045115709,0.004973480477929115,0.005724678747355938,0.0074748327024281025,0.005492712836712599,0.0037244539707899094,0.0021999950986355543,0.011481864377856255,0.0065452465787529945,0.005144341848790646,0.004515811800956726,0.0050353300757706165,0.006283238530158997,0.003938659094274044,0.0015409666812047362,0.006870018783956766,0.0025493225548416376,0.011902865953743458,0.006990234833210707,0.0026078918017446995,0.003815268399193883,0.0015692135784775019,0.007750627584755421,0.005212206859141588,0.019416319206357002,0.023854754865169525,0.0031490533147007227,0.003693224163725972,0.0061616371385753155,0.0022380072623491287,0.051578208804130554,0.0033782010432332754,0.003476192010566592,0.010128393769264221,0.005427138414233923,0.005617834161967039,0.0024173783604055643,0.004581757355481386,0.004510002676397562,0.003029686165973544,0.01026951801031828
201801,0.0,0.0032013612799346447,0.005372301675379276,0.0,0.025789348408579826,0.001568304025568068,0.007699045352637768,0.00468272203579545,0.0057578072883188725,0.031434692442417145,0.008094670251011848,0.0034616172779351473,0.0,0.009080378338694572,0.003305923193693161,0.002125368220731616,0.008856077678501606,0.006466132588684559,0.012557486072182655,0.007655749563127756,0.02831946685910225,0.0,0.003936054650694132,0.002654177835211158,0.007983995601534843,0.008051063865423203,0.004322342574596405,0.005803290288895369,0.007401478476822376,0.03193097189068794,0.00428265193477273,0.006647972855716944,0.014124876819550991,0.024585818871855736,0.012730002403259277,0.010214394889771938,0.0,0.0,0.010720046237111092,0.013519058004021645,0.003454978344962001,0.005520354025065899,0.006437332835048437,0.021237170323729515,0.00823230016976595,0.006728412117809057,0.002896960126236081,0.0065882522612810135,0.011548580601811409,0.016782546415925026,0.004575836472213268,0.029167354106903076,0.009249464608728886,0.014340359717607498,0.0031569330021739006,0.015839654952287674,0.017625676468014717,0.012680243700742722,0.00496989581733942,0.006779913324862719,0.009336583316326141,0.007811942137777805,0.0031033752020448446,0.005316900555044413,0.005989066790789366,0.0058032744564116,0.005328608676791191,0.005971687380224466,0.005381290800869465,0.005963399074971676,0.0022629653103649616,0.01309382077306509,0.008618577383458614,0.0049741980619728565,0.004539957735687494,0.0040753004141151905,0.0035509495064616203,0.0,0.0333237424492836,0.00540795736014843,0.01922074891626835,0.00503142923116684,0.004362146370112896,0.020800286903977394,0.0043779583647847176,0.0034314142540097237,0.023706188425421715,0.006171481218189001,0.001038851565681398,0.004624275490641594,0.009709483943879604,0.008512385189533234,0.014882093295454979,0.0,0.009374306537210941,0.006365485955029726,0.012635565362870693,0.017062287777662277,0.010707514360547066,0.0034013816621154547,0.003969489596784115,0.0,0.04197516292333603,0.016145098954439163,0.009252022951841354,0.011187034659087658,0.0050079612992703915,0.005436715204268694,0.0038568221498280764,0.003862201003357768,0.009783013723790646,0.0011579138226807117,0.010948860086500645
201802,0.006275325082242489,0.0045035649091005325,0.00181958032771945,0.0,0.0227495264261961,0.0021920024883002043,0.007129793521016836,0.002419981174170971,0.015588209964334965,0.024934835731983185,0.007197490893304348,0.0030803270637989044,0.0028689682949334383,0.0065461997874081135,0.005277949385344982,0.002455779118463397,0.006228567101061344,0.008081238716840744,0.010705430991947651,0.006730559282004833,0.023130053654313087,0.0,0.0,0.037997860461473465,0.005375287961214781,0.0066106426529586315,0.0035230445209890604,0.014776504598557949,0.01001562736928463,0.029815368354320526,0.0038744769990444183,0.0037878393195569515,0.005897296592593193,0.014281481504440308,0.011264977045357227,0.008396807126700878,0.0,0.0,0.011298218742012978,0.019927190616726875,0.0,0.0065772575326263905,0.005803322419524193,0.014018631540238857,0.007391313556581736,0.0054206764325499535,0.0,0.005613731220364571,0.010110897943377495,0.006599683780223131,0.006506240926682949,0.025838768109679222,0.006737226620316505,0.011361932381987572,0.0030083809979259968,0.011215890757739544,0.013514346443116665,0.012081176973879337,0.004088007379323244,0.008486679755151272,0.01347433216869831,0.016509409993886948,0.0,0.0018395569641143084,0.019423605874180794,0.00571740698069334,0.0054888175800442696,0.005112908314913511,0.004388115834444761,0.004467739723622799,0.0,0.012785465456545353,0.010864791460335255,0.007418492808938026,0.0,0.004584520123898983,0.0030666422098875046,0.01107808854430914,0.03248140215873718,0.005500465165823698,0.025381606072187424,0.007017987780272961,0.004139651544392109,0.021307937800884247,0.004437542054802179,0.0036936411634087563,0.021848177537322044,0.006827970966696739,0.010516590438783169,0.004421634133905172,0.00968458317220211,0.0010471891146153212,0.009026004932820797,0.0037895417772233486,0.008704465813934803,0.004312016069889069,0.01185753382742405,0.021041760221123695,0.0035851297434419394,0.0034453710541129112,0.004177301190793514,0.0,0.03592671826481819,0.019796332344412804,0.010666660964488983,0.009778409264981747,0.014447912573814392,0.0,0.008652386255562305,0.003948628902435303,0.0057466779835522175,0.006988086272031069,0.008450621739029884
201803,0.010273694060742855,0.0034068399108946323,0.003685699077323079,0.016489949077367783,0.021737607195973396,0.002029473427683115,0.006992286536842585,0.0028878096491098404,0.01366172730922699,0.029056357219815254,0.0072522275149822235,0.004496434703469276,0.0017900322563946247,0.008287019096314907,0.006413837894797325,0.0,0.0060430788435041904,0.00890347920358181,0.011120841838419437,0.0069300648756325245,0.020550576969981194,0.0,0.008890670724213123,0.005820682737976313,0.002144094090908766,0.007267540320754051,0.004117870237678289,0.021968677639961243,0.006303987465798855,0.014773786999285221,0.007102008443325758,0.003364100120961666,0.004606528673321009,0.0,0.02587430737912655,0.007781442254781723,0.0,0.010057544335722923,0.012129598297178745,0.013156785629689693,0.00519154965877533,0.005167271941900253,0.006187637336552143,0.014334800653159618,0.0074921865016222,0.005420471075922251,0.005223407410085201,0.005887892562896013,0.011264540255069733,0.007745841518044472,0.002539592096582055,0.015352915041148663,0.008312026970088482,0.015502022579312325,0.02650989592075348,0.009435535408556461,0.014945595525205135,0.009898447431623936,0.003309269668534398,0.004893091972917318,0.011479648761451244,0.006541782058775425,0.005528809502720833,0.004376530181616545,0.0020032215397804976,0.005720070097595453,0.007094277068972588,0.0044410377740859985,0.005995775107294321,0.003838225034996867,0.0,0.011018570512533188,0.011858346872031689,0.005191497504711151,0.0023966478183865547,0.006183578632771969,0.004474927205592394,0.021337352693080902,0.027276556938886642,0.005720684304833412,0.025001203641295433,0.005957809742540121,0.00400693342089653,0.021471522748470306,0.009375980123877525,0.004388658795505762,0.018750086426734924,0.004883158020675182,0.014974785968661308,0.00336944661103189,0.005980735644698143,0.003905641147866845,0.0016684712609276175,0.0,0.008164049126207829,0.004522301722317934,0.01217644289135933,0.01927206665277481,0.004391429014503956,0.0028298143297433853,0.004015538841485977,0.0008044933201745152,0.03229394182562828,0.0,0.02495277114212513,0.010142248123884201,0.006985779386013746,0.010203218087553978,0.0,0.0028047694358974695,0.008481573313474655,0.019842855632305145,0.019922109320759773
201804,0.0,0.0,0.011834559962153435,0.0031613651663064957,0.021109292283654213,0.00200195936486125,0.006847192533314228,0.00177628209348768,0.02324065938591957,0.02624821849167347,0.007224055472761393,0.008407761342823505,0.0,0.010205213911831379,0.00896450225263834,0.0,0.002826850861310959,0.008150017820298672,0.011852513067424297,0.006438424810767174,0.03570330888032913,0.002186893718317151,0.007192324381321669,0.0026339103933423758,0.00429916474968195,0.0068467045202851295,0.004876038990914822,0.0030777379870414734,0.012317070737481117,0.0,0.0076988693326711655,0.0032648546621203423,0.007445305120199919,0.03057406283915043,0.018263868987560272,0.006987020839005709,0.0,0.0,0.010016320273280144,0.0028002425096929073,0.011521157808601856,0.00434655649587512,0.005449831951409578,0.022307977080345154,0.007241443265229464,0.005663599818944931,0.001970009645447135,0.005039304960519075,0.008971696719527245,0.00480571947991848,0.006987141445279121,0.0,0.005554581061005592,0.011705612763762474,0.003365159500390291,0.011992205865681171,0.015731779858469963,0.01050872728228569,0.003420089138671756,0.015238179825246334,0.012478590942919254,0.014639690518379211,0.004820141009986401,0.0,0.0035884003154933453,0.005038328468799591,0.006054974161088467,0.00436047138646245,0.007308123633265495,0.005396901164203882,0.011667701415717602,0.009139490313827991,0.008983563631772995,0.006479690782725811,0.004313281737267971,0.0058675543405115604,0.0035385852679610252,0.019317878410220146,0.01842694729566574,0.005420367233455181,0.01966989040374756,0.004419977776706219,0.004181975964456797,0.022671068087220192,0.004384373314678669,0.011626333929598331,0.01651778444647789,0.005013149231672287,0.016742082312703133,0.0033150252420455217,0.009727749042212963,0.006686707027256489,0.00979115441441536,0.0,0.010208217427134514,0.005417515989392996,0.010999446734786034,0.013236653059720993,0.004367513582110405,0.0029827365651726723,0.005726989358663559,0.0,0.031393762677907944,0.016064021736383438,0.01792469620704651,0.00785862747579813,0.0027586189098656178,0.006382501684129238,0.0072536589577794075,0.0034747261088341475,0.015632769092917442,0.047468822449445724,0.010967451147735119
201805,0.006916204933077097,0.00922926515340805,0.011829016730189323,0.0,0.0211789570748806,0.0020500333048403263,0.007212085649371147,0.005802251864224672,0.02211543172597885,0.029682792723178864,0.007191013544797897,0.0018258498748764396,0.006692904978990555,0.005456962622702122,0.0071080452762544155,0.0,0.005555304232984781,0.009277641773223877,0.011715058237314224,0.006963399704545736,0.02894938923418522,0.0025118067860603333,0.007680254057049751,0.004982301965355873,0.007793184835463762,0.006807966157793999,0.004721136298030615,0.0,0.006307925097644329,0.026866557076573372,0.005682820919901133,0.010840354487299919,0.003751409472897649,0.025383636355400085,0.009708510711789131,0.009157462045550346,0.010234345681965351,0.030118051916360855,0.01308381650596857,0.0,0.004981272853910923,0.005036005284637213,0.004197429399937391,0.012247311882674694,0.007309274282306433,0.005624115001410246,0.0,0.005751431919634342,0.01086118072271347,0.007429446559399366,0.0031852256506681442,0.01229089591652155,0.005459050182253122,0.01604383811354637,0.0030525627080351114,0.010735342279076576,0.010991214774549007,0.011950841173529625,0.004132355563342571,0.006585737224668264,0.012582956813275814,0.0,0.003554516937583685,0.0019839659798890352,0.02383771352469921,0.005935024004429579,0.007822055369615555,0.004686462692916393,0.004033040255308151,0.004868356976658106,0.0,0.008302241563796997,0.01703932322561741,0.0040518054738640785,0.003902593394741416,0.0035647645127028227,0.003697013948112726,0.0047996873036026955,0.02112584002315998,0.00494907284155488,0.022717926651239395,0.007215198129415512,0.0037619133945554495,0.020510705187916756,0.011887609958648682,0.010774930939078331,0.023231076076626778,0.006696408148854971,0.0037129027768969536,0.0024749429430812597,0.006351239513605833,0.007963406853377819,0.004624617286026478,0.0026055858470499516,0.009967067278921604,0.004089240450412035,0.011582032777369022,0.019233526661992073,0.004538225010037422,0.002316409721970558,0.0037955252919346094,0.0,0.03246639296412468,0.03191369026899338,0.005789792165160179,0.00719874631613493,0.0030939627904444933,0.0030596978031098843,0.0038839129265397787,0.0037434620317071676,0.007288199383765459,0.020477619022130966,0.010049939155578613
201806,0.007743661291897297,0.0,0.007291288580745459,0.0,0.02093176357448101,0.0011034716153517365,0.006901975255459547,0.007784548215568066,0.01635945588350296,0.018451282754540443,0.007096248213201761,0.002754839137196541,0.0021663072984665632,0.009727832861244678,0.007101917173713446,0.0,0.006212014239281416,0.008106312714517117,0.010814673267304897,0.007120147813111544,0.030209477990865707,0.002437177812680602,0.009800766594707966,0.00428055739030242,0.006448937579989433,0.006817566696554422,0.005216911435127258,0.005024325102567673,0.003268481930717826,0.010297837667167187,0.00535984942689538,0.001483303145505488,0.006497529335319996,0.03027392365038395,0.018781103193759918,0.009986351244151592,0.0128401480615139,0.008198071271181107,0.009072843007743359,0.0,0.025257835164666176,0.005616608075797558,0.006991539616137743,0.011303826235234737,0.007397891022264957,0.006212826818227768,0.0,0.0049009546637535095,0.010319533757865429,0.0046254112385213375,0.0031717808451503515,0.012534169480204582,0.0076607875525951385,0.014227456413209438,0.032303426414728165,0.01617579162120819,0.014489736407995224,0.011168351396918297,0.003172501688823104,0.012851501815021038,0.00867258757352829,0.010620887391269207,0.0030058249831199646,0.0,0.0,0.005274820141494274,0.0057533965446054935,0.005207754671573639,0.006639868952333927,0.005996596999466419,0.0,0.010801602154970169,0.019366858527064323,0.0035567644517868757,0.003789304755628109,0.0032778161112219095,0.004624569322913885,0.004883740562945604,0.013967134058475494,0.004617732018232346,0.018120475113391876,0.005987487267702818,0.0049346392042934895,0.030842531472444534,0.004906762856990099,0.01008468959480524,0.016085946932435036,0.009958109818398952,0.007220653351396322,0.004852167330682278,0.006810436490923166,0.005765247158706188,0.003329814411699772,0.0030731982551515102,0.009800190106034279,0.0041151936165988445,0.011560183018445969,0.024098539724946022,0.007762936409562826,0.0028750926721841097,0.0042153652757406235,0.002112370217218995,0.031075548380613327,0.021678544580936432,0.011163895949721336,0.014425279572606087,0.004475002642720938,0.009192335419356823,0.013462352566421032,0.003701614448800683,0.008195295929908752,0.0006250329897738993,0.019090894609689713
201807,0.004060057923197746,0.0037002619355916977,0.00797854270786047,0.0,0.02520223893225193,0.0019363246392458677,0.0072937472723424435,0.010149361565709114,0.011375785805284977,0.02672564424574375,0.007900006137788296,0.0,0.0077789556235075,0.008476456627249718,0.005582811310887337,0.0,0.005386487580835819,0.008200354874134064,0.011070482432842255,0.0076148551888763905,0.03995881602168083,0.0,0.005408644676208496,0.003558357246220112,0.006170772016048431,0.007538215722888708,0.006257074419409037,0.006160580087453127,0.013049837201833725,0.0,0.006094697862863541,0.0032713757827878,0.008909069001674652,0.018597159534692764,0.012577945366501808,0.007527159992605448,0.0,0.0025702945422381163,0.012057159096002579,0.008622383698821068,0.026650112122297287,0.004885729867964983,0.007378316950052977,0.01659727655351162,0.008592999540269375,0.005795422941446304,0.0,0.005744253750890493,0.009218764491379261,0.005561050958931446,0.0034616468474268913,0.015667812898755074,0.0059866756200790405,0.014864800497889519,0.003929327242076397,0.012951681390404701,0.006982520688325167,0.01302399206906557,0.003464694833382964,0.01664559543132782,0.012681782245635986,0.013423911295831203,0.0014418308855965734,0.0011075689690187573,0.0,0.005698277615010738,0.005201868712902069,0.0055342852137982845,0.005859945900738239,0.006008336786180735,0.0,0.009780376218259335,0.022654345259070396,0.004561117850244045,0.0,0.004419760778546333,0.0037590349093079567,0.008190923370420933,0.012587085366249084,0.0051397704519331455,0.020802343264222145,0.007302842102944851,0.005017423070967197,0.03150738775730133,0.0028968059923499823,0.006012730300426483,0.028878632932901382,0.012595556676387787,0.004238208755850792,0.004023606423288584,0.009827125817537308,0.004182890988886356,0.007148002739995718,0.0,0.00911074597388506,0.004597783088684082,0.011776164174079895,0.0228999312967062,0.006952837575227022,0.003454962046816945,0.005770559888333082,0.0,0.048657238483428955,0.009006322361528873,0.021128028631210327,0.014459270052611828,0.0024369319435209036,0.0063719977624714375,0.0,0.0031229150481522083,0.014657028019428253,0.010802743956446648,0.016146162524819374
201808,0.003515163203701377,0.0,0.007982793264091015,0.006043754518032074,0.02131727710366249,0.0014225223567336798,0.006841407157480717,0.006281305570155382,0.01358652301132679,0.01067344844341278,0.0066283284686505795,0.00381553266197443,0.0026003136299550533,0.007792122662067413,0.005503120366483927,0.0,0.005358554422855377,0.006699906196445227,0.010259655304253101,0.006427809130400419,0.031536076217889786,0.0,0.008481644093990326,0.0032147581223398447,0.0051951357163488865,0.0069469125010073185,0.0051483456045389175,0.008599708788096905,0.0034719337709248066,0.027699479833245277,0.007036156952381134,0.004824667703360319,0.008723540231585503,0.021453458815813065,0.01729641482234001,0.008422382175922394,0.01235275436192751,0.0037595636676996946,0.010055320337414742,0.017958393320441246,0.0037768452893942595,0.004531116224825382,0.004956032615154982,0.01298046950250864,0.007153606042265892,0.0053869448602199554,0.012503514997661114,0.005160332191735506,0.010937017388641834,0.0045805820263922215,0.0031405161134898663,0.0037349597550928593,0.00673389108851552,0.010672884993255138,0.023815948516130447,0.011603191494941711,0.014269351027905941,0.00685048708692193,0.003700117114931345,0.008096185512840748,0.012133358046412468,0.03201562166213989,0.010380039922893047,0.0007995384512469172,0.005006380844861269,0.004658355377614498,0.0066410452127456665,0.004894558805972338,0.006287746597081423,0.003843376412987709,0.0,0.0065513537265360355,0.006639545317739248,0.004422544036060572,0.0028801478911191225,0.004793526139110327,0.003179422812536359,0.004754207096993923,0.02272661030292511,0.0047594658099114895,0.020209675654768944,0.0069258552975952625,0.0039875260554254055,0.0175213310867548,0.004544129129499197,0.013523602858185768,0.015546292997896671,0.005740972235798836,0.007720441557466984,0.0027007637545466423,0.009748329408466816,0.003347307676449418,0.012810207903385162,0.0,0.01121919322758913,0.003903946140781045,0.010428668931126595,0.021339138969779015,0.007520623970776796,0.00406714016571641,0.003802358405664563,0.0,0.03400560840964317,0.0035538687370717525,0.018593929708003998,0.014503832906484604,0.0042690737172961235,0.007610755506902933,0.007180686108767986,0.003291547764092684,0.02699965424835682,0.026874370872974396,0.00963210966438055
201809,0.0038016117177903652,0.0,0.007236962206661701,0.0032714123371988535,0.0206852275878191,0.000857191567774862,0.006604455877095461,0.01052368525415659,0.009708210825920105,0.014971436932682991,0.006351623684167862,0.0007969622383825481,0.006994826719164848,0.006798863876610994,0.008304164744913578,0.0019166121492162347,0.010343075729906559,0.007294710259884596,0.01021408848464489,0.0064872074872255325,0.028989706188440323,0.003697779029607773,0.021298963576555252,0.0038207259494811296,0.004222443792968988,0.006328243762254715,0.004761745687574148,0.0,0.005204220302402973,0.03523217886686325,0.00766135985031724,0.021171623840928078,0.008984258398413658,0.03967732936143875,0.003588521620258689,0.007101678289473057,0.0008765483507886529,0.041274189949035645,0.0074573056772351265,0.0032078498043119907,0.026606405153870583,0.005088197998702526,0.005849636159837246,0.008860616944730282,0.007498034741729498,0.005073993466794491,0.006567738484591246,0.00489430595189333,0.010186648927628994,0.005982003174722195,0.003967084921896458,0.009020416997373104,0.007616186980158091,0.01283929031342268,0.01892440766096115,0.01196361891925335,0.01416759379208088,0.009725002571940422,0.0037486087530851364,0.012307028286159039,0.010184546001255512,0.01694488152861595,0.005811208393424749,0.0,0.020187823101878166,0.00450184615328908,0.003936128690838814,0.005127449985593557,0.005664346273988485,0.003647015430033207,0.0,0.006943796761333942,0.009871546179056168,0.004809390753507614,0.003012905130162835,0.004711951594799757,0.0032066393177956343,0.004806891083717346,0.02037907764315605,0.0044933282770216465,0.016906309872865677,0.0038098422810435295,0.004232927691191435,0.01921212114393711,0.00477922149002552,0.009510631673038006,0.014675363898277283,0.004364915192127228,0.0,0.0,0.008615821599960327,0.00237873662263155,0.0012711656745523214,0.0021291945595294237,0.01677524857223034,0.004702277015894651,0.010609503835439682,0.023642411455512047,0.004747884813696146,0.004162307363003492,0.003048076294362545,0.0010635697981342673,0.04196512699127197,0.004956964403390884,0.011004973202943802,0.014624987728893757,0.008317691273987293,0.00585410138592124,0.003528041997924447,0.003148365765810013,0.004764826502650976,0.0,0.014350765384733677
201810,0.00495505565777421,0.0017685126513242722,0.008435801602900028,0.0027846500743180513,0.022405818104743958,0.0012058182619512081,0.007659105584025383,0.008164267987012863,0.0,0.024816997349262238,0.00780122634023428,0.0014567821053788066,0.0024637356400489807,0.008279075846076012,0.007802661042660475,0.0,0.014223613776266575,0.006398331373929977,0.012487554922699928,0.007511515635997057,0.0,0.0,0.017900867387652397,0.005679276306182146,0.00657708989456296,0.008042438887059689,0.003903783857822418,0.0,0.003551708534359932,0.0,0.008115066215395927,0.0,0.0071599748916924,0.038453537970781326,0.020684706047177315,0.008626027964055538,0.0009839338017627597,0.0,0.010370370000600815,0.028225570917129517,0.01686181128025055,0.004609172698110342,0.003838432254269719,0.014270545914769173,0.008779210969805717,0.005753533914685249,0.034220464527606964,0.006259435787796974,0.014029611833393574,0.005796143785119057,0.003253539092838764,0.01434754766523838,0.008758485317230225,0.010226475074887276,0.0,0.010455556213855743,0.004213417414575815,0.014213447459042072,0.004296210594475269,0.00892382301390171,0.01198479812592268,0.010075888596475124,0.0018576291622593999,0.013644265942275524,0.006628901697695255,0.005432975012809038,0.0029093020129948854,0.006221025716513395,0.006045843940228224,0.004722062032669783,0.0061860461719334126,0.010465296916663647,0.013058239594101906,0.006105183623731136,0.005210713017731905,0.005382014904171228,0.003830270143225789,0.004146441351622343,0.027454787865281105,0.005609194748103619,0.019937999546527863,0.0042313020676374435,0.004768559243530035,0.008305758237838745,0.005938059650361538,0.011890401132404804,0.003411694662645459,0.0077515775337815285,0.016903623938560486,0.009219399653375149,0.01283851359039545,0.0028423978947103024,0.005233675241470337,0.0009461164590902627,0.006041793618351221,0.004850342869758606,0.012094820849597454,0.007656832691282034,0.005314725451171398,0.003682852955535054,0.004313539247959852,0.0,0.04478311538696289,0.00639532832428813,0.01575390435755253,0.019890794530510902,0.01041648630052805,0.00944663118571043,0.016202272847294807,0.003893149783834815,0.006944365333765745,0.02964521385729313,0.009482264518737793
201811,0.0052582439966499805,0.001922672032378614,0.006931385491043329,0.005637515801936388,0.02445746213197708,0.0,0.008418919518589973,0.0050117545761168,0.0,0.03762511536478996,0.00829220935702324,0.0026806658133864403,0.00467944098636508,0.008460172452032566,0.007380221970379353,0.0,0.013000251725316048,0.00748247466981411,0.013354365713894367,0.008361268788576126,0.0,0.01714726723730564,0.011514656245708466,0.007961842231452465,0.0021762039978057146,0.00785320159047842,0.004916456528007984,0.0,0.006803140975534916,0.006038975901901722,0.009538170881569386,0.002729874337092042,0.0047926707193255424,0.05925866588950157,0.010845392011106014,0.00953040923923254,0.0,0.0,0.011110127903521061,0.005662535782903433,0.0,0.004328336101025343,0.007289121393114328,0.01563083752989769,0.00968303345143795,0.006433308590203524,0.0,0.006082696840167046,0.01567866839468479,0.009076363407075405,0.003881526878103614,0.016805047169327736,0.008112054318189621,0.014148241840302944,0.01716994121670723,0.011800597421824932,0.004617876373231411,0.011912954971194267,0.004437828902155161,0.01992969587445259,0.009935573674738407,0.025155313313007355,0.0017275193240493536,0.0019216167274862528,0.00872939545661211,0.005635772366076708,0.0,0.004512990824878216,0.00635589100420475,0.004521832335740328,0.0,0.007589338812977076,0.012556458823382854,0.004897447768598795,0.0034698941744863987,0.0040058838203549385,0.003922722302377224,0.005951717495918274,0.02611251175403595,0.005926188547164202,0.01971724070608616,0.0046931239776313305,0.004767625126987696,0.012153812684118748,0.007283629383891821,0.0036616662982851267,0.02348470129072666,0.016399364918470383,0.009285484440624714,0.00163583317771554,0.009006875567138195,0.012146559543907642,0.0074855005368590355,0.0,0.015046322718262672,0.006002434995025396,0.013460267335176468,0.009636316448450089,0.006192111410200596,0.002736561931669712,0.004285724833607674,0.0,0.05156741663813591,0.003915413748472929,0.008973075076937675,0.018498912453651428,0.002453653374686837,0.013251280412077904,0.0075115663930773735,0.005215744953602552,0.010283134877681732,0.0,0.012468785978853703
201812,0.004931109957396984,0.0031223774421960115,0.009116067551076412,0.00360360206104815,0.023107115179300308,0.0037369239144027233,0.008517677895724773,0.009145782329142094,0.007940874435007572,0.031768765300512314,0.008329878561198711,0.005301453173160553,0.002294877776876092,0.007157576736062765,0.008461902849376202,0.0,0.005152047146111727,0.008415472693741322,0.01274067722260952,0.007621144875884056,0.001593205495737493,0.004847372882068157,0.011623206548392773,0.01643960550427437,0.0037809694185853004,0.00835808552801609,0.004710612818598747,0.006333435419946909,0.004244305659085512,0.0,0.00866187084466219,0.001979647669941187,0.011179836466908455,0.0,0.018563058227300644,0.009832183830440044,0.026143977418541908,0.002733750967308879,0.013286923989653587,0.00580304441973567,0.013314293697476387,0.004091721959412098,0.005543373059481382,0.02089274488389492,0.00952154491096735,0.006162496283650398,0.00624853977933526,0.006179943215101957,0.014524276368319988,0.007787865120917559,0.004646759945899248,0.01599569246172905,0.007867694832384586,0.01138600055128336,0.0,0.012422661297023296,0.005230480805039406,0.010569948703050613,0.003582843579351902,0.0166374109685421,0.010302145034074783,0.023781785741448402,0.0017986238235607743,0.0015751553000882268,0.0038134430069476366,0.005877998191863298,0.0026018680073320866,0.0041967653669416904,0.005013677757233381,0.005266023334115744,0.0,0.009901878423988819,0.013559055514633656,0.0046735117211937904,0.00354606076143682,0.00909729115664959,0.004981850273907185,0.004456493072211742,0.021653760224580765,0.005552593618631363,0.030896706506609917,0.0069032288156449795,0.004637867212295532,0.0035936301574110985,0.006950620096176863,0.011457666754722595,0.025259576737880707,0.018415533006191254,0.003529786132276058,0.0,0.012882448732852936,0.003989186603575945,0.0027480698190629482,0.0009380648843944073,0.006172258872538805,0.0040167332626879215,0.013291321694850922,0.013721562922000885,0.004385735839605331,0.0017588614718988538,0.004082839470356703,0.0,0.0415499284863472,0.019544536247849464,0.00953769963234663,0.017398610711097717,0.006562333088368177,0.006773736327886581,0.0,0.0035854463931173086,0.004445449449121952,0.04575314372777939,0.01038075890392065
201901,0.0032049494329839945,0.0012384569272398949,0.007958927191793919,0.0,0.020924987271428108,0.0,0.007645246107131243,0.0038374026771634817,0.0,0.02288237027823925,0.007037851493805647,0.004319836851209402,0.0025243612471967936,0.007779779843986034,0.008659858256578445,0.0,0.009176216088235378,0.006815170869231224,0.012368199415504932,0.00735407555475831,0.01251990906894207,0.029631072655320168,0.015830250456929207,0.017125148326158524,0.005719206295907497,0.007513340562582016,0.004613033961504698,0.0,0.009846413508057594,0.0016700675478205085,0.008626328781247139,0.0025236117653548717,0.007053469307720661,0.0,0.015308323316276073,0.00823844876140356,0.0,0.0045548067428171635,0.013175159692764282,0.03653009235858917,0.02006559446454048,0.004145443439483643,0.0049098641611635685,0.015959249809384346,0.008724575862288475,0.0054502785205841064,0.027177494019269943,0.005501018837094307,0.014197391457855701,0.007568415254354477,0.007949347607791424,0.01689068041741848,0.0063165524043142796,0.010885992087423801,0.005749300122261047,0.018516842275857925,0.005067578982561827,0.013573289848864079,0.003806028515100479,0.014133253134787083,0.009437301196157932,0.019854867830872536,0.0018849257612600923,0.0,0.02089589834213257,0.004670385271310806,0.0028524554800242186,0.005647079553455114,0.0053419750183820724,0.0049544209614396095,0.011737162247300148,0.010170193389058113,0.01366969384253025,0.004262868314981461,0.0030404843855649233,0.003976862411946058,0.003312064101919532,0.008127013221383095,0.010637043975293636,0.005270295310765505,0.020184895023703575,0.004591823555529118,0.004706675186753273,0.0030805054120719433,0.0031807043123990297,0.0077847447246313095,0.012426619417965412,0.010184625163674355,0.004501929972320795,0.00921920407563448,0.00851517915725708,0.004557671025395393,0.004115050658583641,0.0,0.006855723913758993,0.005809251684695482,0.011952504515647888,0.00782158225774765,0.004200985189527273,0.002042067004367709,0.003675568150356412,0.0009231111034750938,0.04045341536402702,0.013728628866374493,0.011240511201322079,0.017088085412979126,0.0028377382550388575,0.009050579741597176,0.009247122332453728,0.003269775304943323,0.0052273510955274105,0.037571728229522705,0.009417159482836723
201902,0.0,0.0,0.006907764356583357,0.008152686059474945,0.021474841982126236,0.0020517301745712757,0.007854553870856762,0.007279546000063419,0.009521428495645523,0.024882687255740166,0.007179476786404848,0.00569838285446167,0.0103562381118536,0.005815620068460703,0.006411018315702677,0.0,0.011744534596800804,0.007021844852715731,0.012984929606318474,0.008099091239273548,0.0,0.0,0.0064489454962313175,0.01109127514064312,0.01387861929833889,0.007482913322746754,0.004448547959327698,0.013125709258019924,0.0047352672554552555,0.0020156027749180794,0.0072510093450546265,0.0026951292529702187,0.009984196163713932,0.03896024823188782,0.015000534243881702,0.00788070634007454,0.0,0.001991343218833208,0.012778489850461483,0.020095888525247574,0.016905657947063446,0.004444680642336607,0.006945342756807804,0.018667448312044144,0.008725517429411411,0.005365487188100815,0.00983219500631094,0.005295178387314081,0.01330236904323101,0.0061440602876245975,0.004211668390780687,0.005739698652178049,0.007625994738191366,0.014599895104765892,0.006305797025561333,0.012275295332074165,0.006237933412194252,0.016207894310355186,0.004376035649329424,0.020501265302300453,0.011495157144963741,0.02519463375210762,0.0034087500534951687,0.0,0.003116930602118373,0.0060827224515378475,0.0020192591473460197,0.004545389674603939,0.006074734032154083,0.004614842124283314,0.003113053971901536,0.012886476702988148,0.013100835494697094,0.004460000433027744,0.006122910417616367,0.004277146887034178,0.003480195766314864,0.003969879355281591,0.026113085448741913,0.004880404099822044,0.024276943877339363,0.00430656410753727,0.004631880670785904,0.01008354127407074,0.004224513191729784,0.016248134896159172,0.0204191692173481,0.012488061562180519,0.004620659630745649,0.0,0.008031797595322132,0.0028468496166169643,0.00357948150485754,0.0,0.0061672283336520195,0.004644548054784536,0.010341850109398365,0.01188135426491499,0.003848098684102297,0.002765773329883814,0.005219019018113613,0.0,0.04234718531370163,0.006224778480827808,0.0,0.0180048830807209,0.012080944143235683,0.007377855945378542,0.0,0.004350791219621897,0.01795811951160431,0.02584933675825596,0.019214006140828133
201903,0.008244938217103481,0.0,0.007024483755230904,0.004994498565793037,0.02302595227956772,0.002311388263478875,0.0066649457439780235,0.006138782482594252,0.004833091516047716,0.02920193411409855,0.006512816529721022,0.0032996321097016335,0.003559485077857971,0.007469194941222668,0.0058601293712854385,0.0,0.005861673969775438,0.007137585896998644,0.011450935155153275,0.007303883321583271,0.008855239488184452,0.0,0.0035904122050851583,0.011094853281974792,0.005003608297556639,0.006950801704078913,0.0038877909537404776,0.012555191293358803,0.003945366945117712,0.0009973510168492794,0.008833550848066807,0.0028397943824529648,0.008473165333271027,0.02709275856614113,0.014084489084780216,0.010628873482346535,0.061527151614427567,0.0,0.009015709161758423,0.03199177235364914,0.0063191791996359825,0.0032977573573589325,0.010273477993905544,0.018011387437582016,0.006924059707671404,0.004844244569540024,0.014395312406122684,0.005162030924111605,0.01450161263346672,0.004975601565092802,0.005227279383689165,0.007000335492193699,0.006003587041050196,0.015109417960047722,0.0033860066905617714,0.009948302060365677,0.004405350890010595,0.00933666992932558,0.0043532028794288635,0.020627111196517944,0.011742319911718369,0.019715862348675728,0.00488555571064353,0.0,0.00465606851503253,0.004784251097589731,0.0032920732628554106,0.00504201790317893,0.005313477478921413,0.0040945312939584255,0.002535279141739011,0.004705775994807482,0.011688197031617165,0.004741760436445475,0.006414205301553011,0.003548367414623499,0.003476138226687908,0.003261663718149066,0.022704554721713066,0.0046432432718575,0.025590553879737854,0.0038077044300734997,0.0039739483036100864,0.005473148077726364,0.004109874367713928,0.003303406061604619,0.0206680316478014,0.006278473883867264,0.0032511278986930847,0.0034691630862653255,0.007589232642203569,0.013921993784606457,0.0029631401412189007,0.0,0.006294956896454096,0.004697998054325581,0.010600804351270199,0.01120434794574976,0.003426315262913704,0.0024633524008095264,0.004077285993844271,0.0,0.04106724634766579,0.007497506681829691,0.0025531321298331022,0.014976796694099903,0.018751410767436028,0.014481243677437305,0.004198956768959761,0.0026326437946408987,0.012549602426588535,0.03643512725830078,0.010080927051603794
201904,0.0055843982845544815,0.0,0.006446461658924818,0.01133175939321518,0.024729374796152115,0.0,0.007196145132184029,0.011011350899934769,0.00980004109442234,0.03358420729637146,0.007083652075380087,0.0014639304718002677,0.002297905506566167,0.004841501824557781,0.008726413361728191,0.0,0.009757616557180882,0.008216322399675846,0.011593409813940525,0.007413148880004883,0.006214650813490152,0.0,0.00857402104884386,0.01205202005803585,0.0,0.007247952278703451,0.004676269367337227,0.006278909742832184,0.005146149545907974,0.000610535906162113,0.010247517377138138,0.0047546555288136005,0.01162063330411911,0.03462611883878708,0.012685312889516354,0.007597080897539854,0.016918731853365898,0.00239394954405725,0.008320500142872334,0.023946959525346756,0.0030490567442029715,0.004730448126792908,0.003921830095350742,0.015464154072105885,0.007146433927118778,0.00557347759604454,0.0,0.005345512181520462,0.01332102995365858,0.0035521083045750856,0.004592678509652615,0.014124101959168911,0.007934853434562683,0.012375738471746445,0.0017666271887719631,0.00931171141564846,0.004469393286854029,0.010539552196860313,0.004385233391076326,0.01767629012465477,0.006036740727722645,0.03926744684576988,0.007588990032672882,0.0,0.0,0.004580832086503506,0.0026041714008897543,0.00460844486951828,0.006010965909808874,0.004338998347520828,0.004539810586720705,0.008179092779755592,0.01752602495253086,0.004219948314130306,0.005734411999583244,0.003531722817569971,0.0037453812547028065,0.0039645652286708355,0.020104115828871727,0.00463950727134943,0.02102644182741642,0.007515643257647753,0.003651399863883853,0.00929097831249237,0.0038967812433838844,0.011908698827028275,0.04081897810101509,0.010792340151965618,0.0032389757689088583,0.002223859541118145,0.009339959360659122,0.00607694685459137,0.0,0.0,0.013808559626340866,0.0035510752350091934,0.010674078948795795,0.0085082883015275,0.003837684402242303,0.002083864761516452,0.00547770457342267,0.0,0.035779621452093124,0.03382736071944237,0.012835239060223103,0.011943498626351357,0.0,0.010736883617937565,0.0,0.002968611428514123,0.011476077139377594,0.03513551130890846,0.012083957903087139
201905,0.0031334608793258667,0.00823116023093462,0.006773603148758411,0.008892019279301167,0.022051211446523666,0.0017976160161197186,0.006999722681939602,0.003957992419600487,0.004375576972961426,0.028060516342520714,0.006375327706336975,0.003641007235273719,0.005302634090185165,0.006315646227449179,0.006571208592504263,0.0,0.005627138540148735,0.005964563228189945,0.010929668322205544,0.006499601993709803,0.029397614300251007,0.0,0.01180182583630085,0.016693446785211563,0.01977071538567543,0.006139857228845358,0.004997883457690477,0.0,0.004138508345931768,0.026661859825253487,0.008465820923447609,0.002212249208241701,0.0035391217097640038,0.02107544057071209,0.010865876451134682,0.009634731337428093,0.0,0.002040427178144455,0.0068799955770373344,0.020450687035918236,0.0,0.005028317216783762,0.003728410229086876,0.011905635707080364,0.006900520529597998,0.004416755400598049,0.026721108704805374,0.0046800957061350346,0.012104707770049572,0.00466388463973999,0.004083259496837854,0.011744847521185875,0.005503184162080288,0.012610813602805138,0.011261619627475739,0.006461430341005325,0.004010897595435381,0.012739570811390877,0.0036483665462583303,0.007419662084430456,0.008563943207263947,0.019538989290595055,0.003387192264199257,0.0,0.022837789729237556,0.004588942509144545,0.0016406335635110736,0.004016435239464045,0.0060549709014594555,0.004935467150062323,0.006104756612330675,0.004338452126830816,0.003414768958464265,0.004800981376320124,0.004811331629753113,0.0035071743186563253,0.002868080511689186,0.00683990865945816,0.017130091786384583,0.004025416914373636,0.01949531026184559,0.007694016210734844,0.004769844003021717,0.0075229499489068985,0.003125218441709876,0.012151638977229595,0.009910767897963524,0.015211327001452446,0.003909355029463768,0.0,0.011683640070259571,0.001969744684174657,0.00869755819439888,0.0,0.017160510644316673,0.0034206544514745474,0.010380175895988941,0.011112471111118793,0.0037066906224936247,0.0010395493591204286,0.004802726674824953,0.0,0.03521769121289253,0.023218652233481407,0.019558418542146683,0.014339704066514969,0.017494313418865204,0.005923750810325146,0.0070116110146045685,0.0027684541419148445,0.008489882573485374,0.03711357340216637,0.021795690059661865
201906,0.006999053061008453,0.0,0.0070142587646842,0.007182274013757706,0.02300208993256092,0.0,0.0063633606769144535,0.004796398803591728,0.002112401183694601,0.023802032694220543,0.006612887140363455,0.0019254210637882352,0.008882530964910984,0.0072303456254303455,0.006413055118173361,0.0,0.009004388935863972,0.0067065698094666,0.010667207650840282,0.006502294912934303,0.008177991956472397,0.0,0.01710008643567562,0.010274238884449005,0.004767642822116613,0.00769851403310895,0.003367731813341379,0.009323577396571636,0.006048382259905338,0.04567261040210724,0.007435860112309456,0.007840882986783981,0.004557062406092882,0.03964890539646149,0.016132306307554245,0.009040034376084805,0.01199407409876585,0.0,0.006550069898366928,0.004324265290051699,0.02822728082537651,0.004978054203093052,0.004976969212293625,0.01696178689599037,0.00653517572209239,0.004824196454137564,0.007459561340510845,0.005230353679507971,0.011072791181504726,0.004412624519318342,0.005356912966817617,0.005900257732719183,0.0050360653549432755,0.013064234517514706,0.0036481344141066074,0.008098997175693512,0.00613765511661768,0.012231663800776005,0.0029691995587199926,0.012444896623492241,0.012539571151137352,0.005090376362204552,0.0,0.0018993581179529428,0.0039051000494509935,0.00376380723901093,0.002405679551884532,0.0036798606161028147,0.006812431383877993,0.00399742042645812,0.017178785055875778,0.017484331503510475,0.0156988687813282,0.004997668322175741,0.006330448668450117,0.003365163691341877,0.0036006905138492584,0.00391353527083993,0.008033063262701035,0.004055769182741642,0.021498244255781174,0.006377308629453182,0.0036392351612448692,0.006760569754987955,0.006588295567780733,0.012506218627095222,0.01642606593668461,0.025183022022247314,0.004810623824596405,0.003384654875844717,0.005947056692093611,0.027917616069316864,0.0037634572945535183,0.003994368948042393,0.006893862038850784,0.004018884617835283,0.010770953260362148,0.005068190395832062,0.0033358843065798283,0.002184253418818116,0.004072227980941534,0.0,0.03867489844560623,0.00524855824187398,0.008693743497133255,0.011411264538764954,0.0,0.008042436093091965,0.0,0.0033965464681386948,0.020753514021635056,0.032408032566308975,0.022740494459867477
201907,0.00895002856850624,0.006157634314149618,0.004405891988426447,0.007719636429101229,0.021663757041096687,0.0020975382067263126,0.00674390560016036,0.011800519190728664,0.003665962954983115,0.021700343117117882,0.006554649211466312,0.0028365966863930225,0.004847242031246424,0.007593560963869095,0.006947334855794907,0.002020531799644232,0.016619453206658363,0.00744282640516758,0.012649076990783215,0.006796911358833313,0.027873553335666656,0.0,0.011197330430150032,0.016056349501013756,0.007510155905038118,0.007103676442056894,0.0036399986129254103,0.006801122799515724,0.003865204518660903,0.02642214111983776,0.00756183871999383,0.003949252422899008,0.031992387026548386,0.014814802445471287,0.01540514174848795,0.010813718661665916,0.0,0.011998789384961128,0.007351735141128302,0.009064553305506706,0.0,0.0040349350310862064,0.006050352472811937,0.012179982848465443,0.007184607908129692,0.00487327016890049,0.0012522198958322406,0.004948296118527651,0.014155595563352108,0.00443766126409173,0.0040935552679002285,0.008652886375784874,0.004914806690067053,0.010076628997921944,0.0027585492935031652,0.009075707755982876,0.003518846118822694,0.013182008638978004,0.003259949618950486,0.014018048532307148,0.0075957621447741985,0.0,0.007472943514585495,0.005741517525166273,0.0,0.0045662312768399715,0.0018311397871002555,0.005950927268713713,0.004251452628523111,0.005195362959057093,0.0,0.005847274791449308,0.013855894096195698,0.008626673370599747,0.002750252839177847,0.007238326128572226,0.0036936698015779257,0.0029517007060348988,0.013378920964896679,0.0035409685224294662,0.01728702150285244,0.0036096575204283,0.0039322515949606895,0.016598422080278397,0.007173660211265087,0.022442858666181564,0.015401527285575867,0.02107185684144497,0.007653660606592894,0.003693303791806102,0.006155518349260092,0.007449382916092873,0.0027047526091337204,0.00840785913169384,0.018360402435064316,0.003663379233330488,0.01091424934566021,0.009896467439830303,0.005333187989890575,0.0014059015084058046,0.003311748383566737,0.0,0.04410724341869354,0.030518997460603714,0.011338272131979465,0.017434095963835716,0.0,0.008384390734136105,0.008173222653567791,0.002612556330859661,0.009594799019396305,0.02507089078426361,0.016506396234035492
201908,0.0033534178510308266,0.0,0.0087156742811203,0.0,0.024767540395259857,0.0020011381711810827,0.007368947844952345,0.011181866750121117,0.0,0.032872024923563004,0.007030867040157318,0.0,0.001783099607564509,0.008535096421837807,0.006843650247901678,0.0,0.007070532999932766,0.00579573679715395,0.015242369845509529,0.007193286437541246,0.014899582602083683,0.03500695526599884,0.007707034703344107,0.011770252138376236,0.004326164722442627,0.007794419303536415,0.004768883343786001,0.006303096190094948,0.008103244937956333,0.030802076682448387,0.006887274794280529,0.0013716379180550575,0.008981277234852314,0.03511551395058632,0.015078538097441196,0.007731168065220118,0.0,0.02112136408686638,0.007889495231211185,0.02700190432369709,0.015348796732723713,0.003939212299883366,0.005196667741984129,0.0140475919470191,0.008302253670990467,0.004735369235277176,0.0,0.005165773443877697,0.013868195936083794,0.00507258391007781,0.0034833913668990135,0.015239905565977097,0.005104402080178261,0.015303217805922031,0.002665088512003422,0.014906222000718117,0.003453249577432871,0.011605010367929935,0.003492172108963132,0.012570585124194622,0.01134142279624939,0.01669352874159813,0.005087513010948896,0.0,0.01466103084385395,0.00593394273892045,0.0020157673861831427,0.004944580607116222,0.004965000320225954,0.005049915052950382,0.0,0.005762373097240925,0.0026651446241885424,0.002693459391593933,0.0061421324498951435,0.0041019851341843605,0.003427776275202632,0.004226772114634514,0.0156024731695652,0.008209101855754852,0.02254682034254074,0.004401138983666897,0.003489158349111676,0.007616677787154913,0.005566731560975313,0.011571804992854595,0.009472292847931385,0.01795528642833233,0.010928785428404808,0.0033684950321912766,0.005222847685217857,0.005740686319768429,0.005212123971432447,0.0032985990401357412,0.007660999894142151,0.004301122855395079,0.010832035914063454,0.01074336376041174,0.005628344602882862,0.002073241164907813,0.003855103859677911,0.0,0.03185693919658661,0.012966846115887165,0.012043951079249382,0.011841979809105396,0.003038702765479684,0.009264014661312103,0.005857700947672129,0.0036054274532943964,0.00804492924362421,0.019696135073900223,0.020859036594629288
201909,0.0033411181066185236,0.003216356039047241,0.00797964446246624,0.006721296347677708,0.025074347853660583,0.0026334302965551615,0.006766187027096748,0.004556471016258001,0.012674903497099876,0.02550474926829338,0.006401912774890661,0.0021456696558743715,0.0,0.006485200021415949,0.004868930671364069,0.0,0.008633796125650406,0.008295201696455479,0.009566383436322212,0.006937836296856403,0.005853021517395973,0.04516924172639847,0.02116626687347889,0.008404943160712719,0.01586010493338108,0.007694963365793228,0.0037480846513062716,0.0034393295645713806,0.009388535283505917,0.0,0.00674620782956481,0.0026006039697676897,0.011568579822778702,0.0,0.011224184185266495,0.007190582808107138,0.0,0.02695354074239731,0.009199568070471287,0.005084658041596413,0.032785769551992416,0.004997660871595144,0.007341305259615183,0.010931551456451416,0.006333270575851202,0.003952463623136282,0.006215585395693779,0.004743790719658136,0.010398941114544868,0.004224961623549461,0.003405279479920864,0.010744385421276093,0.00550163583829999,0.011870317161083221,0.0026486264541745186,0.00982742477208376,0.00317966821603477,0.008523219265043736,0.0032605575397610664,0.01225737389177084,0.008554152213037014,0.009928825311362743,0.00855275709182024,0.0,0.030975213274359703,0.004217631183564663,0.0,0.005840691272169352,0.005215984303504229,0.003496357938274741,0.0,0.005700360517948866,0.022156618535518646,0.0033075755927711725,0.0022007597144693136,0.003358578309416771,0.0033460091799497604,0.0028119722846895456,0.02059452049434185,0.010143491439521313,0.01103717926889658,0.004939497448503971,0.004148281645029783,0.014377729967236519,0.0029658693820238113,0.0152599411085248,0.013738534413278103,0.015802429988980293,0.003704935312271118,0.0060297721065580845,0.005352254956960678,0.0,0.005788136273622513,0.0,0.009113257750868797,0.003623747266829014,0.010559297166764736,0.004100836347788572,0.0032974472269415855,0.0005745275411754847,0.003956530708819628,0.0,0.043595828115940094,0.006624164991080761,0.009582377038896084,0.0138472318649292,0.0024669768754392862,0.007473206613212824,0.03873400017619133,0.0032925503328442574,0.009998330846428871,0.043103691190481186,0.016270330175757408
201910,0.009297157637774944,0.004803701303899288,0.005817430093884468,0.007964594289660454,0.019493134692311287,0.0023977726232260466,0.007321242243051529,0.01162650529295206,0.004145138897001743,0.022610608488321304,0.00692294305190444,0.011875922791659832,0.0023449587170034647,0.008174585178494453,0.010929870419204235,0.0,0.008573783561587334,0.008613993413746357,0.008788827806711197,0.006638034712523222,0.03580327332019806,0.0026966705918312073,0.00464260671287775,0.006722732447087765,0.004492246080189943,0.007903995923697948,0.004384505562484264,0.001020821975544095,0.003740164218470454,0.0,0.005535722244530916,0.003138364525511861,0.005489417817443609,0.021311547607183456,0.009144533425569534,0.008600858971476555,0.0,0.016908256337046623,0.0060372119769454,0.010101769119501114,0.03072904422879219,0.004835608880966902,0.005990950390696526,0.019136857241392136,0.006974996067583561,0.004787192679941654,0.007633347064256668,0.004896444268524647,0.0075517985969781876,0.004815399181097746,0.0044394601136446,0.014156722463667393,0.005669767502695322,0.011852296069264412,0.028982415795326233,0.011586246080696583,0.0052820006385445595,0.01221803855150938,0.004410979803651571,0.010922745801508427,0.0055610318668186665,0.005473312456160784,0.007790265139192343,0.0,0.003577761584892869,0.005389140918850899,0.010182768106460571,0.0045911166816949844,0.0065399291925132275,0.005581526551395655,0.0,0.004584923852235079,0.01632029563188553,0.003441507462412119,0.006259630899876356,0.003605456789955497,0.003545934334397316,0.0042207627557218075,0.02047010324895382,0.003837722586467862,0.0176047645509243,0.00514990882948041,0.005115432199090719,0.011542776599526405,0.0030061514116823673,0.006115476135164499,0.014713316224515438,0.021752536296844482,0.00405221339315176,0.0,0.0065843467600643635,0.0015810694312676787,0.004287403542548418,0.023916330188512802,0.011597685515880585,0.005835724528878927,0.009013039991259575,0.01387435756623745,0.0035847052931785583,0.001637096400372684,0.003651642007753253,0.0,0.03966917470097542,0.01604861207306385,0.01689164899289608,0.019926995038986206,0.003522551152855158,0.008748338557779789,0.008731404319405556,0.0031271360348910093,0.009193776175379753,0.03144993633031845,0.01421402208507061
201911,0.003559734672307968,0.010439698584377766,0.0056359292939305305,0.008013439364731312,0.018964916467666626,0.001893135835416615,0.007300509139895439,0.013327326625585556,0.019456684589385986,0.034293290227651596,0.007199693471193314,0.001300702802836895,0.002561897737905383,0.008432931266725063,0.007180897053331137,0.0,0.004183851182460785,0.009159819222986698,0.00834766123443842,0.0061179944314062595,0.010138840414583683,0.0025820299051702023,0.022037167102098465,0.0126072121784091,0.008178957737982273,0.008773121982812881,0.004344620276242495,0.003325678873807192,0.0055466326884925365,0.0,0.006705779116600752,0.004295352380722761,0.00437020743265748,0.019328491762280464,0.01305999793112278,0.005840584170073271,0.009383338503539562,0.029515016824007034,0.008572107180953026,0.02015005797147751,0.0,0.0035858654882758856,0.006172971334308386,0.014129379764199257,0.0066528948955237865,0.005047961138188839,0.0,0.004896070342510939,0.008189257234334946,0.004142624791711569,0.0035498226061463356,0.010006292723119259,0.006133106537163258,0.007652939762920141,0.006469466257840395,0.011504294350743294,0.006149305030703545,0.007164254784584045,0.0057897805236279964,0.006804022938013077,0.00691966200247407,0.009164147078990936,0.0020761601626873016,0.0,0.03738998994231224,0.006716444157063961,0.007731817662715912,0.0068670897744596004,0.004983145743608475,0.004833467770367861,0.0,0.012697829864919186,0.019582297652959824,0.004424982238560915,0.003302834229543805,0.003169493516907096,0.004076514858752489,0.006578593514859676,0.016698697581887245,0.004832445178180933,0.016692033037543297,0.008327903226017952,0.004256250336766243,0.007006574887782335,0.0028303666040301323,0.013492152094841003,0.017459111288189888,0.007130554411560297,0.004417726304382086,0.002349707530811429,0.007257811259478331,0.004327171016484499,0.01859002187848091,0.0,0.013096907176077366,0.0038470528088510036,0.00746162561699748,0.008725671097636223,0.0046852026134729385,0.002355450764298439,0.00451025553047657,0.0,0.043423235416412354,0.021821361035108566,0.006932432297617197,0.013445441611111164,0.001549784792587161,0.007060274947434664,0.01034315675497055,0.004273989237844944,0.008893641643226147,0.03848157450556755,0.02274436131119728
201912,0.004081288352608681,0.0,0.008186857216060162,0.019618527963757515,0.019510919228196144,0.003712646197527647,0.008285284042358398,0.004342830274254084,0.0073647997342050076,0.03638910502195358,0.007131288759410381,0.0025457567535340786,0.0013957859482616186,0.006741070654243231,0.004896374419331551,0.0,0.006254235748201609,0.009305312298238277,0.01016375795006752,0.007261326536536217,0.003774245036765933,0.0,0.035401277244091034,0.010327262803912163,0.011868701316416264,0.008923785760998726,0.004621843341737986,0.0,0.0035670739598572254,0.0,0.007360500283539295,0.001144532230682671,0.007301026489585638,0.040532879531383514,0.013105400837957859,0.009689641185104847,0.0,0.022357933223247528,0.0066358125768601894,0.009705910459160805,0.031464580446481705,0.005479593761265278,0.005448621232062578,0.018346507102251053,0.007780417799949646,0.005141286179423332,0.0,0.0056093595921993256,0.010754156857728958,0.004916357342153788,0.008354530669748783,0.017780384048819542,0.005547190085053444,0.009101086296141148,0.01287037692964077,0.00866165291517973,0.00917893648147583,0.008966408669948578,0.005158165004104376,0.010620848275721073,0.006672252435237169,0.006876257713884115,0.0,0.00253727613016963,0.006283356808125973,0.007088459562510252,0.0,0.006567549891769886,0.007383665069937706,0.0067136106081306934,0.0,0.007929269224405289,0.012061669491231441,0.0039794608019292355,0.00955978874117136,0.005316985305398703,0.004133488051593304,0.003460085252299905,0.025340063497424126,0.007619291543960571,0.01927785761654377,0.005440980661660433,0.0042732395231723785,0.008146055974066257,0.0039278375916182995,0.022665908560156822,0.00982983410358429,0.01213985774666071,0.006802104413509369,0.00799749419093132,0.010755041614174843,0.001863194745965302,0.008354979567229748,0.007067723199725151,0.007195999380201101,0.006477098446339369,0.008999668061733246,0.007427062373608351,0.004583707079291344,0.0014791092835366726,0.005107186734676361,0.0,0.059168629348278046,0.0,0.013633133843541145,0.014836752787232399,0.0012607296230271459,0.01161674689501524,0.01382388174533844,0.003120007226243615,0.016947481781244278,0.0,0.011572708375751972
202001,0.005148444790393114,0.0,0.008494941517710686,0.0,0.03041999787092209,0.005805727560073137,0.011059819720685482,0.00731595978140831,0.0032754463609308004,0.062357328832149506,0.009245885536074638,0.0032414384186267853,0.0,0.012695500627160072,0.012449176982045174,0.0,0.008452341891825199,0.00943820085376501,0.010535596869885921,0.008774331770837307,0.022332504391670227,0.0,0.0,0.023182235658168793,0.011569117195904255,0.011478648521006107,0.005987854674458504,0.0,0.00563806714490056,0.0,0.008001144044101238,0.0,0.007937650196254253,0.04988252744078636,0.008890777826309204,0.014037483371794224,0.0,0.005728763993829489,0.009984491392970085,0.013010499998927116,0.0,0.008442660793662071,0.009706239216029644,0.026822561398148537,0.007902431301772594,0.007240009028464556,0.0,0.007282237522304058,0.012890178710222244,0.0058965906500816345,0.013295519165694714,0.0,0.00794624537229538,0.011249903589487076,0.005249114241451025,0.023248083889484406,0.008183956146240234,0.01055847480893135,0.0039080288261175156,0.01347894687205553,0.006854519248008728,0.009548955596983433,0.006876292172819376,0.004802958574146032,0.004113964270800352,0.016231104731559753,0.001968911848962307,0.006813960149884224,0.00568240974098444,0.006438224110752344,0.0,0.015599559992551804,0.03248096629977226,0.003345673903822899,0.005601443350315094,0.0,0.005056432913988829,0.0033136748243123293,0.019167477265000343,0.006001736503094435,0.009088235907256603,0.005761686712503433,0.005388649180531502,0.004618129227310419,0.004220135509967804,0.00800391100347042,0.0,0.005554222967475653,0.008937720209360123,0.009595577605068684,0.0046269455924630165,0.0028230766765773296,0.0040253642946481705,0.0,0.0034721114207059145,0.004515345674008131,0.010832871310412884,0.010385607369244099,0.0050213523209095,0.007622826844453812,0.005320550408214331,0.0,0.07099553197622299,0.0,0.003767250571399927,0.01121626328676939,0.010072680190205574,0.013990315608680248,0.0,0.0036186010111123323,0.005781302694231272,0.0,0.011172391474246979
202002,0.004788821097463369,0.0031245590653270483,0.010309942066669464,0.0,0.026960093528032303,0.010560131631791592,0.011102969758212566,0.00441296212375164,0.006695440970361233,0.0590393990278244,0.009193080477416515,0.0030158169101923704,0.0,0.011700590141117573,0.012151794508099556,0.0,0.007319525815546513,0.009440596215426922,0.013400605879724026,0.008776337839663029,0.02857903391122818,0.0,0.0,0.019305206835269928,0.0,0.012282080017030239,0.005822357255965471,0.001906443852931261,0.006418578326702118,0.0,0.007835601456463337,0.006052172277122736,0.0,0.050371550023555756,0.010188465937972069,0.01165103167295456,0.0,0.012697098776698112,0.009417194873094559,0.011807125061750412,0.0032670130021870136,0.009637060575187206,0.010014011524617672,0.036536671221256256,0.0070939273573458195,0.008221560157835484,0.010930803604424,0.006900453008711338,0.014775206334888935,0.006255308166146278,0.008999490179121494,0.0,0.007192034274339676,0.012045145966112614,0.0,0.019320661202073097,0.009845669381320477,0.010186681523919106,0.0035093396436423063,0.010955791920423508,0.008880559355020523,0.009548227302730083,0.0,0.0,0.0,0.018764028325676918,0.00352605152875185,0.007127020973712206,0.005127922166138887,0.006655909586697817,0.0,0.016694705933332443,0.03705979883670807,0.00746603449806571,0.004573139827698469,0.0,0.004930533468723297,0.00371995335444808,0.01786322332918644,0.006828042212873697,0.007340298034250736,0.006002620328217745,0.005496179219335318,0.003635019063949585,0.003737596096470952,0.00308967474848032,0.0034976506140083075,0.005550585687160492,0.0028798915445804596,0.010058511979877949,0.006061766762286425,0.003555362345650792,0.00419275090098381,0.009311496280133724,0.007627159357070923,0.004556332714855671,0.011560462415218353,0.00922809075564146,0.00586820300668478,0.007319799158722162,0.004689628724008799,0.004774108529090881,0.061679352074861526,0.0021975780837237835,0.00332825374789536,0.010786878876388073,0.0,0.011831270530819893,0.0,0.006176816765218973,0.003825048916041851,0.0,0.00936301052570343
202003,0.004757636226713657,0.0,0.01053475309163332,0.00451236218214035,0.024416066706180573,0.008654683828353882,0.010044155642390251,0.0018863502191379666,0.004622891079634428,0.07098841667175293,0.008711598813533783,0.0045175026170909405,0.0,0.0122360959649086,0.009363237768411636,0.0,0.005915181245654821,0.00937896128743887,0.012337342835962772,0.007651370018720627,0.019480282440781593,0.0,0.015162159688770771,0.022255664691329002,0.0,0.011470615863800049,0.0048376028425991535,0.0018102754838764668,0.005031267646700144,0.014651881530880928,0.007552233058959246,0.005833144299685955,0.0,0.025468524545431137,0.009660178795456886,0.014293711632490158,0.0,0.008993773721158504,0.009497621096670628,0.015135503374040127,0.0,0.010040950030088425,0.00822852086275816,0.025603484362363815,0.0070497882552444935,0.0077593144960701466,0.0,0.007142878603190184,0.00950506143271923,0.00649464875459671,0.014795281924307346,0.002070826478302479,0.00834305863827467,0.014078519307076931,0.0,0.007466573733836412,0.006847156677395105,0.00918914657086134,0.003623812459409237,0.0042573329992592335,0.008668563328683376,0.011028211563825607,0.0020488763693720102,0.0,0.0,0.012463842518627644,0.004284893162548542,0.007211471442133188,0.005507472436875105,0.006076804827898741,0.0,0.017291231080889702,0.03555162996053696,0.003041161224246025,0.005779925733804703,0.003109120298177004,0.005044187419116497,0.0032857139594852924,0.007478580344468355,0.007618475239723921,0.003551061265170574,0.00715657277032733,0.006102713290601969,0.006329850293695927,0.0033076596446335316,0.003734793746843934,0.0,0.005394853185862303,0.016382651403546333,0.01361528504639864,0.004603664390742779,0.0029283168260008097,0.0038663733284920454,0.0,0.003193043638020754,0.004628208931535482,0.012328123673796654,0.005087940488010645,0.0052762720733881,0.011366437189280987,0.004775876644998789,0.06809598952531815,0.050322163850069046,0.0,0.002898203209042549,0.008585900999605656,0.0,0.0014282804913818836,0.01792575791478157,0.005797965917736292,0.003826723899692297,0.0023056704085320234,0.015534094534814358
202004,0.0037357318215072155,0.0,0.010729892179369926,0.002769609447568655,0.017204226925969124,0.007783721666783094,0.010017072781920433,0.005125547293573618,0.0,0.06923534721136093,0.009265444241464138,0.004075806587934494,0.0,0.013513319194316864,0.006290520075708628,0.0,0.007103790063410997,0.010448147542774677,0.009384887292981148,0.0076211923733353615,0.006652798503637314,0.0,0.0,0.019383760169148445,0.010410482995212078,0.010067510418593884,0.005179929081350565,0.0,0.0039629340171813965,0.0,0.007445960305631161,0.004570431541651487,0.0057956622913479805,0.0390205979347229,0.009825840592384338,0.021373486146330833,0.0,0.007147165946662426,0.007776812184602022,0.01557857170701027,0.003442146349698305,0.011769306845963001,0.009015090763568878,0.03593171760439873,0.006972682662308216,0.00801644567400217,0.0,0.007580502424389124,0.007844015024602413,0.0065323649905622005,0.009326311759650707,0.0,0.007944772951304913,0.012693246826529503,0.0,0.006477083545178175,0.016345245763659477,0.007607731968164444,0.003314002649858594,0.0046357461251318455,0.006417886819690466,0.00870568584650755,0.007988685742020607,0.0,0.00705138361081481,0.007834288291633129,0.003633677028119564,0.007281995378434658,0.005846733693033457,0.007087019272148609,0.0,0.01786351576447487,0.04255526512861252,0.006985178217291832,0.005089587531983852,0.005154882092028856,0.0056538344360888,0.0038953458424657583,0.007801254745572805,0.009281679056584835,0.004014103673398495,0.006649017333984375,0.006412046495825052,0.00519213080406189,0.004137976095080376,0.010118845850229263,0.016186624765396118,0.00615960918366909,0.020863831043243408,0.008697714656591415,0.00604031328111887,0.0030851145274937153,0.003397740889340639,0.01590186171233654,0.003941248171031475,0.005038986913859844,0.0112218102440238,0.009755909442901611,0.004295442719012499,0.004454722162336111,0.004850254859775305,0.0,0.06736277788877487,0.007002913858741522,0.002400518162176013,0.007219085935503244,0.004066557623445988,0.019544778391718864,0.019679684191942215,0.0036020642146468163,0.003899067174643278,0.0,0.004734781105071306
202005,0.00408313050866127,0.0,0.010274840518832207,0.0038677919656038284,0.019140124320983887,0.0023489580489695072,0.01070485170930624,0.0035004138480871916,0.004381552338600159,0.07166063040494919,0.00854219775646925,0.002983071841299534,0.0,0.01129602175205946,0.005017902702093124,0.0,0.007827204652130604,0.009137917309999466,0.008392407558858395,0.006624459754675627,0.018392251804471016,0.0,0.020284058526158333,0.01054022554308176,0.004260097164660692,0.009769636206328869,0.004384084604680538,0.002982337260618806,0.003558895317837596,0.0,0.007679956033825874,0.0041869329288601875,0.011643432080745697,0.032646942883729935,0.00822849478572607,0.01148225273936987,0.0,0.004526004660874605,0.00739624397829175,0.00965937227010727,0.0,0.009025451727211475,0.008612686768174171,0.031004324555397034,0.006712865550071001,0.00778352003544569,0.01877671480178833,0.007721607107669115,0.006413173861801624,0.006583106704056263,0.009134654887020588,0.0,0.008722328580915928,0.011871779337525368,0.0,0.006575849838554859,0.020022893324494362,0.00634251581504941,0.003382893744856119,0.005304193124175072,0.005370183847844601,0.009596571326255798,0.0,0.0,0.004479892551898956,0.0044519552029669285,0.0,0.007219242863357067,0.006237579509615898,0.007377047091722488,0.0,0.01558670587837696,0.04530899599194527,0.004323745612055063,0.0053549339063465595,0.003921727649867535,0.005856860429048538,0.004108790308237076,0.008556247688829899,0.008920067921280861,0.005303598009049892,0.007017408963292837,0.00656841229647398,0.0047597987577319145,0.0057139890268445015,0.0033527903724461794,0.004835712723433971,0.006664276123046875,0.013929790817201138,0.0039900210686028,0.0036202305927872658,0.0031264005228877068,0.003108775243163109,0.0034218216314911842,0.009277821518480778,0.004558475688099861,0.012317168526351452,0.015295612625777721,0.0032493178732693195,0.005256616976112127,0.004621448460966349,0.08176223933696747,0.04495658352971077,0.0,0.0020276112481951714,0.00486106239259243,0.0035862592048943043,0.013504273258149624,0.023808427155017853,0.002651135204359889,0.002960605314001441,0.0032747855875641108,0.004551731515675783
202006,0.004184352234005928,0.0,0.01241532526910305,0.004093330353498459,0.020057527348399162,0.0,0.011034417897462845,0.004364092368632555,0.0052209594286978245,0.08278093487024307,0.008998982608318329,0.0035888561978936195,0.0,0.013326112180948257,0.005772375036031008,0.0,0.005884268786758184,0.009625586681067944,0.008496771566569805,0.007237875834107399,0.002464895835146308,0.0,0.0,0.015272133983671665,0.005370028782635927,0.009955097921192646,0.005430853925645351,0.0,0.005028442945331335,0.0,0.008426600135862827,0.0041054957546293736,0.005689060781151056,0.0512024387717247,0.008449978195130825,0.02005578577518463,0.0,0.005719521548599005,0.009026283398270607,0.007315256167203188,0.004002911038696766,0.010442028753459454,0.007703643757849932,0.033126890659332275,0.007005857769399881,0.008819472044706345,0.0,0.008205262944102287,0.006310460157692432,0.006989545654505491,0.01105709932744503,0.0,0.008693178184330463,0.012630311772227287,0.0,0.0033138373401015997,0.012241937220096588,0.006652803625911474,0.003733224468305707,0.004505102522671223,0.006122236605733633,0.009118054062128067,0.005753800272941589,0.006649745162576437,0.008788558654487133,0.005284368526190519,0.006883654277771711,0.00817316398024559,0.005584108643233776,0.00783228687942028,0.003370768390595913,0.018072498962283134,0.04795553535223007,0.0036919291596859694,0.0046301609836518764,0.004216498229652643,0.006424658931791782,0.00401930371299386,0.0053197420202195644,0.010006428696215153,0.0060738082975149155,0.008213436231017113,0.005813293159008026,0.004712784197181463,0.00394862424582243,0.005469129420816898,0.0,0.00590829411521554,0.018792415037751198,0.0027823373675346375,0.004551504738628864,0.0031960373744368553,0.004023400135338306,0.016040710732340813,0.004592115059494972,0.0047665243037045,0.01372434664517641,0.012169267050921917,0.006681112106889486,0.004667866975069046,0.0046518417075276375,0.08743283152580261,0.03838701546192169,0.00295088067650795,0.002503834431990981,0.005778114311397076,0.0040048654191195965,0.0,0.0,0.0034756637178361416,0.003742852481082082,0.003365867305546999,0.0036545649636536837
202007,0.004674602299928665,0.0,0.007781291380524635,0.0036880197003483772,0.01814854145050049,0.0,0.010458914563059807,0.0037851333618164062,0.0035687717609107494,0.07595797628164291,0.00805777870118618,0.0027846433222293854,0.0,0.01388897467404604,0.004941890481859446,0.0,0.00590305682271719,0.009557689540088177,0.008513606153428555,0.00681337108835578,0.009432956576347351,0.012674147263169289,0.0,0.017985092476010323,0.008182693272829056,0.008630341850221157,0.0,0.004833303391933441,0.0053962660022079945,0.009950941428542137,0.0077276830561459064,0.004137365613132715,0.012097582221031189,0.05666957050561905,0.007386260200291872,0.01857626624405384,0.0019969306886196136,0.004331932868808508,0.00894161406904459,0.006765519268810749,0.004715480841696262,0.010368024930357933,0.007011087611317635,0.038607001304626465,0.006348865106701851,0.008423471823334694,0.0,0.007914617657661438,0.00630873953923583,0.006222852971404791,0.0127508994191885,0.008473318070173264,0.007425500079989433,0.01127284299582243,0.0,0.006645346526056528,0.004447239451110363,0.006160426884889603,0.0033794643823057413,0.0066803074441850185,0.005663726013153791,0.00923869851976633,0.0025355771649628878,0.002400688361376524,0.0,0.004212252330034971,0.004332543350756168,0.006932908669114113,0.005059503018856049,0.007559581194072962,0.0030375346541404724,0.014749647118151188,0.038793131709098816,0.004466998390853405,0.004918996244668961,0.003312191227450967,0.005983482580631971,0.0034758804831653833,0.005323973949998617,0.007815041579306126,0.002869262360036373,0.007071580737829208,0.005109054502099752,0.00424353638663888,0.0042682611383497715,0.006342830136418343,0.00752876466140151,0.004901376087218523,0.01823532022535801,0.0033535328693687916,0.00365322339348495,0.002960443729534745,0.0028278615791350603,0.0,0.005945760291069746,0.0041099051013588905,0.01072248350828886,0.012280011549592018,0.007191061042249203,0.003668287768959999,0.004231443628668785,0.0705881118774414,0.057921379804611206,0.0027623025234788656,0.0024117236025631428,0.006031992845237255,0.0028218827210366726,0.018528027459979057,0.002363746054470539,0.0030748723074793816,0.003209057729691267,0.003024511504918337,0.008539765141904354
202008,0.005641448777168989,0.0,0.01178340520709753,0.004061775282025337,0.01986163668334484,0.0040116580203175545,0.014689961448311806,0.003935900516808033,0.00449001369997859,0.07327423244714737,0.008232355117797852,0.002332119271159172,0.005482356064021587,0.011406336911022663,0.005716895684599876,0.0,0.006188403349369764,0.009189153090119362,0.00832428876310587,0.007266899570822716,0.061913471668958664,0.0,0.015119952149689198,0.021957626566290855,0.0030348990112543106,0.009712864644825459,0.003927432466298342,0.0,0.005705488380044699,0.006703042890876532,0.008026658557355404,0.0,0.0,0.0,0.007372689433395863,0.011173920705914497,0.002397953299805522,0.03190381079912186,0.010013139806687832,0.00914563238620758,0.004437784664332867,0.013806588016450405,0.008744965307414532,0.030597304925322533,0.0062690554186701775,0.008433058857917786,0.0,0.00839629303663969,0.006251197308301926,0.00706655764952302,0.011688260361552238,0.0050828116945922375,0.007907183840870857,0.011708157137036324,0.0023254528641700745,0.005964979063719511,0.015427684411406517,0.0064057717099785805,0.0038014149758964777,0.0034220190718770027,0.007195221725851297,0.0025096305180341005,0.003190601011738181,0.0,0.0,0.003149403026327491,0.00505640497431159,0.008539781905710697,0.00473749591037631,0.008380838669836521,0.0032677275594323874,0.005706747993826866,0.037336062639951706,0.009621530771255493,0.004705371800810099,0.005977183114737272,0.005909433122724295,0.0037740387488156557,0.0038100623060017824,0.0074945189990103245,0.0,0.008075153455138206,0.005689846817404032,0.004613257013261318,0.00919848121702671,0.004645460285246372,0.0,0.005266453605145216,0.0031948103569447994,0.0029406484682112932,0.007655568886548281,0.003982027061283588,0.004999297671020031,0.0029155081138014793,0.007303887978196144,0.00447691697627306,0.019695715978741646,0.0038476656191051006,0.007946338504552841,0.0029189151246100664,0.0047281947918236256,0.06956392526626587,0.05165371298789978,0.0028514352161437273,0.001913554733619094,0.007719129323959351,0.0038037090562283993,0.013771106489002705,0.008380037732422352,0.0031784060411155224,0.0030646189115941525,0.002911843592301011,0.004998363088816404
202009,0.004869446158409119,0.0,0.009853964671492577,0.004004263319075108,0.0191758181899786,0.0028751592617481947,0.014194794930517673,0.003978502470999956,0.003526211017742753,0.06902962923049927,0.008227676153182983,0.004400950390845537,0.0,0.014384284615516663,0.005410925485193729,0.0,0.005735933780670166,0.009448816999793053,0.007209595758467913,0.006452325265854597,0.013759948313236237,0.0,0.007437581662088633,0.017999185249209404,0.008839077316224575,0.008870338089764118,0.003422180889174342,0.003415737533941865,0.005458225961774588,0.0024969703517854214,0.007822480984032154,0.0026532572228461504,0.014651431702077389,0.06700001657009125,0.006770366337150335,0.015681074932217598,0.0,0.0035730700474232435,0.008527482859790325,0.012883408926427364,0.0042922599241137505,0.013371746055781841,0.007294380571693182,0.040359850972890854,0.006564869079738855,0.008816201239824295,0.0,0.008376034907996655,0.00585724413394928,0.006172129884362221,0.008161638863384724,0.0034178579226136208,0.007200032938271761,0.010271113365888596,0.0,0.005687315482646227,0.00689360499382019,0.006071549840271473,0.0037768639158457518,0.006407029926776886,0.006929509807378054,0.004408368840813637,0.0,0.004055395722389221,0.007050816435366869,0.0035430409479886293,0.0038247760385274887,0.008382327854633331,0.004763205070048571,0.00860811397433281,0.0,0.010994771495461464,0.03373819589614868,0.0035924415569752455,0.004454862792044878,0.0077337902039289474,0.00580542953684926,0.0037153977900743484,0.005140142980962992,0.007435795851051807,0.0,0.007585850544273853,0.004837066400796175,0.00477046612650156,0.0,0.0035552936606109142,0.0,0.005195887293666601,0.009422987699508667,0.0059940749779343605,0.004820514936000109,0.003710289252921939,0.006397909019142389,0.0,0.007197656203061342,0.00403344864025712,0.01954471319913864,0.014998803846538067,0.011832961812615395,0.004054006189107895,0.003998256754130125,0.06344455480575562,0.0720837190747261,0.005493768956512213,0.0024135333951562643,0.005586946848779917,0.003652563551440835,0.0,0.01782628893852234,0.0032710875384509563,0.002970150439068675,0.004099015146493912,0.0
202010,0.004904287867248058,0.0018247764091938734,0.010361416265368462,0.004052284173667431,0.019118987023830414,0.0025872159749269485,0.014281842857599258,0.007290415000170469,0.0044370065443217754,0.07344917207956314,0.00820519682019949,0.0032828582916408777,0.006006467156112194,0.012755383737385273,0.005892934277653694,0.0,0.005440914537757635,0.008370508439838886,0.00706437136977911,0.00672681350260973,0.0,0.0,0.0,0.016741156578063965,0.011607502587139606,0.00908643752336502,0.0,0.00347551004961133,0.004882920999079943,0.01559200044721365,0.007970573380589485,0.0036110037472099066,0.0017605499597266316,0.062393415719270706,0.007919115014374256,0.011682429350912571,0.0,0.002397199161350727,0.008453957736492157,0.011888558976352215,0.004332246724516153,0.013315604068338871,0.008661508560180664,0.039647143334150314,0.006304748356342316,0.008672515861690044,0.0,0.008509563282132149,0.005676158703863621,0.006244594696909189,0.01100150216370821,0.00460038473829627,0.00674850819632411,0.012937436811625957,0.0,0.009885687381029129,0.010942014865577221,0.0053509315475821495,0.003859682474285364,0.005794148426502943,0.0073981205932796,0.016922948881983757,0.001851539476774633,0.0026749796234071255,0.004976294934749603,0.002500520320609212,0.0036632029805332422,0.008508103899657726,0.005345293320715427,0.008509093895554543,0.0,0.0068726083263754845,0.03184036165475845,0.0035801641643047333,0.0052054570987820625,0.0039450437761843204,0.006167254410684109,0.00403588218614459,0.004777160938829184,0.007752942852675915,0.0,0.007944447919726372,0.005335317924618721,0.017410358414053917,0.0027266284450888634,0.0037045013159513474,0.005395972169935703,0.004688425920903683,0.0034232332836836576,0.002158147282898426,0.005099189467728138,0.005809362046420574,0.00855573546141386,0.0,0.004828865639865398,0.0043446519412100315,0.018661201000213623,0.005886858329176903,0.011105023324489594,0.003280646400526166,0.004267493262887001,0.07180764526128769,0.06591162085533142,0.0035773750860244036,0.0021557766012847424,0.006435625720769167,0.004859968554228544,0.00218793423846364,0.014124423265457153,0.003499562619253993,0.0032292581163346767,0.0030581862665712833,0.0
202011,0.006757379975169897,0.001978906337171793,0.009832584299147129,0.003989031072705984,0.01921839639544487,0.0026635893154889345,0.013365903869271278,0.004027708899229765,0.003909311722964048,0.05361809581518173,0.007497189100831747,0.003032069653272629,0.0028808023780584335,0.012706500478088856,0.0051143537275493145,0.0,0.007768943905830383,0.007287584710866213,0.006437063217163086,0.006717468146234751,0.03355251997709274,0.0,0.0,0.009096257388591766,0.006052176468074322,0.00905581470578909,0.004214094020426273,0.004365460481494665,0.00497264601290226,0.007282787002623081,0.007973399944603443,0.0023963022977113724,0.0,0.058074161410331726,0.007229429204016924,0.014734997414052486,0.0,0.0036686749663203955,0.008090055547654629,0.018635492771863937,0.0053396690636873245,0.010679990984499454,0.007106673438102007,0.04967530816793442,0.006267109420150518,0.007914955727756023,0.0,0.007700084708631039,0.006670118309557438,0.00639503775164485,0.011487030424177647,0.003950349986553192,0.007239459082484245,0.009912545792758465,0.0,0.006420427933335304,0.00762023264542222,0.005102179944515228,0.0038434260059148073,0.004799726884812117,0.006780198309570551,0.010992204770445824,0.0026387586258351803,0.0,0.0,0.0033947338815778494,0.0035794333089143038,0.007717692758888006,0.005467282608151436,0.008548666723072529,0.0,0.004500045441091061,0.025015050545334816,0.0038452388253062963,0.00522469449788332,0.0033618949819356203,0.00623024208471179,0.004060585051774979,0.004697779193520546,0.007844559848308563,0.030656957998871803,0.007050028070807457,0.004674157127737999,0.005208094138652086,0.0049139996990561485,0.001975221559405327,0.0,0.005235112737864256,0.003660515183582902,0.004597792401909828,0.004722077399492264,0.002759189810603857,0.004348466172814369,0.0,0.007094048894941807,0.004038860555738211,0.021392691880464554,0.009835047647356987,0.013252001255750656,0.0033177693840116262,0.0041419994086027145,0.06976275891065598,0.0670464038848877,0.0032861747313290834,0.002555596176534891,0.006475436966866255,0.0028315228410065174,0.02121923118829727,0.013671508058905602,0.003694734536111355,0.0033096156548708677,0.0,0.0030524511821568012
202012,0.007971194572746754,0.0,0.013799293898046017,0.005363808013498783,0.022870829328894615,0.0022313250228762627,0.011685754172503948,0.013517863117158413,0.003611877793446183,0.07477869838476181,0.009593456983566284,0.00474647618830204,0.0,0.015645623207092285,0.005192937329411507,0.0,0.007353493943810463,0.011292621493339539,0.009495552629232407,0.00815210398286581,0.020631778985261917,0.0,0.0,0.015192327089607716,0.002265127142891288,0.009621069766581059,0.004343594424426556,0.0043264394626021385,0.007502052467316389,0.0,0.008343765512108803,0.002670816844329238,0.0027777364011853933,0.06530849635601044,0.008619336411356926,0.014167522080242634,0.002127133309841156,0.0060427226126194,0.009726298041641712,0.017136279493570328,0.004126938991248608,0.011093739420175552,0.01107855699956417,0.0537019744515419,0.007954337634146214,0.009477728046476841,0.0,0.00906666461378336,0.007277179509401321,0.008699296973645687,0.008104531094431877,0.004729590378701687,0.008955520577728748,0.01140934880822897,0.0,0.0054930951446294785,0.007195121143013239,0.0061223311349749565,0.00448903301730752,0.00562715670093894,0.007712415419518948,0.013691243715584278,0.006420866586267948,0.0,0.0,0.004149862565100193,0.004045104142278433,0.009545940905809402,0.0070751383900642395,0.00977354310452938,0.0,0.006192299071699381,0.014686879701912403,0.0044150445610284805,0.005541101563721895,0.006883359979838133,0.006853892933577299,0.0045472183264791965,0.006145320367068052,0.0096579035744071,0.013076703064143658,0.007664218079298735,0.0052981311455369,0.004011484794318676,0.005796291399747133,0.003865815931931138,0.0,0.00633503682911396,0.005559764336794615,0.006081714294850826,0.005885528866201639,0.0029151372145861387,0.0048863887786865234,0.0,0.008561039343476295,0.004685579799115658,0.018101753666996956,0.006167259532958269,0.016205621883273125,0.003921831957995892,0.005111627280712128,0.0,0.07468820363283157,0.00543685257434845,0.0,0.0068365056067705154,0.004329386167228222,0.0,0.014483154751360416,0.004288557916879654,0.0037841082084923983,0.0039011540357023478,0.008076450787484646
202101,0.003767818445339799,0.0,0.011094818823039532,0.004102354869246483,0.01782837323844433,0.0,0.010138009674847126,0.011052821762859821,0.003972887527197599,0.06074298918247223,0.008012138307094574,0.0037057651206851006,0.0030217389576137066,0.013305967673659325,0.004824327304959297,0.0018090056255459785,0.0075959269888699055,0.010714075528085232,0.00841276440769434,0.006417144555598497,0.002380600431933999,0.0,0.0,0.008500048890709877,0.008662177249789238,0.008008110336959362,0.00260735722258687,0.0,0.00699187908321619,0.011022903025150299,0.007004396058619022,0.0034544544760137796,0.018642544746398926,0.05984964221715927,0.007621505297720432,0.014493892900645733,0.002994928043335676,0.04764869809150696,0.007529151625931263,0.015714596956968307,0.004674214404076338,0.010449430905282497,0.010750316083431244,0.04603058099746704,0.0062059033662080765,0.00827682577073574,0.0,0.007293433416634798,0.0059483847580850124,0.006622326094657183,0.010268259793519974,0.003918635193258524,0.006474091671407223,0.010611060075461864,0.002944354433566332,0.008063527755439281,0.010256522335112095,0.004287550691515207,0.0037194429896771908,0.003939024638384581,0.006671224720776081,0.013192590326070786,0.002299780957400799,0.0,0.004362802021205425,0.0033620777539908886,0.0030180353205651045,0.007339075207710266,0.004798059351742268,0.007913365960121155,0.0,0.00519648427143693,0.022201338782906532,0.0035995475482195616,0.004914631601423025,0.004551329649984837,0.0056449174880981445,0.003933620173484087,0.005477297119796276,0.007261706981807947,0.018906524404883385,0.006615678779780865,0.007244465406984091,0.004492028616368771,0.0030219079926609993,0.0030744413379579782,0.0,0.005253162235021591,0.007086283061653376,0.004265650641173124,0.00453368341550231,0.0038052622694522142,0.0047636269591748714,0.0,0.004376058001071215,0.0038631854113191366,0.017678579315543175,0.00860540196299553,0.012679683975875378,0.0032021848019212484,0.005678633693605661,0.058856964111328125,0.06221453845500946,0.004419358447194099,0.0,0.006907024886459112,0.004024005029350519,0.0022329934872686863,0.003720031352713704,0.003072418039664626,0.0035131166223436594,0.004051986616104841,0.007723567541688681
202102,0.004738715477287769,0.0,0.010236233472824097,0.004237280692905188,0.018545053899288177,0.0029848471749573946,0.009573251940310001,0.010949687100946903,0.005123873706907034,0.06263981014490128,0.00793775636702776,0.003571346402168274,0.006575381383299828,0.015568144619464874,0.005031634122133255,0.0,0.013836297206580639,0.010623523034155369,0.007265815977007151,0.00676713278517127,0.020554140210151672,0.0,0.0,0.007114809937775135,0.009595655836164951,0.007440565619617701,0.0040102251805365086,0.0030994871631264687,0.004748069681227207,0.0,0.007328305393457413,0.003368790727108717,0.008511067368090153,0.0508585087954998,0.007871124893426895,0.011345149017870426,0.0,0.0,0.007747856434434652,0.016343973577022552,0.006228172220289707,0.012340037152171135,0.009262372739613056,0.05998857691884041,0.006013829261064529,0.00844829436391592,0.0,0.0070580653846263885,0.005534705705940723,0.008000836707651615,0.0111051294952631,0.004160645883530378,0.007454391568899155,0.010087402537465096,0.005563972517848015,0.004206994082778692,0.008417610079050064,0.00529502471908927,0.004051216412335634,0.006565671414136887,0.006753893103450537,0.0270147155970335,0.005806332919746637,0.005081091076135635,0.00461543770506978,0.0034676375798881054,0.004435800481587648,0.00789978913962841,0.004997236654162407,0.007741057779639959,0.0,0.004960875958204269,0.014641549438238144,0.004139070399105549,0.004960367456078529,0.0025792105589061975,0.006118805147707462,0.004028264433145523,0.00570169510319829,0.007590192835777998,0.002690837951377034,0.00654341746121645,0.008201643824577332,0.0038253716193139553,0.003808894194662571,0.002977767027914524,0.0,0.00522981770336628,0.011170558631420135,0.0,0.004729866981506348,0.004167139995843172,0.004391936119645834,0.0031822535675019026,0.011744535528123379,0.003730623284354806,0.02101707085967064,0.009862829931080341,0.012028723023831844,0.0025059867184609175,0.004906441085040569,0.06023124232888222,0.06080833822488785,0.005252674221992493,0.0,0.007345655467361212,0.003363792086020112,0.006141891703009605,0.004415249917656183,0.0033512553200125694,0.0037734026554971933,0.005175826605409384,0.014965547248721123
202103,0.004330541007220745,0.0,0.0056293117813766,0.004282788839191198,0.027439922094345093,0.0,0.008084609173238277,0.013015524484217167,0.0043287258595228195,0.060322437435388565,0.007688469253480434,0.0036580178420990705,0.0,0.014270822517573833,0.0055752708576619625,0.0,0.008019798435270786,0.008410599082708359,0.007404554635286331,0.006868134252727032,0.011131550185382366,0.0,0.0,0.02349281497299671,0.010124891065061092,0.007165494374930859,0.0,0.0,0.008597182109951973,0.0,0.0073172347620129585,0.003659919137135148,0.010135172866284847,0.05424646660685539,0.007735606282949448,0.009880056604743004,0.0037801743019372225,0.017353173345327377,0.009775946848094463,0.016175338998436928,0.004418431781232357,0.015541735105216503,0.010259417816996574,0.04623974859714508,0.006872144993394613,0.007974586449563503,0.0,0.007630973123013973,0.0047895098105072975,0.00902874767780304,0.0138541953638196,0.003789115697145462,0.007340005598962307,0.011372260749340057,0.001954422565177083,0.006894636899232864,0.016562962904572487,0.0047440920025110245,0.004085583612322807,0.004387185908854008,0.007123785093426704,0.0,0.0,0.0,0.0,0.0032433064188808203,0.003458651714026928,0.00781420897692442,0.005266239866614342,0.008004103787243366,0.0,0.005997377913445234,0.01867792196571827,0.003599927294999361,0.004904082976281643,0.004337786231189966,0.005825161933898926,0.004241554997861385,0.005012723617255688,0.008235200308263302,0.006111702416092157,0.006197867915034294,0.006394125521183014,0.00487013952806592,0.0040616062469780445,0.007694689091295004,0.0,0.0060707940720021725,0.00871302280575037,0.002934733871370554,0.006004785653203726,0.0068560875952243805,0.006192373111844063,0.0,0.00507593248039484,0.0037709595635533333,0.01786006987094879,0.009097338654100895,0.011456852778792381,0.0030270905699580908,0.007731984369456768,0.07696966081857681,0.06506277620792389,0.0054306951351463795,0.0,0.009421058930456638,0.003989018499851227,0.005199453793466091,0.0,0.0029461297672241926,0.004501078277826309,0.005539500154554844,0.01743611879646778
202104,0.0046449159272015095,0.0,0.008089590817689896,0.00423946650698781,0.021639784798026085,0.0,0.011320043355226517,0.007181321270763874,0.005092987325042486,0.056255266070365906,0.007583288010209799,0.003948788624256849,0.0,0.01219743862748146,0.005962245166301727,0.008164557628333569,0.006062140688300133,0.009372372180223465,0.018438858911395073,0.007115533575415611,0.03387901932001114,0.0,0.0,0.022317904978990555,0.017444271594285965,0.007272728253155947,0.007092633284628391,0.0,0.006253623403608799,0.0020008652936667204,0.008214008994400501,0.003490702249109745,0.013130580075085163,0.04513233155012131,0.005958707071840763,0.01614314317703247,0.0,0.002527236705645919,0.00892041064798832,0.015243543311953545,0.0,0.013862942345440388,0.010217780247330666,0.049706000834703445,0.0065500568598508835,0.008125856518745422,0.0,0.007541896775364876,0.006221742834895849,0.008513578213751316,0.012541097588837147,0.004927811678498983,0.007231545634567738,0.011363185942173004,0.004934076685458422,0.008125358261168003,0.0159866064786911,0.004502912517637014,0.004340537823736668,0.005702560301870108,0.00707400543615222,0.007914763875305653,0.0037467661313712597,0.003495577024295926,0.004031881224364042,0.0043077305890619755,0.004559526685625315,0.008347123861312866,0.005342339165508747,0.008355901576578617,0.0,0.0048536742106080055,0.0154500100761652,0.004227336496114731,0.004595512989908457,0.004167612642049789,0.005958987399935722,0.004210954066365957,0.0058964816853404045,0.006752158980816603,0.004801813513040543,0.007252959534525871,0.009114443324506283,0.005544271320104599,0.0035196670796722174,0.007209730334579945,0.0,0.005426493939012289,0.0039198086597025394,0.006254481617361307,0.005581642035394907,0.005178609397262335,0.00368399522267282,0.0,0.00891981553286314,0.00365109508857131,0.025146355852484703,0.005505871027708054,0.01274432335048914,0.002833242528140545,0.010946961119771004,0.04030585661530495,0.06667396426200867,0.005001447629183531,0.0,0.008099410682916641,0.003980092238634825,0.01311087142676115,0.0,0.0,0.004104113671928644,0.005474511533975601,0.0
202105,0.004223206080496311,0.04613136872649193,0.010808035731315613,0.004155649337917566,0.022015627473592758,0.0,0.009711014106869698,0.0109833599999547,0.004182249307632446,0.04021533951163292,0.007300160825252533,0.003726641181856394,0.004348446615040302,0.013818759471178055,0.004583876114338636,0.0,0.012085715308785439,0.006975961849093437,0.01483826618641615,0.006762211676687002,0.028597213327884674,0.0,0.0,0.017414914444088936,0.014280123636126518,0.007718861103057861,0.005964714102447033,0.004293165169656277,0.007670857012271881,0.0019102393416687846,0.007132313214242458,0.003366562770679593,0.00710676796734333,0.04844033718109131,0.008195850066840649,0.011954721063375473,0.0,0.0046681505627930164,0.007677474524825811,0.01661328598856926,0.004513741470873356,0.010694220662117004,0.009543358348309994,0.045487575232982635,0.006186728365719318,0.008512095548212528,0.0,0.006988645531237125,0.006354256067425013,0.007995069958269596,0.005438605789095163,0.0031532999128103256,0.006745369639247656,0.010635788552463055,0.0064635188318789005,0.00824752077460289,0.017138687893748283,0.006710702087730169,0.004344972316175699,0.003431896446272731,0.0062770661897957325,0.005546731408685446,0.0032717983704060316,0.0030096606351435184,0.005527316126972437,0.00451509328559041,0.006138489581644535,0.007496947888284922,0.0049647982232272625,0.007421958725899458,0.0,0.004014280624687672,0.011166391894221306,0.004005568567663431,0.00439486326649785,0.008670761249959469,0.0054133301600813866,0.003975545056164265,0.004586413502693176,0.006729563698172569,0.009244644083082676,0.007242976687848568,0.007481176871806383,0.006080474238842726,0.003281898330897093,0.0035752009134739637,0.0,0.005778256803750992,0.005089010577648878,0.00513664074242115,0.006393455434590578,0.00333576463162899,0.004340054467320442,0.002578192390501499,0.006926069967448711,0.003360787872225046,0.029126521199941635,0.004115147981792688,0.008273015730082989,0.0026459763757884502,0.009629222564399242,0.05777958407998085,0.05854380875825882,0.003308358835056424,0.0,0.008692656643688679,0.0037625720724463463,0.0028843795880675316,0.004211583640426397,0.0,0.00404053321108222,0.00564481969922781,0.0019132100278511643
202106,0.007394781801849604,0.0,0.010916488245129585,0.006844522897154093,0.021186351776123047,0.0,0.009169310331344604,0.009528172202408314,0.004389496520161629,0.047340475022792816,0.007997537031769753,0.003990869969129562,0.005381276831030846,0.013169331476092339,0.0065222070552408695,0.0,0.011283078230917454,0.007614553440362215,0.013979407027363777,0.006892838515341282,0.047433290630578995,0.002378858858719468,0.005340376403182745,0.010035324841737747,0.01256469078361988,0.008527988567948341,0.005709915421903133,0.0,0.006074782460927963,0.0027368960436433554,0.007314116228371859,0.0029593766666948795,0.014489546418190002,0.05059395357966423,0.006714728195220232,0.013849286362528801,0.0,0.0,0.007584115955978632,0.01525353454053402,0.003587826155126095,0.011113129556179047,0.010299012064933777,0.040739383548498154,0.00639078626409173,0.009136026725172997,0.0,0.007318494841456413,0.006750808097422123,0.008399521932005882,0.008593205362558365,0.0037375895772129297,0.007045752834528685,0.011917599476873875,0.004064737353473902,0.007728568743914366,0.00621742894873023,0.004332196433097124,0.004396858159452677,0.0038632620126008987,0.0062696924433112144,0.009594963863492012,0.003964974079281092,0.003979947883635759,0.005697708111256361,0.004807173274457455,0.023574069142341614,0.007430537603795528,0.0052161854691803455,0.007398087065666914,0.0044728717766702175,0.003434619167819619,0.015511136502027512,0.003914345055818558,0.010609520599246025,0.008047696202993393,0.006661734078079462,0.0037737758830189705,0.004333534277975559,0.007033847272396088,0.003687717719003558,0.007130137644708157,0.006604968104511499,0.004640702623873949,0.0036841758992522955,0.002629908500239253,0.0,0.005018626805394888,0.002596792997792363,0.003882329212501645,0.004590760916471481,0.0037787212058901787,0.0035241167061030865,0.0,0.00791945680975914,0.003522682934999466,0.02089618891477585,0.005458722356706858,0.006068327464163303,0.002593050478026271,0.01416531577706337,0.07354479283094406,0.05449381470680237,0.003117927582934499,0.0,0.0076000806875526905,0.0040077995508909225,0.0035216885153204203,0.0,0.002352930838242173,0.0035214682575315237,0.005270625464618206,0.005656036082655191
202107,0.008017483167350292,0.0,0.010230155661702156,0.006146127358078957,0.02230764366686344,0.0,0.008109473623335361,0.007137115113437176,0.004193154629319906,0.040823888033628464,0.007823501713573933,0.003907669801265001,0.004023840185254812,0.013731444254517555,0.005533432587981224,0.0042854612693190575,0.010102768428623676,0.007206637412309647,0.018036069348454475,0.006952404975891113,0.044894590973854065,0.0,0.0025000213645398617,0.01620509847998619,0.010805784724652767,0.008368445560336113,0.004791222047060728,0.004282410256564617,0.009348501451313496,0.015574050135910511,0.0071503473445773125,0.002417143667116761,0.010517915710806847,0.0018524067709222436,0.007689949590712786,0.012295625172555447,0.0,0.012223862111568451,0.010730051435530186,0.012964073568582535,0.004340507090091705,0.008746343664824963,0.01051032543182373,0.03971024602651596,0.007037035655230284,0.01088903658092022,0.0,0.007297620177268982,0.008067745715379715,0.007426847238093615,0.010241041891276836,0.002971905516460538,0.0067985085770487785,0.012109534814953804,0.0028498966712504625,0.005806190427392721,0.009203013963997364,0.004454582929611206,0.004642390180379152,0.005328713450580835,0.006582585163414478,0.009112878702580929,0.002380609279498458,0.0036490955390036106,0.0,0.004730586893856525,0.027823500335216522,0.007235441356897354,0.004355849698185921,0.007297003176063299,0.0037364347372204065,0.0036164019256830215,0.01330527663230896,0.0035958874505013227,0.013202713802456856,0.007980306632816792,0.006933633703738451,0.0037572861183434725,0.00399565976113081,0.006896178238093853,0.005423873662948608,0.006262246984988451,0.0073996358551084995,0.00648105563595891,0.007517666555941105,0.002817122731357813,0.007623347453773022,0.005044553428888321,0.0057225474156439304,0.00247807870618999,0.004900236614048481,0.0036562555469572544,0.0035991661716252565,0.0,0.010148966684937477,0.003442671149969101,0.021538950502872467,0.005122901871800423,0.008396351709961891,0.0019203153206035495,0.013646590523421764,0.07167918980121613,0.06099090352654457,0.006419072858989239,0.0,0.0067257359623909,0.003529258770868182,0.005546129774302244,0.004025012254714966,0.003314431756734848,0.00371661433018744,0.005433766171336174,0.003678736975416541
202108,0.0071992091834545135,0.0,0.009897450916469097,0.006177403498440981,0.020576609298586845,0.0,0.007135406602174044,0.008881965652108192,0.004462752491235733,0.03940320760011673,0.007451116107404232,0.0037879275623708963,0.003886435180902481,0.012062876485288143,0.011072038672864437,0.0,0.009189636446535587,0.0071785952895879745,0.019827239215373993,0.006518152076750994,0.03735766559839249,0.0,0.0010175240458920598,0.02286880649626255,0.012248409911990166,0.008365429006516933,0.004237063229084015,0.010218321345746517,0.009207591414451599,0.0,0.007318503689020872,0.0,0.010000884532928467,0.033947791904211044,0.005876421928405762,0.014099091291427612,0.0,0.04302283376455307,0.00789205264300108,0.016447026282548904,0.003984052687883377,0.010031386278569698,0.009716187603771687,0.030430594459176064,0.0070588490925729275,0.009676088578999043,0.0,0.006970366928726435,0.0064900522120296955,0.008438252843916416,0.005062360782176256,0.003382198279723525,0.0065635796636343,0.011228572577238083,0.0019417034927755594,0.006169622763991356,0.010182918980717659,0.004872122313827276,0.004743218421936035,0.006024590693414211,0.006650951225310564,0.00757355522364378,0.006472840439528227,0.0,0.0061731054447591305,0.004288559779524803,0.01919359713792801,0.0071072750724852085,0.004807531367987394,0.007526751607656479,0.0,0.0025382109452039003,0.011588342487812042,0.0036696416791528463,0.013366474770009518,0.008950929157435894,0.006129549816250801,0.0035804526414722204,0.005753475707024336,0.006861838046461344,0.00632235174998641,0.0071413591504096985,0.006819665431976318,0.005104966927319765,0.009357865899801254,0.0039929780177772045,0.007275530137121677,0.005203503184020519,0.009225479327142239,0.003112782258540392,0.004286097828298807,0.004596958868205547,0.005898277275264263,0.0,0.012780115939676762,0.0032064716797322035,0.02016998454928398,0.00453769788146019,0.00622057868167758,0.0030745777767151594,0.013037043623626232,0.05994211137294769,0.05260170251131058,0.003267101477831602,0.0,0.006979269441217184,0.0031115813180804253,0.00441192789003253,0.0,0.0,0.0033731136936694384,0.003692748723551631,0.0072230068035423756
202109,0.00605732062831521,0.0,0.010888607241213322,0.005730366799980402,0.02375870570540428,0.0,0.007974337786436081,0.009850343689322472,0.005424747243523598,0.04143139719963074,0.008247368037700653,0.0037574833258986473,0.0,0.013609015382826328,0.007539324928075075,0.005050167441368103,0.011769624426960945,0.0057272352278232574,0.024550773203372955,0.0068623656406998634,0.02828926406800747,0.0,0.0,0.013055102899670601,0.013410956598818302,0.008886492811143398,0.004677139222621918,0.002714554313570261,0.007462254725396633,0.031809549778699875,0.008014533668756485,0.004045683890581131,0.013462848961353302,0.0,0.006648416165262461,0.014543905854225159,0.0,0.004542041569948196,0.007184213493019342,0.013915364630520344,0.0033825065474957228,0.008147118613123894,0.011340474709868431,0.04431849718093872,0.00753113953396678,0.008800959214568138,0.0,0.007349061779677868,0.006301420275121927,0.009031936526298523,0.0065848506055772305,0.0032746943179517984,0.0075894990004599094,0.012444837018847466,0.0,0.0,0.008127270266413689,0.004995675757527351,0.004810819402337074,0.006108468398451805,0.006386015098541975,0.006782337091863155,0.006554946769028902,0.0,0.008549397811293602,0.004545880015939474,0.01694163866341114,0.007987177930772305,0.005552387330681086,0.008007007651031017,0.0,0.0026426375843584538,0.010814910754561424,0.003908487502485514,0.009563055820763111,0.007450787350535393,0.006329513620585203,0.0036575731355696917,0.005867348052561283,0.007219420745968819,0.007203007582575083,0.006841996684670448,0.0076946537010371685,0.005818327888846397,0.004983909428119659,0.006552026607096195,0.0,0.005521179176867008,0.018658803775906563,0.002626997884362936,0.004826713353395462,0.005659722723066807,0.005103725474327803,0.0,0.009870478883385658,0.0035113270860165358,0.026268839836120605,0.004697631113231182,0.005628629587590694,0.004685880616307259,0.013147757388651371,0.08402279019355774,0.056364722549915314,0.005200553219765425,0.0,0.007855729199945927,0.004670283757150173,0.0025316383689641953,0.00326759391464293,0.003198970342054963,0.0041388822719454765,0.005828892812132835,0.0038270705845206976
202110,0.007079778704792261,0.0,0.011550404131412506,0.005775536876171827,0.02960892766714096,0.0041741724126040936,0.007783870678395033,0.006994784343987703,0.004996445029973984,0.058976348489522934,0.008915453217923641,0.00398689229041338,0.005935341585427523,0.013045995496213436,0.008537364192306995,0.0,0.010790180414915085,0.00834022369235754,0.027624543756246567,0.007576917298138142,0.017922163009643555,0.0,0.009022128768265247,0.010290118865668774,0.01260483916848898,0.010345261543989182,0.004766038618981838,0.004659803584218025,0.0067406874150037766,0.0024617942981421947,0.008238783106207848,0.004337912891060114,0.011086530983448029,0.0,0.0071499845944345,0.013754229061305523,0.009366564452648163,0.0036390675231814384,0.006599843502044678,0.017474232241511345,0.0037287678569555283,0.008513514883816242,0.00945607852190733,0.030104387551546097,0.008575540967285633,0.009129120036959648,0.0,0.008369200862944126,0.007697456981986761,0.010168815031647682,0.007545041851699352,0.004725482780486345,0.008010279387235641,0.013410585932433605,0.0,0.005732952617108822,0.00804660003632307,0.005096127279102802,0.005138596519827843,0.006142104975879192,0.0070924172177910805,0.0036998360883444548,0.0024724204558879137,0.0,0.003811863949522376,0.0052343751303851604,0.019814686849713326,0.008699017576873302,0.005610543303191662,0.008768978528678417,0.0021971401292830706,0.005896837916225195,0.01713596284389496,0.004303584340959787,0.009766793809831142,0.0076807960867881775,0.008872355334460735,0.004422565456479788,0.0050198971293866634,0.007937375456094742,0.0,0.007389902137219906,0.006504284217953682,0.006554403342306614,0.0047752466052770615,0.003368457080796361,0.005586343817412853,0.00556226447224617,0.006268666125833988,0.006543068215250969,0.00532668037340045,0.0046406034380197525,0.004140055272728205,0.0024930047802627087,0.012331513687968254,0.0038111999165266752,0.022561058402061462,0.005945091601461172,0.008675319142639637,0.0,0.014695361256599426,0.0642409548163414,0.056197021156549454,0.004727950319647789,0.0,0.008376373909413815,0.004298978019505739,0.012901361100375652,0.005878315307199955,0.0,0.0046632783487439156,0.006388593930751085,0.004973357543349266
202111,0.0034691414330154657,0.0,0.009779279120266438,0.005543045233935118,0.0259623471647501,0.0,0.006688281893730164,0.013517438434064388,0.0032213623635470867,0.028401102870702744,0.007975715212523937,0.0034792758524417877,0.005356192588806152,0.013600420206785202,0.01037345640361309,0.0074876840226352215,0.009229376912117004,0.006646358408033848,0.024778049439191818,0.006623940076678991,0.008947753347456455,0.0,0.005965427961200476,0.015529267489910126,0.014479313045740128,0.008387447334825993,0.003534347517415881,0.003137524938210845,0.007362692151218653,0.0158428605645895,0.006676563993096352,0.003350883722305298,0.0113268056884408,0.06914222240447998,0.005917691625654697,0.011961475946009159,0.012476665899157524,0.010742359794676304,0.008227303624153137,0.012604284100234509,0.003815579693764448,0.008823973126709461,0.009667784906923771,0.03793131560087204,0.0070925685577094555,0.00919546838849783,0.0018537710420787334,0.007150366436690092,0.005963340867310762,0.007940085604786873,0.00498592434450984,0.004567838739603758,0.007396006025373936,0.012376987375319004,0.002370609436184168,0.004612945485860109,0.015963343903422356,0.004326792433857918,0.0045406632125377655,0.005164589267224073,0.005455424077808857,0.009582453407347202,0.0020122199784964323,0.0031820833683013916,0.007885517552495003,0.00394744286313653,0.02390381135046482,0.007131804712116718,0.005143166519701481,0.007420530077069998,0.007165662478655577,0.0029142452403903008,0.010697697289288044,0.004249787423759699,0.009351556189358234,0.002552568446844816,0.006404129322618246,0.0037809365894645452,0.004368148278445005,0.008738135918974876,0.0020310278050601482,0.006908130832016468,0.005640710704028606,0.003859740449115634,0.008480689488351345,0.002899846527725458,0.008051020093262196,0.005926382262259722,0.0044377888552844524,0.002465522149577737,0.003923314157873392,0.00520661473274231,0.003899887204170227,0.0061141448095440865,0.00964874867349863,0.0034652724862098694,0.011586622335016727,0.0049781291745603085,0.01086221169680357,0.0029517936054617167,0.01266002468764782,0.07159814983606339,0.03864818066358566,0.004744586069136858,0.0,0.008481866680085659,0.004121921956539154,0.0020491795148700476,0.0,0.0024489411152899265,0.005163232795894146,0.004343593493103981,0.003030159045010805
202112,0.009062192402780056,0.0,0.00928154494613409,0.005955326370894909,0.03383896127343178,0.0,0.006363292224705219,0.010128583759069443,0.0069932178594172,0.03183393552899361,0.008277509361505508,0.003750497940927744,0.0,0.01259064394980669,0.005786303896456957,0.0,0.007208968512713909,0.006267624441534281,0.025851596146821976,0.00670612370595336,0.023297974839806557,0.0,0.0023025593254715204,0.014734162949025631,0.012929570861160755,0.00919291190803051,0.0028731091879308224,0.012248769402503967,0.008146083913743496,0.011041831225156784,0.0070693898014724255,0.0010394438868388534,0.010964902117848396,0.06255310773849487,0.006279598921537399,0.01321552786976099,0.008657140657305717,0.0036660924088209867,0.0048933327198028564,0.012767087668180466,0.00401423079892993,0.0066716838628053665,0.008601716719567776,0.02384423092007637,0.006935825105756521,0.008652024902403355,0.0,0.007086811121553183,0.005679527297616005,0.007966558448970318,0.005053142085671425,0.004080461338162422,0.007416679058223963,0.012771929614245892,0.0035033347085118294,0.006359129212796688,0.0248781256377697,0.005065978970378637,0.00528790894895792,0.005985736846923828,0.005687078461050987,0.002160554751753807,0.0,0.003571536857634783,0.007844450883567333,0.004709938075393438,0.023797595873475075,0.0072595165111124516,0.005089413374662399,0.007551480550318956,0.0,0.0018220425117760897,0.02479279413819313,0.004253207240253687,0.009461197070777416,0.0058095818385481834,0.006392169278115034,0.004022376611828804,0.006382390856742859,0.0064643449150025845,0.006118502002209425,0.00737576512619853,0.005369559861719608,0.006738186813890934,0.006966952234506607,0.006880231201648712,0.0071065472438931465,0.0060132816433906555,0.0038974240887910128,0.005427263211458921,0.00506717711687088,0.005480194929987192,0.004924677778035402,0.0,0.010522827506065369,0.0038001479115337133,0.01254690159112215,0.004676953423768282,0.00899217464029789,0.0,0.01780269481241703,0.06235312670469284,0.026911932975053787,0.005979233421385288,0.020768309012055397,0.008857191540300846,0.0036784992553293705,0.004969572648406029,0.0,0.00236074673011899,0.003881325013935566,0.003915881272405386,0.005921126808971167
202201,0.0,0.0,0.0,0.027930865064263344,0.04211678355932236,0.0,0.027569562196731567,0.0,0.0,0.0,0.05310838669538498,0.0,0.0,0.0,0.0,0.0,0.0,0.0,0.04628433287143707,0.04852599278092384,0.0,0.0,0.0,0.0,0.0,0.05235839635133743,0.029280666261911392,0.0,0.0,0.0,0.03189154714345932,0.0,0.0,0.0,0.030619481578469276,0.0,0.0,0.0,0.0,0.0,0.0,0.0,0.0,0.0,0.0478120818734169,0.038242049515247345,0.0,0.03356420621275902,0.0,0.0,0.0,0.025420324876904488,0.03219806030392647,0.0,0.0,0.0,0.0,0.02167532406747341,0.029685668647289276,0.0,0.0,0.0,0.0,0.0,0.0,0.0183341596275568,0.0,0.03371310979127884,0.030816184356808662,0.035254742950201035,0.0,0.0,0.022484581917524338,0.0,0.0,0.0,0.0242017675191164,0.0,0.0,0.02521698735654354,0.0,0.03603927791118622,0.030885055661201477,0.0,0.0,0.0,0.0,0.0,0.0,0.0,0.0,0.0,0.0,0.0,0.0,0.019406065344810486,0.02580026350915432,0.02372930757701397,0.0,0.0,0.05583466216921806,0.0,0.0,0.0,0.0,0.0,0.0,0.0,0.0,0.0,0.0,0.0,0.0
202202,0.0,0.0,0.0,0.02998240664601326,0.044964008033275604,0.0,0.0,0.0,0.0,0.0,0.05215383321046829,0.0,0.0,0.0,0.0,0.0,0.0,0.0,0.0489637665450573,0.04370458051562309,0.0,0.0,0.0,0.020976463332772255,0.0,0.05895685777068138,0.031425293534994125,0.0,0.0,0.0,0.033464957028627396,0.0,0.0,0.0,0.03161659464240074,0.0,0.0,0.0,0.028414025902748108,0.0,0.0,0.0,0.0,0.0,0.04651060327887535,0.03197946399450302,0.0,0.03474336490035057,0.0,0.0,0.0,0.03036421164870262,0.03289681673049927,0.0,0.0,0.0,0.024350373074412346,0.022036122158169746,0.02732045389711857,0.04120050370693207,0.0,0.0,0.0,0.0,0.0,0.02160855568945408,0.0,0.03451598063111305,0.028305545449256897,0.03570381924510002,0.0,0.0,0.024320723488926888,0.0,0.0,0.0,0.0,0.0,0.0,0.0,0.0,0.034560296684503555,0.029604705050587654,0.0,0.0,0.0,0.0,0.0,0.0,0.0,0.0,0.0,0.0,0.0,0.0,0.0,0.0,0.025156989693641663,0.0,0.0,0.05019865557551384,0.0,0.0,0.0,0.0,0.0,0.0,0.0,0.0,0.0,0.0,0.0,0.0
202203,0.0,0.0,0.0,0.033181969076395035,0.046473003923892975,0.0,0.022313032299280167,0.0,0.0,0.0,0.05254047363996506,0.0,0.0,0.0,0.0,0.0,0.0,0.0,0.04984408617019653,0.042074404656887054,0.0,0.0,0.0,0.020811256021261215,0.0,0.052758559584617615,0.029236337170004845,0.0,0.0,0.0,0.03194834664463997,0.0,0.0,0.0,0.029341397807002068,0.0,0.0,0.0,0.0,0.0,0.0,0.0,0.0,0.0,0.0495893694460392,0.034726113080978394,0.0,0.03785201162099838,0.0,0.0,0.0,0.028424592688679695,0.03106997348368168,0.0,0.0,0.0,0.021697940304875374,0.029860788956284523,0.02788616716861725,0.020119275897741318,0.0,0.0,0.0,0.0,0.0,0.023885061964392662,0.0,0.03232957422733307,0.024825485423207283,0.03664324805140495,0.0,0.0,0.018483728170394897,0.0,0.028107646852731705,0.0,0.0,0.0,0.0,0.0,0.0,0.03303700312972069,0.02572610415518284,0.0,0.0,0.0,0.0,0.0,0.0,0.0,0.0,0.0,0.0,0.0,0.0,0.015414075925946236,0.0,0.023082735016942024,0.0,0.0,0.04671623557806015,0.0,0.0,0.0,0.0,0.0,0.0,0.0,0.0,0.0,0.0,0.0,0.0
202204,0.0,0.0,0.0,0.03163236379623413,0.05149039626121521,0.0,0.02530772052705288,0.0,0.0,0.0,0.05868009850382805,0.0,0.0,0.0,0.0,0.0,0.0,0.0,0.05402110517024994,0.05259464681148529,0.0,0.0,0.0,0.02451355755329132,0.0,0.060503650456666946,0.029327234253287315,0.0,0.0,0.0,0.03762975335121155,0.0,0.0,0.0,0.03494739532470703,0.0,0.0,0.0,0.0,0.0,0.0,0.0,0.0,0.0,0.05606205016374588,0.03481879457831383,0.0,0.04059327021241188,0.0,0.0,0.0,0.027177102863788605,0.03385461866855621,0.0,0.0,0.0,0.0,0.033343710005283356,0.0317709818482399,0.0,0.0,0.0,0.0,0.0,0.0,0.031999219208955765,0.0,0.035659052431583405,0.0347832627594471,0.03902198374271393,0.0,0.0,0.0,0.0,0.0,0.0,0.029009783640503883,0.0,0.0,0.0,0.0,0.034375716000795364,0.024413973093032837,0.0,0.0,0.0,0.0,0.0,0.0,0.0,0.0,0.0,0.0,0.0,0.0,0.0,0.0,0.0,0.0,0.0,0.05246850475668907,0.0,0.0,0.0,0.0,0.0,0.0,0.0,0.0,0.0,0.0,0.0,0.0
202205,0.0,0.0,0.0,0.03262750431895256,0.05097833275794983,0.0,0.0,0.0,0.0,0.0,0.05787328630685806,0.0,0.0,0.0,0.0,0.0,0.0,0.0,0.054247792810201645,0.04888994246721268,0.0,0.0,0.0,0.024876898154616356,0.0,0.0548357255756855,0.0,0.0,0.0,0.0,0.03430883213877678,0.0,0.0,0.0,0.036017272621393204,0.0,0.0,0.0,0.0,0.0,0.0,0.0,0.0,0.0,0.05440386012196541,0.03325338289141655,0.0,0.038697563111782074,0.0,0.0,0.0,0.0,0.030358269810676575,0.0,0.0,0.0,0.023646753281354904,0.030938275158405304,0.0279376357793808,0.026606647297739983,0.0,0.0,0.0,0.0,0.0,0.029796559363603592,0.0,0.034466516226530075,0.0,0.03650575503706932,0.0,0.0,0.0,0.0,0.031056435778737068,0.0,0.027977842837572098,0.0,0.0,0.03459364175796509,0.0,0.03907189145684242,0.029065648093819618,0.0,0.0,0.0,0.0,0.0,0.0,0.0,0.0,0.0,0.0,0.0,0.0,0.0,0.02185029909014702,0.0,0.0,0.0,0.055117446929216385,0.0,0.0,0.0,0.0,0.0,0.0,0.0,0.0,0.0,0.0,0.0,0.0
202206,0.0,0.0,0.0,0.031792379915714264,0.049084972590208054,0.0,0.0,0.0,0.0,0.0,0.05949625000357628,0.0,0.0,0.0,0.0,0.0,0.0,0.0,0.05479792132973671,0.04539255425333977,0.0,0.0,0.0,0.0,0.0,0.0610257163643837,0.019090380519628525,0.0,0.0,0.0,0.031299788504838943,0.0,0.0,0.0,0.036949388682842255,0.0,0.0,0.0,0.0,0.0,0.0,0.0,0.0,0.0,0.05525455251336098,0.031987737864255905,0.0,0.035855282098054886,0.0,0.03109348565340042,0.0,0.0,0.030785387381911278,0.0,0.0,0.0,0.03047085739672184,0.03167833760380745,0.02409532107412815,0.0,0.0,0.0,0.0,0.0,0.0,0.031036708503961563,0.0,0.03189852833747864,0.02820063941180706,0.033604945987463,0.0,0.0,0.0,0.020900150761008263,0.0,0.0,0.025876231491565704,0.0,0.0,0.03355943784117699,0.0,0.029965415596961975,0.027365026995539665,0.0,0.0,0.0,0.0,0.0,0.0,0.0,0.0,0.0,0.0,0.0,0.0,0.0,0.0,0.0,0.0,0.0,0.053860776126384735,0.0,0.02358180657029152,0.0,0.0,0.0,0.0,0.0,0.0,0.0,0.0,0.0,0.0
202207,0.0,0.0,0.0,0.03182899206876755,0.04451069235801697,0.0,0.030238816514611244,0.0,0.0,0.0,0.05609268695116043,0.0,0.0,0.0,0.0,0.0,0.02158358506858349,0.0,0.054999109357595444,0.03974583372473717,0.0,0.0,0.0,0.0,0.0,0.052321773022413254,0.03206659480929375,0.0,0.0,0.0,0.028520656749606133,0.0,0.0,0.0,0.03211049735546112,0.0,0.0,0.0,0.0,0.0,0.024772603064775467,0.0,0.0,0.0,0.05024905502796173,0.03130052238702774,0.0,0.03795763850212097,0.0,0.0,0.0,0.0,0.03008878231048584,0.0,0.0,0.0,0.020935172215104103,0.032878629863262177,0.0,0.0,0.0,0.026371730491518974,0.0,0.0,0.0,0.029647741466760635,0.0,0.0324854739010334,0.027316084131598473,0.033629924058914185,0.0,0.0,0.0,0.0,0.025632096454501152,0.0,0.02219993807375431,0.0,0.0,0.03228455036878586,0.0,0.03373797982931137,0.03204578533768654,0.0,0.0,0.0,0.0,0.0,0.0,0.0,0.0,0.0,0.0,0.0,0.0,0.0,0.0,0.0,0.0,0.0,0.05244703218340874,0.0,0.0,0.0,0.0,0.0,0.0,0.0,0.0,0.0,0.0,0.0,0.0
202208,0.0,0.0,0.0,0.03446616232395172,0.04484690725803375,0.0,0.030851606279611588,0.0,0.0,0.0,0.055762793868780136,0.0,0.0,0.0,0.0,0.0,0.02197699435055256,0.0,0.05053544044494629,0.0411955788731575,0.0,0.0,0.0,0.0,0.0,0.05197387561202049,0.0,0.0,0.0,0.0,0.03077489137649536,0.0,0.0,0.0,0.031972985714673996,0.0,0.0,0.0,0.0,0.0,0.0,0.0,0.0,0.0,0.05097702145576477,0.03536726161837578,0.0,0.035949960350990295,0.0,0.0,0.0,0.027259893715381622,0.02896043471992016,0.0,0.0,0.0,0.028458939865231514,0.03187035024166107,0.024898407980799675,0.0,0.0,0.0,0.0,0.0,0.0,0.03274310752749443,0.0,0.030642615631222725,0.022913917899131775,0.03478632867336273,0.0,0.0,0.021510949358344078,0.0,0.0,0.0,0.026467105373740196,0.0,0.0,0.031251657754182816,0.0,0.03672380372881889,0.03007332794368267,0.0,0.0,0.0,0.0,0.0,0.0,0.0,0.0,0.0,0.0,0.0,0.0,0.022745870053768158,0.0,0.0,0.0,0.0,0.05204177647829056,0.0,0.0,0.0,0.0,0.0,0.0,0.0,0.0,0.0,0.0,0.0,0.0
202209,0.0,0.0,0.0,0.02799510397017002,0.04219965264201164,0.0,0.024627529084682465,0.0,0.0,0.0,0.04710816219449043,0.0,0.0,0.0,0.0,0.0,0.023710550740361214,0.0,0.04355587810277939,0.03805340453982353,0.0,0.0,0.0,0.023863820359110832,0.0,0.04642203822731972,0.0,0.0,0.0,0.0,0.034440603107213974,0.0,0.0,0.0,0.03287452459335327,0.0,0.0,0.0,0.0,0.0,0.02865719608962536,0.0,0.0,0.0,0.03813366964459419,0.028176572173833847,0.0,0.030629636719822884,0.0,0.024851815775036812,0.0,0.033510636538267136,0.026632683351635933,0.0,0.0,0.0,0.027796050533652306,0.030477270483970642,0.0,0.0,0.026107225567102432,0.0,0.0,0.0,0.0,0.02981051243841648,0.0,0.028209296986460686,0.0,0.028822824358940125,0.0,0.0,0.0,0.023961639031767845,0.0,0.0,0.027466820552945137,0.0,0.0,0.02611066959798336,0.0,0.028872942551970482,0.027136268094182014,0.0,0.0,0.0,0.0,0.0,0.0,0.0,0.0,0.0,0.0,0.0,0.0,0.017274733632802963,0.02231862023472786,0.0,0.0,0.0,0.0438518226146698,0.0,0.016339777037501335,0.0,0.0,0.0,0.0,0.0,0.0,0.0,0.0,0.0,0.0
202210,0.0,0.0,0.0,0.03311336040496826,0.049233462661504745,0.0,0.03268970176577568,0.0,0.0,0.0,0.055362801998853683,0.0,0.0,0.0,0.0,0.0,0.02699727565050125,0.0,0.05333733186125755,0.0383666530251503,0.0,0.0,0.0,0.0,0.0,0.05071239918470383,0.0,0.0,0.0262953732162714,0.0,0.030624764040112495,0.0,0.0,0.0,0.03711819648742676,0.0,0.0,0.0,0.0,0.0,0.0,0.0,0.0,0.0,0.03912283480167389,0.028488464653491974,0.0,0.03622625395655632,0.0,0.0,0.0,0.0,0.029639704152941704,0.0,0.0,0.0,0.028582720085978508,0.03506774082779884,0.02361280284821987,0.0,0.0,0.0,0.0,0.0,0.0,0.03218073770403862,0.0,0.03275836259126663,0.0,0.03855501487851143,0.0,0.0,0.0,0.028341760858893394,0.0,0.0,0.023449497297406197,0.0,0.0,0.025258133187890053,0.0,0.036711156368255615,0.03579689562320709,0.0,0.0,0.0,0.0,0.0,0.0,0.0,0.0,0.0,0.0,0.0,0.0,0.0,0.019205953925848007,0.0,0.0,0.0,0.04971800744533539,0.0,0.023432623594999313,0.0,0.0,0.0,0.0,0.0,0.0,0.0,0.0,0.0,0.0
202211,0.0,0.0,0.0,0.031632233411073685,0.04767125844955444,0.0,0.03671431541442871,0.0,0.0,0.0,0.05645760893821716,0.0,0.0,0.0,0.0,0.0,0.031867142766714096,0.0,0.055201563984155655,0.04141440615057945,0.0,0.0,0.0,0.028249867260456085,0.0,0.05023122578859329,0.0,0.0,0.0,0.0,0.03619213402271271,0.0,0.0,0.0,0.036301612854003906,0.0,0.0,0.0,0.0,0.0,0.027868665754795074,0.0,0.0,0.0,0.040876198559999466,0.030866649001836777,0.0,0.037456005811691284,0.0,0.0,0.0,0.0,0.030780650675296783,0.0,0.0,0.0,0.02457389608025551,0.03950423747301102,0.025449933484196663,0.0,0.0,0.0,0.0,0.0,0.0,0.03357796370983124,0.028876308351755142,0.029758820310235023,0.0,0.033152010291814804,0.0,0.0,0.0,0.0,0.0,0.0,0.022941386327147484,0.0,0.0,0.03463568910956383,0.0,0.03528584912419319,0.0,0.0,0.0,0.0,0.0,0.0,0.0,0.0,0.021102624014019966,0.0,0.0,0.0,0.0,0.0,0.0,0.0,0.0,0.0,0.051359742879867554,0.0,0.0,0.0,0.0,0.0,0.0,0.0,0.0,0.0,0.0,0.0,0.0
202212,0.0,0.0,0.0,0.029197990894317627,0.04899433255195618,0.0,0.03834120184183121,0.0,0.0,0.0,0.05532298982143402,0.0,0.0,0.0,0.025550805032253265,0.0,0.036854151636362076,0.0,0.05155608803033829,0.04429682344198227,0.0,0.0,0.0,0.03397996351122856,0.0,0.05017928406596184,0.0,0.0,0.0,0.0,0.030640117824077606,0.0,0.0,0.0,0.035705503076314926,0.0,0.0,0.0,0.0,0.0,0.03129410371184349,0.0,0.0,0.0,0.038612283766269684,0.03491155058145523,0.0,0.03533948212862015,0.0,0.0,0.0,0.0,0.032109908759593964,0.01981920376420021,0.0,0.0,0.0,0.03775559738278389,0.0,0.0,0.0,0.0,0.0,0.0,0.0,0.035970333963632584,0.0,0.03169763833284378,0.0,0.03470915928483009,0.0,0.0,0.0,0.0,0.03811774030327797,0.0,0.0279333908110857,0.0,0.0,0.034266065806150436,0.0,0.03746699541807175,0.0,0.0,0.0,0.0,0.0,0.0,0.0,0.0,0.0,0.0,0.0,0.0,0.0,0.0,0.0,0.0,0.0,0.0,0.049377262592315674,0.0,0.0,0.0,0.0,0.0,0.0,0.0,0.0,0.0,0.0,0.0,0.0
202301,0.0,0.0,0.0,0.0296959038823843,0.040617600083351135,0.0,0.037379190325737,0.0,0.0,0.0,0.05224750190973282,0.0,0.0,0.0,0.028692401945590973,0.0,0.040208734571933746,0.0,0.05663738399744034,0.03597754240036011,0.0,0.0,0.0,0.04284326732158661,0.029347866773605347,0.043634090572595596,0.0,0.0,0.0,0.0,0.03367713466286659,0.0,0.0,0.0,0.037508152425289154,0.0,0.0,0.0,0.0,0.0,0.0,0.0,0.0,0.0,0.037349723279476166,0.036105092614889145,0.0,0.0384402796626091,0.0,0.0,0.0,0.0,0.031764596700668335,0.0,0.0,0.0,0.0,0.03920837119221687,0.0,0.0,0.0,0.0,0.0,0.0,0.0,0.03443678095936775,0.0,0.035379525274038315,0.0,0.03721972182393074,0.0,0.0,0.0,0.0,0.041495490819215775,0.0,0.02909683994948864,0.0,0.0,0.04009676352143288,0.0,0.04035928100347519,0.0,0.0,0.0,0.0,0.0,0.0,0.0,0.0,0.0,0.0,0.0,0.0,0.0,0.0,0.0,0.0,0.0,0.0,0.05058079585433006,0.0,0.0,0.0,0.0,0.0,0.0,0.0,0.0,0.0,0.0,0.0,0.0
202302,0.0,0.0,0.0,0.02840215153992176,0.039350058883428574,0.0,0.035267509520053864,0.016051042824983597,0.0,0.0,0.04283184930682182,0.0,0.0,0.0,0.024215685203671455,0.0,0.03640221431851387,0.0,0.052162960171699524,0.03142223879694939,0.0,0.0,0.0,0.03362080827355385,0.025715511292219162,0.037464216351509094,0.0,0.0,0.0,0.0,0.028678150847554207,0.0,0.0,0.0,0.03191731870174408,0.0,0.0,0.0,0.0,0.0,0.0,0.0,0.0,0.0,0.03253179043531418,0.03017444722354412,0.0,0.032829057425260544,0.0,0.02827182598412037,0.0,0.0,0.02694607712328434,0.03641645610332489,0.0,0.0,0.0,0.03298642858862877,0.0,0.0,0.0,0.0,0.0,0.0,0.0,0.028697151690721512,0.0,0.029676981270313263,0.0,0.028873996809124947,0.0,0.0,0.0,0.024734342470765114,0.037304896861314774,0.0,0.031013814732432365,0.0,0.0,0.0379348024725914,0.0,0.03230913355946541,0.0,0.0,0.0,0.0,0.0,0.023264244198799133,0.0,0.0,0.0,0.0,0.0,0.0,0.0,0.0,0.0,0.0,0.0,0.0,0.04253283515572548,0.0,0.0,0.0,0.0,0.0,0.0,0.0,0.0,0.0,0.0,0.0,0.0
202303,0.0,0.0,0.0,0.028144102543592453,0.039823681116104126,0.0,0.02983452007174492,0.0,0.0,0.0,0.047801949083805084,0.0,0.0,0.0,0.023676026612520218,0.0,0.03222833573818207,0.0,0.05532142147421837,0.03281334787607193,0.0,0.0,0.0,0.037684548646211624,0.023453157395124435,0.03960605338215828,0.0,0.0,0.0,0.0,0.034170541912317276,0.0,0.03145655617117882,0.0,0.03207990899682045,0.0,0.0,0.0,0.0,0.0,0.023228826001286507,0.0,0.018603423610329628,0.0,0.03339144214987755,0.0329330638051033,0.0,0.032638613134622574,0.0,0.0,0.0,0.0,0.027455169707536697,0.03423614427447319,0.0,0.0,0.0,0.03443317860364914,0.0,0.0,0.0,0.0,0.0,0.0,0.0,0.03094395622611046,0.0,0.03275557979941368,0.0,0.03336053714156151,0.0,0.0,0.0,0.0,0.033913739025592804,0.0,0.027819808572530746,0.0,0.0,0.03519411385059357,0.0,0.03400704637169838,0.0,0.0,0.0,0.0,0.0,0.0,0.0,0.0,0.0,0.0,0.0,0.0,0.0,0.0,0.0,0.0,0.0,0.0,0.04699120298027992,0.0,0.0,0.0,0.0,0.0,0.0,0.0,0.0,0.0,0.0,0.0,0.0
202304,0.0,0.0,0.0,0.03138516843318939,0.033653952181339264,0.0,0.03500504046678543,0.0,0.0,0.0,0.044354312121868134,0.0,0.0,0.0,0.02821928821504116,0.0,0.03555460274219513,0.0,0.053001437336206436,0.030475948005914688,0.0,0.0,0.0,0.040575288236141205,0.024740559980273247,0.03686925768852234,0.0,0.0,0.0,0.0,0.02976449579000473,0.0,0.0,0.0,0.029697395861148834,0.0,0.0,0.0,0.0,0.0,0.0,0.0,0.024298084899783134,0.0,0.03622795641422272,0.03240452706813812,0.0,0.03136583790183067,0.0,0.0,0.0,0.0,0.03098357282578945,0.03374025970697403,0.0,0.0,0.0,0.03212882578372955,0.0,0.03373713791370392,0.0,0.0,0.0,0.0,0.0,0.031583428382873535,0.0,0.031418073922395706,0.0,0.03012307919561863,0.0,0.0,0.0,0.0,0.030988825485110283,0.0,0.03336237743496895,0.0,0.0,0.036002252250909805,0.0,0.031956419348716736,0.0,0.0,0.0,0.0,0.0,0.0,0.0,0.0,0.0,0.0,0.0,0.0,0.0,0.0,0.021746281534433365,0.0,0.0,0.0,0.044636305421590805,0.0,0.0,0.0,0.0,0.0,0.0,0.0,0.0,0.0,0.0,0.0,0.0
202305,0.0,0.0,0.0,0.029216308146715164,0.03680742532014847,0.0,0.032011017203330994,0.0,0.0,0.0,0.041342902928590775,0.0,0.0,0.0,0.027553748339414597,0.0,0.03154607117176056,0.0,0.053910281509160995,0.030676867812871933,0.0,0.0,0.0,0.04250696301460266,0.024352148175239563,0.034194350242614746,0.0,0.0,0.0,0.0,0.02909773960709572,0.0,0.0,0.0,0.02810816653072834,0.0,0.0,0.0,0.0,0.0,0.0,0.0,0.0,0.0,0.031937677413225174,0.024705657735466957,0.0,0.033273160457611084,0.0,0.027542538940906525,0.0,0.0,0.028245164081454277,0.02733318693935871,0.0,0.0,0.0,0.034354958683252335,0.0,0.034531813114881516,0.0409870482981205,0.0,0.0,0.0,0.0,0.02602492831647396,0.0,0.02975049614906311,0.0,0.030721519142389297,0.0,0.0,0.0,0.0,0.03724247217178345,0.0,0.035839758813381195,0.0,0.0,0.04071716219186783,0.0,0.031182846054434776,0.0,0.0,0.0,0.0,0.0,0.0,0.0,0.0,0.0,0.0,0.0,0.0,0.0,0.0,0.0,0.0,0.0,0.0,0.0442856028676033,0.0,0.0,0.0,0.0,0.0,0.0,0.0,0.0,0.0,0.0,0.0,0.0
202306,0.0,0.0,0.0,0.021462146192789078,0.036426644772291183,0.0,0.03520737215876579,0.0,0.0,0.0,0.03985241428017616,0.0,0.0,0.0,0.026707664132118225,0.0,0.0279664508998394,0.0,0.05410432070493698,0.031673695892095566,0.0,0.0,0.0,0.040698081254959106,0.03655155003070831,0.03262219950556755,0.0,0.0,0.0,0.0,0.021966664120554924,0.0,0.0,0.0,0.028432825580239296,0.0,0.0,0.0,0.0,0.0,0.0,0.0,0.0,0.0,0.02938373014330864,0.03157453611493111,0.0,0.029124677181243896,0.0,0.03359159454703331,0.0,0.0,0.028582006692886353,0.023550305515527725,0.0,0.0,0.0,0.03151901066303253,0.0,0.0,0.0,0.0,0.0,0.0,0.03431137651205063,0.026009267196059227,0.0,0.027831828221678734,0.0,0.028462331742048264,0.0,0.0,0.0,0.0,0.032728035002946854,0.0,0.03646564111113548,0.0,0.0,0.0404190830886364,0.0,0.03259993717074394,0.0,0.022186314687132835,0.0,0.0,0.0,0.0,0.0,0.0,0.0,0.0,0.0,0.0,0.0,0.0,0.0,0.0,0.0,0.0,0.03978346288204193,0.0,0.0,0.0,0.0,0.0,0.0,0.0,0.0,0.038204845041036606,0.0,0.0,0.0
202307,0.0,0.0,0.0,0.031740669161081314,0.03871414065361023,0.0,0.0355752594769001,0.0,0.0,0.0,0.04241202026605606,0.0,0.0,0.02314097434282303,0.027902690693736076,0.0,0.030469151213765144,0.0,0.05915747955441475,0.029287874698638916,0.0,0.0,0.0,0.043164581060409546,0.0,0.032347384840250015,0.0,0.0,0.0,0.0,0.02604936994612217,0.0,0.0,0.0,0.028052551671862602,0.0,0.0,0.0,0.0,0.0,0.0,0.0,0.0,0.0,0.03185070678591728,0.02773115783929825,0.0,0.03276315703988075,0.0,0.0,0.0,0.0,0.03054911643266678,0.024012310430407524,0.0,0.0,0.0,0.03316560387611389,0.0,0.039764661341905594,0.0,0.0,0.0,0.0,0.0,0.02792244963347912,0.0,0.029990391805768013,0.0,0.030453596264123917,0.0,0.0,0.0,0.0,0.041598472744226456,0.0,0.03446333110332489,0.0,0.0,0.039329878985881805,0.0,0.03184787929058075,0.0,0.019912805408239365,0.0,0.0,0.0,0.0,0.0,0.0,0.0,0.0,0.0,0.0,0.0,0.0,0.0,0.0,0.0,0.0,0.04197842255234718,0.0,0.0,0.0,0.0,0.0,0.0,0.0,0.0,0.034651800990104675,0.0,0.0,0.0
202308,0.0,0.0,0.0,0.021024929359555244,0.0407765731215477,0.0,0.032230157405138016,0.0,0.0,0.0,0.04466461017727852,0.0,0.0,0.0,0.028616204857826233,0.0,0.03755561262369156,0.0,0.05655589699745178,0.03257953003048897,0.0,0.0,0.0,0.04563315585255623,0.0,0.035613466054201126,0.0,0.0,0.0,0.0,0.031430426985025406,0.0,0.036639757454395294,0.0,0.03286480903625488,0.0,0.0,0.0,0.0,0.0,0.0,0.0,0.0,0.0,0.03176095336675644,0.032326601445674896,0.0,0.0363166369497776,0.0,0.0,0.0,0.0,0.031094469130039215,0.02413148432970047,0.0,0.0,0.0,0.03285859525203705,0.0,0.0,0.03089129738509655,0.0,0.0,0.0,0.0,0.03400271013379097,0.0,0.0326259583234787,0.0,0.030648261308670044,0.0,0.0,0.0,0.0,0.03535829484462738,0.0,0.03313520923256874,0.0,0.0,0.03862700238823891,0.0,0.03554488718509674,0.0,0.0,0.0,0.0,0.0,0.0,0.0,0.0,0.0,0.0,0.0,0.0,0.0,0.0,0.0,0.0,0.0,0.0,0.044606663286685944,0.0,0.0,0.0,0.0,0.0,0.0,0.0,0.0,0.019885949790477753,0.0,0.0,0.0
202309,0.0,0.0,0.0,0.0,0.03505740687251091,0.0,0.03465953841805458,0.0,0.0,0.0,0.04106389731168747,0.0,0.0,0.0,0.02903720550239086,0.0,0.029286064207553864,0.0,0.04959582909941673,0.0305984728038311,0.0,0.0,0.0,0.041441552340984344,0.019574351608753204,0.03177213296294212,0.0,0.0,0.0,0.0,0.029595699161291122,0.0,0.0,0.0,0.028945110738277435,0.0,0.0,0.0,0.0,0.0,0.041290558874607086,0.0,0.0198336374014616,0.0,0.0312613844871521,0.031119031831622124,0.0,0.032594069838523865,0.0,0.0,0.0,0.0,0.03084077313542366,0.029977941885590553,0.0,0.0,0.0,0.03224517032504082,0.0,0.03704021871089935,0.041391730308532715,0.0,0.0,0.0,0.0,0.028617005795240402,0.0,0.03289753571152687,0.0,0.02774984948337078,0.0,0.0,0.0,0.0,0.0361102819442749,0.0,0.033278074115514755,0.0,0.0,0.03835882991552353,0.0,0.03444560617208481,0.0,0.0,0.0,0.0,0.0,0.0,0.0,0.0,0.0,0.0,0.0,0.0,0.0,0.0,0.0,0.0,0.0,0.0,0.04032101854681969,0.0,0.0,0.0,0.0,0.0,0.0,0.0,0.0,0.0,0.0,0.0,0.0
202310,0.0,0.0,0.0,0.025132523849606514,0.03855345398187637,0.04266009107232094,0.03918561711907387,0.0,0.0,0.0,0.040078725665807724,0.0,0.0,0.0,0.028886502608656883,0.0,0.02836364507675171,0.0,0.05283069238066673,0.028076788410544395,0.0,0.0,0.0,0.04287897050380707,0.0,0.026944398880004883,0.0,0.0,0.0,0.0,0.030625756829977036,0.0,0.0,0.0,0.025467490777373314,0.0,0.0,0.0,0.0,0.0,0.0,0.0,0.0,0.0,0.03119766153395176,0.032979950308799744,0.0,0.03326518461108208,0.0,0.0,0.0,0.0,0.032058313488960266,0.032202232629060745,0.0,0.0,0.0,0.028462572023272514,0.0,0.04395456239581108,0.0,0.0,0.0,0.0,0.0,0.028292743489146233,0.0,0.03202735260128975,0.0,0.02755502052605152,0.0,0.0,0.0,0.0,0.04665504768490791,0.0,0.037070948630571365,0.0,0.0,0.04103870689868927,0.0,0.033438313752412796,0.0,0.0,0.0,0.0,0.0,0.0,0.0,0.0,0.0,0.0,0.0,0.0,0.0,0.0,0.0,0.0,0.0,0.0,0.04403410479426384,0.0,0.0,0.0,0.0,0.0,0.0,0.0,0.0,0.02608252502977848,0.0,0.0,0.0
202311,0.0,0.0,0.0,0.0,0.035224977880716324,0.0,0.037983063608407974,0.0,0.0,0.0,0.03554190695285797,0.0,0.0,0.0,0.028516605496406555,0.0,0.031876467168331146,0.0,0.048769645392894745,0.02756686508655548,0.0,0.0,0.0,0.03835724666714668,0.02532007358968258,0.025943826884031296,0.0,0.0,0.0,0.0,0.030758606269955635,0.0,0.0,0.0,0.024562956765294075,0.0,0.0,0.0,0.0,0.0,0.0,0.0,0.0,0.0,0.030155882239341736,0.02951962687075138,0.0,0.03241389989852905,0.0,0.0,0.0,0.0,0.02970181405544281,0.03156478330492973,0.0,0.0,0.0,0.027542490512132645,0.0,0.038375385105609894,0.03915713354945183,0.0,0.0,0.0,0.0,0.024970676749944687,0.0,0.03322942927479744,0.0,0.02499197982251644,0.0,0.0,0.0,0.0,0.03833787143230438,0.0,0.030229980126023293,0.0,0.0468476228415966,0.03922292962670326,0.0,0.031543996185064316,0.0,0.022245703265070915,0.0,0.0,0.0,0.0,0.0,0.0,0.0,0.0,0.0,0.0,0.0,0.0,0.0,0.0,0.0,0.0,0.040113624185323715,0.0,0.0,0.0,0.0,0.0,0.0,0.0,0.0,0.019413026049733162,0.0,0.0,0.0
202312,0.0,0.0,0.0,0.020252598449587822,0.03175399452447891,0.0,0.03568536788225174,0.0,0.0,0.0,0.037008993327617645,0.0,0.0,0.0,0.03166470304131508,0.0,0.025851085782051086,0.0,0.04671238362789154,0.027056245133280754,0.0,0.0,0.0,0.04072263836860657,0.028999924659729004,0.025974491611123085,0.0,0.0,0.0,0.0,0.03318385034799576,0.0,0.02373807691037655,0.0,0.026795046404004097,0.0,0.0,0.0,0.0,0.0,0.0,0.0,0.024186182767152786,0.0,0.028415707871317863,0.031906090676784515,0.0,0.034366507083177567,0.0,0.0,0.0,0.0,0.031314264982938766,0.02697744406759739,0.0,0.0,0.0,0.026292242109775543,0.0,0.04361193999648094,0.0310038011521101,0.0,0.0,0.0,0.0,0.02606155164539814,0.0,0.029999837279319763,0.0,0.028803907334804535,0.0,0.0,0.0,0.0,0.03425441309809685,0.0,0.036776103079319,0.0,0.0,0.03991403058171272,0.0,0.02987571991980076,0.0,0.0,0.0,0.0,0.0,0.0,0.0,0.0,0.0,0.0,0.0,0.0,0.0,0.0,0.0,0.0,0.0,0.0,0.04006229341030121,0.0,0.0,0.0,0.0,0.0,0.0,0.0,0.0,0.020778562873601913,0.0,0.0,0.0
202401,0.008717396296560764,0.0,0.00965842418372631,0.010314174927771091,0.01424615178257227,0.0,0.014735492877662182,0.00846888404339552,0.0,0.008707033470273018,0.029953546822071075,0.011178165674209595,0.0,0.0,0.02034125104546547,0.0,0.017012890428304672,0.008922886103391647,0.022575292736291885,0.019883261993527412,0.007978708483278751,0.0,0.0,0.016366729512810707,0.010060979053378105,0.01629759930074215,0.0,0.0,0.0,0.010611196048557758,0.03706768900156021,0.0,0.02609897218644619,0.008031646721065044,0.014210107736289501,0.0,0.0,0.0,0.009816971607506275,0.0,0.0,0.010623648762702942,0.011916815303266048,0.0,0.014959413558244705,0.023383190855383873,0.0,0.021505441516637802,0.0,0.016591951251029968,0.011591799557209015,0.0,0.019137991592288017,0.012759667821228504,0.0,0.0,0.0,0.02191041223704815,0.010233748704195023,0.014645315706729889,0.010398154146969318,0.007178083527833223,0.0,0.0,0.0,0.01701311394572258,0.007972167804837227,0.02700166217982769,0.015039163641631603,0.02460251748561859,0.0,0.008382122032344341,0.008501333184540272,0.011902105063199997,0.017098650336265564,0.0,0.022969456389546394,0.007833844050765038,0.012367868795990944,0.024035748094320297,0.008631300181150436,0.02406032383441925,0.011024084873497486,0.012453613802790642,0.010637667030096054,0.0,0.0,0.0,0.0,0.010600370354950428,0.011836793273687363,0.010082870721817017,0.013985104858875275,0.0,0.0,0.009123253636062145,0.011083496734499931,0.011087454855442047,0.0,0.007384058088064194,0.020312611013650894,0.0,0.010681121610105038,0.008692387491464615,0.0,0.009599476121366024,0.007780060637742281,0.0,0.0,0.009166937321424484,0.008966227993369102,0.0,0.0
202402,0.007949336431920528,0.0,0.008385900408029556,0.01224170159548521,0.014399382285773754,0.0,0.02349129691720009,0.0074038016609847546,0.0,0.0,0.02900519035756588,0.009692501276731491,0.0,0.0,0.024520980194211006,0.0,0.022348420694470406,0.007019168697297573,0.0214455034583807,0.017011389136314392,0.0,0.0,0.0,0.01580226980149746,0.013041161932051182,0.017055615782737732,0.0,0.0,0.0,0.007680954411625862,0.02265695296227932,0.0,0.008508937433362007,0.008818103931844234,0.015600758604705334,0.0,0.0,0.0,0.009277244098484516,0.0,0.010647449642419815,0.010995004326105118,0.013690556399524212,0.0,0.015491213649511337,0.025029558688402176,0.0,0.021878443658351898,0.01312858983874321,0.01592283323407173,0.014588565565645695,0.0,0.02325536124408245,0.014248962514102459,0.0,0.006965440232306719,0.008953221142292023,0.02002069354057312,0.009415841661393642,0.010302397422492504,0.010820744559168816,0.0,0.0,0.0,0.035115089267492294,0.017097311094403267,0.0,0.023455457761883736,0.013288887217640877,0.019330115988850594,0.0,0.0,0.01195794902741909,0.01229062769562006,0.014219067059457302,0.0,0.023687759414315224,0.0,0.013813236728310585,0.03148141875863075,0.0,0.0246881153434515,0.009714762680232525,0.011208492331206799,0.009878327138721943,0.0,0.0,0.006780519615858793,0.0,0.0,0.01111847534775734,0.0,0.013839050196111202,0.0,0.0,0.008321858011186123,0.010378923267126083,0.01025701779872179,0.011960890144109726,0.0,0.02029949240386486,0.0,0.013842284679412842,0.007938612252473831,0.0,0.00933807622641325,0.00967314001172781,0.00755315413698554,0.0,0.009804937988519669,0.008955460041761398,0.0,0.0
202403,0.0,0.0,0.014947844669222832,0.009604023769497871,0.015216352418065071,0.0,0.03073219768702984,0.008155586197972298,0.0,0.009974607266485691,0.03071417473256588,0.01296143513172865,0.0,0.0097890580072999,0.02694418467581272,0.0,0.00973059143871069,0.008923809044063091,0.0227737445384264,0.017957188189029694,0.0,0.0,0.0,0.015206167474389076,0.01692580059170723,0.016480809077620506,0.0,0.0,0.0,0.0,0.027096973732113838,0.0,0.010092969052493572,0.009278031066060066,0.01637973263859749,0.0,0.0,0.006870097480714321,0.009152441285550594,0.010828133672475815,0.0,0.011024861596524715,0.01204107515513897,0.0,0.01629802957177162,0.02799125388264656,0.0,0.023272493854165077,0.012970897369086742,0.01315523311495781,0.01411092933267355,0.0,0.02205188013613224,0.01397309172898531,0.0,0.0,0.0,0.01913328468799591,0.010129832662642002,0.012855686247348785,0.008486800827085972,0.0,0.0,0.0,0.0,0.017510106787085533,0.0,0.028685813769698143,0.013772149570286274,0.024887673556804657,0.0,0.0,0.01075657457113266,0.013254948891699314,0.01594480685889721,0.0,0.02342422865331173,0.0,0.013005934655666351,0.030208587646484375,0.0,0.027722720056772232,0.01197570189833641,0.012148303911089897,0.010592496022582054,0.0,0.0,0.014455440454185009,0.0,0.0,0.012429469265043736,0.0,0.011346343904733658,0.0,0.0,0.008440873585641384,0.010399280115962029,0.010488320142030716,0.00981247890740633,0.0,0.020985962823033333,0.0,0.011620261706411839,0.01119052805006504,0.0,0.007167187985032797,0.0,0.011424357071518898,0.0,0.010020584799349308,0.012097545899450779,0.0,0.0
202404,0.0,0.0,0.011679215356707573,0.012362131848931313,0.01473122276365757,0.0,0.028441358357667923,0.0,0.0,0.008940295316278934,0.02872331626713276,0.009146366268396378,0.0,0.007832630537450314,0.027086256071925163,0.0,0.0,0.008960562758147717,0.02229241468012333,0.017754845321178436,0.0,0.0,0.006307463627308607,0.015729572623968124,0.011917063035070896,0.01626509241759777,0.0,0.0,0.008713670074939728,0.0,0.03203950822353363,0.0,0.01380044873803854,0.0,0.018196552991867065,0.0,0.0,0.0,0.00909044872969389,0.007049117237329483,0.0,0.010897330939769745,0.011473104357719421,0.0,0.016821732744574547,0.024209631606936455,0.0,0.024481773376464844,0.0,0.01423654519021511,0.013374167494475842,0.0,0.026513244956731796,0.014749490655958652,0.0,0.007477423641830683,0.0,0.01679607667028904,0.01121731847524643,0.010700281709432602,0.0076926215551793575,0.009029693901538849,0.0,0.0,0.0,0.018814658746123314,0.010308495722711086,0.02441575936973095,0.01598169282078743,0.0217608530074358,0.0,0.0,0.010145960375666618,0.012894646264612675,0.016056887805461884,0.0,0.024001630023121834,0.0,0.013243589550256729,0.025807365775108337,0.0,0.025223389267921448,0.011523496359586716,0.012620304711163044,0.011091438122093678,0.0,0.0,0.011470927856862545,0.0,0.005575340241193771,0.012566720135509968,0.0,0.010929066687822342,0.0,0.0,0.009969173930585384,0.010454881004989147,0.010721766389906406,0.013803401961922646,0.007224095985293388,0.020905349403619766,0.0,0.013232444413006306,0.012309763580560684,0.0,0.009615872986614704,0.009290453977882862,0.010134178213775158,0.0,0.009612652473151684,0.011563729494810104,0.0,0.0
202405,0.0,0.0,0.010087492875754833,0.013689798302948475,0.016510460525751114,0.0,0.016048472374677658,0.009023867547512054,0.0,0.012041951529681683,0.02885212004184723,0.011359812691807747,0.0,0.0,0.02619209513068199,0.0,0.010813530534505844,0.011495057493448257,0.023298438638448715,0.017772454768419266,0.0,0.0,0.0,0.01556074246764183,0.01377145480364561,0.015207290649414062,0.0,0.0,0.0,0.00965555664151907,0.030610086396336555,0.0,0.011335772462189198,0.010977748781442642,0.019226079806685448,0.0,0.0,0.0,0.00986887514591217,0.0,0.0,0.010563472285866737,0.011221437714993954,0.0,0.016660450026392937,0.031007252633571625,0.0,0.022048193961381912,0.0,0.01370143797248602,0.014916117303073406,0.0,0.030091548338532448,0.013310461305081844,0.0,0.00814690813422203,0.0,0.016456155106425285,0.011140593327581882,0.014386042952537537,0.013526874594390392,0.0,0.0,0.0,0.0,0.018973009660840034,0.010054751299321651,0.029065050184726715,0.01637221686542034,0.020522207021713257,0.0,0.0,0.0101830018684268,0.012882813811302185,0.01707373559474945,0.0,0.02499881573021412,0.0,0.013301694765686989,0.03593331575393677,0.0,0.02798309735953808,0.011506403796374798,0.011352596804499626,0.010103175416588783,0.0,0.0,0.0,0.0,0.0,0.012507757171988487,0.0,0.011409764178097248,0.0,0.0,0.0,0.010677716694772243,0.011750702746212482,0.012705180794000626,0.0,0.022281238809227943,0.0,0.011319859884679317,0.012856033630669117,0.0,0.010748610831797123,0.013782770372927189,0.010051582008600235,0.0,0.009364700876176357,0.009662042371928692,0.0,0.0
202406,0.0,0.0,0.011176847852766514,0.008927766233682632,0.015034939162433147,0.0,0.01732231304049492,0.00780124869197607,0.0,0.00796267855912447,0.028517207130789757,0.00792673509567976,0.0,0.0,0.025836264714598656,0.0,0.012349399738013744,0.010458669625222683,0.01916865073144436,0.017787540331482887,0.0,0.0,0.0,0.015074724331498146,0.012339895591139793,0.016348477452993393,0.0,0.0,0.0,0.009556249715387821,0.03505082055926323,0.0,0.010675675235688686,0.0,0.017143387347459793,0.0,0.0,0.005292101297527552,0.008789867162704468,0.0,0.009324938990175724,0.010949794203042984,0.012586656026542187,0.00802171416580677,0.016063448041677475,0.025407256558537483,0.0,0.023964323103427887,0.0,0.012562745250761509,0.012069753371179104,0.0,0.02941420115530491,0.011601010337471962,0.0,0.007216125261038542,0.0,0.014029026962816715,0.012041649781167507,0.010826276615262032,0.011909413151443005,0.0,0.0,0.0,0.0,0.016542697325348854,0.011327892541885376,0.02410689927637577,0.015646684914827347,0.025397183373570442,0.0,0.0,0.009023926220834255,0.01204304676502943,0.01670953631401062,0.0,0.023583417758345604,0.0,0.014025905169546604,0.03668024763464928,0.0,0.025703981518745422,0.009644768200814724,0.01213002484291792,0.012965377420186996,0.0,0.0,0.01061940472573042,0.008963607251644135,0.009502946399152279,0.012090533040463924,0.0,0.01268424466252327,0.0,0.0,0.008114542812108994,0.00963190384209156,0.011243058368563652,0.01210455410182476,0.0,0.02093747816979885,0.0,0.009459751658141613,0.011853438802063465,0.0,0.009935266338288784,0.008178477175533772,0.009533354081213474,0.0,0.0081471037119627,0.012938938103616238,0.0,0.0
202407,0.0,0.0,0.010647134855389595,0.008878891356289387,0.013461445458233356,0.0,0.020440757274627686,0.007426432799547911,0.0,0.008427875116467476,0.02727465331554413,0.010904910042881966,0.0,0.007139437831938267,0.02808189019560814,0.0,0.013465608470141888,0.010696369223296642,0.02232273668050766,0.015864955261349678,0.0,0.0,0.0,0.014995105564594269,0.010058545507490635,0.015626665204763412,0.0,0.0,0.0,0.007939150556921959,0.029637672007083893,0.0,0.015249168500304222,0.0,0.014277384616434574,0.0,0.0,0.0,0.009295272640883923,0.0,0.01095808669924736,0.013588151894509792,0.013375322334468365,0.0,0.017392268404364586,0.02804841846227646,0.0,0.02090943232178688,0.019859986379742622,0.017845816910266876,0.012239333242177963,0.0,0.028448889032006264,0.011735648848116398,0.0,0.0,0.0075591374188661575,0.016795240342617035,0.011100422590970993,0.01335284486413002,0.014395262114703655,0.0,0.0,0.0,0.0,0.016402876004576683,0.007344104815274477,0.023743469268083572,0.014672799967229366,0.021678272634744644,0.0,0.006501242518424988,0.010145197622478008,0.01012395229190588,0.012105286121368408,0.0,0.025637689977884293,0.0,0.01464912761002779,0.030079860240221024,0.0,0.025191113352775574,0.01004390511661768,0.0121455742046237,0.011513431556522846,0.0,0.0,0.010114389471709728,0.008846870623528957,0.008571285754442215,0.01173995528370142,0.0,0.011953477747738361,0.0,0.0,0.007428423035889864,0.008650798350572586,0.009919767268002033,0.00933405477553606,0.0,0.020998086780309677,0.0,0.01290312223136425,0.008553807623684406,0.0,0.009095887653529644,0.011731819249689579,0.0,0.0,0.009049562737345695,0.009414531290531158,0.0,0.0
202408,0.009309767745435238,0.0,0.013342457823455334,0.010000579990446568,0.0135395098477602,0.0,0.014043029397726059,0.007335831876844168,0.0,0.010258550755679607,0.025535617023706436,0.010617856867611408,0.0,0.00818923395127058,0.03045278787612915,0.0,0.0,0.010982942767441273,0.022784946486353874,0.01791078969836235,0.0,0.0,0.0,0.014483628794550896,0.01056506484746933,0.014464154839515686,0.0,0.0,0.0,0.010741016827523708,0.032460037618875504,0.0,0.00931150559335947,0.0,0.01710265688598156,0.0,0.0,0.0,0.009454511106014252,0.007889998145401478,0.013276472687721252,0.011485524475574493,0.014768213033676147,0.0,0.016651693731546402,0.026830587536096573,0.0,0.028239481151103973,0.0,0.012292820028960705,0.01416456513106823,0.00781439058482647,0.026522768661379814,0.01177313644438982,0.0,0.0,0.0,0.01673455908894539,0.012030837126076221,0.019649477675557137,0.013890638016164303,0.0,0.0,0.0,0.0,0.01669079065322876,0.007385133299976587,0.02970649115741253,0.016957314684987068,0.019583705812692642,0.0,0.006965106353163719,0.010050589218735695,0.010965467430651188,0.016638508066534996,0.0,0.025281310081481934,0.0,0.01676289550960064,0.03232535347342491,0.0,0.027532760053873062,0.010628918185830116,0.012784254737198353,0.011027916334569454,0.0,0.0,0.0,0.0,0.010499633848667145,0.011322454549372196,0.0,0.010679090395569801,0.0,0.0,0.008943126536905766,0.009901540353894234,0.010449144057929516,0.010685662738978863,0.0,0.020927520468831062,0.0,0.012707612477242947,0.007926600985229015,0.0,0.008469469845294952,0.008124224841594696,0.0,0.0,0.011258420534431934,0.009917381219565868,0.0,0.0
202409,0.006746293976902962,0.0,0.013187147676944733,0.008971071802079678,0.014812654815614223,0.0,0.014300810173153877,0.007699394598603249,0.0,0.0,0.026673870161175728,0.009899560362100601,0.0,0.011663737706840038,0.032294176518917084,0.0,0.013865761458873749,0.008008270524442196,0.02141883410513401,0.015882356092333794,0.0,0.0,0.0,0.013461433351039886,0.009530006907880306,0.014338959008455276,0.0,0.0,0.0,0.011962839402258396,0.03583414480090141,0.0,0.007926726713776588,0.0,0.017062334343791008,0.0,0.0,0.0,0.009854120202362537,0.0,0.008569763973355293,0.015219833701848984,0.012440353631973267,0.0,0.015965336933732033,0.034536950290203094,0.0,0.024222148582339287,0.009778433479368687,0.017687710002064705,0.011346481740474701,0.0,0.027388976886868477,0.012781023979187012,0.0,0.0,0.0,0.017764775082468987,0.010792264714837074,0.009572306647896767,0.011860676109790802,0.0,0.0,0.0,0.0,0.01670561358332634,0.01258681621402502,0.031109370291233063,0.017580006271600723,0.0239355880767107,0.0,0.0,0.009037514217197895,0.01144290342926979,0.03715277463197708,0.0,0.02114878036081791,0.0,0.01478894054889679,0.028983628377318382,0.0,0.02252235636115074,0.009069879539310932,0.010754747316241264,0.009935606271028519,0.0,0.0,0.0,0.0,0.01043295580893755,0.009918722324073315,0.0,0.014644637703895569,0.0,0.0,0.006146598607301712,0.009206731803715229,0.010178056545555592,0.010352346114814281,0.0,0.021012283861637115,0.0,0.00869499146938324,0.008389636874198914,0.0,0.009433464147150517,0.00987757183611393,0.009108216501772404,0.0,0.010098325088620186,0.010429340414702892,0.0,0.0
202410,0.01223103329539299,0.0,0.011883956380188465,0.01159575767815113,0.016244135797023773,0.0,0.015031921677291393,0.009313820861279964,0.0,0.0,0.02321363426744938,0.008255919441580772,0.0,0.006844655144959688,0.022850491106510162,0.0,0.011429288424551487,0.010206371545791626,0.022067449986934662,0.016472244635224342,0.0,0.0,0.0,0.013636513613164425,0.008046682924032211,0.01470990851521492,0.0,0.0,0.0,0.01147456094622612,0.03337915241718292,0.0,0.008062876760959625,0.0,0.017856275662779808,0.0,0.0,0.0,0.010711518116295338,0.0,0.007665562443435192,0.016375651583075523,0.015920845791697502,0.0,0.017796970903873444,0.03336241841316223,0.0,0.023704327642917633,0.010841511189937592,0.019089629873633385,0.00969456136226654,0.0,0.03422747924923897,0.012026002630591393,0.0,0.0,0.006657440681010485,0.017765766009688377,0.011766752228140831,0.01006713230162859,0.012723510153591633,0.012185788713395596,0.0,0.0,0.0,0.01473983097821474,0.011567710898816586,0.02841245010495186,0.012869774363934994,0.02311752550303936,0.0,0.0,0.010175630450248718,0.009296093136072159,0.03170662373304367,0.0,0.024112600833177567,0.0,0.014314552769064903,0.02377421222627163,0.0,0.03046908974647522,0.009414933621883392,0.011657548137009144,0.007321183104068041,0.0,0.0,0.0,0.0,0.0073860762640833855,0.011765391565859318,0.0,0.01357288658618927,0.0,0.0,0.0068428851664066315,0.00906582735478878,0.010338222607970238,0.010240982286632061,0.0,0.021246006712317467,0.0,0.009258553385734558,0.0,0.0,0.009731238707900047,0.0076489741913974285,0.009288270026445389,0.0,0.011647000908851624,0.011628449894487858,0.0,0.0
202411,0.009934017434716225,0.0,0.011649681255221367,0.010436792857944965,0.013562669977545738,0.0,0.019887439906597137,0.0,0.0,0.007676687557250261,0.024418683722615242,0.01003989763557911,0.0,0.0,0.025386448949575424,0.0,0.009769494645297527,0.01082159299403429,0.01901146210730076,0.016442270949482918,0.0,0.0,0.0,0.013877271674573421,0.008126557804644108,0.01495026983320713,0.0,0.0,0.0,0.008378700353205204,0.028908442705869675,0.0,0.009067521430552006,0.0,0.016064021736383438,0.0,0.0,0.0,0.01127428188920021,0.009039104916155338,0.02000373788177967,0.01654360070824623,0.014232772402465343,0.0,0.016515161842107773,0.03957197815179825,0.0,0.026669694110751152,0.0,0.01873071864247322,0.01323934830725193,0.0,0.029829971492290497,0.012479456141591072,0.0,0.0,0.0,0.018564395606517792,0.011025947518646717,0.008916794322431087,0.013599461875855923,0.0,0.0,0.0,0.0,0.01461037714034319,0.010235697962343693,0.03301410749554634,0.01263986062258482,0.021149201318621635,0.0,0.0,0.010735808871686459,0.01157576683908701,0.02819005772471428,0.0,0.031212860718369484,0.0,0.015604909509420395,0.021951759234070778,0.0,0.024579528719186783,0.009889384731650352,0.015973325818777084,0.011225380003452301,0.0,0.0,0.010079586878418922,0.008987846784293652,0.010442905128002167,0.01164297666400671,0.0,0.011026887223124504,0.0,0.0,0.008405914530158043,0.010057050734758377,0.010338444262742996,0.010658961720764637,0.0,0.020904775708913803,0.0,0.010838664136826992,0.005882292054593563,0.0,0.009041464887559414,0.009692930616438389,0.0,0.0,0.010764882899820805,0.0,0.0,0.0
